<?xml version="1.0" encoding="UTF-8"?>
<TrainingCenterDatabase xsi:schemaLocation="http://www.garmin.com/xmlschemas/TrainingCenterDatabase/v2 http://www.garmin.com/xmlschemas/TrainingCenterDatabasev2.xsd" xmlns:ns5="http://www.garmin.com/xmlschemas/ActivityGoals/v1" xmlns:ns4="http://www.garmin.com/xmlschemas/ProfileExtension/v1" xmlns:ns3="http://www.garmin.com/xmlschemas/ActivityExtension/v2" xmlns:ns2="http://www.garmin.com/xmlschemas/UserProfile/v2" xmlns="http://www.garmin.com/xmlschemas/TrainingCenterDatabase/v2" xmlns:xsi="http://www.w3.org/2001/XMLSchema-instance">
 <Creator>Apple Watch</Creator>
 <Activities>
  <Activity Sport="Biking">
   <Id>2026-02-03T20:07:02.136Z</Id>
   <Lap StartTime="2026-02-03T20:07:02.136Z">
    <TotalTimeSeconds>600</TotalTimeSeconds>
    <AverageHeartRateBpm><Value>123</Value></AverageHeartRateBpm>
    <MaximumHeartRateBpm><Value>137</Value></MaximumHeartRateBpm>
    <Calories>89</Calories>
    <Track>
     <Trackpoint><Time>2026-02-03T20:07:02.136Z</Time><HeartRateBpm><Value>0</Value></HeartRateBpm><Extensions><TPX xmlns="http://www.garmin.com/xmlschemas/ActivityExtension/v2"><Speed>0.000000</Speed></TPX></Extensions></Trackpoint>
     <Trackpoint><Time>2026-02-03T20:07:04.135Z</Time><HeartRateBpm><Value>0</Value></HeartRateBpm><Extensions><TPX xmlns="http://www.garmin.com/xmlschemas/ActivityExtension/v2"><Speed>0.000000</Speed></TPX></Extensions></Trackpoint>
     <Trackpoint><Time>2026-02-03T20:07:05.136Z</Time><HeartRateBpm><Value>0</Value></HeartRateBpm><Extensions><TPX xmlns="http://www.garmin.com/xmlschemas/ActivityExtension/v2"><Speed>0.000000</Speed></TPX></Extensions></Trackpoint>
     <Trackpoint><Time>2026-02-03T20:07:07.136Z</Time><HeartRateBpm><Value>92</Value></HeartRateBpm><Extensions><TPX xmlns="http://www.garmin.com/xmlschemas/ActivityExtension/v2"><Speed>0.000000</Speed></TPX></Extensions></Trackpoint>
     <Trackpoint><Time>2026-02-03T20:07:09.135Z</Time><HeartRateBpm><Value>92</Value></HeartRateBpm><Extensions><TPX xmlns="http://www.garmin.com/xmlschemas/ActivityExtension/v2"><Speed>0.000000</Speed></TPX></Extensions></Trackpoint>
     <Trackpoint><Time>2026-02-03T20:07:10.135Z</Time><HeartRateBpm><Value>92</Value></HeartRateBpm><Extensions><TPX xmlns="http://www.garmin.com/xmlschemas/ActivityExtension/v2"><Speed>0.000000</Speed></TPX></Extensions></Trackpoint>
     <Trackpoint><Time>2026-02-03T20:07:11.135Z</Time><HeartRateBpm><Value>93</Value></HeartRateBpm><Extensions><TPX xmlns="http://www.garmin.com/xmlschemas/ActivityExtension/v2"><Speed>0.000000</Speed></TPX></Extensions></Trackpoint>
     <Trackpoint><Time>2026-02-03T20:07:12.135Z</Time><HeartRateBpm><Value>93</Value></HeartRateBpm><Extensions><TPX xmlns="http://www.garmin.com/xmlschemas/ActivityExtension/v2"><Speed>0.000000</Speed></TPX></Extensions></Trackpoint>
     <Trackpoint><Time>2026-02-03T20:07:14.135Z</Time><HeartRateBpm><Value>93</Value></HeartRateBpm><Extensions><TPX xmlns="http://www.garmin.com/xmlschemas/ActivityExtension/v2"><Speed>0.000000</Speed></TPX></Extensions></Trackpoint>
     <Trackpoint><Time>2026-02-03T20:07:15.135Z</Time><HeartRateBpm><Value>93</Value></HeartRateBpm><Extensions><TPX xmlns="http://www.garmin.com/xmlschemas/ActivityExtension/v2"><Speed>0.000000</Speed></TPX></Extensions></Trackpoint>
     <Trackpoint><Time>2026-02-03T20:07:16.938Z</Time><HeartRateBpm><Value>87</Value></HeartRateBpm><Extensions><TPX xmlns="http://www.garmin.com/xmlschemas/ActivityExtension/v2"><Speed>0.000000</Speed></TPX></Extensions></Trackpoint>
     <Trackpoint><Time>2026-02-03T20:07:18.135Z</Time><HeartRateBpm><Value>87</Value></HeartRateBpm><Extensions><TPX xmlns="http://www.garmin.com/xmlschemas/ActivityExtension/v2"><Speed>0.000000</Speed></TPX></Extensions></Trackpoint>
     <Trackpoint><Time>2026-02-03T20:07:19.135Z</Time><HeartRateBpm><Value>87</Value></HeartRateBpm><Extensions><TPX xmlns="http://www.garmin.com/xmlschemas/ActivityExtension/v2"><Speed>0.000000</Speed></TPX></Extensions></Trackpoint>
     <Trackpoint><Time>2026-02-03T20:07:20.980Z</Time><HeartRateBpm><Value>81</Value></HeartRateBpm><Extensions><TPX xmlns="http://www.garmin.com/xmlschemas/ActivityExtension/v2"><Speed>0.000000</Speed></TPX></Extensions></Trackpoint>
     <Trackpoint><Time>2026-02-03T20:07:22.035Z</Time><HeartRateBpm><Value>81</Value></HeartRateBpm><Extensions><TPX xmlns="http://www.garmin.com/xmlschemas/ActivityExtension/v2"><Speed>0.000000</Speed></TPX></Extensions></Trackpoint>
     <Trackpoint><Time>2026-02-03T20:07:23.135Z</Time><HeartRateBpm><Value>81</Value></HeartRateBpm><Extensions><TPX xmlns="http://www.garmin.com/xmlschemas/ActivityExtension/v2"><Speed>0.000000</Speed></TPX></Extensions></Trackpoint>
     <Trackpoint><Time>2026-02-03T20:07:24.584Z</Time><HeartRateBpm><Value>81</Value></HeartRateBpm><Extensions><TPX xmlns="http://www.garmin.com/xmlschemas/ActivityExtension/v2"><Speed>0.000000</Speed></TPX></Extensions></Trackpoint>
     <Trackpoint><Time>2026-02-03T20:07:26.135Z</Time><HeartRateBpm><Value>81</Value></HeartRateBpm><Extensions><TPX xmlns="http://www.garmin.com/xmlschemas/ActivityExtension/v2"><Speed>0.000000</Speed></TPX></Extensions></Trackpoint>
     <Trackpoint><Time>2026-02-03T20:07:27.135Z</Time><HeartRateBpm><Value>81</Value></HeartRateBpm><Extensions><TPX xmlns="http://www.garmin.com/xmlschemas/ActivityExtension/v2"><Speed>0.000000</Speed></TPX></Extensions></Trackpoint>
     <Trackpoint><Time>2026-02-03T20:07:29.135Z</Time><HeartRateBpm><Value>81</Value></HeartRateBpm><Extensions><TPX xmlns="http://www.garmin.com/xmlschemas/ActivityExtension/v2"><Speed>0.000000</Speed></TPX></Extensions></Trackpoint>
     <Trackpoint><Time>2026-02-03T20:07:30.135Z</Time><HeartRateBpm><Value>91</Value></HeartRateBpm><Extensions><TPX xmlns="http://www.garmin.com/xmlschemas/ActivityExtension/v2"><Speed>0.000000</Speed></TPX></Extensions></Trackpoint>
     <Trackpoint><Time>2026-02-03T20:07:32.135Z</Time><HeartRateBpm><Value>91</Value></HeartRateBpm><Extensions><TPX xmlns="http://www.garmin.com/xmlschemas/ActivityExtension/v2"><Speed>0.000000</Speed></TPX></Extensions></Trackpoint>
     <Trackpoint><Time>2026-02-03T20:07:34.135Z</Time><HeartRateBpm><Value>91</Value></HeartRateBpm><Extensions><TPX xmlns="http://www.garmin.com/xmlschemas/ActivityExtension/v2"><Speed>0.000000</Speed></TPX></Extensions></Trackpoint>
     <Trackpoint><Time>2026-02-03T20:07:36.135Z</Time><HeartRateBpm><Value>86</Value></HeartRateBpm><Extensions><TPX xmlns="http://www.garmin.com/xmlschemas/ActivityExtension/v2"><Speed>0.000000</Speed></TPX></Extensions></Trackpoint>
     <Trackpoint><Time>2026-02-03T20:07:37.348Z</Time><HeartRateBpm><Value>86</Value></HeartRateBpm><Extensions><TPX xmlns="http://www.garmin.com/xmlschemas/ActivityExtension/v2"><Speed>0.000000</Speed></TPX></Extensions></Trackpoint>
     <Trackpoint><Time>2026-02-03T20:07:39.135Z</Time><HeartRateBpm><Value>86</Value></HeartRateBpm><Extensions><TPX xmlns="http://www.garmin.com/xmlschemas/ActivityExtension/v2"><Speed>0.000000</Speed></TPX></Extensions></Trackpoint>
     <Trackpoint><Time>2026-02-03T20:07:40.135Z</Time><HeartRateBpm><Value>88</Value></HeartRateBpm><Extensions><TPX xmlns="http://www.garmin.com/xmlschemas/ActivityExtension/v2"><Speed>0.000000</Speed></TPX></Extensions></Trackpoint>
     <Trackpoint><Time>2026-02-03T20:07:41.135Z</Time><HeartRateBpm><Value>88</Value></HeartRateBpm><Extensions><TPX xmlns="http://www.garmin.com/xmlschemas/ActivityExtension/v2"><Speed>0.000000</Speed></TPX></Extensions></Trackpoint>
     <Trackpoint><Time>2026-02-03T20:07:42.135Z</Time><HeartRateBpm><Value>88</Value></HeartRateBpm><Extensions><TPX xmlns="http://www.garmin.com/xmlschemas/ActivityExtension/v2"><Speed>0.000000</Speed></TPX></Extensions></Trackpoint>
     <Trackpoint><Time>2026-02-03T20:07:44.135Z</Time><HeartRateBpm><Value>88</Value></HeartRateBpm><Extensions><TPX xmlns="http://www.garmin.com/xmlschemas/ActivityExtension/v2"><Speed>0.000000</Speed></TPX></Extensions></Trackpoint>
     <Trackpoint><Time>2026-02-03T20:07:45.135Z</Time><HeartRateBpm><Value>88</Value></HeartRateBpm><Extensions><TPX xmlns="http://www.garmin.com/xmlschemas/ActivityExtension/v2"><Speed>0.000000</Speed></TPX></Extensions></Trackpoint>
     <Trackpoint><Time>2026-02-03T20:07:47.135Z</Time><HeartRateBpm><Value>88</Value></HeartRateBpm><Extensions><TPX xmlns="http://www.garmin.com/xmlschemas/ActivityExtension/v2"><Speed>0.000000</Speed></TPX></Extensions></Trackpoint>
     <Trackpoint><Time>2026-02-03T20:07:49.135Z</Time><HeartRateBpm><Value>88</Value></HeartRateBpm><Extensions><TPX xmlns="http://www.garmin.com/xmlschemas/ActivityExtension/v2"><Speed>0.000000</Speed></TPX></Extensions></Trackpoint>
     <Trackpoint><Time>2026-02-03T20:07:50.136Z</Time><HeartRateBpm><Value>89</Value></HeartRateBpm><Extensions><TPX xmlns="http://www.garmin.com/xmlschemas/ActivityExtension/v2"><Speed>0.000000</Speed></TPX></Extensions></Trackpoint>
     <Trackpoint><Time>2026-02-03T20:07:52.135Z</Time><HeartRateBpm><Value>89</Value></HeartRateBpm><Extensions><TPX xmlns="http://www.garmin.com/xmlschemas/ActivityExtension/v2"><Speed>0.000000</Speed></TPX></Extensions></Trackpoint>
     <Trackpoint><Time>2026-02-03T20:07:53.135Z</Time><HeartRateBpm><Value>89</Value></HeartRateBpm><Extensions><TPX xmlns="http://www.garmin.com/xmlschemas/ActivityExtension/v2"><Speed>0.000000</Speed></TPX></Extensions></Trackpoint>
     <Trackpoint><Time>2026-02-03T20:07:55.135Z</Time><HeartRateBpm><Value>89</Value></HeartRateBpm><Extensions><TPX xmlns="http://www.garmin.com/xmlschemas/ActivityExtension/v2"><Speed>0.000000</Speed></TPX></Extensions></Trackpoint>
     <Trackpoint><Time>2026-02-03T20:07:57.135Z</Time><HeartRateBpm><Value>106</Value></HeartRateBpm><Extensions><TPX xmlns="http://www.garmin.com/xmlschemas/ActivityExtension/v2"><Speed>0.000000</Speed></TPX></Extensions></Trackpoint>
     <Trackpoint><Time>2026-02-03T20:07:58.135Z</Time><HeartRateBpm><Value>106</Value></HeartRateBpm><Extensions><TPX xmlns="http://www.garmin.com/xmlschemas/ActivityExtension/v2"><Speed>0.000000</Speed></TPX></Extensions></Trackpoint>
     <Trackpoint><Time>2026-02-03T20:07:59.135Z</Time><HeartRateBpm><Value>106</Value></HeartRateBpm><Extensions><TPX xmlns="http://www.garmin.com/xmlschemas/ActivityExtension/v2"><Speed>0.000000</Speed></TPX></Extensions></Trackpoint>
     <Trackpoint><Time>2026-02-03T20:08:00.135Z</Time><HeartRateBpm><Value>106</Value></HeartRateBpm><Extensions><TPX xmlns="http://www.garmin.com/xmlschemas/ActivityExtension/v2"><Speed>0.000000</Speed></TPX></Extensions></Trackpoint>
     <Trackpoint><Time>2026-02-03T20:08:02.135Z</Time><HeartRateBpm><Value>106</Value></HeartRateBpm><Extensions><TPX xmlns="http://www.garmin.com/xmlschemas/ActivityExtension/v2"><Speed>0.000000</Speed></TPX></Extensions></Trackpoint>
     <Trackpoint><Time>2026-02-03T20:08:03.135Z</Time><HeartRateBpm><Value>106</Value></HeartRateBpm><Extensions><TPX xmlns="http://www.garmin.com/xmlschemas/ActivityExtension/v2"><Speed>0.000000</Speed></TPX></Extensions></Trackpoint>
     <Trackpoint><Time>2026-02-03T20:08:04.135Z</Time><HeartRateBpm><Value>106</Value></HeartRateBpm><Extensions><TPX xmlns="http://www.garmin.com/xmlschemas/ActivityExtension/v2"><Speed>0.000000</Speed></TPX></Extensions></Trackpoint>
     <Trackpoint><Time>2026-02-03T20:08:05.135Z</Time><HeartRateBpm><Value>106</Value></HeartRateBpm><Extensions><TPX xmlns="http://www.garmin.com/xmlschemas/ActivityExtension/v2"><Speed>0.000000</Speed></TPX></Extensions></Trackpoint>
     <Trackpoint><Time>2026-02-03T20:08:07.135Z</Time><HeartRateBpm><Value>106</Value></HeartRateBpm><Extensions><TPX xmlns="http://www.garmin.com/xmlschemas/ActivityExtension/v2"><Speed>0.000000</Speed></TPX></Extensions></Trackpoint>
     <Trackpoint><Time>2026-02-03T20:08:09.135Z</Time><HeartRateBpm><Value>106</Value></HeartRateBpm><Extensions><TPX xmlns="http://www.garmin.com/xmlschemas/ActivityExtension/v2"><Speed>0.000000</Speed></TPX></Extensions></Trackpoint>
     <Trackpoint><Time>2026-02-03T20:08:10.135Z</Time><HeartRateBpm><Value>106</Value></HeartRateBpm><Extensions><TPX xmlns="http://www.garmin.com/xmlschemas/ActivityExtension/v2"><Speed>0.000000</Speed></TPX></Extensions></Trackpoint>
     <Trackpoint><Time>2026-02-03T20:08:12.135Z</Time><HeartRateBpm><Value>108</Value></HeartRateBpm><Extensions><TPX xmlns="http://www.garmin.com/xmlschemas/ActivityExtension/v2"><Speed>0.000000</Speed></TPX></Extensions></Trackpoint>
     <Trackpoint><Time>2026-02-03T20:08:13.135Z</Time><HeartRateBpm><Value>108</Value></HeartRateBpm><Extensions><TPX xmlns="http://www.garmin.com/xmlschemas/ActivityExtension/v2"><Speed>0.000000</Speed></TPX></Extensions></Trackpoint>
     <Trackpoint><Time>2026-02-03T20:08:14.135Z</Time><HeartRateBpm><Value>108</Value></HeartRateBpm><Extensions><TPX xmlns="http://www.garmin.com/xmlschemas/ActivityExtension/v2"><Speed>0.000000</Speed></TPX></Extensions></Trackpoint>
     <Trackpoint><Time>2026-02-03T20:08:15.567Z</Time><HeartRateBpm><Value>108</Value></HeartRateBpm><Extensions><TPX xmlns="http://www.garmin.com/xmlschemas/ActivityExtension/v2"><Speed>0.000000</Speed></TPX></Extensions></Trackpoint>
     <Trackpoint><Time>2026-02-03T20:08:17.135Z</Time><HeartRateBpm><Value>106</Value></HeartRateBpm><Extensions><TPX xmlns="http://www.garmin.com/xmlschemas/ActivityExtension/v2"><Speed>0.000000</Speed></TPX></Extensions></Trackpoint>
     <Trackpoint><Time>2026-02-03T20:08:19.135Z</Time><HeartRateBpm><Value>106</Value></HeartRateBpm><Extensions><TPX xmlns="http://www.garmin.com/xmlschemas/ActivityExtension/v2"><Speed>0.000000</Speed></TPX></Extensions></Trackpoint>
     <Trackpoint><Time>2026-02-03T20:08:20.135Z</Time><HeartRateBpm><Value>106</Value></HeartRateBpm><Extensions><TPX xmlns="http://www.garmin.com/xmlschemas/ActivityExtension/v2"><Speed>0.000000</Speed></TPX></Extensions></Trackpoint>
     <Trackpoint><Time>2026-02-03T20:08:22.135Z</Time><HeartRateBpm><Value>107</Value></HeartRateBpm><Extensions><TPX xmlns="http://www.garmin.com/xmlschemas/ActivityExtension/v2"><Speed>0.000000</Speed></TPX></Extensions></Trackpoint>
     <Trackpoint><Time>2026-02-03T20:08:23.217Z</Time><HeartRateBpm><Value>107</Value></HeartRateBpm><Extensions><TPX xmlns="http://www.garmin.com/xmlschemas/ActivityExtension/v2"><Speed>0.000000</Speed></TPX></Extensions></Trackpoint>
     <Trackpoint><Time>2026-02-03T20:08:25.135Z</Time><HeartRateBpm><Value>107</Value></HeartRateBpm><Extensions><TPX xmlns="http://www.garmin.com/xmlschemas/ActivityExtension/v2"><Speed>0.000000</Speed></TPX></Extensions></Trackpoint>
     <Trackpoint><Time>2026-02-03T20:08:27.135Z</Time><HeartRateBpm><Value>107</Value></HeartRateBpm><Extensions><TPX xmlns="http://www.garmin.com/xmlschemas/ActivityExtension/v2"><Speed>0.000000</Speed></TPX></Extensions></Trackpoint>
     <Trackpoint><Time>2026-02-03T20:08:28.135Z</Time><HeartRateBpm><Value>107</Value></HeartRateBpm><Extensions><TPX xmlns="http://www.garmin.com/xmlschemas/ActivityExtension/v2"><Speed>0.000000</Speed></TPX></Extensions></Trackpoint>
     <Trackpoint><Time>2026-02-03T20:08:30.135Z</Time><HeartRateBpm><Value>107</Value></HeartRateBpm><Extensions><TPX xmlns="http://www.garmin.com/xmlschemas/ActivityExtension/v2"><Speed>0.000000</Speed></TPX></Extensions></Trackpoint>
     <Trackpoint><Time>2026-02-03T20:08:32.135Z</Time><HeartRateBpm><Value>110</Value></HeartRateBpm><Extensions><TPX xmlns="http://www.garmin.com/xmlschemas/ActivityExtension/v2"><Speed>0.000000</Speed></TPX></Extensions></Trackpoint>
     <Trackpoint><Time>2026-02-03T20:08:33.409Z</Time><HeartRateBpm><Value>110</Value></HeartRateBpm><Extensions><TPX xmlns="http://www.garmin.com/xmlschemas/ActivityExtension/v2"><Speed>0.000000</Speed></TPX></Extensions></Trackpoint>
     <Trackpoint><Time>2026-02-03T20:08:35.135Z</Time><HeartRateBpm><Value>110</Value></HeartRateBpm><Extensions><TPX xmlns="http://www.garmin.com/xmlschemas/ActivityExtension/v2"><Speed>0.000000</Speed></TPX></Extensions></Trackpoint>
     <Trackpoint><Time>2026-02-03T20:08:37.135Z</Time><HeartRateBpm><Value>114</Value></HeartRateBpm><Extensions><TPX xmlns="http://www.garmin.com/xmlschemas/ActivityExtension/v2"><Speed>0.000000</Speed></TPX></Extensions></Trackpoint>
     <Trackpoint><Time>2026-02-03T20:08:38.513Z</Time><HeartRateBpm><Value>114</Value></HeartRateBpm><Extensions><TPX xmlns="http://www.garmin.com/xmlschemas/ActivityExtension/v2"><Speed>0.000000</Speed></TPX></Extensions></Trackpoint>
     <Trackpoint><Time>2026-02-03T20:08:40.135Z</Time><HeartRateBpm><Value>114</Value></HeartRateBpm><Extensions><TPX xmlns="http://www.garmin.com/xmlschemas/ActivityExtension/v2"><Speed>0.000000</Speed></TPX></Extensions></Trackpoint>
     <Trackpoint><Time>2026-02-03T20:08:42.135Z</Time><HeartRateBpm><Value>117</Value></HeartRateBpm><Extensions><TPX xmlns="http://www.garmin.com/xmlschemas/ActivityExtension/v2"><Speed>0.000000</Speed></TPX></Extensions></Trackpoint>
     <Trackpoint><Time>2026-02-03T20:08:43.603Z</Time><HeartRateBpm><Value>117</Value></HeartRateBpm><Extensions><TPX xmlns="http://www.garmin.com/xmlschemas/ActivityExtension/v2"><Speed>0.000000</Speed></TPX></Extensions></Trackpoint>
     <Trackpoint><Time>2026-02-03T20:08:45.135Z</Time><HeartRateBpm><Value>117</Value></HeartRateBpm><Extensions><TPX xmlns="http://www.garmin.com/xmlschemas/ActivityExtension/v2"><Speed>0.000000</Speed></TPX></Extensions></Trackpoint>
     <Trackpoint><Time>2026-02-03T20:08:46.155Z</Time><HeartRateBpm><Value>118</Value></HeartRateBpm><Extensions><TPX xmlns="http://www.garmin.com/xmlschemas/ActivityExtension/v2"><Speed>0.000000</Speed></TPX></Extensions></Trackpoint>
     <Trackpoint><Time>2026-02-03T20:08:48.135Z</Time><HeartRateBpm><Value>118</Value></HeartRateBpm><Extensions><TPX xmlns="http://www.garmin.com/xmlschemas/ActivityExtension/v2"><Speed>0.000000</Speed></TPX></Extensions></Trackpoint>
     <Trackpoint><Time>2026-02-03T20:08:49.135Z</Time><HeartRateBpm><Value>118</Value></HeartRateBpm><Extensions><TPX xmlns="http://www.garmin.com/xmlschemas/ActivityExtension/v2"><Speed>0.000000</Speed></TPX></Extensions></Trackpoint>
     <Trackpoint><Time>2026-02-03T20:08:50.135Z</Time><HeartRateBpm><Value>118</Value></HeartRateBpm><Extensions><TPX xmlns="http://www.garmin.com/xmlschemas/ActivityExtension/v2"><Speed>0.000000</Speed></TPX></Extensions></Trackpoint>
     <Trackpoint><Time>2026-02-03T20:08:51.263Z</Time><HeartRateBpm><Value>115</Value></HeartRateBpm><Extensions><TPX xmlns="http://www.garmin.com/xmlschemas/ActivityExtension/v2"><Speed>0.000000</Speed></TPX></Extensions></Trackpoint>
     <Trackpoint><Time>2026-02-03T20:08:53.135Z</Time><HeartRateBpm><Value>115</Value></HeartRateBpm><Extensions><TPX xmlns="http://www.garmin.com/xmlschemas/ActivityExtension/v2"><Speed>0.000000</Speed></TPX></Extensions></Trackpoint>
     <Trackpoint><Time>2026-02-03T20:08:55.135Z</Time><HeartRateBpm><Value>115</Value></HeartRateBpm><Extensions><TPX xmlns="http://www.garmin.com/xmlschemas/ActivityExtension/v2"><Speed>0.000000</Speed></TPX></Extensions></Trackpoint>
     <Trackpoint><Time>2026-02-03T20:08:56.347Z</Time><HeartRateBpm><Value>115</Value></HeartRateBpm><Extensions><TPX xmlns="http://www.garmin.com/xmlschemas/ActivityExtension/v2"><Speed>0.000000</Speed></TPX></Extensions></Trackpoint>
     <Trackpoint><Time>2026-02-03T20:08:58.135Z</Time><HeartRateBpm><Value>115</Value></HeartRateBpm><Extensions><TPX xmlns="http://www.garmin.com/xmlschemas/ActivityExtension/v2"><Speed>0.000000</Speed></TPX></Extensions></Trackpoint>
     <Trackpoint><Time>2026-02-03T20:08:59.138Z</Time><HeartRateBpm><Value>115</Value></HeartRateBpm><Extensions><TPX xmlns="http://www.garmin.com/xmlschemas/ActivityExtension/v2"><Speed>0.000000</Speed></TPX></Extensions></Trackpoint>
     <Trackpoint><Time>2026-02-03T20:09:01.012Z</Time><HeartRateBpm><Value>115</Value></HeartRateBpm><Extensions><TPX xmlns="http://www.garmin.com/xmlschemas/ActivityExtension/v2"><Speed>0.000000</Speed></TPX></Extensions></Trackpoint>
     <Trackpoint><Time>2026-02-03T20:09:02.135Z</Time><HeartRateBpm><Value>115</Value></HeartRateBpm><Extensions><TPX xmlns="http://www.garmin.com/xmlschemas/ActivityExtension/v2"><Speed>0.000000</Speed></TPX></Extensions></Trackpoint>
     <Trackpoint><Time>2026-02-03T20:09:04.001Z</Time><HeartRateBpm><Value>115</Value></HeartRateBpm><Extensions><TPX xmlns="http://www.garmin.com/xmlschemas/ActivityExtension/v2"><Speed>0.000000</Speed></TPX></Extensions></Trackpoint>
     <Trackpoint><Time>2026-02-03T20:09:05.135Z</Time><HeartRateBpm><Value>115</Value></HeartRateBpm><Extensions><TPX xmlns="http://www.garmin.com/xmlschemas/ActivityExtension/v2"><Speed>0.000000</Speed></TPX></Extensions></Trackpoint>
     <Trackpoint><Time>2026-02-03T20:09:06.550Z</Time><HeartRateBpm><Value>114</Value></HeartRateBpm><Extensions><TPX xmlns="http://www.garmin.com/xmlschemas/ActivityExtension/v2"><Speed>0.000000</Speed></TPX></Extensions></Trackpoint>
     <Trackpoint><Time>2026-02-03T20:09:08.135Z</Time><HeartRateBpm><Value>114</Value></HeartRateBpm><Extensions><TPX xmlns="http://www.garmin.com/xmlschemas/ActivityExtension/v2"><Speed>0.000000</Speed></TPX></Extensions></Trackpoint>
     <Trackpoint><Time>2026-02-03T20:09:09.135Z</Time><HeartRateBpm><Value>114</Value></HeartRateBpm><Extensions><TPX xmlns="http://www.garmin.com/xmlschemas/ActivityExtension/v2"><Speed>0.000000</Speed></TPX></Extensions></Trackpoint>
     <Trackpoint><Time>2026-02-03T20:09:10.135Z</Time><HeartRateBpm><Value>114</Value></HeartRateBpm><Extensions><TPX xmlns="http://www.garmin.com/xmlschemas/ActivityExtension/v2"><Speed>0.000000</Speed></TPX></Extensions></Trackpoint>
     <Trackpoint><Time>2026-02-03T20:09:11.642Z</Time><HeartRateBpm><Value>113</Value></HeartRateBpm><Extensions><TPX xmlns="http://www.garmin.com/xmlschemas/ActivityExtension/v2"><Speed>0.000000</Speed></TPX></Extensions></Trackpoint>
     <Trackpoint><Time>2026-02-03T20:09:13.135Z</Time><HeartRateBpm><Value>113</Value></HeartRateBpm><Extensions><TPX xmlns="http://www.garmin.com/xmlschemas/ActivityExtension/v2"><Speed>0.000000</Speed></TPX></Extensions></Trackpoint>
     <Trackpoint><Time>2026-02-03T20:09:14.135Z</Time><HeartRateBpm><Value>113</Value></HeartRateBpm><Extensions><TPX xmlns="http://www.garmin.com/xmlschemas/ActivityExtension/v2"><Speed>0.000000</Speed></TPX></Extensions></Trackpoint>
     <Trackpoint><Time>2026-02-03T20:09:15.517Z</Time><HeartRateBpm><Value>115</Value></HeartRateBpm><Extensions><TPX xmlns="http://www.garmin.com/xmlschemas/ActivityExtension/v2"><Speed>0.000000</Speed></TPX></Extensions></Trackpoint>
     <Trackpoint><Time>2026-02-03T20:09:16.744Z</Time><HeartRateBpm><Value>115</Value></HeartRateBpm><Extensions><TPX xmlns="http://www.garmin.com/xmlschemas/ActivityExtension/v2"><Speed>0.000000</Speed></TPX></Extensions></Trackpoint>
     <Trackpoint><Time>2026-02-03T20:09:18.135Z</Time><HeartRateBpm><Value>115</Value></HeartRateBpm><Extensions><TPX xmlns="http://www.garmin.com/xmlschemas/ActivityExtension/v2"><Speed>0.000000</Speed></TPX></Extensions></Trackpoint>
     <Trackpoint><Time>2026-02-03T20:09:19.304Z</Time><HeartRateBpm><Value>115</Value></HeartRateBpm><Extensions><TPX xmlns="http://www.garmin.com/xmlschemas/ActivityExtension/v2"><Speed>0.000000</Speed></TPX></Extensions></Trackpoint>
     <Trackpoint><Time>2026-02-03T20:09:20.985Z</Time><HeartRateBpm><Value>111</Value></HeartRateBpm><Extensions><TPX xmlns="http://www.garmin.com/xmlschemas/ActivityExtension/v2"><Speed>0.000000</Speed></TPX></Extensions></Trackpoint>
     <Trackpoint><Time>2026-02-03T20:09:22.135Z</Time><HeartRateBpm><Value>111</Value></HeartRateBpm><Extensions><TPX xmlns="http://www.garmin.com/xmlschemas/ActivityExtension/v2"><Speed>0.000000</Speed></TPX></Extensions></Trackpoint>
     <Trackpoint><Time>2026-02-03T20:09:24.135Z</Time><HeartRateBpm><Value>111</Value></HeartRateBpm><Extensions><TPX xmlns="http://www.garmin.com/xmlschemas/ActivityExtension/v2"><Speed>0.000000</Speed></TPX></Extensions></Trackpoint>
     <Trackpoint><Time>2026-02-03T20:09:25.135Z</Time><HeartRateBpm><Value>111</Value></HeartRateBpm><Extensions><TPX xmlns="http://www.garmin.com/xmlschemas/ActivityExtension/v2"><Speed>0.000000</Speed></TPX></Extensions></Trackpoint>
     <Trackpoint><Time>2026-02-03T20:09:26.135Z</Time><HeartRateBpm><Value>111</Value></HeartRateBpm><Extensions><TPX xmlns="http://www.garmin.com/xmlschemas/ActivityExtension/v2"><Speed>0.000000</Speed></TPX></Extensions></Trackpoint>
     <Trackpoint><Time>2026-02-03T20:09:27.135Z</Time><HeartRateBpm><Value>111</Value></HeartRateBpm><Extensions><TPX xmlns="http://www.garmin.com/xmlschemas/ActivityExtension/v2"><Speed>0.000000</Speed></TPX></Extensions></Trackpoint>
     <Trackpoint><Time>2026-02-03T20:09:29.135Z</Time><HeartRateBpm><Value>111</Value></HeartRateBpm><Extensions><TPX xmlns="http://www.garmin.com/xmlschemas/ActivityExtension/v2"><Speed>0.000000</Speed></TPX></Extensions></Trackpoint>
     <Trackpoint><Time>2026-02-03T20:09:30.135Z</Time><HeartRateBpm><Value>111</Value></HeartRateBpm><Extensions><TPX xmlns="http://www.garmin.com/xmlschemas/ActivityExtension/v2"><Speed>0.000000</Speed></TPX></Extensions></Trackpoint>
     <Trackpoint><Time>2026-02-03T20:09:32.039Z</Time><HeartRateBpm><Value>117</Value></HeartRateBpm><Extensions><TPX xmlns="http://www.garmin.com/xmlschemas/ActivityExtension/v2"><Speed>0.000000</Speed></TPX></Extensions></Trackpoint>
     <Trackpoint><Time>2026-02-03T20:09:33.135Z</Time><HeartRateBpm><Value>117</Value></HeartRateBpm><Extensions><TPX xmlns="http://www.garmin.com/xmlschemas/ActivityExtension/v2"><Speed>0.000000</Speed></TPX></Extensions></Trackpoint>
     <Trackpoint><Time>2026-02-03T20:09:34.135Z</Time><HeartRateBpm><Value>117</Value></HeartRateBpm><Extensions><TPX xmlns="http://www.garmin.com/xmlschemas/ActivityExtension/v2"><Speed>0.000000</Speed></TPX></Extensions></Trackpoint>
     <Trackpoint><Time>2026-02-03T20:09:35.978Z</Time><HeartRateBpm><Value>114</Value></HeartRateBpm><Extensions><TPX xmlns="http://www.garmin.com/xmlschemas/ActivityExtension/v2"><Speed>0.000000</Speed></TPX></Extensions></Trackpoint>
     <Trackpoint><Time>2026-02-03T20:09:37.131Z</Time><HeartRateBpm><Value>114</Value></HeartRateBpm><Extensions><TPX xmlns="http://www.garmin.com/xmlschemas/ActivityExtension/v2"><Speed>0.000000</Speed></TPX></Extensions></Trackpoint>
     <Trackpoint><Time>2026-02-03T20:09:38.135Z</Time><HeartRateBpm><Value>114</Value></HeartRateBpm><Extensions><TPX xmlns="http://www.garmin.com/xmlschemas/ActivityExtension/v2"><Speed>0.000000</Speed></TPX></Extensions></Trackpoint>
     <Trackpoint><Time>2026-02-03T20:09:39.681Z</Time><HeartRateBpm><Value>114</Value></HeartRateBpm><Extensions><TPX xmlns="http://www.garmin.com/xmlschemas/ActivityExtension/v2"><Speed>0.000000</Speed></TPX></Extensions></Trackpoint>
     <Trackpoint><Time>2026-02-03T20:09:41.135Z</Time><HeartRateBpm><Value>114</Value></HeartRateBpm><Extensions><TPX xmlns="http://www.garmin.com/xmlschemas/ActivityExtension/v2"><Speed>0.000000</Speed></TPX></Extensions></Trackpoint>
     <Trackpoint><Time>2026-02-03T20:09:42.135Z</Time><HeartRateBpm><Value>114</Value></HeartRateBpm><Extensions><TPX xmlns="http://www.garmin.com/xmlschemas/ActivityExtension/v2"><Speed>0.000000</Speed></TPX></Extensions></Trackpoint>
     <Trackpoint><Time>2026-02-03T20:09:44.135Z</Time><HeartRateBpm><Value>114</Value></HeartRateBpm><Extensions><TPX xmlns="http://www.garmin.com/xmlschemas/ActivityExtension/v2"><Speed>0.000000</Speed></TPX></Extensions></Trackpoint>
     <Trackpoint><Time>2026-02-03T20:09:46.135Z</Time><HeartRateBpm><Value>115</Value></HeartRateBpm><Extensions><TPX xmlns="http://www.garmin.com/xmlschemas/ActivityExtension/v2"><Speed>0.000000</Speed></TPX></Extensions></Trackpoint>
     <Trackpoint><Time>2026-02-03T20:09:47.135Z</Time><HeartRateBpm><Value>115</Value></HeartRateBpm><Extensions><TPX xmlns="http://www.garmin.com/xmlschemas/ActivityExtension/v2"><Speed>0.000000</Speed></TPX></Extensions></Trackpoint>
     <Trackpoint><Time>2026-02-03T20:09:48.135Z</Time><HeartRateBpm><Value>115</Value></HeartRateBpm><Extensions><TPX xmlns="http://www.garmin.com/xmlschemas/ActivityExtension/v2"><Speed>0.000000</Speed></TPX></Extensions></Trackpoint>
     <Trackpoint><Time>2026-02-03T20:09:49.135Z</Time><HeartRateBpm><Value>115</Value></HeartRateBpm><Extensions><TPX xmlns="http://www.garmin.com/xmlschemas/ActivityExtension/v2"><Speed>0.000000</Speed></TPX></Extensions></Trackpoint>
     <Trackpoint><Time>2026-02-03T20:09:51.135Z</Time><HeartRateBpm><Value>116</Value></HeartRateBpm><Extensions><TPX xmlns="http://www.garmin.com/xmlschemas/ActivityExtension/v2"><Speed>0.000000</Speed></TPX></Extensions></Trackpoint>
     <Trackpoint><Time>2026-02-03T20:09:52.135Z</Time><HeartRateBpm><Value>116</Value></HeartRateBpm><Extensions><TPX xmlns="http://www.garmin.com/xmlschemas/ActivityExtension/v2"><Speed>0.000000</Speed></TPX></Extensions></Trackpoint>
     <Trackpoint><Time>2026-02-03T20:09:54.135Z</Time><HeartRateBpm><Value>116</Value></HeartRateBpm><Extensions><TPX xmlns="http://www.garmin.com/xmlschemas/ActivityExtension/v2"><Speed>0.000000</Speed></TPX></Extensions></Trackpoint>
     <Trackpoint><Time>2026-02-03T20:09:55.135Z</Time><HeartRateBpm><Value>116</Value></HeartRateBpm><Extensions><TPX xmlns="http://www.garmin.com/xmlschemas/ActivityExtension/v2"><Speed>0.000000</Speed></TPX></Extensions></Trackpoint>
     <Trackpoint><Time>2026-02-03T20:09:56.135Z</Time><HeartRateBpm><Value>115</Value></HeartRateBpm><Extensions><TPX xmlns="http://www.garmin.com/xmlschemas/ActivityExtension/v2"><Speed>0.000000</Speed></TPX></Extensions></Trackpoint>
     <Trackpoint><Time>2026-02-03T20:09:57.529Z</Time><HeartRateBpm><Value>115</Value></HeartRateBpm><Extensions><TPX xmlns="http://www.garmin.com/xmlschemas/ActivityExtension/v2"><Speed>0.000000</Speed></TPX></Extensions></Trackpoint>
     <Trackpoint><Time>2026-02-03T20:09:59.135Z</Time><HeartRateBpm><Value>115</Value></HeartRateBpm><Extensions><TPX xmlns="http://www.garmin.com/xmlschemas/ActivityExtension/v2"><Speed>0.000000</Speed></TPX></Extensions></Trackpoint>
     <Trackpoint><Time>2026-02-03T20:10:00.135Z</Time><HeartRateBpm><Value>115</Value></HeartRateBpm><Extensions><TPX xmlns="http://www.garmin.com/xmlschemas/ActivityExtension/v2"><Speed>0.000000</Speed></TPX></Extensions></Trackpoint>
     <Trackpoint><Time>2026-02-03T20:10:02.135Z</Time><HeartRateBpm><Value>115</Value></HeartRateBpm><Extensions><TPX xmlns="http://www.garmin.com/xmlschemas/ActivityExtension/v2"><Speed>0.000000</Speed></TPX></Extensions></Trackpoint>
     <Trackpoint><Time>2026-02-03T20:10:04.135Z</Time><HeartRateBpm><Value>115</Value></HeartRateBpm><Extensions><TPX xmlns="http://www.garmin.com/xmlschemas/ActivityExtension/v2"><Speed>0.000000</Speed></TPX></Extensions></Trackpoint>
     <Trackpoint><Time>2026-02-03T20:10:05.177Z</Time><HeartRateBpm><Value>115</Value></HeartRateBpm><Extensions><TPX xmlns="http://www.garmin.com/xmlschemas/ActivityExtension/v2"><Speed>0.000000</Speed></TPX></Extensions></Trackpoint>
     <Trackpoint><Time>2026-02-03T20:10:07.135Z</Time><HeartRateBpm><Value>117</Value></HeartRateBpm><Extensions><TPX xmlns="http://www.garmin.com/xmlschemas/ActivityExtension/v2"><Speed>0.000000</Speed></TPX></Extensions></Trackpoint>
     <Trackpoint><Time>2026-02-03T20:10:08.135Z</Time><HeartRateBpm><Value>117</Value></HeartRateBpm><Extensions><TPX xmlns="http://www.garmin.com/xmlschemas/ActivityExtension/v2"><Speed>0.000000</Speed></TPX></Extensions></Trackpoint>
     <Trackpoint><Time>2026-02-03T20:10:09.135Z</Time><HeartRateBpm><Value>117</Value></HeartRateBpm><Extensions><TPX xmlns="http://www.garmin.com/xmlschemas/ActivityExtension/v2"><Speed>0.000000</Speed></TPX></Extensions></Trackpoint>
     <Trackpoint><Time>2026-02-03T20:10:10.135Z</Time><HeartRateBpm><Value>117</Value></HeartRateBpm><Extensions><TPX xmlns="http://www.garmin.com/xmlschemas/ActivityExtension/v2"><Speed>0.000000</Speed></TPX></Extensions></Trackpoint>
     <Trackpoint><Time>2026-02-03T20:10:12.135Z</Time><HeartRateBpm><Value>117</Value></HeartRateBpm><Extensions><TPX xmlns="http://www.garmin.com/xmlschemas/ActivityExtension/v2"><Speed>0.000000</Speed></TPX></Extensions></Trackpoint>
     <Trackpoint><Time>2026-02-03T20:10:14.135Z</Time><HeartRateBpm><Value>117</Value></HeartRateBpm><Extensions><TPX xmlns="http://www.garmin.com/xmlschemas/ActivityExtension/v2"><Speed>0.000000</Speed></TPX></Extensions></Trackpoint>
     <Trackpoint><Time>2026-02-03T20:10:15.368Z</Time><HeartRateBpm><Value>117</Value></HeartRateBpm><Extensions><TPX xmlns="http://www.garmin.com/xmlschemas/ActivityExtension/v2"><Speed>0.000000</Speed></TPX></Extensions></Trackpoint>
     <Trackpoint><Time>2026-02-03T20:10:17.135Z</Time><HeartRateBpm><Value>117</Value></HeartRateBpm><Extensions><TPX xmlns="http://www.garmin.com/xmlschemas/ActivityExtension/v2"><Speed>0.000000</Speed></TPX></Extensions></Trackpoint>
     <Trackpoint><Time>2026-02-03T20:10:19.135Z</Time><HeartRateBpm><Value>117</Value></HeartRateBpm><Extensions><TPX xmlns="http://www.garmin.com/xmlschemas/ActivityExtension/v2"><Speed>0.000000</Speed></TPX></Extensions></Trackpoint>
     <Trackpoint><Time>2026-02-03T20:10:20.469Z</Time><HeartRateBpm><Value>117</Value></HeartRateBpm><Extensions><TPX xmlns="http://www.garmin.com/xmlschemas/ActivityExtension/v2"><Speed>0.000000</Speed></TPX></Extensions></Trackpoint>
     <Trackpoint><Time>2026-02-03T20:10:22.135Z</Time><HeartRateBpm><Value>120</Value></HeartRateBpm><Extensions><TPX xmlns="http://www.garmin.com/xmlschemas/ActivityExtension/v2"><Speed>0.000000</Speed></TPX></Extensions></Trackpoint>
     <Trackpoint><Time>2026-02-03T20:10:24.135Z</Time><HeartRateBpm><Value>120</Value></HeartRateBpm><Extensions><TPX xmlns="http://www.garmin.com/xmlschemas/ActivityExtension/v2"><Speed>0.000000</Speed></TPX></Extensions></Trackpoint>
     <Trackpoint><Time>2026-02-03T20:10:25.135Z</Time><HeartRateBpm><Value>120</Value></HeartRateBpm><Extensions><TPX xmlns="http://www.garmin.com/xmlschemas/ActivityExtension/v2"><Speed>0.000000</Speed></TPX></Extensions></Trackpoint>
     <Trackpoint><Time>2026-02-03T20:10:26.135Z</Time><HeartRateBpm><Value>120</Value></HeartRateBpm><Extensions><TPX xmlns="http://www.garmin.com/xmlschemas/ActivityExtension/v2"><Speed>0.000000</Speed></TPX></Extensions></Trackpoint>
     <Trackpoint><Time>2026-02-03T20:10:27.135Z</Time><HeartRateBpm><Value>120</Value></HeartRateBpm><Extensions><TPX xmlns="http://www.garmin.com/xmlschemas/ActivityExtension/v2"><Speed>0.000000</Speed></TPX></Extensions></Trackpoint>
     <Trackpoint><Time>2026-02-03T20:10:29.135Z</Time><HeartRateBpm><Value>120</Value></HeartRateBpm><Extensions><TPX xmlns="http://www.garmin.com/xmlschemas/ActivityExtension/v2"><Speed>0.000000</Speed></TPX></Extensions></Trackpoint>
     <Trackpoint><Time>2026-02-03T20:10:30.135Z</Time><HeartRateBpm><Value>120</Value></HeartRateBpm><Extensions><TPX xmlns="http://www.garmin.com/xmlschemas/ActivityExtension/v2"><Speed>0.000000</Speed></TPX></Extensions></Trackpoint>
     <Trackpoint><Time>2026-02-03T20:10:31.135Z</Time><HeartRateBpm><Value>120</Value></HeartRateBpm><Extensions><TPX xmlns="http://www.garmin.com/xmlschemas/ActivityExtension/v2"><Speed>0.000000</Speed></TPX></Extensions></Trackpoint>
     <Trackpoint><Time>2026-02-03T20:10:33.135Z</Time><HeartRateBpm><Value>120</Value></HeartRateBpm><Extensions><TPX xmlns="http://www.garmin.com/xmlschemas/ActivityExtension/v2"><Speed>0.000000</Speed></TPX></Extensions></Trackpoint>
     <Trackpoint><Time>2026-02-03T20:10:35.135Z</Time><HeartRateBpm><Value>120</Value></HeartRateBpm><Extensions><TPX xmlns="http://www.garmin.com/xmlschemas/ActivityExtension/v2"><Speed>0.000000</Speed></TPX></Extensions></Trackpoint>
     <Trackpoint><Time>2026-02-03T20:10:37.135Z</Time><HeartRateBpm><Value>120</Value></HeartRateBpm><Extensions><TPX xmlns="http://www.garmin.com/xmlschemas/ActivityExtension/v2"><Speed>0.000000</Speed></TPX></Extensions></Trackpoint>
     <Trackpoint><Time>2026-02-03T20:10:38.135Z</Time><HeartRateBpm><Value>120</Value></HeartRateBpm><Extensions><TPX xmlns="http://www.garmin.com/xmlschemas/ActivityExtension/v2"><Speed>0.000000</Speed></TPX></Extensions></Trackpoint>
     <Trackpoint><Time>2026-02-03T20:10:40.135Z</Time><HeartRateBpm><Value>120</Value></HeartRateBpm><Extensions><TPX xmlns="http://www.garmin.com/xmlschemas/ActivityExtension/v2"><Speed>0.000000</Speed></TPX></Extensions></Trackpoint>
     <Trackpoint><Time>2026-02-03T20:10:41.135Z</Time><HeartRateBpm><Value>123</Value></HeartRateBpm><Extensions><TPX xmlns="http://www.garmin.com/xmlschemas/ActivityExtension/v2"><Speed>0.000000</Speed></TPX></Extensions></Trackpoint>
     <Trackpoint><Time>2026-02-03T20:10:42.135Z</Time><HeartRateBpm><Value>123</Value></HeartRateBpm><Extensions><TPX xmlns="http://www.garmin.com/xmlschemas/ActivityExtension/v2"><Speed>0.000000</Speed></TPX></Extensions></Trackpoint>
     <Trackpoint><Time>2026-02-03T20:10:43.406Z</Time><HeartRateBpm><Value>123</Value></HeartRateBpm><Extensions><TPX xmlns="http://www.garmin.com/xmlschemas/ActivityExtension/v2"><Speed>0.000000</Speed></TPX></Extensions></Trackpoint>
     <Trackpoint><Time>2026-02-03T20:10:45.135Z</Time><HeartRateBpm><Value>123</Value></HeartRateBpm><Extensions><TPX xmlns="http://www.garmin.com/xmlschemas/ActivityExtension/v2"><Speed>0.000000</Speed></TPX></Extensions></Trackpoint>
     <Trackpoint><Time>2026-02-03T20:10:47.135Z</Time><HeartRateBpm><Value>123</Value></HeartRateBpm><Extensions><TPX xmlns="http://www.garmin.com/xmlschemas/ActivityExtension/v2"><Speed>0.000000</Speed></TPX></Extensions></Trackpoint>
     <Trackpoint><Time>2026-02-03T20:10:48.135Z</Time><HeartRateBpm><Value>123</Value></HeartRateBpm><Extensions><TPX xmlns="http://www.garmin.com/xmlschemas/ActivityExtension/v2"><Speed>0.000000</Speed></TPX></Extensions></Trackpoint>
     <Trackpoint><Time>2026-02-03T20:10:49.135Z</Time><HeartRateBpm><Value>123</Value></HeartRateBpm><Extensions><TPX xmlns="http://www.garmin.com/xmlschemas/ActivityExtension/v2"><Speed>0.000000</Speed></TPX></Extensions></Trackpoint>
     <Trackpoint><Time>2026-02-03T20:10:50.135Z</Time><HeartRateBpm><Value>123</Value></HeartRateBpm><Extensions><TPX xmlns="http://www.garmin.com/xmlschemas/ActivityExtension/v2"><Speed>0.000000</Speed></TPX></Extensions></Trackpoint>
     <Trackpoint><Time>2026-02-03T20:10:52.135Z</Time><HeartRateBpm><Value>124</Value></HeartRateBpm><Extensions><TPX xmlns="http://www.garmin.com/xmlschemas/ActivityExtension/v2"><Speed>0.000000</Speed></TPX></Extensions></Trackpoint>
     <Trackpoint><Time>2026-02-03T20:10:53.603Z</Time><HeartRateBpm><Value>124</Value></HeartRateBpm><Extensions><TPX xmlns="http://www.garmin.com/xmlschemas/ActivityExtension/v2"><Speed>0.000000</Speed></TPX></Extensions></Trackpoint>
     <Trackpoint><Time>2026-02-03T20:10:55.135Z</Time><HeartRateBpm><Value>124</Value></HeartRateBpm><Extensions><TPX xmlns="http://www.garmin.com/xmlschemas/ActivityExtension/v2"><Speed>0.000000</Speed></TPX></Extensions></Trackpoint>
     <Trackpoint><Time>2026-02-03T20:10:56.135Z</Time><HeartRateBpm><Value>124</Value></HeartRateBpm><Extensions><TPX xmlns="http://www.garmin.com/xmlschemas/ActivityExtension/v2"><Speed>0.000000</Speed></TPX></Extensions></Trackpoint>
     <Trackpoint><Time>2026-02-03T20:10:58.135Z</Time><HeartRateBpm><Value>124</Value></HeartRateBpm><Extensions><TPX xmlns="http://www.garmin.com/xmlschemas/ActivityExtension/v2"><Speed>0.000000</Speed></TPX></Extensions></Trackpoint>
     <Trackpoint><Time>2026-02-03T20:10:59.135Z</Time><HeartRateBpm><Value>124</Value></HeartRateBpm><Extensions><TPX xmlns="http://www.garmin.com/xmlschemas/ActivityExtension/v2"><Speed>0.000000</Speed></TPX></Extensions></Trackpoint>
     <Trackpoint><Time>2026-02-03T20:11:00.529Z</Time><HeartRateBpm><Value>123</Value></HeartRateBpm><Extensions><TPX xmlns="http://www.garmin.com/xmlschemas/ActivityExtension/v2"><Speed>0.000000</Speed></TPX></Extensions></Trackpoint>
     <Trackpoint><Time>2026-02-03T20:11:02.135Z</Time><HeartRateBpm><Value>123</Value></HeartRateBpm><Extensions><TPX xmlns="http://www.garmin.com/xmlschemas/ActivityExtension/v2"><Speed>0.000000</Speed></TPX></Extensions></Trackpoint>
     <Trackpoint><Time>2026-02-03T20:11:03.805Z</Time><HeartRateBpm><Value>123</Value></HeartRateBpm><Extensions><TPX xmlns="http://www.garmin.com/xmlschemas/ActivityExtension/v2"><Speed>0.000000</Speed></TPX></Extensions></Trackpoint>
     <Trackpoint><Time>2026-02-03T20:11:05.135Z</Time><HeartRateBpm><Value>123</Value></HeartRateBpm><Extensions><TPX xmlns="http://www.garmin.com/xmlschemas/ActivityExtension/v2"><Speed>0.000000</Speed></TPX></Extensions></Trackpoint>
     <Trackpoint><Time>2026-02-03T20:11:06.350Z</Time><HeartRateBpm><Value>126</Value></HeartRateBpm><Extensions><TPX xmlns="http://www.garmin.com/xmlschemas/ActivityExtension/v2"><Speed>0.000000</Speed></TPX></Extensions></Trackpoint>
     <Trackpoint><Time>2026-02-03T20:11:08.135Z</Time><HeartRateBpm><Value>126</Value></HeartRateBpm><Extensions><TPX xmlns="http://www.garmin.com/xmlschemas/ActivityExtension/v2"><Speed>0.000000</Speed></TPX></Extensions></Trackpoint>
     <Trackpoint><Time>2026-02-03T20:11:10.135Z</Time><HeartRateBpm><Value>126</Value></HeartRateBpm><Extensions><TPX xmlns="http://www.garmin.com/xmlschemas/ActivityExtension/v2"><Speed>0.000000</Speed></TPX></Extensions></Trackpoint>
     <Trackpoint><Time>2026-02-03T20:11:11.452Z</Time><HeartRateBpm><Value>126</Value></HeartRateBpm><Extensions><TPX xmlns="http://www.garmin.com/xmlschemas/ActivityExtension/v2"><Speed>0.000000</Speed></TPX></Extensions></Trackpoint>
     <Trackpoint><Time>2026-02-03T20:11:13.135Z</Time><HeartRateBpm><Value>126</Value></HeartRateBpm><Extensions><TPX xmlns="http://www.garmin.com/xmlschemas/ActivityExtension/v2"><Speed>0.000000</Speed></TPX></Extensions></Trackpoint>
     <Trackpoint><Time>2026-02-03T20:11:14.135Z</Time><HeartRateBpm><Value>126</Value></HeartRateBpm><Extensions><TPX xmlns="http://www.garmin.com/xmlschemas/ActivityExtension/v2"><Speed>0.000000</Speed></TPX></Extensions></Trackpoint>
     <Trackpoint><Time>2026-02-03T20:11:15.135Z</Time><HeartRateBpm><Value>126</Value></HeartRateBpm><Extensions><TPX xmlns="http://www.garmin.com/xmlschemas/ActivityExtension/v2"><Speed>0.000000</Speed></TPX></Extensions></Trackpoint>
     <Trackpoint><Time>2026-02-03T20:11:16.545Z</Time><HeartRateBpm><Value>128</Value></HeartRateBpm><Extensions><TPX xmlns="http://www.garmin.com/xmlschemas/ActivityExtension/v2"><Speed>0.000000</Speed></TPX></Extensions></Trackpoint>
     <Trackpoint><Time>2026-02-03T20:11:18.135Z</Time><HeartRateBpm><Value>128</Value></HeartRateBpm><Extensions><TPX xmlns="http://www.garmin.com/xmlschemas/ActivityExtension/v2"><Speed>0.000000</Speed></TPX></Extensions></Trackpoint>
     <Trackpoint><Time>2026-02-03T20:11:19.135Z</Time><HeartRateBpm><Value>128</Value></HeartRateBpm><Extensions><TPX xmlns="http://www.garmin.com/xmlschemas/ActivityExtension/v2"><Speed>0.000000</Speed></TPX></Extensions></Trackpoint>
     <Trackpoint><Time>2026-02-03T20:11:20.135Z</Time><HeartRateBpm><Value>128</Value></HeartRateBpm><Extensions><TPX xmlns="http://www.garmin.com/xmlschemas/ActivityExtension/v2"><Speed>0.000000</Speed></TPX></Extensions></Trackpoint>
     <Trackpoint><Time>2026-02-03T20:11:21.646Z</Time><HeartRateBpm><Value>127</Value></HeartRateBpm><Extensions><TPX xmlns="http://www.garmin.com/xmlschemas/ActivityExtension/v2"><Speed>0.000000</Speed></TPX></Extensions></Trackpoint>
     <Trackpoint><Time>2026-02-03T20:11:23.135Z</Time><HeartRateBpm><Value>127</Value></HeartRateBpm><Extensions><TPX xmlns="http://www.garmin.com/xmlschemas/ActivityExtension/v2"><Speed>0.000000</Speed></TPX></Extensions></Trackpoint>
     <Trackpoint><Time>2026-02-03T20:11:24.204Z</Time><HeartRateBpm><Value>127</Value></HeartRateBpm><Extensions><TPX xmlns="http://www.garmin.com/xmlschemas/ActivityExtension/v2"><Speed>0.000000</Speed></TPX></Extensions></Trackpoint>
     <Trackpoint><Time>2026-02-03T20:11:25.515Z</Time><HeartRateBpm><Value>127</Value></HeartRateBpm><Extensions><TPX xmlns="http://www.garmin.com/xmlschemas/ActivityExtension/v2"><Speed>0.000000</Speed></TPX></Extensions></Trackpoint>
     <Trackpoint><Time>2026-02-03T20:11:26.742Z</Time><HeartRateBpm><Value>127</Value></HeartRateBpm><Extensions><TPX xmlns="http://www.garmin.com/xmlschemas/ActivityExtension/v2"><Speed>0.000000</Speed></TPX></Extensions></Trackpoint>
     <Trackpoint><Time>2026-02-03T20:11:28.135Z</Time><HeartRateBpm><Value>127</Value></HeartRateBpm><Extensions><TPX xmlns="http://www.garmin.com/xmlschemas/ActivityExtension/v2"><Speed>0.000000</Speed></TPX></Extensions></Trackpoint>
     <Trackpoint><Time>2026-02-03T20:11:29.291Z</Time><HeartRateBpm><Value>127</Value></HeartRateBpm><Extensions><TPX xmlns="http://www.garmin.com/xmlschemas/ActivityExtension/v2"><Speed>0.000000</Speed></TPX></Extensions></Trackpoint>
     <Trackpoint><Time>2026-02-03T20:11:30.517Z</Time><HeartRateBpm><Value>127</Value></HeartRateBpm><Extensions><TPX xmlns="http://www.garmin.com/xmlschemas/ActivityExtension/v2"><Speed>0.000000</Speed></TPX></Extensions></Trackpoint>
     <Trackpoint><Time>2026-02-03T20:11:31.839Z</Time><HeartRateBpm><Value>127</Value></HeartRateBpm><Extensions><TPX xmlns="http://www.garmin.com/xmlschemas/ActivityExtension/v2"><Speed>0.000000</Speed></TPX></Extensions></Trackpoint>
     <Trackpoint><Time>2026-02-03T20:11:33.135Z</Time><HeartRateBpm><Value>127</Value></HeartRateBpm><Extensions><TPX xmlns="http://www.garmin.com/xmlschemas/ActivityExtension/v2"><Speed>0.000000</Speed></TPX></Extensions></Trackpoint>
     <Trackpoint><Time>2026-02-03T20:11:34.385Z</Time><HeartRateBpm><Value>127</Value></HeartRateBpm><Extensions><TPX xmlns="http://www.garmin.com/xmlschemas/ActivityExtension/v2"><Speed>0.000000</Speed></TPX></Extensions></Trackpoint>
     <Trackpoint><Time>2026-02-03T20:11:35.511Z</Time><HeartRateBpm><Value>128</Value></HeartRateBpm><Extensions><TPX xmlns="http://www.garmin.com/xmlschemas/ActivityExtension/v2"><Speed>0.000000</Speed></TPX></Extensions></Trackpoint>
     <Trackpoint><Time>2026-02-03T20:11:36.937Z</Time><HeartRateBpm><Value>128</Value></HeartRateBpm><Extensions><TPX xmlns="http://www.garmin.com/xmlschemas/ActivityExtension/v2"><Speed>0.000000</Speed></TPX></Extensions></Trackpoint>
     <Trackpoint><Time>2026-02-03T20:11:38.135Z</Time><HeartRateBpm><Value>128</Value></HeartRateBpm><Extensions><TPX xmlns="http://www.garmin.com/xmlschemas/ActivityExtension/v2"><Speed>0.000000</Speed></TPX></Extensions></Trackpoint>
     <Trackpoint><Time>2026-02-03T20:11:39.486Z</Time><HeartRateBpm><Value>128</Value></HeartRateBpm><Extensions><TPX xmlns="http://www.garmin.com/xmlschemas/ActivityExtension/v2"><Speed>0.000000</Speed></TPX></Extensions></Trackpoint>
     <Trackpoint><Time>2026-02-03T20:11:40.545Z</Time><HeartRateBpm><Value>129</Value></HeartRateBpm><Extensions><TPX xmlns="http://www.garmin.com/xmlschemas/ActivityExtension/v2"><Speed>0.000000</Speed></TPX></Extensions></Trackpoint>
     <Trackpoint><Time>2026-02-03T20:11:42.044Z</Time><HeartRateBpm><Value>129</Value></HeartRateBpm><Extensions><TPX xmlns="http://www.garmin.com/xmlschemas/ActivityExtension/v2"><Speed>0.000000</Speed></TPX></Extensions></Trackpoint>
     <Trackpoint><Time>2026-02-03T20:11:43.135Z</Time><HeartRateBpm><Value>129</Value></HeartRateBpm><Extensions><TPX xmlns="http://www.garmin.com/xmlschemas/ActivityExtension/v2"><Speed>0.000000</Speed></TPX></Extensions></Trackpoint>
     <Trackpoint><Time>2026-02-03T20:11:44.135Z</Time><HeartRateBpm><Value>129</Value></HeartRateBpm><Extensions><TPX xmlns="http://www.garmin.com/xmlschemas/ActivityExtension/v2"><Speed>0.000000</Speed></TPX></Extensions></Trackpoint>
     <Trackpoint><Time>2026-02-03T20:11:45.135Z</Time><HeartRateBpm><Value>128</Value></HeartRateBpm><Extensions><TPX xmlns="http://www.garmin.com/xmlschemas/ActivityExtension/v2"><Speed>0.000000</Speed></TPX></Extensions></Trackpoint>
     <Trackpoint><Time>2026-02-03T20:11:47.135Z</Time><HeartRateBpm><Value>128</Value></HeartRateBpm><Extensions><TPX xmlns="http://www.garmin.com/xmlschemas/ActivityExtension/v2"><Speed>0.000000</Speed></TPX></Extensions></Trackpoint>
     <Trackpoint><Time>2026-02-03T20:11:48.135Z</Time><HeartRateBpm><Value>128</Value></HeartRateBpm><Extensions><TPX xmlns="http://www.garmin.com/xmlschemas/ActivityExtension/v2"><Speed>0.000000</Speed></TPX></Extensions></Trackpoint>
     <Trackpoint><Time>2026-02-03T20:11:49.684Z</Time><HeartRateBpm><Value>128</Value></HeartRateBpm><Extensions><TPX xmlns="http://www.garmin.com/xmlschemas/ActivityExtension/v2"><Speed>0.000000</Speed></TPX></Extensions></Trackpoint>
     <Trackpoint><Time>2026-02-03T20:11:51.135Z</Time><HeartRateBpm><Value>130</Value></HeartRateBpm><Extensions><TPX xmlns="http://www.garmin.com/xmlschemas/ActivityExtension/v2"><Speed>0.000000</Speed></TPX></Extensions></Trackpoint>
     <Trackpoint><Time>2026-02-03T20:11:52.135Z</Time><HeartRateBpm><Value>130</Value></HeartRateBpm><Extensions><TPX xmlns="http://www.garmin.com/xmlschemas/ActivityExtension/v2"><Speed>0.000000</Speed></TPX></Extensions></Trackpoint>
     <Trackpoint><Time>2026-02-03T20:11:54.135Z</Time><HeartRateBpm><Value>130</Value></HeartRateBpm><Extensions><TPX xmlns="http://www.garmin.com/xmlschemas/ActivityExtension/v2"><Speed>0.000000</Speed></TPX></Extensions></Trackpoint>
     <Trackpoint><Time>2026-02-03T20:11:55.135Z</Time><HeartRateBpm><Value>130</Value></HeartRateBpm><Extensions><TPX xmlns="http://www.garmin.com/xmlschemas/ActivityExtension/v2"><Speed>0.000000</Speed></TPX></Extensions></Trackpoint>
     <Trackpoint><Time>2026-02-03T20:11:57.135Z</Time><HeartRateBpm><Value>130</Value></HeartRateBpm><Extensions><TPX xmlns="http://www.garmin.com/xmlschemas/ActivityExtension/v2"><Speed>0.000000</Speed></TPX></Extensions></Trackpoint>
     <Trackpoint><Time>2026-02-03T20:11:59.135Z</Time><HeartRateBpm><Value>130</Value></HeartRateBpm><Extensions><TPX xmlns="http://www.garmin.com/xmlschemas/ActivityExtension/v2"><Speed>0.000000</Speed></TPX></Extensions></Trackpoint>
     <Trackpoint><Time>2026-02-03T20:12:00.135Z</Time><HeartRateBpm><Value>131</Value></HeartRateBpm><Extensions><TPX xmlns="http://www.garmin.com/xmlschemas/ActivityExtension/v2"><Speed>0.000000</Speed></TPX></Extensions></Trackpoint>
     <Trackpoint><Time>2026-02-03T20:12:02.135Z</Time><HeartRateBpm><Value>131</Value></HeartRateBpm><Extensions><TPX xmlns="http://www.garmin.com/xmlschemas/ActivityExtension/v2"><Speed>0.000000</Speed></TPX></Extensions></Trackpoint>
     <Trackpoint><Time>2026-02-03T20:12:04.134Z</Time><HeartRateBpm><Value>131</Value></HeartRateBpm><Extensions><TPX xmlns="http://www.garmin.com/xmlschemas/ActivityExtension/v2"><Speed>0.000000</Speed></TPX></Extensions></Trackpoint>
     <Trackpoint><Time>2026-02-03T20:12:05.135Z</Time><HeartRateBpm><Value>131</Value></HeartRateBpm><Extensions><TPX xmlns="http://www.garmin.com/xmlschemas/ActivityExtension/v2"><Speed>0.000000</Speed></TPX></Extensions></Trackpoint>
     <Trackpoint><Time>2026-02-03T20:12:07.135Z</Time><HeartRateBpm><Value>130</Value></HeartRateBpm><Extensions><TPX xmlns="http://www.garmin.com/xmlschemas/ActivityExtension/v2"><Speed>0.000000</Speed></TPX></Extensions></Trackpoint>
     <Trackpoint><Time>2026-02-03T20:12:08.135Z</Time><HeartRateBpm><Value>130</Value></HeartRateBpm><Extensions><TPX xmlns="http://www.garmin.com/xmlschemas/ActivityExtension/v2"><Speed>0.000000</Speed></TPX></Extensions></Trackpoint>
     <Trackpoint><Time>2026-02-03T20:12:10.079Z</Time><HeartRateBpm><Value>130</Value></HeartRateBpm><Extensions><TPX xmlns="http://www.garmin.com/xmlschemas/ActivityExtension/v2"><Speed>0.000000</Speed></TPX></Extensions></Trackpoint>
     <Trackpoint><Time>2026-02-03T20:12:11.135Z</Time><HeartRateBpm><Value>131</Value></HeartRateBpm><Extensions><TPX xmlns="http://www.garmin.com/xmlschemas/ActivityExtension/v2"><Speed>0.000000</Speed></TPX></Extensions></Trackpoint>
     <Trackpoint><Time>2026-02-03T20:12:12.135Z</Time><HeartRateBpm><Value>131</Value></HeartRateBpm><Extensions><TPX xmlns="http://www.garmin.com/xmlschemas/ActivityExtension/v2"><Speed>0.000000</Speed></TPX></Extensions></Trackpoint>
     <Trackpoint><Time>2026-02-03T20:12:14.135Z</Time><HeartRateBpm><Value>131</Value></HeartRateBpm><Extensions><TPX xmlns="http://www.garmin.com/xmlschemas/ActivityExtension/v2"><Speed>0.000000</Speed></TPX></Extensions></Trackpoint>
     <Trackpoint><Time>2026-02-03T20:12:15.173Z</Time><HeartRateBpm><Value>131</Value></HeartRateBpm><Extensions><TPX xmlns="http://www.garmin.com/xmlschemas/ActivityExtension/v2"><Speed>0.000000</Speed></TPX></Extensions></Trackpoint>
     <Trackpoint><Time>2026-02-03T20:12:17.135Z</Time><HeartRateBpm><Value>131</Value></HeartRateBpm><Extensions><TPX xmlns="http://www.garmin.com/xmlschemas/ActivityExtension/v2"><Speed>0.000000</Speed></TPX></Extensions></Trackpoint>
     <Trackpoint><Time>2026-02-03T20:12:18.135Z</Time><HeartRateBpm><Value>131</Value></HeartRateBpm><Extensions><TPX xmlns="http://www.garmin.com/xmlschemas/ActivityExtension/v2"><Speed>0.000000</Speed></TPX></Extensions></Trackpoint>
     <Trackpoint><Time>2026-02-03T20:12:20.135Z</Time><HeartRateBpm><Value>131</Value></HeartRateBpm><Extensions><TPX xmlns="http://www.garmin.com/xmlschemas/ActivityExtension/v2"><Speed>0.000000</Speed></TPX></Extensions></Trackpoint>
     <Trackpoint><Time>2026-02-03T20:12:21.135Z</Time><HeartRateBpm><Value>131</Value></HeartRateBpm><Extensions><TPX xmlns="http://www.garmin.com/xmlschemas/ActivityExtension/v2"><Speed>0.000000</Speed></TPX></Extensions></Trackpoint>
     <Trackpoint><Time>2026-02-03T20:12:22.135Z</Time><HeartRateBpm><Value>131</Value></HeartRateBpm><Extensions><TPX xmlns="http://www.garmin.com/xmlschemas/ActivityExtension/v2"><Speed>0.000000</Speed></TPX></Extensions></Trackpoint>
     <Trackpoint><Time>2026-02-03T20:12:24.135Z</Time><HeartRateBpm><Value>131</Value></HeartRateBpm><Extensions><TPX xmlns="http://www.garmin.com/xmlschemas/ActivityExtension/v2"><Speed>0.000000</Speed></TPX></Extensions></Trackpoint>
     <Trackpoint><Time>2026-02-03T20:12:25.368Z</Time><HeartRateBpm><Value>131</Value></HeartRateBpm><Extensions><TPX xmlns="http://www.garmin.com/xmlschemas/ActivityExtension/v2"><Speed>0.000000</Speed></TPX></Extensions></Trackpoint>
     <Trackpoint><Time>2026-02-03T20:12:27.135Z</Time><HeartRateBpm><Value>132</Value></HeartRateBpm><Extensions><TPX xmlns="http://www.garmin.com/xmlschemas/ActivityExtension/v2"><Speed>0.000000</Speed></TPX></Extensions></Trackpoint>
     <Trackpoint><Time>2026-02-03T20:12:28.135Z</Time><HeartRateBpm><Value>132</Value></HeartRateBpm><Extensions><TPX xmlns="http://www.garmin.com/xmlschemas/ActivityExtension/v2"><Speed>0.000000</Speed></TPX></Extensions></Trackpoint>
     <Trackpoint><Time>2026-02-03T20:12:30.135Z</Time><HeartRateBpm><Value>132</Value></HeartRateBpm><Extensions><TPX xmlns="http://www.garmin.com/xmlschemas/ActivityExtension/v2"><Speed>0.000000</Speed></TPX></Extensions></Trackpoint>
     <Trackpoint><Time>2026-02-03T20:12:32.135Z</Time><HeartRateBpm><Value>132</Value></HeartRateBpm><Extensions><TPX xmlns="http://www.garmin.com/xmlschemas/ActivityExtension/v2"><Speed>0.000000</Speed></TPX></Extensions></Trackpoint>
     <Trackpoint><Time>2026-02-03T20:12:34.135Z</Time><HeartRateBpm><Value>132</Value></HeartRateBpm><Extensions><TPX xmlns="http://www.garmin.com/xmlschemas/ActivityExtension/v2"><Speed>0.000000</Speed></TPX></Extensions></Trackpoint>
     <Trackpoint><Time>2026-02-03T20:12:35.135Z</Time><HeartRateBpm><Value>132</Value></HeartRateBpm><Extensions><TPX xmlns="http://www.garmin.com/xmlschemas/ActivityExtension/v2"><Speed>0.000000</Speed></TPX></Extensions></Trackpoint>
     <Trackpoint><Time>2026-02-03T20:12:37.135Z</Time><HeartRateBpm><Value>132</Value></HeartRateBpm><Extensions><TPX xmlns="http://www.garmin.com/xmlschemas/ActivityExtension/v2"><Speed>0.000000</Speed></TPX></Extensions></Trackpoint>
     <Trackpoint><Time>2026-02-03T20:12:38.135Z</Time><HeartRateBpm><Value>132</Value></HeartRateBpm><Extensions><TPX xmlns="http://www.garmin.com/xmlschemas/ActivityExtension/v2"><Speed>0.000000</Speed></TPX></Extensions></Trackpoint>
     <Trackpoint><Time>2026-02-03T20:12:40.135Z</Time><HeartRateBpm><Value>132</Value></HeartRateBpm><Extensions><TPX xmlns="http://www.garmin.com/xmlschemas/ActivityExtension/v2"><Speed>0.000000</Speed></TPX></Extensions></Trackpoint>
     <Trackpoint><Time>2026-02-03T20:12:41.135Z</Time><HeartRateBpm><Value>130</Value></HeartRateBpm><Extensions><TPX xmlns="http://www.garmin.com/xmlschemas/ActivityExtension/v2"><Speed>0.000000</Speed></TPX></Extensions></Trackpoint>
     <Trackpoint><Time>2026-02-03T20:12:43.135Z</Time><HeartRateBpm><Value>130</Value></HeartRateBpm><Extensions><TPX xmlns="http://www.garmin.com/xmlschemas/ActivityExtension/v2"><Speed>0.000000</Speed></TPX></Extensions></Trackpoint>
     <Trackpoint><Time>2026-02-03T20:12:44.135Z</Time><HeartRateBpm><Value>130</Value></HeartRateBpm><Extensions><TPX xmlns="http://www.garmin.com/xmlschemas/ActivityExtension/v2"><Speed>0.000000</Speed></TPX></Extensions></Trackpoint>
     <Trackpoint><Time>2026-02-03T20:12:45.549Z</Time><HeartRateBpm><Value>130</Value></HeartRateBpm><Extensions><TPX xmlns="http://www.garmin.com/xmlschemas/ActivityExtension/v2"><Speed>0.000000</Speed></TPX></Extensions></Trackpoint>
     <Trackpoint><Time>2026-02-03T20:12:47.135Z</Time><HeartRateBpm><Value>130</Value></HeartRateBpm><Extensions><TPX xmlns="http://www.garmin.com/xmlschemas/ActivityExtension/v2"><Speed>0.000000</Speed></TPX></Extensions></Trackpoint>
     <Trackpoint><Time>2026-02-03T20:12:48.135Z</Time><HeartRateBpm><Value>130</Value></HeartRateBpm><Extensions><TPX xmlns="http://www.garmin.com/xmlschemas/ActivityExtension/v2"><Speed>0.000000</Speed></TPX></Extensions></Trackpoint>
     <Trackpoint><Time>2026-02-03T20:12:50.135Z</Time><HeartRateBpm><Value>130</Value></HeartRateBpm><Extensions><TPX xmlns="http://www.garmin.com/xmlschemas/ActivityExtension/v2"><Speed>0.000000</Speed></TPX></Extensions></Trackpoint>
     <Trackpoint><Time>2026-02-03T20:12:52.135Z</Time><HeartRateBpm><Value>129</Value></HeartRateBpm><Extensions><TPX xmlns="http://www.garmin.com/xmlschemas/ActivityExtension/v2"><Speed>0.000000</Speed></TPX></Extensions></Trackpoint>
     <Trackpoint><Time>2026-02-03T20:12:53.407Z</Time><HeartRateBpm><Value>129</Value></HeartRateBpm><Extensions><TPX xmlns="http://www.garmin.com/xmlschemas/ActivityExtension/v2"><Speed>0.000000</Speed></TPX></Extensions></Trackpoint>
     <Trackpoint><Time>2026-02-03T20:12:55.135Z</Time><HeartRateBpm><Value>129</Value></HeartRateBpm><Extensions><TPX xmlns="http://www.garmin.com/xmlschemas/ActivityExtension/v2"><Speed>0.000000</Speed></TPX></Extensions></Trackpoint>
     <Trackpoint><Time>2026-02-03T20:12:57.135Z</Time><HeartRateBpm><Value>130</Value></HeartRateBpm><Extensions><TPX xmlns="http://www.garmin.com/xmlschemas/ActivityExtension/v2"><Speed>0.000000</Speed></TPX></Extensions></Trackpoint>
     <Trackpoint><Time>2026-02-03T20:12:58.135Z</Time><HeartRateBpm><Value>130</Value></HeartRateBpm><Extensions><TPX xmlns="http://www.garmin.com/xmlschemas/ActivityExtension/v2"><Speed>0.000000</Speed></TPX></Extensions></Trackpoint>
     <Trackpoint><Time>2026-02-03T20:12:59.135Z</Time><HeartRateBpm><Value>130</Value></HeartRateBpm><Extensions><TPX xmlns="http://www.garmin.com/xmlschemas/ActivityExtension/v2"><Speed>0.000000</Speed></TPX></Extensions></Trackpoint>
     <Trackpoint><Time>2026-02-03T20:13:00.135Z</Time><HeartRateBpm><Value>130</Value></HeartRateBpm><Extensions><TPX xmlns="http://www.garmin.com/xmlschemas/ActivityExtension/v2"><Speed>0.000000</Speed></TPX></Extensions></Trackpoint>
     <Trackpoint><Time>2026-02-03T20:13:02.135Z</Time><HeartRateBpm><Value>131</Value></HeartRateBpm><Extensions><TPX xmlns="http://www.garmin.com/xmlschemas/ActivityExtension/v2"><Speed>0.000000</Speed></TPX></Extensions></Trackpoint>
     <Trackpoint><Time>2026-02-03T20:13:03.602Z</Time><HeartRateBpm><Value>131</Value></HeartRateBpm><Extensions><TPX xmlns="http://www.garmin.com/xmlschemas/ActivityExtension/v2"><Speed>0.000000</Speed></TPX></Extensions></Trackpoint>
     <Trackpoint><Time>2026-02-03T20:13:05.135Z</Time><HeartRateBpm><Value>131</Value></HeartRateBpm><Extensions><TPX xmlns="http://www.garmin.com/xmlschemas/ActivityExtension/v2"><Speed>0.000000</Speed></TPX></Extensions></Trackpoint>
     <Trackpoint><Time>2026-02-03T20:13:06.152Z</Time><HeartRateBpm><Value>130</Value></HeartRateBpm><Extensions><TPX xmlns="http://www.garmin.com/xmlschemas/ActivityExtension/v2"><Speed>0.000000</Speed></TPX></Extensions></Trackpoint>
     <Trackpoint><Time>2026-02-03T20:13:08.135Z</Time><HeartRateBpm><Value>130</Value></HeartRateBpm><Extensions><TPX xmlns="http://www.garmin.com/xmlschemas/ActivityExtension/v2"><Speed>0.000000</Speed></TPX></Extensions></Trackpoint>
     <Trackpoint><Time>2026-02-03T20:13:10.134Z</Time><HeartRateBpm><Value>130</Value></HeartRateBpm><Extensions><TPX xmlns="http://www.garmin.com/xmlschemas/ActivityExtension/v2"><Speed>0.000000</Speed></TPX></Extensions></Trackpoint>
     <Trackpoint><Time>2026-02-03T20:13:11.135Z</Time><HeartRateBpm><Value>130</Value></HeartRateBpm><Extensions><TPX xmlns="http://www.garmin.com/xmlschemas/ActivityExtension/v2"><Speed>0.000000</Speed></TPX></Extensions></Trackpoint>
     <Trackpoint><Time>2026-02-03T20:13:13.135Z</Time><HeartRateBpm><Value>130</Value></HeartRateBpm><Extensions><TPX xmlns="http://www.garmin.com/xmlschemas/ActivityExtension/v2"><Speed>0.000000</Speed></TPX></Extensions></Trackpoint>
     <Trackpoint><Time>2026-02-03T20:13:14.135Z</Time><HeartRateBpm><Value>130</Value></HeartRateBpm><Extensions><TPX xmlns="http://www.garmin.com/xmlschemas/ActivityExtension/v2"><Speed>0.000000</Speed></TPX></Extensions></Trackpoint>
     <Trackpoint><Time>2026-02-03T20:13:15.983Z</Time><HeartRateBpm><Value>131</Value></HeartRateBpm><Extensions><TPX xmlns="http://www.garmin.com/xmlschemas/ActivityExtension/v2"><Speed>0.000000</Speed></TPX></Extensions></Trackpoint>
     <Trackpoint><Time>2026-02-03T20:13:17.135Z</Time><HeartRateBpm><Value>131</Value></HeartRateBpm><Extensions><TPX xmlns="http://www.garmin.com/xmlschemas/ActivityExtension/v2"><Speed>0.000000</Speed></TPX></Extensions></Trackpoint>
     <Trackpoint><Time>2026-02-03T20:13:18.135Z</Time><HeartRateBpm><Value>131</Value></HeartRateBpm><Extensions><TPX xmlns="http://www.garmin.com/xmlschemas/ActivityExtension/v2"><Speed>0.000000</Speed></TPX></Extensions></Trackpoint>
     <Trackpoint><Time>2026-02-03T20:13:19.135Z</Time><HeartRateBpm><Value>131</Value></HeartRateBpm><Extensions><TPX xmlns="http://www.garmin.com/xmlschemas/ActivityExtension/v2"><Speed>0.000000</Speed></TPX></Extensions></Trackpoint>
     <Trackpoint><Time>2026-02-03T20:13:20.514Z</Time><HeartRateBpm><Value>131</Value></HeartRateBpm><Extensions><TPX xmlns="http://www.garmin.com/xmlschemas/ActivityExtension/v2"><Speed>0.000000</Speed></TPX></Extensions></Trackpoint>
     <Trackpoint><Time>2026-02-03T20:13:22.135Z</Time><HeartRateBpm><Value>131</Value></HeartRateBpm><Extensions><TPX xmlns="http://www.garmin.com/xmlschemas/ActivityExtension/v2"><Speed>0.000000</Speed></TPX></Extensions></Trackpoint>
     <Trackpoint><Time>2026-02-03T20:13:23.135Z</Time><HeartRateBpm><Value>131</Value></HeartRateBpm><Extensions><TPX xmlns="http://www.garmin.com/xmlschemas/ActivityExtension/v2"><Speed>0.000000</Speed></TPX></Extensions></Trackpoint>
     <Trackpoint><Time>2026-02-03T20:13:25.135Z</Time><HeartRateBpm><Value>131</Value></HeartRateBpm><Extensions><TPX xmlns="http://www.garmin.com/xmlschemas/ActivityExtension/v2"><Speed>0.000000</Speed></TPX></Extensions></Trackpoint>
     <Trackpoint><Time>2026-02-03T20:13:26.551Z</Time><HeartRateBpm><Value>130</Value></HeartRateBpm><Extensions><TPX xmlns="http://www.garmin.com/xmlschemas/ActivityExtension/v2"><Speed>0.000000</Speed></TPX></Extensions></Trackpoint>
     <Trackpoint><Time>2026-02-03T20:13:28.135Z</Time><HeartRateBpm><Value>130</Value></HeartRateBpm><Extensions><TPX xmlns="http://www.garmin.com/xmlschemas/ActivityExtension/v2"><Speed>0.000000</Speed></TPX></Extensions></Trackpoint>
     <Trackpoint><Time>2026-02-03T20:13:29.135Z</Time><HeartRateBpm><Value>130</Value></HeartRateBpm><Extensions><TPX xmlns="http://www.garmin.com/xmlschemas/ActivityExtension/v2"><Speed>0.000000</Speed></TPX></Extensions></Trackpoint>
     <Trackpoint><Time>2026-02-03T20:13:30.516Z</Time><HeartRateBpm><Value>131</Value></HeartRateBpm><Extensions><TPX xmlns="http://www.garmin.com/xmlschemas/ActivityExtension/v2"><Speed>0.000000</Speed></TPX></Extensions></Trackpoint>
     <Trackpoint><Time>2026-02-03T20:13:31.642Z</Time><HeartRateBpm><Value>131</Value></HeartRateBpm><Extensions><TPX xmlns="http://www.garmin.com/xmlschemas/ActivityExtension/v2"><Speed>0.000000</Speed></TPX></Extensions></Trackpoint>
     <Trackpoint><Time>2026-02-03T20:13:33.135Z</Time><HeartRateBpm><Value>131</Value></HeartRateBpm><Extensions><TPX xmlns="http://www.garmin.com/xmlschemas/ActivityExtension/v2"><Speed>0.000000</Speed></TPX></Extensions></Trackpoint>
     <Trackpoint><Time>2026-02-03T20:13:34.135Z</Time><HeartRateBpm><Value>131</Value></HeartRateBpm><Extensions><TPX xmlns="http://www.garmin.com/xmlschemas/ActivityExtension/v2"><Speed>0.000000</Speed></TPX></Extensions></Trackpoint>
     <Trackpoint><Time>2026-02-03T20:13:35.511Z</Time><HeartRateBpm><Value>132</Value></HeartRateBpm><Extensions><TPX xmlns="http://www.garmin.com/xmlschemas/ActivityExtension/v2"><Speed>0.000000</Speed></TPX></Extensions></Trackpoint>
     <Trackpoint><Time>2026-02-03T20:13:36.741Z</Time><HeartRateBpm><Value>132</Value></HeartRateBpm><Extensions><TPX xmlns="http://www.garmin.com/xmlschemas/ActivityExtension/v2"><Speed>0.000000</Speed></TPX></Extensions></Trackpoint>
     <Trackpoint><Time>2026-02-03T20:13:38.135Z</Time><HeartRateBpm><Value>132</Value></HeartRateBpm><Extensions><TPX xmlns="http://www.garmin.com/xmlschemas/ActivityExtension/v2"><Speed>0.000000</Speed></TPX></Extensions></Trackpoint>
     <Trackpoint><Time>2026-02-03T20:13:39.135Z</Time><HeartRateBpm><Value>132</Value></HeartRateBpm><Extensions><TPX xmlns="http://www.garmin.com/xmlschemas/ActivityExtension/v2"><Speed>0.000000</Speed></TPX></Extensions></Trackpoint>
     <Trackpoint><Time>2026-02-03T20:13:40.514Z</Time><HeartRateBpm><Value>132</Value></HeartRateBpm><Extensions><TPX xmlns="http://www.garmin.com/xmlschemas/ActivityExtension/v2"><Speed>0.000000</Speed></TPX></Extensions></Trackpoint>
     <Trackpoint><Time>2026-02-03T20:13:41.838Z</Time><HeartRateBpm><Value>132</Value></HeartRateBpm><Extensions><TPX xmlns="http://www.garmin.com/xmlschemas/ActivityExtension/v2"><Speed>0.000000</Speed></TPX></Extensions></Trackpoint>
     <Trackpoint><Time>2026-02-03T20:13:43.135Z</Time><HeartRateBpm><Value>132</Value></HeartRateBpm><Extensions><TPX xmlns="http://www.garmin.com/xmlschemas/ActivityExtension/v2"><Speed>0.000000</Speed></TPX></Extensions></Trackpoint>
     <Trackpoint><Time>2026-02-03T20:13:44.135Z</Time><HeartRateBpm><Value>132</Value></HeartRateBpm><Extensions><TPX xmlns="http://www.garmin.com/xmlschemas/ActivityExtension/v2"><Speed>0.000000</Speed></TPX></Extensions></Trackpoint>
     <Trackpoint><Time>2026-02-03T20:13:45.135Z</Time><HeartRateBpm><Value>132</Value></HeartRateBpm><Extensions><TPX xmlns="http://www.garmin.com/xmlschemas/ActivityExtension/v2"><Speed>0.000000</Speed></TPX></Extensions></Trackpoint>
     <Trackpoint><Time>2026-02-03T20:13:46.983Z</Time><HeartRateBpm><Value>136</Value></HeartRateBpm><Extensions><TPX xmlns="http://www.garmin.com/xmlschemas/ActivityExtension/v2"><Speed>0.000000</Speed></TPX></Extensions></Trackpoint>
     <Trackpoint><Time>2026-02-03T20:13:48.135Z</Time><HeartRateBpm><Value>136</Value></HeartRateBpm><Extensions><TPX xmlns="http://www.garmin.com/xmlschemas/ActivityExtension/v2"><Speed>0.000000</Speed></TPX></Extensions></Trackpoint>
     <Trackpoint><Time>2026-02-03T20:13:49.135Z</Time><HeartRateBpm><Value>136</Value></HeartRateBpm><Extensions><TPX xmlns="http://www.garmin.com/xmlschemas/ActivityExtension/v2"><Speed>0.000000</Speed></TPX></Extensions></Trackpoint>
     <Trackpoint><Time>2026-02-03T20:13:50.135Z</Time><HeartRateBpm><Value>136</Value></HeartRateBpm><Extensions><TPX xmlns="http://www.garmin.com/xmlschemas/ActivityExtension/v2"><Speed>0.000000</Speed></TPX></Extensions></Trackpoint>
     <Trackpoint><Time>2026-02-03T20:13:52.036Z</Time><HeartRateBpm><Value>136</Value></HeartRateBpm><Extensions><TPX xmlns="http://www.garmin.com/xmlschemas/ActivityExtension/v2"><Speed>0.000000</Speed></TPX></Extensions></Trackpoint>
     <Trackpoint><Time>2026-02-03T20:13:53.135Z</Time><HeartRateBpm><Value>136</Value></HeartRateBpm><Extensions><TPX xmlns="http://www.garmin.com/xmlschemas/ActivityExtension/v2"><Speed>0.000000</Speed></TPX></Extensions></Trackpoint>
     <Trackpoint><Time>2026-02-03T20:13:54.587Z</Time><HeartRateBpm><Value>136</Value></HeartRateBpm><Extensions><TPX xmlns="http://www.garmin.com/xmlschemas/ActivityExtension/v2"><Speed>0.000000</Speed></TPX></Extensions></Trackpoint>
     <Trackpoint><Time>2026-02-03T20:13:56.135Z</Time><HeartRateBpm><Value>136</Value></HeartRateBpm><Extensions><TPX xmlns="http://www.garmin.com/xmlschemas/ActivityExtension/v2"><Speed>0.000000</Speed></TPX></Extensions></Trackpoint>
     <Trackpoint><Time>2026-02-03T20:13:58.135Z</Time><HeartRateBpm><Value>136</Value></HeartRateBpm><Extensions><TPX xmlns="http://www.garmin.com/xmlschemas/ActivityExtension/v2"><Speed>0.000000</Speed></TPX></Extensions></Trackpoint>
     <Trackpoint><Time>2026-02-03T20:13:59.135Z</Time><HeartRateBpm><Value>136</Value></HeartRateBpm><Extensions><TPX xmlns="http://www.garmin.com/xmlschemas/ActivityExtension/v2"><Speed>0.000000</Speed></TPX></Extensions></Trackpoint>
     <Trackpoint><Time>2026-02-03T20:14:00.135Z</Time><HeartRateBpm><Value>136</Value></HeartRateBpm><Extensions><TPX xmlns="http://www.garmin.com/xmlschemas/ActivityExtension/v2"><Speed>0.000000</Speed></TPX></Extensions></Trackpoint>
     <Trackpoint><Time>2026-02-03T20:14:02.135Z</Time><HeartRateBpm><Value>136</Value></HeartRateBpm><Extensions><TPX xmlns="http://www.garmin.com/xmlschemas/ActivityExtension/v2"><Speed>0.000000</Speed></TPX></Extensions></Trackpoint>
     <Trackpoint><Time>2026-02-03T20:14:04.135Z</Time><HeartRateBpm><Value>136</Value></HeartRateBpm><Extensions><TPX xmlns="http://www.garmin.com/xmlschemas/ActivityExtension/v2"><Speed>0.000000</Speed></TPX></Extensions></Trackpoint>
     <Trackpoint><Time>2026-02-03T20:14:06.135Z</Time><HeartRateBpm><Value>134</Value></HeartRateBpm><Extensions><TPX xmlns="http://www.garmin.com/xmlschemas/ActivityExtension/v2"><Speed>0.000000</Speed></TPX></Extensions></Trackpoint>
     <Trackpoint><Time>2026-02-03T20:14:07.333Z</Time><HeartRateBpm><Value>134</Value></HeartRateBpm><Extensions><TPX xmlns="http://www.garmin.com/xmlschemas/ActivityExtension/v2"><Speed>0.000000</Speed></TPX></Extensions></Trackpoint>
     <Trackpoint><Time>2026-02-03T20:14:09.135Z</Time><HeartRateBpm><Value>134</Value></HeartRateBpm><Extensions><TPX xmlns="http://www.garmin.com/xmlschemas/ActivityExtension/v2"><Speed>0.000000</Speed></TPX></Extensions></Trackpoint>
     <Trackpoint><Time>2026-02-03T20:14:11.135Z</Time><HeartRateBpm><Value>134</Value></HeartRateBpm><Extensions><TPX xmlns="http://www.garmin.com/xmlschemas/ActivityExtension/v2"><Speed>0.000000</Speed></TPX></Extensions></Trackpoint>
     <Trackpoint><Time>2026-02-03T20:14:12.425Z</Time><HeartRateBpm><Value>134</Value></HeartRateBpm><Extensions><TPX xmlns="http://www.garmin.com/xmlschemas/ActivityExtension/v2"><Speed>0.000000</Speed></TPX></Extensions></Trackpoint>
     <Trackpoint><Time>2026-02-03T20:14:14.135Z</Time><HeartRateBpm><Value>134</Value></HeartRateBpm><Extensions><TPX xmlns="http://www.garmin.com/xmlschemas/ActivityExtension/v2"><Speed>0.000000</Speed></TPX></Extensions></Trackpoint>
     <Trackpoint><Time>2026-02-03T20:14:16.135Z</Time><HeartRateBpm><Value>132</Value></HeartRateBpm><Extensions><TPX xmlns="http://www.garmin.com/xmlschemas/ActivityExtension/v2"><Speed>0.000000</Speed></TPX></Extensions></Trackpoint>
     <Trackpoint><Time>2026-02-03T20:14:17.135Z</Time><HeartRateBpm><Value>132</Value></HeartRateBpm><Extensions><TPX xmlns="http://www.garmin.com/xmlschemas/ActivityExtension/v2"><Speed>0.000000</Speed></TPX></Extensions></Trackpoint>
     <Trackpoint><Time>2026-02-03T20:14:18.135Z</Time><HeartRateBpm><Value>132</Value></HeartRateBpm><Extensions><TPX xmlns="http://www.garmin.com/xmlschemas/ActivityExtension/v2"><Speed>0.000000</Speed></TPX></Extensions></Trackpoint>
     <Trackpoint><Time>2026-02-03T20:14:19.135Z</Time><HeartRateBpm><Value>132</Value></HeartRateBpm><Extensions><TPX xmlns="http://www.garmin.com/xmlschemas/ActivityExtension/v2"><Speed>0.000000</Speed></TPX></Extensions></Trackpoint>
     <Trackpoint><Time>2026-02-03T20:14:20.135Z</Time><HeartRateBpm><Value>132</Value></HeartRateBpm><Extensions><TPX xmlns="http://www.garmin.com/xmlschemas/ActivityExtension/v2"><Speed>0.000000</Speed></TPX></Extensions></Trackpoint>
     <Trackpoint><Time>2026-02-03T20:14:22.135Z</Time><HeartRateBpm><Value>132</Value></HeartRateBpm><Extensions><TPX xmlns="http://www.garmin.com/xmlschemas/ActivityExtension/v2"><Speed>0.000000</Speed></TPX></Extensions></Trackpoint>
     <Trackpoint><Time>2026-02-03T20:14:24.135Z</Time><HeartRateBpm><Value>132</Value></HeartRateBpm><Extensions><TPX xmlns="http://www.garmin.com/xmlschemas/ActivityExtension/v2"><Speed>0.000000</Speed></TPX></Extensions></Trackpoint>
     <Trackpoint><Time>2026-02-03T20:14:25.135Z</Time><HeartRateBpm><Value>132</Value></HeartRateBpm><Extensions><TPX xmlns="http://www.garmin.com/xmlschemas/ActivityExtension/v2"><Speed>0.000000</Speed></TPX></Extensions></Trackpoint>
     <Trackpoint><Time>2026-02-03T20:14:27.135Z</Time><HeartRateBpm><Value>132</Value></HeartRateBpm><Extensions><TPX xmlns="http://www.garmin.com/xmlschemas/ActivityExtension/v2"><Speed>0.000000</Speed></TPX></Extensions></Trackpoint>
     <Trackpoint><Time>2026-02-03T20:14:28.135Z</Time><HeartRateBpm><Value>132</Value></HeartRateBpm><Extensions><TPX xmlns="http://www.garmin.com/xmlschemas/ActivityExtension/v2"><Speed>0.000000</Speed></TPX></Extensions></Trackpoint>
     <Trackpoint><Time>2026-02-03T20:14:30.135Z</Time><HeartRateBpm><Value>132</Value></HeartRateBpm><Extensions><TPX xmlns="http://www.garmin.com/xmlschemas/ActivityExtension/v2"><Speed>0.000000</Speed></TPX></Extensions></Trackpoint>
     <Trackpoint><Time>2026-02-03T20:14:32.135Z</Time><HeartRateBpm><Value>134</Value></HeartRateBpm><Extensions><TPX xmlns="http://www.garmin.com/xmlschemas/ActivityExtension/v2"><Speed>0.000000</Speed></TPX></Extensions></Trackpoint>
     <Trackpoint><Time>2026-02-03T20:14:34.135Z</Time><HeartRateBpm><Value>134</Value></HeartRateBpm><Extensions><TPX xmlns="http://www.garmin.com/xmlschemas/ActivityExtension/v2"><Speed>0.000000</Speed></TPX></Extensions></Trackpoint>
     <Trackpoint><Time>2026-02-03T20:14:35.367Z</Time><HeartRateBpm><Value>134</Value></HeartRateBpm><Extensions><TPX xmlns="http://www.garmin.com/xmlschemas/ActivityExtension/v2"><Speed>0.000000</Speed></TPX></Extensions></Trackpoint>
     <Trackpoint><Time>2026-02-03T20:14:37.135Z</Time><HeartRateBpm><Value>134</Value></HeartRateBpm><Extensions><TPX xmlns="http://www.garmin.com/xmlschemas/ActivityExtension/v2"><Speed>0.000000</Speed></TPX></Extensions></Trackpoint>
     <Trackpoint><Time>2026-02-03T20:14:38.135Z</Time><HeartRateBpm><Value>134</Value></HeartRateBpm><Extensions><TPX xmlns="http://www.garmin.com/xmlschemas/ActivityExtension/v2"><Speed>0.000000</Speed></TPX></Extensions></Trackpoint>
     <Trackpoint><Time>2026-02-03T20:14:40.135Z</Time><HeartRateBpm><Value>134</Value></HeartRateBpm><Extensions><TPX xmlns="http://www.garmin.com/xmlschemas/ActivityExtension/v2"><Speed>0.000000</Speed></TPX></Extensions></Trackpoint>
     <Trackpoint><Time>2026-02-03T20:14:42.135Z</Time><HeartRateBpm><Value>137</Value></HeartRateBpm><Extensions><TPX xmlns="http://www.garmin.com/xmlschemas/ActivityExtension/v2"><Speed>0.000000</Speed></TPX></Extensions></Trackpoint>
     <Trackpoint><Time>2026-02-03T20:14:44.135Z</Time><HeartRateBpm><Value>137</Value></HeartRateBpm><Extensions><TPX xmlns="http://www.garmin.com/xmlschemas/ActivityExtension/v2"><Speed>0.000000</Speed></TPX></Extensions></Trackpoint>
     <Trackpoint><Time>2026-02-03T20:14:45.514Z</Time><HeartRateBpm><Value>137</Value></HeartRateBpm><Extensions><TPX xmlns="http://www.garmin.com/xmlschemas/ActivityExtension/v2"><Speed>0.000000</Speed></TPX></Extensions></Trackpoint>
     <Trackpoint><Time>2026-02-03T20:14:47.135Z</Time><HeartRateBpm><Value>137</Value></HeartRateBpm><Extensions><TPX xmlns="http://www.garmin.com/xmlschemas/ActivityExtension/v2"><Speed>0.000000</Speed></TPX></Extensions></Trackpoint>
     <Trackpoint><Time>2026-02-03T20:14:48.135Z</Time><HeartRateBpm><Value>137</Value></HeartRateBpm><Extensions><TPX xmlns="http://www.garmin.com/xmlschemas/ActivityExtension/v2"><Speed>0.000000</Speed></TPX></Extensions></Trackpoint>
     <Trackpoint><Time>2026-02-03T20:14:50.135Z</Time><HeartRateBpm><Value>137</Value></HeartRateBpm><Extensions><TPX xmlns="http://www.garmin.com/xmlschemas/ActivityExtension/v2"><Speed>0.000000</Speed></TPX></Extensions></Trackpoint>
     <Trackpoint><Time>2026-02-03T20:14:52.135Z</Time><HeartRateBpm><Value>137</Value></HeartRateBpm><Extensions><TPX xmlns="http://www.garmin.com/xmlschemas/ActivityExtension/v2"><Speed>0.000000</Speed></TPX></Extensions></Trackpoint>
     <Trackpoint><Time>2026-02-03T20:14:53.213Z</Time><HeartRateBpm><Value>137</Value></HeartRateBpm><Extensions><TPX xmlns="http://www.garmin.com/xmlschemas/ActivityExtension/v2"><Speed>0.000000</Speed></TPX></Extensions></Trackpoint>
     <Trackpoint><Time>2026-02-03T20:14:55.135Z</Time><HeartRateBpm><Value>137</Value></HeartRateBpm><Extensions><TPX xmlns="http://www.garmin.com/xmlschemas/ActivityExtension/v2"><Speed>0.000000</Speed></TPX></Extensions></Trackpoint>
     <Trackpoint><Time>2026-02-03T20:14:57.135Z</Time><HeartRateBpm><Value>136</Value></HeartRateBpm><Extensions><TPX xmlns="http://www.garmin.com/xmlschemas/ActivityExtension/v2"><Speed>0.000000</Speed></TPX></Extensions></Trackpoint>
     <Trackpoint><Time>2026-02-03T20:14:58.135Z</Time><HeartRateBpm><Value>136</Value></HeartRateBpm><Extensions><TPX xmlns="http://www.garmin.com/xmlschemas/ActivityExtension/v2"><Speed>0.000000</Speed></TPX></Extensions></Trackpoint>
     <Trackpoint><Time>2026-02-03T20:14:59.135Z</Time><HeartRateBpm><Value>136</Value></HeartRateBpm><Extensions><TPX xmlns="http://www.garmin.com/xmlschemas/ActivityExtension/v2"><Speed>0.000000</Speed></TPX></Extensions></Trackpoint>
     <Trackpoint><Time>2026-02-03T20:15:00.135Z</Time><HeartRateBpm><Value>136</Value></HeartRateBpm><Extensions><TPX xmlns="http://www.garmin.com/xmlschemas/ActivityExtension/v2"><Speed>0.000000</Speed></TPX></Extensions></Trackpoint>
     <Trackpoint><Time>2026-02-03T20:15:02.135Z</Time><HeartRateBpm><Value>136</Value></HeartRateBpm><Extensions><TPX xmlns="http://www.garmin.com/xmlschemas/ActivityExtension/v2"><Speed>0.000000</Speed></TPX></Extensions></Trackpoint>
     <Trackpoint><Time>2026-02-03T20:15:03.135Z</Time><HeartRateBpm><Value>136</Value></HeartRateBpm><Extensions><TPX xmlns="http://www.garmin.com/xmlschemas/ActivityExtension/v2"><Speed>0.000000</Speed></TPX></Extensions></Trackpoint>
     <Trackpoint><Time>2026-02-03T20:15:05.135Z</Time><HeartRateBpm><Value>136</Value></HeartRateBpm><Extensions><TPX xmlns="http://www.garmin.com/xmlschemas/ActivityExtension/v2"><Speed>0.000000</Speed></TPX></Extensions></Trackpoint>
     <Trackpoint><Time>2026-02-03T20:15:07.135Z</Time><HeartRateBpm><Value>136</Value></HeartRateBpm><Extensions><TPX xmlns="http://www.garmin.com/xmlschemas/ActivityExtension/v2"><Speed>0.000000</Speed></TPX></Extensions></Trackpoint>
     <Trackpoint><Time>2026-02-03T20:15:08.511Z</Time><HeartRateBpm><Value>136</Value></HeartRateBpm><Extensions><TPX xmlns="http://www.garmin.com/xmlschemas/ActivityExtension/v2"><Speed>0.000000</Speed></TPX></Extensions></Trackpoint>
     <Trackpoint><Time>2026-02-03T20:15:10.135Z</Time><HeartRateBpm><Value>136</Value></HeartRateBpm><Extensions><TPX xmlns="http://www.garmin.com/xmlschemas/ActivityExtension/v2"><Speed>0.000000</Speed></TPX></Extensions></Trackpoint>
     <Trackpoint><Time>2026-02-03T20:15:11.135Z</Time><HeartRateBpm><Value>134</Value></HeartRateBpm><Extensions><TPX xmlns="http://www.garmin.com/xmlschemas/ActivityExtension/v2"><Speed>0.000000</Speed></TPX></Extensions></Trackpoint>
     <Trackpoint><Time>2026-02-03T20:15:12.135Z</Time><HeartRateBpm><Value>134</Value></HeartRateBpm><Extensions><TPX xmlns="http://www.garmin.com/xmlschemas/ActivityExtension/v2"><Speed>0.000000</Speed></TPX></Extensions></Trackpoint>
     <Trackpoint><Time>2026-02-03T20:15:13.601Z</Time><HeartRateBpm><Value>134</Value></HeartRateBpm><Extensions><TPX xmlns="http://www.garmin.com/xmlschemas/ActivityExtension/v2"><Speed>0.000000</Speed></TPX></Extensions></Trackpoint>
     <Trackpoint><Time>2026-02-03T20:15:15.135Z</Time><HeartRateBpm><Value>134</Value></HeartRateBpm><Extensions><TPX xmlns="http://www.garmin.com/xmlschemas/ActivityExtension/v2"><Speed>0.000000</Speed></TPX></Extensions></Trackpoint>
     <Trackpoint><Time>2026-02-03T20:15:16.154Z</Time><HeartRateBpm><Value>136</Value></HeartRateBpm><Extensions><TPX xmlns="http://www.garmin.com/xmlschemas/ActivityExtension/v2"><Speed>0.000000</Speed></TPX></Extensions></Trackpoint>
     <Trackpoint><Time>2026-02-03T20:15:18.135Z</Time><HeartRateBpm><Value>136</Value></HeartRateBpm><Extensions><TPX xmlns="http://www.garmin.com/xmlschemas/ActivityExtension/v2"><Speed>0.000000</Speed></TPX></Extensions></Trackpoint>
     <Trackpoint><Time>2026-02-03T20:15:20.135Z</Time><HeartRateBpm><Value>136</Value></HeartRateBpm><Extensions><TPX xmlns="http://www.garmin.com/xmlschemas/ActivityExtension/v2"><Speed>0.000000</Speed></TPX></Extensions></Trackpoint>
     <Trackpoint><Time>2026-02-03T20:15:21.256Z</Time><HeartRateBpm><Value>136</Value></HeartRateBpm><Extensions><TPX xmlns="http://www.garmin.com/xmlschemas/ActivityExtension/v2"><Speed>0.000000</Speed></TPX></Extensions></Trackpoint>
     <Trackpoint><Time>2026-02-03T20:15:23.135Z</Time><HeartRateBpm><Value>136</Value></HeartRateBpm><Extensions><TPX xmlns="http://www.garmin.com/xmlschemas/ActivityExtension/v2"><Speed>0.000000</Speed></TPX></Extensions></Trackpoint>
     <Trackpoint><Time>2026-02-03T20:15:24.135Z</Time><HeartRateBpm><Value>136</Value></HeartRateBpm><Extensions><TPX xmlns="http://www.garmin.com/xmlschemas/ActivityExtension/v2"><Speed>0.000000</Speed></TPX></Extensions></Trackpoint>
     <Trackpoint><Time>2026-02-03T20:15:25.545Z</Time><HeartRateBpm><Value>136</Value></HeartRateBpm><Extensions><TPX xmlns="http://www.garmin.com/xmlschemas/ActivityExtension/v2"><Speed>0.000000</Speed></TPX></Extensions></Trackpoint>
     <Trackpoint><Time>2026-02-03T20:15:27.135Z</Time><HeartRateBpm><Value>136</Value></HeartRateBpm><Extensions><TPX xmlns="http://www.garmin.com/xmlschemas/ActivityExtension/v2"><Speed>0.000000</Speed></TPX></Extensions></Trackpoint>
     <Trackpoint><Time>2026-02-03T20:15:28.135Z</Time><HeartRateBpm><Value>136</Value></HeartRateBpm><Extensions><TPX xmlns="http://www.garmin.com/xmlschemas/ActivityExtension/v2"><Speed>0.000000</Speed></TPX></Extensions></Trackpoint>
     <Trackpoint><Time>2026-02-03T20:15:30.134Z</Time><HeartRateBpm><Value>136</Value></HeartRateBpm><Extensions><TPX xmlns="http://www.garmin.com/xmlschemas/ActivityExtension/v2"><Speed>0.000000</Speed></TPX></Extensions></Trackpoint>
     <Trackpoint><Time>2026-02-03T20:15:31.135Z</Time><HeartRateBpm><Value>136</Value></HeartRateBpm><Extensions><TPX xmlns="http://www.garmin.com/xmlschemas/ActivityExtension/v2"><Speed>0.000000</Speed></TPX></Extensions></Trackpoint>
     <Trackpoint><Time>2026-02-03T20:15:32.135Z</Time><HeartRateBpm><Value>136</Value></HeartRateBpm><Extensions><TPX xmlns="http://www.garmin.com/xmlschemas/ActivityExtension/v2"><Speed>0.000000</Speed></TPX></Extensions></Trackpoint>
     <Trackpoint><Time>2026-02-03T20:15:33.998Z</Time><HeartRateBpm><Value>136</Value></HeartRateBpm><Extensions><TPX xmlns="http://www.garmin.com/xmlschemas/ActivityExtension/v2"><Speed>0.000000</Speed></TPX></Extensions></Trackpoint>
     <Trackpoint><Time>2026-02-03T20:15:35.135Z</Time><HeartRateBpm><Value>136</Value></HeartRateBpm><Extensions><TPX xmlns="http://www.garmin.com/xmlschemas/ActivityExtension/v2"><Speed>0.000000</Speed></TPX></Extensions></Trackpoint>
     <Trackpoint><Time>2026-02-03T20:15:36.135Z</Time><HeartRateBpm><Value>136</Value></HeartRateBpm><Extensions><TPX xmlns="http://www.garmin.com/xmlschemas/ActivityExtension/v2"><Speed>0.000000</Speed></TPX></Extensions></Trackpoint>
     <Trackpoint><Time>2026-02-03T20:15:38.135Z</Time><HeartRateBpm><Value>136</Value></HeartRateBpm><Extensions><TPX xmlns="http://www.garmin.com/xmlschemas/ActivityExtension/v2"><Speed>0.000000</Speed></TPX></Extensions></Trackpoint>
     <Trackpoint><Time>2026-02-03T20:15:40.135Z</Time><HeartRateBpm><Value>136</Value></HeartRateBpm><Extensions><TPX xmlns="http://www.garmin.com/xmlschemas/ActivityExtension/v2"><Speed>0.000000</Speed></TPX></Extensions></Trackpoint>
     <Trackpoint><Time>2026-02-03T20:15:41.135Z</Time><HeartRateBpm><Value>136</Value></HeartRateBpm><Extensions><TPX xmlns="http://www.garmin.com/xmlschemas/ActivityExtension/v2"><Speed>0.000000</Speed></TPX></Extensions></Trackpoint>
     <Trackpoint><Time>2026-02-03T20:15:43.135Z</Time><HeartRateBpm><Value>136</Value></HeartRateBpm><Extensions><TPX xmlns="http://www.garmin.com/xmlschemas/ActivityExtension/v2"><Speed>0.000000</Speed></TPX></Extensions></Trackpoint>
     <Trackpoint><Time>2026-02-03T20:15:44.135Z</Time><HeartRateBpm><Value>136</Value></HeartRateBpm><Extensions><TPX xmlns="http://www.garmin.com/xmlschemas/ActivityExtension/v2"><Speed>0.000000</Speed></TPX></Extensions></Trackpoint>
     <Trackpoint><Time>2026-02-03T20:15:45.978Z</Time><HeartRateBpm><Value>134</Value></HeartRateBpm><Extensions><TPX xmlns="http://www.garmin.com/xmlschemas/ActivityExtension/v2"><Speed>0.000000</Speed></TPX></Extensions></Trackpoint>
     <Trackpoint><Time>2026-02-03T20:15:47.135Z</Time><HeartRateBpm><Value>134</Value></HeartRateBpm><Extensions><TPX xmlns="http://www.garmin.com/xmlschemas/ActivityExtension/v2"><Speed>0.000000</Speed></TPX></Extensions></Trackpoint>
     <Trackpoint><Time>2026-02-03T20:15:49.134Z</Time><HeartRateBpm><Value>134</Value></HeartRateBpm><Extensions><TPX xmlns="http://www.garmin.com/xmlschemas/ActivityExtension/v2"><Speed>0.000000</Speed></TPX></Extensions></Trackpoint>
     <Trackpoint><Time>2026-02-03T20:15:50.135Z</Time><HeartRateBpm><Value>134</Value></HeartRateBpm><Extensions><TPX xmlns="http://www.garmin.com/xmlschemas/ActivityExtension/v2"><Speed>0.000000</Speed></TPX></Extensions></Trackpoint>
     <Trackpoint><Time>2026-02-03T20:15:51.135Z</Time><HeartRateBpm><Value>135</Value></HeartRateBpm><Extensions><TPX xmlns="http://www.garmin.com/xmlschemas/ActivityExtension/v2"><Speed>0.000000</Speed></TPX></Extensions></Trackpoint>
     <Trackpoint><Time>2026-02-03T20:15:53.135Z</Time><HeartRateBpm><Value>135</Value></HeartRateBpm><Extensions><TPX xmlns="http://www.garmin.com/xmlschemas/ActivityExtension/v2"><Speed>0.000000</Speed></TPX></Extensions></Trackpoint>
     <Trackpoint><Time>2026-02-03T20:15:54.386Z</Time><HeartRateBpm><Value>135</Value></HeartRateBpm><Extensions><TPX xmlns="http://www.garmin.com/xmlschemas/ActivityExtension/v2"><Speed>0.000000</Speed></TPX></Extensions></Trackpoint>
     <Trackpoint><Time>2026-02-03T20:15:55.512Z</Time><HeartRateBpm><Value>134</Value></HeartRateBpm><Extensions><TPX xmlns="http://www.garmin.com/xmlschemas/ActivityExtension/v2"><Speed>0.000000</Speed></TPX></Extensions></Trackpoint>
     <Trackpoint><Time>2026-02-03T20:15:56.935Z</Time><HeartRateBpm><Value>134</Value></HeartRateBpm><Extensions><TPX xmlns="http://www.garmin.com/xmlschemas/ActivityExtension/v2"><Speed>0.000000</Speed></TPX></Extensions></Trackpoint>
     <Trackpoint><Time>2026-02-03T20:15:58.135Z</Time><HeartRateBpm><Value>134</Value></HeartRateBpm><Extensions><TPX xmlns="http://www.garmin.com/xmlschemas/ActivityExtension/v2"><Speed>0.000000</Speed></TPX></Extensions></Trackpoint>
     <Trackpoint><Time>2026-02-03T20:15:59.483Z</Time><HeartRateBpm><Value>134</Value></HeartRateBpm><Extensions><TPX xmlns="http://www.garmin.com/xmlschemas/ActivityExtension/v2"><Speed>0.000000</Speed></TPX></Extensions></Trackpoint>
     <Trackpoint><Time>2026-02-03T20:16:00.547Z</Time><HeartRateBpm><Value>136</Value></HeartRateBpm><Extensions><TPX xmlns="http://www.garmin.com/xmlschemas/ActivityExtension/v2"><Speed>0.000000</Speed></TPX></Extensions></Trackpoint>
     <Trackpoint><Time>2026-02-03T20:16:02.033Z</Time><HeartRateBpm><Value>136</Value></HeartRateBpm><Extensions><TPX xmlns="http://www.garmin.com/xmlschemas/ActivityExtension/v2"><Speed>0.000000</Speed></TPX></Extensions></Trackpoint>
     <Trackpoint><Time>2026-02-03T20:16:03.135Z</Time><HeartRateBpm><Value>136</Value></HeartRateBpm><Extensions><TPX xmlns="http://www.garmin.com/xmlschemas/ActivityExtension/v2"><Speed>0.000000</Speed></TPX></Extensions></Trackpoint>
     <Trackpoint><Time>2026-02-03T20:16:04.135Z</Time><HeartRateBpm><Value>136</Value></HeartRateBpm><Extensions><TPX xmlns="http://www.garmin.com/xmlschemas/ActivityExtension/v2"><Speed>0.000000</Speed></TPX></Extensions></Trackpoint>
     <Trackpoint><Time>2026-02-03T20:16:06.135Z</Time><HeartRateBpm><Value>137</Value></HeartRateBpm><Extensions><TPX xmlns="http://www.garmin.com/xmlschemas/ActivityExtension/v2"><Speed>0.000000</Speed></TPX></Extensions></Trackpoint>
     <Trackpoint><Time>2026-02-03T20:16:07.135Z</Time><HeartRateBpm><Value>137</Value></HeartRateBpm><Extensions><TPX xmlns="http://www.garmin.com/xmlschemas/ActivityExtension/v2"><Speed>0.000000</Speed></TPX></Extensions></Trackpoint>
     <Trackpoint><Time>2026-02-03T20:16:09.135Z</Time><HeartRateBpm><Value>137</Value></HeartRateBpm><Extensions><TPX xmlns="http://www.garmin.com/xmlschemas/ActivityExtension/v2"><Speed>0.000000</Speed></TPX></Extensions></Trackpoint>
     <Trackpoint><Time>2026-02-03T20:16:10.984Z</Time><HeartRateBpm><Value>134</Value></HeartRateBpm><Extensions><TPX xmlns="http://www.garmin.com/xmlschemas/ActivityExtension/v2"><Speed>0.000000</Speed></TPX></Extensions></Trackpoint>
     <Trackpoint><Time>2026-02-03T20:16:12.135Z</Time><HeartRateBpm><Value>134</Value></HeartRateBpm><Extensions><TPX xmlns="http://www.garmin.com/xmlschemas/ActivityExtension/v2"><Speed>0.000000</Speed></TPX></Extensions></Trackpoint>
     <Trackpoint><Time>2026-02-03T20:16:14.135Z</Time><HeartRateBpm><Value>134</Value></HeartRateBpm><Extensions><TPX xmlns="http://www.garmin.com/xmlschemas/ActivityExtension/v2"><Speed>0.000000</Speed></TPX></Extensions></Trackpoint>
     <Trackpoint><Time>2026-02-03T20:16:15.135Z</Time><HeartRateBpm><Value>135</Value></HeartRateBpm><Extensions><TPX xmlns="http://www.garmin.com/xmlschemas/ActivityExtension/v2"><Speed>0.000000</Speed></TPX></Extensions></Trackpoint>
     <Trackpoint><Time>2026-02-03T20:16:17.135Z</Time><HeartRateBpm><Value>135</Value></HeartRateBpm><Extensions><TPX xmlns="http://www.garmin.com/xmlschemas/ActivityExtension/v2"><Speed>0.000000</Speed></TPX></Extensions></Trackpoint>
     <Trackpoint><Time>2026-02-03T20:16:18.135Z</Time><HeartRateBpm><Value>135</Value></HeartRateBpm><Extensions><TPX xmlns="http://www.garmin.com/xmlschemas/ActivityExtension/v2"><Speed>0.000000</Speed></TPX></Extensions></Trackpoint>
     <Trackpoint><Time>2026-02-03T20:16:19.135Z</Time><HeartRateBpm><Value>135</Value></HeartRateBpm><Extensions><TPX xmlns="http://www.garmin.com/xmlschemas/ActivityExtension/v2"><Speed>0.000000</Speed></TPX></Extensions></Trackpoint>
     <Trackpoint><Time>2026-02-03T20:16:21.135Z</Time><HeartRateBpm><Value>136</Value></HeartRateBpm><Extensions><TPX xmlns="http://www.garmin.com/xmlschemas/ActivityExtension/v2"><Speed>0.000000</Speed></TPX></Extensions></Trackpoint>
     <Trackpoint><Time>2026-02-03T20:16:22.135Z</Time><HeartRateBpm><Value>136</Value></HeartRateBpm><Extensions><TPX xmlns="http://www.garmin.com/xmlschemas/ActivityExtension/v2"><Speed>0.000000</Speed></TPX></Extensions></Trackpoint>
     <Trackpoint><Time>2026-02-03T20:16:24.135Z</Time><HeartRateBpm><Value>136</Value></HeartRateBpm><Extensions><TPX xmlns="http://www.garmin.com/xmlschemas/ActivityExtension/v2"><Speed>0.000000</Speed></TPX></Extensions></Trackpoint>
     <Trackpoint><Time>2026-02-03T20:16:25.135Z</Time><HeartRateBpm><Value>134</Value></HeartRateBpm><Extensions><TPX xmlns="http://www.garmin.com/xmlschemas/ActivityExtension/v2"><Speed>0.000000</Speed></TPX></Extensions></Trackpoint>
     <Trackpoint><Time>2026-02-03T20:16:26.135Z</Time><HeartRateBpm><Value>134</Value></HeartRateBpm><Extensions><TPX xmlns="http://www.garmin.com/xmlschemas/ActivityExtension/v2"><Speed>0.000000</Speed></TPX></Extensions></Trackpoint>
     <Trackpoint><Time>2026-02-03T20:16:27.524Z</Time><HeartRateBpm><Value>134</Value></HeartRateBpm><Extensions><TPX xmlns="http://www.garmin.com/xmlschemas/ActivityExtension/v2"><Speed>0.000000</Speed></TPX></Extensions></Trackpoint>
     <Trackpoint><Time>2026-02-03T20:16:29.135Z</Time><HeartRateBpm><Value>134</Value></HeartRateBpm><Extensions><TPX xmlns="http://www.garmin.com/xmlschemas/ActivityExtension/v2"><Speed>0.000000</Speed></TPX></Extensions></Trackpoint>
     <Trackpoint><Time>2026-02-03T20:16:30.135Z</Time><HeartRateBpm><Value>137</Value></HeartRateBpm><Extensions><TPX xmlns="http://www.garmin.com/xmlschemas/ActivityExtension/v2"><Speed>0.000000</Speed></TPX></Extensions></Trackpoint>
     <Trackpoint><Time>2026-02-03T20:16:32.135Z</Time><HeartRateBpm><Value>137</Value></HeartRateBpm><Extensions><TPX xmlns="http://www.garmin.com/xmlschemas/ActivityExtension/v2"><Speed>0.000000</Speed></TPX></Extensions></Trackpoint>
     <Trackpoint><Time>2026-02-03T20:16:34.135Z</Time><HeartRateBpm><Value>137</Value></HeartRateBpm><Extensions><TPX xmlns="http://www.garmin.com/xmlschemas/ActivityExtension/v2"><Speed>0.000000</Speed></TPX></Extensions></Trackpoint>
     <Trackpoint><Time>2026-02-03T20:16:35.196Z</Time><HeartRateBpm><Value>137</Value></HeartRateBpm><Extensions><TPX xmlns="http://www.garmin.com/xmlschemas/ActivityExtension/v2"><Speed>0.000000</Speed></TPX></Extensions></Trackpoint>
     <Trackpoint><Time>2026-02-03T20:16:37.135Z</Time><HeartRateBpm><Value>136</Value></HeartRateBpm><Extensions><TPX xmlns="http://www.garmin.com/xmlschemas/ActivityExtension/v2"><Speed>0.000000</Speed></TPX></Extensions></Trackpoint>
     <Trackpoint><Time>2026-02-03T20:16:38.135Z</Time><HeartRateBpm><Value>136</Value></HeartRateBpm><Extensions><TPX xmlns="http://www.garmin.com/xmlschemas/ActivityExtension/v2"><Speed>0.000000</Speed></TPX></Extensions></Trackpoint>
     <Trackpoint><Time>2026-02-03T20:16:40.135Z</Time><HeartRateBpm><Value>136</Value></HeartRateBpm><Extensions><TPX xmlns="http://www.garmin.com/xmlschemas/ActivityExtension/v2"><Speed>0.000000</Speed></TPX></Extensions></Trackpoint>
     <Trackpoint><Time>2026-02-03T20:16:41.135Z</Time><HeartRateBpm><Value>136</Value></HeartRateBpm><Extensions><TPX xmlns="http://www.garmin.com/xmlschemas/ActivityExtension/v2"><Speed>0.000000</Speed></TPX></Extensions></Trackpoint>
     <Trackpoint><Time>2026-02-03T20:16:42.135Z</Time><HeartRateBpm><Value>136</Value></HeartRateBpm><Extensions><TPX xmlns="http://www.garmin.com/xmlschemas/ActivityExtension/v2"><Speed>0.000000</Speed></TPX></Extensions></Trackpoint>
     <Trackpoint><Time>2026-02-03T20:16:44.135Z</Time><HeartRateBpm><Value>136</Value></HeartRateBpm><Extensions><TPX xmlns="http://www.garmin.com/xmlschemas/ActivityExtension/v2"><Speed>0.000000</Speed></TPX></Extensions></Trackpoint>
     <Trackpoint><Time>2026-02-03T20:16:45.365Z</Time><HeartRateBpm><Value>136</Value></HeartRateBpm><Extensions><TPX xmlns="http://www.garmin.com/xmlschemas/ActivityExtension/v2"><Speed>0.000000</Speed></TPX></Extensions></Trackpoint>
     <Trackpoint><Time>2026-02-03T20:16:47.135Z</Time><HeartRateBpm><Value>135</Value></HeartRateBpm><Extensions><TPX xmlns="http://www.garmin.com/xmlschemas/ActivityExtension/v2"><Speed>0.000000</Speed></TPX></Extensions></Trackpoint>
     <Trackpoint><Time>2026-02-03T20:16:48.135Z</Time><HeartRateBpm><Value>135</Value></HeartRateBpm><Extensions><TPX xmlns="http://www.garmin.com/xmlschemas/ActivityExtension/v2"><Speed>0.000000</Speed></TPX></Extensions></Trackpoint>
     <Trackpoint><Time>2026-02-03T20:16:49.135Z</Time><HeartRateBpm><Value>135</Value></HeartRateBpm><Extensions><TPX xmlns="http://www.garmin.com/xmlschemas/ActivityExtension/v2"><Speed>0.000000</Speed></TPX></Extensions></Trackpoint>
     <Trackpoint><Time>2026-02-03T20:16:50.465Z</Time><HeartRateBpm><Value>135</Value></HeartRateBpm><Extensions><TPX xmlns="http://www.garmin.com/xmlschemas/ActivityExtension/v2"><Speed>0.000000</Speed></TPX></Extensions></Trackpoint>
     <Trackpoint><Time>2026-02-03T20:16:52.135Z</Time><HeartRateBpm><Value>135</Value></HeartRateBpm><Extensions><TPX xmlns="http://www.garmin.com/xmlschemas/ActivityExtension/v2"><Speed>0.000000</Speed></TPX></Extensions></Trackpoint>
     <Trackpoint><Time>2026-02-03T20:16:54.135Z</Time><HeartRateBpm><Value>135</Value></HeartRateBpm><Extensions><TPX xmlns="http://www.garmin.com/xmlschemas/ActivityExtension/v2"><Speed>0.000000</Speed></TPX></Extensions></Trackpoint>
     <Trackpoint><Time>2026-02-03T20:16:55.135Z</Time><HeartRateBpm><Value>135</Value></HeartRateBpm><Extensions><TPX xmlns="http://www.garmin.com/xmlschemas/ActivityExtension/v2"><Speed>0.000000</Speed></TPX></Extensions></Trackpoint>
     <Trackpoint><Time>2026-02-03T20:16:56.135Z</Time><HeartRateBpm><Value>135</Value></HeartRateBpm><Extensions><TPX xmlns="http://www.garmin.com/xmlschemas/ActivityExtension/v2"><Speed>0.000000</Speed></TPX></Extensions></Trackpoint>
     <Trackpoint><Time>2026-02-03T20:16:58.111Z</Time><HeartRateBpm><Value>135</Value></HeartRateBpm><Extensions><TPX xmlns="http://www.garmin.com/xmlschemas/ActivityExtension/v2"><Speed>0.000000</Speed></TPX></Extensions></Trackpoint>
     <Trackpoint><Time>2026-02-03T20:16:59.135Z</Time><HeartRateBpm><Value>135</Value></HeartRateBpm><Extensions><TPX xmlns="http://www.garmin.com/xmlschemas/ActivityExtension/v2"><Speed>0.000000</Speed></TPX></Extensions></Trackpoint>
     <Trackpoint><Time>2026-02-03T20:17:00.135Z</Time><HeartRateBpm><Value>135</Value></HeartRateBpm><Extensions><TPX xmlns="http://www.garmin.com/xmlschemas/ActivityExtension/v2"><Speed>0.000000</Speed></TPX></Extensions></Trackpoint>
     <Trackpoint><Time>2026-02-03T20:17:01.142Z</Time><HeartRateBpm><Value>135</Value></HeartRateBpm><Extensions><TPX xmlns="http://www.garmin.com/xmlschemas/ActivityExtension/v2"><Speed>0.000000</Speed></TPX></Extensions></Trackpoint>
    </Track>
   </Lap>
   <Lap StartTime="2026-02-03T20:17:03.135Z">
    <TotalTimeSeconds>600</TotalTimeSeconds>
    <AverageHeartRateBpm><Value>137</Value></AverageHeartRateBpm>
    <MaximumHeartRateBpm><Value>142</Value></MaximumHeartRateBpm>
    <Calories>108</Calories>
    <Track>
     <Trackpoint><Time>2026-02-03T20:17:03.135Z</Time><HeartRateBpm><Value>135</Value></HeartRateBpm><Extensions><TPX xmlns="http://www.garmin.com/xmlschemas/ActivityExtension/v2"><Speed>0.000000</Speed></TPX></Extensions></Trackpoint>
     <Trackpoint><Time>2026-02-03T20:17:04.135Z</Time><HeartRateBpm><Value>135</Value></HeartRateBpm><Extensions><TPX xmlns="http://www.garmin.com/xmlschemas/ActivityExtension/v2"><Speed>0.000000</Speed></TPX></Extensions></Trackpoint>
     <Trackpoint><Time>2026-02-03T20:17:05.135Z</Time><HeartRateBpm><Value>135</Value></HeartRateBpm><Extensions><TPX xmlns="http://www.garmin.com/xmlschemas/ActivityExtension/v2"><Speed>0.000000</Speed></TPX></Extensions></Trackpoint>
     <Trackpoint><Time>2026-02-03T20:17:07.135Z</Time><HeartRateBpm><Value>136</Value></HeartRateBpm><Extensions><TPX xmlns="http://www.garmin.com/xmlschemas/ActivityExtension/v2"><Speed>0.000000</Speed></TPX></Extensions></Trackpoint>
     <Trackpoint><Time>2026-02-03T20:17:08.135Z</Time><HeartRateBpm><Value>136</Value></HeartRateBpm><Extensions><TPX xmlns="http://www.garmin.com/xmlschemas/ActivityExtension/v2"><Speed>0.000000</Speed></TPX></Extensions></Trackpoint>
     <Trackpoint><Time>2026-02-03T20:17:09.135Z</Time><HeartRateBpm><Value>136</Value></HeartRateBpm><Extensions><TPX xmlns="http://www.garmin.com/xmlschemas/ActivityExtension/v2"><Speed>0.000000</Speed></TPX></Extensions></Trackpoint>
     <Trackpoint><Time>2026-02-03T20:17:10.512Z</Time><HeartRateBpm><Value>136</Value></HeartRateBpm><Extensions><TPX xmlns="http://www.garmin.com/xmlschemas/ActivityExtension/v2"><Speed>0.000000</Speed></TPX></Extensions></Trackpoint>
     <Trackpoint><Time>2026-02-03T20:17:12.135Z</Time><HeartRateBpm><Value>136</Value></HeartRateBpm><Extensions><TPX xmlns="http://www.garmin.com/xmlschemas/ActivityExtension/v2"><Speed>0.000000</Speed></TPX></Extensions></Trackpoint>
     <Trackpoint><Time>2026-02-03T20:17:13.406Z</Time><HeartRateBpm><Value>136</Value></HeartRateBpm><Extensions><TPX xmlns="http://www.garmin.com/xmlschemas/ActivityExtension/v2"><Speed>0.000000</Speed></TPX></Extensions></Trackpoint>
     <Trackpoint><Time>2026-02-03T20:17:15.135Z</Time><HeartRateBpm><Value>136</Value></HeartRateBpm><Extensions><TPX xmlns="http://www.garmin.com/xmlschemas/ActivityExtension/v2"><Speed>0.000000</Speed></TPX></Extensions></Trackpoint>
     <Trackpoint><Time>2026-02-03T20:17:16.135Z</Time><HeartRateBpm><Value>136</Value></HeartRateBpm><Extensions><TPX xmlns="http://www.garmin.com/xmlschemas/ActivityExtension/v2"><Speed>0.000000</Speed></TPX></Extensions></Trackpoint>
     <Trackpoint><Time>2026-02-03T20:17:18.135Z</Time><HeartRateBpm><Value>136</Value></HeartRateBpm><Extensions><TPX xmlns="http://www.garmin.com/xmlschemas/ActivityExtension/v2"><Speed>0.000000</Speed></TPX></Extensions></Trackpoint>
     <Trackpoint><Time>2026-02-03T20:17:19.135Z</Time><HeartRateBpm><Value>136</Value></HeartRateBpm><Extensions><TPX xmlns="http://www.garmin.com/xmlschemas/ActivityExtension/v2"><Speed>0.000000</Speed></TPX></Extensions></Trackpoint>
     <Trackpoint><Time>2026-02-03T20:17:20.135Z</Time><HeartRateBpm><Value>136</Value></HeartRateBpm><Extensions><TPX xmlns="http://www.garmin.com/xmlschemas/ActivityExtension/v2"><Speed>0.000000</Speed></TPX></Extensions></Trackpoint>
     <Trackpoint><Time>2026-02-03T20:17:21.135Z</Time><HeartRateBpm><Value>135</Value></HeartRateBpm><Extensions><TPX xmlns="http://www.garmin.com/xmlschemas/ActivityExtension/v2"><Speed>0.000000</Speed></TPX></Extensions></Trackpoint>
     <Trackpoint><Time>2026-02-03T20:17:23.135Z</Time><HeartRateBpm><Value>135</Value></HeartRateBpm><Extensions><TPX xmlns="http://www.garmin.com/xmlschemas/ActivityExtension/v2"><Speed>0.000000</Speed></TPX></Extensions></Trackpoint>
     <Trackpoint><Time>2026-02-03T20:17:25.135Z</Time><HeartRateBpm><Value>135</Value></HeartRateBpm><Extensions><TPX xmlns="http://www.garmin.com/xmlschemas/ActivityExtension/v2"><Speed>0.000000</Speed></TPX></Extensions></Trackpoint>
     <Trackpoint><Time>2026-02-03T20:17:26.135Z</Time><HeartRateBpm><Value>135</Value></HeartRateBpm><Extensions><TPX xmlns="http://www.garmin.com/xmlschemas/ActivityExtension/v2"><Speed>0.000000</Speed></TPX></Extensions></Trackpoint>
     <Trackpoint><Time>2026-02-03T20:17:28.135Z</Time><HeartRateBpm><Value>135</Value></HeartRateBpm><Extensions><TPX xmlns="http://www.garmin.com/xmlschemas/ActivityExtension/v2"><Speed>0.000000</Speed></TPX></Extensions></Trackpoint>
     <Trackpoint><Time>2026-02-03T20:17:29.135Z</Time><HeartRateBpm><Value>135</Value></HeartRateBpm><Extensions><TPX xmlns="http://www.garmin.com/xmlschemas/ActivityExtension/v2"><Speed>0.000000</Speed></TPX></Extensions></Trackpoint>
     <Trackpoint><Time>2026-02-03T20:17:30.521Z</Time><HeartRateBpm><Value>136</Value></HeartRateBpm><Extensions><TPX xmlns="http://www.garmin.com/xmlschemas/ActivityExtension/v2"><Speed>0.000000</Speed></TPX></Extensions></Trackpoint>
     <Trackpoint><Time>2026-02-03T20:17:32.135Z</Time><HeartRateBpm><Value>136</Value></HeartRateBpm><Extensions><TPX xmlns="http://www.garmin.com/xmlschemas/ActivityExtension/v2"><Speed>0.000000</Speed></TPX></Extensions></Trackpoint>
     <Trackpoint><Time>2026-02-03T20:17:33.135Z</Time><HeartRateBpm><Value>136</Value></HeartRateBpm><Extensions><TPX xmlns="http://www.garmin.com/xmlschemas/ActivityExtension/v2"><Speed>0.000000</Speed></TPX></Extensions></Trackpoint>
     <Trackpoint><Time>2026-02-03T20:17:34.135Z</Time><HeartRateBpm><Value>136</Value></HeartRateBpm><Extensions><TPX xmlns="http://www.garmin.com/xmlschemas/ActivityExtension/v2"><Speed>0.000000</Speed></TPX></Extensions></Trackpoint>
     <Trackpoint><Time>2026-02-03T20:17:35.982Z</Time><HeartRateBpm><Value>138</Value></HeartRateBpm><Extensions><TPX xmlns="http://www.garmin.com/xmlschemas/ActivityExtension/v2"><Speed>0.000000</Speed></TPX></Extensions></Trackpoint>
     <Trackpoint><Time>2026-02-03T20:17:37.134Z</Time><HeartRateBpm><Value>138</Value></HeartRateBpm><Extensions><TPX xmlns="http://www.garmin.com/xmlschemas/ActivityExtension/v2"><Speed>0.000000</Speed></TPX></Extensions></Trackpoint>
     <Trackpoint><Time>2026-02-03T20:17:38.135Z</Time><HeartRateBpm><Value>138</Value></HeartRateBpm><Extensions><TPX xmlns="http://www.garmin.com/xmlschemas/ActivityExtension/v2"><Speed>0.000000</Speed></TPX></Extensions></Trackpoint>
     <Trackpoint><Time>2026-02-03T20:17:40.135Z</Time><HeartRateBpm><Value>138</Value></HeartRateBpm><Extensions><TPX xmlns="http://www.garmin.com/xmlschemas/ActivityExtension/v2"><Speed>0.000000</Speed></TPX></Extensions></Trackpoint>
     <Trackpoint><Time>2026-02-03T20:17:41.443Z</Time><HeartRateBpm><Value>138</Value></HeartRateBpm><Extensions><TPX xmlns="http://www.garmin.com/xmlschemas/ActivityExtension/v2"><Speed>0.000000</Speed></TPX></Extensions></Trackpoint>
     <Trackpoint><Time>2026-02-03T20:17:43.135Z</Time><HeartRateBpm><Value>138</Value></HeartRateBpm><Extensions><TPX xmlns="http://www.garmin.com/xmlschemas/ActivityExtension/v2"><Speed>0.000000</Speed></TPX></Extensions></Trackpoint>
     <Trackpoint><Time>2026-02-03T20:17:45.135Z</Time><HeartRateBpm><Value>138</Value></HeartRateBpm><Extensions><TPX xmlns="http://www.garmin.com/xmlschemas/ActivityExtension/v2"><Speed>0.000000</Speed></TPX></Extensions></Trackpoint>
     <Trackpoint><Time>2026-02-03T20:17:46.540Z</Time><HeartRateBpm><Value>139</Value></HeartRateBpm><Extensions><TPX xmlns="http://www.garmin.com/xmlschemas/ActivityExtension/v2"><Speed>0.000000</Speed></TPX></Extensions></Trackpoint>
     <Trackpoint><Time>2026-02-03T20:17:48.135Z</Time><HeartRateBpm><Value>139</Value></HeartRateBpm><Extensions><TPX xmlns="http://www.garmin.com/xmlschemas/ActivityExtension/v2"><Speed>0.000000</Speed></TPX></Extensions></Trackpoint>
     <Trackpoint><Time>2026-02-03T20:17:49.135Z</Time><HeartRateBpm><Value>139</Value></HeartRateBpm><Extensions><TPX xmlns="http://www.garmin.com/xmlschemas/ActivityExtension/v2"><Speed>0.000000</Speed></TPX></Extensions></Trackpoint>
     <Trackpoint><Time>2026-02-03T20:17:50.982Z</Time><HeartRateBpm><Value>139</Value></HeartRateBpm><Extensions><TPX xmlns="http://www.garmin.com/xmlschemas/ActivityExtension/v2"><Speed>0.000000</Speed></TPX></Extensions></Trackpoint>
     <Trackpoint><Time>2026-02-03T20:17:52.135Z</Time><HeartRateBpm><Value>139</Value></HeartRateBpm><Extensions><TPX xmlns="http://www.garmin.com/xmlschemas/ActivityExtension/v2"><Speed>0.000000</Speed></TPX></Extensions></Trackpoint>
     <Trackpoint><Time>2026-02-03T20:17:54.135Z</Time><HeartRateBpm><Value>139</Value></HeartRateBpm><Extensions><TPX xmlns="http://www.garmin.com/xmlschemas/ActivityExtension/v2"><Speed>0.000000</Speed></TPX></Extensions></Trackpoint>
     <Trackpoint><Time>2026-02-03T20:17:55.516Z</Time><HeartRateBpm><Value>140</Value></HeartRateBpm><Extensions><TPX xmlns="http://www.garmin.com/xmlschemas/ActivityExtension/v2"><Speed>0.000000</Speed></TPX></Extensions></Trackpoint>
     <Trackpoint><Time>2026-02-03T20:17:56.737Z</Time><HeartRateBpm><Value>140</Value></HeartRateBpm><Extensions><TPX xmlns="http://www.garmin.com/xmlschemas/ActivityExtension/v2"><Speed>0.000000</Speed></TPX></Extensions></Trackpoint>
     <Trackpoint><Time>2026-02-03T20:17:58.135Z</Time><HeartRateBpm><Value>140</Value></HeartRateBpm><Extensions><TPX xmlns="http://www.garmin.com/xmlschemas/ActivityExtension/v2"><Speed>0.000000</Speed></TPX></Extensions></Trackpoint>
     <Trackpoint><Time>2026-02-03T20:17:59.280Z</Time><HeartRateBpm><Value>140</Value></HeartRateBpm><Extensions><TPX xmlns="http://www.garmin.com/xmlschemas/ActivityExtension/v2"><Speed>0.000000</Speed></TPX></Extensions></Trackpoint>
     <Trackpoint><Time>2026-02-03T20:18:00.980Z</Time><HeartRateBpm><Value>141</Value></HeartRateBpm><Extensions><TPX xmlns="http://www.garmin.com/xmlschemas/ActivityExtension/v2"><Speed>0.000000</Speed></TPX></Extensions></Trackpoint>
     <Trackpoint><Time>2026-02-03T20:18:02.135Z</Time><HeartRateBpm><Value>141</Value></HeartRateBpm><Extensions><TPX xmlns="http://www.garmin.com/xmlschemas/ActivityExtension/v2"><Speed>0.000000</Speed></TPX></Extensions></Trackpoint>
     <Trackpoint><Time>2026-02-03T20:18:03.135Z</Time><HeartRateBpm><Value>141</Value></HeartRateBpm><Extensions><TPX xmlns="http://www.garmin.com/xmlschemas/ActivityExtension/v2"><Speed>0.000000</Speed></TPX></Extensions></Trackpoint>
     <Trackpoint><Time>2026-02-03T20:18:04.388Z</Time><HeartRateBpm><Value>141</Value></HeartRateBpm><Extensions><TPX xmlns="http://www.garmin.com/xmlschemas/ActivityExtension/v2"><Speed>0.000000</Speed></TPX></Extensions></Trackpoint>
     <Trackpoint><Time>2026-02-03T20:18:05.513Z</Time><HeartRateBpm><Value>140</Value></HeartRateBpm><Extensions><TPX xmlns="http://www.garmin.com/xmlschemas/ActivityExtension/v2"><Speed>0.000000</Speed></TPX></Extensions></Trackpoint>
     <Trackpoint><Time>2026-02-03T20:18:06.933Z</Time><HeartRateBpm><Value>140</Value></HeartRateBpm><Extensions><TPX xmlns="http://www.garmin.com/xmlschemas/ActivityExtension/v2"><Speed>0.000000</Speed></TPX></Extensions></Trackpoint>
     <Trackpoint><Time>2026-02-03T20:18:08.135Z</Time><HeartRateBpm><Value>140</Value></HeartRateBpm><Extensions><TPX xmlns="http://www.garmin.com/xmlschemas/ActivityExtension/v2"><Speed>0.000000</Speed></TPX></Extensions></Trackpoint>
     <Trackpoint><Time>2026-02-03T20:18:09.135Z</Time><HeartRateBpm><Value>140</Value></HeartRateBpm><Extensions><TPX xmlns="http://www.garmin.com/xmlschemas/ActivityExtension/v2"><Speed>0.000000</Speed></TPX></Extensions></Trackpoint>
     <Trackpoint><Time>2026-02-03T20:18:10.135Z</Time><HeartRateBpm><Value>140</Value></HeartRateBpm><Extensions><TPX xmlns="http://www.garmin.com/xmlschemas/ActivityExtension/v2"><Speed>0.000000</Speed></TPX></Extensions></Trackpoint>
     <Trackpoint><Time>2026-02-03T20:18:12.034Z</Time><HeartRateBpm><Value>137</Value></HeartRateBpm><Extensions><TPX xmlns="http://www.garmin.com/xmlschemas/ActivityExtension/v2"><Speed>0.000000</Speed></TPX></Extensions></Trackpoint>
     <Trackpoint><Time>2026-02-03T20:18:13.135Z</Time><HeartRateBpm><Value>137</Value></HeartRateBpm><Extensions><TPX xmlns="http://www.garmin.com/xmlschemas/ActivityExtension/v2"><Speed>0.000000</Speed></TPX></Extensions></Trackpoint>
     <Trackpoint><Time>2026-02-03T20:18:14.584Z</Time><HeartRateBpm><Value>137</Value></HeartRateBpm><Extensions><TPX xmlns="http://www.garmin.com/xmlschemas/ActivityExtension/v2"><Speed>0.000000</Speed></TPX></Extensions></Trackpoint>
     <Trackpoint><Time>2026-02-03T20:18:16.135Z</Time><HeartRateBpm><Value>136</Value></HeartRateBpm><Extensions><TPX xmlns="http://www.garmin.com/xmlschemas/ActivityExtension/v2"><Speed>0.000000</Speed></TPX></Extensions></Trackpoint>
     <Trackpoint><Time>2026-02-03T20:18:18.135Z</Time><HeartRateBpm><Value>136</Value></HeartRateBpm><Extensions><TPX xmlns="http://www.garmin.com/xmlschemas/ActivityExtension/v2"><Speed>0.000000</Speed></TPX></Extensions></Trackpoint>
     <Trackpoint><Time>2026-02-03T20:18:19.135Z</Time><HeartRateBpm><Value>136</Value></HeartRateBpm><Extensions><TPX xmlns="http://www.garmin.com/xmlschemas/ActivityExtension/v2"><Speed>0.000000</Speed></TPX></Extensions></Trackpoint>
     <Trackpoint><Time>2026-02-03T20:18:20.135Z</Time><HeartRateBpm><Value>141</Value></HeartRateBpm><Extensions><TPX xmlns="http://www.garmin.com/xmlschemas/ActivityExtension/v2"><Speed>0.000000</Speed></TPX></Extensions></Trackpoint>
     <Trackpoint><Time>2026-02-03T20:18:22.135Z</Time><HeartRateBpm><Value>141</Value></HeartRateBpm><Extensions><TPX xmlns="http://www.garmin.com/xmlschemas/ActivityExtension/v2"><Speed>0.000000</Speed></TPX></Extensions></Trackpoint>
     <Trackpoint><Time>2026-02-03T20:18:24.135Z</Time><HeartRateBpm><Value>141</Value></HeartRateBpm><Extensions><TPX xmlns="http://www.garmin.com/xmlschemas/ActivityExtension/v2"><Speed>0.000000</Speed></TPX></Extensions></Trackpoint>
     <Trackpoint><Time>2026-02-03T20:18:25.135Z</Time><HeartRateBpm><Value>142</Value></HeartRateBpm><Extensions><TPX xmlns="http://www.garmin.com/xmlschemas/ActivityExtension/v2"><Speed>0.000000</Speed></TPX></Extensions></Trackpoint>
     <Trackpoint><Time>2026-02-03T20:18:26.135Z</Time><HeartRateBpm><Value>142</Value></HeartRateBpm><Extensions><TPX xmlns="http://www.garmin.com/xmlschemas/ActivityExtension/v2"><Speed>0.000000</Speed></TPX></Extensions></Trackpoint>
     <Trackpoint><Time>2026-02-03T20:18:27.327Z</Time><HeartRateBpm><Value>142</Value></HeartRateBpm><Extensions><TPX xmlns="http://www.garmin.com/xmlschemas/ActivityExtension/v2"><Speed>0.000000</Speed></TPX></Extensions></Trackpoint>
     <Trackpoint><Time>2026-02-03T20:18:29.135Z</Time><HeartRateBpm><Value>142</Value></HeartRateBpm><Extensions><TPX xmlns="http://www.garmin.com/xmlschemas/ActivityExtension/v2"><Speed>0.000000</Speed></TPX></Extensions></Trackpoint>
     <Trackpoint><Time>2026-02-03T20:18:31.135Z</Time><HeartRateBpm><Value>142</Value></HeartRateBpm><Extensions><TPX xmlns="http://www.garmin.com/xmlschemas/ActivityExtension/v2"><Speed>0.000000</Speed></TPX></Extensions></Trackpoint>
     <Trackpoint><Time>2026-02-03T20:18:32.135Z</Time><HeartRateBpm><Value>142</Value></HeartRateBpm><Extensions><TPX xmlns="http://www.garmin.com/xmlschemas/ActivityExtension/v2"><Speed>0.000000</Speed></TPX></Extensions></Trackpoint>
     <Trackpoint><Time>2026-02-03T20:18:34.135Z</Time><HeartRateBpm><Value>142</Value></HeartRateBpm><Extensions><TPX xmlns="http://www.garmin.com/xmlschemas/ActivityExtension/v2"><Speed>0.000000</Speed></TPX></Extensions></Trackpoint>
     <Trackpoint><Time>2026-02-03T20:18:36.135Z</Time><HeartRateBpm><Value>142</Value></HeartRateBpm><Extensions><TPX xmlns="http://www.garmin.com/xmlschemas/ActivityExtension/v2"><Speed>0.000000</Speed></TPX></Extensions></Trackpoint>
     <Trackpoint><Time>2026-02-03T20:18:37.527Z</Time><HeartRateBpm><Value>142</Value></HeartRateBpm><Extensions><TPX xmlns="http://www.garmin.com/xmlschemas/ActivityExtension/v2"><Speed>0.000000</Speed></TPX></Extensions></Trackpoint>
     <Trackpoint><Time>2026-02-03T20:18:39.135Z</Time><HeartRateBpm><Value>142</Value></HeartRateBpm><Extensions><TPX xmlns="http://www.garmin.com/xmlschemas/ActivityExtension/v2"><Speed>0.000000</Speed></TPX></Extensions></Trackpoint>
     <Trackpoint><Time>2026-02-03T20:18:41.135Z</Time><HeartRateBpm><Value>140</Value></HeartRateBpm><Extensions><TPX xmlns="http://www.garmin.com/xmlschemas/ActivityExtension/v2"><Speed>0.000000</Speed></TPX></Extensions></Trackpoint>
     <Trackpoint><Time>2026-02-03T20:18:42.135Z</Time><HeartRateBpm><Value>140</Value></HeartRateBpm><Extensions><TPX xmlns="http://www.garmin.com/xmlschemas/ActivityExtension/v2"><Speed>0.000000</Speed></TPX></Extensions></Trackpoint>
     <Trackpoint><Time>2026-02-03T20:18:44.135Z</Time><HeartRateBpm><Value>140</Value></HeartRateBpm><Extensions><TPX xmlns="http://www.garmin.com/xmlschemas/ActivityExtension/v2"><Speed>0.000000</Speed></TPX></Extensions></Trackpoint>
     <Trackpoint><Time>2026-02-03T20:18:45.173Z</Time><HeartRateBpm><Value>140</Value></HeartRateBpm><Extensions><TPX xmlns="http://www.garmin.com/xmlschemas/ActivityExtension/v2"><Speed>0.000000</Speed></TPX></Extensions></Trackpoint>
     <Trackpoint><Time>2026-02-03T20:18:47.135Z</Time><HeartRateBpm><Value>137</Value></HeartRateBpm><Extensions><TPX xmlns="http://www.garmin.com/xmlschemas/ActivityExtension/v2"><Speed>0.000000</Speed></TPX></Extensions></Trackpoint>
     <Trackpoint><Time>2026-02-03T20:18:49.135Z</Time><HeartRateBpm><Value>137</Value></HeartRateBpm><Extensions><TPX xmlns="http://www.garmin.com/xmlschemas/ActivityExtension/v2"><Speed>0.000000</Speed></TPX></Extensions></Trackpoint>
     <Trackpoint><Time>2026-02-03T20:18:50.135Z</Time><HeartRateBpm><Value>137</Value></HeartRateBpm><Extensions><TPX xmlns="http://www.garmin.com/xmlschemas/ActivityExtension/v2"><Speed>0.000000</Speed></TPX></Extensions></Trackpoint>
     <Trackpoint><Time>2026-02-03T20:18:52.135Z</Time><HeartRateBpm><Value>137</Value></HeartRateBpm><Extensions><TPX xmlns="http://www.garmin.com/xmlschemas/ActivityExtension/v2"><Speed>0.000000</Speed></TPX></Extensions></Trackpoint>
     <Trackpoint><Time>2026-02-03T20:18:54.135Z</Time><HeartRateBpm><Value>137</Value></HeartRateBpm><Extensions><TPX xmlns="http://www.garmin.com/xmlschemas/ActivityExtension/v2"><Speed>0.000000</Speed></TPX></Extensions></Trackpoint>
     <Trackpoint><Time>2026-02-03T20:18:55.368Z</Time><HeartRateBpm><Value>137</Value></HeartRateBpm><Extensions><TPX xmlns="http://www.garmin.com/xmlschemas/ActivityExtension/v2"><Speed>0.000000</Speed></TPX></Extensions></Trackpoint>
     <Trackpoint><Time>2026-02-03T20:18:57.135Z</Time><HeartRateBpm><Value>134</Value></HeartRateBpm><Extensions><TPX xmlns="http://www.garmin.com/xmlschemas/ActivityExtension/v2"><Speed>0.000000</Speed></TPX></Extensions></Trackpoint>
     <Trackpoint><Time>2026-02-03T20:18:58.135Z</Time><HeartRateBpm><Value>134</Value></HeartRateBpm><Extensions><TPX xmlns="http://www.garmin.com/xmlschemas/ActivityExtension/v2"><Speed>0.000000</Speed></TPX></Extensions></Trackpoint>
     <Trackpoint><Time>2026-02-03T20:19:00.135Z</Time><HeartRateBpm><Value>134</Value></HeartRateBpm><Extensions><TPX xmlns="http://www.garmin.com/xmlschemas/ActivityExtension/v2"><Speed>0.000000</Speed></TPX></Extensions></Trackpoint>
     <Trackpoint><Time>2026-02-03T20:19:02.135Z</Time><HeartRateBpm><Value>135</Value></HeartRateBpm><Extensions><TPX xmlns="http://www.garmin.com/xmlschemas/ActivityExtension/v2"><Speed>0.000000</Speed></TPX></Extensions></Trackpoint>
     <Trackpoint><Time>2026-02-03T20:19:03.135Z</Time><HeartRateBpm><Value>135</Value></HeartRateBpm><Extensions><TPX xmlns="http://www.garmin.com/xmlschemas/ActivityExtension/v2"><Speed>0.000000</Speed></TPX></Extensions></Trackpoint>
     <Trackpoint><Time>2026-02-03T20:19:04.135Z</Time><HeartRateBpm><Value>135</Value></HeartRateBpm><Extensions><TPX xmlns="http://www.garmin.com/xmlschemas/ActivityExtension/v2"><Speed>0.000000</Speed></TPX></Extensions></Trackpoint>
     <Trackpoint><Time>2026-02-03T20:19:05.570Z</Time><HeartRateBpm><Value>135</Value></HeartRateBpm><Extensions><TPX xmlns="http://www.garmin.com/xmlschemas/ActivityExtension/v2"><Speed>0.000000</Speed></TPX></Extensions></Trackpoint>
     <Trackpoint><Time>2026-02-03T20:19:07.135Z</Time><HeartRateBpm><Value>136</Value></HeartRateBpm><Extensions><TPX xmlns="http://www.garmin.com/xmlschemas/ActivityExtension/v2"><Speed>0.000000</Speed></TPX></Extensions></Trackpoint>
     <Trackpoint><Time>2026-02-03T20:19:09.135Z</Time><HeartRateBpm><Value>136</Value></HeartRateBpm><Extensions><TPX xmlns="http://www.garmin.com/xmlschemas/ActivityExtension/v2"><Speed>0.000000</Speed></TPX></Extensions></Trackpoint>
     <Trackpoint><Time>2026-02-03T20:19:10.135Z</Time><HeartRateBpm><Value>136</Value></HeartRateBpm><Extensions><TPX xmlns="http://www.garmin.com/xmlschemas/ActivityExtension/v2"><Speed>0.000000</Speed></TPX></Extensions></Trackpoint>
     <Trackpoint><Time>2026-02-03T20:19:12.135Z</Time><HeartRateBpm><Value>134</Value></HeartRateBpm><Extensions><TPX xmlns="http://www.garmin.com/xmlschemas/ActivityExtension/v2"><Speed>0.000000</Speed></TPX></Extensions></Trackpoint>
     <Trackpoint><Time>2026-02-03T20:19:13.135Z</Time><HeartRateBpm><Value>134</Value></HeartRateBpm><Extensions><TPX xmlns="http://www.garmin.com/xmlschemas/ActivityExtension/v2"><Speed>0.000000</Speed></TPX></Extensions></Trackpoint>
     <Trackpoint><Time>2026-02-03T20:19:14.135Z</Time><HeartRateBpm><Value>134</Value></HeartRateBpm><Extensions><TPX xmlns="http://www.garmin.com/xmlschemas/ActivityExtension/v2"><Speed>0.000000</Speed></TPX></Extensions></Trackpoint>
     <Trackpoint><Time>2026-02-03T20:19:15.547Z</Time><HeartRateBpm><Value>135</Value></HeartRateBpm><Extensions><TPX xmlns="http://www.garmin.com/xmlschemas/ActivityExtension/v2"><Speed>0.000000</Speed></TPX></Extensions></Trackpoint>
     <Trackpoint><Time>2026-02-03T20:19:17.135Z</Time><HeartRateBpm><Value>135</Value></HeartRateBpm><Extensions><TPX xmlns="http://www.garmin.com/xmlschemas/ActivityExtension/v2"><Speed>0.000000</Speed></TPX></Extensions></Trackpoint>
     <Trackpoint><Time>2026-02-03T20:19:18.306Z</Time><HeartRateBpm><Value>135</Value></HeartRateBpm><Extensions><TPX xmlns="http://www.garmin.com/xmlschemas/ActivityExtension/v2"><Speed>0.000000</Speed></TPX></Extensions></Trackpoint>
     <Trackpoint><Time>2026-02-03T20:19:20.135Z</Time><HeartRateBpm><Value>135</Value></HeartRateBpm><Extensions><TPX xmlns="http://www.garmin.com/xmlschemas/ActivityExtension/v2"><Speed>0.000000</Speed></TPX></Extensions></Trackpoint>
     <Trackpoint><Time>2026-02-03T20:19:22.135Z</Time><HeartRateBpm><Value>135</Value></HeartRateBpm><Extensions><TPX xmlns="http://www.garmin.com/xmlschemas/ActivityExtension/v2"><Speed>0.000000</Speed></TPX></Extensions></Trackpoint>
     <Trackpoint><Time>2026-02-03T20:19:23.406Z</Time><HeartRateBpm><Value>135</Value></HeartRateBpm><Extensions><TPX xmlns="http://www.garmin.com/xmlschemas/ActivityExtension/v2"><Speed>0.000000</Speed></TPX></Extensions></Trackpoint>
     <Trackpoint><Time>2026-02-03T20:19:25.135Z</Time><HeartRateBpm><Value>135</Value></HeartRateBpm><Extensions><TPX xmlns="http://www.garmin.com/xmlschemas/ActivityExtension/v2"><Speed>0.000000</Speed></TPX></Extensions></Trackpoint>
     <Trackpoint><Time>2026-02-03T20:19:26.135Z</Time><HeartRateBpm><Value>135</Value></HeartRateBpm><Extensions><TPX xmlns="http://www.garmin.com/xmlschemas/ActivityExtension/v2"><Speed>0.000000</Speed></TPX></Extensions></Trackpoint>
     <Trackpoint><Time>2026-02-03T20:19:28.135Z</Time><HeartRateBpm><Value>135</Value></HeartRateBpm><Extensions><TPX xmlns="http://www.garmin.com/xmlschemas/ActivityExtension/v2"><Speed>0.000000</Speed></TPX></Extensions></Trackpoint>
     <Trackpoint><Time>2026-02-03T20:19:29.135Z</Time><HeartRateBpm><Value>135</Value></HeartRateBpm><Extensions><TPX xmlns="http://www.garmin.com/xmlschemas/ActivityExtension/v2"><Speed>0.000000</Speed></TPX></Extensions></Trackpoint>
     <Trackpoint><Time>2026-02-03T20:19:30.135Z</Time><HeartRateBpm><Value>135</Value></HeartRateBpm><Extensions><TPX xmlns="http://www.garmin.com/xmlschemas/ActivityExtension/v2"><Speed>0.000000</Speed></TPX></Extensions></Trackpoint>
     <Trackpoint><Time>2026-02-03T20:19:32.135Z</Time><HeartRateBpm><Value>138</Value></HeartRateBpm><Extensions><TPX xmlns="http://www.garmin.com/xmlschemas/ActivityExtension/v2"><Speed>0.000000</Speed></TPX></Extensions></Trackpoint>
     <Trackpoint><Time>2026-02-03T20:19:33.602Z</Time><HeartRateBpm><Value>138</Value></HeartRateBpm><Extensions><TPX xmlns="http://www.garmin.com/xmlschemas/ActivityExtension/v2"><Speed>0.000000</Speed></TPX></Extensions></Trackpoint>
     <Trackpoint><Time>2026-02-03T20:19:35.134Z</Time><HeartRateBpm><Value>138</Value></HeartRateBpm><Extensions><TPX xmlns="http://www.garmin.com/xmlschemas/ActivityExtension/v2"><Speed>0.000000</Speed></TPX></Extensions></Trackpoint>
     <Trackpoint><Time>2026-02-03T20:19:36.135Z</Time><HeartRateBpm><Value>141</Value></HeartRateBpm><Extensions><TPX xmlns="http://www.garmin.com/xmlschemas/ActivityExtension/v2"><Speed>0.000000</Speed></TPX></Extensions></Trackpoint>
     <Trackpoint><Time>2026-02-03T20:19:38.135Z</Time><HeartRateBpm><Value>141</Value></HeartRateBpm><Extensions><TPX xmlns="http://www.garmin.com/xmlschemas/ActivityExtension/v2"><Speed>0.000000</Speed></TPX></Extensions></Trackpoint>
     <Trackpoint><Time>2026-02-03T20:19:40.135Z</Time><HeartRateBpm><Value>141</Value></HeartRateBpm><Extensions><TPX xmlns="http://www.garmin.com/xmlschemas/ActivityExtension/v2"><Speed>0.000000</Speed></TPX></Extensions></Trackpoint>
     <Trackpoint><Time>2026-02-03T20:19:41.247Z</Time><HeartRateBpm><Value>140</Value></HeartRateBpm><Extensions><TPX xmlns="http://www.garmin.com/xmlschemas/ActivityExtension/v2"><Speed>0.000000</Speed></TPX></Extensions></Trackpoint>
     <Trackpoint><Time>2026-02-03T20:19:43.134Z</Time><HeartRateBpm><Value>140</Value></HeartRateBpm><Extensions><TPX xmlns="http://www.garmin.com/xmlschemas/ActivityExtension/v2"><Speed>0.000000</Speed></TPX></Extensions></Trackpoint>
     <Trackpoint><Time>2026-02-03T20:19:44.135Z</Time><HeartRateBpm><Value>140</Value></HeartRateBpm><Extensions><TPX xmlns="http://www.garmin.com/xmlschemas/ActivityExtension/v2"><Speed>0.000000</Speed></TPX></Extensions></Trackpoint>
     <Trackpoint><Time>2026-02-03T20:19:45.135Z</Time><HeartRateBpm><Value>140</Value></HeartRateBpm><Extensions><TPX xmlns="http://www.garmin.com/xmlschemas/ActivityExtension/v2"><Speed>0.000000</Speed></TPX></Extensions></Trackpoint>
     <Trackpoint><Time>2026-02-03T20:19:46.145Z</Time><HeartRateBpm><Value>140</Value></HeartRateBpm><Extensions><TPX xmlns="http://www.garmin.com/xmlschemas/ActivityExtension/v2"><Speed>0.000000</Speed></TPX></Extensions></Trackpoint>
     <Trackpoint><Time>2026-02-03T20:19:48.135Z</Time><HeartRateBpm><Value>140</Value></HeartRateBpm><Extensions><TPX xmlns="http://www.garmin.com/xmlschemas/ActivityExtension/v2"><Speed>0.000000</Speed></TPX></Extensions></Trackpoint>
     <Trackpoint><Time>2026-02-03T20:19:50.135Z</Time><HeartRateBpm><Value>140</Value></HeartRateBpm><Extensions><TPX xmlns="http://www.garmin.com/xmlschemas/ActivityExtension/v2"><Speed>0.000000</Speed></TPX></Extensions></Trackpoint>
     <Trackpoint><Time>2026-02-03T20:19:51.135Z</Time><HeartRateBpm><Value>137</Value></HeartRateBpm><Extensions><TPX xmlns="http://www.garmin.com/xmlschemas/ActivityExtension/v2"><Speed>0.000000</Speed></TPX></Extensions></Trackpoint>
     <Trackpoint><Time>2026-02-03T20:19:52.136Z</Time><HeartRateBpm><Value>137</Value></HeartRateBpm><Extensions><TPX xmlns="http://www.garmin.com/xmlschemas/ActivityExtension/v2"><Speed>0.000000</Speed></TPX></Extensions></Trackpoint>
     <Trackpoint><Time>2026-02-03T20:19:54.000Z</Time><HeartRateBpm><Value>137</Value></HeartRateBpm><Extensions><TPX xmlns="http://www.garmin.com/xmlschemas/ActivityExtension/v2"><Speed>0.000000</Speed></TPX></Extensions></Trackpoint>
     <Trackpoint><Time>2026-02-03T20:19:55.135Z</Time><HeartRateBpm><Value>137</Value></HeartRateBpm><Extensions><TPX xmlns="http://www.garmin.com/xmlschemas/ActivityExtension/v2"><Speed>0.000000</Speed></TPX></Extensions></Trackpoint>
     <Trackpoint><Time>2026-02-03T20:19:56.544Z</Time><HeartRateBpm><Value>138</Value></HeartRateBpm><Extensions><TPX xmlns="http://www.garmin.com/xmlschemas/ActivityExtension/v2"><Speed>0.000000</Speed></TPX></Extensions></Trackpoint>
     <Trackpoint><Time>2026-02-03T20:19:58.135Z</Time><HeartRateBpm><Value>138</Value></HeartRateBpm><Extensions><TPX xmlns="http://www.garmin.com/xmlschemas/ActivityExtension/v2"><Speed>0.000000</Speed></TPX></Extensions></Trackpoint>
     <Trackpoint><Time>2026-02-03T20:20:00.135Z</Time><HeartRateBpm><Value>138</Value></HeartRateBpm><Extensions><TPX xmlns="http://www.garmin.com/xmlschemas/ActivityExtension/v2"><Speed>0.000000</Speed></TPX></Extensions></Trackpoint>
     <Trackpoint><Time>2026-02-03T20:20:01.651Z</Time><HeartRateBpm><Value>139</Value></HeartRateBpm><Extensions><TPX xmlns="http://www.garmin.com/xmlschemas/ActivityExtension/v2"><Speed>0.000000</Speed></TPX></Extensions></Trackpoint>
     <Trackpoint><Time>2026-02-03T20:20:03.134Z</Time><HeartRateBpm><Value>139</Value></HeartRateBpm><Extensions><TPX xmlns="http://www.garmin.com/xmlschemas/ActivityExtension/v2"><Speed>0.000000</Speed></TPX></Extensions></Trackpoint>
     <Trackpoint><Time>2026-02-03T20:20:04.134Z</Time><HeartRateBpm><Value>139</Value></HeartRateBpm><Extensions><TPX xmlns="http://www.garmin.com/xmlschemas/ActivityExtension/v2"><Speed>0.000000</Speed></TPX></Extensions></Trackpoint>
     <Trackpoint><Time>2026-02-03T20:20:05.135Z</Time><HeartRateBpm><Value>139</Value></HeartRateBpm><Extensions><TPX xmlns="http://www.garmin.com/xmlschemas/ActivityExtension/v2"><Speed>0.000000</Speed></TPX></Extensions></Trackpoint>
     <Trackpoint><Time>2026-02-03T20:20:06.135Z</Time><HeartRateBpm><Value>141</Value></HeartRateBpm><Extensions><TPX xmlns="http://www.garmin.com/xmlschemas/ActivityExtension/v2"><Speed>0.000000</Speed></TPX></Extensions></Trackpoint>
     <Trackpoint><Time>2026-02-03T20:20:08.135Z</Time><HeartRateBpm><Value>141</Value></HeartRateBpm><Extensions><TPX xmlns="http://www.garmin.com/xmlschemas/ActivityExtension/v2"><Speed>0.000000</Speed></TPX></Extensions></Trackpoint>
     <Trackpoint><Time>2026-02-03T20:20:09.288Z</Time><HeartRateBpm><Value>141</Value></HeartRateBpm><Extensions><TPX xmlns="http://www.garmin.com/xmlschemas/ActivityExtension/v2"><Speed>0.000000</Speed></TPX></Extensions></Trackpoint>
     <Trackpoint><Time>2026-02-03T20:20:10.548Z</Time><HeartRateBpm><Value>139</Value></HeartRateBpm><Extensions><TPX xmlns="http://www.garmin.com/xmlschemas/ActivityExtension/v2"><Speed>0.000000</Speed></TPX></Extensions></Trackpoint>
     <Trackpoint><Time>2026-02-03T20:20:11.845Z</Time><HeartRateBpm><Value>139</Value></HeartRateBpm><Extensions><TPX xmlns="http://www.garmin.com/xmlschemas/ActivityExtension/v2"><Speed>0.000000</Speed></TPX></Extensions></Trackpoint>
     <Trackpoint><Time>2026-02-03T20:20:13.134Z</Time><HeartRateBpm><Value>139</Value></HeartRateBpm><Extensions><TPX xmlns="http://www.garmin.com/xmlschemas/ActivityExtension/v2"><Speed>0.000000</Speed></TPX></Extensions></Trackpoint>
     <Trackpoint><Time>2026-02-03T20:20:14.135Z</Time><HeartRateBpm><Value>139</Value></HeartRateBpm><Extensions><TPX xmlns="http://www.garmin.com/xmlschemas/ActivityExtension/v2"><Speed>0.000000</Speed></TPX></Extensions></Trackpoint>
     <Trackpoint><Time>2026-02-03T20:20:15.135Z</Time><HeartRateBpm><Value>139</Value></HeartRateBpm><Extensions><TPX xmlns="http://www.garmin.com/xmlschemas/ActivityExtension/v2"><Speed>0.000000</Speed></TPX></Extensions></Trackpoint>
     <Trackpoint><Time>2026-02-03T20:20:16.135Z</Time><HeartRateBpm><Value>138</Value></HeartRateBpm><Extensions><TPX xmlns="http://www.garmin.com/xmlschemas/ActivityExtension/v2"><Speed>0.000000</Speed></TPX></Extensions></Trackpoint>
     <Trackpoint><Time>2026-02-03T20:20:18.134Z</Time><HeartRateBpm><Value>138</Value></HeartRateBpm><Extensions><TPX xmlns="http://www.garmin.com/xmlschemas/ActivityExtension/v2"><Speed>0.000000</Speed></TPX></Extensions></Trackpoint>
     <Trackpoint><Time>2026-02-03T20:20:19.482Z</Time><HeartRateBpm><Value>138</Value></HeartRateBpm><Extensions><TPX xmlns="http://www.garmin.com/xmlschemas/ActivityExtension/v2"><Speed>0.000000</Speed></TPX></Extensions></Trackpoint>
     <Trackpoint><Time>2026-02-03T20:20:20.545Z</Time><HeartRateBpm><Value>137</Value></HeartRateBpm><Extensions><TPX xmlns="http://www.garmin.com/xmlschemas/ActivityExtension/v2"><Speed>0.000000</Speed></TPX></Extensions></Trackpoint>
     <Trackpoint><Time>2026-02-03T20:20:22.033Z</Time><HeartRateBpm><Value>137</Value></HeartRateBpm><Extensions><TPX xmlns="http://www.garmin.com/xmlschemas/ActivityExtension/v2"><Speed>0.000000</Speed></TPX></Extensions></Trackpoint>
     <Trackpoint><Time>2026-02-03T20:20:23.135Z</Time><HeartRateBpm><Value>137</Value></HeartRateBpm><Extensions><TPX xmlns="http://www.garmin.com/xmlschemas/ActivityExtension/v2"><Speed>0.000000</Speed></TPX></Extensions></Trackpoint>
     <Trackpoint><Time>2026-02-03T20:20:24.580Z</Time><HeartRateBpm><Value>137</Value></HeartRateBpm><Extensions><TPX xmlns="http://www.garmin.com/xmlschemas/ActivityExtension/v2"><Speed>0.000000</Speed></TPX></Extensions></Trackpoint>
     <Trackpoint><Time>2026-02-03T20:20:26.135Z</Time><HeartRateBpm><Value>136</Value></HeartRateBpm><Extensions><TPX xmlns="http://www.garmin.com/xmlschemas/ActivityExtension/v2"><Speed>0.000000</Speed></TPX></Extensions></Trackpoint>
     <Trackpoint><Time>2026-02-03T20:20:27.135Z</Time><HeartRateBpm><Value>136</Value></HeartRateBpm><Extensions><TPX xmlns="http://www.garmin.com/xmlschemas/ActivityExtension/v2"><Speed>0.000000</Speed></TPX></Extensions></Trackpoint>
     <Trackpoint><Time>2026-02-03T20:20:29.134Z</Time><HeartRateBpm><Value>136</Value></HeartRateBpm><Extensions><TPX xmlns="http://www.garmin.com/xmlschemas/ActivityExtension/v2"><Speed>0.000000</Speed></TPX></Extensions></Trackpoint>
     <Trackpoint><Time>2026-02-03T20:20:30.135Z</Time><HeartRateBpm><Value>137</Value></HeartRateBpm><Extensions><TPX xmlns="http://www.garmin.com/xmlschemas/ActivityExtension/v2"><Speed>0.000000</Speed></TPX></Extensions></Trackpoint>
     <Trackpoint><Time>2026-02-03T20:20:32.135Z</Time><HeartRateBpm><Value>137</Value></HeartRateBpm><Extensions><TPX xmlns="http://www.garmin.com/xmlschemas/ActivityExtension/v2"><Speed>0.000000</Speed></TPX></Extensions></Trackpoint>
     <Trackpoint><Time>2026-02-03T20:20:33.136Z</Time><HeartRateBpm><Value>137</Value></HeartRateBpm><Extensions><TPX xmlns="http://www.garmin.com/xmlschemas/ActivityExtension/v2"><Speed>0.000000</Speed></TPX></Extensions></Trackpoint>
     <Trackpoint><Time>2026-02-03T20:20:34.782Z</Time><HeartRateBpm><Value>137</Value></HeartRateBpm><Extensions><TPX xmlns="http://www.garmin.com/xmlschemas/ActivityExtension/v2"><Speed>0.000000</Speed></TPX></Extensions></Trackpoint>
     <Trackpoint><Time>2026-02-03T20:20:36.134Z</Time><HeartRateBpm><Value>136</Value></HeartRateBpm><Extensions><TPX xmlns="http://www.garmin.com/xmlschemas/ActivityExtension/v2"><Speed>0.000000</Speed></TPX></Extensions></Trackpoint>
     <Trackpoint><Time>2026-02-03T20:20:37.327Z</Time><HeartRateBpm><Value>136</Value></HeartRateBpm><Extensions><TPX xmlns="http://www.garmin.com/xmlschemas/ActivityExtension/v2"><Speed>0.000000</Speed></TPX></Extensions></Trackpoint>
     <Trackpoint><Time>2026-02-03T20:20:39.134Z</Time><HeartRateBpm><Value>136</Value></HeartRateBpm><Extensions><TPX xmlns="http://www.garmin.com/xmlschemas/ActivityExtension/v2"><Speed>0.000000</Speed></TPX></Extensions></Trackpoint>
     <Trackpoint><Time>2026-02-03T20:20:41.134Z</Time><HeartRateBpm><Value>136</Value></HeartRateBpm><Extensions><TPX xmlns="http://www.garmin.com/xmlschemas/ActivityExtension/v2"><Speed>0.000000</Speed></TPX></Extensions></Trackpoint>
     <Trackpoint><Time>2026-02-03T20:20:42.422Z</Time><HeartRateBpm><Value>136</Value></HeartRateBpm><Extensions><TPX xmlns="http://www.garmin.com/xmlschemas/ActivityExtension/v2"><Speed>0.000000</Speed></TPX></Extensions></Trackpoint>
     <Trackpoint><Time>2026-02-03T20:20:44.135Z</Time><HeartRateBpm><Value>136</Value></HeartRateBpm><Extensions><TPX xmlns="http://www.garmin.com/xmlschemas/ActivityExtension/v2"><Speed>0.000000</Speed></TPX></Extensions></Trackpoint>
     <Trackpoint><Time>2026-02-03T20:20:46.134Z</Time><HeartRateBpm><Value>138</Value></HeartRateBpm><Extensions><TPX xmlns="http://www.garmin.com/xmlschemas/ActivityExtension/v2"><Speed>0.000000</Speed></TPX></Extensions></Trackpoint>
     <Trackpoint><Time>2026-02-03T20:20:47.518Z</Time><HeartRateBpm><Value>138</Value></HeartRateBpm><Extensions><TPX xmlns="http://www.garmin.com/xmlschemas/ActivityExtension/v2"><Speed>0.000000</Speed></TPX></Extensions></Trackpoint>
     <Trackpoint><Time>2026-02-03T20:20:49.134Z</Time><HeartRateBpm><Value>138</Value></HeartRateBpm><Extensions><TPX xmlns="http://www.garmin.com/xmlschemas/ActivityExtension/v2"><Speed>0.000000</Speed></TPX></Extensions></Trackpoint>
     <Trackpoint><Time>2026-02-03T20:20:50.134Z</Time><HeartRateBpm><Value>138</Value></HeartRateBpm><Extensions><TPX xmlns="http://www.garmin.com/xmlschemas/ActivityExtension/v2"><Speed>0.000000</Speed></TPX></Extensions></Trackpoint>
     <Trackpoint><Time>2026-02-03T20:20:51.134Z</Time><HeartRateBpm><Value>138</Value></HeartRateBpm><Extensions><TPX xmlns="http://www.garmin.com/xmlschemas/ActivityExtension/v2"><Speed>0.000000</Speed></TPX></Extensions></Trackpoint>
     <Trackpoint><Time>2026-02-03T20:20:52.616Z</Time><HeartRateBpm><Value>138</Value></HeartRateBpm><Extensions><TPX xmlns="http://www.garmin.com/xmlschemas/ActivityExtension/v2"><Speed>0.000000</Speed></TPX></Extensions></Trackpoint>
     <Trackpoint><Time>2026-02-03T20:20:54.134Z</Time><HeartRateBpm><Value>138</Value></HeartRateBpm><Extensions><TPX xmlns="http://www.garmin.com/xmlschemas/ActivityExtension/v2"><Speed>0.000000</Speed></TPX></Extensions></Trackpoint>
     <Trackpoint><Time>2026-02-03T20:20:55.182Z</Time><HeartRateBpm><Value>138</Value></HeartRateBpm><Extensions><TPX xmlns="http://www.garmin.com/xmlschemas/ActivityExtension/v2"><Speed>0.000000</Speed></TPX></Extensions></Trackpoint>
     <Trackpoint><Time>2026-02-03T20:20:57.134Z</Time><HeartRateBpm><Value>138</Value></HeartRateBpm><Extensions><TPX xmlns="http://www.garmin.com/xmlschemas/ActivityExtension/v2"><Speed>0.000000</Speed></TPX></Extensions></Trackpoint>
     <Trackpoint><Time>2026-02-03T20:20:58.134Z</Time><HeartRateBpm><Value>138</Value></HeartRateBpm><Extensions><TPX xmlns="http://www.garmin.com/xmlschemas/ActivityExtension/v2"><Speed>0.000000</Speed></TPX></Extensions></Trackpoint>
     <Trackpoint><Time>2026-02-03T20:20:59.135Z</Time><HeartRateBpm><Value>138</Value></HeartRateBpm><Extensions><TPX xmlns="http://www.garmin.com/xmlschemas/ActivityExtension/v2"><Speed>0.000000</Speed></TPX></Extensions></Trackpoint>
     <Trackpoint><Time>2026-02-03T20:21:00.288Z</Time><HeartRateBpm><Value>138</Value></HeartRateBpm><Extensions><TPX xmlns="http://www.garmin.com/xmlschemas/ActivityExtension/v2"><Speed>0.000000</Speed></TPX></Extensions></Trackpoint>
     <Trackpoint><Time>2026-02-03T20:21:02.134Z</Time><HeartRateBpm><Value>138</Value></HeartRateBpm><Extensions><TPX xmlns="http://www.garmin.com/xmlschemas/ActivityExtension/v2"><Speed>0.000000</Speed></TPX></Extensions></Trackpoint>
     <Trackpoint><Time>2026-02-03T20:21:04.135Z</Time><HeartRateBpm><Value>138</Value></HeartRateBpm><Extensions><TPX xmlns="http://www.garmin.com/xmlschemas/ActivityExtension/v2"><Speed>0.000000</Speed></TPX></Extensions></Trackpoint>
     <Trackpoint><Time>2026-02-03T20:21:05.365Z</Time><HeartRateBpm><Value>138</Value></HeartRateBpm><Extensions><TPX xmlns="http://www.garmin.com/xmlschemas/ActivityExtension/v2"><Speed>0.000000</Speed></TPX></Extensions></Trackpoint>
     <Trackpoint><Time>2026-02-03T20:21:07.135Z</Time><HeartRateBpm><Value>140</Value></HeartRateBpm><Extensions><TPX xmlns="http://www.garmin.com/xmlschemas/ActivityExtension/v2"><Speed>0.000000</Speed></TPX></Extensions></Trackpoint>
     <Trackpoint><Time>2026-02-03T20:21:09.134Z</Time><HeartRateBpm><Value>140</Value></HeartRateBpm><Extensions><TPX xmlns="http://www.garmin.com/xmlschemas/ActivityExtension/v2"><Speed>0.000000</Speed></TPX></Extensions></Trackpoint>
     <Trackpoint><Time>2026-02-03T20:21:10.463Z</Time><HeartRateBpm><Value>140</Value></HeartRateBpm><Extensions><TPX xmlns="http://www.garmin.com/xmlschemas/ActivityExtension/v2"><Speed>0.000000</Speed></TPX></Extensions></Trackpoint>
     <Trackpoint><Time>2026-02-03T20:21:12.134Z</Time><HeartRateBpm><Value>139</Value></HeartRateBpm><Extensions><TPX xmlns="http://www.garmin.com/xmlschemas/ActivityExtension/v2"><Speed>0.000000</Speed></TPX></Extensions></Trackpoint>
     <Trackpoint><Time>2026-02-03T20:21:13.134Z</Time><HeartRateBpm><Value>139</Value></HeartRateBpm><Extensions><TPX xmlns="http://www.garmin.com/xmlschemas/ActivityExtension/v2"><Speed>0.000000</Speed></TPX></Extensions></Trackpoint>
     <Trackpoint><Time>2026-02-03T20:21:15.134Z</Time><HeartRateBpm><Value>139</Value></HeartRateBpm><Extensions><TPX xmlns="http://www.garmin.com/xmlschemas/ActivityExtension/v2"><Speed>0.000000</Speed></TPX></Extensions></Trackpoint>
     <Trackpoint><Time>2026-02-03T20:21:17.134Z</Time><HeartRateBpm><Value>139</Value></HeartRateBpm><Extensions><TPX xmlns="http://www.garmin.com/xmlschemas/ActivityExtension/v2"><Speed>0.000000</Speed></TPX></Extensions></Trackpoint>
     <Trackpoint><Time>2026-02-03T20:21:18.134Z</Time><HeartRateBpm><Value>139</Value></HeartRateBpm><Extensions><TPX xmlns="http://www.garmin.com/xmlschemas/ActivityExtension/v2"><Speed>0.000000</Speed></TPX></Extensions></Trackpoint>
     <Trackpoint><Time>2026-02-03T20:21:20.134Z</Time><HeartRateBpm><Value>139</Value></HeartRateBpm><Extensions><TPX xmlns="http://www.garmin.com/xmlschemas/ActivityExtension/v2"><Speed>0.000000</Speed></TPX></Extensions></Trackpoint>
     <Trackpoint><Time>2026-02-03T20:21:21.134Z</Time><HeartRateBpm><Value>137</Value></HeartRateBpm><Extensions><TPX xmlns="http://www.garmin.com/xmlschemas/ActivityExtension/v2"><Speed>0.000000</Speed></TPX></Extensions></Trackpoint>
     <Trackpoint><Time>2026-02-03T20:21:23.134Z</Time><HeartRateBpm><Value>137</Value></HeartRateBpm><Extensions><TPX xmlns="http://www.garmin.com/xmlschemas/ActivityExtension/v2"><Speed>0.000000</Speed></TPX></Extensions></Trackpoint>
     <Trackpoint><Time>2026-02-03T20:21:25.134Z</Time><HeartRateBpm><Value>137</Value></HeartRateBpm><Extensions><TPX xmlns="http://www.garmin.com/xmlschemas/ActivityExtension/v2"><Speed>0.000000</Speed></TPX></Extensions></Trackpoint>
     <Trackpoint><Time>2026-02-03T20:21:27.134Z</Time><HeartRateBpm><Value>138</Value></HeartRateBpm><Extensions><TPX xmlns="http://www.garmin.com/xmlschemas/ActivityExtension/v2"><Speed>0.000000</Speed></TPX></Extensions></Trackpoint>
     <Trackpoint><Time>2026-02-03T20:21:28.309Z</Time><HeartRateBpm><Value>138</Value></HeartRateBpm><Extensions><TPX xmlns="http://www.garmin.com/xmlschemas/ActivityExtension/v2"><Speed>0.000000</Speed></TPX></Extensions></Trackpoint>
     <Trackpoint><Time>2026-02-03T20:21:30.134Z</Time><HeartRateBpm><Value>138</Value></HeartRateBpm><Extensions><TPX xmlns="http://www.garmin.com/xmlschemas/ActivityExtension/v2"><Speed>0.000000</Speed></TPX></Extensions></Trackpoint>
     <Trackpoint><Time>2026-02-03T20:21:32.134Z</Time><HeartRateBpm><Value>135</Value></HeartRateBpm><Extensions><TPX xmlns="http://www.garmin.com/xmlschemas/ActivityExtension/v2"><Speed>0.000000</Speed></TPX></Extensions></Trackpoint>
     <Trackpoint><Time>2026-02-03T20:21:33.134Z</Time><HeartRateBpm><Value>135</Value></HeartRateBpm><Extensions><TPX xmlns="http://www.garmin.com/xmlschemas/ActivityExtension/v2"><Speed>0.000000</Speed></TPX></Extensions></Trackpoint>
     <Trackpoint><Time>2026-02-03T20:21:35.134Z</Time><HeartRateBpm><Value>135</Value></HeartRateBpm><Extensions><TPX xmlns="http://www.garmin.com/xmlschemas/ActivityExtension/v2"><Speed>0.000000</Speed></TPX></Extensions></Trackpoint>
     <Trackpoint><Time>2026-02-03T20:21:37.134Z</Time><HeartRateBpm><Value>135</Value></HeartRateBpm><Extensions><TPX xmlns="http://www.garmin.com/xmlschemas/ActivityExtension/v2"><Speed>0.000000</Speed></TPX></Extensions></Trackpoint>
     <Trackpoint><Time>2026-02-03T20:21:38.134Z</Time><HeartRateBpm><Value>135</Value></HeartRateBpm><Extensions><TPX xmlns="http://www.garmin.com/xmlschemas/ActivityExtension/v2"><Speed>0.000000</Speed></TPX></Extensions></Trackpoint>
     <Trackpoint><Time>2026-02-03T20:21:39.134Z</Time><HeartRateBpm><Value>135</Value></HeartRateBpm><Extensions><TPX xmlns="http://www.garmin.com/xmlschemas/ActivityExtension/v2"><Speed>0.000000</Speed></TPX></Extensions></Trackpoint>
     <Trackpoint><Time>2026-02-03T20:21:40.518Z</Time><HeartRateBpm><Value>136</Value></HeartRateBpm><Extensions><TPX xmlns="http://www.garmin.com/xmlschemas/ActivityExtension/v2"><Speed>0.000000</Speed></TPX></Extensions></Trackpoint>
     <Trackpoint><Time>2026-02-03T20:21:42.134Z</Time><HeartRateBpm><Value>136</Value></HeartRateBpm><Extensions><TPX xmlns="http://www.garmin.com/xmlschemas/ActivityExtension/v2"><Speed>0.000000</Speed></TPX></Extensions></Trackpoint>
     <Trackpoint><Time>2026-02-03T20:21:43.135Z</Time><HeartRateBpm><Value>136</Value></HeartRateBpm><Extensions><TPX xmlns="http://www.garmin.com/xmlschemas/ActivityExtension/v2"><Speed>0.000000</Speed></TPX></Extensions></Trackpoint>
     <Trackpoint><Time>2026-02-03T20:21:45.134Z</Time><HeartRateBpm><Value>136</Value></HeartRateBpm><Extensions><TPX xmlns="http://www.garmin.com/xmlschemas/ActivityExtension/v2"><Speed>0.000000</Speed></TPX></Extensions></Trackpoint>
     <Trackpoint><Time>2026-02-03T20:21:46.150Z</Time><HeartRateBpm><Value>136</Value></HeartRateBpm><Extensions><TPX xmlns="http://www.garmin.com/xmlschemas/ActivityExtension/v2"><Speed>0.000000</Speed></TPX></Extensions></Trackpoint>
     <Trackpoint><Time>2026-02-03T20:21:48.134Z</Time><HeartRateBpm><Value>136</Value></HeartRateBpm><Extensions><TPX xmlns="http://www.garmin.com/xmlschemas/ActivityExtension/v2"><Speed>0.000000</Speed></TPX></Extensions></Trackpoint>
     <Trackpoint><Time>2026-02-03T20:21:50.134Z</Time><HeartRateBpm><Value>136</Value></HeartRateBpm><Extensions><TPX xmlns="http://www.garmin.com/xmlschemas/ActivityExtension/v2"><Speed>0.000000</Speed></TPX></Extensions></Trackpoint>
     <Trackpoint><Time>2026-02-03T20:21:51.248Z</Time><HeartRateBpm><Value>138</Value></HeartRateBpm><Extensions><TPX xmlns="http://www.garmin.com/xmlschemas/ActivityExtension/v2"><Speed>0.000000</Speed></TPX></Extensions></Trackpoint>
     <Trackpoint><Time>2026-02-03T20:21:53.134Z</Time><HeartRateBpm><Value>138</Value></HeartRateBpm><Extensions><TPX xmlns="http://www.garmin.com/xmlschemas/ActivityExtension/v2"><Speed>0.000000</Speed></TPX></Extensions></Trackpoint>
     <Trackpoint><Time>2026-02-03T20:21:55.134Z</Time><HeartRateBpm><Value>138</Value></HeartRateBpm><Extensions><TPX xmlns="http://www.garmin.com/xmlschemas/ActivityExtension/v2"><Speed>0.000000</Speed></TPX></Extensions></Trackpoint>
     <Trackpoint><Time>2026-02-03T20:21:56.379Z</Time><HeartRateBpm><Value>137</Value></HeartRateBpm><Extensions><TPX xmlns="http://www.garmin.com/xmlschemas/ActivityExtension/v2"><Speed>0.000000</Speed></TPX></Extensions></Trackpoint>
     <Trackpoint><Time>2026-02-03T20:21:58.134Z</Time><HeartRateBpm><Value>137</Value></HeartRateBpm><Extensions><TPX xmlns="http://www.garmin.com/xmlschemas/ActivityExtension/v2"><Speed>0.000000</Speed></TPX></Extensions></Trackpoint>
     <Trackpoint><Time>2026-02-03T20:22:00.134Z</Time><HeartRateBpm><Value>137</Value></HeartRateBpm><Extensions><TPX xmlns="http://www.garmin.com/xmlschemas/ActivityExtension/v2"><Speed>0.000000</Speed></TPX></Extensions></Trackpoint>
     <Trackpoint><Time>2026-02-03T20:22:01.443Z</Time><HeartRateBpm><Value>137</Value></HeartRateBpm><Extensions><TPX xmlns="http://www.garmin.com/xmlschemas/ActivityExtension/v2"><Speed>0.000000</Speed></TPX></Extensions></Trackpoint>
     <Trackpoint><Time>2026-02-03T20:22:03.134Z</Time><HeartRateBpm><Value>137</Value></HeartRateBpm><Extensions><TPX xmlns="http://www.garmin.com/xmlschemas/ActivityExtension/v2"><Speed>0.000000</Speed></TPX></Extensions></Trackpoint>
     <Trackpoint><Time>2026-02-03T20:22:05.134Z</Time><HeartRateBpm><Value>137</Value></HeartRateBpm><Extensions><TPX xmlns="http://www.garmin.com/xmlschemas/ActivityExtension/v2"><Speed>0.000000</Speed></TPX></Extensions></Trackpoint>
     <Trackpoint><Time>2026-02-03T20:22:06.540Z</Time><HeartRateBpm><Value>138</Value></HeartRateBpm><Extensions><TPX xmlns="http://www.garmin.com/xmlschemas/ActivityExtension/v2"><Speed>0.000000</Speed></TPX></Extensions></Trackpoint>
     <Trackpoint><Time>2026-02-03T20:22:08.134Z</Time><HeartRateBpm><Value>138</Value></HeartRateBpm><Extensions><TPX xmlns="http://www.garmin.com/xmlschemas/ActivityExtension/v2"><Speed>0.000000</Speed></TPX></Extensions></Trackpoint>
     <Trackpoint><Time>2026-02-03T20:22:10.134Z</Time><HeartRateBpm><Value>138</Value></HeartRateBpm><Extensions><TPX xmlns="http://www.garmin.com/xmlschemas/ActivityExtension/v2"><Speed>0.000000</Speed></TPX></Extensions></Trackpoint>
     <Trackpoint><Time>2026-02-03T20:22:11.636Z</Time><HeartRateBpm><Value>141</Value></HeartRateBpm><Extensions><TPX xmlns="http://www.garmin.com/xmlschemas/ActivityExtension/v2"><Speed>0.000000</Speed></TPX></Extensions></Trackpoint>
     <Trackpoint><Time>2026-02-03T20:22:13.134Z</Time><HeartRateBpm><Value>141</Value></HeartRateBpm><Extensions><TPX xmlns="http://www.garmin.com/xmlschemas/ActivityExtension/v2"><Speed>0.000000</Speed></TPX></Extensions></Trackpoint>
     <Trackpoint><Time>2026-02-03T20:22:14.134Z</Time><HeartRateBpm><Value>141</Value></HeartRateBpm><Extensions><TPX xmlns="http://www.garmin.com/xmlschemas/ActivityExtension/v2"><Speed>0.000000</Speed></TPX></Extensions></Trackpoint>
     <Trackpoint><Time>2026-02-03T20:22:15.134Z</Time><HeartRateBpm><Value>141</Value></HeartRateBpm><Extensions><TPX xmlns="http://www.garmin.com/xmlschemas/ActivityExtension/v2"><Speed>0.000000</Speed></TPX></Extensions></Trackpoint>
     <Trackpoint><Time>2026-02-03T20:22:16.741Z</Time><HeartRateBpm><Value>141</Value></HeartRateBpm><Extensions><TPX xmlns="http://www.garmin.com/xmlschemas/ActivityExtension/v2"><Speed>0.000000</Speed></TPX></Extensions></Trackpoint>
     <Trackpoint><Time>2026-02-03T20:22:18.134Z</Time><HeartRateBpm><Value>141</Value></HeartRateBpm><Extensions><TPX xmlns="http://www.garmin.com/xmlschemas/ActivityExtension/v2"><Speed>0.000000</Speed></TPX></Extensions></Trackpoint>
     <Trackpoint><Time>2026-02-03T20:22:19.134Z</Time><HeartRateBpm><Value>141</Value></HeartRateBpm><Extensions><TPX xmlns="http://www.garmin.com/xmlschemas/ActivityExtension/v2"><Speed>0.000000</Speed></TPX></Extensions></Trackpoint>
     <Trackpoint><Time>2026-02-03T20:22:20.134Z</Time><HeartRateBpm><Value>141</Value></HeartRateBpm><Extensions><TPX xmlns="http://www.garmin.com/xmlschemas/ActivityExtension/v2"><Speed>0.000000</Speed></TPX></Extensions></Trackpoint>
     <Trackpoint><Time>2026-02-03T20:22:21.836Z</Time><HeartRateBpm><Value>139</Value></HeartRateBpm><Extensions><TPX xmlns="http://www.garmin.com/xmlschemas/ActivityExtension/v2"><Speed>0.000000</Speed></TPX></Extensions></Trackpoint>
     <Trackpoint><Time>2026-02-03T20:22:23.134Z</Time><HeartRateBpm><Value>139</Value></HeartRateBpm><Extensions><TPX xmlns="http://www.garmin.com/xmlschemas/ActivityExtension/v2"><Speed>0.000000</Speed></TPX></Extensions></Trackpoint>
     <Trackpoint><Time>2026-02-03T20:22:24.387Z</Time><HeartRateBpm><Value>139</Value></HeartRateBpm><Extensions><TPX xmlns="http://www.garmin.com/xmlschemas/ActivityExtension/v2"><Speed>0.000000</Speed></TPX></Extensions></Trackpoint>
     <Trackpoint><Time>2026-02-03T20:22:25.516Z</Time><HeartRateBpm><Value>137</Value></HeartRateBpm><Extensions><TPX xmlns="http://www.garmin.com/xmlschemas/ActivityExtension/v2"><Speed>0.000000</Speed></TPX></Extensions></Trackpoint>
     <Trackpoint><Time>2026-02-03T20:22:26.930Z</Time><HeartRateBpm><Value>137</Value></HeartRateBpm><Extensions><TPX xmlns="http://www.garmin.com/xmlschemas/ActivityExtension/v2"><Speed>0.000000</Speed></TPX></Extensions></Trackpoint>
     <Trackpoint><Time>2026-02-03T20:22:28.134Z</Time><HeartRateBpm><Value>137</Value></HeartRateBpm><Extensions><TPX xmlns="http://www.garmin.com/xmlschemas/ActivityExtension/v2"><Speed>0.000000</Speed></TPX></Extensions></Trackpoint>
     <Trackpoint><Time>2026-02-03T20:22:29.477Z</Time><HeartRateBpm><Value>137</Value></HeartRateBpm><Extensions><TPX xmlns="http://www.garmin.com/xmlschemas/ActivityExtension/v2"><Speed>0.000000</Speed></TPX></Extensions></Trackpoint>
     <Trackpoint><Time>2026-02-03T20:22:30.982Z</Time><HeartRateBpm><Value>136</Value></HeartRateBpm><Extensions><TPX xmlns="http://www.garmin.com/xmlschemas/ActivityExtension/v2"><Speed>0.000000</Speed></TPX></Extensions></Trackpoint>
     <Trackpoint><Time>2026-02-03T20:22:32.035Z</Time><HeartRateBpm><Value>136</Value></HeartRateBpm><Extensions><TPX xmlns="http://www.garmin.com/xmlschemas/ActivityExtension/v2"><Speed>0.000000</Speed></TPX></Extensions></Trackpoint>
     <Trackpoint><Time>2026-02-03T20:22:33.134Z</Time><HeartRateBpm><Value>136</Value></HeartRateBpm><Extensions><TPX xmlns="http://www.garmin.com/xmlschemas/ActivityExtension/v2"><Speed>0.000000</Speed></TPX></Extensions></Trackpoint>
     <Trackpoint><Time>2026-02-03T20:22:34.134Z</Time><HeartRateBpm><Value>136</Value></HeartRateBpm><Extensions><TPX xmlns="http://www.garmin.com/xmlschemas/ActivityExtension/v2"><Speed>0.000000</Speed></TPX></Extensions></Trackpoint>
     <Trackpoint><Time>2026-02-03T20:22:35.134Z</Time><HeartRateBpm><Value>135</Value></HeartRateBpm><Extensions><TPX xmlns="http://www.garmin.com/xmlschemas/ActivityExtension/v2"><Speed>0.000000</Speed></TPX></Extensions></Trackpoint>
     <Trackpoint><Time>2026-02-03T20:22:37.129Z</Time><HeartRateBpm><Value>135</Value></HeartRateBpm><Extensions><TPX xmlns="http://www.garmin.com/xmlschemas/ActivityExtension/v2"><Speed>0.000000</Speed></TPX></Extensions></Trackpoint>
     <Trackpoint><Time>2026-02-03T20:22:38.134Z</Time><HeartRateBpm><Value>135</Value></HeartRateBpm><Extensions><TPX xmlns="http://www.garmin.com/xmlschemas/ActivityExtension/v2"><Speed>0.000000</Speed></TPX></Extensions></Trackpoint>
     <Trackpoint><Time>2026-02-03T20:22:39.679Z</Time><HeartRateBpm><Value>135</Value></HeartRateBpm><Extensions><TPX xmlns="http://www.garmin.com/xmlschemas/ActivityExtension/v2"><Speed>0.000000</Speed></TPX></Extensions></Trackpoint>
     <Trackpoint><Time>2026-02-03T20:22:41.134Z</Time><HeartRateBpm><Value>135</Value></HeartRateBpm><Extensions><TPX xmlns="http://www.garmin.com/xmlschemas/ActivityExtension/v2"><Speed>0.000000</Speed></TPX></Extensions></Trackpoint>
     <Trackpoint><Time>2026-02-03T20:22:42.134Z</Time><HeartRateBpm><Value>135</Value></HeartRateBpm><Extensions><TPX xmlns="http://www.garmin.com/xmlschemas/ActivityExtension/v2"><Speed>0.000000</Speed></TPX></Extensions></Trackpoint>
     <Trackpoint><Time>2026-02-03T20:22:44.134Z</Time><HeartRateBpm><Value>135</Value></HeartRateBpm><Extensions><TPX xmlns="http://www.garmin.com/xmlschemas/ActivityExtension/v2"><Speed>0.000000</Speed></TPX></Extensions></Trackpoint>
     <Trackpoint><Time>2026-02-03T20:22:45.134Z</Time><HeartRateBpm><Value>135</Value></HeartRateBpm><Extensions><TPX xmlns="http://www.garmin.com/xmlschemas/ActivityExtension/v2"><Speed>0.000000</Speed></TPX></Extensions></Trackpoint>
     <Trackpoint><Time>2026-02-03T20:22:47.134Z</Time><HeartRateBpm><Value>135</Value></HeartRateBpm><Extensions><TPX xmlns="http://www.garmin.com/xmlschemas/ActivityExtension/v2"><Speed>0.000000</Speed></TPX></Extensions></Trackpoint>
     <Trackpoint><Time>2026-02-03T20:22:48.134Z</Time><HeartRateBpm><Value>135</Value></HeartRateBpm><Extensions><TPX xmlns="http://www.garmin.com/xmlschemas/ActivityExtension/v2"><Speed>0.000000</Speed></TPX></Extensions></Trackpoint>
     <Trackpoint><Time>2026-02-03T20:22:49.134Z</Time><HeartRateBpm><Value>135</Value></HeartRateBpm><Extensions><TPX xmlns="http://www.garmin.com/xmlschemas/ActivityExtension/v2"><Speed>0.000000</Speed></TPX></Extensions></Trackpoint>
     <Trackpoint><Time>2026-02-03T20:22:50.134Z</Time><HeartRateBpm><Value>135</Value></HeartRateBpm><Extensions><TPX xmlns="http://www.garmin.com/xmlschemas/ActivityExtension/v2"><Speed>0.000000</Speed></TPX></Extensions></Trackpoint>
     <Trackpoint><Time>2026-02-03T20:22:52.134Z</Time><HeartRateBpm><Value>135</Value></HeartRateBpm><Extensions><TPX xmlns="http://www.garmin.com/xmlschemas/ActivityExtension/v2"><Speed>0.000000</Speed></TPX></Extensions></Trackpoint>
     <Trackpoint><Time>2026-02-03T20:22:54.134Z</Time><HeartRateBpm><Value>135</Value></HeartRateBpm><Extensions><TPX xmlns="http://www.garmin.com/xmlschemas/ActivityExtension/v2"><Speed>0.000000</Speed></TPX></Extensions></Trackpoint>
     <Trackpoint><Time>2026-02-03T20:22:55.134Z</Time><HeartRateBpm><Value>136</Value></HeartRateBpm><Extensions><TPX xmlns="http://www.garmin.com/xmlschemas/ActivityExtension/v2"><Speed>0.000000</Speed></TPX></Extensions></Trackpoint>
     <Trackpoint><Time>2026-02-03T20:22:57.134Z</Time><HeartRateBpm><Value>136</Value></HeartRateBpm><Extensions><TPX xmlns="http://www.garmin.com/xmlschemas/ActivityExtension/v2"><Speed>0.000000</Speed></TPX></Extensions></Trackpoint>
     <Trackpoint><Time>2026-02-03T20:22:59.134Z</Time><HeartRateBpm><Value>136</Value></HeartRateBpm><Extensions><TPX xmlns="http://www.garmin.com/xmlschemas/ActivityExtension/v2"><Speed>0.000000</Speed></TPX></Extensions></Trackpoint>
     <Trackpoint><Time>2026-02-03T20:23:00.134Z</Time><HeartRateBpm><Value>136</Value></HeartRateBpm><Extensions><TPX xmlns="http://www.garmin.com/xmlschemas/ActivityExtension/v2"><Speed>0.000000</Speed></TPX></Extensions></Trackpoint>
     <Trackpoint><Time>2026-02-03T20:23:02.134Z</Time><HeartRateBpm><Value>136</Value></HeartRateBpm><Extensions><TPX xmlns="http://www.garmin.com/xmlschemas/ActivityExtension/v2"><Speed>0.000000</Speed></TPX></Extensions></Trackpoint>
     <Trackpoint><Time>2026-02-03T20:23:03.134Z</Time><HeartRateBpm><Value>136</Value></HeartRateBpm><Extensions><TPX xmlns="http://www.garmin.com/xmlschemas/ActivityExtension/v2"><Speed>0.000000</Speed></TPX></Extensions></Trackpoint>
     <Trackpoint><Time>2026-02-03T20:23:04.134Z</Time><HeartRateBpm><Value>136</Value></HeartRateBpm><Extensions><TPX xmlns="http://www.garmin.com/xmlschemas/ActivityExtension/v2"><Speed>0.000000</Speed></TPX></Extensions></Trackpoint>
     <Trackpoint><Time>2026-02-03T20:23:05.167Z</Time><HeartRateBpm><Value>136</Value></HeartRateBpm><Extensions><TPX xmlns="http://www.garmin.com/xmlschemas/ActivityExtension/v2"><Speed>0.000000</Speed></TPX></Extensions></Trackpoint>
     <Trackpoint><Time>2026-02-03T20:23:07.134Z</Time><HeartRateBpm><Value>135</Value></HeartRateBpm><Extensions><TPX xmlns="http://www.garmin.com/xmlschemas/ActivityExtension/v2"><Speed>0.000000</Speed></TPX></Extensions></Trackpoint>
     <Trackpoint><Time>2026-02-03T20:23:08.134Z</Time><HeartRateBpm><Value>135</Value></HeartRateBpm><Extensions><TPX xmlns="http://www.garmin.com/xmlschemas/ActivityExtension/v2"><Speed>0.000000</Speed></TPX></Extensions></Trackpoint>
     <Trackpoint><Time>2026-02-03T20:23:09.134Z</Time><HeartRateBpm><Value>135</Value></HeartRateBpm><Extensions><TPX xmlns="http://www.garmin.com/xmlschemas/ActivityExtension/v2"><Speed>0.000000</Speed></TPX></Extensions></Trackpoint>
     <Trackpoint><Time>2026-02-03T20:23:10.263Z</Time><HeartRateBpm><Value>135</Value></HeartRateBpm><Extensions><TPX xmlns="http://www.garmin.com/xmlschemas/ActivityExtension/v2"><Speed>0.000000</Speed></TPX></Extensions></Trackpoint>
     <Trackpoint><Time>2026-02-03T20:23:12.134Z</Time><HeartRateBpm><Value>135</Value></HeartRateBpm><Extensions><TPX xmlns="http://www.garmin.com/xmlschemas/ActivityExtension/v2"><Speed>0.000000</Speed></TPX></Extensions></Trackpoint>
     <Trackpoint><Time>2026-02-03T20:23:14.134Z</Time><HeartRateBpm><Value>135</Value></HeartRateBpm><Extensions><TPX xmlns="http://www.garmin.com/xmlschemas/ActivityExtension/v2"><Speed>0.000000</Speed></TPX></Extensions></Trackpoint>
     <Trackpoint><Time>2026-02-03T20:23:15.134Z</Time><HeartRateBpm><Value>135</Value></HeartRateBpm><Extensions><TPX xmlns="http://www.garmin.com/xmlschemas/ActivityExtension/v2"><Speed>0.000000</Speed></TPX></Extensions></Trackpoint>
     <Trackpoint><Time>2026-02-03T20:23:17.134Z</Time><HeartRateBpm><Value>136</Value></HeartRateBpm><Extensions><TPX xmlns="http://www.garmin.com/xmlschemas/ActivityExtension/v2"><Speed>0.000000</Speed></TPX></Extensions></Trackpoint>
     <Trackpoint><Time>2026-02-03T20:23:18.134Z</Time><HeartRateBpm><Value>136</Value></HeartRateBpm><Extensions><TPX xmlns="http://www.garmin.com/xmlschemas/ActivityExtension/v2"><Speed>0.000000</Speed></TPX></Extensions></Trackpoint>
     <Trackpoint><Time>2026-02-03T20:23:20.134Z</Time><HeartRateBpm><Value>136</Value></HeartRateBpm><Extensions><TPX xmlns="http://www.garmin.com/xmlschemas/ActivityExtension/v2"><Speed>0.000000</Speed></TPX></Extensions></Trackpoint>
     <Trackpoint><Time>2026-02-03T20:23:22.134Z</Time><HeartRateBpm><Value>136</Value></HeartRateBpm><Extensions><TPX xmlns="http://www.garmin.com/xmlschemas/ActivityExtension/v2"><Speed>0.000000</Speed></TPX></Extensions></Trackpoint>
     <Trackpoint><Time>2026-02-03T20:23:24.134Z</Time><HeartRateBpm><Value>136</Value></HeartRateBpm><Extensions><TPX xmlns="http://www.garmin.com/xmlschemas/ActivityExtension/v2"><Speed>0.000000</Speed></TPX></Extensions></Trackpoint>
     <Trackpoint><Time>2026-02-03T20:23:25.134Z</Time><HeartRateBpm><Value>136</Value></HeartRateBpm><Extensions><TPX xmlns="http://www.garmin.com/xmlschemas/ActivityExtension/v2"><Speed>0.000000</Speed></TPX></Extensions></Trackpoint>
     <Trackpoint><Time>2026-02-03T20:23:27.134Z</Time><HeartRateBpm><Value>136</Value></HeartRateBpm><Extensions><TPX xmlns="http://www.garmin.com/xmlschemas/ActivityExtension/v2"><Speed>0.000000</Speed></TPX></Extensions></Trackpoint>
     <Trackpoint><Time>2026-02-03T20:23:28.134Z</Time><HeartRateBpm><Value>136</Value></HeartRateBpm><Extensions><TPX xmlns="http://www.garmin.com/xmlschemas/ActivityExtension/v2"><Speed>0.000000</Speed></TPX></Extensions></Trackpoint>
     <Trackpoint><Time>2026-02-03T20:23:30.134Z</Time><HeartRateBpm><Value>136</Value></HeartRateBpm><Extensions><TPX xmlns="http://www.garmin.com/xmlschemas/ActivityExtension/v2"><Speed>0.000000</Speed></TPX></Extensions></Trackpoint>
     <Trackpoint><Time>2026-02-03T20:23:32.134Z</Time><HeartRateBpm><Value>136</Value></HeartRateBpm><Extensions><TPX xmlns="http://www.garmin.com/xmlschemas/ActivityExtension/v2"><Speed>0.000000</Speed></TPX></Extensions></Trackpoint>
     <Trackpoint><Time>2026-02-03T20:23:33.134Z</Time><HeartRateBpm><Value>136</Value></HeartRateBpm><Extensions><TPX xmlns="http://www.garmin.com/xmlschemas/ActivityExtension/v2"><Speed>0.000000</Speed></TPX></Extensions></Trackpoint>
     <Trackpoint><Time>2026-02-03T20:23:35.134Z</Time><HeartRateBpm><Value>136</Value></HeartRateBpm><Extensions><TPX xmlns="http://www.garmin.com/xmlschemas/ActivityExtension/v2"><Speed>0.000000</Speed></TPX></Extensions></Trackpoint>
     <Trackpoint><Time>2026-02-03T20:23:37.134Z</Time><HeartRateBpm><Value>136</Value></HeartRateBpm><Extensions><TPX xmlns="http://www.garmin.com/xmlschemas/ActivityExtension/v2"><Speed>0.000000</Speed></TPX></Extensions></Trackpoint>
     <Trackpoint><Time>2026-02-03T20:23:38.134Z</Time><HeartRateBpm><Value>136</Value></HeartRateBpm><Extensions><TPX xmlns="http://www.garmin.com/xmlschemas/ActivityExtension/v2"><Speed>0.000000</Speed></TPX></Extensions></Trackpoint>
     <Trackpoint><Time>2026-02-03T20:23:40.134Z</Time><HeartRateBpm><Value>136</Value></HeartRateBpm><Extensions><TPX xmlns="http://www.garmin.com/xmlschemas/ActivityExtension/v2"><Speed>0.000000</Speed></TPX></Extensions></Trackpoint>
     <Trackpoint><Time>2026-02-03T20:23:41.134Z</Time><HeartRateBpm><Value>136</Value></HeartRateBpm><Extensions><TPX xmlns="http://www.garmin.com/xmlschemas/ActivityExtension/v2"><Speed>0.000000</Speed></TPX></Extensions></Trackpoint>
     <Trackpoint><Time>2026-02-03T20:23:43.134Z</Time><HeartRateBpm><Value>136</Value></HeartRateBpm><Extensions><TPX xmlns="http://www.garmin.com/xmlschemas/ActivityExtension/v2"><Speed>0.000000</Speed></TPX></Extensions></Trackpoint>
     <Trackpoint><Time>2026-02-03T20:23:44.134Z</Time><HeartRateBpm><Value>136</Value></HeartRateBpm><Extensions><TPX xmlns="http://www.garmin.com/xmlschemas/ActivityExtension/v2"><Speed>0.000000</Speed></TPX></Extensions></Trackpoint>
     <Trackpoint><Time>2026-02-03T20:23:45.543Z</Time><HeartRateBpm><Value>137</Value></HeartRateBpm><Extensions><TPX xmlns="http://www.garmin.com/xmlschemas/ActivityExtension/v2"><Speed>0.000000</Speed></TPX></Extensions></Trackpoint>
     <Trackpoint><Time>2026-02-03T20:23:47.134Z</Time><HeartRateBpm><Value>137</Value></HeartRateBpm><Extensions><TPX xmlns="http://www.garmin.com/xmlschemas/ActivityExtension/v2"><Speed>0.000000</Speed></TPX></Extensions></Trackpoint>
     <Trackpoint><Time>2026-02-03T20:23:48.134Z</Time><HeartRateBpm><Value>137</Value></HeartRateBpm><Extensions><TPX xmlns="http://www.garmin.com/xmlschemas/ActivityExtension/v2"><Speed>0.000000</Speed></TPX></Extensions></Trackpoint>
     <Trackpoint><Time>2026-02-03T20:23:50.134Z</Time><HeartRateBpm><Value>137</Value></HeartRateBpm><Extensions><TPX xmlns="http://www.garmin.com/xmlschemas/ActivityExtension/v2"><Speed>0.000000</Speed></TPX></Extensions></Trackpoint>
     <Trackpoint><Time>2026-02-03T20:23:52.134Z</Time><HeartRateBpm><Value>137</Value></HeartRateBpm><Extensions><TPX xmlns="http://www.garmin.com/xmlschemas/ActivityExtension/v2"><Speed>0.000000</Speed></TPX></Extensions></Trackpoint>
     <Trackpoint><Time>2026-02-03T20:23:53.134Z</Time><HeartRateBpm><Value>137</Value></HeartRateBpm><Extensions><TPX xmlns="http://www.garmin.com/xmlschemas/ActivityExtension/v2"><Speed>0.000000</Speed></TPX></Extensions></Trackpoint>
     <Trackpoint><Time>2026-02-03T20:23:55.134Z</Time><HeartRateBpm><Value>137</Value></HeartRateBpm><Extensions><TPX xmlns="http://www.garmin.com/xmlschemas/ActivityExtension/v2"><Speed>0.000000</Speed></TPX></Extensions></Trackpoint>
     <Trackpoint><Time>2026-02-03T20:23:56.134Z</Time><HeartRateBpm><Value>137</Value></HeartRateBpm><Extensions><TPX xmlns="http://www.garmin.com/xmlschemas/ActivityExtension/v2"><Speed>0.000000</Speed></TPX></Extensions></Trackpoint>
     <Trackpoint><Time>2026-02-03T20:23:57.134Z</Time><HeartRateBpm><Value>137</Value></HeartRateBpm><Extensions><TPX xmlns="http://www.garmin.com/xmlschemas/ActivityExtension/v2"><Speed>0.000000</Speed></TPX></Extensions></Trackpoint>
     <Trackpoint><Time>2026-02-03T20:23:58.700Z</Time><HeartRateBpm><Value>137</Value></HeartRateBpm><Extensions><TPX xmlns="http://www.garmin.com/xmlschemas/ActivityExtension/v2"><Speed>0.000000</Speed></TPX></Extensions></Trackpoint>
     <Trackpoint><Time>2026-02-03T20:24:00.134Z</Time><HeartRateBpm><Value>137</Value></HeartRateBpm><Extensions><TPX xmlns="http://www.garmin.com/xmlschemas/ActivityExtension/v2"><Speed>0.000000</Speed></TPX></Extensions></Trackpoint>
     <Trackpoint><Time>2026-02-03T20:24:01.134Z</Time><HeartRateBpm><Value>137</Value></HeartRateBpm><Extensions><TPX xmlns="http://www.garmin.com/xmlschemas/ActivityExtension/v2"><Speed>0.000000</Speed></TPX></Extensions></Trackpoint>
     <Trackpoint><Time>2026-02-03T20:24:03.134Z</Time><HeartRateBpm><Value>137</Value></HeartRateBpm><Extensions><TPX xmlns="http://www.garmin.com/xmlschemas/ActivityExtension/v2"><Speed>0.000000</Speed></TPX></Extensions></Trackpoint>
     <Trackpoint><Time>2026-02-03T20:24:05.134Z</Time><HeartRateBpm><Value>137</Value></HeartRateBpm><Extensions><TPX xmlns="http://www.garmin.com/xmlschemas/ActivityExtension/v2"><Speed>0.000000</Speed></TPX></Extensions></Trackpoint>
     <Trackpoint><Time>2026-02-03T20:24:06.343Z</Time><HeartRateBpm><Value>138</Value></HeartRateBpm><Extensions><TPX xmlns="http://www.garmin.com/xmlschemas/ActivityExtension/v2"><Speed>0.000000</Speed></TPX></Extensions></Trackpoint>
     <Trackpoint><Time>2026-02-03T20:24:08.134Z</Time><HeartRateBpm><Value>138</Value></HeartRateBpm><Extensions><TPX xmlns="http://www.garmin.com/xmlschemas/ActivityExtension/v2"><Speed>0.000000</Speed></TPX></Extensions></Trackpoint>
     <Trackpoint><Time>2026-02-03T20:24:10.134Z</Time><HeartRateBpm><Value>138</Value></HeartRateBpm><Extensions><TPX xmlns="http://www.garmin.com/xmlschemas/ActivityExtension/v2"><Speed>0.000000</Speed></TPX></Extensions></Trackpoint>
     <Trackpoint><Time>2026-02-03T20:24:11.134Z</Time><HeartRateBpm><Value>139</Value></HeartRateBpm><Extensions><TPX xmlns="http://www.garmin.com/xmlschemas/ActivityExtension/v2"><Speed>0.000000</Speed></TPX></Extensions></Trackpoint>
     <Trackpoint><Time>2026-02-03T20:24:12.134Z</Time><HeartRateBpm><Value>139</Value></HeartRateBpm><Extensions><TPX xmlns="http://www.garmin.com/xmlschemas/ActivityExtension/v2"><Speed>0.000000</Speed></TPX></Extensions></Trackpoint>
     <Trackpoint><Time>2026-02-03T20:24:13.986Z</Time><HeartRateBpm><Value>139</Value></HeartRateBpm><Extensions><TPX xmlns="http://www.garmin.com/xmlschemas/ActivityExtension/v2"><Speed>0.000000</Speed></TPX></Extensions></Trackpoint>
     <Trackpoint><Time>2026-02-03T20:24:15.134Z</Time><HeartRateBpm><Value>139</Value></HeartRateBpm><Extensions><TPX xmlns="http://www.garmin.com/xmlschemas/ActivityExtension/v2"><Speed>0.000000</Speed></TPX></Extensions></Trackpoint>
     <Trackpoint><Time>2026-02-03T20:24:16.540Z</Time><HeartRateBpm><Value>136</Value></HeartRateBpm><Extensions><TPX xmlns="http://www.garmin.com/xmlschemas/ActivityExtension/v2"><Speed>0.000000</Speed></TPX></Extensions></Trackpoint>
     <Trackpoint><Time>2026-02-03T20:24:18.134Z</Time><HeartRateBpm><Value>136</Value></HeartRateBpm><Extensions><TPX xmlns="http://www.garmin.com/xmlschemas/ActivityExtension/v2"><Speed>0.000000</Speed></TPX></Extensions></Trackpoint>
     <Trackpoint><Time>2026-02-03T20:24:19.134Z</Time><HeartRateBpm><Value>136</Value></HeartRateBpm><Extensions><TPX xmlns="http://www.garmin.com/xmlschemas/ActivityExtension/v2"><Speed>0.000000</Speed></TPX></Extensions></Trackpoint>
     <Trackpoint><Time>2026-02-03T20:24:20.542Z</Time><HeartRateBpm><Value>133</Value></HeartRateBpm><Extensions><TPX xmlns="http://www.garmin.com/xmlschemas/ActivityExtension/v2"><Speed>0.000000</Speed></TPX></Extensions></Trackpoint>
     <Trackpoint><Time>2026-02-03T20:24:21.637Z</Time><HeartRateBpm><Value>133</Value></HeartRateBpm><Extensions><TPX xmlns="http://www.garmin.com/xmlschemas/ActivityExtension/v2"><Speed>0.000000</Speed></TPX></Extensions></Trackpoint>
     <Trackpoint><Time>2026-02-03T20:24:23.134Z</Time><HeartRateBpm><Value>133</Value></HeartRateBpm><Extensions><TPX xmlns="http://www.garmin.com/xmlschemas/ActivityExtension/v2"><Speed>0.000000</Speed></TPX></Extensions></Trackpoint>
     <Trackpoint><Time>2026-02-03T20:24:24.182Z</Time><HeartRateBpm><Value>133</Value></HeartRateBpm><Extensions><TPX xmlns="http://www.garmin.com/xmlschemas/ActivityExtension/v2"><Speed>0.000000</Speed></TPX></Extensions></Trackpoint>
     <Trackpoint><Time>2026-02-03T20:24:25.519Z</Time><HeartRateBpm><Value>132</Value></HeartRateBpm><Extensions><TPX xmlns="http://www.garmin.com/xmlschemas/ActivityExtension/v2"><Speed>0.000000</Speed></TPX></Extensions></Trackpoint>
     <Trackpoint><Time>2026-02-03T20:24:26.734Z</Time><HeartRateBpm><Value>132</Value></HeartRateBpm><Extensions><TPX xmlns="http://www.garmin.com/xmlschemas/ActivityExtension/v2"><Speed>0.000000</Speed></TPX></Extensions></Trackpoint>
     <Trackpoint><Time>2026-02-03T20:24:28.134Z</Time><HeartRateBpm><Value>132</Value></HeartRateBpm><Extensions><TPX xmlns="http://www.garmin.com/xmlschemas/ActivityExtension/v2"><Speed>0.000000</Speed></TPX></Extensions></Trackpoint>
     <Trackpoint><Time>2026-02-03T20:24:29.134Z</Time><HeartRateBpm><Value>132</Value></HeartRateBpm><Extensions><TPX xmlns="http://www.garmin.com/xmlschemas/ActivityExtension/v2"><Speed>0.000000</Speed></TPX></Extensions></Trackpoint>
     <Trackpoint><Time>2026-02-03T20:24:30.134Z</Time><HeartRateBpm><Value>132</Value></HeartRateBpm><Extensions><TPX xmlns="http://www.garmin.com/xmlschemas/ActivityExtension/v2"><Speed>0.000000</Speed></TPX></Extensions></Trackpoint>
     <Trackpoint><Time>2026-02-03T20:24:31.836Z</Time><HeartRateBpm><Value>132</Value></HeartRateBpm><Extensions><TPX xmlns="http://www.garmin.com/xmlschemas/ActivityExtension/v2"><Speed>0.000000</Speed></TPX></Extensions></Trackpoint>
     <Trackpoint><Time>2026-02-03T20:24:33.134Z</Time><HeartRateBpm><Value>132</Value></HeartRateBpm><Extensions><TPX xmlns="http://www.garmin.com/xmlschemas/ActivityExtension/v2"><Speed>0.000000</Speed></TPX></Extensions></Trackpoint>
     <Trackpoint><Time>2026-02-03T20:24:34.384Z</Time><HeartRateBpm><Value>132</Value></HeartRateBpm><Extensions><TPX xmlns="http://www.garmin.com/xmlschemas/ActivityExtension/v2"><Speed>0.000000</Speed></TPX></Extensions></Trackpoint>
     <Trackpoint><Time>2026-02-03T20:24:35.513Z</Time><HeartRateBpm><Value>134</Value></HeartRateBpm><Extensions><TPX xmlns="http://www.garmin.com/xmlschemas/ActivityExtension/v2"><Speed>0.000000</Speed></TPX></Extensions></Trackpoint>
     <Trackpoint><Time>2026-02-03T20:24:36.928Z</Time><HeartRateBpm><Value>134</Value></HeartRateBpm><Extensions><TPX xmlns="http://www.garmin.com/xmlschemas/ActivityExtension/v2"><Speed>0.000000</Speed></TPX></Extensions></Trackpoint>
     <Trackpoint><Time>2026-02-03T20:24:38.134Z</Time><HeartRateBpm><Value>134</Value></HeartRateBpm><Extensions><TPX xmlns="http://www.garmin.com/xmlschemas/ActivityExtension/v2"><Speed>0.000000</Speed></TPX></Extensions></Trackpoint>
     <Trackpoint><Time>2026-02-03T20:24:39.134Z</Time><HeartRateBpm><Value>134</Value></HeartRateBpm><Extensions><TPX xmlns="http://www.garmin.com/xmlschemas/ActivityExtension/v2"><Speed>0.000000</Speed></TPX></Extensions></Trackpoint>
     <Trackpoint><Time>2026-02-03T20:24:40.549Z</Time><HeartRateBpm><Value>135</Value></HeartRateBpm><Extensions><TPX xmlns="http://www.garmin.com/xmlschemas/ActivityExtension/v2"><Speed>0.000000</Speed></TPX></Extensions></Trackpoint>
     <Trackpoint><Time>2026-02-03T20:24:42.036Z</Time><HeartRateBpm><Value>135</Value></HeartRateBpm><Extensions><TPX xmlns="http://www.garmin.com/xmlschemas/ActivityExtension/v2"><Speed>0.000000</Speed></TPX></Extensions></Trackpoint>
     <Trackpoint><Time>2026-02-03T20:24:43.134Z</Time><HeartRateBpm><Value>135</Value></HeartRateBpm><Extensions><TPX xmlns="http://www.garmin.com/xmlschemas/ActivityExtension/v2"><Speed>0.000000</Speed></TPX></Extensions></Trackpoint>
     <Trackpoint><Time>2026-02-03T20:24:44.578Z</Time><HeartRateBpm><Value>135</Value></HeartRateBpm><Extensions><TPX xmlns="http://www.garmin.com/xmlschemas/ActivityExtension/v2"><Speed>0.000000</Speed></TPX></Extensions></Trackpoint>
     <Trackpoint><Time>2026-02-03T20:24:46.134Z</Time><HeartRateBpm><Value>136</Value></HeartRateBpm><Extensions><TPX xmlns="http://www.garmin.com/xmlschemas/ActivityExtension/v2"><Speed>0.000000</Speed></TPX></Extensions></Trackpoint>
     <Trackpoint><Time>2026-02-03T20:24:48.134Z</Time><HeartRateBpm><Value>136</Value></HeartRateBpm><Extensions><TPX xmlns="http://www.garmin.com/xmlschemas/ActivityExtension/v2"><Speed>0.000000</Speed></TPX></Extensions></Trackpoint>
     <Trackpoint><Time>2026-02-03T20:24:49.683Z</Time><HeartRateBpm><Value>136</Value></HeartRateBpm><Extensions><TPX xmlns="http://www.garmin.com/xmlschemas/ActivityExtension/v2"><Speed>0.000000</Speed></TPX></Extensions></Trackpoint>
     <Trackpoint><Time>2026-02-03T20:24:51.134Z</Time><HeartRateBpm><Value>139</Value></HeartRateBpm><Extensions><TPX xmlns="http://www.garmin.com/xmlschemas/ActivityExtension/v2"><Speed>0.000000</Speed></TPX></Extensions></Trackpoint>
     <Trackpoint><Time>2026-02-03T20:24:52.134Z</Time><HeartRateBpm><Value>139</Value></HeartRateBpm><Extensions><TPX xmlns="http://www.garmin.com/xmlschemas/ActivityExtension/v2"><Speed>0.000000</Speed></TPX></Extensions></Trackpoint>
     <Trackpoint><Time>2026-02-03T20:24:54.134Z</Time><HeartRateBpm><Value>139</Value></HeartRateBpm><Extensions><TPX xmlns="http://www.garmin.com/xmlschemas/ActivityExtension/v2"><Speed>0.000000</Speed></TPX></Extensions></Trackpoint>
     <Trackpoint><Time>2026-02-03T20:24:55.980Z</Time><HeartRateBpm><Value>139</Value></HeartRateBpm><Extensions><TPX xmlns="http://www.garmin.com/xmlschemas/ActivityExtension/v2"><Speed>0.000000</Speed></TPX></Extensions></Trackpoint>
     <Trackpoint><Time>2026-02-03T20:24:57.134Z</Time><HeartRateBpm><Value>139</Value></HeartRateBpm><Extensions><TPX xmlns="http://www.garmin.com/xmlschemas/ActivityExtension/v2"><Speed>0.000000</Speed></TPX></Extensions></Trackpoint>
     <Trackpoint><Time>2026-02-03T20:24:58.134Z</Time><HeartRateBpm><Value>139</Value></HeartRateBpm><Extensions><TPX xmlns="http://www.garmin.com/xmlschemas/ActivityExtension/v2"><Speed>0.000000</Speed></TPX></Extensions></Trackpoint>
     <Trackpoint><Time>2026-02-03T20:24:59.874Z</Time><HeartRateBpm><Value>139</Value></HeartRateBpm><Extensions><TPX xmlns="http://www.garmin.com/xmlschemas/ActivityExtension/v2"><Speed>0.000000</Speed></TPX></Extensions></Trackpoint>
     <Trackpoint><Time>2026-02-03T20:25:01.134Z</Time><HeartRateBpm><Value>139</Value></HeartRateBpm><Extensions><TPX xmlns="http://www.garmin.com/xmlschemas/ActivityExtension/v2"><Speed>0.000000</Speed></TPX></Extensions></Trackpoint>
     <Trackpoint><Time>2026-02-03T20:25:02.134Z</Time><HeartRateBpm><Value>139</Value></HeartRateBpm><Extensions><TPX xmlns="http://www.garmin.com/xmlschemas/ActivityExtension/v2"><Speed>0.000000</Speed></TPX></Extensions></Trackpoint>
     <Trackpoint><Time>2026-02-03T20:25:04.134Z</Time><HeartRateBpm><Value>139</Value></HeartRateBpm><Extensions><TPX xmlns="http://www.garmin.com/xmlschemas/ActivityExtension/v2"><Speed>0.000000</Speed></TPX></Extensions></Trackpoint>
     <Trackpoint><Time>2026-02-03T20:25:06.134Z</Time><HeartRateBpm><Value>138</Value></HeartRateBpm><Extensions><TPX xmlns="http://www.garmin.com/xmlschemas/ActivityExtension/v2"><Speed>0.000000</Speed></TPX></Extensions></Trackpoint>
     <Trackpoint><Time>2026-02-03T20:25:07.134Z</Time><HeartRateBpm><Value>138</Value></HeartRateBpm><Extensions><TPX xmlns="http://www.garmin.com/xmlschemas/ActivityExtension/v2"><Speed>0.000000</Speed></TPX></Extensions></Trackpoint>
     <Trackpoint><Time>2026-02-03T20:25:08.134Z</Time><HeartRateBpm><Value>138</Value></HeartRateBpm><Extensions><TPX xmlns="http://www.garmin.com/xmlschemas/ActivityExtension/v2"><Speed>0.000000</Speed></TPX></Extensions></Trackpoint>
     <Trackpoint><Time>2026-02-03T20:25:10.080Z</Time><HeartRateBpm><Value>138</Value></HeartRateBpm><Extensions><TPX xmlns="http://www.garmin.com/xmlschemas/ActivityExtension/v2"><Speed>0.000000</Speed></TPX></Extensions></Trackpoint>
     <Trackpoint><Time>2026-02-03T20:25:11.134Z</Time><HeartRateBpm><Value>139</Value></HeartRateBpm><Extensions><TPX xmlns="http://www.garmin.com/xmlschemas/ActivityExtension/v2"><Speed>0.000000</Speed></TPX></Extensions></Trackpoint>
     <Trackpoint><Time>2026-02-03T20:25:12.620Z</Time><HeartRateBpm><Value>139</Value></HeartRateBpm><Extensions><TPX xmlns="http://www.garmin.com/xmlschemas/ActivityExtension/v2"><Speed>0.000000</Speed></TPX></Extensions></Trackpoint>
     <Trackpoint><Time>2026-02-03T20:25:14.134Z</Time><HeartRateBpm><Value>139</Value></HeartRateBpm><Extensions><TPX xmlns="http://www.garmin.com/xmlschemas/ActivityExtension/v2"><Speed>0.000000</Speed></TPX></Extensions></Trackpoint>
     <Trackpoint><Time>2026-02-03T20:25:15.134Z</Time><HeartRateBpm><Value>139</Value></HeartRateBpm><Extensions><TPX xmlns="http://www.garmin.com/xmlschemas/ActivityExtension/v2"><Speed>0.000000</Speed></TPX></Extensions></Trackpoint>
     <Trackpoint><Time>2026-02-03T20:25:17.134Z</Time><HeartRateBpm><Value>138</Value></HeartRateBpm><Extensions><TPX xmlns="http://www.garmin.com/xmlschemas/ActivityExtension/v2"><Speed>0.000000</Speed></TPX></Extensions></Trackpoint>
     <Trackpoint><Time>2026-02-03T20:25:19.134Z</Time><HeartRateBpm><Value>138</Value></HeartRateBpm><Extensions><TPX xmlns="http://www.garmin.com/xmlschemas/ActivityExtension/v2"><Speed>0.000000</Speed></TPX></Extensions></Trackpoint>
     <Trackpoint><Time>2026-02-03T20:25:20.134Z</Time><HeartRateBpm><Value>138</Value></HeartRateBpm><Extensions><TPX xmlns="http://www.garmin.com/xmlschemas/ActivityExtension/v2"><Speed>0.000000</Speed></TPX></Extensions></Trackpoint>
     <Trackpoint><Time>2026-02-03T20:25:21.134Z</Time><HeartRateBpm><Value>138</Value></HeartRateBpm><Extensions><TPX xmlns="http://www.garmin.com/xmlschemas/ActivityExtension/v2"><Speed>0.000000</Speed></TPX></Extensions></Trackpoint>
     <Trackpoint><Time>2026-02-03T20:25:22.820Z</Time><HeartRateBpm><Value>138</Value></HeartRateBpm><Extensions><TPX xmlns="http://www.garmin.com/xmlschemas/ActivityExtension/v2"><Speed>0.000000</Speed></TPX></Extensions></Trackpoint>
     <Trackpoint><Time>2026-02-03T20:25:24.134Z</Time><HeartRateBpm><Value>138</Value></HeartRateBpm><Extensions><TPX xmlns="http://www.garmin.com/xmlschemas/ActivityExtension/v2"><Speed>0.000000</Speed></TPX></Extensions></Trackpoint>
     <Trackpoint><Time>2026-02-03T20:25:25.362Z</Time><HeartRateBpm><Value>138</Value></HeartRateBpm><Extensions><TPX xmlns="http://www.garmin.com/xmlschemas/ActivityExtension/v2"><Speed>0.000000</Speed></TPX></Extensions></Trackpoint>
     <Trackpoint><Time>2026-02-03T20:25:27.134Z</Time><HeartRateBpm><Value>137</Value></HeartRateBpm><Extensions><TPX xmlns="http://www.garmin.com/xmlschemas/ActivityExtension/v2"><Speed>0.000000</Speed></TPX></Extensions></Trackpoint>
     <Trackpoint><Time>2026-02-03T20:25:28.134Z</Time><HeartRateBpm><Value>137</Value></HeartRateBpm><Extensions><TPX xmlns="http://www.garmin.com/xmlschemas/ActivityExtension/v2"><Speed>0.000000</Speed></TPX></Extensions></Trackpoint>
     <Trackpoint><Time>2026-02-03T20:25:30.134Z</Time><HeartRateBpm><Value>137</Value></HeartRateBpm><Extensions><TPX xmlns="http://www.garmin.com/xmlschemas/ActivityExtension/v2"><Speed>0.000000</Speed></TPX></Extensions></Trackpoint>
     <Trackpoint><Time>2026-02-03T20:25:32.134Z</Time><HeartRateBpm><Value>137</Value></HeartRateBpm><Extensions><TPX xmlns="http://www.garmin.com/xmlschemas/ActivityExtension/v2"><Speed>0.000000</Speed></TPX></Extensions></Trackpoint>
     <Trackpoint><Time>2026-02-03T20:25:33.134Z</Time><HeartRateBpm><Value>137</Value></HeartRateBpm><Extensions><TPX xmlns="http://www.garmin.com/xmlschemas/ActivityExtension/v2"><Speed>0.000000</Speed></TPX></Extensions></Trackpoint>
     <Trackpoint><Time>2026-02-03T20:25:35.134Z</Time><HeartRateBpm><Value>137</Value></HeartRateBpm><Extensions><TPX xmlns="http://www.garmin.com/xmlschemas/ActivityExtension/v2"><Speed>0.000000</Speed></TPX></Extensions></Trackpoint>
     <Trackpoint><Time>2026-02-03T20:25:37.134Z</Time><HeartRateBpm><Value>136</Value></HeartRateBpm><Extensions><TPX xmlns="http://www.garmin.com/xmlschemas/ActivityExtension/v2"><Speed>0.000000</Speed></TPX></Extensions></Trackpoint>
     <Trackpoint><Time>2026-02-03T20:25:38.134Z</Time><HeartRateBpm><Value>136</Value></HeartRateBpm><Extensions><TPX xmlns="http://www.garmin.com/xmlschemas/ActivityExtension/v2"><Speed>0.000000</Speed></TPX></Extensions></Trackpoint>
     <Trackpoint><Time>2026-02-03T20:25:39.134Z</Time><HeartRateBpm><Value>136</Value></HeartRateBpm><Extensions><TPX xmlns="http://www.garmin.com/xmlschemas/ActivityExtension/v2"><Speed>0.000000</Speed></TPX></Extensions></Trackpoint>
     <Trackpoint><Time>2026-02-03T20:25:40.512Z</Time><HeartRateBpm><Value>137</Value></HeartRateBpm><Extensions><TPX xmlns="http://www.garmin.com/xmlschemas/ActivityExtension/v2"><Speed>0.000000</Speed></TPX></Extensions></Trackpoint>
     <Trackpoint><Time>2026-02-03T20:25:42.136Z</Time><HeartRateBpm><Value>137</Value></HeartRateBpm><Extensions><TPX xmlns="http://www.garmin.com/xmlschemas/ActivityExtension/v2"><Speed>0.000000</Speed></TPX></Extensions></Trackpoint>
     <Trackpoint><Time>2026-02-03T20:25:43.219Z</Time><HeartRateBpm><Value>137</Value></HeartRateBpm><Extensions><TPX xmlns="http://www.garmin.com/xmlschemas/ActivityExtension/v2"><Speed>0.000000</Speed></TPX></Extensions></Trackpoint>
     <Trackpoint><Time>2026-02-03T20:25:45.134Z</Time><HeartRateBpm><Value>137</Value></HeartRateBpm><Extensions><TPX xmlns="http://www.garmin.com/xmlschemas/ActivityExtension/v2"><Speed>0.000000</Speed></TPX></Extensions></Trackpoint>
     <Trackpoint><Time>2026-02-03T20:25:47.134Z</Time><HeartRateBpm><Value>138</Value></HeartRateBpm><Extensions><TPX xmlns="http://www.garmin.com/xmlschemas/ActivityExtension/v2"><Speed>0.000000</Speed></TPX></Extensions></Trackpoint>
     <Trackpoint><Time>2026-02-03T20:25:48.300Z</Time><HeartRateBpm><Value>138</Value></HeartRateBpm><Extensions><TPX xmlns="http://www.garmin.com/xmlschemas/ActivityExtension/v2"><Speed>0.000000</Speed></TPX></Extensions></Trackpoint>
     <Trackpoint><Time>2026-02-03T20:25:50.134Z</Time><HeartRateBpm><Value>138</Value></HeartRateBpm><Extensions><TPX xmlns="http://www.garmin.com/xmlschemas/ActivityExtension/v2"><Speed>0.000000</Speed></TPX></Extensions></Trackpoint>
     <Trackpoint><Time>2026-02-03T20:25:52.134Z</Time><HeartRateBpm><Value>137</Value></HeartRateBpm><Extensions><TPX xmlns="http://www.garmin.com/xmlschemas/ActivityExtension/v2"><Speed>0.000000</Speed></TPX></Extensions></Trackpoint>
     <Trackpoint><Time>2026-02-03T20:25:53.401Z</Time><HeartRateBpm><Value>137</Value></HeartRateBpm><Extensions><TPX xmlns="http://www.garmin.com/xmlschemas/ActivityExtension/v2"><Speed>0.000000</Speed></TPX></Extensions></Trackpoint>
     <Trackpoint><Time>2026-02-03T20:25:55.134Z</Time><HeartRateBpm><Value>137</Value></HeartRateBpm><Extensions><TPX xmlns="http://www.garmin.com/xmlschemas/ActivityExtension/v2"><Speed>0.000000</Speed></TPX></Extensions></Trackpoint>
     <Trackpoint><Time>2026-02-03T20:25:56.134Z</Time><HeartRateBpm><Value>136</Value></HeartRateBpm><Extensions><TPX xmlns="http://www.garmin.com/xmlschemas/ActivityExtension/v2"><Speed>0.000000</Speed></TPX></Extensions></Trackpoint>
     <Trackpoint><Time>2026-02-03T20:25:57.134Z</Time><HeartRateBpm><Value>136</Value></HeartRateBpm><Extensions><TPX xmlns="http://www.garmin.com/xmlschemas/ActivityExtension/v2"><Speed>0.000000</Speed></TPX></Extensions></Trackpoint>
     <Trackpoint><Time>2026-02-03T20:25:58.497Z</Time><HeartRateBpm><Value>136</Value></HeartRateBpm><Extensions><TPX xmlns="http://www.garmin.com/xmlschemas/ActivityExtension/v2"><Speed>0.000000</Speed></TPX></Extensions></Trackpoint>
     <Trackpoint><Time>2026-02-03T20:26:00.134Z</Time><HeartRateBpm><Value>136</Value></HeartRateBpm><Extensions><TPX xmlns="http://www.garmin.com/xmlschemas/ActivityExtension/v2"><Speed>0.000000</Speed></TPX></Extensions></Trackpoint>
     <Trackpoint><Time>2026-02-03T20:26:02.134Z</Time><HeartRateBpm><Value>136</Value></HeartRateBpm><Extensions><TPX xmlns="http://www.garmin.com/xmlschemas/ActivityExtension/v2"><Speed>0.000000</Speed></TPX></Extensions></Trackpoint>
     <Trackpoint><Time>2026-02-03T20:26:03.597Z</Time><HeartRateBpm><Value>136</Value></HeartRateBpm><Extensions><TPX xmlns="http://www.garmin.com/xmlschemas/ActivityExtension/v2"><Speed>0.000000</Speed></TPX></Extensions></Trackpoint>
     <Trackpoint><Time>2026-02-03T20:26:05.134Z</Time><HeartRateBpm><Value>136</Value></HeartRateBpm><Extensions><TPX xmlns="http://www.garmin.com/xmlschemas/ActivityExtension/v2"><Speed>0.000000</Speed></TPX></Extensions></Trackpoint>
     <Trackpoint><Time>2026-02-03T20:26:06.145Z</Time><HeartRateBpm><Value>136</Value></HeartRateBpm><Extensions><TPX xmlns="http://www.garmin.com/xmlschemas/ActivityExtension/v2"><Speed>0.000000</Speed></TPX></Extensions></Trackpoint>
     <Trackpoint><Time>2026-02-03T20:26:08.134Z</Time><HeartRateBpm><Value>136</Value></HeartRateBpm><Extensions><TPX xmlns="http://www.garmin.com/xmlschemas/ActivityExtension/v2"><Speed>0.000000</Speed></TPX></Extensions></Trackpoint>
     <Trackpoint><Time>2026-02-03T20:26:09.134Z</Time><HeartRateBpm><Value>136</Value></HeartRateBpm><Extensions><TPX xmlns="http://www.garmin.com/xmlschemas/ActivityExtension/v2"><Speed>0.000000</Speed></TPX></Extensions></Trackpoint>
     <Trackpoint><Time>2026-02-03T20:26:10.514Z</Time><HeartRateBpm><Value>136</Value></HeartRateBpm><Extensions><TPX xmlns="http://www.garmin.com/xmlschemas/ActivityExtension/v2"><Speed>0.000000</Speed></TPX></Extensions></Trackpoint>
     <Trackpoint><Time>2026-02-03T20:26:12.134Z</Time><HeartRateBpm><Value>136</Value></HeartRateBpm><Extensions><TPX xmlns="http://www.garmin.com/xmlschemas/ActivityExtension/v2"><Speed>0.000000</Speed></TPX></Extensions></Trackpoint>
     <Trackpoint><Time>2026-02-03T20:26:13.795Z</Time><HeartRateBpm><Value>136</Value></HeartRateBpm><Extensions><TPX xmlns="http://www.garmin.com/xmlschemas/ActivityExtension/v2"><Speed>0.000000</Speed></TPX></Extensions></Trackpoint>
     <Trackpoint><Time>2026-02-03T20:26:15.134Z</Time><HeartRateBpm><Value>136</Value></HeartRateBpm><Extensions><TPX xmlns="http://www.garmin.com/xmlschemas/ActivityExtension/v2"><Speed>0.000000</Speed></TPX></Extensions></Trackpoint>
     <Trackpoint><Time>2026-02-03T20:26:16.343Z</Time><HeartRateBpm><Value>135</Value></HeartRateBpm><Extensions><TPX xmlns="http://www.garmin.com/xmlschemas/ActivityExtension/v2"><Speed>0.000000</Speed></TPX></Extensions></Trackpoint>
     <Trackpoint><Time>2026-02-03T20:26:18.134Z</Time><HeartRateBpm><Value>135</Value></HeartRateBpm><Extensions><TPX xmlns="http://www.garmin.com/xmlschemas/ActivityExtension/v2"><Speed>0.000000</Speed></TPX></Extensions></Trackpoint>
     <Trackpoint><Time>2026-02-03T20:26:19.134Z</Time><HeartRateBpm><Value>135</Value></HeartRateBpm><Extensions><TPX xmlns="http://www.garmin.com/xmlschemas/ActivityExtension/v2"><Speed>0.000000</Speed></TPX></Extensions></Trackpoint>
     <Trackpoint><Time>2026-02-03T20:26:20.510Z</Time><HeartRateBpm><Value>135</Value></HeartRateBpm><Extensions><TPX xmlns="http://www.garmin.com/xmlschemas/ActivityExtension/v2"><Speed>0.000000</Speed></TPX></Extensions></Trackpoint>
     <Trackpoint><Time>2026-02-03T20:26:22.134Z</Time><HeartRateBpm><Value>135</Value></HeartRateBpm><Extensions><TPX xmlns="http://www.garmin.com/xmlschemas/ActivityExtension/v2"><Speed>0.000000</Speed></TPX></Extensions></Trackpoint>
     <Trackpoint><Time>2026-02-03T20:26:23.990Z</Time><HeartRateBpm><Value>135</Value></HeartRateBpm><Extensions><TPX xmlns="http://www.garmin.com/xmlschemas/ActivityExtension/v2"><Speed>0.000000</Speed></TPX></Extensions></Trackpoint>
     <Trackpoint><Time>2026-02-03T20:26:25.134Z</Time><HeartRateBpm><Value>135</Value></HeartRateBpm><Extensions><TPX xmlns="http://www.garmin.com/xmlschemas/ActivityExtension/v2"><Speed>0.000000</Speed></TPX></Extensions></Trackpoint>
     <Trackpoint><Time>2026-02-03T20:26:26.134Z</Time><HeartRateBpm><Value>135</Value></HeartRateBpm><Extensions><TPX xmlns="http://www.garmin.com/xmlschemas/ActivityExtension/v2"><Speed>0.000000</Speed></TPX></Extensions></Trackpoint>
     <Trackpoint><Time>2026-02-03T20:26:28.134Z</Time><HeartRateBpm><Value>135</Value></HeartRateBpm><Extensions><TPX xmlns="http://www.garmin.com/xmlschemas/ActivityExtension/v2"><Speed>0.000000</Speed></TPX></Extensions></Trackpoint>
     <Trackpoint><Time>2026-02-03T20:26:29.134Z</Time><HeartRateBpm><Value>135</Value></HeartRateBpm><Extensions><TPX xmlns="http://www.garmin.com/xmlschemas/ActivityExtension/v2"><Speed>0.000000</Speed></TPX></Extensions></Trackpoint>
     <Trackpoint><Time>2026-02-03T20:26:30.546Z</Time><HeartRateBpm><Value>135</Value></HeartRateBpm><Extensions><TPX xmlns="http://www.garmin.com/xmlschemas/ActivityExtension/v2"><Speed>0.000000</Speed></TPX></Extensions></Trackpoint>
     <Trackpoint><Time>2026-02-03T20:26:31.639Z</Time><HeartRateBpm><Value>135</Value></HeartRateBpm><Extensions><TPX xmlns="http://www.garmin.com/xmlschemas/ActivityExtension/v2"><Speed>0.000000</Speed></TPX></Extensions></Trackpoint>
     <Trackpoint><Time>2026-02-03T20:26:33.134Z</Time><HeartRateBpm><Value>135</Value></HeartRateBpm><Extensions><TPX xmlns="http://www.garmin.com/xmlschemas/ActivityExtension/v2"><Speed>0.000000</Speed></TPX></Extensions></Trackpoint>
     <Trackpoint><Time>2026-02-03T20:26:34.186Z</Time><HeartRateBpm><Value>135</Value></HeartRateBpm><Extensions><TPX xmlns="http://www.garmin.com/xmlschemas/ActivityExtension/v2"><Speed>0.000000</Speed></TPX></Extensions></Trackpoint>
     <Trackpoint><Time>2026-02-03T20:26:35.509Z</Time><HeartRateBpm><Value>134</Value></HeartRateBpm><Extensions><TPX xmlns="http://www.garmin.com/xmlschemas/ActivityExtension/v2"><Speed>0.000000</Speed></TPX></Extensions></Trackpoint>
     <Trackpoint><Time>2026-02-03T20:26:36.757Z</Time><HeartRateBpm><Value>134</Value></HeartRateBpm><Extensions><TPX xmlns="http://www.garmin.com/xmlschemas/ActivityExtension/v2"><Speed>0.000000</Speed></TPX></Extensions></Trackpoint>
     <Trackpoint><Time>2026-02-03T20:26:38.134Z</Time><HeartRateBpm><Value>134</Value></HeartRateBpm><Extensions><TPX xmlns="http://www.garmin.com/xmlschemas/ActivityExtension/v2"><Speed>0.000000</Speed></TPX></Extensions></Trackpoint>
     <Trackpoint><Time>2026-02-03T20:26:39.287Z</Time><HeartRateBpm><Value>134</Value></HeartRateBpm><Extensions><TPX xmlns="http://www.garmin.com/xmlschemas/ActivityExtension/v2"><Speed>0.000000</Speed></TPX></Extensions></Trackpoint>
     <Trackpoint><Time>2026-02-03T20:26:40.541Z</Time><HeartRateBpm><Value>134</Value></HeartRateBpm><Extensions><TPX xmlns="http://www.garmin.com/xmlschemas/ActivityExtension/v2"><Speed>0.000000</Speed></TPX></Extensions></Trackpoint>
     <Trackpoint><Time>2026-02-03T20:26:41.837Z</Time><HeartRateBpm><Value>134</Value></HeartRateBpm><Extensions><TPX xmlns="http://www.garmin.com/xmlschemas/ActivityExtension/v2"><Speed>0.000000</Speed></TPX></Extensions></Trackpoint>
     <Trackpoint><Time>2026-02-03T20:26:43.161Z</Time><HeartRateBpm><Value>134</Value></HeartRateBpm><Extensions><TPX xmlns="http://www.garmin.com/xmlschemas/ActivityExtension/v2"><Speed>0.000000</Speed></TPX></Extensions></Trackpoint>
     <Trackpoint><Time>2026-02-03T20:26:44.387Z</Time><HeartRateBpm><Value>134</Value></HeartRateBpm><Extensions><TPX xmlns="http://www.garmin.com/xmlschemas/ActivityExtension/v2"><Speed>0.000000</Speed></TPX></Extensions></Trackpoint>
     <Trackpoint><Time>2026-02-03T20:26:45.510Z</Time><HeartRateBpm><Value>133</Value></HeartRateBpm><Extensions><TPX xmlns="http://www.garmin.com/xmlschemas/ActivityExtension/v2"><Speed>0.000000</Speed></TPX></Extensions></Trackpoint>
     <Trackpoint><Time>2026-02-03T20:26:46.936Z</Time><HeartRateBpm><Value>133</Value></HeartRateBpm><Extensions><TPX xmlns="http://www.garmin.com/xmlschemas/ActivityExtension/v2"><Speed>0.000000</Speed></TPX></Extensions></Trackpoint>
     <Trackpoint><Time>2026-02-03T20:26:48.134Z</Time><HeartRateBpm><Value>133</Value></HeartRateBpm><Extensions><TPX xmlns="http://www.garmin.com/xmlschemas/ActivityExtension/v2"><Speed>0.000000</Speed></TPX></Extensions></Trackpoint>
     <Trackpoint><Time>2026-02-03T20:26:49.481Z</Time><HeartRateBpm><Value>133</Value></HeartRateBpm><Extensions><TPX xmlns="http://www.garmin.com/xmlschemas/ActivityExtension/v2"><Speed>0.000000</Speed></TPX></Extensions></Trackpoint>
     <Trackpoint><Time>2026-02-03T20:26:50.546Z</Time><HeartRateBpm><Value>134</Value></HeartRateBpm><Extensions><TPX xmlns="http://www.garmin.com/xmlschemas/ActivityExtension/v2"><Speed>0.000000</Speed></TPX></Extensions></Trackpoint>
     <Trackpoint><Time>2026-02-03T20:26:52.026Z</Time><HeartRateBpm><Value>134</Value></HeartRateBpm><Extensions><TPX xmlns="http://www.garmin.com/xmlschemas/ActivityExtension/v2"><Speed>0.000000</Speed></TPX></Extensions></Trackpoint>
     <Trackpoint><Time>2026-02-03T20:26:53.134Z</Time><HeartRateBpm><Value>134</Value></HeartRateBpm><Extensions><TPX xmlns="http://www.garmin.com/xmlschemas/ActivityExtension/v2"><Speed>0.000000</Speed></TPX></Extensions></Trackpoint>
     <Trackpoint><Time>2026-02-03T20:26:54.134Z</Time><HeartRateBpm><Value>134</Value></HeartRateBpm><Extensions><TPX xmlns="http://www.garmin.com/xmlschemas/ActivityExtension/v2"><Speed>0.000000</Speed></TPX></Extensions></Trackpoint>
     <Trackpoint><Time>2026-02-03T20:26:56.134Z</Time><HeartRateBpm><Value>135</Value></HeartRateBpm><Extensions><TPX xmlns="http://www.garmin.com/xmlschemas/ActivityExtension/v2"><Speed>0.000000</Speed></TPX></Extensions></Trackpoint>
     <Trackpoint><Time>2026-02-03T20:26:58.134Z</Time><HeartRateBpm><Value>135</Value></HeartRateBpm><Extensions><TPX xmlns="http://www.garmin.com/xmlschemas/ActivityExtension/v2"><Speed>0.000000</Speed></TPX></Extensions></Trackpoint>
     <Trackpoint><Time>2026-02-03T20:26:59.134Z</Time><HeartRateBpm><Value>135</Value></HeartRateBpm><Extensions><TPX xmlns="http://www.garmin.com/xmlschemas/ActivityExtension/v2"><Speed>0.000000</Speed></TPX></Extensions></Trackpoint>
     <Trackpoint><Time>2026-02-03T20:27:00.134Z</Time><HeartRateBpm><Value>136</Value></HeartRateBpm><Extensions><TPX xmlns="http://www.garmin.com/xmlschemas/ActivityExtension/v2"><Speed>0.000000</Speed></TPX></Extensions></Trackpoint>
     <Trackpoint><Time>2026-02-03T20:27:01.138Z</Time><HeartRateBpm><Value>136</Value></HeartRateBpm><Extensions><TPX xmlns="http://www.garmin.com/xmlschemas/ActivityExtension/v2"><Speed>0.000000</Speed></TPX></Extensions></Trackpoint>
    </Track>
   </Lap>
   <Lap StartTime="2026-02-03T20:27:02.229Z">
    <TotalTimeSeconds>600</TotalTimeSeconds>
    <AverageHeartRateBpm><Value>139</Value></AverageHeartRateBpm>
    <MaximumHeartRateBpm><Value>145</Value></MaximumHeartRateBpm>
    <Calories>109</Calories>
    <Track>
     <Trackpoint><Time>2026-02-03T20:27:02.229Z</Time><HeartRateBpm><Value>136</Value></HeartRateBpm><Extensions><TPX xmlns="http://www.garmin.com/xmlschemas/ActivityExtension/v2"><Speed>0.000000</Speed></TPX></Extensions></Trackpoint>
     <Trackpoint><Time>2026-02-03T20:27:04.134Z</Time><HeartRateBpm><Value>136</Value></HeartRateBpm><Extensions><TPX xmlns="http://www.garmin.com/xmlschemas/ActivityExtension/v2"><Speed>0.000000</Speed></TPX></Extensions></Trackpoint>
     <Trackpoint><Time>2026-02-03T20:27:05.134Z</Time><HeartRateBpm><Value>136</Value></HeartRateBpm><Extensions><TPX xmlns="http://www.garmin.com/xmlschemas/ActivityExtension/v2"><Speed>0.000000</Speed></TPX></Extensions></Trackpoint>
     <Trackpoint><Time>2026-02-03T20:27:07.134Z</Time><HeartRateBpm><Value>136</Value></HeartRateBpm><Extensions><TPX xmlns="http://www.garmin.com/xmlschemas/ActivityExtension/v2"><Speed>0.000000</Speed></TPX></Extensions></Trackpoint>
     <Trackpoint><Time>2026-02-03T20:27:08.134Z</Time><HeartRateBpm><Value>136</Value></HeartRateBpm><Extensions><TPX xmlns="http://www.garmin.com/xmlschemas/ActivityExtension/v2"><Speed>0.000000</Speed></TPX></Extensions></Trackpoint>
     <Trackpoint><Time>2026-02-03T20:27:09.924Z</Time><HeartRateBpm><Value>136</Value></HeartRateBpm><Extensions><TPX xmlns="http://www.garmin.com/xmlschemas/ActivityExtension/v2"><Speed>0.000000</Speed></TPX></Extensions></Trackpoint>
     <Trackpoint><Time>2026-02-03T20:27:10.985Z</Time><HeartRateBpm><Value>136</Value></HeartRateBpm><Extensions><TPX xmlns="http://www.garmin.com/xmlschemas/ActivityExtension/v2"><Speed>0.000000</Speed></TPX></Extensions></Trackpoint>
     <Trackpoint><Time>2026-02-03T20:27:12.134Z</Time><HeartRateBpm><Value>136</Value></HeartRateBpm><Extensions><TPX xmlns="http://www.garmin.com/xmlschemas/ActivityExtension/v2"><Speed>0.000000</Speed></TPX></Extensions></Trackpoint>
     <Trackpoint><Time>2026-02-03T20:27:13.134Z</Time><HeartRateBpm><Value>136</Value></HeartRateBpm><Extensions><TPX xmlns="http://www.garmin.com/xmlschemas/ActivityExtension/v2"><Speed>0.000000</Speed></TPX></Extensions></Trackpoint>
     <Trackpoint><Time>2026-02-03T20:27:14.984Z</Time><HeartRateBpm><Value>136</Value></HeartRateBpm><Extensions><TPX xmlns="http://www.garmin.com/xmlschemas/ActivityExtension/v2"><Speed>0.000000</Speed></TPX></Extensions></Trackpoint>
     <Trackpoint><Time>2026-02-03T20:27:16.134Z</Time><HeartRateBpm><Value>136</Value></HeartRateBpm><Extensions><TPX xmlns="http://www.garmin.com/xmlschemas/ActivityExtension/v2"><Speed>0.000000</Speed></TPX></Extensions></Trackpoint>
     <Trackpoint><Time>2026-02-03T20:27:17.520Z</Time><HeartRateBpm><Value>136</Value></HeartRateBpm><Extensions><TPX xmlns="http://www.garmin.com/xmlschemas/ActivityExtension/v2"><Speed>0.000000</Speed></TPX></Extensions></Trackpoint>
     <Trackpoint><Time>2026-02-03T20:27:19.134Z</Time><HeartRateBpm><Value>136</Value></HeartRateBpm><Extensions><TPX xmlns="http://www.garmin.com/xmlschemas/ActivityExtension/v2"><Speed>0.000000</Speed></TPX></Extensions></Trackpoint>
     <Trackpoint><Time>2026-02-03T20:27:20.134Z</Time><HeartRateBpm><Value>135</Value></HeartRateBpm><Extensions><TPX xmlns="http://www.garmin.com/xmlschemas/ActivityExtension/v2"><Speed>0.000000</Speed></TPX></Extensions></Trackpoint>
     <Trackpoint><Time>2026-02-03T20:27:22.134Z</Time><HeartRateBpm><Value>135</Value></HeartRateBpm><Extensions><TPX xmlns="http://www.garmin.com/xmlschemas/ActivityExtension/v2"><Speed>0.000000</Speed></TPX></Extensions></Trackpoint>
     <Trackpoint><Time>2026-02-03T20:27:24.133Z</Time><HeartRateBpm><Value>135</Value></HeartRateBpm><Extensions><TPX xmlns="http://www.garmin.com/xmlschemas/ActivityExtension/v2"><Speed>0.000000</Speed></TPX></Extensions></Trackpoint>
     <Trackpoint><Time>2026-02-03T20:27:25.134Z</Time><HeartRateBpm><Value>135</Value></HeartRateBpm><Extensions><TPX xmlns="http://www.garmin.com/xmlschemas/ActivityExtension/v2"><Speed>0.000000</Speed></TPX></Extensions></Trackpoint>
     <Trackpoint><Time>2026-02-03T20:27:27.134Z</Time><HeartRateBpm><Value>135</Value></HeartRateBpm><Extensions><TPX xmlns="http://www.garmin.com/xmlschemas/ActivityExtension/v2"><Speed>0.000000</Speed></TPX></Extensions></Trackpoint>
     <Trackpoint><Time>2026-02-03T20:27:29.134Z</Time><HeartRateBpm><Value>135</Value></HeartRateBpm><Extensions><TPX xmlns="http://www.garmin.com/xmlschemas/ActivityExtension/v2"><Speed>0.000000</Speed></TPX></Extensions></Trackpoint>
     <Trackpoint><Time>2026-02-03T20:27:30.134Z</Time><HeartRateBpm><Value>135</Value></HeartRateBpm><Extensions><TPX xmlns="http://www.garmin.com/xmlschemas/ActivityExtension/v2"><Speed>0.000000</Speed></TPX></Extensions></Trackpoint>
     <Trackpoint><Time>2026-02-03T20:27:32.134Z</Time><HeartRateBpm><Value>137</Value></HeartRateBpm><Extensions><TPX xmlns="http://www.garmin.com/xmlschemas/ActivityExtension/v2"><Speed>0.000000</Speed></TPX></Extensions></Trackpoint>
     <Trackpoint><Time>2026-02-03T20:27:34.134Z</Time><HeartRateBpm><Value>137</Value></HeartRateBpm><Extensions><TPX xmlns="http://www.garmin.com/xmlschemas/ActivityExtension/v2"><Speed>0.000000</Speed></TPX></Extensions></Trackpoint>
     <Trackpoint><Time>2026-02-03T20:27:35.134Z</Time><HeartRateBpm><Value>137</Value></HeartRateBpm><Extensions><TPX xmlns="http://www.garmin.com/xmlschemas/ActivityExtension/v2"><Speed>0.000000</Speed></TPX></Extensions></Trackpoint>
     <Trackpoint><Time>2026-02-03T20:27:37.134Z</Time><HeartRateBpm><Value>140</Value></HeartRateBpm><Extensions><TPX xmlns="http://www.garmin.com/xmlschemas/ActivityExtension/v2"><Speed>0.000000</Speed></TPX></Extensions></Trackpoint>
     <Trackpoint><Time>2026-02-03T20:27:38.134Z</Time><HeartRateBpm><Value>140</Value></HeartRateBpm><Extensions><TPX xmlns="http://www.garmin.com/xmlschemas/ActivityExtension/v2"><Speed>0.000000</Speed></TPX></Extensions></Trackpoint>
     <Trackpoint><Time>2026-02-03T20:27:40.133Z</Time><HeartRateBpm><Value>140</Value></HeartRateBpm><Extensions><TPX xmlns="http://www.garmin.com/xmlschemas/ActivityExtension/v2"><Speed>0.000000</Speed></TPX></Extensions></Trackpoint>
     <Trackpoint><Time>2026-02-03T20:27:41.134Z</Time><HeartRateBpm><Value>138</Value></HeartRateBpm><Extensions><TPX xmlns="http://www.garmin.com/xmlschemas/ActivityExtension/v2"><Speed>0.000000</Speed></TPX></Extensions></Trackpoint>
     <Trackpoint><Time>2026-02-03T20:27:42.134Z</Time><HeartRateBpm><Value>138</Value></HeartRateBpm><Extensions><TPX xmlns="http://www.garmin.com/xmlschemas/ActivityExtension/v2"><Speed>0.000000</Speed></TPX></Extensions></Trackpoint>
     <Trackpoint><Time>2026-02-03T20:27:44.134Z</Time><HeartRateBpm><Value>138</Value></HeartRateBpm><Extensions><TPX xmlns="http://www.garmin.com/xmlschemas/ActivityExtension/v2"><Speed>0.000000</Speed></TPX></Extensions></Trackpoint>
     <Trackpoint><Time>2026-02-03T20:27:45.134Z</Time><HeartRateBpm><Value>138</Value></HeartRateBpm><Extensions><TPX xmlns="http://www.garmin.com/xmlschemas/ActivityExtension/v2"><Speed>0.000000</Speed></TPX></Extensions></Trackpoint>
     <Trackpoint><Time>2026-02-03T20:27:47.134Z</Time><HeartRateBpm><Value>133</Value></HeartRateBpm><Extensions><TPX xmlns="http://www.garmin.com/xmlschemas/ActivityExtension/v2"><Speed>0.000000</Speed></TPX></Extensions></Trackpoint>
     <Trackpoint><Time>2026-02-03T20:27:49.134Z</Time><HeartRateBpm><Value>133</Value></HeartRateBpm><Extensions><TPX xmlns="http://www.garmin.com/xmlschemas/ActivityExtension/v2"><Speed>0.000000</Speed></TPX></Extensions></Trackpoint>
     <Trackpoint><Time>2026-02-03T20:27:50.134Z</Time><HeartRateBpm><Value>133</Value></HeartRateBpm><Extensions><TPX xmlns="http://www.garmin.com/xmlschemas/ActivityExtension/v2"><Speed>0.000000</Speed></TPX></Extensions></Trackpoint>
     <Trackpoint><Time>2026-02-03T20:27:52.134Z</Time><HeartRateBpm><Value>133</Value></HeartRateBpm><Extensions><TPX xmlns="http://www.garmin.com/xmlschemas/ActivityExtension/v2"><Speed>0.000000</Speed></TPX></Extensions></Trackpoint>
     <Trackpoint><Time>2026-02-03T20:27:53.134Z</Time><HeartRateBpm><Value>133</Value></HeartRateBpm><Extensions><TPX xmlns="http://www.garmin.com/xmlschemas/ActivityExtension/v2"><Speed>0.000000</Speed></TPX></Extensions></Trackpoint>
     <Trackpoint><Time>2026-02-03T20:27:55.134Z</Time><HeartRateBpm><Value>133</Value></HeartRateBpm><Extensions><TPX xmlns="http://www.garmin.com/xmlschemas/ActivityExtension/v2"><Speed>0.000000</Speed></TPX></Extensions></Trackpoint>
     <Trackpoint><Time>2026-02-03T20:27:56.134Z</Time><HeartRateBpm><Value>132</Value></HeartRateBpm><Extensions><TPX xmlns="http://www.garmin.com/xmlschemas/ActivityExtension/v2"><Speed>0.000000</Speed></TPX></Extensions></Trackpoint>
     <Trackpoint><Time>2026-02-03T20:27:58.134Z</Time><HeartRateBpm><Value>132</Value></HeartRateBpm><Extensions><TPX xmlns="http://www.garmin.com/xmlschemas/ActivityExtension/v2"><Speed>0.000000</Speed></TPX></Extensions></Trackpoint>
     <Trackpoint><Time>2026-02-03T20:28:00.134Z</Time><HeartRateBpm><Value>132</Value></HeartRateBpm><Extensions><TPX xmlns="http://www.garmin.com/xmlschemas/ActivityExtension/v2"><Speed>0.000000</Speed></TPX></Extensions></Trackpoint>
     <Trackpoint><Time>2026-02-03T20:28:02.134Z</Time><HeartRateBpm><Value>132</Value></HeartRateBpm><Extensions><TPX xmlns="http://www.garmin.com/xmlschemas/ActivityExtension/v2"><Speed>0.000000</Speed></TPX></Extensions></Trackpoint>
     <Trackpoint><Time>2026-02-03T20:28:03.401Z</Time><HeartRateBpm><Value>132</Value></HeartRateBpm><Extensions><TPX xmlns="http://www.garmin.com/xmlschemas/ActivityExtension/v2"><Speed>0.000000</Speed></TPX></Extensions></Trackpoint>
     <Trackpoint><Time>2026-02-03T20:28:05.134Z</Time><HeartRateBpm><Value>132</Value></HeartRateBpm><Extensions><TPX xmlns="http://www.garmin.com/xmlschemas/ActivityExtension/v2"><Speed>0.000000</Speed></TPX></Extensions></Trackpoint>
     <Trackpoint><Time>2026-02-03T20:28:06.134Z</Time><HeartRateBpm><Value>138</Value></HeartRateBpm><Extensions><TPX xmlns="http://www.garmin.com/xmlschemas/ActivityExtension/v2"><Speed>0.000000</Speed></TPX></Extensions></Trackpoint>
     <Trackpoint><Time>2026-02-03T20:28:08.134Z</Time><HeartRateBpm><Value>138</Value></HeartRateBpm><Extensions><TPX xmlns="http://www.garmin.com/xmlschemas/ActivityExtension/v2"><Speed>0.000000</Speed></TPX></Extensions></Trackpoint>
     <Trackpoint><Time>2026-02-03T20:28:10.134Z</Time><HeartRateBpm><Value>138</Value></HeartRateBpm><Extensions><TPX xmlns="http://www.garmin.com/xmlschemas/ActivityExtension/v2"><Speed>0.000000</Speed></TPX></Extensions></Trackpoint>
     <Trackpoint><Time>2026-02-03T20:28:12.134Z</Time><HeartRateBpm><Value>139</Value></HeartRateBpm><Extensions><TPX xmlns="http://www.garmin.com/xmlschemas/ActivityExtension/v2"><Speed>0.000000</Speed></TPX></Extensions></Trackpoint>
     <Trackpoint><Time>2026-02-03T20:28:13.599Z</Time><HeartRateBpm><Value>139</Value></HeartRateBpm><Extensions><TPX xmlns="http://www.garmin.com/xmlschemas/ActivityExtension/v2"><Speed>0.000000</Speed></TPX></Extensions></Trackpoint>
     <Trackpoint><Time>2026-02-03T20:28:15.134Z</Time><HeartRateBpm><Value>139</Value></HeartRateBpm><Extensions><TPX xmlns="http://www.garmin.com/xmlschemas/ActivityExtension/v2"><Speed>0.000000</Speed></TPX></Extensions></Trackpoint>
     <Trackpoint><Time>2026-02-03T20:28:16.144Z</Time><HeartRateBpm><Value>139</Value></HeartRateBpm><Extensions><TPX xmlns="http://www.garmin.com/xmlschemas/ActivityExtension/v2"><Speed>0.000000</Speed></TPX></Extensions></Trackpoint>
     <Trackpoint><Time>2026-02-03T20:28:18.134Z</Time><HeartRateBpm><Value>139</Value></HeartRateBpm><Extensions><TPX xmlns="http://www.garmin.com/xmlschemas/ActivityExtension/v2"><Speed>0.000000</Speed></TPX></Extensions></Trackpoint>
     <Trackpoint><Time>2026-02-03T20:28:19.134Z</Time><HeartRateBpm><Value>139</Value></HeartRateBpm><Extensions><TPX xmlns="http://www.garmin.com/xmlschemas/ActivityExtension/v2"><Speed>0.000000</Speed></TPX></Extensions></Trackpoint>
     <Trackpoint><Time>2026-02-03T20:28:20.134Z</Time><HeartRateBpm><Value>139</Value></HeartRateBpm><Extensions><TPX xmlns="http://www.garmin.com/xmlschemas/ActivityExtension/v2"><Speed>0.000000</Speed></TPX></Extensions></Trackpoint>
     <Trackpoint><Time>2026-02-03T20:28:21.244Z</Time><HeartRateBpm><Value>140</Value></HeartRateBpm><Extensions><TPX xmlns="http://www.garmin.com/xmlschemas/ActivityExtension/v2"><Speed>0.000000</Speed></TPX></Extensions></Trackpoint>
     <Trackpoint><Time>2026-02-03T20:28:23.133Z</Time><HeartRateBpm><Value>140</Value></HeartRateBpm><Extensions><TPX xmlns="http://www.garmin.com/xmlschemas/ActivityExtension/v2"><Speed>0.000000</Speed></TPX></Extensions></Trackpoint>
     <Trackpoint><Time>2026-02-03T20:28:24.134Z</Time><HeartRateBpm><Value>140</Value></HeartRateBpm><Extensions><TPX xmlns="http://www.garmin.com/xmlschemas/ActivityExtension/v2"><Speed>0.000000</Speed></TPX></Extensions></Trackpoint>
     <Trackpoint><Time>2026-02-03T20:28:25.511Z</Time><HeartRateBpm><Value>139</Value></HeartRateBpm><Extensions><TPX xmlns="http://www.garmin.com/xmlschemas/ActivityExtension/v2"><Speed>0.000000</Speed></TPX></Extensions></Trackpoint>
     <Trackpoint><Time>2026-02-03T20:28:27.134Z</Time><HeartRateBpm><Value>139</Value></HeartRateBpm><Extensions><TPX xmlns="http://www.garmin.com/xmlschemas/ActivityExtension/v2"><Speed>0.000000</Speed></TPX></Extensions></Trackpoint>
     <Trackpoint><Time>2026-02-03T20:28:28.134Z</Time><HeartRateBpm><Value>139</Value></HeartRateBpm><Extensions><TPX xmlns="http://www.garmin.com/xmlschemas/ActivityExtension/v2"><Speed>0.000000</Speed></TPX></Extensions></Trackpoint>
     <Trackpoint><Time>2026-02-03T20:28:30.134Z</Time><HeartRateBpm><Value>139</Value></HeartRateBpm><Extensions><TPX xmlns="http://www.garmin.com/xmlschemas/ActivityExtension/v2"><Speed>0.000000</Speed></TPX></Extensions></Trackpoint>
     <Trackpoint><Time>2026-02-03T20:28:31.134Z</Time><HeartRateBpm><Value>136</Value></HeartRateBpm><Extensions><TPX xmlns="http://www.garmin.com/xmlschemas/ActivityExtension/v2"><Speed>0.000000</Speed></TPX></Extensions></Trackpoint>
     <Trackpoint><Time>2026-02-03T20:28:32.134Z</Time><HeartRateBpm><Value>136</Value></HeartRateBpm><Extensions><TPX xmlns="http://www.garmin.com/xmlschemas/ActivityExtension/v2"><Speed>0.000000</Speed></TPX></Extensions></Trackpoint>
     <Trackpoint><Time>2026-02-03T20:28:33.995Z</Time><HeartRateBpm><Value>136</Value></HeartRateBpm><Extensions><TPX xmlns="http://www.garmin.com/xmlschemas/ActivityExtension/v2"><Speed>0.000000</Speed></TPX></Extensions></Trackpoint>
     <Trackpoint><Time>2026-02-03T20:28:35.134Z</Time><HeartRateBpm><Value>136</Value></HeartRateBpm><Extensions><TPX xmlns="http://www.garmin.com/xmlschemas/ActivityExtension/v2"><Speed>0.000000</Speed></TPX></Extensions></Trackpoint>
     <Trackpoint><Time>2026-02-03T20:28:36.134Z</Time><HeartRateBpm><Value>135</Value></HeartRateBpm><Extensions><TPX xmlns="http://www.garmin.com/xmlschemas/ActivityExtension/v2"><Speed>0.000000</Speed></TPX></Extensions></Trackpoint>
     <Trackpoint><Time>2026-02-03T20:28:37.134Z</Time><HeartRateBpm><Value>135</Value></HeartRateBpm><Extensions><TPX xmlns="http://www.garmin.com/xmlschemas/ActivityExtension/v2"><Speed>0.000000</Speed></TPX></Extensions></Trackpoint>
     <Trackpoint><Time>2026-02-03T20:28:39.096Z</Time><HeartRateBpm><Value>135</Value></HeartRateBpm><Extensions><TPX xmlns="http://www.garmin.com/xmlschemas/ActivityExtension/v2"><Speed>0.000000</Speed></TPX></Extensions></Trackpoint>
     <Trackpoint><Time>2026-02-03T20:28:40.134Z</Time><HeartRateBpm><Value>135</Value></HeartRateBpm><Extensions><TPX xmlns="http://www.garmin.com/xmlschemas/ActivityExtension/v2"><Speed>0.000000</Speed></TPX></Extensions></Trackpoint>
     <Trackpoint><Time>2026-02-03T20:28:41.134Z</Time><HeartRateBpm><Value>135</Value></HeartRateBpm><Extensions><TPX xmlns="http://www.garmin.com/xmlschemas/ActivityExtension/v2"><Speed>0.000000</Speed></TPX></Extensions></Trackpoint>
     <Trackpoint><Time>2026-02-03T20:28:43.135Z</Time><HeartRateBpm><Value>135</Value></HeartRateBpm><Extensions><TPX xmlns="http://www.garmin.com/xmlschemas/ActivityExtension/v2"><Speed>0.000000</Speed></TPX></Extensions></Trackpoint>
     <Trackpoint><Time>2026-02-03T20:28:44.136Z</Time><HeartRateBpm><Value>135</Value></HeartRateBpm><Extensions><TPX xmlns="http://www.garmin.com/xmlschemas/ActivityExtension/v2"><Speed>0.000000</Speed></TPX></Extensions></Trackpoint>
     <Trackpoint><Time>2026-02-03T20:28:45.509Z</Time><HeartRateBpm><Value>136</Value></HeartRateBpm><Extensions><TPX xmlns="http://www.garmin.com/xmlschemas/ActivityExtension/v2"><Speed>0.000000</Speed></TPX></Extensions></Trackpoint>
     <Trackpoint><Time>2026-02-03T20:28:46.739Z</Time><HeartRateBpm><Value>136</Value></HeartRateBpm><Extensions><TPX xmlns="http://www.garmin.com/xmlschemas/ActivityExtension/v2"><Speed>0.000000</Speed></TPX></Extensions></Trackpoint>
     <Trackpoint><Time>2026-02-03T20:28:48.134Z</Time><HeartRateBpm><Value>136</Value></HeartRateBpm><Extensions><TPX xmlns="http://www.garmin.com/xmlschemas/ActivityExtension/v2"><Speed>0.000000</Speed></TPX></Extensions></Trackpoint>
     <Trackpoint><Time>2026-02-03T20:28:49.134Z</Time><HeartRateBpm><Value>136</Value></HeartRateBpm><Extensions><TPX xmlns="http://www.garmin.com/xmlschemas/ActivityExtension/v2"><Speed>0.000000</Speed></TPX></Extensions></Trackpoint>
     <Trackpoint><Time>2026-02-03T20:28:50.134Z</Time><HeartRateBpm><Value>136</Value></HeartRateBpm><Extensions><TPX xmlns="http://www.garmin.com/xmlschemas/ActivityExtension/v2"><Speed>0.000000</Speed></TPX></Extensions></Trackpoint>
     <Trackpoint><Time>2026-02-03T20:28:51.838Z</Time><HeartRateBpm><Value>139</Value></HeartRateBpm><Extensions><TPX xmlns="http://www.garmin.com/xmlschemas/ActivityExtension/v2"><Speed>0.000000</Speed></TPX></Extensions></Trackpoint>
     <Trackpoint><Time>2026-02-03T20:28:53.134Z</Time><HeartRateBpm><Value>139</Value></HeartRateBpm><Extensions><TPX xmlns="http://www.garmin.com/xmlschemas/ActivityExtension/v2"><Speed>0.000000</Speed></TPX></Extensions></Trackpoint>
     <Trackpoint><Time>2026-02-03T20:28:54.134Z</Time><HeartRateBpm><Value>139</Value></HeartRateBpm><Extensions><TPX xmlns="http://www.garmin.com/xmlschemas/ActivityExtension/v2"><Speed>0.000000</Speed></TPX></Extensions></Trackpoint>
     <Trackpoint><Time>2026-02-03T20:28:56.053Z</Time><HeartRateBpm><Value>138</Value></HeartRateBpm><Extensions><TPX xmlns="http://www.garmin.com/xmlschemas/ActivityExtension/v2"><Speed>0.000000</Speed></TPX></Extensions></Trackpoint>
     <Trackpoint><Time>2026-02-03T20:28:57.134Z</Time><HeartRateBpm><Value>138</Value></HeartRateBpm><Extensions><TPX xmlns="http://www.garmin.com/xmlschemas/ActivityExtension/v2"><Speed>0.000000</Speed></TPX></Extensions></Trackpoint>
     <Trackpoint><Time>2026-02-03T20:28:58.134Z</Time><HeartRateBpm><Value>138</Value></HeartRateBpm><Extensions><TPX xmlns="http://www.garmin.com/xmlschemas/ActivityExtension/v2"><Speed>0.000000</Speed></TPX></Extensions></Trackpoint>
     <Trackpoint><Time>2026-02-03T20:28:59.134Z</Time><HeartRateBpm><Value>138</Value></HeartRateBpm><Extensions><TPX xmlns="http://www.garmin.com/xmlschemas/ActivityExtension/v2"><Speed>0.000000</Speed></TPX></Extensions></Trackpoint>
     <Trackpoint><Time>2026-02-03T20:29:00.541Z</Time><HeartRateBpm><Value>138</Value></HeartRateBpm><Extensions><TPX xmlns="http://www.garmin.com/xmlschemas/ActivityExtension/v2"><Speed>0.000000</Speed></TPX></Extensions></Trackpoint>
     <Trackpoint><Time>2026-02-03T20:29:02.027Z</Time><HeartRateBpm><Value>138</Value></HeartRateBpm><Extensions><TPX xmlns="http://www.garmin.com/xmlschemas/ActivityExtension/v2"><Speed>0.000000</Speed></TPX></Extensions></Trackpoint>
     <Trackpoint><Time>2026-02-03T20:29:03.134Z</Time><HeartRateBpm><Value>138</Value></HeartRateBpm><Extensions><TPX xmlns="http://www.garmin.com/xmlschemas/ActivityExtension/v2"><Speed>0.000000</Speed></TPX></Extensions></Trackpoint>
     <Trackpoint><Time>2026-02-03T20:29:04.134Z</Time><HeartRateBpm><Value>138</Value></HeartRateBpm><Extensions><TPX xmlns="http://www.garmin.com/xmlschemas/ActivityExtension/v2"><Speed>0.000000</Speed></TPX></Extensions></Trackpoint>
     <Trackpoint><Time>2026-02-03T20:29:06.134Z</Time><HeartRateBpm><Value>138</Value></HeartRateBpm><Extensions><TPX xmlns="http://www.garmin.com/xmlschemas/ActivityExtension/v2"><Speed>0.000000</Speed></TPX></Extensions></Trackpoint>
     <Trackpoint><Time>2026-02-03T20:29:07.135Z</Time><HeartRateBpm><Value>138</Value></HeartRateBpm><Extensions><TPX xmlns="http://www.garmin.com/xmlschemas/ActivityExtension/v2"><Speed>0.000000</Speed></TPX></Extensions></Trackpoint>
     <Trackpoint><Time>2026-02-03T20:29:09.134Z</Time><HeartRateBpm><Value>138</Value></HeartRateBpm><Extensions><TPX xmlns="http://www.garmin.com/xmlschemas/ActivityExtension/v2"><Speed>0.000000</Speed></TPX></Extensions></Trackpoint>
     <Trackpoint><Time>2026-02-03T20:29:10.134Z</Time><HeartRateBpm><Value>138</Value></HeartRateBpm><Extensions><TPX xmlns="http://www.garmin.com/xmlschemas/ActivityExtension/v2"><Speed>0.000000</Speed></TPX></Extensions></Trackpoint>
     <Trackpoint><Time>2026-02-03T20:29:11.134Z</Time><HeartRateBpm><Value>138</Value></HeartRateBpm><Extensions><TPX xmlns="http://www.garmin.com/xmlschemas/ActivityExtension/v2"><Speed>0.000000</Speed></TPX></Extensions></Trackpoint>
     <Trackpoint><Time>2026-02-03T20:29:12.134Z</Time><HeartRateBpm><Value>138</Value></HeartRateBpm><Extensions><TPX xmlns="http://www.garmin.com/xmlschemas/ActivityExtension/v2"><Speed>0.000000</Speed></TPX></Extensions></Trackpoint>
     <Trackpoint><Time>2026-02-03T20:29:14.134Z</Time><HeartRateBpm><Value>138</Value></HeartRateBpm><Extensions><TPX xmlns="http://www.garmin.com/xmlschemas/ActivityExtension/v2"><Speed>0.000000</Speed></TPX></Extensions></Trackpoint>
     <Trackpoint><Time>2026-02-03T20:29:15.979Z</Time><HeartRateBpm><Value>136</Value></HeartRateBpm><Extensions><TPX xmlns="http://www.garmin.com/xmlschemas/ActivityExtension/v2"><Speed>0.000000</Speed></TPX></Extensions></Trackpoint>
     <Trackpoint><Time>2026-02-03T20:29:17.134Z</Time><HeartRateBpm><Value>136</Value></HeartRateBpm><Extensions><TPX xmlns="http://www.garmin.com/xmlschemas/ActivityExtension/v2"><Speed>0.000000</Speed></TPX></Extensions></Trackpoint>
     <Trackpoint><Time>2026-02-03T20:29:19.134Z</Time><HeartRateBpm><Value>136</Value></HeartRateBpm><Extensions><TPX xmlns="http://www.garmin.com/xmlschemas/ActivityExtension/v2"><Speed>0.000000</Speed></TPX></Extensions></Trackpoint>
     <Trackpoint><Time>2026-02-03T20:29:20.985Z</Time><HeartRateBpm><Value>136</Value></HeartRateBpm><Extensions><TPX xmlns="http://www.garmin.com/xmlschemas/ActivityExtension/v2"><Speed>0.000000</Speed></TPX></Extensions></Trackpoint>
     <Trackpoint><Time>2026-02-03T20:29:22.134Z</Time><HeartRateBpm><Value>136</Value></HeartRateBpm><Extensions><TPX xmlns="http://www.garmin.com/xmlschemas/ActivityExtension/v2"><Speed>0.000000</Speed></TPX></Extensions></Trackpoint>
     <Trackpoint><Time>2026-02-03T20:29:24.134Z</Time><HeartRateBpm><Value>136</Value></HeartRateBpm><Extensions><TPX xmlns="http://www.garmin.com/xmlschemas/ActivityExtension/v2"><Speed>0.000000</Speed></TPX></Extensions></Trackpoint>
     <Trackpoint><Time>2026-02-03T20:29:25.134Z</Time><HeartRateBpm><Value>136</Value></HeartRateBpm><Extensions><TPX xmlns="http://www.garmin.com/xmlschemas/ActivityExtension/v2"><Speed>0.000000</Speed></TPX></Extensions></Trackpoint>
     <Trackpoint><Time>2026-02-03T20:29:27.134Z</Time><HeartRateBpm><Value>136</Value></HeartRateBpm><Extensions><TPX xmlns="http://www.garmin.com/xmlschemas/ActivityExtension/v2"><Speed>0.000000</Speed></TPX></Extensions></Trackpoint>
     <Trackpoint><Time>2026-02-03T20:29:29.134Z</Time><HeartRateBpm><Value>136</Value></HeartRateBpm><Extensions><TPX xmlns="http://www.garmin.com/xmlschemas/ActivityExtension/v2"><Speed>0.000000</Speed></TPX></Extensions></Trackpoint>
     <Trackpoint><Time>2026-02-03T20:29:30.134Z</Time><HeartRateBpm><Value>136</Value></HeartRateBpm><Extensions><TPX xmlns="http://www.garmin.com/xmlschemas/ActivityExtension/v2"><Speed>0.000000</Speed></TPX></Extensions></Trackpoint>
     <Trackpoint><Time>2026-02-03T20:29:32.134Z</Time><HeartRateBpm><Value>136</Value></HeartRateBpm><Extensions><TPX xmlns="http://www.garmin.com/xmlschemas/ActivityExtension/v2"><Speed>0.000000</Speed></TPX></Extensions></Trackpoint>
     <Trackpoint><Time>2026-02-03T20:29:34.141Z</Time><HeartRateBpm><Value>136</Value></HeartRateBpm><Extensions><TPX xmlns="http://www.garmin.com/xmlschemas/ActivityExtension/v2"><Speed>0.000000</Speed></TPX></Extensions></Trackpoint>
     <Trackpoint><Time>2026-02-03T20:29:35.144Z</Time><HeartRateBpm><Value>136</Value></HeartRateBpm><Extensions><TPX xmlns="http://www.garmin.com/xmlschemas/ActivityExtension/v2"><Speed>0.000000</Speed></TPX></Extensions></Trackpoint>
     <Trackpoint><Time>2026-02-03T20:29:37.134Z</Time><HeartRateBpm><Value>134</Value></HeartRateBpm><Extensions><TPX xmlns="http://www.garmin.com/xmlschemas/ActivityExtension/v2"><Speed>0.000000</Speed></TPX></Extensions></Trackpoint>
     <Trackpoint><Time>2026-02-03T20:29:38.134Z</Time><HeartRateBpm><Value>134</Value></HeartRateBpm><Extensions><TPX xmlns="http://www.garmin.com/xmlschemas/ActivityExtension/v2"><Speed>0.000000</Speed></TPX></Extensions></Trackpoint>
     <Trackpoint><Time>2026-02-03T20:29:40.134Z</Time><HeartRateBpm><Value>134</Value></HeartRateBpm><Extensions><TPX xmlns="http://www.garmin.com/xmlschemas/ActivityExtension/v2"><Speed>0.000000</Speed></TPX></Extensions></Trackpoint>
     <Trackpoint><Time>2026-02-03T20:29:41.134Z</Time><HeartRateBpm><Value>134</Value></HeartRateBpm><Extensions><TPX xmlns="http://www.garmin.com/xmlschemas/ActivityExtension/v2"><Speed>0.000000</Speed></TPX></Extensions></Trackpoint>
     <Trackpoint><Time>2026-02-03T20:29:42.134Z</Time><HeartRateBpm><Value>134</Value></HeartRateBpm><Extensions><TPX xmlns="http://www.garmin.com/xmlschemas/ActivityExtension/v2"><Speed>0.000000</Speed></TPX></Extensions></Trackpoint>
     <Trackpoint><Time>2026-02-03T20:29:44.134Z</Time><HeartRateBpm><Value>134</Value></HeartRateBpm><Extensions><TPX xmlns="http://www.garmin.com/xmlschemas/ActivityExtension/v2"><Speed>0.000000</Speed></TPX></Extensions></Trackpoint>
     <Trackpoint><Time>2026-02-03T20:29:45.134Z</Time><HeartRateBpm><Value>134</Value></HeartRateBpm><Extensions><TPX xmlns="http://www.garmin.com/xmlschemas/ActivityExtension/v2"><Speed>0.000000</Speed></TPX></Extensions></Trackpoint>
     <Trackpoint><Time>2026-02-03T20:29:47.134Z</Time><HeartRateBpm><Value>134</Value></HeartRateBpm><Extensions><TPX xmlns="http://www.garmin.com/xmlschemas/ActivityExtension/v2"><Speed>0.000000</Speed></TPX></Extensions></Trackpoint>
     <Trackpoint><Time>2026-02-03T20:29:49.134Z</Time><HeartRateBpm><Value>134</Value></HeartRateBpm><Extensions><TPX xmlns="http://www.garmin.com/xmlschemas/ActivityExtension/v2"><Speed>0.000000</Speed></TPX></Extensions></Trackpoint>
     <Trackpoint><Time>2026-02-03T20:29:50.465Z</Time><HeartRateBpm><Value>134</Value></HeartRateBpm><Extensions><TPX xmlns="http://www.garmin.com/xmlschemas/ActivityExtension/v2"><Speed>0.000000</Speed></TPX></Extensions></Trackpoint>
     <Trackpoint><Time>2026-02-03T20:29:52.134Z</Time><HeartRateBpm><Value>135</Value></HeartRateBpm><Extensions><TPX xmlns="http://www.garmin.com/xmlschemas/ActivityExtension/v2"><Speed>0.000000</Speed></TPX></Extensions></Trackpoint>
     <Trackpoint><Time>2026-02-03T20:29:53.134Z</Time><HeartRateBpm><Value>135</Value></HeartRateBpm><Extensions><TPX xmlns="http://www.garmin.com/xmlschemas/ActivityExtension/v2"><Speed>0.000000</Speed></TPX></Extensions></Trackpoint>
     <Trackpoint><Time>2026-02-03T20:29:54.134Z</Time><HeartRateBpm><Value>135</Value></HeartRateBpm><Extensions><TPX xmlns="http://www.garmin.com/xmlschemas/ActivityExtension/v2"><Speed>0.000000</Speed></TPX></Extensions></Trackpoint>
     <Trackpoint><Time>2026-02-03T20:29:55.547Z</Time><HeartRateBpm><Value>135</Value></HeartRateBpm><Extensions><TPX xmlns="http://www.garmin.com/xmlschemas/ActivityExtension/v2"><Speed>0.000000</Speed></TPX></Extensions></Trackpoint>
     <Trackpoint><Time>2026-02-03T20:29:57.134Z</Time><HeartRateBpm><Value>136</Value></HeartRateBpm><Extensions><TPX xmlns="http://www.garmin.com/xmlschemas/ActivityExtension/v2"><Speed>0.000000</Speed></TPX></Extensions></Trackpoint>
     <Trackpoint><Time>2026-02-03T20:29:59.134Z</Time><HeartRateBpm><Value>136</Value></HeartRateBpm><Extensions><TPX xmlns="http://www.garmin.com/xmlschemas/ActivityExtension/v2"><Speed>0.000000</Speed></TPX></Extensions></Trackpoint>
     <Trackpoint><Time>2026-02-03T20:30:00.134Z</Time><HeartRateBpm><Value>136</Value></HeartRateBpm><Extensions><TPX xmlns="http://www.garmin.com/xmlschemas/ActivityExtension/v2"><Speed>0.000000</Speed></TPX></Extensions></Trackpoint>
     <Trackpoint><Time>2026-02-03T20:30:02.134Z</Time><HeartRateBpm><Value>139</Value></HeartRateBpm><Extensions><TPX xmlns="http://www.garmin.com/xmlschemas/ActivityExtension/v2"><Speed>0.000000</Speed></TPX></Extensions></Trackpoint>
     <Trackpoint><Time>2026-02-03T20:30:03.134Z</Time><HeartRateBpm><Value>139</Value></HeartRateBpm><Extensions><TPX xmlns="http://www.garmin.com/xmlschemas/ActivityExtension/v2"><Speed>0.000000</Speed></TPX></Extensions></Trackpoint>
     <Trackpoint><Time>2026-02-03T20:30:05.134Z</Time><HeartRateBpm><Value>139</Value></HeartRateBpm><Extensions><TPX xmlns="http://www.garmin.com/xmlschemas/ActivityExtension/v2"><Speed>0.000000</Speed></TPX></Extensions></Trackpoint>
     <Trackpoint><Time>2026-02-03T20:30:07.134Z</Time><HeartRateBpm><Value>140</Value></HeartRateBpm><Extensions><TPX xmlns="http://www.garmin.com/xmlschemas/ActivityExtension/v2"><Speed>0.000000</Speed></TPX></Extensions></Trackpoint>
     <Trackpoint><Time>2026-02-03T20:30:08.306Z</Time><HeartRateBpm><Value>140</Value></HeartRateBpm><Extensions><TPX xmlns="http://www.garmin.com/xmlschemas/ActivityExtension/v2"><Speed>0.000000</Speed></TPX></Extensions></Trackpoint>
     <Trackpoint><Time>2026-02-03T20:30:10.134Z</Time><HeartRateBpm><Value>140</Value></HeartRateBpm><Extensions><TPX xmlns="http://www.garmin.com/xmlschemas/ActivityExtension/v2"><Speed>0.000000</Speed></TPX></Extensions></Trackpoint>
     <Trackpoint><Time>2026-02-03T20:30:12.134Z</Time><HeartRateBpm><Value>135</Value></HeartRateBpm><Extensions><TPX xmlns="http://www.garmin.com/xmlschemas/ActivityExtension/v2"><Speed>0.000000</Speed></TPX></Extensions></Trackpoint>
     <Trackpoint><Time>2026-02-03T20:30:13.411Z</Time><HeartRateBpm><Value>135</Value></HeartRateBpm><Extensions><TPX xmlns="http://www.garmin.com/xmlschemas/ActivityExtension/v2"><Speed>0.000000</Speed></TPX></Extensions></Trackpoint>
     <Trackpoint><Time>2026-02-03T20:30:15.134Z</Time><HeartRateBpm><Value>135</Value></HeartRateBpm><Extensions><TPX xmlns="http://www.garmin.com/xmlschemas/ActivityExtension/v2"><Speed>0.000000</Speed></TPX></Extensions></Trackpoint>
     <Trackpoint><Time>2026-02-03T20:30:17.134Z</Time><HeartRateBpm><Value>137</Value></HeartRateBpm><Extensions><TPX xmlns="http://www.garmin.com/xmlschemas/ActivityExtension/v2"><Speed>0.000000</Speed></TPX></Extensions></Trackpoint>
     <Trackpoint><Time>2026-02-03T20:30:18.500Z</Time><HeartRateBpm><Value>137</Value></HeartRateBpm><Extensions><TPX xmlns="http://www.garmin.com/xmlschemas/ActivityExtension/v2"><Speed>0.000000</Speed></TPX></Extensions></Trackpoint>
     <Trackpoint><Time>2026-02-03T20:30:20.134Z</Time><HeartRateBpm><Value>137</Value></HeartRateBpm><Extensions><TPX xmlns="http://www.garmin.com/xmlschemas/ActivityExtension/v2"><Speed>0.000000</Speed></TPX></Extensions></Trackpoint>
     <Trackpoint><Time>2026-02-03T20:30:22.134Z</Time><HeartRateBpm><Value>137</Value></HeartRateBpm><Extensions><TPX xmlns="http://www.garmin.com/xmlschemas/ActivityExtension/v2"><Speed>0.000000</Speed></TPX></Extensions></Trackpoint>
     <Trackpoint><Time>2026-02-03T20:30:23.134Z</Time><HeartRateBpm><Value>137</Value></HeartRateBpm><Extensions><TPX xmlns="http://www.garmin.com/xmlschemas/ActivityExtension/v2"><Speed>0.000000</Speed></TPX></Extensions></Trackpoint>
     <Trackpoint><Time>2026-02-03T20:30:25.134Z</Time><HeartRateBpm><Value>137</Value></HeartRateBpm><Extensions><TPX xmlns="http://www.garmin.com/xmlschemas/ActivityExtension/v2"><Speed>0.000000</Speed></TPX></Extensions></Trackpoint>
     <Trackpoint><Time>2026-02-03T20:30:26.134Z</Time><HeartRateBpm><Value>137</Value></HeartRateBpm><Extensions><TPX xmlns="http://www.garmin.com/xmlschemas/ActivityExtension/v2"><Speed>0.000000</Speed></TPX></Extensions></Trackpoint>
     <Trackpoint><Time>2026-02-03T20:30:28.134Z</Time><HeartRateBpm><Value>137</Value></HeartRateBpm><Extensions><TPX xmlns="http://www.garmin.com/xmlschemas/ActivityExtension/v2"><Speed>0.000000</Speed></TPX></Extensions></Trackpoint>
     <Trackpoint><Time>2026-02-03T20:30:30.134Z</Time><HeartRateBpm><Value>137</Value></HeartRateBpm><Extensions><TPX xmlns="http://www.garmin.com/xmlschemas/ActivityExtension/v2"><Speed>0.000000</Speed></TPX></Extensions></Trackpoint>
     <Trackpoint><Time>2026-02-03T20:30:31.134Z</Time><HeartRateBpm><Value>139</Value></HeartRateBpm><Extensions><TPX xmlns="http://www.garmin.com/xmlschemas/ActivityExtension/v2"><Speed>0.000000</Speed></TPX></Extensions></Trackpoint>
     <Trackpoint><Time>2026-02-03T20:30:33.134Z</Time><HeartRateBpm><Value>139</Value></HeartRateBpm><Extensions><TPX xmlns="http://www.garmin.com/xmlschemas/ActivityExtension/v2"><Speed>0.000000</Speed></TPX></Extensions></Trackpoint>
     <Trackpoint><Time>2026-02-03T20:30:35.134Z</Time><HeartRateBpm><Value>139</Value></HeartRateBpm><Extensions><TPX xmlns="http://www.garmin.com/xmlschemas/ActivityExtension/v2"><Speed>0.000000</Speed></TPX></Extensions></Trackpoint>
     <Trackpoint><Time>2026-02-03T20:30:36.346Z</Time><HeartRateBpm><Value>140</Value></HeartRateBpm><Extensions><TPX xmlns="http://www.garmin.com/xmlschemas/ActivityExtension/v2"><Speed>0.000000</Speed></TPX></Extensions></Trackpoint>
     <Trackpoint><Time>2026-02-03T20:30:38.134Z</Time><HeartRateBpm><Value>140</Value></HeartRateBpm><Extensions><TPX xmlns="http://www.garmin.com/xmlschemas/ActivityExtension/v2"><Speed>0.000000</Speed></TPX></Extensions></Trackpoint>
     <Trackpoint><Time>2026-02-03T20:30:40.134Z</Time><HeartRateBpm><Value>140</Value></HeartRateBpm><Extensions><TPX xmlns="http://www.garmin.com/xmlschemas/ActivityExtension/v2"><Speed>0.000000</Speed></TPX></Extensions></Trackpoint>
     <Trackpoint><Time>2026-02-03T20:30:41.134Z</Time><HeartRateBpm><Value>136</Value></HeartRateBpm><Extensions><TPX xmlns="http://www.garmin.com/xmlschemas/ActivityExtension/v2"><Speed>0.000000</Speed></TPX></Extensions></Trackpoint>
     <Trackpoint><Time>2026-02-03T20:30:43.134Z</Time><HeartRateBpm><Value>136</Value></HeartRateBpm><Extensions><TPX xmlns="http://www.garmin.com/xmlschemas/ActivityExtension/v2"><Speed>0.000000</Speed></TPX></Extensions></Trackpoint>
     <Trackpoint><Time>2026-02-03T20:30:45.134Z</Time><HeartRateBpm><Value>136</Value></HeartRateBpm><Extensions><TPX xmlns="http://www.garmin.com/xmlschemas/ActivityExtension/v2"><Speed>0.000000</Speed></TPX></Extensions></Trackpoint>
     <Trackpoint><Time>2026-02-03T20:30:46.541Z</Time><HeartRateBpm><Value>137</Value></HeartRateBpm><Extensions><TPX xmlns="http://www.garmin.com/xmlschemas/ActivityExtension/v2"><Speed>0.000000</Speed></TPX></Extensions></Trackpoint>
     <Trackpoint><Time>2026-02-03T20:30:48.134Z</Time><HeartRateBpm><Value>137</Value></HeartRateBpm><Extensions><TPX xmlns="http://www.garmin.com/xmlschemas/ActivityExtension/v2"><Speed>0.000000</Speed></TPX></Extensions></Trackpoint>
     <Trackpoint><Time>2026-02-03T20:30:50.134Z</Time><HeartRateBpm><Value>137</Value></HeartRateBpm><Extensions><TPX xmlns="http://www.garmin.com/xmlschemas/ActivityExtension/v2"><Speed>0.000000</Speed></TPX></Extensions></Trackpoint>
     <Trackpoint><Time>2026-02-03T20:30:51.647Z</Time><HeartRateBpm><Value>138</Value></HeartRateBpm><Extensions><TPX xmlns="http://www.garmin.com/xmlschemas/ActivityExtension/v2"><Speed>0.000000</Speed></TPX></Extensions></Trackpoint>
     <Trackpoint><Time>2026-02-03T20:30:53.134Z</Time><HeartRateBpm><Value>138</Value></HeartRateBpm><Extensions><TPX xmlns="http://www.garmin.com/xmlschemas/ActivityExtension/v2"><Speed>0.000000</Speed></TPX></Extensions></Trackpoint>
     <Trackpoint><Time>2026-02-03T20:30:54.134Z</Time><HeartRateBpm><Value>138</Value></HeartRateBpm><Extensions><TPX xmlns="http://www.garmin.com/xmlschemas/ActivityExtension/v2"><Speed>0.000000</Speed></TPX></Extensions></Trackpoint>
     <Trackpoint><Time>2026-02-03T20:30:55.515Z</Time><HeartRateBpm><Value>137</Value></HeartRateBpm><Extensions><TPX xmlns="http://www.garmin.com/xmlschemas/ActivityExtension/v2"><Speed>0.000000</Speed></TPX></Extensions></Trackpoint>
     <Trackpoint><Time>2026-02-03T20:30:56.735Z</Time><HeartRateBpm><Value>137</Value></HeartRateBpm><Extensions><TPX xmlns="http://www.garmin.com/xmlschemas/ActivityExtension/v2"><Speed>0.000000</Speed></TPX></Extensions></Trackpoint>
     <Trackpoint><Time>2026-02-03T20:30:58.134Z</Time><HeartRateBpm><Value>137</Value></HeartRateBpm><Extensions><TPX xmlns="http://www.garmin.com/xmlschemas/ActivityExtension/v2"><Speed>0.000000</Speed></TPX></Extensions></Trackpoint>
     <Trackpoint><Time>2026-02-03T20:30:59.283Z</Time><HeartRateBpm><Value>137</Value></HeartRateBpm><Extensions><TPX xmlns="http://www.garmin.com/xmlschemas/ActivityExtension/v2"><Speed>0.000000</Speed></TPX></Extensions></Trackpoint>
     <Trackpoint><Time>2026-02-03T20:31:00.544Z</Time><HeartRateBpm><Value>138</Value></HeartRateBpm><Extensions><TPX xmlns="http://www.garmin.com/xmlschemas/ActivityExtension/v2"><Speed>0.000000</Speed></TPX></Extensions></Trackpoint>
     <Trackpoint><Time>2026-02-03T20:31:01.839Z</Time><HeartRateBpm><Value>138</Value></HeartRateBpm><Extensions><TPX xmlns="http://www.garmin.com/xmlschemas/ActivityExtension/v2"><Speed>0.000000</Speed></TPX></Extensions></Trackpoint>
     <Trackpoint><Time>2026-02-03T20:31:03.133Z</Time><HeartRateBpm><Value>138</Value></HeartRateBpm><Extensions><TPX xmlns="http://www.garmin.com/xmlschemas/ActivityExtension/v2"><Speed>0.000000</Speed></TPX></Extensions></Trackpoint>
     <Trackpoint><Time>2026-02-03T20:31:04.134Z</Time><HeartRateBpm><Value>138</Value></HeartRateBpm><Extensions><TPX xmlns="http://www.garmin.com/xmlschemas/ActivityExtension/v2"><Speed>0.000000</Speed></TPX></Extensions></Trackpoint>
     <Trackpoint><Time>2026-02-03T20:31:05.134Z</Time><HeartRateBpm><Value>138</Value></HeartRateBpm><Extensions><TPX xmlns="http://www.garmin.com/xmlschemas/ActivityExtension/v2"><Speed>0.000000</Speed></TPX></Extensions></Trackpoint>
     <Trackpoint><Time>2026-02-03T20:31:06.936Z</Time><HeartRateBpm><Value>140</Value></HeartRateBpm><Extensions><TPX xmlns="http://www.garmin.com/xmlschemas/ActivityExtension/v2"><Speed>0.000000</Speed></TPX></Extensions></Trackpoint>
     <Trackpoint><Time>2026-02-03T20:31:08.134Z</Time><HeartRateBpm><Value>140</Value></HeartRateBpm><Extensions><TPX xmlns="http://www.garmin.com/xmlschemas/ActivityExtension/v2"><Speed>0.000000</Speed></TPX></Extensions></Trackpoint>
     <Trackpoint><Time>2026-02-03T20:31:09.488Z</Time><HeartRateBpm><Value>140</Value></HeartRateBpm><Extensions><TPX xmlns="http://www.garmin.com/xmlschemas/ActivityExtension/v2"><Speed>0.000000</Speed></TPX></Extensions></Trackpoint>
     <Trackpoint><Time>2026-02-03T20:31:10.548Z</Time><HeartRateBpm><Value>139</Value></HeartRateBpm><Extensions><TPX xmlns="http://www.garmin.com/xmlschemas/ActivityExtension/v2"><Speed>0.000000</Speed></TPX></Extensions></Trackpoint>
     <Trackpoint><Time>2026-02-03T20:31:12.028Z</Time><HeartRateBpm><Value>139</Value></HeartRateBpm><Extensions><TPX xmlns="http://www.garmin.com/xmlschemas/ActivityExtension/v2"><Speed>0.000000</Speed></TPX></Extensions></Trackpoint>
     <Trackpoint><Time>2026-02-03T20:31:13.134Z</Time><HeartRateBpm><Value>139</Value></HeartRateBpm><Extensions><TPX xmlns="http://www.garmin.com/xmlschemas/ActivityExtension/v2"><Speed>0.000000</Speed></TPX></Extensions></Trackpoint>
     <Trackpoint><Time>2026-02-03T20:31:14.134Z</Time><HeartRateBpm><Value>139</Value></HeartRateBpm><Extensions><TPX xmlns="http://www.garmin.com/xmlschemas/ActivityExtension/v2"><Speed>0.000000</Speed></TPX></Extensions></Trackpoint>
     <Trackpoint><Time>2026-02-03T20:31:16.134Z</Time><HeartRateBpm><Value>139</Value></HeartRateBpm><Extensions><TPX xmlns="http://www.garmin.com/xmlschemas/ActivityExtension/v2"><Speed>0.000000</Speed></TPX></Extensions></Trackpoint>
     <Trackpoint><Time>2026-02-03T20:31:18.134Z</Time><HeartRateBpm><Value>139</Value></HeartRateBpm><Extensions><TPX xmlns="http://www.garmin.com/xmlschemas/ActivityExtension/v2"><Speed>0.000000</Speed></TPX></Extensions></Trackpoint>
     <Trackpoint><Time>2026-02-03T20:31:19.677Z</Time><HeartRateBpm><Value>139</Value></HeartRateBpm><Extensions><TPX xmlns="http://www.garmin.com/xmlschemas/ActivityExtension/v2"><Speed>0.000000</Speed></TPX></Extensions></Trackpoint>
     <Trackpoint><Time>2026-02-03T20:31:20.981Z</Time><HeartRateBpm><Value>141</Value></HeartRateBpm><Extensions><TPX xmlns="http://www.garmin.com/xmlschemas/ActivityExtension/v2"><Speed>0.000000</Speed></TPX></Extensions></Trackpoint>
     <Trackpoint><Time>2026-02-03T20:31:22.134Z</Time><HeartRateBpm><Value>141</Value></HeartRateBpm><Extensions><TPX xmlns="http://www.garmin.com/xmlschemas/ActivityExtension/v2"><Speed>0.000000</Speed></TPX></Extensions></Trackpoint>
     <Trackpoint><Time>2026-02-03T20:31:24.134Z</Time><HeartRateBpm><Value>141</Value></HeartRateBpm><Extensions><TPX xmlns="http://www.garmin.com/xmlschemas/ActivityExtension/v2"><Speed>0.000000</Speed></TPX></Extensions></Trackpoint>
     <Trackpoint><Time>2026-02-03T20:31:25.134Z</Time><HeartRateBpm><Value>142</Value></HeartRateBpm><Extensions><TPX xmlns="http://www.garmin.com/xmlschemas/ActivityExtension/v2"><Speed>0.000000</Speed></TPX></Extensions></Trackpoint>
     <Trackpoint><Time>2026-02-03T20:31:27.134Z</Time><HeartRateBpm><Value>142</Value></HeartRateBpm><Extensions><TPX xmlns="http://www.garmin.com/xmlschemas/ActivityExtension/v2"><Speed>0.000000</Speed></TPX></Extensions></Trackpoint>
     <Trackpoint><Time>2026-02-03T20:31:29.134Z</Time><HeartRateBpm><Value>142</Value></HeartRateBpm><Extensions><TPX xmlns="http://www.garmin.com/xmlschemas/ActivityExtension/v2"><Speed>0.000000</Speed></TPX></Extensions></Trackpoint>
     <Trackpoint><Time>2026-02-03T20:31:30.134Z</Time><HeartRateBpm><Value>142</Value></HeartRateBpm><Extensions><TPX xmlns="http://www.garmin.com/xmlschemas/ActivityExtension/v2"><Speed>0.000000</Speed></TPX></Extensions></Trackpoint>
     <Trackpoint><Time>2026-02-03T20:31:32.134Z</Time><HeartRateBpm><Value>142</Value></HeartRateBpm><Extensions><TPX xmlns="http://www.garmin.com/xmlschemas/ActivityExtension/v2"><Speed>0.000000</Speed></TPX></Extensions></Trackpoint>
     <Trackpoint><Time>2026-02-03T20:31:33.134Z</Time><HeartRateBpm><Value>142</Value></HeartRateBpm><Extensions><TPX xmlns="http://www.garmin.com/xmlschemas/ActivityExtension/v2"><Speed>0.000000</Speed></TPX></Extensions></Trackpoint>
     <Trackpoint><Time>2026-02-03T20:31:34.984Z</Time><HeartRateBpm><Value>142</Value></HeartRateBpm><Extensions><TPX xmlns="http://www.garmin.com/xmlschemas/ActivityExtension/v2"><Speed>0.000000</Speed></TPX></Extensions></Trackpoint>
     <Trackpoint><Time>2026-02-03T20:31:36.002Z</Time><HeartRateBpm><Value>141</Value></HeartRateBpm><Extensions><TPX xmlns="http://www.garmin.com/xmlschemas/ActivityExtension/v2"><Speed>0.000000</Speed></TPX></Extensions></Trackpoint>
     <Trackpoint><Time>2026-02-03T20:31:37.134Z</Time><HeartRateBpm><Value>141</Value></HeartRateBpm><Extensions><TPX xmlns="http://www.garmin.com/xmlschemas/ActivityExtension/v2"><Speed>0.000000</Speed></TPX></Extensions></Trackpoint>
     <Trackpoint><Time>2026-02-03T20:31:38.134Z</Time><HeartRateBpm><Value>141</Value></HeartRateBpm><Extensions><TPX xmlns="http://www.garmin.com/xmlschemas/ActivityExtension/v2"><Speed>0.000000</Speed></TPX></Extensions></Trackpoint>
     <Trackpoint><Time>2026-02-03T20:31:39.134Z</Time><HeartRateBpm><Value>141</Value></HeartRateBpm><Extensions><TPX xmlns="http://www.garmin.com/xmlschemas/ActivityExtension/v2"><Speed>0.000000</Speed></TPX></Extensions></Trackpoint>
     <Trackpoint><Time>2026-02-03T20:31:40.134Z</Time><HeartRateBpm><Value>141</Value></HeartRateBpm><Extensions><TPX xmlns="http://www.garmin.com/xmlschemas/ActivityExtension/v2"><Speed>0.000000</Speed></TPX></Extensions></Trackpoint>
     <Trackpoint><Time>2026-02-03T20:31:42.134Z</Time><HeartRateBpm><Value>141</Value></HeartRateBpm><Extensions><TPX xmlns="http://www.garmin.com/xmlschemas/ActivityExtension/v2"><Speed>0.000000</Speed></TPX></Extensions></Trackpoint>
     <Trackpoint><Time>2026-02-03T20:31:44.134Z</Time><HeartRateBpm><Value>141</Value></HeartRateBpm><Extensions><TPX xmlns="http://www.garmin.com/xmlschemas/ActivityExtension/v2"><Speed>0.000000</Speed></TPX></Extensions></Trackpoint>
     <Trackpoint><Time>2026-02-03T20:31:45.134Z</Time><HeartRateBpm><Value>141</Value></HeartRateBpm><Extensions><TPX xmlns="http://www.garmin.com/xmlschemas/ActivityExtension/v2"><Speed>0.000000</Speed></TPX></Extensions></Trackpoint>
     <Trackpoint><Time>2026-02-03T20:31:47.134Z</Time><HeartRateBpm><Value>139</Value></HeartRateBpm><Extensions><TPX xmlns="http://www.garmin.com/xmlschemas/ActivityExtension/v2"><Speed>0.000000</Speed></TPX></Extensions></Trackpoint>
     <Trackpoint><Time>2026-02-03T20:31:48.134Z</Time><HeartRateBpm><Value>139</Value></HeartRateBpm><Extensions><TPX xmlns="http://www.garmin.com/xmlschemas/ActivityExtension/v2"><Speed>0.000000</Speed></TPX></Extensions></Trackpoint>
     <Trackpoint><Time>2026-02-03T20:31:49.134Z</Time><HeartRateBpm><Value>139</Value></HeartRateBpm><Extensions><TPX xmlns="http://www.garmin.com/xmlschemas/ActivityExtension/v2"><Speed>0.000000</Speed></TPX></Extensions></Trackpoint>
     <Trackpoint><Time>2026-02-03T20:31:50.134Z</Time><HeartRateBpm><Value>139</Value></HeartRateBpm><Extensions><TPX xmlns="http://www.garmin.com/xmlschemas/ActivityExtension/v2"><Speed>0.000000</Speed></TPX></Extensions></Trackpoint>
     <Trackpoint><Time>2026-02-03T20:31:52.134Z</Time><HeartRateBpm><Value>140</Value></HeartRateBpm><Extensions><TPX xmlns="http://www.garmin.com/xmlschemas/ActivityExtension/v2"><Speed>0.000000</Speed></TPX></Extensions></Trackpoint>
     <Trackpoint><Time>2026-02-03T20:31:54.134Z</Time><HeartRateBpm><Value>140</Value></HeartRateBpm><Extensions><TPX xmlns="http://www.garmin.com/xmlschemas/ActivityExtension/v2"><Speed>0.000000</Speed></TPX></Extensions></Trackpoint>
     <Trackpoint><Time>2026-02-03T20:31:55.134Z</Time><HeartRateBpm><Value>140</Value></HeartRateBpm><Extensions><TPX xmlns="http://www.garmin.com/xmlschemas/ActivityExtension/v2"><Speed>0.000000</Speed></TPX></Extensions></Trackpoint>
     <Trackpoint><Time>2026-02-03T20:31:57.134Z</Time><HeartRateBpm><Value>140</Value></HeartRateBpm><Extensions><TPX xmlns="http://www.garmin.com/xmlschemas/ActivityExtension/v2"><Speed>0.000000</Speed></TPX></Extensions></Trackpoint>
     <Trackpoint><Time>2026-02-03T20:31:58.134Z</Time><HeartRateBpm><Value>140</Value></HeartRateBpm><Extensions><TPX xmlns="http://www.garmin.com/xmlschemas/ActivityExtension/v2"><Speed>0.000000</Speed></TPX></Extensions></Trackpoint>
     <Trackpoint><Time>2026-02-03T20:32:00.134Z</Time><HeartRateBpm><Value>140</Value></HeartRateBpm><Extensions><TPX xmlns="http://www.garmin.com/xmlschemas/ActivityExtension/v2"><Speed>0.000000</Speed></TPX></Extensions></Trackpoint>
     <Trackpoint><Time>2026-02-03T20:32:01.134Z</Time><HeartRateBpm><Value>140</Value></HeartRateBpm><Extensions><TPX xmlns="http://www.garmin.com/xmlschemas/ActivityExtension/v2"><Speed>0.000000</Speed></TPX></Extensions></Trackpoint>
     <Trackpoint><Time>2026-02-03T20:32:02.134Z</Time><HeartRateBpm><Value>140</Value></HeartRateBpm><Extensions><TPX xmlns="http://www.garmin.com/xmlschemas/ActivityExtension/v2"><Speed>0.000000</Speed></TPX></Extensions></Trackpoint>
     <Trackpoint><Time>2026-02-03T20:32:04.134Z</Time><HeartRateBpm><Value>140</Value></HeartRateBpm><Extensions><TPX xmlns="http://www.garmin.com/xmlschemas/ActivityExtension/v2"><Speed>0.000000</Speed></TPX></Extensions></Trackpoint>
     <Trackpoint><Time>2026-02-03T20:32:05.134Z</Time><HeartRateBpm><Value>140</Value></HeartRateBpm><Extensions><TPX xmlns="http://www.garmin.com/xmlschemas/ActivityExtension/v2"><Speed>0.000000</Speed></TPX></Extensions></Trackpoint>
     <Trackpoint><Time>2026-02-03T20:32:07.134Z</Time><HeartRateBpm><Value>139</Value></HeartRateBpm><Extensions><TPX xmlns="http://www.garmin.com/xmlschemas/ActivityExtension/v2"><Speed>0.000000</Speed></TPX></Extensions></Trackpoint>
     <Trackpoint><Time>2026-02-03T20:32:09.134Z</Time><HeartRateBpm><Value>139</Value></HeartRateBpm><Extensions><TPX xmlns="http://www.garmin.com/xmlschemas/ActivityExtension/v2"><Speed>0.000000</Speed></TPX></Extensions></Trackpoint>
     <Trackpoint><Time>2026-02-03T20:32:10.514Z</Time><HeartRateBpm><Value>137</Value></HeartRateBpm><Extensions><TPX xmlns="http://www.garmin.com/xmlschemas/ActivityExtension/v2"><Speed>0.000000</Speed></TPX></Extensions></Trackpoint>
     <Trackpoint><Time>2026-02-03T20:32:12.134Z</Time><HeartRateBpm><Value>137</Value></HeartRateBpm><Extensions><TPX xmlns="http://www.garmin.com/xmlschemas/ActivityExtension/v2"><Speed>0.000000</Speed></TPX></Extensions></Trackpoint>
     <Trackpoint><Time>2026-02-03T20:32:13.209Z</Time><HeartRateBpm><Value>137</Value></HeartRateBpm><Extensions><TPX xmlns="http://www.garmin.com/xmlschemas/ActivityExtension/v2"><Speed>0.000000</Speed></TPX></Extensions></Trackpoint>
     <Trackpoint><Time>2026-02-03T20:32:15.134Z</Time><HeartRateBpm><Value>137</Value></HeartRateBpm><Extensions><TPX xmlns="http://www.garmin.com/xmlschemas/ActivityExtension/v2"><Speed>0.000000</Speed></TPX></Extensions></Trackpoint>
     <Trackpoint><Time>2026-02-03T20:32:17.134Z</Time><HeartRateBpm><Value>137</Value></HeartRateBpm><Extensions><TPX xmlns="http://www.garmin.com/xmlschemas/ActivityExtension/v2"><Speed>0.000000</Speed></TPX></Extensions></Trackpoint>
     <Trackpoint><Time>2026-02-03T20:32:18.134Z</Time><HeartRateBpm><Value>137</Value></HeartRateBpm><Extensions><TPX xmlns="http://www.garmin.com/xmlschemas/ActivityExtension/v2"><Speed>0.000000</Speed></TPX></Extensions></Trackpoint>
     <Trackpoint><Time>2026-02-03T20:32:19.134Z</Time><HeartRateBpm><Value>137</Value></HeartRateBpm><Extensions><TPX xmlns="http://www.garmin.com/xmlschemas/ActivityExtension/v2"><Speed>0.000000</Speed></TPX></Extensions></Trackpoint>
     <Trackpoint><Time>2026-02-03T20:32:20.134Z</Time><HeartRateBpm><Value>137</Value></HeartRateBpm><Extensions><TPX xmlns="http://www.garmin.com/xmlschemas/ActivityExtension/v2"><Speed>0.000000</Speed></TPX></Extensions></Trackpoint>
     <Trackpoint><Time>2026-02-03T20:32:22.134Z</Time><HeartRateBpm><Value>138</Value></HeartRateBpm><Extensions><TPX xmlns="http://www.garmin.com/xmlschemas/ActivityExtension/v2"><Speed>0.000000</Speed></TPX></Extensions></Trackpoint>
     <Trackpoint><Time>2026-02-03T20:32:23.134Z</Time><HeartRateBpm><Value>138</Value></HeartRateBpm><Extensions><TPX xmlns="http://www.garmin.com/xmlschemas/ActivityExtension/v2"><Speed>0.000000</Speed></TPX></Extensions></Trackpoint>
     <Trackpoint><Time>2026-02-03T20:32:24.134Z</Time><HeartRateBpm><Value>138</Value></HeartRateBpm><Extensions><TPX xmlns="http://www.garmin.com/xmlschemas/ActivityExtension/v2"><Speed>0.000000</Speed></TPX></Extensions></Trackpoint>
     <Trackpoint><Time>2026-02-03T20:32:25.530Z</Time><HeartRateBpm><Value>138</Value></HeartRateBpm><Extensions><TPX xmlns="http://www.garmin.com/xmlschemas/ActivityExtension/v2"><Speed>0.000000</Speed></TPX></Extensions></Trackpoint>
     <Trackpoint><Time>2026-02-03T20:32:27.134Z</Time><HeartRateBpm><Value>138</Value></HeartRateBpm><Extensions><TPX xmlns="http://www.garmin.com/xmlschemas/ActivityExtension/v2"><Speed>0.000000</Speed></TPX></Extensions></Trackpoint>
     <Trackpoint><Time>2026-02-03T20:32:28.526Z</Time><HeartRateBpm><Value>138</Value></HeartRateBpm><Extensions><TPX xmlns="http://www.garmin.com/xmlschemas/ActivityExtension/v2"><Speed>0.000000</Speed></TPX></Extensions></Trackpoint>
     <Trackpoint><Time>2026-02-03T20:32:30.134Z</Time><HeartRateBpm><Value>138</Value></HeartRateBpm><Extensions><TPX xmlns="http://www.garmin.com/xmlschemas/ActivityExtension/v2"><Speed>0.000000</Speed></TPX></Extensions></Trackpoint>
     <Trackpoint><Time>2026-02-03T20:32:32.134Z</Time><HeartRateBpm><Value>138</Value></HeartRateBpm><Extensions><TPX xmlns="http://www.garmin.com/xmlschemas/ActivityExtension/v2"><Speed>0.000000</Speed></TPX></Extensions></Trackpoint>
     <Trackpoint><Time>2026-02-03T20:32:33.134Z</Time><HeartRateBpm><Value>138</Value></HeartRateBpm><Extensions><TPX xmlns="http://www.garmin.com/xmlschemas/ActivityExtension/v2"><Speed>0.000000</Speed></TPX></Extensions></Trackpoint>
     <Trackpoint><Time>2026-02-03T20:32:35.134Z</Time><HeartRateBpm><Value>138</Value></HeartRateBpm><Extensions><TPX xmlns="http://www.garmin.com/xmlschemas/ActivityExtension/v2"><Speed>0.000000</Speed></TPX></Extensions></Trackpoint>
     <Trackpoint><Time>2026-02-03T20:32:36.134Z</Time><HeartRateBpm><Value>140</Value></HeartRateBpm><Extensions><TPX xmlns="http://www.garmin.com/xmlschemas/ActivityExtension/v2"><Speed>0.000000</Speed></TPX></Extensions></Trackpoint>
     <Trackpoint><Time>2026-02-03T20:32:37.134Z</Time><HeartRateBpm><Value>140</Value></HeartRateBpm><Extensions><TPX xmlns="http://www.garmin.com/xmlschemas/ActivityExtension/v2"><Speed>0.000000</Speed></TPX></Extensions></Trackpoint>
     <Trackpoint><Time>2026-02-03T20:32:38.706Z</Time><HeartRateBpm><Value>140</Value></HeartRateBpm><Extensions><TPX xmlns="http://www.garmin.com/xmlschemas/ActivityExtension/v2"><Speed>0.000000</Speed></TPX></Extensions></Trackpoint>
     <Trackpoint><Time>2026-02-03T20:32:40.134Z</Time><HeartRateBpm><Value>140</Value></HeartRateBpm><Extensions><TPX xmlns="http://www.garmin.com/xmlschemas/ActivityExtension/v2"><Speed>0.000000</Speed></TPX></Extensions></Trackpoint>
     <Trackpoint><Time>2026-02-03T20:32:41.134Z</Time><HeartRateBpm><Value>140</Value></HeartRateBpm><Extensions><TPX xmlns="http://www.garmin.com/xmlschemas/ActivityExtension/v2"><Speed>0.000000</Speed></TPX></Extensions></Trackpoint>
     <Trackpoint><Time>2026-02-03T20:32:43.134Z</Time><HeartRateBpm><Value>140</Value></HeartRateBpm><Extensions><TPX xmlns="http://www.garmin.com/xmlschemas/ActivityExtension/v2"><Speed>0.000000</Speed></TPX></Extensions></Trackpoint>
     <Trackpoint><Time>2026-02-03T20:32:45.134Z</Time><HeartRateBpm><Value>140</Value></HeartRateBpm><Extensions><TPX xmlns="http://www.garmin.com/xmlschemas/ActivityExtension/v2"><Speed>0.000000</Speed></TPX></Extensions></Trackpoint>
     <Trackpoint><Time>2026-02-03T20:32:46.346Z</Time><HeartRateBpm><Value>142</Value></HeartRateBpm><Extensions><TPX xmlns="http://www.garmin.com/xmlschemas/ActivityExtension/v2"><Speed>0.000000</Speed></TPX></Extensions></Trackpoint>
     <Trackpoint><Time>2026-02-03T20:32:48.134Z</Time><HeartRateBpm><Value>142</Value></HeartRateBpm><Extensions><TPX xmlns="http://www.garmin.com/xmlschemas/ActivityExtension/v2"><Speed>0.000000</Speed></TPX></Extensions></Trackpoint>
     <Trackpoint><Time>2026-02-03T20:32:49.134Z</Time><HeartRateBpm><Value>142</Value></HeartRateBpm><Extensions><TPX xmlns="http://www.garmin.com/xmlschemas/ActivityExtension/v2"><Speed>0.000000</Speed></TPX></Extensions></Trackpoint>
     <Trackpoint><Time>2026-02-03T20:32:50.513Z</Time><HeartRateBpm><Value>142</Value></HeartRateBpm><Extensions><TPX xmlns="http://www.garmin.com/xmlschemas/ActivityExtension/v2"><Speed>0.000000</Speed></TPX></Extensions></Trackpoint>
     <Trackpoint><Time>2026-02-03T20:32:52.134Z</Time><HeartRateBpm><Value>142</Value></HeartRateBpm><Extensions><TPX xmlns="http://www.garmin.com/xmlschemas/ActivityExtension/v2"><Speed>0.000000</Speed></TPX></Extensions></Trackpoint>
     <Trackpoint><Time>2026-02-03T20:32:53.997Z</Time><HeartRateBpm><Value>142</Value></HeartRateBpm><Extensions><TPX xmlns="http://www.garmin.com/xmlschemas/ActivityExtension/v2"><Speed>0.000000</Speed></TPX></Extensions></Trackpoint>
     <Trackpoint><Time>2026-02-03T20:32:55.133Z</Time><HeartRateBpm><Value>142</Value></HeartRateBpm><Extensions><TPX xmlns="http://www.garmin.com/xmlschemas/ActivityExtension/v2"><Speed>0.000000</Speed></TPX></Extensions></Trackpoint>
     <Trackpoint><Time>2026-02-03T20:32:56.134Z</Time><HeartRateBpm><Value>142</Value></HeartRateBpm><Extensions><TPX xmlns="http://www.garmin.com/xmlschemas/ActivityExtension/v2"><Speed>0.000000</Speed></TPX></Extensions></Trackpoint>
     <Trackpoint><Time>2026-02-03T20:32:58.134Z</Time><HeartRateBpm><Value>142</Value></HeartRateBpm><Extensions><TPX xmlns="http://www.garmin.com/xmlschemas/ActivityExtension/v2"><Speed>0.000000</Speed></TPX></Extensions></Trackpoint>
     <Trackpoint><Time>2026-02-03T20:32:59.134Z</Time><HeartRateBpm><Value>142</Value></HeartRateBpm><Extensions><TPX xmlns="http://www.garmin.com/xmlschemas/ActivityExtension/v2"><Speed>0.000000</Speed></TPX></Extensions></Trackpoint>
     <Trackpoint><Time>2026-02-03T20:33:00.514Z</Time><HeartRateBpm><Value>141</Value></HeartRateBpm><Extensions><TPX xmlns="http://www.garmin.com/xmlschemas/ActivityExtension/v2"><Speed>0.000000</Speed></TPX></Extensions></Trackpoint>
     <Trackpoint><Time>2026-02-03T20:33:01.643Z</Time><HeartRateBpm><Value>141</Value></HeartRateBpm><Extensions><TPX xmlns="http://www.garmin.com/xmlschemas/ActivityExtension/v2"><Speed>0.000000</Speed></TPX></Extensions></Trackpoint>
     <Trackpoint><Time>2026-02-03T20:33:03.134Z</Time><HeartRateBpm><Value>141</Value></HeartRateBpm><Extensions><TPX xmlns="http://www.garmin.com/xmlschemas/ActivityExtension/v2"><Speed>0.000000</Speed></TPX></Extensions></Trackpoint>
     <Trackpoint><Time>2026-02-03T20:33:04.134Z</Time><HeartRateBpm><Value>141</Value></HeartRateBpm><Extensions><TPX xmlns="http://www.garmin.com/xmlschemas/ActivityExtension/v2"><Speed>0.000000</Speed></TPX></Extensions></Trackpoint>
     <Trackpoint><Time>2026-02-03T20:33:05.134Z</Time><HeartRateBpm><Value>141</Value></HeartRateBpm><Extensions><TPX xmlns="http://www.garmin.com/xmlschemas/ActivityExtension/v2"><Speed>0.000000</Speed></TPX></Extensions></Trackpoint>
     <Trackpoint><Time>2026-02-03T20:33:06.134Z</Time><HeartRateBpm><Value>141</Value></HeartRateBpm><Extensions><TPX xmlns="http://www.garmin.com/xmlschemas/ActivityExtension/v2"><Speed>0.000000</Speed></TPX></Extensions></Trackpoint>
     <Trackpoint><Time>2026-02-03T20:33:08.134Z</Time><HeartRateBpm><Value>141</Value></HeartRateBpm><Extensions><TPX xmlns="http://www.garmin.com/xmlschemas/ActivityExtension/v2"><Speed>0.000000</Speed></TPX></Extensions></Trackpoint>
     <Trackpoint><Time>2026-02-03T20:33:09.134Z</Time><HeartRateBpm><Value>141</Value></HeartRateBpm><Extensions><TPX xmlns="http://www.garmin.com/xmlschemas/ActivityExtension/v2"><Speed>0.000000</Speed></TPX></Extensions></Trackpoint>
     <Trackpoint><Time>2026-02-03T20:33:10.134Z</Time><HeartRateBpm><Value>141</Value></HeartRateBpm><Extensions><TPX xmlns="http://www.garmin.com/xmlschemas/ActivityExtension/v2"><Speed>0.000000</Speed></TPX></Extensions></Trackpoint>
     <Trackpoint><Time>2026-02-03T20:33:11.134Z</Time><HeartRateBpm><Value>143</Value></HeartRateBpm><Extensions><TPX xmlns="http://www.garmin.com/xmlschemas/ActivityExtension/v2"><Speed>0.000000</Speed></TPX></Extensions></Trackpoint>
     <Trackpoint><Time>2026-02-03T20:33:13.134Z</Time><HeartRateBpm><Value>143</Value></HeartRateBpm><Extensions><TPX xmlns="http://www.garmin.com/xmlschemas/ActivityExtension/v2"><Speed>0.000000</Speed></TPX></Extensions></Trackpoint>
     <Trackpoint><Time>2026-02-03T20:33:14.134Z</Time><HeartRateBpm><Value>143</Value></HeartRateBpm><Extensions><TPX xmlns="http://www.garmin.com/xmlschemas/ActivityExtension/v2"><Speed>0.000000</Speed></TPX></Extensions></Trackpoint>
     <Trackpoint><Time>2026-02-03T20:33:15.506Z</Time><HeartRateBpm><Value>141</Value></HeartRateBpm><Extensions><TPX xmlns="http://www.garmin.com/xmlschemas/ActivityExtension/v2"><Speed>0.000000</Speed></TPX></Extensions></Trackpoint>
     <Trackpoint><Time>2026-02-03T20:33:16.941Z</Time><HeartRateBpm><Value>141</Value></HeartRateBpm><Extensions><TPX xmlns="http://www.garmin.com/xmlschemas/ActivityExtension/v2"><Speed>0.000000</Speed></TPX></Extensions></Trackpoint>
     <Trackpoint><Time>2026-02-03T20:33:18.134Z</Time><HeartRateBpm><Value>141</Value></HeartRateBpm><Extensions><TPX xmlns="http://www.garmin.com/xmlschemas/ActivityExtension/v2"><Speed>0.000000</Speed></TPX></Extensions></Trackpoint>
     <Trackpoint><Time>2026-02-03T20:33:19.485Z</Time><HeartRateBpm><Value>141</Value></HeartRateBpm><Extensions><TPX xmlns="http://www.garmin.com/xmlschemas/ActivityExtension/v2"><Speed>0.000000</Speed></TPX></Extensions></Trackpoint>
     <Trackpoint><Time>2026-02-03T20:33:20.979Z</Time><HeartRateBpm><Value>139</Value></HeartRateBpm><Extensions><TPX xmlns="http://www.garmin.com/xmlschemas/ActivityExtension/v2"><Speed>0.000000</Speed></TPX></Extensions></Trackpoint>
     <Trackpoint><Time>2026-02-03T20:33:22.030Z</Time><HeartRateBpm><Value>139</Value></HeartRateBpm><Extensions><TPX xmlns="http://www.garmin.com/xmlschemas/ActivityExtension/v2"><Speed>0.000000</Speed></TPX></Extensions></Trackpoint>
     <Trackpoint><Time>2026-02-03T20:33:23.134Z</Time><HeartRateBpm><Value>139</Value></HeartRateBpm><Extensions><TPX xmlns="http://www.garmin.com/xmlschemas/ActivityExtension/v2"><Speed>0.000000</Speed></TPX></Extensions></Trackpoint>
     <Trackpoint><Time>2026-02-03T20:33:24.632Z</Time><HeartRateBpm><Value>139</Value></HeartRateBpm><Extensions><TPX xmlns="http://www.garmin.com/xmlschemas/ActivityExtension/v2"><Speed>0.000000</Speed></TPX></Extensions></Trackpoint>
     <Trackpoint><Time>2026-02-03T20:33:26.134Z</Time><HeartRateBpm><Value>139</Value></HeartRateBpm><Extensions><TPX xmlns="http://www.garmin.com/xmlschemas/ActivityExtension/v2"><Speed>0.000000</Speed></TPX></Extensions></Trackpoint>
     <Trackpoint><Time>2026-02-03T20:33:28.134Z</Time><HeartRateBpm><Value>139</Value></HeartRateBpm><Extensions><TPX xmlns="http://www.garmin.com/xmlschemas/ActivityExtension/v2"><Speed>0.000000</Speed></TPX></Extensions></Trackpoint>
     <Trackpoint><Time>2026-02-03T20:33:29.134Z</Time><HeartRateBpm><Value>139</Value></HeartRateBpm><Extensions><TPX xmlns="http://www.garmin.com/xmlschemas/ActivityExtension/v2"><Speed>0.000000</Speed></TPX></Extensions></Trackpoint>
     <Trackpoint><Time>2026-02-03T20:33:31.134Z</Time><HeartRateBpm><Value>137</Value></HeartRateBpm><Extensions><TPX xmlns="http://www.garmin.com/xmlschemas/ActivityExtension/v2"><Speed>0.000000</Speed></TPX></Extensions></Trackpoint>
     <Trackpoint><Time>2026-02-03T20:33:32.134Z</Time><HeartRateBpm><Value>137</Value></HeartRateBpm><Extensions><TPX xmlns="http://www.garmin.com/xmlschemas/ActivityExtension/v2"><Speed>0.000000</Speed></TPX></Extensions></Trackpoint>
     <Trackpoint><Time>2026-02-03T20:33:34.134Z</Time><HeartRateBpm><Value>137</Value></HeartRateBpm><Extensions><TPX xmlns="http://www.garmin.com/xmlschemas/ActivityExtension/v2"><Speed>0.000000</Speed></TPX></Extensions></Trackpoint>
     <Trackpoint><Time>2026-02-03T20:33:36.134Z</Time><HeartRateBpm><Value>137</Value></HeartRateBpm><Extensions><TPX xmlns="http://www.garmin.com/xmlschemas/ActivityExtension/v2"><Speed>0.000000</Speed></TPX></Extensions></Trackpoint>
     <Trackpoint><Time>2026-02-03T20:33:37.333Z</Time><HeartRateBpm><Value>137</Value></HeartRateBpm><Extensions><TPX xmlns="http://www.garmin.com/xmlschemas/ActivityExtension/v2"><Speed>0.000000</Speed></TPX></Extensions></Trackpoint>
     <Trackpoint><Time>2026-02-03T20:33:39.134Z</Time><HeartRateBpm><Value>137</Value></HeartRateBpm><Extensions><TPX xmlns="http://www.garmin.com/xmlschemas/ActivityExtension/v2"><Speed>0.000000</Speed></TPX></Extensions></Trackpoint>
     <Trackpoint><Time>2026-02-03T20:33:40.986Z</Time><HeartRateBpm><Value>138</Value></HeartRateBpm><Extensions><TPX xmlns="http://www.garmin.com/xmlschemas/ActivityExtension/v2"><Speed>0.000000</Speed></TPX></Extensions></Trackpoint>
     <Trackpoint><Time>2026-02-03T20:33:42.134Z</Time><HeartRateBpm><Value>138</Value></HeartRateBpm><Extensions><TPX xmlns="http://www.garmin.com/xmlschemas/ActivityExtension/v2"><Speed>0.000000</Speed></TPX></Extensions></Trackpoint>
     <Trackpoint><Time>2026-02-03T20:33:44.134Z</Time><HeartRateBpm><Value>138</Value></HeartRateBpm><Extensions><TPX xmlns="http://www.garmin.com/xmlschemas/ActivityExtension/v2"><Speed>0.000000</Speed></TPX></Extensions></Trackpoint>
     <Trackpoint><Time>2026-02-03T20:33:45.134Z</Time><HeartRateBpm><Value>139</Value></HeartRateBpm><Extensions><TPX xmlns="http://www.garmin.com/xmlschemas/ActivityExtension/v2"><Speed>0.000000</Speed></TPX></Extensions></Trackpoint>
     <Trackpoint><Time>2026-02-03T20:33:47.134Z</Time><HeartRateBpm><Value>139</Value></HeartRateBpm><Extensions><TPX xmlns="http://www.garmin.com/xmlschemas/ActivityExtension/v2"><Speed>0.000000</Speed></TPX></Extensions></Trackpoint>
     <Trackpoint><Time>2026-02-03T20:33:49.134Z</Time><HeartRateBpm><Value>139</Value></HeartRateBpm><Extensions><TPX xmlns="http://www.garmin.com/xmlschemas/ActivityExtension/v2"><Speed>0.000000</Speed></TPX></Extensions></Trackpoint>
     <Trackpoint><Time>2026-02-03T20:33:50.134Z</Time><HeartRateBpm><Value>137</Value></HeartRateBpm><Extensions><TPX xmlns="http://www.garmin.com/xmlschemas/ActivityExtension/v2"><Speed>0.000000</Speed></TPX></Extensions></Trackpoint>
     <Trackpoint><Time>2026-02-03T20:33:52.134Z</Time><HeartRateBpm><Value>137</Value></HeartRateBpm><Extensions><TPX xmlns="http://www.garmin.com/xmlschemas/ActivityExtension/v2"><Speed>0.000000</Speed></TPX></Extensions></Trackpoint>
     <Trackpoint><Time>2026-02-03T20:33:54.134Z</Time><HeartRateBpm><Value>137</Value></HeartRateBpm><Extensions><TPX xmlns="http://www.garmin.com/xmlschemas/ActivityExtension/v2"><Speed>0.000000</Speed></TPX></Extensions></Trackpoint>
     <Trackpoint><Time>2026-02-03T20:33:55.174Z</Time><HeartRateBpm><Value>137</Value></HeartRateBpm><Extensions><TPX xmlns="http://www.garmin.com/xmlschemas/ActivityExtension/v2"><Speed>0.000000</Speed></TPX></Extensions></Trackpoint>
     <Trackpoint><Time>2026-02-03T20:33:57.134Z</Time><HeartRateBpm><Value>135</Value></HeartRateBpm><Extensions><TPX xmlns="http://www.garmin.com/xmlschemas/ActivityExtension/v2"><Speed>0.000000</Speed></TPX></Extensions></Trackpoint>
     <Trackpoint><Time>2026-02-03T20:33:58.134Z</Time><HeartRateBpm><Value>135</Value></HeartRateBpm><Extensions><TPX xmlns="http://www.garmin.com/xmlschemas/ActivityExtension/v2"><Speed>0.000000</Speed></TPX></Extensions></Trackpoint>
     <Trackpoint><Time>2026-02-03T20:33:59.134Z</Time><HeartRateBpm><Value>135</Value></HeartRateBpm><Extensions><TPX xmlns="http://www.garmin.com/xmlschemas/ActivityExtension/v2"><Speed>0.000000</Speed></TPX></Extensions></Trackpoint>
     <Trackpoint><Time>2026-02-03T20:34:00.134Z</Time><HeartRateBpm><Value>135</Value></HeartRateBpm><Extensions><TPX xmlns="http://www.garmin.com/xmlschemas/ActivityExtension/v2"><Speed>0.000000</Speed></TPX></Extensions></Trackpoint>
     <Trackpoint><Time>2026-02-03T20:34:02.133Z</Time><HeartRateBpm><Value>135</Value></HeartRateBpm><Extensions><TPX xmlns="http://www.garmin.com/xmlschemas/ActivityExtension/v2"><Speed>0.000000</Speed></TPX></Extensions></Trackpoint>
     <Trackpoint><Time>2026-02-03T20:34:03.134Z</Time><HeartRateBpm><Value>135</Value></HeartRateBpm><Extensions><TPX xmlns="http://www.garmin.com/xmlschemas/ActivityExtension/v2"><Speed>0.000000</Speed></TPX></Extensions></Trackpoint>
     <Trackpoint><Time>2026-02-03T20:34:05.134Z</Time><HeartRateBpm><Value>135</Value></HeartRateBpm><Extensions><TPX xmlns="http://www.garmin.com/xmlschemas/ActivityExtension/v2"><Speed>0.000000</Speed></TPX></Extensions></Trackpoint>
     <Trackpoint><Time>2026-02-03T20:34:07.133Z</Time><HeartRateBpm><Value>134</Value></HeartRateBpm><Extensions><TPX xmlns="http://www.garmin.com/xmlschemas/ActivityExtension/v2"><Speed>0.000000</Speed></TPX></Extensions></Trackpoint>
     <Trackpoint><Time>2026-02-03T20:34:08.133Z</Time><HeartRateBpm><Value>134</Value></HeartRateBpm><Extensions><TPX xmlns="http://www.garmin.com/xmlschemas/ActivityExtension/v2"><Speed>0.000000</Speed></TPX></Extensions></Trackpoint>
     <Trackpoint><Time>2026-02-03T20:34:10.134Z</Time><HeartRateBpm><Value>134</Value></HeartRateBpm><Extensions><TPX xmlns="http://www.garmin.com/xmlschemas/ActivityExtension/v2"><Speed>0.000000</Speed></TPX></Extensions></Trackpoint>
     <Trackpoint><Time>2026-02-03T20:34:12.133Z</Time><HeartRateBpm><Value>136</Value></HeartRateBpm><Extensions><TPX xmlns="http://www.garmin.com/xmlschemas/ActivityExtension/v2"><Speed>0.000000</Speed></TPX></Extensions></Trackpoint>
     <Trackpoint><Time>2026-02-03T20:34:13.134Z</Time><HeartRateBpm><Value>136</Value></HeartRateBpm><Extensions><TPX xmlns="http://www.garmin.com/xmlschemas/ActivityExtension/v2"><Speed>0.000000</Speed></TPX></Extensions></Trackpoint>
     <Trackpoint><Time>2026-02-03T20:34:15.134Z</Time><HeartRateBpm><Value>136</Value></HeartRateBpm><Extensions><TPX xmlns="http://www.garmin.com/xmlschemas/ActivityExtension/v2"><Speed>0.000000</Speed></TPX></Extensions></Trackpoint>
     <Trackpoint><Time>2026-02-03T20:34:16.134Z</Time><HeartRateBpm><Value>137</Value></HeartRateBpm><Extensions><TPX xmlns="http://www.garmin.com/xmlschemas/ActivityExtension/v2"><Speed>0.000000</Speed></TPX></Extensions></Trackpoint>
     <Trackpoint><Time>2026-02-03T20:34:17.135Z</Time><HeartRateBpm><Value>137</Value></HeartRateBpm><Extensions><TPX xmlns="http://www.garmin.com/xmlschemas/ActivityExtension/v2"><Speed>0.000000</Speed></TPX></Extensions></Trackpoint>
     <Trackpoint><Time>2026-02-03T20:34:18.145Z</Time><HeartRateBpm><Value>137</Value></HeartRateBpm><Extensions><TPX xmlns="http://www.garmin.com/xmlschemas/ActivityExtension/v2"><Speed>0.000000</Speed></TPX></Extensions></Trackpoint>
     <Trackpoint><Time>2026-02-03T20:34:20.143Z</Time><HeartRateBpm><Value>137</Value></HeartRateBpm><Extensions><TPX xmlns="http://www.garmin.com/xmlschemas/ActivityExtension/v2"><Speed>0.000000</Speed></TPX></Extensions></Trackpoint>
     <Trackpoint><Time>2026-02-03T20:34:22.133Z</Time><HeartRateBpm><Value>137</Value></HeartRateBpm><Extensions><TPX xmlns="http://www.garmin.com/xmlschemas/ActivityExtension/v2"><Speed>0.000000</Speed></TPX></Extensions></Trackpoint>
     <Trackpoint><Time>2026-02-03T20:34:23.134Z</Time><HeartRateBpm><Value>137</Value></HeartRateBpm><Extensions><TPX xmlns="http://www.garmin.com/xmlschemas/ActivityExtension/v2"><Speed>0.000000</Speed></TPX></Extensions></Trackpoint>
     <Trackpoint><Time>2026-02-03T20:34:25.133Z</Time><HeartRateBpm><Value>137</Value></HeartRateBpm><Extensions><TPX xmlns="http://www.garmin.com/xmlschemas/ActivityExtension/v2"><Speed>0.000000</Speed></TPX></Extensions></Trackpoint>
     <Trackpoint><Time>2026-02-03T20:34:26.133Z</Time><HeartRateBpm><Value>136</Value></HeartRateBpm><Extensions><TPX xmlns="http://www.garmin.com/xmlschemas/ActivityExtension/v2"><Speed>0.000000</Speed></TPX></Extensions></Trackpoint>
     <Trackpoint><Time>2026-02-03T20:34:27.134Z</Time><HeartRateBpm><Value>136</Value></HeartRateBpm><Extensions><TPX xmlns="http://www.garmin.com/xmlschemas/ActivityExtension/v2"><Speed>0.000000</Speed></TPX></Extensions></Trackpoint>
     <Trackpoint><Time>2026-02-03T20:34:28.305Z</Time><HeartRateBpm><Value>136</Value></HeartRateBpm><Extensions><TPX xmlns="http://www.garmin.com/xmlschemas/ActivityExtension/v2"><Speed>0.000000</Speed></TPX></Extensions></Trackpoint>
     <Trackpoint><Time>2026-02-03T20:34:30.134Z</Time><HeartRateBpm><Value>136</Value></HeartRateBpm><Extensions><TPX xmlns="http://www.garmin.com/xmlschemas/ActivityExtension/v2"><Speed>0.000000</Speed></TPX></Extensions></Trackpoint>
     <Trackpoint><Time>2026-02-03T20:34:32.133Z</Time><HeartRateBpm><Value>137</Value></HeartRateBpm><Extensions><TPX xmlns="http://www.garmin.com/xmlschemas/ActivityExtension/v2"><Speed>0.000000</Speed></TPX></Extensions></Trackpoint>
     <Trackpoint><Time>2026-02-03T20:34:33.413Z</Time><HeartRateBpm><Value>137</Value></HeartRateBpm><Extensions><TPX xmlns="http://www.garmin.com/xmlschemas/ActivityExtension/v2"><Speed>0.000000</Speed></TPX></Extensions></Trackpoint>
     <Trackpoint><Time>2026-02-03T20:34:35.133Z</Time><HeartRateBpm><Value>137</Value></HeartRateBpm><Extensions><TPX xmlns="http://www.garmin.com/xmlschemas/ActivityExtension/v2"><Speed>0.000000</Speed></TPX></Extensions></Trackpoint>
     <Trackpoint><Time>2026-02-03T20:34:37.133Z</Time><HeartRateBpm><Value>137</Value></HeartRateBpm><Extensions><TPX xmlns="http://www.garmin.com/xmlschemas/ActivityExtension/v2"><Speed>0.000000</Speed></TPX></Extensions></Trackpoint>
     <Trackpoint><Time>2026-02-03T20:34:38.134Z</Time><HeartRateBpm><Value>137</Value></HeartRateBpm><Extensions><TPX xmlns="http://www.garmin.com/xmlschemas/ActivityExtension/v2"><Speed>0.000000</Speed></TPX></Extensions></Trackpoint>
     <Trackpoint><Time>2026-02-03T20:34:40.133Z</Time><HeartRateBpm><Value>137</Value></HeartRateBpm><Extensions><TPX xmlns="http://www.garmin.com/xmlschemas/ActivityExtension/v2"><Speed>0.000000</Speed></TPX></Extensions></Trackpoint>
     <Trackpoint><Time>2026-02-03T20:34:42.133Z</Time><HeartRateBpm><Value>136</Value></HeartRateBpm><Extensions><TPX xmlns="http://www.garmin.com/xmlschemas/ActivityExtension/v2"><Speed>0.000000</Speed></TPX></Extensions></Trackpoint>
     <Trackpoint><Time>2026-02-03T20:34:43.133Z</Time><HeartRateBpm><Value>136</Value></HeartRateBpm><Extensions><TPX xmlns="http://www.garmin.com/xmlschemas/ActivityExtension/v2"><Speed>0.000000</Speed></TPX></Extensions></Trackpoint>
     <Trackpoint><Time>2026-02-03T20:34:45.132Z</Time><HeartRateBpm><Value>136</Value></HeartRateBpm><Extensions><TPX xmlns="http://www.garmin.com/xmlschemas/ActivityExtension/v2"><Speed>0.000000</Speed></TPX></Extensions></Trackpoint>
     <Trackpoint><Time>2026-02-03T20:34:46.133Z</Time><HeartRateBpm><Value>136</Value></HeartRateBpm><Extensions><TPX xmlns="http://www.garmin.com/xmlschemas/ActivityExtension/v2"><Speed>0.000000</Speed></TPX></Extensions></Trackpoint>
     <Trackpoint><Time>2026-02-03T20:34:48.132Z</Time><HeartRateBpm><Value>136</Value></HeartRateBpm><Extensions><TPX xmlns="http://www.garmin.com/xmlschemas/ActivityExtension/v2"><Speed>0.000000</Speed></TPX></Extensions></Trackpoint>
     <Trackpoint><Time>2026-02-03T20:34:50.132Z</Time><HeartRateBpm><Value>136</Value></HeartRateBpm><Extensions><TPX xmlns="http://www.garmin.com/xmlschemas/ActivityExtension/v2"><Speed>0.000000</Speed></TPX></Extensions></Trackpoint>
     <Trackpoint><Time>2026-02-03T20:34:51.251Z</Time><HeartRateBpm><Value>137</Value></HeartRateBpm><Extensions><TPX xmlns="http://www.garmin.com/xmlschemas/ActivityExtension/v2"><Speed>0.000000</Speed></TPX></Extensions></Trackpoint>
     <Trackpoint><Time>2026-02-03T20:34:53.132Z</Time><HeartRateBpm><Value>137</Value></HeartRateBpm><Extensions><TPX xmlns="http://www.garmin.com/xmlschemas/ActivityExtension/v2"><Speed>0.000000</Speed></TPX></Extensions></Trackpoint>
     <Trackpoint><Time>2026-02-03T20:34:54.132Z</Time><HeartRateBpm><Value>137</Value></HeartRateBpm><Extensions><TPX xmlns="http://www.garmin.com/xmlschemas/ActivityExtension/v2"><Speed>0.000000</Speed></TPX></Extensions></Trackpoint>
     <Trackpoint><Time>2026-02-03T20:34:55.540Z</Time><HeartRateBpm><Value>137</Value></HeartRateBpm><Extensions><TPX xmlns="http://www.garmin.com/xmlschemas/ActivityExtension/v2"><Speed>0.000000</Speed></TPX></Extensions></Trackpoint>
     <Trackpoint><Time>2026-02-03T20:34:57.132Z</Time><HeartRateBpm><Value>137</Value></HeartRateBpm><Extensions><TPX xmlns="http://www.garmin.com/xmlschemas/ActivityExtension/v2"><Speed>0.000000</Speed></TPX></Extensions></Trackpoint>
     <Trackpoint><Time>2026-02-03T20:34:58.134Z</Time><HeartRateBpm><Value>137</Value></HeartRateBpm><Extensions><TPX xmlns="http://www.garmin.com/xmlschemas/ActivityExtension/v2"><Speed>0.000000</Speed></TPX></Extensions></Trackpoint>
     <Trackpoint><Time>2026-02-03T20:35:00.132Z</Time><HeartRateBpm><Value>137</Value></HeartRateBpm><Extensions><TPX xmlns="http://www.garmin.com/xmlschemas/ActivityExtension/v2"><Speed>0.000000</Speed></TPX></Extensions></Trackpoint>
     <Trackpoint><Time>2026-02-03T20:35:01.444Z</Time><HeartRateBpm><Value>140</Value></HeartRateBpm><Extensions><TPX xmlns="http://www.garmin.com/xmlschemas/ActivityExtension/v2"><Speed>0.000000</Speed></TPX></Extensions></Trackpoint>
     <Trackpoint><Time>2026-02-03T20:35:03.132Z</Time><HeartRateBpm><Value>140</Value></HeartRateBpm><Extensions><TPX xmlns="http://www.garmin.com/xmlschemas/ActivityExtension/v2"><Speed>0.000000</Speed></TPX></Extensions></Trackpoint>
     <Trackpoint><Time>2026-02-03T20:35:05.132Z</Time><HeartRateBpm><Value>140</Value></HeartRateBpm><Extensions><TPX xmlns="http://www.garmin.com/xmlschemas/ActivityExtension/v2"><Speed>0.000000</Speed></TPX></Extensions></Trackpoint>
     <Trackpoint><Time>2026-02-03T20:35:06.565Z</Time><HeartRateBpm><Value>141</Value></HeartRateBpm><Extensions><TPX xmlns="http://www.garmin.com/xmlschemas/ActivityExtension/v2"><Speed>0.000000</Speed></TPX></Extensions></Trackpoint>
     <Trackpoint><Time>2026-02-03T20:35:08.131Z</Time><HeartRateBpm><Value>141</Value></HeartRateBpm><Extensions><TPX xmlns="http://www.garmin.com/xmlschemas/ActivityExtension/v2"><Speed>0.000000</Speed></TPX></Extensions></Trackpoint>
     <Trackpoint><Time>2026-02-03T20:35:10.131Z</Time><HeartRateBpm><Value>141</Value></HeartRateBpm><Extensions><TPX xmlns="http://www.garmin.com/xmlschemas/ActivityExtension/v2"><Speed>0.000000</Speed></TPX></Extensions></Trackpoint>
     <Trackpoint><Time>2026-02-03T20:35:11.132Z</Time><HeartRateBpm><Value>140</Value></HeartRateBpm><Extensions><TPX xmlns="http://www.garmin.com/xmlschemas/ActivityExtension/v2"><Speed>0.000000</Speed></TPX></Extensions></Trackpoint>
     <Trackpoint><Time>2026-02-03T20:35:12.132Z</Time><HeartRateBpm><Value>140</Value></HeartRateBpm><Extensions><TPX xmlns="http://www.garmin.com/xmlschemas/ActivityExtension/v2"><Speed>0.000000</Speed></TPX></Extensions></Trackpoint>
     <Trackpoint><Time>2026-02-03T20:35:13.132Z</Time><HeartRateBpm><Value>140</Value></HeartRateBpm><Extensions><TPX xmlns="http://www.garmin.com/xmlschemas/ActivityExtension/v2"><Speed>0.000000</Speed></TPX></Extensions></Trackpoint>
     <Trackpoint><Time>2026-02-03T20:35:14.194Z</Time><HeartRateBpm><Value>140</Value></HeartRateBpm><Extensions><TPX xmlns="http://www.garmin.com/xmlschemas/ActivityExtension/v2"><Speed>0.000000</Speed></TPX></Extensions></Trackpoint>
     <Trackpoint><Time>2026-02-03T20:35:15.514Z</Time><HeartRateBpm><Value>141</Value></HeartRateBpm><Extensions><TPX xmlns="http://www.garmin.com/xmlschemas/ActivityExtension/v2"><Speed>0.000000</Speed></TPX></Extensions></Trackpoint>
     <Trackpoint><Time>2026-02-03T20:35:16.735Z</Time><HeartRateBpm><Value>141</Value></HeartRateBpm><Extensions><TPX xmlns="http://www.garmin.com/xmlschemas/ActivityExtension/v2"><Speed>0.000000</Speed></TPX></Extensions></Trackpoint>
     <Trackpoint><Time>2026-02-03T20:35:18.132Z</Time><HeartRateBpm><Value>141</Value></HeartRateBpm><Extensions><TPX xmlns="http://www.garmin.com/xmlschemas/ActivityExtension/v2"><Speed>0.000000</Speed></TPX></Extensions></Trackpoint>
     <Trackpoint><Time>2026-02-03T20:35:19.132Z</Time><HeartRateBpm><Value>141</Value></HeartRateBpm><Extensions><TPX xmlns="http://www.garmin.com/xmlschemas/ActivityExtension/v2"><Speed>0.000000</Speed></TPX></Extensions></Trackpoint>
     <Trackpoint><Time>2026-02-03T20:35:20.509Z</Time><HeartRateBpm><Value>143</Value></HeartRateBpm><Extensions><TPX xmlns="http://www.garmin.com/xmlschemas/ActivityExtension/v2"><Speed>0.000000</Speed></TPX></Extensions></Trackpoint>
     <Trackpoint><Time>2026-02-03T20:35:21.841Z</Time><HeartRateBpm><Value>143</Value></HeartRateBpm><Extensions><TPX xmlns="http://www.garmin.com/xmlschemas/ActivityExtension/v2"><Speed>0.000000</Speed></TPX></Extensions></Trackpoint>
     <Trackpoint><Time>2026-02-03T20:35:23.132Z</Time><HeartRateBpm><Value>143</Value></HeartRateBpm><Extensions><TPX xmlns="http://www.garmin.com/xmlschemas/ActivityExtension/v2"><Speed>0.000000</Speed></TPX></Extensions></Trackpoint>
     <Trackpoint><Time>2026-02-03T20:35:24.132Z</Time><HeartRateBpm><Value>143</Value></HeartRateBpm><Extensions><TPX xmlns="http://www.garmin.com/xmlschemas/ActivityExtension/v2"><Speed>0.000000</Speed></TPX></Extensions></Trackpoint>
     <Trackpoint><Time>2026-02-03T20:35:25.979Z</Time><HeartRateBpm><Value>145</Value></HeartRateBpm><Extensions><TPX xmlns="http://www.garmin.com/xmlschemas/ActivityExtension/v2"><Speed>0.000000</Speed></TPX></Extensions></Trackpoint>
     <Trackpoint><Time>2026-02-03T20:35:27.132Z</Time><HeartRateBpm><Value>145</Value></HeartRateBpm><Extensions><TPX xmlns="http://www.garmin.com/xmlschemas/ActivityExtension/v2"><Speed>0.000000</Speed></TPX></Extensions></Trackpoint>
     <Trackpoint><Time>2026-02-03T20:35:29.132Z</Time><HeartRateBpm><Value>145</Value></HeartRateBpm><Extensions><TPX xmlns="http://www.garmin.com/xmlschemas/ActivityExtension/v2"><Speed>0.000000</Speed></TPX></Extensions></Trackpoint>
     <Trackpoint><Time>2026-02-03T20:35:30.132Z</Time><HeartRateBpm><Value>145</Value></HeartRateBpm><Extensions><TPX xmlns="http://www.garmin.com/xmlschemas/ActivityExtension/v2"><Speed>0.000000</Speed></TPX></Extensions></Trackpoint>
     <Trackpoint><Time>2026-02-03T20:35:31.132Z</Time><HeartRateBpm><Value>145</Value></HeartRateBpm><Extensions><TPX xmlns="http://www.garmin.com/xmlschemas/ActivityExtension/v2"><Speed>0.000000</Speed></TPX></Extensions></Trackpoint>
     <Trackpoint><Time>2026-02-03T20:35:33.132Z</Time><HeartRateBpm><Value>145</Value></HeartRateBpm><Extensions><TPX xmlns="http://www.garmin.com/xmlschemas/ActivityExtension/v2"><Speed>0.000000</Speed></TPX></Extensions></Trackpoint>
     <Trackpoint><Time>2026-02-03T20:35:34.132Z</Time><HeartRateBpm><Value>145</Value></HeartRateBpm><Extensions><TPX xmlns="http://www.garmin.com/xmlschemas/ActivityExtension/v2"><Speed>0.000000</Speed></TPX></Extensions></Trackpoint>
     <Trackpoint><Time>2026-02-03T20:35:36.132Z</Time><HeartRateBpm><Value>144</Value></HeartRateBpm><Extensions><TPX xmlns="http://www.garmin.com/xmlschemas/ActivityExtension/v2"><Speed>0.000000</Speed></TPX></Extensions></Trackpoint>
     <Trackpoint><Time>2026-02-03T20:35:37.135Z</Time><HeartRateBpm><Value>144</Value></HeartRateBpm><Extensions><TPX xmlns="http://www.garmin.com/xmlschemas/ActivityExtension/v2"><Speed>0.000000</Speed></TPX></Extensions></Trackpoint>
     <Trackpoint><Time>2026-02-03T20:35:39.132Z</Time><HeartRateBpm><Value>144</Value></HeartRateBpm><Extensions><TPX xmlns="http://www.garmin.com/xmlschemas/ActivityExtension/v2"><Speed>0.000000</Speed></TPX></Extensions></Trackpoint>
     <Trackpoint><Time>2026-02-03T20:35:40.132Z</Time><HeartRateBpm><Value>142</Value></HeartRateBpm><Extensions><TPX xmlns="http://www.garmin.com/xmlschemas/ActivityExtension/v2"><Speed>0.000000</Speed></TPX></Extensions></Trackpoint>
     <Trackpoint><Time>2026-02-03T20:35:42.132Z</Time><HeartRateBpm><Value>142</Value></HeartRateBpm><Extensions><TPX xmlns="http://www.garmin.com/xmlschemas/ActivityExtension/v2"><Speed>0.000000</Speed></TPX></Extensions></Trackpoint>
     <Trackpoint><Time>2026-02-03T20:35:44.132Z</Time><HeartRateBpm><Value>142</Value></HeartRateBpm><Extensions><TPX xmlns="http://www.garmin.com/xmlschemas/ActivityExtension/v2"><Speed>0.000000</Speed></TPX></Extensions></Trackpoint>
     <Trackpoint><Time>2026-02-03T20:35:45.132Z</Time><HeartRateBpm><Value>141</Value></HeartRateBpm><Extensions><TPX xmlns="http://www.garmin.com/xmlschemas/ActivityExtension/v2"><Speed>0.000000</Speed></TPX></Extensions></Trackpoint>
     <Trackpoint><Time>2026-02-03T20:35:47.132Z</Time><HeartRateBpm><Value>141</Value></HeartRateBpm><Extensions><TPX xmlns="http://www.garmin.com/xmlschemas/ActivityExtension/v2"><Speed>0.000000</Speed></TPX></Extensions></Trackpoint>
     <Trackpoint><Time>2026-02-03T20:35:48.132Z</Time><HeartRateBpm><Value>141</Value></HeartRateBpm><Extensions><TPX xmlns="http://www.garmin.com/xmlschemas/ActivityExtension/v2"><Speed>0.000000</Speed></TPX></Extensions></Trackpoint>
     <Trackpoint><Time>2026-02-03T20:35:49.132Z</Time><HeartRateBpm><Value>141</Value></HeartRateBpm><Extensions><TPX xmlns="http://www.garmin.com/xmlschemas/ActivityExtension/v2"><Speed>0.000000</Speed></TPX></Extensions></Trackpoint>
     <Trackpoint><Time>2026-02-03T20:35:51.132Z</Time><HeartRateBpm><Value>139</Value></HeartRateBpm><Extensions><TPX xmlns="http://www.garmin.com/xmlschemas/ActivityExtension/v2"><Speed>0.000000</Speed></TPX></Extensions></Trackpoint>
     <Trackpoint><Time>2026-02-03T20:35:52.132Z</Time><HeartRateBpm><Value>139</Value></HeartRateBpm><Extensions><TPX xmlns="http://www.garmin.com/xmlschemas/ActivityExtension/v2"><Speed>0.000000</Speed></TPX></Extensions></Trackpoint>
     <Trackpoint><Time>2026-02-03T20:35:54.132Z</Time><HeartRateBpm><Value>139</Value></HeartRateBpm><Extensions><TPX xmlns="http://www.garmin.com/xmlschemas/ActivityExtension/v2"><Speed>0.000000</Speed></TPX></Extensions></Trackpoint>
     <Trackpoint><Time>2026-02-03T20:35:56.132Z</Time><HeartRateBpm><Value>142</Value></HeartRateBpm><Extensions><TPX xmlns="http://www.garmin.com/xmlschemas/ActivityExtension/v2"><Speed>0.000000</Speed></TPX></Extensions></Trackpoint>
     <Trackpoint><Time>2026-02-03T20:35:57.132Z</Time><HeartRateBpm><Value>142</Value></HeartRateBpm><Extensions><TPX xmlns="http://www.garmin.com/xmlschemas/ActivityExtension/v2"><Speed>0.000000</Speed></TPX></Extensions></Trackpoint>
     <Trackpoint><Time>2026-02-03T20:35:59.134Z</Time><HeartRateBpm><Value>142</Value></HeartRateBpm><Extensions><TPX xmlns="http://www.garmin.com/xmlschemas/ActivityExtension/v2"><Speed>0.000000</Speed></TPX></Extensions></Trackpoint>
     <Trackpoint><Time>2026-02-03T20:36:01.132Z</Time><HeartRateBpm><Value>143</Value></HeartRateBpm><Extensions><TPX xmlns="http://www.garmin.com/xmlschemas/ActivityExtension/v2"><Speed>0.000000</Speed></TPX></Extensions></Trackpoint>
     <Trackpoint><Time>2026-02-03T20:36:02.132Z</Time><HeartRateBpm><Value>143</Value></HeartRateBpm><Extensions><TPX xmlns="http://www.garmin.com/xmlschemas/ActivityExtension/v2"><Speed>0.000000</Speed></TPX></Extensions></Trackpoint>
     <Trackpoint><Time>2026-02-03T20:36:04.132Z</Time><HeartRateBpm><Value>143</Value></HeartRateBpm><Extensions><TPX xmlns="http://www.garmin.com/xmlschemas/ActivityExtension/v2"><Speed>0.000000</Speed></TPX></Extensions></Trackpoint>
     <Trackpoint><Time>2026-02-03T20:36:05.132Z</Time><HeartRateBpm><Value>143</Value></HeartRateBpm><Extensions><TPX xmlns="http://www.garmin.com/xmlschemas/ActivityExtension/v2"><Speed>0.000000</Speed></TPX></Extensions></Trackpoint>
     <Trackpoint><Time>2026-02-03T20:36:07.132Z</Time><HeartRateBpm><Value>143</Value></HeartRateBpm><Extensions><TPX xmlns="http://www.garmin.com/xmlschemas/ActivityExtension/v2"><Speed>0.000000</Speed></TPX></Extensions></Trackpoint>
     <Trackpoint><Time>2026-02-03T20:36:09.131Z</Time><HeartRateBpm><Value>143</Value></HeartRateBpm><Extensions><TPX xmlns="http://www.garmin.com/xmlschemas/ActivityExtension/v2"><Speed>0.000000</Speed></TPX></Extensions></Trackpoint>
     <Trackpoint><Time>2026-02-03T20:36:10.132Z</Time><HeartRateBpm><Value>143</Value></HeartRateBpm><Extensions><TPX xmlns="http://www.garmin.com/xmlschemas/ActivityExtension/v2"><Speed>0.000000</Speed></TPX></Extensions></Trackpoint>
     <Trackpoint><Time>2026-02-03T20:36:12.132Z</Time><HeartRateBpm><Value>137</Value></HeartRateBpm><Extensions><TPX xmlns="http://www.garmin.com/xmlschemas/ActivityExtension/v2"><Speed>0.000000</Speed></TPX></Extensions></Trackpoint>
     <Trackpoint><Time>2026-02-03T20:36:14.132Z</Time><HeartRateBpm><Value>137</Value></HeartRateBpm><Extensions><TPX xmlns="http://www.garmin.com/xmlschemas/ActivityExtension/v2"><Speed>0.000000</Speed></TPX></Extensions></Trackpoint>
     <Trackpoint><Time>2026-02-03T20:36:15.368Z</Time><HeartRateBpm><Value>137</Value></HeartRateBpm><Extensions><TPX xmlns="http://www.garmin.com/xmlschemas/ActivityExtension/v2"><Speed>0.000000</Speed></TPX></Extensions></Trackpoint>
     <Trackpoint><Time>2026-02-03T20:36:17.132Z</Time><HeartRateBpm><Value>138</Value></HeartRateBpm><Extensions><TPX xmlns="http://www.garmin.com/xmlschemas/ActivityExtension/v2"><Speed>0.000000</Speed></TPX></Extensions></Trackpoint>
     <Trackpoint><Time>2026-02-03T20:36:18.132Z</Time><HeartRateBpm><Value>138</Value></HeartRateBpm><Extensions><TPX xmlns="http://www.garmin.com/xmlschemas/ActivityExtension/v2"><Speed>0.000000</Speed></TPX></Extensions></Trackpoint>
     <Trackpoint><Time>2026-02-03T20:36:20.132Z</Time><HeartRateBpm><Value>138</Value></HeartRateBpm><Extensions><TPX xmlns="http://www.garmin.com/xmlschemas/ActivityExtension/v2"><Speed>0.000000</Speed></TPX></Extensions></Trackpoint>
     <Trackpoint><Time>2026-02-03T20:36:22.132Z</Time><HeartRateBpm><Value>141</Value></HeartRateBpm><Extensions><TPX xmlns="http://www.garmin.com/xmlschemas/ActivityExtension/v2"><Speed>0.000000</Speed></TPX></Extensions></Trackpoint>
     <Trackpoint><Time>2026-02-03T20:36:24.132Z</Time><HeartRateBpm><Value>141</Value></HeartRateBpm><Extensions><TPX xmlns="http://www.garmin.com/xmlschemas/ActivityExtension/v2"><Speed>0.000000</Speed></TPX></Extensions></Trackpoint>
     <Trackpoint><Time>2026-02-03T20:36:25.516Z</Time><HeartRateBpm><Value>141</Value></HeartRateBpm><Extensions><TPX xmlns="http://www.garmin.com/xmlschemas/ActivityExtension/v2"><Speed>0.000000</Speed></TPX></Extensions></Trackpoint>
     <Trackpoint><Time>2026-02-03T20:36:27.132Z</Time><HeartRateBpm><Value>142</Value></HeartRateBpm><Extensions><TPX xmlns="http://www.garmin.com/xmlschemas/ActivityExtension/v2"><Speed>0.000000</Speed></TPX></Extensions></Trackpoint>
     <Trackpoint><Time>2026-02-03T20:36:28.132Z</Time><HeartRateBpm><Value>142</Value></HeartRateBpm><Extensions><TPX xmlns="http://www.garmin.com/xmlschemas/ActivityExtension/v2"><Speed>0.000000</Speed></TPX></Extensions></Trackpoint>
     <Trackpoint><Time>2026-02-03T20:36:30.132Z</Time><HeartRateBpm><Value>142</Value></HeartRateBpm><Extensions><TPX xmlns="http://www.garmin.com/xmlschemas/ActivityExtension/v2"><Speed>0.000000</Speed></TPX></Extensions></Trackpoint>
     <Trackpoint><Time>2026-02-03T20:36:32.132Z</Time><HeartRateBpm><Value>143</Value></HeartRateBpm><Extensions><TPX xmlns="http://www.garmin.com/xmlschemas/ActivityExtension/v2"><Speed>0.000000</Speed></TPX></Extensions></Trackpoint>
     <Trackpoint><Time>2026-02-03T20:36:33.216Z</Time><HeartRateBpm><Value>143</Value></HeartRateBpm><Extensions><TPX xmlns="http://www.garmin.com/xmlschemas/ActivityExtension/v2"><Speed>0.000000</Speed></TPX></Extensions></Trackpoint>
     <Trackpoint><Time>2026-02-03T20:36:35.132Z</Time><HeartRateBpm><Value>143</Value></HeartRateBpm><Extensions><TPX xmlns="http://www.garmin.com/xmlschemas/ActivityExtension/v2"><Speed>0.000000</Speed></TPX></Extensions></Trackpoint>
     <Trackpoint><Time>2026-02-03T20:36:37.131Z</Time><HeartRateBpm><Value>144</Value></HeartRateBpm><Extensions><TPX xmlns="http://www.garmin.com/xmlschemas/ActivityExtension/v2"><Speed>0.000000</Speed></TPX></Extensions></Trackpoint>
     <Trackpoint><Time>2026-02-03T20:36:38.131Z</Time><HeartRateBpm><Value>144</Value></HeartRateBpm><Extensions><TPX xmlns="http://www.garmin.com/xmlschemas/ActivityExtension/v2"><Speed>0.000000</Speed></TPX></Extensions></Trackpoint>
     <Trackpoint><Time>2026-02-03T20:36:39.131Z</Time><HeartRateBpm><Value>144</Value></HeartRateBpm><Extensions><TPX xmlns="http://www.garmin.com/xmlschemas/ActivityExtension/v2"><Speed>0.000000</Speed></TPX></Extensions></Trackpoint>
     <Trackpoint><Time>2026-02-03T20:36:40.131Z</Time><HeartRateBpm><Value>144</Value></HeartRateBpm><Extensions><TPX xmlns="http://www.garmin.com/xmlschemas/ActivityExtension/v2"><Speed>0.000000</Speed></TPX></Extensions></Trackpoint>
     <Trackpoint><Time>2026-02-03T20:36:41.132Z</Time><HeartRateBpm><Value>145</Value></HeartRateBpm><Extensions><TPX xmlns="http://www.garmin.com/xmlschemas/ActivityExtension/v2"><Speed>0.000000</Speed></TPX></Extensions></Trackpoint>
     <Trackpoint><Time>2026-02-03T20:36:42.132Z</Time><HeartRateBpm><Value>145</Value></HeartRateBpm><Extensions><TPX xmlns="http://www.garmin.com/xmlschemas/ActivityExtension/v2"><Speed>0.000000</Speed></TPX></Extensions></Trackpoint>
     <Trackpoint><Time>2026-02-03T20:36:43.409Z</Time><HeartRateBpm><Value>145</Value></HeartRateBpm><Extensions><TPX xmlns="http://www.garmin.com/xmlschemas/ActivityExtension/v2"><Speed>0.000000</Speed></TPX></Extensions></Trackpoint>
     <Trackpoint><Time>2026-02-03T20:36:45.131Z</Time><HeartRateBpm><Value>145</Value></HeartRateBpm><Extensions><TPX xmlns="http://www.garmin.com/xmlschemas/ActivityExtension/v2"><Speed>0.000000</Speed></TPX></Extensions></Trackpoint>
     <Trackpoint><Time>2026-02-03T20:36:47.131Z</Time><HeartRateBpm><Value>145</Value></HeartRateBpm><Extensions><TPX xmlns="http://www.garmin.com/xmlschemas/ActivityExtension/v2"><Speed>0.000000</Speed></TPX></Extensions></Trackpoint>
     <Trackpoint><Time>2026-02-03T20:36:48.131Z</Time><HeartRateBpm><Value>145</Value></HeartRateBpm><Extensions><TPX xmlns="http://www.garmin.com/xmlschemas/ActivityExtension/v2"><Speed>0.000000</Speed></TPX></Extensions></Trackpoint>
     <Trackpoint><Time>2026-02-03T20:36:50.131Z</Time><HeartRateBpm><Value>145</Value></HeartRateBpm><Extensions><TPX xmlns="http://www.garmin.com/xmlschemas/ActivityExtension/v2"><Speed>0.000000</Speed></TPX></Extensions></Trackpoint>
     <Trackpoint><Time>2026-02-03T20:36:51.132Z</Time><HeartRateBpm><Value>145</Value></HeartRateBpm><Extensions><TPX xmlns="http://www.garmin.com/xmlschemas/ActivityExtension/v2"><Speed>0.000000</Speed></TPX></Extensions></Trackpoint>
     <Trackpoint><Time>2026-02-03T20:36:52.132Z</Time><HeartRateBpm><Value>145</Value></HeartRateBpm><Extensions><TPX xmlns="http://www.garmin.com/xmlschemas/ActivityExtension/v2"><Speed>0.000000</Speed></TPX></Extensions></Trackpoint>
     <Trackpoint><Time>2026-02-03T20:36:53.603Z</Time><HeartRateBpm><Value>145</Value></HeartRateBpm><Extensions><TPX xmlns="http://www.garmin.com/xmlschemas/ActivityExtension/v2"><Speed>0.000000</Speed></TPX></Extensions></Trackpoint>
     <Trackpoint><Time>2026-02-03T20:36:55.131Z</Time><HeartRateBpm><Value>145</Value></HeartRateBpm><Extensions><TPX xmlns="http://www.garmin.com/xmlschemas/ActivityExtension/v2"><Speed>0.000000</Speed></TPX></Extensions></Trackpoint>
     <Trackpoint><Time>2026-02-03T20:36:56.132Z</Time><HeartRateBpm><Value>144</Value></HeartRateBpm><Extensions><TPX xmlns="http://www.garmin.com/xmlschemas/ActivityExtension/v2"><Speed>0.000000</Speed></TPX></Extensions></Trackpoint>
     <Trackpoint><Time>2026-02-03T20:36:58.131Z</Time><HeartRateBpm><Value>144</Value></HeartRateBpm><Extensions><TPX xmlns="http://www.garmin.com/xmlschemas/ActivityExtension/v2"><Speed>0.000000</Speed></TPX></Extensions></Trackpoint>
     <Trackpoint><Time>2026-02-03T20:36:59.131Z</Time><HeartRateBpm><Value>144</Value></HeartRateBpm><Extensions><TPX xmlns="http://www.garmin.com/xmlschemas/ActivityExtension/v2"><Speed>0.000000</Speed></TPX></Extensions></Trackpoint>
     <Trackpoint><Time>2026-02-03T20:37:00.510Z</Time><HeartRateBpm><Value>145</Value></HeartRateBpm><Extensions><TPX xmlns="http://www.garmin.com/xmlschemas/ActivityExtension/v2"><Speed>0.000000</Speed></TPX></Extensions></Trackpoint>
     <Trackpoint><Time>2026-02-03T20:37:02.131Z</Time><HeartRateBpm><Value>145</Value></HeartRateBpm><Extensions><TPX xmlns="http://www.garmin.com/xmlschemas/ActivityExtension/v2"><Speed>0.000000</Speed></TPX></Extensions></Trackpoint>
    </Track>
   </Lap>
   <Lap StartTime="2026-02-03T20:37:03.801Z">
    <TotalTimeSeconds>600</TotalTimeSeconds>
    <AverageHeartRateBpm><Value>138</Value></AverageHeartRateBpm>
    <MaximumHeartRateBpm><Value>145</Value></MaximumHeartRateBpm>
    <Calories>109</Calories>
    <Track>
     <Trackpoint><Time>2026-02-03T20:37:03.801Z</Time><HeartRateBpm><Value>145</Value></HeartRateBpm><Extensions><TPX xmlns="http://www.garmin.com/xmlschemas/ActivityExtension/v2"><Speed>0.000000</Speed></TPX></Extensions></Trackpoint>
     <Trackpoint><Time>2026-02-03T20:37:05.132Z</Time><HeartRateBpm><Value>145</Value></HeartRateBpm><Extensions><TPX xmlns="http://www.garmin.com/xmlschemas/ActivityExtension/v2"><Speed>0.000000</Speed></TPX></Extensions></Trackpoint>
     <Trackpoint><Time>2026-02-03T20:37:06.353Z</Time><HeartRateBpm><Value>145</Value></HeartRateBpm><Extensions><TPX xmlns="http://www.garmin.com/xmlschemas/ActivityExtension/v2"><Speed>0.000000</Speed></TPX></Extensions></Trackpoint>
     <Trackpoint><Time>2026-02-03T20:37:08.131Z</Time><HeartRateBpm><Value>145</Value></HeartRateBpm><Extensions><TPX xmlns="http://www.garmin.com/xmlschemas/ActivityExtension/v2"><Speed>0.000000</Speed></TPX></Extensions></Trackpoint>
     <Trackpoint><Time>2026-02-03T20:37:10.131Z</Time><HeartRateBpm><Value>145</Value></HeartRateBpm><Extensions><TPX xmlns="http://www.garmin.com/xmlschemas/ActivityExtension/v2"><Speed>0.000000</Speed></TPX></Extensions></Trackpoint>
     <Trackpoint><Time>2026-02-03T20:37:11.132Z</Time><HeartRateBpm><Value>144</Value></HeartRateBpm><Extensions><TPX xmlns="http://www.garmin.com/xmlschemas/ActivityExtension/v2"><Speed>0.000000</Speed></TPX></Extensions></Trackpoint>
     <Trackpoint><Time>2026-02-03T20:37:13.131Z</Time><HeartRateBpm><Value>144</Value></HeartRateBpm><Extensions><TPX xmlns="http://www.garmin.com/xmlschemas/ActivityExtension/v2"><Speed>0.000000</Speed></TPX></Extensions></Trackpoint>
     <Trackpoint><Time>2026-02-03T20:37:15.131Z</Time><HeartRateBpm><Value>144</Value></HeartRateBpm><Extensions><TPX xmlns="http://www.garmin.com/xmlschemas/ActivityExtension/v2"><Speed>0.000000</Speed></TPX></Extensions></Trackpoint>
     <Trackpoint><Time>2026-02-03T20:37:16.132Z</Time><HeartRateBpm><Value>141</Value></HeartRateBpm><Extensions><TPX xmlns="http://www.garmin.com/xmlschemas/ActivityExtension/v2"><Speed>0.000000</Speed></TPX></Extensions></Trackpoint>
     <Trackpoint><Time>2026-02-03T20:37:18.132Z</Time><HeartRateBpm><Value>141</Value></HeartRateBpm><Extensions><TPX xmlns="http://www.garmin.com/xmlschemas/ActivityExtension/v2"><Speed>0.000000</Speed></TPX></Extensions></Trackpoint>
     <Trackpoint><Time>2026-02-03T20:37:20.131Z</Time><HeartRateBpm><Value>141</Value></HeartRateBpm><Extensions><TPX xmlns="http://www.garmin.com/xmlschemas/ActivityExtension/v2"><Speed>0.000000</Speed></TPX></Extensions></Trackpoint>
     <Trackpoint><Time>2026-02-03T20:37:21.686Z</Time><HeartRateBpm><Value>141</Value></HeartRateBpm><Extensions><TPX xmlns="http://www.garmin.com/xmlschemas/ActivityExtension/v2"><Speed>0.000000</Speed></TPX></Extensions></Trackpoint>
     <Trackpoint><Time>2026-02-03T20:37:23.131Z</Time><HeartRateBpm><Value>141</Value></HeartRateBpm><Extensions><TPX xmlns="http://www.garmin.com/xmlschemas/ActivityExtension/v2"><Speed>0.000000</Speed></TPX></Extensions></Trackpoint>
     <Trackpoint><Time>2026-02-03T20:37:24.132Z</Time><HeartRateBpm><Value>141</Value></HeartRateBpm><Extensions><TPX xmlns="http://www.garmin.com/xmlschemas/ActivityExtension/v2"><Speed>0.000000</Speed></TPX></Extensions></Trackpoint>
     <Trackpoint><Time>2026-02-03T20:37:25.132Z</Time><HeartRateBpm><Value>141</Value></HeartRateBpm><Extensions><TPX xmlns="http://www.garmin.com/xmlschemas/ActivityExtension/v2"><Speed>0.000000</Speed></TPX></Extensions></Trackpoint>
     <Trackpoint><Time>2026-02-03T20:37:26.761Z</Time><HeartRateBpm><Value>138</Value></HeartRateBpm><Extensions><TPX xmlns="http://www.garmin.com/xmlschemas/ActivityExtension/v2"><Speed>0.000000</Speed></TPX></Extensions></Trackpoint>
     <Trackpoint><Time>2026-02-03T20:37:28.131Z</Time><HeartRateBpm><Value>138</Value></HeartRateBpm><Extensions><TPX xmlns="http://www.garmin.com/xmlschemas/ActivityExtension/v2"><Speed>0.000000</Speed></TPX></Extensions></Trackpoint>
     <Trackpoint><Time>2026-02-03T20:37:29.132Z</Time><HeartRateBpm><Value>138</Value></HeartRateBpm><Extensions><TPX xmlns="http://www.garmin.com/xmlschemas/ActivityExtension/v2"><Speed>0.000000</Speed></TPX></Extensions></Trackpoint>
     <Trackpoint><Time>2026-02-03T20:37:30.510Z</Time><HeartRateBpm><Value>138</Value></HeartRateBpm><Extensions><TPX xmlns="http://www.garmin.com/xmlschemas/ActivityExtension/v2"><Speed>0.000000</Speed></TPX></Extensions></Trackpoint>
     <Trackpoint><Time>2026-02-03T20:37:31.852Z</Time><HeartRateBpm><Value>138</Value></HeartRateBpm><Extensions><TPX xmlns="http://www.garmin.com/xmlschemas/ActivityExtension/v2"><Speed>0.000000</Speed></TPX></Extensions></Trackpoint>
     <Trackpoint><Time>2026-02-03T20:37:33.131Z</Time><HeartRateBpm><Value>138</Value></HeartRateBpm><Extensions><TPX xmlns="http://www.garmin.com/xmlschemas/ActivityExtension/v2"><Speed>0.000000</Speed></TPX></Extensions></Trackpoint>
     <Trackpoint><Time>2026-02-03T20:37:34.131Z</Time><HeartRateBpm><Value>138</Value></HeartRateBpm><Extensions><TPX xmlns="http://www.garmin.com/xmlschemas/ActivityExtension/v2"><Speed>0.000000</Speed></TPX></Extensions></Trackpoint>
     <Trackpoint><Time>2026-02-03T20:37:35.507Z</Time><HeartRateBpm><Value>139</Value></HeartRateBpm><Extensions><TPX xmlns="http://www.garmin.com/xmlschemas/ActivityExtension/v2"><Speed>0.000000</Speed></TPX></Extensions></Trackpoint>
     <Trackpoint><Time>2026-02-03T20:37:36.940Z</Time><HeartRateBpm><Value>139</Value></HeartRateBpm><Extensions><TPX xmlns="http://www.garmin.com/xmlschemas/ActivityExtension/v2"><Speed>0.000000</Speed></TPX></Extensions></Trackpoint>
     <Trackpoint><Time>2026-02-03T20:37:38.131Z</Time><HeartRateBpm><Value>139</Value></HeartRateBpm><Extensions><TPX xmlns="http://www.garmin.com/xmlschemas/ActivityExtension/v2"><Speed>0.000000</Speed></TPX></Extensions></Trackpoint>
     <Trackpoint><Time>2026-02-03T20:37:39.491Z</Time><HeartRateBpm><Value>139</Value></HeartRateBpm><Extensions><TPX xmlns="http://www.garmin.com/xmlschemas/ActivityExtension/v2"><Speed>0.000000</Speed></TPX></Extensions></Trackpoint>
     <Trackpoint><Time>2026-02-03T20:37:40.980Z</Time><HeartRateBpm><Value>131</Value></HeartRateBpm><Extensions><TPX xmlns="http://www.garmin.com/xmlschemas/ActivityExtension/v2"><Speed>0.000000</Speed></TPX></Extensions></Trackpoint>
     <Trackpoint><Time>2026-02-03T20:37:42.043Z</Time><HeartRateBpm><Value>131</Value></HeartRateBpm><Extensions><TPX xmlns="http://www.garmin.com/xmlschemas/ActivityExtension/v2"><Speed>0.000000</Speed></TPX></Extensions></Trackpoint>
     <Trackpoint><Time>2026-02-03T20:37:43.131Z</Time><HeartRateBpm><Value>131</Value></HeartRateBpm><Extensions><TPX xmlns="http://www.garmin.com/xmlschemas/ActivityExtension/v2"><Speed>0.000000</Speed></TPX></Extensions></Trackpoint>
     <Trackpoint><Time>2026-02-03T20:37:44.582Z</Time><HeartRateBpm><Value>131</Value></HeartRateBpm><Extensions><TPX xmlns="http://www.garmin.com/xmlschemas/ActivityExtension/v2"><Speed>0.000000</Speed></TPX></Extensions></Trackpoint>
     <Trackpoint><Time>2026-02-03T20:37:46.046Z</Time><HeartRateBpm><Value>132</Value></HeartRateBpm><Extensions><TPX xmlns="http://www.garmin.com/xmlschemas/ActivityExtension/v2"><Speed>0.000000</Speed></TPX></Extensions></Trackpoint>
     <Trackpoint><Time>2026-02-03T20:37:47.131Z</Time><HeartRateBpm><Value>132</Value></HeartRateBpm><Extensions><TPX xmlns="http://www.garmin.com/xmlschemas/ActivityExtension/v2"><Speed>0.000000</Speed></TPX></Extensions></Trackpoint>
     <Trackpoint><Time>2026-02-03T20:37:49.131Z</Time><HeartRateBpm><Value>132</Value></HeartRateBpm><Extensions><TPX xmlns="http://www.garmin.com/xmlschemas/ActivityExtension/v2"><Speed>0.000000</Speed></TPX></Extensions></Trackpoint>
     <Trackpoint><Time>2026-02-03T20:37:50.131Z</Time><HeartRateBpm><Value>132</Value></HeartRateBpm><Extensions><TPX xmlns="http://www.garmin.com/xmlschemas/ActivityExtension/v2"><Speed>0.000000</Speed></TPX></Extensions></Trackpoint>
     <Trackpoint><Time>2026-02-03T20:37:52.131Z</Time><HeartRateBpm><Value>132</Value></HeartRateBpm><Extensions><TPX xmlns="http://www.garmin.com/xmlschemas/ActivityExtension/v2"><Speed>0.000000</Speed></TPX></Extensions></Trackpoint>
     <Trackpoint><Time>2026-02-03T20:37:54.131Z</Time><HeartRateBpm><Value>132</Value></HeartRateBpm><Extensions><TPX xmlns="http://www.garmin.com/xmlschemas/ActivityExtension/v2"><Speed>0.000000</Speed></TPX></Extensions></Trackpoint>
     <Trackpoint><Time>2026-02-03T20:37:56.131Z</Time><HeartRateBpm><Value>133</Value></HeartRateBpm><Extensions><TPX xmlns="http://www.garmin.com/xmlschemas/ActivityExtension/v2"><Speed>0.000000</Speed></TPX></Extensions></Trackpoint>
     <Trackpoint><Time>2026-02-03T20:37:57.132Z</Time><HeartRateBpm><Value>133</Value></HeartRateBpm><Extensions><TPX xmlns="http://www.garmin.com/xmlschemas/ActivityExtension/v2"><Speed>0.000000</Speed></TPX></Extensions></Trackpoint>
     <Trackpoint><Time>2026-02-03T20:37:58.132Z</Time><HeartRateBpm><Value>133</Value></HeartRateBpm><Extensions><TPX xmlns="http://www.garmin.com/xmlschemas/ActivityExtension/v2"><Speed>0.000000</Speed></TPX></Extensions></Trackpoint>
     <Trackpoint><Time>2026-02-03T20:37:59.877Z</Time><HeartRateBpm><Value>133</Value></HeartRateBpm><Extensions><TPX xmlns="http://www.garmin.com/xmlschemas/ActivityExtension/v2"><Speed>0.000000</Speed></TPX></Extensions></Trackpoint>
     <Trackpoint><Time>2026-02-03T20:38:01.032Z</Time><HeartRateBpm><Value>134</Value></HeartRateBpm><Extensions><TPX xmlns="http://www.garmin.com/xmlschemas/ActivityExtension/v2"><Speed>0.000000</Speed></TPX></Extensions></Trackpoint>
     <Trackpoint><Time>2026-02-03T20:38:02.131Z</Time><HeartRateBpm><Value>134</Value></HeartRateBpm><Extensions><TPX xmlns="http://www.garmin.com/xmlschemas/ActivityExtension/v2"><Speed>0.000000</Speed></TPX></Extensions></Trackpoint>
     <Trackpoint><Time>2026-02-03T20:38:03.131Z</Time><HeartRateBpm><Value>134</Value></HeartRateBpm><Extensions><TPX xmlns="http://www.garmin.com/xmlschemas/ActivityExtension/v2"><Speed>0.000000</Speed></TPX></Extensions></Trackpoint>
     <Trackpoint><Time>2026-02-03T20:38:04.131Z</Time><HeartRateBpm><Value>134</Value></HeartRateBpm><Extensions><TPX xmlns="http://www.garmin.com/xmlschemas/ActivityExtension/v2"><Speed>0.000000</Speed></TPX></Extensions></Trackpoint>
     <Trackpoint><Time>2026-02-03T20:38:06.131Z</Time><HeartRateBpm><Value>135</Value></HeartRateBpm><Extensions><TPX xmlns="http://www.garmin.com/xmlschemas/ActivityExtension/v2"><Speed>0.000000</Speed></TPX></Extensions></Trackpoint>
     <Trackpoint><Time>2026-02-03T20:38:07.131Z</Time><HeartRateBpm><Value>135</Value></HeartRateBpm><Extensions><TPX xmlns="http://www.garmin.com/xmlschemas/ActivityExtension/v2"><Speed>0.000000</Speed></TPX></Extensions></Trackpoint>
     <Trackpoint><Time>2026-02-03T20:38:08.131Z</Time><HeartRateBpm><Value>135</Value></HeartRateBpm><Extensions><TPX xmlns="http://www.garmin.com/xmlschemas/ActivityExtension/v2"><Speed>0.000000</Speed></TPX></Extensions></Trackpoint>
     <Trackpoint><Time>2026-02-03T20:38:10.072Z</Time><HeartRateBpm><Value>135</Value></HeartRateBpm><Extensions><TPX xmlns="http://www.garmin.com/xmlschemas/ActivityExtension/v2"><Speed>0.000000</Speed></TPX></Extensions></Trackpoint>
     <Trackpoint><Time>2026-02-03T20:38:11.131Z</Time><HeartRateBpm><Value>136</Value></HeartRateBpm><Extensions><TPX xmlns="http://www.garmin.com/xmlschemas/ActivityExtension/v2"><Speed>0.000000</Speed></TPX></Extensions></Trackpoint>
     <Trackpoint><Time>2026-02-03T20:38:12.619Z</Time><HeartRateBpm><Value>136</Value></HeartRateBpm><Extensions><TPX xmlns="http://www.garmin.com/xmlschemas/ActivityExtension/v2"><Speed>0.000000</Speed></TPX></Extensions></Trackpoint>
     <Trackpoint><Time>2026-02-03T20:38:14.131Z</Time><HeartRateBpm><Value>136</Value></HeartRateBpm><Extensions><TPX xmlns="http://www.garmin.com/xmlschemas/ActivityExtension/v2"><Speed>0.000000</Speed></TPX></Extensions></Trackpoint>
     <Trackpoint><Time>2026-02-03T20:38:15.181Z</Time><HeartRateBpm><Value>136</Value></HeartRateBpm><Extensions><TPX xmlns="http://www.garmin.com/xmlschemas/ActivityExtension/v2"><Speed>0.000000</Speed></TPX></Extensions></Trackpoint>
     <Trackpoint><Time>2026-02-03T20:38:17.131Z</Time><HeartRateBpm><Value>136</Value></HeartRateBpm><Extensions><TPX xmlns="http://www.garmin.com/xmlschemas/ActivityExtension/v2"><Speed>0.000000</Speed></TPX></Extensions></Trackpoint>
     <Trackpoint><Time>2026-02-03T20:38:18.131Z</Time><HeartRateBpm><Value>136</Value></HeartRateBpm><Extensions><TPX xmlns="http://www.garmin.com/xmlschemas/ActivityExtension/v2"><Speed>0.000000</Speed></TPX></Extensions></Trackpoint>
     <Trackpoint><Time>2026-02-03T20:38:19.131Z</Time><HeartRateBpm><Value>136</Value></HeartRateBpm><Extensions><TPX xmlns="http://www.garmin.com/xmlschemas/ActivityExtension/v2"><Speed>0.000000</Speed></TPX></Extensions></Trackpoint>
     <Trackpoint><Time>2026-02-03T20:38:20.131Z</Time><HeartRateBpm><Value>136</Value></HeartRateBpm><Extensions><TPX xmlns="http://www.garmin.com/xmlschemas/ActivityExtension/v2"><Speed>0.000000</Speed></TPX></Extensions></Trackpoint>
     <Trackpoint><Time>2026-02-03T20:38:22.131Z</Time><HeartRateBpm><Value>136</Value></HeartRateBpm><Extensions><TPX xmlns="http://www.garmin.com/xmlschemas/ActivityExtension/v2"><Speed>0.000000</Speed></TPX></Extensions></Trackpoint>
     <Trackpoint><Time>2026-02-03T20:38:24.131Z</Time><HeartRateBpm><Value>136</Value></HeartRateBpm><Extensions><TPX xmlns="http://www.garmin.com/xmlschemas/ActivityExtension/v2"><Speed>0.000000</Speed></TPX></Extensions></Trackpoint>
     <Trackpoint><Time>2026-02-03T20:38:25.375Z</Time><HeartRateBpm><Value>136</Value></HeartRateBpm><Extensions><TPX xmlns="http://www.garmin.com/xmlschemas/ActivityExtension/v2"><Speed>0.000000</Speed></TPX></Extensions></Trackpoint>
     <Trackpoint><Time>2026-02-03T20:38:27.131Z</Time><HeartRateBpm><Value>136</Value></HeartRateBpm><Extensions><TPX xmlns="http://www.garmin.com/xmlschemas/ActivityExtension/v2"><Speed>0.000000</Speed></TPX></Extensions></Trackpoint>
     <Trackpoint><Time>2026-02-03T20:38:29.131Z</Time><HeartRateBpm><Value>136</Value></HeartRateBpm><Extensions><TPX xmlns="http://www.garmin.com/xmlschemas/ActivityExtension/v2"><Speed>0.000000</Speed></TPX></Extensions></Trackpoint>
     <Trackpoint><Time>2026-02-03T20:38:30.482Z</Time><HeartRateBpm><Value>136</Value></HeartRateBpm><Extensions><TPX xmlns="http://www.garmin.com/xmlschemas/ActivityExtension/v2"><Speed>0.000000</Speed></TPX></Extensions></Trackpoint>
     <Trackpoint><Time>2026-02-03T20:38:32.131Z</Time><HeartRateBpm><Value>136</Value></HeartRateBpm><Extensions><TPX xmlns="http://www.garmin.com/xmlschemas/ActivityExtension/v2"><Speed>0.000000</Speed></TPX></Extensions></Trackpoint>
     <Trackpoint><Time>2026-02-03T20:38:33.131Z</Time><HeartRateBpm><Value>136</Value></HeartRateBpm><Extensions><TPX xmlns="http://www.garmin.com/xmlschemas/ActivityExtension/v2"><Speed>0.000000</Speed></TPX></Extensions></Trackpoint>
     <Trackpoint><Time>2026-02-03T20:38:35.131Z</Time><HeartRateBpm><Value>136</Value></HeartRateBpm><Extensions><TPX xmlns="http://www.garmin.com/xmlschemas/ActivityExtension/v2"><Speed>0.000000</Speed></TPX></Extensions></Trackpoint>
     <Trackpoint><Time>2026-02-03T20:38:36.131Z</Time><HeartRateBpm><Value>138</Value></HeartRateBpm><Extensions><TPX xmlns="http://www.garmin.com/xmlschemas/ActivityExtension/v2"><Speed>0.000000</Speed></TPX></Extensions></Trackpoint>
     <Trackpoint><Time>2026-02-03T20:38:38.120Z</Time><HeartRateBpm><Value>138</Value></HeartRateBpm><Extensions><TPX xmlns="http://www.garmin.com/xmlschemas/ActivityExtension/v2"><Speed>0.000000</Speed></TPX></Extensions></Trackpoint>
     <Trackpoint><Time>2026-02-03T20:38:39.131Z</Time><HeartRateBpm><Value>138</Value></HeartRateBpm><Extensions><TPX xmlns="http://www.garmin.com/xmlschemas/ActivityExtension/v2"><Speed>0.000000</Speed></TPX></Extensions></Trackpoint>
     <Trackpoint><Time>2026-02-03T20:38:40.131Z</Time><HeartRateBpm><Value>138</Value></HeartRateBpm><Extensions><TPX xmlns="http://www.garmin.com/xmlschemas/ActivityExtension/v2"><Speed>0.000000</Speed></TPX></Extensions></Trackpoint>
     <Trackpoint><Time>2026-02-03T20:38:42.131Z</Time><HeartRateBpm><Value>137</Value></HeartRateBpm><Extensions><TPX xmlns="http://www.garmin.com/xmlschemas/ActivityExtension/v2"><Speed>0.000000</Speed></TPX></Extensions></Trackpoint>
     <Trackpoint><Time>2026-02-03T20:38:43.208Z</Time><HeartRateBpm><Value>137</Value></HeartRateBpm><Extensions><TPX xmlns="http://www.garmin.com/xmlschemas/ActivityExtension/v2"><Speed>0.000000</Speed></TPX></Extensions></Trackpoint>
     <Trackpoint><Time>2026-02-03T20:38:45.131Z</Time><HeartRateBpm><Value>137</Value></HeartRateBpm><Extensions><TPX xmlns="http://www.garmin.com/xmlschemas/ActivityExtension/v2"><Speed>0.000000</Speed></TPX></Extensions></Trackpoint>
     <Trackpoint><Time>2026-02-03T20:38:47.131Z</Time><HeartRateBpm><Value>137</Value></HeartRateBpm><Extensions><TPX xmlns="http://www.garmin.com/xmlschemas/ActivityExtension/v2"><Speed>0.000000</Speed></TPX></Extensions></Trackpoint>
     <Trackpoint><Time>2026-02-03T20:38:48.309Z</Time><HeartRateBpm><Value>137</Value></HeartRateBpm><Extensions><TPX xmlns="http://www.garmin.com/xmlschemas/ActivityExtension/v2"><Speed>0.000000</Speed></TPX></Extensions></Trackpoint>
     <Trackpoint><Time>2026-02-03T20:38:50.131Z</Time><HeartRateBpm><Value>137</Value></HeartRateBpm><Extensions><TPX xmlns="http://www.garmin.com/xmlschemas/ActivityExtension/v2"><Speed>0.000000</Speed></TPX></Extensions></Trackpoint>
     <Trackpoint><Time>2026-02-03T20:38:51.131Z</Time><HeartRateBpm><Value>137</Value></HeartRateBpm><Extensions><TPX xmlns="http://www.garmin.com/xmlschemas/ActivityExtension/v2"><Speed>0.000000</Speed></TPX></Extensions></Trackpoint>
     <Trackpoint><Time>2026-02-03T20:38:53.131Z</Time><HeartRateBpm><Value>137</Value></HeartRateBpm><Extensions><TPX xmlns="http://www.garmin.com/xmlschemas/ActivityExtension/v2"><Speed>0.000000</Speed></TPX></Extensions></Trackpoint>
     <Trackpoint><Time>2026-02-03T20:38:54.131Z</Time><HeartRateBpm><Value>137</Value></HeartRateBpm><Extensions><TPX xmlns="http://www.garmin.com/xmlschemas/ActivityExtension/v2"><Speed>0.000000</Speed></TPX></Extensions></Trackpoint>
     <Trackpoint><Time>2026-02-03T20:38:55.541Z</Time><HeartRateBpm><Value>136</Value></HeartRateBpm><Extensions><TPX xmlns="http://www.garmin.com/xmlschemas/ActivityExtension/v2"><Speed>0.000000</Speed></TPX></Extensions></Trackpoint>
     <Trackpoint><Time>2026-02-03T20:38:57.131Z</Time><HeartRateBpm><Value>136</Value></HeartRateBpm><Extensions><TPX xmlns="http://www.garmin.com/xmlschemas/ActivityExtension/v2"><Speed>0.000000</Speed></TPX></Extensions></Trackpoint>
     <Trackpoint><Time>2026-02-03T20:38:58.131Z</Time><HeartRateBpm><Value>136</Value></HeartRateBpm><Extensions><TPX xmlns="http://www.garmin.com/xmlschemas/ActivityExtension/v2"><Speed>0.000000</Speed></TPX></Extensions></Trackpoint>
     <Trackpoint><Time>2026-02-03T20:38:59.131Z</Time><HeartRateBpm><Value>136</Value></HeartRateBpm><Extensions><TPX xmlns="http://www.garmin.com/xmlschemas/ActivityExtension/v2"><Speed>0.000000</Speed></TPX></Extensions></Trackpoint>
     <Trackpoint><Time>2026-02-03T20:39:00.131Z</Time><HeartRateBpm><Value>136</Value></HeartRateBpm><Extensions><TPX xmlns="http://www.garmin.com/xmlschemas/ActivityExtension/v2"><Speed>0.000000</Speed></TPX></Extensions></Trackpoint>
     <Trackpoint><Time>2026-02-03T20:39:02.131Z</Time><HeartRateBpm><Value>136</Value></HeartRateBpm><Extensions><TPX xmlns="http://www.garmin.com/xmlschemas/ActivityExtension/v2"><Speed>0.000000</Speed></TPX></Extensions></Trackpoint>
     <Trackpoint><Time>2026-02-03T20:39:03.604Z</Time><HeartRateBpm><Value>136</Value></HeartRateBpm><Extensions><TPX xmlns="http://www.garmin.com/xmlschemas/ActivityExtension/v2"><Speed>0.000000</Speed></TPX></Extensions></Trackpoint>
     <Trackpoint><Time>2026-02-03T20:39:05.131Z</Time><HeartRateBpm><Value>136</Value></HeartRateBpm><Extensions><TPX xmlns="http://www.garmin.com/xmlschemas/ActivityExtension/v2"><Speed>0.000000</Speed></TPX></Extensions></Trackpoint>
     <Trackpoint><Time>2026-02-03T20:39:06.183Z</Time><HeartRateBpm><Value>135</Value></HeartRateBpm><Extensions><TPX xmlns="http://www.garmin.com/xmlschemas/ActivityExtension/v2"><Speed>0.000000</Speed></TPX></Extensions></Trackpoint>
     <Trackpoint><Time>2026-02-03T20:39:08.131Z</Time><HeartRateBpm><Value>135</Value></HeartRateBpm><Extensions><TPX xmlns="http://www.garmin.com/xmlschemas/ActivityExtension/v2"><Speed>0.000000</Speed></TPX></Extensions></Trackpoint>
     <Trackpoint><Time>2026-02-03T20:39:10.131Z</Time><HeartRateBpm><Value>135</Value></HeartRateBpm><Extensions><TPX xmlns="http://www.garmin.com/xmlschemas/ActivityExtension/v2"><Speed>0.000000</Speed></TPX></Extensions></Trackpoint>
     <Trackpoint><Time>2026-02-03T20:39:11.257Z</Time><HeartRateBpm><Value>137</Value></HeartRateBpm><Extensions><TPX xmlns="http://www.garmin.com/xmlschemas/ActivityExtension/v2"><Speed>0.000000</Speed></TPX></Extensions></Trackpoint>
     <Trackpoint><Time>2026-02-03T20:39:13.131Z</Time><HeartRateBpm><Value>137</Value></HeartRateBpm><Extensions><TPX xmlns="http://www.garmin.com/xmlschemas/ActivityExtension/v2"><Speed>0.000000</Speed></TPX></Extensions></Trackpoint>
     <Trackpoint><Time>2026-02-03T20:39:15.131Z</Time><HeartRateBpm><Value>137</Value></HeartRateBpm><Extensions><TPX xmlns="http://www.garmin.com/xmlschemas/ActivityExtension/v2"><Speed>0.000000</Speed></TPX></Extensions></Trackpoint>
     <Trackpoint><Time>2026-02-03T20:39:16.351Z</Time><HeartRateBpm><Value>137</Value></HeartRateBpm><Extensions><TPX xmlns="http://www.garmin.com/xmlschemas/ActivityExtension/v2"><Speed>0.000000</Speed></TPX></Extensions></Trackpoint>
     <Trackpoint><Time>2026-02-03T20:39:18.131Z</Time><HeartRateBpm><Value>137</Value></HeartRateBpm><Extensions><TPX xmlns="http://www.garmin.com/xmlschemas/ActivityExtension/v2"><Speed>0.000000</Speed></TPX></Extensions></Trackpoint>
     <Trackpoint><Time>2026-02-03T20:39:19.131Z</Time><HeartRateBpm><Value>137</Value></HeartRateBpm><Extensions><TPX xmlns="http://www.garmin.com/xmlschemas/ActivityExtension/v2"><Speed>0.000000</Speed></TPX></Extensions></Trackpoint>
     <Trackpoint><Time>2026-02-03T20:39:20.131Z</Time><HeartRateBpm><Value>137</Value></HeartRateBpm><Extensions><TPX xmlns="http://www.garmin.com/xmlschemas/ActivityExtension/v2"><Speed>0.000000</Speed></TPX></Extensions></Trackpoint>
     <Trackpoint><Time>2026-02-03T20:39:21.449Z</Time><HeartRateBpm><Value>135</Value></HeartRateBpm><Extensions><TPX xmlns="http://www.garmin.com/xmlschemas/ActivityExtension/v2"><Speed>0.000000</Speed></TPX></Extensions></Trackpoint>
     <Trackpoint><Time>2026-02-03T20:39:23.131Z</Time><HeartRateBpm><Value>135</Value></HeartRateBpm><Extensions><TPX xmlns="http://www.garmin.com/xmlschemas/ActivityExtension/v2"><Speed>0.000000</Speed></TPX></Extensions></Trackpoint>
     <Trackpoint><Time>2026-02-03T20:39:25.131Z</Time><HeartRateBpm><Value>135</Value></HeartRateBpm><Extensions><TPX xmlns="http://www.garmin.com/xmlschemas/ActivityExtension/v2"><Speed>0.000000</Speed></TPX></Extensions></Trackpoint>
     <Trackpoint><Time>2026-02-03T20:39:26.131Z</Time><HeartRateBpm><Value>134</Value></HeartRateBpm><Extensions><TPX xmlns="http://www.garmin.com/xmlschemas/ActivityExtension/v2"><Speed>0.000000</Speed></TPX></Extensions></Trackpoint>
     <Trackpoint><Time>2026-02-03T20:39:28.131Z</Time><HeartRateBpm><Value>134</Value></HeartRateBpm><Extensions><TPX xmlns="http://www.garmin.com/xmlschemas/ActivityExtension/v2"><Speed>0.000000</Speed></TPX></Extensions></Trackpoint>
     <Trackpoint><Time>2026-02-03T20:39:30.131Z</Time><HeartRateBpm><Value>134</Value></HeartRateBpm><Extensions><TPX xmlns="http://www.garmin.com/xmlschemas/ActivityExtension/v2"><Speed>0.000000</Speed></TPX></Extensions></Trackpoint>
     <Trackpoint><Time>2026-02-03T20:39:31.644Z</Time><HeartRateBpm><Value>134</Value></HeartRateBpm><Extensions><TPX xmlns="http://www.garmin.com/xmlschemas/ActivityExtension/v2"><Speed>0.000000</Speed></TPX></Extensions></Trackpoint>
     <Trackpoint><Time>2026-02-03T20:39:33.132Z</Time><HeartRateBpm><Value>134</Value></HeartRateBpm><Extensions><TPX xmlns="http://www.garmin.com/xmlschemas/ActivityExtension/v2"><Speed>0.000000</Speed></TPX></Extensions></Trackpoint>
     <Trackpoint><Time>2026-02-03T20:39:34.197Z</Time><HeartRateBpm><Value>134</Value></HeartRateBpm><Extensions><TPX xmlns="http://www.garmin.com/xmlschemas/ActivityExtension/v2"><Speed>0.000000</Speed></TPX></Extensions></Trackpoint>
     <Trackpoint><Time>2026-02-03T20:39:35.548Z</Time><HeartRateBpm><Value>135</Value></HeartRateBpm><Extensions><TPX xmlns="http://www.garmin.com/xmlschemas/ActivityExtension/v2"><Speed>0.000000</Speed></TPX></Extensions></Trackpoint>
     <Trackpoint><Time>2026-02-03T20:39:36.743Z</Time><HeartRateBpm><Value>135</Value></HeartRateBpm><Extensions><TPX xmlns="http://www.garmin.com/xmlschemas/ActivityExtension/v2"><Speed>0.000000</Speed></TPX></Extensions></Trackpoint>
     <Trackpoint><Time>2026-02-03T20:39:38.131Z</Time><HeartRateBpm><Value>135</Value></HeartRateBpm><Extensions><TPX xmlns="http://www.garmin.com/xmlschemas/ActivityExtension/v2"><Speed>0.000000</Speed></TPX></Extensions></Trackpoint>
     <Trackpoint><Time>2026-02-03T20:39:39.131Z</Time><HeartRateBpm><Value>135</Value></HeartRateBpm><Extensions><TPX xmlns="http://www.garmin.com/xmlschemas/ActivityExtension/v2"><Speed>0.000000</Speed></TPX></Extensions></Trackpoint>
     <Trackpoint><Time>2026-02-03T20:39:40.131Z</Time><HeartRateBpm><Value>135</Value></HeartRateBpm><Extensions><TPX xmlns="http://www.garmin.com/xmlschemas/ActivityExtension/v2"><Speed>0.000000</Speed></TPX></Extensions></Trackpoint>
     <Trackpoint><Time>2026-02-03T20:39:41.839Z</Time><HeartRateBpm><Value>138</Value></HeartRateBpm><Extensions><TPX xmlns="http://www.garmin.com/xmlschemas/ActivityExtension/v2"><Speed>0.000000</Speed></TPX></Extensions></Trackpoint>
     <Trackpoint><Time>2026-02-03T20:39:43.131Z</Time><HeartRateBpm><Value>138</Value></HeartRateBpm><Extensions><TPX xmlns="http://www.garmin.com/xmlschemas/ActivityExtension/v2"><Speed>0.000000</Speed></TPX></Extensions></Trackpoint>
     <Trackpoint><Time>2026-02-03T20:39:44.392Z</Time><HeartRateBpm><Value>138</Value></HeartRateBpm><Extensions><TPX xmlns="http://www.garmin.com/xmlschemas/ActivityExtension/v2"><Speed>0.000000</Speed></TPX></Extensions></Trackpoint>
     <Trackpoint><Time>2026-02-03T20:39:45.525Z</Time><HeartRateBpm><Value>139</Value></HeartRateBpm><Extensions><TPX xmlns="http://www.garmin.com/xmlschemas/ActivityExtension/v2"><Speed>0.000000</Speed></TPX></Extensions></Trackpoint>
     <Trackpoint><Time>2026-02-03T20:39:46.941Z</Time><HeartRateBpm><Value>139</Value></HeartRateBpm><Extensions><TPX xmlns="http://www.garmin.com/xmlschemas/ActivityExtension/v2"><Speed>0.000000</Speed></TPX></Extensions></Trackpoint>
     <Trackpoint><Time>2026-02-03T20:39:48.131Z</Time><HeartRateBpm><Value>139</Value></HeartRateBpm><Extensions><TPX xmlns="http://www.garmin.com/xmlschemas/ActivityExtension/v2"><Speed>0.000000</Speed></TPX></Extensions></Trackpoint>
     <Trackpoint><Time>2026-02-03T20:39:49.496Z</Time><HeartRateBpm><Value>139</Value></HeartRateBpm><Extensions><TPX xmlns="http://www.garmin.com/xmlschemas/ActivityExtension/v2"><Speed>0.000000</Speed></TPX></Extensions></Trackpoint>
     <Trackpoint><Time>2026-02-03T20:39:50.518Z</Time><HeartRateBpm><Value>139</Value></HeartRateBpm><Extensions><TPX xmlns="http://www.garmin.com/xmlschemas/ActivityExtension/v2"><Speed>0.000000</Speed></TPX></Extensions></Trackpoint>
     <Trackpoint><Time>2026-02-03T20:39:52.036Z</Time><HeartRateBpm><Value>139</Value></HeartRateBpm><Extensions><TPX xmlns="http://www.garmin.com/xmlschemas/ActivityExtension/v2"><Speed>0.000000</Speed></TPX></Extensions></Trackpoint>
     <Trackpoint><Time>2026-02-03T20:39:53.131Z</Time><HeartRateBpm><Value>139</Value></HeartRateBpm><Extensions><TPX xmlns="http://www.garmin.com/xmlschemas/ActivityExtension/v2"><Speed>0.000000</Speed></TPX></Extensions></Trackpoint>
     <Trackpoint><Time>2026-02-03T20:39:54.131Z</Time><HeartRateBpm><Value>139</Value></HeartRateBpm><Extensions><TPX xmlns="http://www.garmin.com/xmlschemas/ActivityExtension/v2"><Speed>0.000000</Speed></TPX></Extensions></Trackpoint>
     <Trackpoint><Time>2026-02-03T20:39:56.026Z</Time><HeartRateBpm><Value>137</Value></HeartRateBpm><Extensions><TPX xmlns="http://www.garmin.com/xmlschemas/ActivityExtension/v2"><Speed>0.000000</Speed></TPX></Extensions></Trackpoint>
     <Trackpoint><Time>2026-02-03T20:39:57.131Z</Time><HeartRateBpm><Value>137</Value></HeartRateBpm><Extensions><TPX xmlns="http://www.garmin.com/xmlschemas/ActivityExtension/v2"><Speed>0.000000</Speed></TPX></Extensions></Trackpoint>
     <Trackpoint><Time>2026-02-03T20:39:58.131Z</Time><HeartRateBpm><Value>137</Value></HeartRateBpm><Extensions><TPX xmlns="http://www.garmin.com/xmlschemas/ActivityExtension/v2"><Speed>0.000000</Speed></TPX></Extensions></Trackpoint>
     <Trackpoint><Time>2026-02-03T20:39:59.680Z</Time><HeartRateBpm><Value>137</Value></HeartRateBpm><Extensions><TPX xmlns="http://www.garmin.com/xmlschemas/ActivityExtension/v2"><Speed>0.000000</Speed></TPX></Extensions></Trackpoint>
     <Trackpoint><Time>2026-02-03T20:40:01.131Z</Time><HeartRateBpm><Value>137</Value></HeartRateBpm><Extensions><TPX xmlns="http://www.garmin.com/xmlschemas/ActivityExtension/v2"><Speed>0.000000</Speed></TPX></Extensions></Trackpoint>
     <Trackpoint><Time>2026-02-03T20:40:02.233Z</Time><HeartRateBpm><Value>137</Value></HeartRateBpm><Extensions><TPX xmlns="http://www.garmin.com/xmlschemas/ActivityExtension/v2"><Speed>0.000000</Speed></TPX></Extensions></Trackpoint>
     <Trackpoint><Time>2026-02-03T20:40:04.131Z</Time><HeartRateBpm><Value>137</Value></HeartRateBpm><Extensions><TPX xmlns="http://www.garmin.com/xmlschemas/ActivityExtension/v2"><Speed>0.000000</Speed></TPX></Extensions></Trackpoint>
     <Trackpoint><Time>2026-02-03T20:40:05.131Z</Time><HeartRateBpm><Value>138</Value></HeartRateBpm><Extensions><TPX xmlns="http://www.garmin.com/xmlschemas/ActivityExtension/v2"><Speed>0.000000</Speed></TPX></Extensions></Trackpoint>
     <Trackpoint><Time>2026-02-03T20:40:07.131Z</Time><HeartRateBpm><Value>138</Value></HeartRateBpm><Extensions><TPX xmlns="http://www.garmin.com/xmlschemas/ActivityExtension/v2"><Speed>0.000000</Speed></TPX></Extensions></Trackpoint>
     <Trackpoint><Time>2026-02-03T20:40:09.131Z</Time><HeartRateBpm><Value>138</Value></HeartRateBpm><Extensions><TPX xmlns="http://www.garmin.com/xmlschemas/ActivityExtension/v2"><Speed>0.000000</Speed></TPX></Extensions></Trackpoint>
     <Trackpoint><Time>2026-02-03T20:40:10.131Z</Time><HeartRateBpm><Value>138</Value></HeartRateBpm><Extensions><TPX xmlns="http://www.garmin.com/xmlschemas/ActivityExtension/v2"><Speed>0.000000</Speed></TPX></Extensions></Trackpoint>
     <Trackpoint><Time>2026-02-03T20:40:12.131Z</Time><HeartRateBpm><Value>138</Value></HeartRateBpm><Extensions><TPX xmlns="http://www.garmin.com/xmlschemas/ActivityExtension/v2"><Speed>0.000000</Speed></TPX></Extensions></Trackpoint>
     <Trackpoint><Time>2026-02-03T20:40:14.131Z</Time><HeartRateBpm><Value>138</Value></HeartRateBpm><Extensions><TPX xmlns="http://www.garmin.com/xmlschemas/ActivityExtension/v2"><Speed>0.000000</Speed></TPX></Extensions></Trackpoint>
     <Trackpoint><Time>2026-02-03T20:40:15.131Z</Time><HeartRateBpm><Value>139</Value></HeartRateBpm><Extensions><TPX xmlns="http://www.garmin.com/xmlschemas/ActivityExtension/v2"><Speed>0.000000</Speed></TPX></Extensions></Trackpoint>
     <Trackpoint><Time>2026-02-03T20:40:17.131Z</Time><HeartRateBpm><Value>139</Value></HeartRateBpm><Extensions><TPX xmlns="http://www.garmin.com/xmlschemas/ActivityExtension/v2"><Speed>0.000000</Speed></TPX></Extensions></Trackpoint>
     <Trackpoint><Time>2026-02-03T20:40:19.131Z</Time><HeartRateBpm><Value>139</Value></HeartRateBpm><Extensions><TPX xmlns="http://www.garmin.com/xmlschemas/ActivityExtension/v2"><Speed>0.000000</Speed></TPX></Extensions></Trackpoint>
     <Trackpoint><Time>2026-02-03T20:40:20.131Z</Time><HeartRateBpm><Value>139</Value></HeartRateBpm><Extensions><TPX xmlns="http://www.garmin.com/xmlschemas/ActivityExtension/v2"><Speed>0.000000</Speed></TPX></Extensions></Trackpoint>
     <Trackpoint><Time>2026-02-03T20:40:22.131Z</Time><HeartRateBpm><Value>139</Value></HeartRateBpm><Extensions><TPX xmlns="http://www.garmin.com/xmlschemas/ActivityExtension/v2"><Speed>0.000000</Speed></TPX></Extensions></Trackpoint>
     <Trackpoint><Time>2026-02-03T20:40:23.131Z</Time><HeartRateBpm><Value>139</Value></HeartRateBpm><Extensions><TPX xmlns="http://www.garmin.com/xmlschemas/ActivityExtension/v2"><Speed>0.000000</Speed></TPX></Extensions></Trackpoint>
     <Trackpoint><Time>2026-02-03T20:40:25.130Z</Time><HeartRateBpm><Value>139</Value></HeartRateBpm><Extensions><TPX xmlns="http://www.garmin.com/xmlschemas/ActivityExtension/v2"><Speed>0.000000</Speed></TPX></Extensions></Trackpoint>
     <Trackpoint><Time>2026-02-03T20:40:26.131Z</Time><HeartRateBpm><Value>139</Value></HeartRateBpm><Extensions><TPX xmlns="http://www.garmin.com/xmlschemas/ActivityExtension/v2"><Speed>0.000000</Speed></TPX></Extensions></Trackpoint>
     <Trackpoint><Time>2026-02-03T20:40:27.726Z</Time><HeartRateBpm><Value>139</Value></HeartRateBpm><Extensions><TPX xmlns="http://www.garmin.com/xmlschemas/ActivityExtension/v2"><Speed>0.000000</Speed></TPX></Extensions></Trackpoint>
     <Trackpoint><Time>2026-02-03T20:40:29.131Z</Time><HeartRateBpm><Value>139</Value></HeartRateBpm><Extensions><TPX xmlns="http://www.garmin.com/xmlschemas/ActivityExtension/v2"><Speed>0.000000</Speed></TPX></Extensions></Trackpoint>
     <Trackpoint><Time>2026-02-03T20:40:30.278Z</Time><HeartRateBpm><Value>139</Value></HeartRateBpm><Extensions><TPX xmlns="http://www.garmin.com/xmlschemas/ActivityExtension/v2"><Speed>0.000000</Speed></TPX></Extensions></Trackpoint>
     <Trackpoint><Time>2026-02-03T20:40:32.131Z</Time><HeartRateBpm><Value>139</Value></HeartRateBpm><Extensions><TPX xmlns="http://www.garmin.com/xmlschemas/ActivityExtension/v2"><Speed>0.000000</Speed></TPX></Extensions></Trackpoint>
     <Trackpoint><Time>2026-02-03T20:40:34.131Z</Time><HeartRateBpm><Value>139</Value></HeartRateBpm><Extensions><TPX xmlns="http://www.garmin.com/xmlschemas/ActivityExtension/v2"><Speed>0.000000</Speed></TPX></Extensions></Trackpoint>
     <Trackpoint><Time>2026-02-03T20:40:35.371Z</Time><HeartRateBpm><Value>139</Value></HeartRateBpm><Extensions><TPX xmlns="http://www.garmin.com/xmlschemas/ActivityExtension/v2"><Speed>0.000000</Speed></TPX></Extensions></Trackpoint>
     <Trackpoint><Time>2026-02-03T20:40:37.131Z</Time><HeartRateBpm><Value>138</Value></HeartRateBpm><Extensions><TPX xmlns="http://www.garmin.com/xmlschemas/ActivityExtension/v2"><Speed>0.000000</Speed></TPX></Extensions></Trackpoint>
     <Trackpoint><Time>2026-02-03T20:40:38.131Z</Time><HeartRateBpm><Value>138</Value></HeartRateBpm><Extensions><TPX xmlns="http://www.garmin.com/xmlschemas/ActivityExtension/v2"><Speed>0.000000</Speed></TPX></Extensions></Trackpoint>
     <Trackpoint><Time>2026-02-03T20:40:40.131Z</Time><HeartRateBpm><Value>138</Value></HeartRateBpm><Extensions><TPX xmlns="http://www.garmin.com/xmlschemas/ActivityExtension/v2"><Speed>0.000000</Speed></TPX></Extensions></Trackpoint>
     <Trackpoint><Time>2026-02-03T20:40:42.131Z</Time><HeartRateBpm><Value>137</Value></HeartRateBpm><Extensions><TPX xmlns="http://www.garmin.com/xmlschemas/ActivityExtension/v2"><Speed>0.000000</Speed></TPX></Extensions></Trackpoint>
     <Trackpoint><Time>2026-02-03T20:40:43.131Z</Time><HeartRateBpm><Value>137</Value></HeartRateBpm><Extensions><TPX xmlns="http://www.garmin.com/xmlschemas/ActivityExtension/v2"><Speed>0.000000</Speed></TPX></Extensions></Trackpoint>
     <Trackpoint><Time>2026-02-03T20:40:45.131Z</Time><HeartRateBpm><Value>137</Value></HeartRateBpm><Extensions><TPX xmlns="http://www.garmin.com/xmlschemas/ActivityExtension/v2"><Speed>0.000000</Speed></TPX></Extensions></Trackpoint>
     <Trackpoint><Time>2026-02-03T20:40:47.131Z</Time><HeartRateBpm><Value>136</Value></HeartRateBpm><Extensions><TPX xmlns="http://www.garmin.com/xmlschemas/ActivityExtension/v2"><Speed>0.000000</Speed></TPX></Extensions></Trackpoint>
     <Trackpoint><Time>2026-02-03T20:40:48.131Z</Time><HeartRateBpm><Value>136</Value></HeartRateBpm><Extensions><TPX xmlns="http://www.garmin.com/xmlschemas/ActivityExtension/v2"><Speed>0.000000</Speed></TPX></Extensions></Trackpoint>
     <Trackpoint><Time>2026-02-03T20:40:50.130Z</Time><HeartRateBpm><Value>136</Value></HeartRateBpm><Extensions><TPX xmlns="http://www.garmin.com/xmlschemas/ActivityExtension/v2"><Speed>0.000000</Speed></TPX></Extensions></Trackpoint>
     <Trackpoint><Time>2026-02-03T20:40:51.131Z</Time><HeartRateBpm><Value>136</Value></HeartRateBpm><Extensions><TPX xmlns="http://www.garmin.com/xmlschemas/ActivityExtension/v2"><Speed>0.000000</Speed></TPX></Extensions></Trackpoint>
     <Trackpoint><Time>2026-02-03T20:40:53.131Z</Time><HeartRateBpm><Value>136</Value></HeartRateBpm><Extensions><TPX xmlns="http://www.garmin.com/xmlschemas/ActivityExtension/v2"><Speed>0.000000</Speed></TPX></Extensions></Trackpoint>
     <Trackpoint><Time>2026-02-03T20:40:55.131Z</Time><HeartRateBpm><Value>136</Value></HeartRateBpm><Extensions><TPX xmlns="http://www.garmin.com/xmlschemas/ActivityExtension/v2"><Speed>0.000000</Speed></TPX></Extensions></Trackpoint>
     <Trackpoint><Time>2026-02-03T20:40:57.131Z</Time><HeartRateBpm><Value>136</Value></HeartRateBpm><Extensions><TPX xmlns="http://www.garmin.com/xmlschemas/ActivityExtension/v2"><Speed>0.000000</Speed></TPX></Extensions></Trackpoint>
     <Trackpoint><Time>2026-02-03T20:40:58.131Z</Time><HeartRateBpm><Value>136</Value></HeartRateBpm><Extensions><TPX xmlns="http://www.garmin.com/xmlschemas/ActivityExtension/v2"><Speed>0.000000</Speed></TPX></Extensions></Trackpoint>
     <Trackpoint><Time>2026-02-03T20:41:00.131Z</Time><HeartRateBpm><Value>136</Value></HeartRateBpm><Extensions><TPX xmlns="http://www.garmin.com/xmlschemas/ActivityExtension/v2"><Speed>0.000000</Speed></TPX></Extensions></Trackpoint>
     <Trackpoint><Time>2026-02-03T20:41:02.131Z</Time><HeartRateBpm><Value>135</Value></HeartRateBpm><Extensions><TPX xmlns="http://www.garmin.com/xmlschemas/ActivityExtension/v2"><Speed>0.000000</Speed></TPX></Extensions></Trackpoint>
     <Trackpoint><Time>2026-02-03T20:41:03.411Z</Time><HeartRateBpm><Value>135</Value></HeartRateBpm><Extensions><TPX xmlns="http://www.garmin.com/xmlschemas/ActivityExtension/v2"><Speed>0.000000</Speed></TPX></Extensions></Trackpoint>
     <Trackpoint><Time>2026-02-03T20:41:05.131Z</Time><HeartRateBpm><Value>135</Value></HeartRateBpm><Extensions><TPX xmlns="http://www.garmin.com/xmlschemas/ActivityExtension/v2"><Speed>0.000000</Speed></TPX></Extensions></Trackpoint>
     <Trackpoint><Time>2026-02-03T20:41:07.131Z</Time><HeartRateBpm><Value>134</Value></HeartRateBpm><Extensions><TPX xmlns="http://www.garmin.com/xmlschemas/ActivityExtension/v2"><Speed>0.000000</Speed></TPX></Extensions></Trackpoint>
     <Trackpoint><Time>2026-02-03T20:41:08.131Z</Time><HeartRateBpm><Value>134</Value></HeartRateBpm><Extensions><TPX xmlns="http://www.garmin.com/xmlschemas/ActivityExtension/v2"><Speed>0.000000</Speed></TPX></Extensions></Trackpoint>
     <Trackpoint><Time>2026-02-03T20:41:10.131Z</Time><HeartRateBpm><Value>134</Value></HeartRateBpm><Extensions><TPX xmlns="http://www.garmin.com/xmlschemas/ActivityExtension/v2"><Speed>0.000000</Speed></TPX></Extensions></Trackpoint>
     <Trackpoint><Time>2026-02-03T20:41:12.131Z</Time><HeartRateBpm><Value>132</Value></HeartRateBpm><Extensions><TPX xmlns="http://www.garmin.com/xmlschemas/ActivityExtension/v2"><Speed>0.000000</Speed></TPX></Extensions></Trackpoint>
     <Trackpoint><Time>2026-02-03T20:41:13.609Z</Time><HeartRateBpm><Value>132</Value></HeartRateBpm><Extensions><TPX xmlns="http://www.garmin.com/xmlschemas/ActivityExtension/v2"><Speed>0.000000</Speed></TPX></Extensions></Trackpoint>
     <Trackpoint><Time>2026-02-03T20:41:15.131Z</Time><HeartRateBpm><Value>132</Value></HeartRateBpm><Extensions><TPX xmlns="http://www.garmin.com/xmlschemas/ActivityExtension/v2"><Speed>0.000000</Speed></TPX></Extensions></Trackpoint>
     <Trackpoint><Time>2026-02-03T20:41:16.179Z</Time><HeartRateBpm><Value>135</Value></HeartRateBpm><Extensions><TPX xmlns="http://www.garmin.com/xmlschemas/ActivityExtension/v2"><Speed>0.000000</Speed></TPX></Extensions></Trackpoint>
     <Trackpoint><Time>2026-02-03T20:41:18.131Z</Time><HeartRateBpm><Value>135</Value></HeartRateBpm><Extensions><TPX xmlns="http://www.garmin.com/xmlschemas/ActivityExtension/v2"><Speed>0.000000</Speed></TPX></Extensions></Trackpoint>
     <Trackpoint><Time>2026-02-03T20:41:19.131Z</Time><HeartRateBpm><Value>135</Value></HeartRateBpm><Extensions><TPX xmlns="http://www.garmin.com/xmlschemas/ActivityExtension/v2"><Speed>0.000000</Speed></TPX></Extensions></Trackpoint>
     <Trackpoint><Time>2026-02-03T20:41:20.131Z</Time><HeartRateBpm><Value>135</Value></HeartRateBpm><Extensions><TPX xmlns="http://www.garmin.com/xmlschemas/ActivityExtension/v2"><Speed>0.000000</Speed></TPX></Extensions></Trackpoint>
     <Trackpoint><Time>2026-02-03T20:41:21.254Z</Time><HeartRateBpm><Value>135</Value></HeartRateBpm><Extensions><TPX xmlns="http://www.garmin.com/xmlschemas/ActivityExtension/v2"><Speed>0.000000</Speed></TPX></Extensions></Trackpoint>
     <Trackpoint><Time>2026-02-03T20:41:23.131Z</Time><HeartRateBpm><Value>135</Value></HeartRateBpm><Extensions><TPX xmlns="http://www.garmin.com/xmlschemas/ActivityExtension/v2"><Speed>0.000000</Speed></TPX></Extensions></Trackpoint>
     <Trackpoint><Time>2026-02-03T20:41:24.131Z</Time><HeartRateBpm><Value>135</Value></HeartRateBpm><Extensions><TPX xmlns="http://www.garmin.com/xmlschemas/ActivityExtension/v2"><Speed>0.000000</Speed></TPX></Extensions></Trackpoint>
     <Trackpoint><Time>2026-02-03T20:41:25.131Z</Time><HeartRateBpm><Value>135</Value></HeartRateBpm><Extensions><TPX xmlns="http://www.garmin.com/xmlschemas/ActivityExtension/v2"><Speed>0.000000</Speed></TPX></Extensions></Trackpoint>
     <Trackpoint><Time>2026-02-03T20:41:26.353Z</Time><HeartRateBpm><Value>136</Value></HeartRateBpm><Extensions><TPX xmlns="http://www.garmin.com/xmlschemas/ActivityExtension/v2"><Speed>0.000000</Speed></TPX></Extensions></Trackpoint>
     <Trackpoint><Time>2026-02-03T20:41:28.131Z</Time><HeartRateBpm><Value>136</Value></HeartRateBpm><Extensions><TPX xmlns="http://www.garmin.com/xmlschemas/ActivityExtension/v2"><Speed>0.000000</Speed></TPX></Extensions></Trackpoint>
     <Trackpoint><Time>2026-02-03T20:41:29.131Z</Time><HeartRateBpm><Value>136</Value></HeartRateBpm><Extensions><TPX xmlns="http://www.garmin.com/xmlschemas/ActivityExtension/v2"><Speed>0.000000</Speed></TPX></Extensions></Trackpoint>
     <Trackpoint><Time>2026-02-03T20:41:30.131Z</Time><HeartRateBpm><Value>136</Value></HeartRateBpm><Extensions><TPX xmlns="http://www.garmin.com/xmlschemas/ActivityExtension/v2"><Speed>0.000000</Speed></TPX></Extensions></Trackpoint>
     <Trackpoint><Time>2026-02-03T20:41:31.455Z</Time><HeartRateBpm><Value>129</Value></HeartRateBpm><Extensions><TPX xmlns="http://www.garmin.com/xmlschemas/ActivityExtension/v2"><Speed>0.000000</Speed></TPX></Extensions></Trackpoint>
     <Trackpoint><Time>2026-02-03T20:41:33.131Z</Time><HeartRateBpm><Value>129</Value></HeartRateBpm><Extensions><TPX xmlns="http://www.garmin.com/xmlschemas/ActivityExtension/v2"><Speed>0.000000</Speed></TPX></Extensions></Trackpoint>
     <Trackpoint><Time>2026-02-03T20:41:34.131Z</Time><HeartRateBpm><Value>129</Value></HeartRateBpm><Extensions><TPX xmlns="http://www.garmin.com/xmlschemas/ActivityExtension/v2"><Speed>0.000000</Speed></TPX></Extensions></Trackpoint>
     <Trackpoint><Time>2026-02-03T20:41:35.131Z</Time><HeartRateBpm><Value>129</Value></HeartRateBpm><Extensions><TPX xmlns="http://www.garmin.com/xmlschemas/ActivityExtension/v2"><Speed>0.000000</Speed></TPX></Extensions></Trackpoint>
     <Trackpoint><Time>2026-02-03T20:41:36.547Z</Time><HeartRateBpm><Value>129</Value></HeartRateBpm><Extensions><TPX xmlns="http://www.garmin.com/xmlschemas/ActivityExtension/v2"><Speed>0.000000</Speed></TPX></Extensions></Trackpoint>
     <Trackpoint><Time>2026-02-03T20:41:38.131Z</Time><HeartRateBpm><Value>129</Value></HeartRateBpm><Extensions><TPX xmlns="http://www.garmin.com/xmlschemas/ActivityExtension/v2"><Speed>0.000000</Speed></TPX></Extensions></Trackpoint>
     <Trackpoint><Time>2026-02-03T20:41:40.131Z</Time><HeartRateBpm><Value>129</Value></HeartRateBpm><Extensions><TPX xmlns="http://www.garmin.com/xmlschemas/ActivityExtension/v2"><Speed>0.000000</Speed></TPX></Extensions></Trackpoint>
     <Trackpoint><Time>2026-02-03T20:41:41.661Z</Time><HeartRateBpm><Value>129</Value></HeartRateBpm><Extensions><TPX xmlns="http://www.garmin.com/xmlschemas/ActivityExtension/v2"><Speed>0.000000</Speed></TPX></Extensions></Trackpoint>
     <Trackpoint><Time>2026-02-03T20:41:43.131Z</Time><HeartRateBpm><Value>129</Value></HeartRateBpm><Extensions><TPX xmlns="http://www.garmin.com/xmlschemas/ActivityExtension/v2"><Speed>0.000000</Speed></TPX></Extensions></Trackpoint>
     <Trackpoint><Time>2026-02-03T20:41:44.131Z</Time><HeartRateBpm><Value>129</Value></HeartRateBpm><Extensions><TPX xmlns="http://www.garmin.com/xmlschemas/ActivityExtension/v2"><Speed>0.000000</Speed></TPX></Extensions></Trackpoint>
     <Trackpoint><Time>2026-02-03T20:41:45.540Z</Time><HeartRateBpm><Value>129</Value></HeartRateBpm><Extensions><TPX xmlns="http://www.garmin.com/xmlschemas/ActivityExtension/v2"><Speed>0.000000</Speed></TPX></Extensions></Trackpoint>
     <Trackpoint><Time>2026-02-03T20:41:46.746Z</Time><HeartRateBpm><Value>129</Value></HeartRateBpm><Extensions><TPX xmlns="http://www.garmin.com/xmlschemas/ActivityExtension/v2"><Speed>0.000000</Speed></TPX></Extensions></Trackpoint>
     <Trackpoint><Time>2026-02-03T20:41:48.131Z</Time><HeartRateBpm><Value>129</Value></HeartRateBpm><Extensions><TPX xmlns="http://www.garmin.com/xmlschemas/ActivityExtension/v2"><Speed>0.000000</Speed></TPX></Extensions></Trackpoint>
     <Trackpoint><Time>2026-02-03T20:41:49.303Z</Time><HeartRateBpm><Value>129</Value></HeartRateBpm><Extensions><TPX xmlns="http://www.garmin.com/xmlschemas/ActivityExtension/v2"><Speed>0.000000</Speed></TPX></Extensions></Trackpoint>
     <Trackpoint><Time>2026-02-03T20:41:50.507Z</Time><HeartRateBpm><Value>128</Value></HeartRateBpm><Extensions><TPX xmlns="http://www.garmin.com/xmlschemas/ActivityExtension/v2"><Speed>0.000000</Speed></TPX></Extensions></Trackpoint>
     <Trackpoint><Time>2026-02-03T20:41:51.844Z</Time><HeartRateBpm><Value>128</Value></HeartRateBpm><Extensions><TPX xmlns="http://www.garmin.com/xmlschemas/ActivityExtension/v2"><Speed>0.000000</Speed></TPX></Extensions></Trackpoint>
     <Trackpoint><Time>2026-02-03T20:41:53.131Z</Time><HeartRateBpm><Value>128</Value></HeartRateBpm><Extensions><TPX xmlns="http://www.garmin.com/xmlschemas/ActivityExtension/v2"><Speed>0.000000</Speed></TPX></Extensions></Trackpoint>
     <Trackpoint><Time>2026-02-03T20:41:54.131Z</Time><HeartRateBpm><Value>128</Value></HeartRateBpm><Extensions><TPX xmlns="http://www.garmin.com/xmlschemas/ActivityExtension/v2"><Speed>0.000000</Speed></TPX></Extensions></Trackpoint>
     <Trackpoint><Time>2026-02-03T20:41:55.131Z</Time><HeartRateBpm><Value>128</Value></HeartRateBpm><Extensions><TPX xmlns="http://www.garmin.com/xmlschemas/ActivityExtension/v2"><Speed>0.000000</Speed></TPX></Extensions></Trackpoint>
     <Trackpoint><Time>2026-02-03T20:41:56.942Z</Time><HeartRateBpm><Value>130</Value></HeartRateBpm><Extensions><TPX xmlns="http://www.garmin.com/xmlschemas/ActivityExtension/v2"><Speed>0.000000</Speed></TPX></Extensions></Trackpoint>
     <Trackpoint><Time>2026-02-03T20:41:58.131Z</Time><HeartRateBpm><Value>130</Value></HeartRateBpm><Extensions><TPX xmlns="http://www.garmin.com/xmlschemas/ActivityExtension/v2"><Speed>0.000000</Speed></TPX></Extensions></Trackpoint>
     <Trackpoint><Time>2026-02-03T20:41:59.508Z</Time><HeartRateBpm><Value>130</Value></HeartRateBpm><Extensions><TPX xmlns="http://www.garmin.com/xmlschemas/ActivityExtension/v2"><Speed>0.000000</Speed></TPX></Extensions></Trackpoint>
     <Trackpoint><Time>2026-02-03T20:42:00.532Z</Time><HeartRateBpm><Value>130</Value></HeartRateBpm><Extensions><TPX xmlns="http://www.garmin.com/xmlschemas/ActivityExtension/v2"><Speed>0.000000</Speed></TPX></Extensions></Trackpoint>
     <Trackpoint><Time>2026-02-03T20:42:02.036Z</Time><HeartRateBpm><Value>130</Value></HeartRateBpm><Extensions><TPX xmlns="http://www.garmin.com/xmlschemas/ActivityExtension/v2"><Speed>0.000000</Speed></TPX></Extensions></Trackpoint>
     <Trackpoint><Time>2026-02-03T20:42:03.131Z</Time><HeartRateBpm><Value>130</Value></HeartRateBpm><Extensions><TPX xmlns="http://www.garmin.com/xmlschemas/ActivityExtension/v2"><Speed>0.000000</Speed></TPX></Extensions></Trackpoint>
     <Trackpoint><Time>2026-02-03T20:42:04.131Z</Time><HeartRateBpm><Value>130</Value></HeartRateBpm><Extensions><TPX xmlns="http://www.garmin.com/xmlschemas/ActivityExtension/v2"><Speed>0.000000</Speed></TPX></Extensions></Trackpoint>
     <Trackpoint><Time>2026-02-03T20:42:05.131Z</Time><HeartRateBpm><Value>130</Value></HeartRateBpm><Extensions><TPX xmlns="http://www.garmin.com/xmlschemas/ActivityExtension/v2"><Speed>0.000000</Speed></TPX></Extensions></Trackpoint>
     <Trackpoint><Time>2026-02-03T20:42:07.130Z</Time><HeartRateBpm><Value>130</Value></HeartRateBpm><Extensions><TPX xmlns="http://www.garmin.com/xmlschemas/ActivityExtension/v2"><Speed>0.000000</Speed></TPX></Extensions></Trackpoint>
     <Trackpoint><Time>2026-02-03T20:42:08.134Z</Time><HeartRateBpm><Value>130</Value></HeartRateBpm><Extensions><TPX xmlns="http://www.garmin.com/xmlschemas/ActivityExtension/v2"><Speed>0.000000</Speed></TPX></Extensions></Trackpoint>
     <Trackpoint><Time>2026-02-03T20:42:09.689Z</Time><HeartRateBpm><Value>130</Value></HeartRateBpm><Extensions><TPX xmlns="http://www.garmin.com/xmlschemas/ActivityExtension/v2"><Speed>0.000000</Speed></TPX></Extensions></Trackpoint>
     <Trackpoint><Time>2026-02-03T20:42:11.131Z</Time><HeartRateBpm><Value>132</Value></HeartRateBpm><Extensions><TPX xmlns="http://www.garmin.com/xmlschemas/ActivityExtension/v2"><Speed>0.000000</Speed></TPX></Extensions></Trackpoint>
     <Trackpoint><Time>2026-02-03T20:42:12.131Z</Time><HeartRateBpm><Value>132</Value></HeartRateBpm><Extensions><TPX xmlns="http://www.garmin.com/xmlschemas/ActivityExtension/v2"><Speed>0.000000</Speed></TPX></Extensions></Trackpoint>
     <Trackpoint><Time>2026-02-03T20:42:14.131Z</Time><HeartRateBpm><Value>132</Value></HeartRateBpm><Extensions><TPX xmlns="http://www.garmin.com/xmlschemas/ActivityExtension/v2"><Speed>0.000000</Speed></TPX></Extensions></Trackpoint>
     <Trackpoint><Time>2026-02-03T20:42:15.131Z</Time><HeartRateBpm><Value>134</Value></HeartRateBpm><Extensions><TPX xmlns="http://www.garmin.com/xmlschemas/ActivityExtension/v2"><Speed>0.000000</Speed></TPX></Extensions></Trackpoint>
     <Trackpoint><Time>2026-02-03T20:42:17.131Z</Time><HeartRateBpm><Value>134</Value></HeartRateBpm><Extensions><TPX xmlns="http://www.garmin.com/xmlschemas/ActivityExtension/v2"><Speed>0.000000</Speed></TPX></Extensions></Trackpoint>
     <Trackpoint><Time>2026-02-03T20:42:18.131Z</Time><HeartRateBpm><Value>134</Value></HeartRateBpm><Extensions><TPX xmlns="http://www.garmin.com/xmlschemas/ActivityExtension/v2"><Speed>0.000000</Speed></TPX></Extensions></Trackpoint>
     <Trackpoint><Time>2026-02-03T20:42:19.890Z</Time><HeartRateBpm><Value>134</Value></HeartRateBpm><Extensions><TPX xmlns="http://www.garmin.com/xmlschemas/ActivityExtension/v2"><Speed>0.000000</Speed></TPX></Extensions></Trackpoint>
     <Trackpoint><Time>2026-02-03T20:42:21.131Z</Time><HeartRateBpm><Value>137</Value></HeartRateBpm><Extensions><TPX xmlns="http://www.garmin.com/xmlschemas/ActivityExtension/v2"><Speed>0.000000</Speed></TPX></Extensions></Trackpoint>
     <Trackpoint><Time>2026-02-03T20:42:22.131Z</Time><HeartRateBpm><Value>137</Value></HeartRateBpm><Extensions><TPX xmlns="http://www.garmin.com/xmlschemas/ActivityExtension/v2"><Speed>0.000000</Speed></TPX></Extensions></Trackpoint>
     <Trackpoint><Time>2026-02-03T20:42:24.131Z</Time><HeartRateBpm><Value>137</Value></HeartRateBpm><Extensions><TPX xmlns="http://www.garmin.com/xmlschemas/ActivityExtension/v2"><Speed>0.000000</Speed></TPX></Extensions></Trackpoint>
     <Trackpoint><Time>2026-02-03T20:42:25.131Z</Time><HeartRateBpm><Value>138</Value></HeartRateBpm><Extensions><TPX xmlns="http://www.garmin.com/xmlschemas/ActivityExtension/v2"><Speed>0.000000</Speed></TPX></Extensions></Trackpoint>
     <Trackpoint><Time>2026-02-03T20:42:27.131Z</Time><HeartRateBpm><Value>138</Value></HeartRateBpm><Extensions><TPX xmlns="http://www.garmin.com/xmlschemas/ActivityExtension/v2"><Speed>0.000000</Speed></TPX></Extensions></Trackpoint>
     <Trackpoint><Time>2026-02-03T20:42:28.131Z</Time><HeartRateBpm><Value>138</Value></HeartRateBpm><Extensions><TPX xmlns="http://www.garmin.com/xmlschemas/ActivityExtension/v2"><Speed>0.000000</Speed></TPX></Extensions></Trackpoint>
     <Trackpoint><Time>2026-02-03T20:42:29.131Z</Time><HeartRateBpm><Value>138</Value></HeartRateBpm><Extensions><TPX xmlns="http://www.garmin.com/xmlschemas/ActivityExtension/v2"><Speed>0.000000</Speed></TPX></Extensions></Trackpoint>
     <Trackpoint><Time>2026-02-03T20:42:30.131Z</Time><HeartRateBpm><Value>139</Value></HeartRateBpm><Extensions><TPX xmlns="http://www.garmin.com/xmlschemas/ActivityExtension/v2"><Speed>0.000000</Speed></TPX></Extensions></Trackpoint>
     <Trackpoint><Time>2026-02-03T20:42:32.131Z</Time><HeartRateBpm><Value>139</Value></HeartRateBpm><Extensions><TPX xmlns="http://www.garmin.com/xmlschemas/ActivityExtension/v2"><Speed>0.000000</Speed></TPX></Extensions></Trackpoint>
     <Trackpoint><Time>2026-02-03T20:42:34.131Z</Time><HeartRateBpm><Value>139</Value></HeartRateBpm><Extensions><TPX xmlns="http://www.garmin.com/xmlschemas/ActivityExtension/v2"><Speed>0.000000</Speed></TPX></Extensions></Trackpoint>
     <Trackpoint><Time>2026-02-03T20:42:35.131Z</Time><HeartRateBpm><Value>139</Value></HeartRateBpm><Extensions><TPX xmlns="http://www.garmin.com/xmlschemas/ActivityExtension/v2"><Speed>0.000000</Speed></TPX></Extensions></Trackpoint>
     <Trackpoint><Time>2026-02-03T20:42:37.131Z</Time><HeartRateBpm><Value>139</Value></HeartRateBpm><Extensions><TPX xmlns="http://www.garmin.com/xmlschemas/ActivityExtension/v2"><Speed>0.000000</Speed></TPX></Extensions></Trackpoint>
     <Trackpoint><Time>2026-02-03T20:42:38.131Z</Time><HeartRateBpm><Value>139</Value></HeartRateBpm><Extensions><TPX xmlns="http://www.garmin.com/xmlschemas/ActivityExtension/v2"><Speed>0.000000</Speed></TPX></Extensions></Trackpoint>
     <Trackpoint><Time>2026-02-03T20:42:40.131Z</Time><HeartRateBpm><Value>139</Value></HeartRateBpm><Extensions><TPX xmlns="http://www.garmin.com/xmlschemas/ActivityExtension/v2"><Speed>0.000000</Speed></TPX></Extensions></Trackpoint>
     <Trackpoint><Time>2026-02-03T20:42:42.131Z</Time><HeartRateBpm><Value>139</Value></HeartRateBpm><Extensions><TPX xmlns="http://www.garmin.com/xmlschemas/ActivityExtension/v2"><Speed>0.000000</Speed></TPX></Extensions></Trackpoint>
     <Trackpoint><Time>2026-02-03T20:42:43.131Z</Time><HeartRateBpm><Value>139</Value></HeartRateBpm><Extensions><TPX xmlns="http://www.garmin.com/xmlschemas/ActivityExtension/v2"><Speed>0.000000</Speed></TPX></Extensions></Trackpoint>
     <Trackpoint><Time>2026-02-03T20:42:45.131Z</Time><HeartRateBpm><Value>139</Value></HeartRateBpm><Extensions><TPX xmlns="http://www.garmin.com/xmlschemas/ActivityExtension/v2"><Speed>0.000000</Speed></TPX></Extensions></Trackpoint>
     <Trackpoint><Time>2026-02-03T20:42:47.131Z</Time><HeartRateBpm><Value>139</Value></HeartRateBpm><Extensions><TPX xmlns="http://www.garmin.com/xmlschemas/ActivityExtension/v2"><Speed>0.000000</Speed></TPX></Extensions></Trackpoint>
     <Trackpoint><Time>2026-02-03T20:42:49.131Z</Time><HeartRateBpm><Value>139</Value></HeartRateBpm><Extensions><TPX xmlns="http://www.garmin.com/xmlschemas/ActivityExtension/v2"><Speed>0.000000</Speed></TPX></Extensions></Trackpoint>
     <Trackpoint><Time>2026-02-03T20:42:50.131Z</Time><HeartRateBpm><Value>139</Value></HeartRateBpm><Extensions><TPX xmlns="http://www.garmin.com/xmlschemas/ActivityExtension/v2"><Speed>0.000000</Speed></TPX></Extensions></Trackpoint>
     <Trackpoint><Time>2026-02-03T20:42:52.131Z</Time><HeartRateBpm><Value>139</Value></HeartRateBpm><Extensions><TPX xmlns="http://www.garmin.com/xmlschemas/ActivityExtension/v2"><Speed>0.000000</Speed></TPX></Extensions></Trackpoint>
     <Trackpoint><Time>2026-02-03T20:42:54.131Z</Time><HeartRateBpm><Value>139</Value></HeartRateBpm><Extensions><TPX xmlns="http://www.garmin.com/xmlschemas/ActivityExtension/v2"><Speed>0.000000</Speed></TPX></Extensions></Trackpoint>
     <Trackpoint><Time>2026-02-03T20:42:55.131Z</Time><HeartRateBpm><Value>139</Value></HeartRateBpm><Extensions><TPX xmlns="http://www.garmin.com/xmlschemas/ActivityExtension/v2"><Speed>0.000000</Speed></TPX></Extensions></Trackpoint>
     <Trackpoint><Time>2026-02-03T20:42:57.130Z</Time><HeartRateBpm><Value>140</Value></HeartRateBpm><Extensions><TPX xmlns="http://www.garmin.com/xmlschemas/ActivityExtension/v2"><Speed>0.000000</Speed></TPX></Extensions></Trackpoint>
     <Trackpoint><Time>2026-02-03T20:42:58.131Z</Time><HeartRateBpm><Value>140</Value></HeartRateBpm><Extensions><TPX xmlns="http://www.garmin.com/xmlschemas/ActivityExtension/v2"><Speed>0.000000</Speed></TPX></Extensions></Trackpoint>
     <Trackpoint><Time>2026-02-03T20:43:00.131Z</Time><HeartRateBpm><Value>140</Value></HeartRateBpm><Extensions><TPX xmlns="http://www.garmin.com/xmlschemas/ActivityExtension/v2"><Speed>0.000000</Speed></TPX></Extensions></Trackpoint>
     <Trackpoint><Time>2026-02-03T20:43:02.131Z</Time><HeartRateBpm><Value>141</Value></HeartRateBpm><Extensions><TPX xmlns="http://www.garmin.com/xmlschemas/ActivityExtension/v2"><Speed>0.000000</Speed></TPX></Extensions></Trackpoint>
     <Trackpoint><Time>2026-02-03T20:43:03.131Z</Time><HeartRateBpm><Value>141</Value></HeartRateBpm><Extensions><TPX xmlns="http://www.garmin.com/xmlschemas/ActivityExtension/v2"><Speed>0.000000</Speed></TPX></Extensions></Trackpoint>
     <Trackpoint><Time>2026-02-03T20:43:05.131Z</Time><HeartRateBpm><Value>141</Value></HeartRateBpm><Extensions><TPX xmlns="http://www.garmin.com/xmlschemas/ActivityExtension/v2"><Speed>0.000000</Speed></TPX></Extensions></Trackpoint>
     <Trackpoint><Time>2026-02-03T20:43:07.131Z</Time><HeartRateBpm><Value>141</Value></HeartRateBpm><Extensions><TPX xmlns="http://www.garmin.com/xmlschemas/ActivityExtension/v2"><Speed>0.000000</Speed></TPX></Extensions></Trackpoint>
     <Trackpoint><Time>2026-02-03T20:43:08.316Z</Time><HeartRateBpm><Value>141</Value></HeartRateBpm><Extensions><TPX xmlns="http://www.garmin.com/xmlschemas/ActivityExtension/v2"><Speed>0.000000</Speed></TPX></Extensions></Trackpoint>
     <Trackpoint><Time>2026-02-03T20:43:10.131Z</Time><HeartRateBpm><Value>141</Value></HeartRateBpm><Extensions><TPX xmlns="http://www.garmin.com/xmlschemas/ActivityExtension/v2"><Speed>0.000000</Speed></TPX></Extensions></Trackpoint>
     <Trackpoint><Time>2026-02-03T20:43:12.131Z</Time><HeartRateBpm><Value>140</Value></HeartRateBpm><Extensions><TPX xmlns="http://www.garmin.com/xmlschemas/ActivityExtension/v2"><Speed>0.000000</Speed></TPX></Extensions></Trackpoint>
     <Trackpoint><Time>2026-02-03T20:43:13.412Z</Time><HeartRateBpm><Value>140</Value></HeartRateBpm><Extensions><TPX xmlns="http://www.garmin.com/xmlschemas/ActivityExtension/v2"><Speed>0.000000</Speed></TPX></Extensions></Trackpoint>
     <Trackpoint><Time>2026-02-03T20:43:15.131Z</Time><HeartRateBpm><Value>140</Value></HeartRateBpm><Extensions><TPX xmlns="http://www.garmin.com/xmlschemas/ActivityExtension/v2"><Speed>0.000000</Speed></TPX></Extensions></Trackpoint>
     <Trackpoint><Time>2026-02-03T20:43:17.131Z</Time><HeartRateBpm><Value>140</Value></HeartRateBpm><Extensions><TPX xmlns="http://www.garmin.com/xmlschemas/ActivityExtension/v2"><Speed>0.000000</Speed></TPX></Extensions></Trackpoint>
     <Trackpoint><Time>2026-02-03T20:43:18.514Z</Time><HeartRateBpm><Value>140</Value></HeartRateBpm><Extensions><TPX xmlns="http://www.garmin.com/xmlschemas/ActivityExtension/v2"><Speed>0.000000</Speed></TPX></Extensions></Trackpoint>
     <Trackpoint><Time>2026-02-03T20:43:20.131Z</Time><HeartRateBpm><Value>140</Value></HeartRateBpm><Extensions><TPX xmlns="http://www.garmin.com/xmlschemas/ActivityExtension/v2"><Speed>0.000000</Speed></TPX></Extensions></Trackpoint>
     <Trackpoint><Time>2026-02-03T20:43:22.131Z</Time><HeartRateBpm><Value>139</Value></HeartRateBpm><Extensions><TPX xmlns="http://www.garmin.com/xmlschemas/ActivityExtension/v2"><Speed>0.000000</Speed></TPX></Extensions></Trackpoint>
     <Trackpoint><Time>2026-02-03T20:43:23.609Z</Time><HeartRateBpm><Value>139</Value></HeartRateBpm><Extensions><TPX xmlns="http://www.garmin.com/xmlschemas/ActivityExtension/v2"><Speed>0.000000</Speed></TPX></Extensions></Trackpoint>
     <Trackpoint><Time>2026-02-03T20:43:25.131Z</Time><HeartRateBpm><Value>139</Value></HeartRateBpm><Extensions><TPX xmlns="http://www.garmin.com/xmlschemas/ActivityExtension/v2"><Speed>0.000000</Speed></TPX></Extensions></Trackpoint>
     <Trackpoint><Time>2026-02-03T20:43:26.206Z</Time><HeartRateBpm><Value>138</Value></HeartRateBpm><Extensions><TPX xmlns="http://www.garmin.com/xmlschemas/ActivityExtension/v2"><Speed>0.000000</Speed></TPX></Extensions></Trackpoint>
     <Trackpoint><Time>2026-02-03T20:43:28.131Z</Time><HeartRateBpm><Value>138</Value></HeartRateBpm><Extensions><TPX xmlns="http://www.garmin.com/xmlschemas/ActivityExtension/v2"><Speed>0.000000</Speed></TPX></Extensions></Trackpoint>
     <Trackpoint><Time>2026-02-03T20:43:30.131Z</Time><HeartRateBpm><Value>138</Value></HeartRateBpm><Extensions><TPX xmlns="http://www.garmin.com/xmlschemas/ActivityExtension/v2"><Speed>0.000000</Speed></TPX></Extensions></Trackpoint>
     <Trackpoint><Time>2026-02-03T20:43:31.257Z</Time><HeartRateBpm><Value>138</Value></HeartRateBpm><Extensions><TPX xmlns="http://www.garmin.com/xmlschemas/ActivityExtension/v2"><Speed>0.000000</Speed></TPX></Extensions></Trackpoint>
     <Trackpoint><Time>2026-02-03T20:43:33.131Z</Time><HeartRateBpm><Value>138</Value></HeartRateBpm><Extensions><TPX xmlns="http://www.garmin.com/xmlschemas/ActivityExtension/v2"><Speed>0.000000</Speed></TPX></Extensions></Trackpoint>
     <Trackpoint><Time>2026-02-03T20:43:35.130Z</Time><HeartRateBpm><Value>138</Value></HeartRateBpm><Extensions><TPX xmlns="http://www.garmin.com/xmlschemas/ActivityExtension/v2"><Speed>0.000000</Speed></TPX></Extensions></Trackpoint>
     <Trackpoint><Time>2026-02-03T20:43:36.131Z</Time><HeartRateBpm><Value>138</Value></HeartRateBpm><Extensions><TPX xmlns="http://www.garmin.com/xmlschemas/ActivityExtension/v2"><Speed>0.000000</Speed></TPX></Extensions></Trackpoint>
     <Trackpoint><Time>2026-02-03T20:43:37.131Z</Time><HeartRateBpm><Value>138</Value></HeartRateBpm><Extensions><TPX xmlns="http://www.garmin.com/xmlschemas/ActivityExtension/v2"><Speed>0.000000</Speed></TPX></Extensions></Trackpoint>
     <Trackpoint><Time>2026-02-03T20:43:38.898Z</Time><HeartRateBpm><Value>138</Value></HeartRateBpm><Extensions><TPX xmlns="http://www.garmin.com/xmlschemas/ActivityExtension/v2"><Speed>0.000000</Speed></TPX></Extensions></Trackpoint>
     <Trackpoint><Time>2026-02-03T20:43:40.131Z</Time><HeartRateBpm><Value>138</Value></HeartRateBpm><Extensions><TPX xmlns="http://www.garmin.com/xmlschemas/ActivityExtension/v2"><Speed>0.000000</Speed></TPX></Extensions></Trackpoint>
     <Trackpoint><Time>2026-02-03T20:43:41.450Z</Time><HeartRateBpm><Value>138</Value></HeartRateBpm><Extensions><TPX xmlns="http://www.garmin.com/xmlschemas/ActivityExtension/v2"><Speed>0.000000</Speed></TPX></Extensions></Trackpoint>
     <Trackpoint><Time>2026-02-03T20:43:43.131Z</Time><HeartRateBpm><Value>138</Value></HeartRateBpm><Extensions><TPX xmlns="http://www.garmin.com/xmlschemas/ActivityExtension/v2"><Speed>0.000000</Speed></TPX></Extensions></Trackpoint>
     <Trackpoint><Time>2026-02-03T20:43:45.131Z</Time><HeartRateBpm><Value>138</Value></HeartRateBpm><Extensions><TPX xmlns="http://www.garmin.com/xmlschemas/ActivityExtension/v2"><Speed>0.000000</Speed></TPX></Extensions></Trackpoint>
     <Trackpoint><Time>2026-02-03T20:43:46.553Z</Time><HeartRateBpm><Value>140</Value></HeartRateBpm><Extensions><TPX xmlns="http://www.garmin.com/xmlschemas/ActivityExtension/v2"><Speed>0.000000</Speed></TPX></Extensions></Trackpoint>
     <Trackpoint><Time>2026-02-03T20:43:48.131Z</Time><HeartRateBpm><Value>140</Value></HeartRateBpm><Extensions><TPX xmlns="http://www.garmin.com/xmlschemas/ActivityExtension/v2"><Speed>0.000000</Speed></TPX></Extensions></Trackpoint>
     <Trackpoint><Time>2026-02-03T20:43:50.131Z</Time><HeartRateBpm><Value>140</Value></HeartRateBpm><Extensions><TPX xmlns="http://www.garmin.com/xmlschemas/ActivityExtension/v2"><Speed>0.000000</Speed></TPX></Extensions></Trackpoint>
     <Trackpoint><Time>2026-02-03T20:43:51.694Z</Time><HeartRateBpm><Value>141</Value></HeartRateBpm><Extensions><TPX xmlns="http://www.garmin.com/xmlschemas/ActivityExtension/v2"><Speed>0.000000</Speed></TPX></Extensions></Trackpoint>
     <Trackpoint><Time>2026-02-03T20:43:53.131Z</Time><HeartRateBpm><Value>141</Value></HeartRateBpm><Extensions><TPX xmlns="http://www.garmin.com/xmlschemas/ActivityExtension/v2"><Speed>0.000000</Speed></TPX></Extensions></Trackpoint>
     <Trackpoint><Time>2026-02-03T20:43:54.131Z</Time><HeartRateBpm><Value>141</Value></HeartRateBpm><Extensions><TPX xmlns="http://www.garmin.com/xmlschemas/ActivityExtension/v2"><Speed>0.000000</Speed></TPX></Extensions></Trackpoint>
     <Trackpoint><Time>2026-02-03T20:43:55.546Z</Time><HeartRateBpm><Value>142</Value></HeartRateBpm><Extensions><TPX xmlns="http://www.garmin.com/xmlschemas/ActivityExtension/v2"><Speed>0.000000</Speed></TPX></Extensions></Trackpoint>
     <Trackpoint><Time>2026-02-03T20:43:56.756Z</Time><HeartRateBpm><Value>142</Value></HeartRateBpm><Extensions><TPX xmlns="http://www.garmin.com/xmlschemas/ActivityExtension/v2"><Speed>0.000000</Speed></TPX></Extensions></Trackpoint>
     <Trackpoint><Time>2026-02-03T20:43:58.131Z</Time><HeartRateBpm><Value>142</Value></HeartRateBpm><Extensions><TPX xmlns="http://www.garmin.com/xmlschemas/ActivityExtension/v2"><Speed>0.000000</Speed></TPX></Extensions></Trackpoint>
     <Trackpoint><Time>2026-02-03T20:43:59.131Z</Time><HeartRateBpm><Value>142</Value></HeartRateBpm><Extensions><TPX xmlns="http://www.garmin.com/xmlschemas/ActivityExtension/v2"><Speed>0.000000</Speed></TPX></Extensions></Trackpoint>
     <Trackpoint><Time>2026-02-03T20:44:00.997Z</Time><HeartRateBpm><Value>140</Value></HeartRateBpm><Extensions><TPX xmlns="http://www.garmin.com/xmlschemas/ActivityExtension/v2"><Speed>0.000000</Speed></TPX></Extensions></Trackpoint>
     <Trackpoint><Time>2026-02-03T20:44:02.131Z</Time><HeartRateBpm><Value>140</Value></HeartRateBpm><Extensions><TPX xmlns="http://www.garmin.com/xmlschemas/ActivityExtension/v2"><Speed>0.000000</Speed></TPX></Extensions></Trackpoint>
     <Trackpoint><Time>2026-02-03T20:44:04.131Z</Time><HeartRateBpm><Value>140</Value></HeartRateBpm><Extensions><TPX xmlns="http://www.garmin.com/xmlschemas/ActivityExtension/v2"><Speed>0.000000</Speed></TPX></Extensions></Trackpoint>
     <Trackpoint><Time>2026-02-03T20:44:05.131Z</Time><HeartRateBpm><Value>140</Value></HeartRateBpm><Extensions><TPX xmlns="http://www.garmin.com/xmlschemas/ActivityExtension/v2"><Speed>0.000000</Speed></TPX></Extensions></Trackpoint>
     <Trackpoint><Time>2026-02-03T20:44:06.942Z</Time><HeartRateBpm><Value>140</Value></HeartRateBpm><Extensions><TPX xmlns="http://www.garmin.com/xmlschemas/ActivityExtension/v2"><Speed>0.000000</Speed></TPX></Extensions></Trackpoint>
     <Trackpoint><Time>2026-02-03T20:44:08.131Z</Time><HeartRateBpm><Value>140</Value></HeartRateBpm><Extensions><TPX xmlns="http://www.garmin.com/xmlschemas/ActivityExtension/v2"><Speed>0.000000</Speed></TPX></Extensions></Trackpoint>
     <Trackpoint><Time>2026-02-03T20:44:09.505Z</Time><HeartRateBpm><Value>140</Value></HeartRateBpm><Extensions><TPX xmlns="http://www.garmin.com/xmlschemas/ActivityExtension/v2"><Speed>0.000000</Speed></TPX></Extensions></Trackpoint>
     <Trackpoint><Time>2026-02-03T20:44:10.518Z</Time><HeartRateBpm><Value>143</Value></HeartRateBpm><Extensions><TPX xmlns="http://www.garmin.com/xmlschemas/ActivityExtension/v2"><Speed>0.000000</Speed></TPX></Extensions></Trackpoint>
     <Trackpoint><Time>2026-02-03T20:44:12.048Z</Time><HeartRateBpm><Value>143</Value></HeartRateBpm><Extensions><TPX xmlns="http://www.garmin.com/xmlschemas/ActivityExtension/v2"><Speed>0.000000</Speed></TPX></Extensions></Trackpoint>
     <Trackpoint><Time>2026-02-03T20:44:13.130Z</Time><HeartRateBpm><Value>143</Value></HeartRateBpm><Extensions><TPX xmlns="http://www.garmin.com/xmlschemas/ActivityExtension/v2"><Speed>0.000000</Speed></TPX></Extensions></Trackpoint>
     <Trackpoint><Time>2026-02-03T20:44:14.131Z</Time><HeartRateBpm><Value>143</Value></HeartRateBpm><Extensions><TPX xmlns="http://www.garmin.com/xmlschemas/ActivityExtension/v2"><Speed>0.000000</Speed></TPX></Extensions></Trackpoint>
     <Trackpoint><Time>2026-02-03T20:44:15.131Z</Time><HeartRateBpm><Value>144</Value></HeartRateBpm><Extensions><TPX xmlns="http://www.garmin.com/xmlschemas/ActivityExtension/v2"><Speed>0.000000</Speed></TPX></Extensions></Trackpoint>
     <Trackpoint><Time>2026-02-03T20:44:17.131Z</Time><HeartRateBpm><Value>144</Value></HeartRateBpm><Extensions><TPX xmlns="http://www.garmin.com/xmlschemas/ActivityExtension/v2"><Speed>0.000000</Speed></TPX></Extensions></Trackpoint>
     <Trackpoint><Time>2026-02-03T20:44:19.131Z</Time><HeartRateBpm><Value>144</Value></HeartRateBpm><Extensions><TPX xmlns="http://www.garmin.com/xmlschemas/ActivityExtension/v2"><Speed>0.000000</Speed></TPX></Extensions></Trackpoint>
     <Trackpoint><Time>2026-02-03T20:44:20.131Z</Time><HeartRateBpm><Value>144</Value></HeartRateBpm><Extensions><TPX xmlns="http://www.garmin.com/xmlschemas/ActivityExtension/v2"><Speed>0.000000</Speed></TPX></Extensions></Trackpoint>
     <Trackpoint><Time>2026-02-03T20:44:22.131Z</Time><HeartRateBpm><Value>144</Value></HeartRateBpm><Extensions><TPX xmlns="http://www.garmin.com/xmlschemas/ActivityExtension/v2"><Speed>0.000000</Speed></TPX></Extensions></Trackpoint>
     <Trackpoint><Time>2026-02-03T20:44:24.131Z</Time><HeartRateBpm><Value>144</Value></HeartRateBpm><Extensions><TPX xmlns="http://www.garmin.com/xmlschemas/ActivityExtension/v2"><Speed>0.000000</Speed></TPX></Extensions></Trackpoint>
     <Trackpoint><Time>2026-02-03T20:44:25.131Z</Time><HeartRateBpm><Value>143</Value></HeartRateBpm><Extensions><TPX xmlns="http://www.garmin.com/xmlschemas/ActivityExtension/v2"><Speed>0.000000</Speed></TPX></Extensions></Trackpoint>
     <Trackpoint><Time>2026-02-03T20:44:27.131Z</Time><HeartRateBpm><Value>143</Value></HeartRateBpm><Extensions><TPX xmlns="http://www.garmin.com/xmlschemas/ActivityExtension/v2"><Speed>0.000000</Speed></TPX></Extensions></Trackpoint>
     <Trackpoint><Time>2026-02-03T20:44:29.131Z</Time><HeartRateBpm><Value>143</Value></HeartRateBpm><Extensions><TPX xmlns="http://www.garmin.com/xmlschemas/ActivityExtension/v2"><Speed>0.000000</Speed></TPX></Extensions></Trackpoint>
     <Trackpoint><Time>2026-02-03T20:44:31.131Z</Time><HeartRateBpm><Value>142</Value></HeartRateBpm><Extensions><TPX xmlns="http://www.garmin.com/xmlschemas/ActivityExtension/v2"><Speed>0.000000</Speed></TPX></Extensions></Trackpoint>
     <Trackpoint><Time>2026-02-03T20:44:32.131Z</Time><HeartRateBpm><Value>142</Value></HeartRateBpm><Extensions><TPX xmlns="http://www.garmin.com/xmlschemas/ActivityExtension/v2"><Speed>0.000000</Speed></TPX></Extensions></Trackpoint>
     <Trackpoint><Time>2026-02-03T20:44:34.131Z</Time><HeartRateBpm><Value>142</Value></HeartRateBpm><Extensions><TPX xmlns="http://www.garmin.com/xmlschemas/ActivityExtension/v2"><Speed>0.000000</Speed></TPX></Extensions></Trackpoint>
     <Trackpoint><Time>2026-02-03T20:44:36.010Z</Time><HeartRateBpm><Value>139</Value></HeartRateBpm><Extensions><TPX xmlns="http://www.garmin.com/xmlschemas/ActivityExtension/v2"><Speed>0.000000</Speed></TPX></Extensions></Trackpoint>
     <Trackpoint><Time>2026-02-03T20:44:37.131Z</Time><HeartRateBpm><Value>139</Value></HeartRateBpm><Extensions><TPX xmlns="http://www.garmin.com/xmlschemas/ActivityExtension/v2"><Speed>0.000000</Speed></TPX></Extensions></Trackpoint>
     <Trackpoint><Time>2026-02-03T20:44:38.131Z</Time><HeartRateBpm><Value>139</Value></HeartRateBpm><Extensions><TPX xmlns="http://www.garmin.com/xmlschemas/ActivityExtension/v2"><Speed>0.000000</Speed></TPX></Extensions></Trackpoint>
     <Trackpoint><Time>2026-02-03T20:44:40.091Z</Time><HeartRateBpm><Value>139</Value></HeartRateBpm><Extensions><TPX xmlns="http://www.garmin.com/xmlschemas/ActivityExtension/v2"><Speed>0.000000</Speed></TPX></Extensions></Trackpoint>
     <Trackpoint><Time>2026-02-03T20:44:41.131Z</Time><HeartRateBpm><Value>139</Value></HeartRateBpm><Extensions><TPX xmlns="http://www.garmin.com/xmlschemas/ActivityExtension/v2"><Speed>0.000000</Speed></TPX></Extensions></Trackpoint>
     <Trackpoint><Time>2026-02-03T20:44:42.131Z</Time><HeartRateBpm><Value>139</Value></HeartRateBpm><Extensions><TPX xmlns="http://www.garmin.com/xmlschemas/ActivityExtension/v2"><Speed>0.000000</Speed></TPX></Extensions></Trackpoint>
     <Trackpoint><Time>2026-02-03T20:44:44.131Z</Time><HeartRateBpm><Value>139</Value></HeartRateBpm><Extensions><TPX xmlns="http://www.garmin.com/xmlschemas/ActivityExtension/v2"><Speed>0.000000</Speed></TPX></Extensions></Trackpoint>
     <Trackpoint><Time>2026-02-03T20:44:45.181Z</Time><HeartRateBpm><Value>139</Value></HeartRateBpm><Extensions><TPX xmlns="http://www.garmin.com/xmlschemas/ActivityExtension/v2"><Speed>0.000000</Speed></TPX></Extensions></Trackpoint>
     <Trackpoint><Time>2026-02-03T20:44:47.131Z</Time><HeartRateBpm><Value>138</Value></HeartRateBpm><Extensions><TPX xmlns="http://www.garmin.com/xmlschemas/ActivityExtension/v2"><Speed>0.000000</Speed></TPX></Extensions></Trackpoint>
     <Trackpoint><Time>2026-02-03T20:44:49.131Z</Time><HeartRateBpm><Value>138</Value></HeartRateBpm><Extensions><TPX xmlns="http://www.garmin.com/xmlschemas/ActivityExtension/v2"><Speed>0.000000</Speed></TPX></Extensions></Trackpoint>
     <Trackpoint><Time>2026-02-03T20:44:50.131Z</Time><HeartRateBpm><Value>138</Value></HeartRateBpm><Extensions><TPX xmlns="http://www.garmin.com/xmlschemas/ActivityExtension/v2"><Speed>0.000000</Speed></TPX></Extensions></Trackpoint>
     <Trackpoint><Time>2026-02-03T20:44:52.131Z</Time><HeartRateBpm><Value>138</Value></HeartRateBpm><Extensions><TPX xmlns="http://www.garmin.com/xmlschemas/ActivityExtension/v2"><Speed>0.000000</Speed></TPX></Extensions></Trackpoint>
     <Trackpoint><Time>2026-02-03T20:44:54.131Z</Time><HeartRateBpm><Value>138</Value></HeartRateBpm><Extensions><TPX xmlns="http://www.garmin.com/xmlschemas/ActivityExtension/v2"><Speed>0.000000</Speed></TPX></Extensions></Trackpoint>
     <Trackpoint><Time>2026-02-03T20:44:55.131Z</Time><HeartRateBpm><Value>138</Value></HeartRateBpm><Extensions><TPX xmlns="http://www.garmin.com/xmlschemas/ActivityExtension/v2"><Speed>0.000000</Speed></TPX></Extensions></Trackpoint>
     <Trackpoint><Time>2026-02-03T20:44:56.131Z</Time><HeartRateBpm><Value>139</Value></HeartRateBpm><Extensions><TPX xmlns="http://www.garmin.com/xmlschemas/ActivityExtension/v2"><Speed>0.000000</Speed></TPX></Extensions></Trackpoint>
     <Trackpoint><Time>2026-02-03T20:44:57.931Z</Time><HeartRateBpm><Value>139</Value></HeartRateBpm><Extensions><TPX xmlns="http://www.garmin.com/xmlschemas/ActivityExtension/v2"><Speed>0.000000</Speed></TPX></Extensions></Trackpoint>
     <Trackpoint><Time>2026-02-03T20:44:59.131Z</Time><HeartRateBpm><Value>139</Value></HeartRateBpm><Extensions><TPX xmlns="http://www.garmin.com/xmlschemas/ActivityExtension/v2"><Speed>0.000000</Speed></TPX></Extensions></Trackpoint>
     <Trackpoint><Time>2026-02-03T20:45:00.131Z</Time><HeartRateBpm><Value>139</Value></HeartRateBpm><Extensions><TPX xmlns="http://www.garmin.com/xmlschemas/ActivityExtension/v2"><Speed>0.000000</Speed></TPX></Extensions></Trackpoint>
     <Trackpoint><Time>2026-02-03T20:45:02.131Z</Time><HeartRateBpm><Value>139</Value></HeartRateBpm><Extensions><TPX xmlns="http://www.garmin.com/xmlschemas/ActivityExtension/v2"><Speed>0.000000</Speed></TPX></Extensions></Trackpoint>
     <Trackpoint><Time>2026-02-03T20:45:03.131Z</Time><HeartRateBpm><Value>139</Value></HeartRateBpm><Extensions><TPX xmlns="http://www.garmin.com/xmlschemas/ActivityExtension/v2"><Speed>0.000000</Speed></TPX></Extensions></Trackpoint>
     <Trackpoint><Time>2026-02-03T20:45:05.131Z</Time><HeartRateBpm><Value>139</Value></HeartRateBpm><Extensions><TPX xmlns="http://www.garmin.com/xmlschemas/ActivityExtension/v2"><Speed>0.000000</Speed></TPX></Extensions></Trackpoint>
     <Trackpoint><Time>2026-02-03T20:45:07.131Z</Time><HeartRateBpm><Value>138</Value></HeartRateBpm><Extensions><TPX xmlns="http://www.garmin.com/xmlschemas/ActivityExtension/v2"><Speed>0.000000</Speed></TPX></Extensions></Trackpoint>
     <Trackpoint><Time>2026-02-03T20:45:08.131Z</Time><HeartRateBpm><Value>138</Value></HeartRateBpm><Extensions><TPX xmlns="http://www.garmin.com/xmlschemas/ActivityExtension/v2"><Speed>0.000000</Speed></TPX></Extensions></Trackpoint>
     <Trackpoint><Time>2026-02-03T20:45:10.130Z</Time><HeartRateBpm><Value>138</Value></HeartRateBpm><Extensions><TPX xmlns="http://www.garmin.com/xmlschemas/ActivityExtension/v2"><Speed>0.000000</Speed></TPX></Extensions></Trackpoint>
     <Trackpoint><Time>2026-02-03T20:45:11.131Z</Time><HeartRateBpm><Value>136</Value></HeartRateBpm><Extensions><TPX xmlns="http://www.garmin.com/xmlschemas/ActivityExtension/v2"><Speed>0.000000</Speed></TPX></Extensions></Trackpoint>
     <Trackpoint><Time>2026-02-03T20:45:13.131Z</Time><HeartRateBpm><Value>136</Value></HeartRateBpm><Extensions><TPX xmlns="http://www.garmin.com/xmlschemas/ActivityExtension/v2"><Speed>0.000000</Speed></TPX></Extensions></Trackpoint>
     <Trackpoint><Time>2026-02-03T20:45:15.131Z</Time><HeartRateBpm><Value>136</Value></HeartRateBpm><Extensions><TPX xmlns="http://www.garmin.com/xmlschemas/ActivityExtension/v2"><Speed>0.000000</Speed></TPX></Extensions></Trackpoint>
     <Trackpoint><Time>2026-02-03T20:45:16.131Z</Time><HeartRateBpm><Value>136</Value></HeartRateBpm><Extensions><TPX xmlns="http://www.garmin.com/xmlschemas/ActivityExtension/v2"><Speed>0.000000</Speed></TPX></Extensions></Trackpoint>
     <Trackpoint><Time>2026-02-03T20:45:18.131Z</Time><HeartRateBpm><Value>136</Value></HeartRateBpm><Extensions><TPX xmlns="http://www.garmin.com/xmlschemas/ActivityExtension/v2"><Speed>0.000000</Speed></TPX></Extensions></Trackpoint>
     <Trackpoint><Time>2026-02-03T20:45:20.131Z</Time><HeartRateBpm><Value>136</Value></HeartRateBpm><Extensions><TPX xmlns="http://www.garmin.com/xmlschemas/ActivityExtension/v2"><Speed>0.000000</Speed></TPX></Extensions></Trackpoint>
     <Trackpoint><Time>2026-02-03T20:45:22.131Z</Time><HeartRateBpm><Value>137</Value></HeartRateBpm><Extensions><TPX xmlns="http://www.garmin.com/xmlschemas/ActivityExtension/v2"><Speed>0.000000</Speed></TPX></Extensions></Trackpoint>
     <Trackpoint><Time>2026-02-03T20:45:23.435Z</Time><HeartRateBpm><Value>137</Value></HeartRateBpm><Extensions><TPX xmlns="http://www.garmin.com/xmlschemas/ActivityExtension/v2"><Speed>0.000000</Speed></TPX></Extensions></Trackpoint>
     <Trackpoint><Time>2026-02-03T20:45:25.131Z</Time><HeartRateBpm><Value>137</Value></HeartRateBpm><Extensions><TPX xmlns="http://www.garmin.com/xmlschemas/ActivityExtension/v2"><Speed>0.000000</Speed></TPX></Extensions></Trackpoint>
     <Trackpoint><Time>2026-02-03T20:45:27.131Z</Time><HeartRateBpm><Value>140</Value></HeartRateBpm><Extensions><TPX xmlns="http://www.garmin.com/xmlschemas/ActivityExtension/v2"><Speed>0.000000</Speed></TPX></Extensions></Trackpoint>
     <Trackpoint><Time>2026-02-03T20:45:28.512Z</Time><HeartRateBpm><Value>140</Value></HeartRateBpm><Extensions><TPX xmlns="http://www.garmin.com/xmlschemas/ActivityExtension/v2"><Speed>0.000000</Speed></TPX></Extensions></Trackpoint>
     <Trackpoint><Time>2026-02-03T20:45:30.131Z</Time><HeartRateBpm><Value>140</Value></HeartRateBpm><Extensions><TPX xmlns="http://www.garmin.com/xmlschemas/ActivityExtension/v2"><Speed>0.000000</Speed></TPX></Extensions></Trackpoint>
     <Trackpoint><Time>2026-02-03T20:45:32.131Z</Time><HeartRateBpm><Value>141</Value></HeartRateBpm><Extensions><TPX xmlns="http://www.garmin.com/xmlschemas/ActivityExtension/v2"><Speed>0.000000</Speed></TPX></Extensions></Trackpoint>
     <Trackpoint><Time>2026-02-03T20:45:33.131Z</Time><HeartRateBpm><Value>141</Value></HeartRateBpm><Extensions><TPX xmlns="http://www.garmin.com/xmlschemas/ActivityExtension/v2"><Speed>0.000000</Speed></TPX></Extensions></Trackpoint>
     <Trackpoint><Time>2026-02-03T20:45:35.131Z</Time><HeartRateBpm><Value>141</Value></HeartRateBpm><Extensions><TPX xmlns="http://www.garmin.com/xmlschemas/ActivityExtension/v2"><Speed>0.000000</Speed></TPX></Extensions></Trackpoint>
     <Trackpoint><Time>2026-02-03T20:45:36.131Z</Time><HeartRateBpm><Value>140</Value></HeartRateBpm><Extensions><TPX xmlns="http://www.garmin.com/xmlschemas/ActivityExtension/v2"><Speed>0.000000</Speed></TPX></Extensions></Trackpoint>
     <Trackpoint><Time>2026-02-03T20:45:37.131Z</Time><HeartRateBpm><Value>140</Value></HeartRateBpm><Extensions><TPX xmlns="http://www.garmin.com/xmlschemas/ActivityExtension/v2"><Speed>0.000000</Speed></TPX></Extensions></Trackpoint>
     <Trackpoint><Time>2026-02-03T20:45:38.711Z</Time><HeartRateBpm><Value>140</Value></HeartRateBpm><Extensions><TPX xmlns="http://www.garmin.com/xmlschemas/ActivityExtension/v2"><Speed>0.000000</Speed></TPX></Extensions></Trackpoint>
     <Trackpoint><Time>2026-02-03T20:45:40.131Z</Time><HeartRateBpm><Value>140</Value></HeartRateBpm><Extensions><TPX xmlns="http://www.garmin.com/xmlschemas/ActivityExtension/v2"><Speed>0.000000</Speed></TPX></Extensions></Trackpoint>
     <Trackpoint><Time>2026-02-03T20:45:41.261Z</Time><HeartRateBpm><Value>140</Value></HeartRateBpm><Extensions><TPX xmlns="http://www.garmin.com/xmlschemas/ActivityExtension/v2"><Speed>0.000000</Speed></TPX></Extensions></Trackpoint>
     <Trackpoint><Time>2026-02-03T20:45:43.131Z</Time><HeartRateBpm><Value>140</Value></HeartRateBpm><Extensions><TPX xmlns="http://www.garmin.com/xmlschemas/ActivityExtension/v2"><Speed>0.000000</Speed></TPX></Extensions></Trackpoint>
     <Trackpoint><Time>2026-02-03T20:45:44.131Z</Time><HeartRateBpm><Value>140</Value></HeartRateBpm><Extensions><TPX xmlns="http://www.garmin.com/xmlschemas/ActivityExtension/v2"><Speed>0.000000</Speed></TPX></Extensions></Trackpoint>
     <Trackpoint><Time>2026-02-03T20:45:45.131Z</Time><HeartRateBpm><Value>140</Value></HeartRateBpm><Extensions><TPX xmlns="http://www.garmin.com/xmlschemas/ActivityExtension/v2"><Speed>0.000000</Speed></TPX></Extensions></Trackpoint>
     <Trackpoint><Time>2026-02-03T20:45:46.358Z</Time><HeartRateBpm><Value>140</Value></HeartRateBpm><Extensions><TPX xmlns="http://www.garmin.com/xmlschemas/ActivityExtension/v2"><Speed>0.000000</Speed></TPX></Extensions></Trackpoint>
     <Trackpoint><Time>2026-02-03T20:45:48.131Z</Time><HeartRateBpm><Value>140</Value></HeartRateBpm><Extensions><TPX xmlns="http://www.garmin.com/xmlschemas/ActivityExtension/v2"><Speed>0.000000</Speed></TPX></Extensions></Trackpoint>
     <Trackpoint><Time>2026-02-03T20:45:50.131Z</Time><HeartRateBpm><Value>140</Value></HeartRateBpm><Extensions><TPX xmlns="http://www.garmin.com/xmlschemas/ActivityExtension/v2"><Speed>0.000000</Speed></TPX></Extensions></Trackpoint>
     <Trackpoint><Time>2026-02-03T20:45:51.450Z</Time><HeartRateBpm><Value>141</Value></HeartRateBpm><Extensions><TPX xmlns="http://www.garmin.com/xmlschemas/ActivityExtension/v2"><Speed>0.000000</Speed></TPX></Extensions></Trackpoint>
     <Trackpoint><Time>2026-02-03T20:45:53.131Z</Time><HeartRateBpm><Value>141</Value></HeartRateBpm><Extensions><TPX xmlns="http://www.garmin.com/xmlschemas/ActivityExtension/v2"><Speed>0.000000</Speed></TPX></Extensions></Trackpoint>
     <Trackpoint><Time>2026-02-03T20:45:54.131Z</Time><HeartRateBpm><Value>141</Value></HeartRateBpm><Extensions><TPX xmlns="http://www.garmin.com/xmlschemas/ActivityExtension/v2"><Speed>0.000000</Speed></TPX></Extensions></Trackpoint>
     <Trackpoint><Time>2026-02-03T20:45:55.542Z</Time><HeartRateBpm><Value>141</Value></HeartRateBpm><Extensions><TPX xmlns="http://www.garmin.com/xmlschemas/ActivityExtension/v2"><Speed>0.000000</Speed></TPX></Extensions></Trackpoint>
     <Trackpoint><Time>2026-02-03T20:45:56.557Z</Time><HeartRateBpm><Value>141</Value></HeartRateBpm><Extensions><TPX xmlns="http://www.garmin.com/xmlschemas/ActivityExtension/v2"><Speed>0.000000</Speed></TPX></Extensions></Trackpoint>
     <Trackpoint><Time>2026-02-03T20:45:58.131Z</Time><HeartRateBpm><Value>141</Value></HeartRateBpm><Extensions><TPX xmlns="http://www.garmin.com/xmlschemas/ActivityExtension/v2"><Speed>0.000000</Speed></TPX></Extensions></Trackpoint>
     <Trackpoint><Time>2026-02-03T20:45:59.131Z</Time><HeartRateBpm><Value>141</Value></HeartRateBpm><Extensions><TPX xmlns="http://www.garmin.com/xmlschemas/ActivityExtension/v2"><Speed>0.000000</Speed></TPX></Extensions></Trackpoint>
     <Trackpoint><Time>2026-02-03T20:46:00.512Z</Time><HeartRateBpm><Value>142</Value></HeartRateBpm><Extensions><TPX xmlns="http://www.garmin.com/xmlschemas/ActivityExtension/v2"><Speed>0.000000</Speed></TPX></Extensions></Trackpoint>
     <Trackpoint><Time>2026-02-03T20:46:01.667Z</Time><HeartRateBpm><Value>142</Value></HeartRateBpm><Extensions><TPX xmlns="http://www.garmin.com/xmlschemas/ActivityExtension/v2"><Speed>0.000000</Speed></TPX></Extensions></Trackpoint>
     <Trackpoint><Time>2026-02-03T20:46:03.130Z</Time><HeartRateBpm><Value>142</Value></HeartRateBpm><Extensions><TPX xmlns="http://www.garmin.com/xmlschemas/ActivityExtension/v2"><Speed>0.000000</Speed></TPX></Extensions></Trackpoint>
     <Trackpoint><Time>2026-02-03T20:46:04.131Z</Time><HeartRateBpm><Value>142</Value></HeartRateBpm><Extensions><TPX xmlns="http://www.garmin.com/xmlschemas/ActivityExtension/v2"><Speed>0.000000</Speed></TPX></Extensions></Trackpoint>
     <Trackpoint><Time>2026-02-03T20:46:05.540Z</Time><HeartRateBpm><Value>142</Value></HeartRateBpm><Extensions><TPX xmlns="http://www.garmin.com/xmlschemas/ActivityExtension/v2"><Speed>0.000000</Speed></TPX></Extensions></Trackpoint>
     <Trackpoint><Time>2026-02-03T20:46:06.750Z</Time><HeartRateBpm><Value>142</Value></HeartRateBpm><Extensions><TPX xmlns="http://www.garmin.com/xmlschemas/ActivityExtension/v2"><Speed>0.000000</Speed></TPX></Extensions></Trackpoint>
     <Trackpoint><Time>2026-02-03T20:46:08.131Z</Time><HeartRateBpm><Value>142</Value></HeartRateBpm><Extensions><TPX xmlns="http://www.garmin.com/xmlschemas/ActivityExtension/v2"><Speed>0.000000</Speed></TPX></Extensions></Trackpoint>
     <Trackpoint><Time>2026-02-03T20:46:09.131Z</Time><HeartRateBpm><Value>142</Value></HeartRateBpm><Extensions><TPX xmlns="http://www.garmin.com/xmlschemas/ActivityExtension/v2"><Speed>0.000000</Speed></TPX></Extensions></Trackpoint>
     <Trackpoint><Time>2026-02-03T20:46:10.131Z</Time><HeartRateBpm><Value>142</Value></HeartRateBpm><Extensions><TPX xmlns="http://www.garmin.com/xmlschemas/ActivityExtension/v2"><Speed>0.000000</Speed></TPX></Extensions></Trackpoint>
     <Trackpoint><Time>2026-02-03T20:46:11.849Z</Time><HeartRateBpm><Value>142</Value></HeartRateBpm><Extensions><TPX xmlns="http://www.garmin.com/xmlschemas/ActivityExtension/v2"><Speed>0.000000</Speed></TPX></Extensions></Trackpoint>
     <Trackpoint><Time>2026-02-03T20:46:13.131Z</Time><HeartRateBpm><Value>142</Value></HeartRateBpm><Extensions><TPX xmlns="http://www.garmin.com/xmlschemas/ActivityExtension/v2"><Speed>0.000000</Speed></TPX></Extensions></Trackpoint>
     <Trackpoint><Time>2026-02-03T20:46:14.131Z</Time><HeartRateBpm><Value>142</Value></HeartRateBpm><Extensions><TPX xmlns="http://www.garmin.com/xmlschemas/ActivityExtension/v2"><Speed>0.000000</Speed></TPX></Extensions></Trackpoint>
     <Trackpoint><Time>2026-02-03T20:46:15.543Z</Time><HeartRateBpm><Value>141</Value></HeartRateBpm><Extensions><TPX xmlns="http://www.garmin.com/xmlschemas/ActivityExtension/v2"><Speed>0.000000</Speed></TPX></Extensions></Trackpoint>
     <Trackpoint><Time>2026-02-03T20:46:16.950Z</Time><HeartRateBpm><Value>141</Value></HeartRateBpm><Extensions><TPX xmlns="http://www.garmin.com/xmlschemas/ActivityExtension/v2"><Speed>0.000000</Speed></TPX></Extensions></Trackpoint>
     <Trackpoint><Time>2026-02-03T20:46:18.131Z</Time><HeartRateBpm><Value>141</Value></HeartRateBpm><Extensions><TPX xmlns="http://www.garmin.com/xmlschemas/ActivityExtension/v2"><Speed>0.000000</Speed></TPX></Extensions></Trackpoint>
     <Trackpoint><Time>2026-02-03T20:46:19.511Z</Time><HeartRateBpm><Value>141</Value></HeartRateBpm><Extensions><TPX xmlns="http://www.garmin.com/xmlschemas/ActivityExtension/v2"><Speed>0.000000</Speed></TPX></Extensions></Trackpoint>
     <Trackpoint><Time>2026-02-03T20:46:20.528Z</Time><HeartRateBpm><Value>140</Value></HeartRateBpm><Extensions><TPX xmlns="http://www.garmin.com/xmlschemas/ActivityExtension/v2"><Speed>0.000000</Speed></TPX></Extensions></Trackpoint>
     <Trackpoint><Time>2026-02-03T20:46:22.050Z</Time><HeartRateBpm><Value>140</Value></HeartRateBpm><Extensions><TPX xmlns="http://www.garmin.com/xmlschemas/ActivityExtension/v2"><Speed>0.000000</Speed></TPX></Extensions></Trackpoint>
     <Trackpoint><Time>2026-02-03T20:46:23.131Z</Time><HeartRateBpm><Value>140</Value></HeartRateBpm><Extensions><TPX xmlns="http://www.garmin.com/xmlschemas/ActivityExtension/v2"><Speed>0.000000</Speed></TPX></Extensions></Trackpoint>
     <Trackpoint><Time>2026-02-03T20:46:24.602Z</Time><HeartRateBpm><Value>140</Value></HeartRateBpm><Extensions><TPX xmlns="http://www.garmin.com/xmlschemas/ActivityExtension/v2"><Speed>0.000000</Speed></TPX></Extensions></Trackpoint>
     <Trackpoint><Time>2026-02-03T20:46:26.131Z</Time><HeartRateBpm><Value>141</Value></HeartRateBpm><Extensions><TPX xmlns="http://www.garmin.com/xmlschemas/ActivityExtension/v2"><Speed>0.000000</Speed></TPX></Extensions></Trackpoint>
     <Trackpoint><Time>2026-02-03T20:46:27.131Z</Time><HeartRateBpm><Value>141</Value></HeartRateBpm><Extensions><TPX xmlns="http://www.garmin.com/xmlschemas/ActivityExtension/v2"><Speed>0.000000</Speed></TPX></Extensions></Trackpoint>
     <Trackpoint><Time>2026-02-03T20:46:29.131Z</Time><HeartRateBpm><Value>141</Value></HeartRateBpm><Extensions><TPX xmlns="http://www.garmin.com/xmlschemas/ActivityExtension/v2"><Speed>0.000000</Speed></TPX></Extensions></Trackpoint>
     <Trackpoint><Time>2026-02-03T20:46:30.131Z</Time><HeartRateBpm><Value>141</Value></HeartRateBpm><Extensions><TPX xmlns="http://www.garmin.com/xmlschemas/ActivityExtension/v2"><Speed>0.000000</Speed></TPX></Extensions></Trackpoint>
     <Trackpoint><Time>2026-02-03T20:46:32.131Z</Time><HeartRateBpm><Value>142</Value></HeartRateBpm><Extensions><TPX xmlns="http://www.garmin.com/xmlschemas/ActivityExtension/v2"><Speed>0.000000</Speed></TPX></Extensions></Trackpoint>
     <Trackpoint><Time>2026-02-03T20:46:33.131Z</Time><HeartRateBpm><Value>142</Value></HeartRateBpm><Extensions><TPX xmlns="http://www.garmin.com/xmlschemas/ActivityExtension/v2"><Speed>0.000000</Speed></TPX></Extensions></Trackpoint>
     <Trackpoint><Time>2026-02-03T20:46:34.796Z</Time><HeartRateBpm><Value>142</Value></HeartRateBpm><Extensions><TPX xmlns="http://www.garmin.com/xmlschemas/ActivityExtension/v2"><Speed>0.000000</Speed></TPX></Extensions></Trackpoint>
     <Trackpoint><Time>2026-02-03T20:46:36.131Z</Time><HeartRateBpm><Value>142</Value></HeartRateBpm><Extensions><TPX xmlns="http://www.garmin.com/xmlschemas/ActivityExtension/v2"><Speed>0.000000</Speed></TPX></Extensions></Trackpoint>
     <Trackpoint><Time>2026-02-03T20:46:37.340Z</Time><HeartRateBpm><Value>142</Value></HeartRateBpm><Extensions><TPX xmlns="http://www.garmin.com/xmlschemas/ActivityExtension/v2"><Speed>0.000000</Speed></TPX></Extensions></Trackpoint>
     <Trackpoint><Time>2026-02-03T20:46:39.131Z</Time><HeartRateBpm><Value>142</Value></HeartRateBpm><Extensions><TPX xmlns="http://www.garmin.com/xmlschemas/ActivityExtension/v2"><Speed>0.000000</Speed></TPX></Extensions></Trackpoint>
     <Trackpoint><Time>2026-02-03T20:46:40.131Z</Time><HeartRateBpm><Value>141</Value></HeartRateBpm><Extensions><TPX xmlns="http://www.garmin.com/xmlschemas/ActivityExtension/v2"><Speed>0.000000</Speed></TPX></Extensions></Trackpoint>
     <Trackpoint><Time>2026-02-03T20:46:41.131Z</Time><HeartRateBpm><Value>141</Value></HeartRateBpm><Extensions><TPX xmlns="http://www.garmin.com/xmlschemas/ActivityExtension/v2"><Speed>0.000000</Speed></TPX></Extensions></Trackpoint>
     <Trackpoint><Time>2026-02-03T20:46:42.475Z</Time><HeartRateBpm><Value>141</Value></HeartRateBpm><Extensions><TPX xmlns="http://www.garmin.com/xmlschemas/ActivityExtension/v2"><Speed>0.000000</Speed></TPX></Extensions></Trackpoint>
     <Trackpoint><Time>2026-02-03T20:46:44.131Z</Time><HeartRateBpm><Value>141</Value></HeartRateBpm><Extensions><TPX xmlns="http://www.garmin.com/xmlschemas/ActivityExtension/v2"><Speed>0.000000</Speed></TPX></Extensions></Trackpoint>
     <Trackpoint><Time>2026-02-03T20:46:45.131Z</Time><HeartRateBpm><Value>141</Value></HeartRateBpm><Extensions><TPX xmlns="http://www.garmin.com/xmlschemas/ActivityExtension/v2"><Speed>0.000000</Speed></TPX></Extensions></Trackpoint>
     <Trackpoint><Time>2026-02-03T20:46:47.131Z</Time><HeartRateBpm><Value>141</Value></HeartRateBpm><Extensions><TPX xmlns="http://www.garmin.com/xmlschemas/ActivityExtension/v2"><Speed>0.000000</Speed></TPX></Extensions></Trackpoint>
     <Trackpoint><Time>2026-02-03T20:46:49.131Z</Time><HeartRateBpm><Value>141</Value></HeartRateBpm><Extensions><TPX xmlns="http://www.garmin.com/xmlschemas/ActivityExtension/v2"><Speed>0.000000</Speed></TPX></Extensions></Trackpoint>
     <Trackpoint><Time>2026-02-03T20:46:50.131Z</Time><HeartRateBpm><Value>141</Value></HeartRateBpm><Extensions><TPX xmlns="http://www.garmin.com/xmlschemas/ActivityExtension/v2"><Speed>0.000000</Speed></TPX></Extensions></Trackpoint>
     <Trackpoint><Time>2026-02-03T20:46:52.131Z</Time><HeartRateBpm><Value>141</Value></HeartRateBpm><Extensions><TPX xmlns="http://www.garmin.com/xmlschemas/ActivityExtension/v2"><Speed>0.000000</Speed></TPX></Extensions></Trackpoint>
     <Trackpoint><Time>2026-02-03T20:46:54.131Z</Time><HeartRateBpm><Value>141</Value></HeartRateBpm><Extensions><TPX xmlns="http://www.garmin.com/xmlschemas/ActivityExtension/v2"><Speed>0.000000</Speed></TPX></Extensions></Trackpoint>
     <Trackpoint><Time>2026-02-03T20:46:55.131Z</Time><HeartRateBpm><Value>141</Value></HeartRateBpm><Extensions><TPX xmlns="http://www.garmin.com/xmlschemas/ActivityExtension/v2"><Speed>0.000000</Speed></TPX></Extensions></Trackpoint>
     <Trackpoint><Time>2026-02-03T20:46:57.131Z</Time><HeartRateBpm><Value>140</Value></HeartRateBpm><Extensions><TPX xmlns="http://www.garmin.com/xmlschemas/ActivityExtension/v2"><Speed>0.000000</Speed></TPX></Extensions></Trackpoint>
     <Trackpoint><Time>2026-02-03T20:46:58.131Z</Time><HeartRateBpm><Value>140</Value></HeartRateBpm><Extensions><TPX xmlns="http://www.garmin.com/xmlschemas/ActivityExtension/v2"><Speed>0.000000</Speed></TPX></Extensions></Trackpoint>
     <Trackpoint><Time>2026-02-03T20:46:59.131Z</Time><HeartRateBpm><Value>140</Value></HeartRateBpm><Extensions><TPX xmlns="http://www.garmin.com/xmlschemas/ActivityExtension/v2"><Speed>0.000000</Speed></TPX></Extensions></Trackpoint>
     <Trackpoint><Time>2026-02-03T20:47:00.131Z</Time><HeartRateBpm><Value>140</Value></HeartRateBpm><Extensions><TPX xmlns="http://www.garmin.com/xmlschemas/ActivityExtension/v2"><Speed>0.000000</Speed></TPX></Extensions></Trackpoint>
     <Trackpoint><Time>2026-02-03T20:47:01.135Z</Time><HeartRateBpm><Value>139</Value></HeartRateBpm><Extensions><TPX xmlns="http://www.garmin.com/xmlschemas/ActivityExtension/v2"><Speed>0.000000</Speed></TPX></Extensions></Trackpoint>
    </Track>
   </Lap>
   <Lap StartTime="2026-02-03T20:47:02.833Z">
    <TotalTimeSeconds>600</TotalTimeSeconds>
    <AverageHeartRateBpm><Value>141</Value></AverageHeartRateBpm>
    <MaximumHeartRateBpm><Value>146</Value></MaximumHeartRateBpm>
    <Calories>113</Calories>
    <Track>
     <Trackpoint><Time>2026-02-03T20:47:02.833Z</Time><HeartRateBpm><Value>139</Value></HeartRateBpm><Extensions><TPX xmlns="http://www.garmin.com/xmlschemas/ActivityExtension/v2"><Speed>0.000000</Speed></TPX></Extensions></Trackpoint>
     <Trackpoint><Time>2026-02-03T20:47:04.131Z</Time><HeartRateBpm><Value>139</Value></HeartRateBpm><Extensions><TPX xmlns="http://www.garmin.com/xmlschemas/ActivityExtension/v2"><Speed>0.000000</Speed></TPX></Extensions></Trackpoint>
     <Trackpoint><Time>2026-02-03T20:47:05.131Z</Time><HeartRateBpm><Value>139</Value></HeartRateBpm><Extensions><TPX xmlns="http://www.garmin.com/xmlschemas/ActivityExtension/v2"><Speed>0.000000</Speed></TPX></Extensions></Trackpoint>
     <Trackpoint><Time>2026-02-03T20:47:07.131Z</Time><HeartRateBpm><Value>138</Value></HeartRateBpm><Extensions><TPX xmlns="http://www.garmin.com/xmlschemas/ActivityExtension/v2"><Speed>0.000000</Speed></TPX></Extensions></Trackpoint>
     <Trackpoint><Time>2026-02-03T20:47:08.131Z</Time><HeartRateBpm><Value>138</Value></HeartRateBpm><Extensions><TPX xmlns="http://www.garmin.com/xmlschemas/ActivityExtension/v2"><Speed>0.000000</Speed></TPX></Extensions></Trackpoint>
     <Trackpoint><Time>2026-02-03T20:47:10.131Z</Time><HeartRateBpm><Value>138</Value></HeartRateBpm><Extensions><TPX xmlns="http://www.garmin.com/xmlschemas/ActivityExtension/v2"><Speed>0.000000</Speed></TPX></Extensions></Trackpoint>
     <Trackpoint><Time>2026-02-03T20:47:12.131Z</Time><HeartRateBpm><Value>139</Value></HeartRateBpm><Extensions><TPX xmlns="http://www.garmin.com/xmlschemas/ActivityExtension/v2"><Speed>0.000000</Speed></TPX></Extensions></Trackpoint>
     <Trackpoint><Time>2026-02-03T20:47:14.131Z</Time><HeartRateBpm><Value>139</Value></HeartRateBpm><Extensions><TPX xmlns="http://www.garmin.com/xmlschemas/ActivityExtension/v2"><Speed>0.000000</Speed></TPX></Extensions></Trackpoint>
     <Trackpoint><Time>2026-02-03T20:47:15.131Z</Time><HeartRateBpm><Value>139</Value></HeartRateBpm><Extensions><TPX xmlns="http://www.garmin.com/xmlschemas/ActivityExtension/v2"><Speed>0.000000</Speed></TPX></Extensions></Trackpoint>
     <Trackpoint><Time>2026-02-03T20:47:17.131Z</Time><HeartRateBpm><Value>140</Value></HeartRateBpm><Extensions><TPX xmlns="http://www.garmin.com/xmlschemas/ActivityExtension/v2"><Speed>0.000000</Speed></TPX></Extensions></Trackpoint>
     <Trackpoint><Time>2026-02-03T20:47:19.131Z</Time><HeartRateBpm><Value>140</Value></HeartRateBpm><Extensions><TPX xmlns="http://www.garmin.com/xmlschemas/ActivityExtension/v2"><Speed>0.000000</Speed></TPX></Extensions></Trackpoint>
     <Trackpoint><Time>2026-02-03T20:47:20.131Z</Time><HeartRateBpm><Value>140</Value></HeartRateBpm><Extensions><TPX xmlns="http://www.garmin.com/xmlschemas/ActivityExtension/v2"><Speed>0.000000</Speed></TPX></Extensions></Trackpoint>
     <Trackpoint><Time>2026-02-03T20:47:21.131Z</Time><HeartRateBpm><Value>140</Value></HeartRateBpm><Extensions><TPX xmlns="http://www.garmin.com/xmlschemas/ActivityExtension/v2"><Speed>0.000000</Speed></TPX></Extensions></Trackpoint>
     <Trackpoint><Time>2026-02-03T20:47:22.131Z</Time><HeartRateBpm><Value>140</Value></HeartRateBpm><Extensions><TPX xmlns="http://www.garmin.com/xmlschemas/ActivityExtension/v2"><Speed>0.000000</Speed></TPX></Extensions></Trackpoint>
     <Trackpoint><Time>2026-02-03T20:47:23.226Z</Time><HeartRateBpm><Value>140</Value></HeartRateBpm><Extensions><TPX xmlns="http://www.garmin.com/xmlschemas/ActivityExtension/v2"><Speed>0.000000</Speed></TPX></Extensions></Trackpoint>
     <Trackpoint><Time>2026-02-03T20:47:25.131Z</Time><HeartRateBpm><Value>140</Value></HeartRateBpm><Extensions><TPX xmlns="http://www.garmin.com/xmlschemas/ActivityExtension/v2"><Speed>0.000000</Speed></TPX></Extensions></Trackpoint>
     <Trackpoint><Time>2026-02-03T20:47:27.131Z</Time><HeartRateBpm><Value>139</Value></HeartRateBpm><Extensions><TPX xmlns="http://www.garmin.com/xmlschemas/ActivityExtension/v2"><Speed>0.000000</Speed></TPX></Extensions></Trackpoint>
     <Trackpoint><Time>2026-02-03T20:47:28.322Z</Time><HeartRateBpm><Value>139</Value></HeartRateBpm><Extensions><TPX xmlns="http://www.garmin.com/xmlschemas/ActivityExtension/v2"><Speed>0.000000</Speed></TPX></Extensions></Trackpoint>
     <Trackpoint><Time>2026-02-03T20:47:30.131Z</Time><HeartRateBpm><Value>139</Value></HeartRateBpm><Extensions><TPX xmlns="http://www.garmin.com/xmlschemas/ActivityExtension/v2"><Speed>0.000000</Speed></TPX></Extensions></Trackpoint>
     <Trackpoint><Time>2026-02-03T20:47:32.131Z</Time><HeartRateBpm><Value>136</Value></HeartRateBpm><Extensions><TPX xmlns="http://www.garmin.com/xmlschemas/ActivityExtension/v2"><Speed>0.000000</Speed></TPX></Extensions></Trackpoint>
     <Trackpoint><Time>2026-02-03T20:47:33.421Z</Time><HeartRateBpm><Value>136</Value></HeartRateBpm><Extensions><TPX xmlns="http://www.garmin.com/xmlschemas/ActivityExtension/v2"><Speed>0.000000</Speed></TPX></Extensions></Trackpoint>
     <Trackpoint><Time>2026-02-03T20:47:35.131Z</Time><HeartRateBpm><Value>136</Value></HeartRateBpm><Extensions><TPX xmlns="http://www.garmin.com/xmlschemas/ActivityExtension/v2"><Speed>0.000000</Speed></TPX></Extensions></Trackpoint>
     <Trackpoint><Time>2026-02-03T20:47:37.131Z</Time><HeartRateBpm><Value>139</Value></HeartRateBpm><Extensions><TPX xmlns="http://www.garmin.com/xmlschemas/ActivityExtension/v2"><Speed>0.000000</Speed></TPX></Extensions></Trackpoint>
     <Trackpoint><Time>2026-02-03T20:47:38.131Z</Time><HeartRateBpm><Value>139</Value></HeartRateBpm><Extensions><TPX xmlns="http://www.garmin.com/xmlschemas/ActivityExtension/v2"><Speed>0.000000</Speed></TPX></Extensions></Trackpoint>
     <Trackpoint><Time>2026-02-03T20:47:39.131Z</Time><HeartRateBpm><Value>139</Value></HeartRateBpm><Extensions><TPX xmlns="http://www.garmin.com/xmlschemas/ActivityExtension/v2"><Speed>0.000000</Speed></TPX></Extensions></Trackpoint>
     <Trackpoint><Time>2026-02-03T20:47:40.543Z</Time><HeartRateBpm><Value>140</Value></HeartRateBpm><Extensions><TPX xmlns="http://www.garmin.com/xmlschemas/ActivityExtension/v2"><Speed>0.000000</Speed></TPX></Extensions></Trackpoint>
     <Trackpoint><Time>2026-02-03T20:47:42.131Z</Time><HeartRateBpm><Value>140</Value></HeartRateBpm><Extensions><TPX xmlns="http://www.garmin.com/xmlschemas/ActivityExtension/v2"><Speed>0.000000</Speed></TPX></Extensions></Trackpoint>
     <Trackpoint><Time>2026-02-03T20:47:43.617Z</Time><HeartRateBpm><Value>140</Value></HeartRateBpm><Extensions><TPX xmlns="http://www.garmin.com/xmlschemas/ActivityExtension/v2"><Speed>0.000000</Speed></TPX></Extensions></Trackpoint>
     <Trackpoint><Time>2026-02-03T20:47:45.131Z</Time><HeartRateBpm><Value>140</Value></HeartRateBpm><Extensions><TPX xmlns="http://www.garmin.com/xmlschemas/ActivityExtension/v2"><Speed>0.000000</Speed></TPX></Extensions></Trackpoint>
     <Trackpoint><Time>2026-02-03T20:47:46.131Z</Time><HeartRateBpm><Value>141</Value></HeartRateBpm><Extensions><TPX xmlns="http://www.garmin.com/xmlschemas/ActivityExtension/v2"><Speed>0.000000</Speed></TPX></Extensions></Trackpoint>
     <Trackpoint><Time>2026-02-03T20:47:47.131Z</Time><HeartRateBpm><Value>141</Value></HeartRateBpm><Extensions><TPX xmlns="http://www.garmin.com/xmlschemas/ActivityExtension/v2"><Speed>0.000000</Speed></TPX></Extensions></Trackpoint>
     <Trackpoint><Time>2026-02-03T20:47:48.716Z</Time><HeartRateBpm><Value>141</Value></HeartRateBpm><Extensions><TPX xmlns="http://www.garmin.com/xmlschemas/ActivityExtension/v2"><Speed>0.000000</Speed></TPX></Extensions></Trackpoint>
     <Trackpoint><Time>2026-02-03T20:47:50.131Z</Time><HeartRateBpm><Value>141</Value></HeartRateBpm><Extensions><TPX xmlns="http://www.garmin.com/xmlschemas/ActivityExtension/v2"><Speed>0.000000</Speed></TPX></Extensions></Trackpoint>
     <Trackpoint><Time>2026-02-03T20:47:51.265Z</Time><HeartRateBpm><Value>142</Value></HeartRateBpm><Extensions><TPX xmlns="http://www.garmin.com/xmlschemas/ActivityExtension/v2"><Speed>0.000000</Speed></TPX></Extensions></Trackpoint>
     <Trackpoint><Time>2026-02-03T20:47:53.131Z</Time><HeartRateBpm><Value>142</Value></HeartRateBpm><Extensions><TPX xmlns="http://www.garmin.com/xmlschemas/ActivityExtension/v2"><Speed>0.000000</Speed></TPX></Extensions></Trackpoint>
     <Trackpoint><Time>2026-02-03T20:47:54.131Z</Time><HeartRateBpm><Value>142</Value></HeartRateBpm><Extensions><TPX xmlns="http://www.garmin.com/xmlschemas/ActivityExtension/v2"><Speed>0.000000</Speed></TPX></Extensions></Trackpoint>
     <Trackpoint><Time>2026-02-03T20:47:55.131Z</Time><HeartRateBpm><Value>142</Value></HeartRateBpm><Extensions><TPX xmlns="http://www.garmin.com/xmlschemas/ActivityExtension/v2"><Speed>0.000000</Speed></TPX></Extensions></Trackpoint>
     <Trackpoint><Time>2026-02-03T20:47:56.131Z</Time><HeartRateBpm><Value>142</Value></HeartRateBpm><Extensions><TPX xmlns="http://www.garmin.com/xmlschemas/ActivityExtension/v2"><Speed>0.000000</Speed></TPX></Extensions></Trackpoint>
     <Trackpoint><Time>2026-02-03T20:47:58.131Z</Time><HeartRateBpm><Value>142</Value></HeartRateBpm><Extensions><TPX xmlns="http://www.garmin.com/xmlschemas/ActivityExtension/v2"><Speed>0.000000</Speed></TPX></Extensions></Trackpoint>
     <Trackpoint><Time>2026-02-03T20:48:00.131Z</Time><HeartRateBpm><Value>142</Value></HeartRateBpm><Extensions><TPX xmlns="http://www.garmin.com/xmlschemas/ActivityExtension/v2"><Speed>0.000000</Speed></TPX></Extensions></Trackpoint>
     <Trackpoint><Time>2026-02-03T20:48:01.131Z</Time><HeartRateBpm><Value>143</Value></HeartRateBpm><Extensions><TPX xmlns="http://www.garmin.com/xmlschemas/ActivityExtension/v2"><Speed>0.000000</Speed></TPX></Extensions></Trackpoint>
     <Trackpoint><Time>2026-02-03T20:48:03.131Z</Time><HeartRateBpm><Value>143</Value></HeartRateBpm><Extensions><TPX xmlns="http://www.garmin.com/xmlschemas/ActivityExtension/v2"><Speed>0.000000</Speed></TPX></Extensions></Trackpoint>
     <Trackpoint><Time>2026-02-03T20:48:05.130Z</Time><HeartRateBpm><Value>143</Value></HeartRateBpm><Extensions><TPX xmlns="http://www.garmin.com/xmlschemas/ActivityExtension/v2"><Speed>0.000000</Speed></TPX></Extensions></Trackpoint>
     <Trackpoint><Time>2026-02-03T20:48:06.131Z</Time><HeartRateBpm><Value>144</Value></HeartRateBpm><Extensions><TPX xmlns="http://www.garmin.com/xmlschemas/ActivityExtension/v2"><Speed>0.000000</Speed></TPX></Extensions></Trackpoint>
     <Trackpoint><Time>2026-02-03T20:48:08.131Z</Time><HeartRateBpm><Value>144</Value></HeartRateBpm><Extensions><TPX xmlns="http://www.garmin.com/xmlschemas/ActivityExtension/v2"><Speed>0.000000</Speed></TPX></Extensions></Trackpoint>
     <Trackpoint><Time>2026-02-03T20:48:09.131Z</Time><HeartRateBpm><Value>144</Value></HeartRateBpm><Extensions><TPX xmlns="http://www.garmin.com/xmlschemas/ActivityExtension/v2"><Speed>0.000000</Speed></TPX></Extensions></Trackpoint>
     <Trackpoint><Time>2026-02-03T20:48:10.131Z</Time><HeartRateBpm><Value>144</Value></HeartRateBpm><Extensions><TPX xmlns="http://www.garmin.com/xmlschemas/ActivityExtension/v2"><Speed>0.000000</Speed></TPX></Extensions></Trackpoint>
     <Trackpoint><Time>2026-02-03T20:48:11.131Z</Time><HeartRateBpm><Value>145</Value></HeartRateBpm><Extensions><TPX xmlns="http://www.garmin.com/xmlschemas/ActivityExtension/v2"><Speed>0.000000</Speed></TPX></Extensions></Trackpoint>
     <Trackpoint><Time>2026-02-03T20:48:13.131Z</Time><HeartRateBpm><Value>145</Value></HeartRateBpm><Extensions><TPX xmlns="http://www.garmin.com/xmlschemas/ActivityExtension/v2"><Speed>0.000000</Speed></TPX></Extensions></Trackpoint>
     <Trackpoint><Time>2026-02-03T20:48:14.131Z</Time><HeartRateBpm><Value>145</Value></HeartRateBpm><Extensions><TPX xmlns="http://www.garmin.com/xmlschemas/ActivityExtension/v2"><Speed>0.000000</Speed></TPX></Extensions></Trackpoint>
     <Trackpoint><Time>2026-02-03T20:48:15.506Z</Time><HeartRateBpm><Value>145</Value></HeartRateBpm><Extensions><TPX xmlns="http://www.garmin.com/xmlschemas/ActivityExtension/v2"><Speed>0.000000</Speed></TPX></Extensions></Trackpoint>
     <Trackpoint><Time>2026-02-03T20:48:16.756Z</Time><HeartRateBpm><Value>145</Value></HeartRateBpm><Extensions><TPX xmlns="http://www.garmin.com/xmlschemas/ActivityExtension/v2"><Speed>0.000000</Speed></TPX></Extensions></Trackpoint>
     <Trackpoint><Time>2026-02-03T20:48:18.131Z</Time><HeartRateBpm><Value>145</Value></HeartRateBpm><Extensions><TPX xmlns="http://www.garmin.com/xmlschemas/ActivityExtension/v2"><Speed>0.000000</Speed></TPX></Extensions></Trackpoint>
     <Trackpoint><Time>2026-02-03T20:48:19.131Z</Time><HeartRateBpm><Value>145</Value></HeartRateBpm><Extensions><TPX xmlns="http://www.garmin.com/xmlschemas/ActivityExtension/v2"><Speed>0.000000</Speed></TPX></Extensions></Trackpoint>
     <Trackpoint><Time>2026-02-03T20:48:20.511Z</Time><HeartRateBpm><Value>145</Value></HeartRateBpm><Extensions><TPX xmlns="http://www.garmin.com/xmlschemas/ActivityExtension/v2"><Speed>0.000000</Speed></TPX></Extensions></Trackpoint>
     <Trackpoint><Time>2026-02-03T20:48:21.856Z</Time><HeartRateBpm><Value>145</Value></HeartRateBpm><Extensions><TPX xmlns="http://www.garmin.com/xmlschemas/ActivityExtension/v2"><Speed>0.000000</Speed></TPX></Extensions></Trackpoint>
     <Trackpoint><Time>2026-02-03T20:48:23.131Z</Time><HeartRateBpm><Value>145</Value></HeartRateBpm><Extensions><TPX xmlns="http://www.garmin.com/xmlschemas/ActivityExtension/v2"><Speed>0.000000</Speed></TPX></Extensions></Trackpoint>
     <Trackpoint><Time>2026-02-03T20:48:24.131Z</Time><HeartRateBpm><Value>145</Value></HeartRateBpm><Extensions><TPX xmlns="http://www.garmin.com/xmlschemas/ActivityExtension/v2"><Speed>0.000000</Speed></TPX></Extensions></Trackpoint>
     <Trackpoint><Time>2026-02-03T20:48:25.978Z</Time><HeartRateBpm><Value>144</Value></HeartRateBpm><Extensions><TPX xmlns="http://www.garmin.com/xmlschemas/ActivityExtension/v2"><Speed>0.000000</Speed></TPX></Extensions></Trackpoint>
     <Trackpoint><Time>2026-02-03T20:48:27.131Z</Time><HeartRateBpm><Value>144</Value></HeartRateBpm><Extensions><TPX xmlns="http://www.garmin.com/xmlschemas/ActivityExtension/v2"><Speed>0.000000</Speed></TPX></Extensions></Trackpoint>
     <Trackpoint><Time>2026-02-03T20:48:28.131Z</Time><HeartRateBpm><Value>144</Value></HeartRateBpm><Extensions><TPX xmlns="http://www.garmin.com/xmlschemas/ActivityExtension/v2"><Speed>0.000000</Speed></TPX></Extensions></Trackpoint>
     <Trackpoint><Time>2026-02-03T20:48:29.504Z</Time><HeartRateBpm><Value>144</Value></HeartRateBpm><Extensions><TPX xmlns="http://www.garmin.com/xmlschemas/ActivityExtension/v2"><Speed>0.000000</Speed></TPX></Extensions></Trackpoint>
     <Trackpoint><Time>2026-02-03T20:48:30.559Z</Time><HeartRateBpm><Value>142</Value></HeartRateBpm><Extensions><TPX xmlns="http://www.garmin.com/xmlschemas/ActivityExtension/v2"><Speed>0.000000</Speed></TPX></Extensions></Trackpoint>
     <Trackpoint><Time>2026-02-03T20:48:32.072Z</Time><HeartRateBpm><Value>142</Value></HeartRateBpm><Extensions><TPX xmlns="http://www.garmin.com/xmlschemas/ActivityExtension/v2"><Speed>0.000000</Speed></TPX></Extensions></Trackpoint>
     <Trackpoint><Time>2026-02-03T20:48:33.131Z</Time><HeartRateBpm><Value>142</Value></HeartRateBpm><Extensions><TPX xmlns="http://www.garmin.com/xmlschemas/ActivityExtension/v2"><Speed>0.000000</Speed></TPX></Extensions></Trackpoint>
     <Trackpoint><Time>2026-02-03T20:48:34.131Z</Time><HeartRateBpm><Value>142</Value></HeartRateBpm><Extensions><TPX xmlns="http://www.garmin.com/xmlschemas/ActivityExtension/v2"><Speed>0.000000</Speed></TPX></Extensions></Trackpoint>
     <Trackpoint><Time>2026-02-03T20:48:36.131Z</Time><HeartRateBpm><Value>142</Value></HeartRateBpm><Extensions><TPX xmlns="http://www.garmin.com/xmlschemas/ActivityExtension/v2"><Speed>0.000000</Speed></TPX></Extensions></Trackpoint>
     <Trackpoint><Time>2026-02-03T20:48:37.150Z</Time><HeartRateBpm><Value>142</Value></HeartRateBpm><Extensions><TPX xmlns="http://www.garmin.com/xmlschemas/ActivityExtension/v2"><Speed>0.000000</Speed></TPX></Extensions></Trackpoint>
     <Trackpoint><Time>2026-02-03T20:48:39.131Z</Time><HeartRateBpm><Value>142</Value></HeartRateBpm><Extensions><TPX xmlns="http://www.garmin.com/xmlschemas/ActivityExtension/v2"><Speed>0.000000</Speed></TPX></Extensions></Trackpoint>
     <Trackpoint><Time>2026-02-03T20:48:41.131Z</Time><HeartRateBpm><Value>143</Value></HeartRateBpm><Extensions><TPX xmlns="http://www.garmin.com/xmlschemas/ActivityExtension/v2"><Speed>0.000000</Speed></TPX></Extensions></Trackpoint>
     <Trackpoint><Time>2026-02-03T20:48:42.247Z</Time><HeartRateBpm><Value>143</Value></HeartRateBpm><Extensions><TPX xmlns="http://www.garmin.com/xmlschemas/ActivityExtension/v2"><Speed>0.000000</Speed></TPX></Extensions></Trackpoint>
     <Trackpoint><Time>2026-02-03T20:48:44.131Z</Time><HeartRateBpm><Value>143</Value></HeartRateBpm><Extensions><TPX xmlns="http://www.garmin.com/xmlschemas/ActivityExtension/v2"><Speed>0.000000</Speed></TPX></Extensions></Trackpoint>
     <Trackpoint><Time>2026-02-03T20:48:45.131Z</Time><HeartRateBpm><Value>143</Value></HeartRateBpm><Extensions><TPX xmlns="http://www.garmin.com/xmlschemas/ActivityExtension/v2"><Speed>0.000000</Speed></TPX></Extensions></Trackpoint>
     <Trackpoint><Time>2026-02-03T20:48:47.131Z</Time><HeartRateBpm><Value>145</Value></HeartRateBpm><Extensions><TPX xmlns="http://www.garmin.com/xmlschemas/ActivityExtension/v2"><Speed>0.000000</Speed></TPX></Extensions></Trackpoint>
     <Trackpoint><Time>2026-02-03T20:48:49.131Z</Time><HeartRateBpm><Value>145</Value></HeartRateBpm><Extensions><TPX xmlns="http://www.garmin.com/xmlschemas/ActivityExtension/v2"><Speed>0.000000</Speed></TPX></Extensions></Trackpoint>
     <Trackpoint><Time>2026-02-03T20:48:51.053Z</Time><HeartRateBpm><Value>146</Value></HeartRateBpm><Extensions><TPX xmlns="http://www.garmin.com/xmlschemas/ActivityExtension/v2"><Speed>0.000000</Speed></TPX></Extensions></Trackpoint>
     <Trackpoint><Time>2026-02-03T20:48:52.131Z</Time><HeartRateBpm><Value>146</Value></HeartRateBpm><Extensions><TPX xmlns="http://www.garmin.com/xmlschemas/ActivityExtension/v2"><Speed>0.000000</Speed></TPX></Extensions></Trackpoint>
     <Trackpoint><Time>2026-02-03T20:48:54.131Z</Time><HeartRateBpm><Value>146</Value></HeartRateBpm><Extensions><TPX xmlns="http://www.garmin.com/xmlschemas/ActivityExtension/v2"><Speed>0.000000</Speed></TPX></Extensions></Trackpoint>
     <Trackpoint><Time>2026-02-03T20:48:55.131Z</Time><HeartRateBpm><Value>146</Value></HeartRateBpm><Extensions><TPX xmlns="http://www.garmin.com/xmlschemas/ActivityExtension/v2"><Speed>0.000000</Speed></TPX></Extensions></Trackpoint>
     <Trackpoint><Time>2026-02-03T20:48:56.131Z</Time><HeartRateBpm><Value>146</Value></HeartRateBpm><Extensions><TPX xmlns="http://www.garmin.com/xmlschemas/ActivityExtension/v2"><Speed>0.000000</Speed></TPX></Extensions></Trackpoint>
     <Trackpoint><Time>2026-02-03T20:48:57.540Z</Time><HeartRateBpm><Value>146</Value></HeartRateBpm><Extensions><TPX xmlns="http://www.garmin.com/xmlschemas/ActivityExtension/v2"><Speed>0.000000</Speed></TPX></Extensions></Trackpoint>
     <Trackpoint><Time>2026-02-03T20:48:59.131Z</Time><HeartRateBpm><Value>146</Value></HeartRateBpm><Extensions><TPX xmlns="http://www.garmin.com/xmlschemas/ActivityExtension/v2"><Speed>0.000000</Speed></TPX></Extensions></Trackpoint>
     <Trackpoint><Time>2026-02-03T20:49:01.130Z</Time><HeartRateBpm><Value>146</Value></HeartRateBpm><Extensions><TPX xmlns="http://www.garmin.com/xmlschemas/ActivityExtension/v2"><Speed>0.000000</Speed></TPX></Extensions></Trackpoint>
     <Trackpoint><Time>2026-02-03T20:49:02.131Z</Time><HeartRateBpm><Value>146</Value></HeartRateBpm><Extensions><TPX xmlns="http://www.garmin.com/xmlschemas/ActivityExtension/v2"><Speed>0.000000</Speed></TPX></Extensions></Trackpoint>
     <Trackpoint><Time>2026-02-03T20:49:03.131Z</Time><HeartRateBpm><Value>146</Value></HeartRateBpm><Extensions><TPX xmlns="http://www.garmin.com/xmlschemas/ActivityExtension/v2"><Speed>0.000000</Speed></TPX></Extensions></Trackpoint>
     <Trackpoint><Time>2026-02-03T20:49:05.131Z</Time><HeartRateBpm><Value>146</Value></HeartRateBpm><Extensions><TPX xmlns="http://www.garmin.com/xmlschemas/ActivityExtension/v2"><Speed>0.000000</Speed></TPX></Extensions></Trackpoint>
     <Trackpoint><Time>2026-02-03T20:49:07.130Z</Time><HeartRateBpm><Value>146</Value></HeartRateBpm><Extensions><TPX xmlns="http://www.garmin.com/xmlschemas/ActivityExtension/v2"><Speed>0.000000</Speed></TPX></Extensions></Trackpoint>
     <Trackpoint><Time>2026-02-03T20:49:08.130Z</Time><HeartRateBpm><Value>146</Value></HeartRateBpm><Extensions><TPX xmlns="http://www.garmin.com/xmlschemas/ActivityExtension/v2"><Speed>0.000000</Speed></TPX></Extensions></Trackpoint>
     <Trackpoint><Time>2026-02-03T20:49:10.131Z</Time><HeartRateBpm><Value>146</Value></HeartRateBpm><Extensions><TPX xmlns="http://www.garmin.com/xmlschemas/ActivityExtension/v2"><Speed>0.000000</Speed></TPX></Extensions></Trackpoint>
     <Trackpoint><Time>2026-02-03T20:49:12.130Z</Time><HeartRateBpm><Value>142</Value></HeartRateBpm><Extensions><TPX xmlns="http://www.garmin.com/xmlschemas/ActivityExtension/v2"><Speed>0.000000</Speed></TPX></Extensions></Trackpoint>
     <Trackpoint><Time>2026-02-03T20:49:13.130Z</Time><HeartRateBpm><Value>142</Value></HeartRateBpm><Extensions><TPX xmlns="http://www.garmin.com/xmlschemas/ActivityExtension/v2"><Speed>0.000000</Speed></TPX></Extensions></Trackpoint>
     <Trackpoint><Time>2026-02-03T20:49:14.130Z</Time><HeartRateBpm><Value>142</Value></HeartRateBpm><Extensions><TPX xmlns="http://www.garmin.com/xmlschemas/ActivityExtension/v2"><Speed>0.000000</Speed></TPX></Extensions></Trackpoint>
     <Trackpoint><Time>2026-02-03T20:49:15.131Z</Time><HeartRateBpm><Value>142</Value></HeartRateBpm><Extensions><TPX xmlns="http://www.garmin.com/xmlschemas/ActivityExtension/v2"><Speed>0.000000</Speed></TPX></Extensions></Trackpoint>
     <Trackpoint><Time>2026-02-03T20:49:17.130Z</Time><HeartRateBpm><Value>141</Value></HeartRateBpm><Extensions><TPX xmlns="http://www.garmin.com/xmlschemas/ActivityExtension/v2"><Speed>0.000000</Speed></TPX></Extensions></Trackpoint>
     <Trackpoint><Time>2026-02-03T20:49:18.130Z</Time><HeartRateBpm><Value>141</Value></HeartRateBpm><Extensions><TPX xmlns="http://www.garmin.com/xmlschemas/ActivityExtension/v2"><Speed>0.000000</Speed></TPX></Extensions></Trackpoint>
     <Trackpoint><Time>2026-02-03T20:49:20.131Z</Time><HeartRateBpm><Value>141</Value></HeartRateBpm><Extensions><TPX xmlns="http://www.garmin.com/xmlschemas/ActivityExtension/v2"><Speed>0.000000</Speed></TPX></Extensions></Trackpoint>
     <Trackpoint><Time>2026-02-03T20:49:22.130Z</Time><HeartRateBpm><Value>140</Value></HeartRateBpm><Extensions><TPX xmlns="http://www.garmin.com/xmlschemas/ActivityExtension/v2"><Speed>0.000000</Speed></TPX></Extensions></Trackpoint>
     <Trackpoint><Time>2026-02-03T20:49:24.131Z</Time><HeartRateBpm><Value>140</Value></HeartRateBpm><Extensions><TPX xmlns="http://www.garmin.com/xmlschemas/ActivityExtension/v2"><Speed>0.000000</Speed></TPX></Extensions></Trackpoint>
     <Trackpoint><Time>2026-02-03T20:49:25.507Z</Time><HeartRateBpm><Value>138</Value></HeartRateBpm><Extensions><TPX xmlns="http://www.garmin.com/xmlschemas/ActivityExtension/v2"><Speed>0.000000</Speed></TPX></Extensions></Trackpoint>
     <Trackpoint><Time>2026-02-03T20:49:27.130Z</Time><HeartRateBpm><Value>138</Value></HeartRateBpm><Extensions><TPX xmlns="http://www.garmin.com/xmlschemas/ActivityExtension/v2"><Speed>0.000000</Speed></TPX></Extensions></Trackpoint>
     <Trackpoint><Time>2026-02-03T20:49:29.130Z</Time><HeartRateBpm><Value>138</Value></HeartRateBpm><Extensions><TPX xmlns="http://www.garmin.com/xmlschemas/ActivityExtension/v2"><Speed>0.000000</Speed></TPX></Extensions></Trackpoint>
     <Trackpoint><Time>2026-02-03T20:49:30.540Z</Time><HeartRateBpm><Value>138</Value></HeartRateBpm><Extensions><TPX xmlns="http://www.garmin.com/xmlschemas/ActivityExtension/v2"><Speed>0.000000</Speed></TPX></Extensions></Trackpoint>
     <Trackpoint><Time>2026-02-03T20:49:32.130Z</Time><HeartRateBpm><Value>138</Value></HeartRateBpm><Extensions><TPX xmlns="http://www.garmin.com/xmlschemas/ActivityExtension/v2"><Speed>0.000000</Speed></TPX></Extensions></Trackpoint>
     <Trackpoint><Time>2026-02-03T20:49:33.131Z</Time><HeartRateBpm><Value>138</Value></HeartRateBpm><Extensions><TPX xmlns="http://www.garmin.com/xmlschemas/ActivityExtension/v2"><Speed>0.000000</Speed></TPX></Extensions></Trackpoint>
     <Trackpoint><Time>2026-02-03T20:49:35.130Z</Time><HeartRateBpm><Value>138</Value></HeartRateBpm><Extensions><TPX xmlns="http://www.garmin.com/xmlschemas/ActivityExtension/v2"><Speed>0.000000</Speed></TPX></Extensions></Trackpoint>
     <Trackpoint><Time>2026-02-03T20:49:36.131Z</Time><HeartRateBpm><Value>139</Value></HeartRateBpm><Extensions><TPX xmlns="http://www.garmin.com/xmlschemas/ActivityExtension/v2"><Speed>0.000000</Speed></TPX></Extensions></Trackpoint>
     <Trackpoint><Time>2026-02-03T20:49:38.131Z</Time><HeartRateBpm><Value>139</Value></HeartRateBpm><Extensions><TPX xmlns="http://www.garmin.com/xmlschemas/ActivityExtension/v2"><Speed>0.000000</Speed></TPX></Extensions></Trackpoint>
     <Trackpoint><Time>2026-02-03T20:49:40.130Z</Time><HeartRateBpm><Value>139</Value></HeartRateBpm><Extensions><TPX xmlns="http://www.garmin.com/xmlschemas/ActivityExtension/v2"><Speed>0.000000</Speed></TPX></Extensions></Trackpoint>
     <Trackpoint><Time>2026-02-03T20:49:41.130Z</Time><HeartRateBpm><Value>139</Value></HeartRateBpm><Extensions><TPX xmlns="http://www.garmin.com/xmlschemas/ActivityExtension/v2"><Speed>0.000000</Speed></TPX></Extensions></Trackpoint>
     <Trackpoint><Time>2026-02-03T20:49:42.131Z</Time><HeartRateBpm><Value>139</Value></HeartRateBpm><Extensions><TPX xmlns="http://www.garmin.com/xmlschemas/ActivityExtension/v2"><Speed>0.000000</Speed></TPX></Extensions></Trackpoint>
     <Trackpoint><Time>2026-02-03T20:49:43.425Z</Time><HeartRateBpm><Value>139</Value></HeartRateBpm><Extensions><TPX xmlns="http://www.garmin.com/xmlschemas/ActivityExtension/v2"><Speed>0.000000</Speed></TPX></Extensions></Trackpoint>
     <Trackpoint><Time>2026-02-03T20:49:45.130Z</Time><HeartRateBpm><Value>139</Value></HeartRateBpm><Extensions><TPX xmlns="http://www.garmin.com/xmlschemas/ActivityExtension/v2"><Speed>0.000000</Speed></TPX></Extensions></Trackpoint>
     <Trackpoint><Time>2026-02-03T20:49:46.131Z</Time><HeartRateBpm><Value>138</Value></HeartRateBpm><Extensions><TPX xmlns="http://www.garmin.com/xmlschemas/ActivityExtension/v2"><Speed>0.000000</Speed></TPX></Extensions></Trackpoint>
     <Trackpoint><Time>2026-02-03T20:49:48.130Z</Time><HeartRateBpm><Value>138</Value></HeartRateBpm><Extensions><TPX xmlns="http://www.garmin.com/xmlschemas/ActivityExtension/v2"><Speed>0.000000</Speed></TPX></Extensions></Trackpoint>
     <Trackpoint><Time>2026-02-03T20:49:50.130Z</Time><HeartRateBpm><Value>138</Value></HeartRateBpm><Extensions><TPX xmlns="http://www.garmin.com/xmlschemas/ActivityExtension/v2"><Speed>0.000000</Speed></TPX></Extensions></Trackpoint>
     <Trackpoint><Time>2026-02-03T20:49:52.131Z</Time><HeartRateBpm><Value>139</Value></HeartRateBpm><Extensions><TPX xmlns="http://www.garmin.com/xmlschemas/ActivityExtension/v2"><Speed>0.000000</Speed></TPX></Extensions></Trackpoint>
     <Trackpoint><Time>2026-02-03T20:49:53.623Z</Time><HeartRateBpm><Value>139</Value></HeartRateBpm><Extensions><TPX xmlns="http://www.garmin.com/xmlschemas/ActivityExtension/v2"><Speed>0.000000</Speed></TPX></Extensions></Trackpoint>
     <Trackpoint><Time>2026-02-03T20:49:55.130Z</Time><HeartRateBpm><Value>139</Value></HeartRateBpm><Extensions><TPX xmlns="http://www.garmin.com/xmlschemas/ActivityExtension/v2"><Speed>0.000000</Speed></TPX></Extensions></Trackpoint>
     <Trackpoint><Time>2026-02-03T20:49:56.130Z</Time><HeartRateBpm><Value>139</Value></HeartRateBpm><Extensions><TPX xmlns="http://www.garmin.com/xmlschemas/ActivityExtension/v2"><Speed>0.000000</Speed></TPX></Extensions></Trackpoint>
     <Trackpoint><Time>2026-02-03T20:49:57.131Z</Time><HeartRateBpm><Value>139</Value></HeartRateBpm><Extensions><TPX xmlns="http://www.garmin.com/xmlschemas/ActivityExtension/v2"><Speed>0.000000</Speed></TPX></Extensions></Trackpoint>
     <Trackpoint><Time>2026-02-03T20:49:58.721Z</Time><HeartRateBpm><Value>139</Value></HeartRateBpm><Extensions><TPX xmlns="http://www.garmin.com/xmlschemas/ActivityExtension/v2"><Speed>0.000000</Speed></TPX></Extensions></Trackpoint>
     <Trackpoint><Time>2026-02-03T20:50:00.130Z</Time><HeartRateBpm><Value>139</Value></HeartRateBpm><Extensions><TPX xmlns="http://www.garmin.com/xmlschemas/ActivityExtension/v2"><Speed>0.000000</Speed></TPX></Extensions></Trackpoint>
     <Trackpoint><Time>2026-02-03T20:50:01.265Z</Time><HeartRateBpm><Value>141</Value></HeartRateBpm><Extensions><TPX xmlns="http://www.garmin.com/xmlschemas/ActivityExtension/v2"><Speed>0.000000</Speed></TPX></Extensions></Trackpoint>
     <Trackpoint><Time>2026-02-03T20:50:03.130Z</Time><HeartRateBpm><Value>141</Value></HeartRateBpm><Extensions><TPX xmlns="http://www.garmin.com/xmlschemas/ActivityExtension/v2"><Speed>0.000000</Speed></TPX></Extensions></Trackpoint>
     <Trackpoint><Time>2026-02-03T20:50:04.130Z</Time><HeartRateBpm><Value>141</Value></HeartRateBpm><Extensions><TPX xmlns="http://www.garmin.com/xmlschemas/ActivityExtension/v2"><Speed>0.000000</Speed></TPX></Extensions></Trackpoint>
     <Trackpoint><Time>2026-02-03T20:50:05.512Z</Time><HeartRateBpm><Value>144</Value></HeartRateBpm><Extensions><TPX xmlns="http://www.garmin.com/xmlschemas/ActivityExtension/v2"><Speed>0.000000</Speed></TPX></Extensions></Trackpoint>
     <Trackpoint><Time>2026-02-03T20:50:07.130Z</Time><HeartRateBpm><Value>144</Value></HeartRateBpm><Extensions><TPX xmlns="http://www.garmin.com/xmlschemas/ActivityExtension/v2"><Speed>0.000000</Speed></TPX></Extensions></Trackpoint>
     <Trackpoint><Time>2026-02-03T20:50:08.916Z</Time><HeartRateBpm><Value>144</Value></HeartRateBpm><Extensions><TPX xmlns="http://www.garmin.com/xmlschemas/ActivityExtension/v2"><Speed>0.000000</Speed></TPX></Extensions></Trackpoint>
     <Trackpoint><Time>2026-02-03T20:50:10.130Z</Time><HeartRateBpm><Value>144</Value></HeartRateBpm><Extensions><TPX xmlns="http://www.garmin.com/xmlschemas/ActivityExtension/v2"><Speed>0.000000</Speed></TPX></Extensions></Trackpoint>
     <Trackpoint><Time>2026-02-03T20:50:11.474Z</Time><HeartRateBpm><Value>144</Value></HeartRateBpm><Extensions><TPX xmlns="http://www.garmin.com/xmlschemas/ActivityExtension/v2"><Speed>0.000000</Speed></TPX></Extensions></Trackpoint>
     <Trackpoint><Time>2026-02-03T20:50:13.130Z</Time><HeartRateBpm><Value>144</Value></HeartRateBpm><Extensions><TPX xmlns="http://www.garmin.com/xmlschemas/ActivityExtension/v2"><Speed>0.000000</Speed></TPX></Extensions></Trackpoint>
     <Trackpoint><Time>2026-02-03T20:50:15.130Z</Time><HeartRateBpm><Value>144</Value></HeartRateBpm><Extensions><TPX xmlns="http://www.garmin.com/xmlschemas/ActivityExtension/v2"><Speed>0.000000</Speed></TPX></Extensions></Trackpoint>
     <Trackpoint><Time>2026-02-03T20:50:16.131Z</Time><HeartRateBpm><Value>143</Value></HeartRateBpm><Extensions><TPX xmlns="http://www.garmin.com/xmlschemas/ActivityExtension/v2"><Speed>0.000000</Speed></TPX></Extensions></Trackpoint>
     <Trackpoint><Time>2026-02-03T20:50:18.130Z</Time><HeartRateBpm><Value>143</Value></HeartRateBpm><Extensions><TPX xmlns="http://www.garmin.com/xmlschemas/ActivityExtension/v2"><Speed>0.000000</Speed></TPX></Extensions></Trackpoint>
     <Trackpoint><Time>2026-02-03T20:50:19.130Z</Time><HeartRateBpm><Value>143</Value></HeartRateBpm><Extensions><TPX xmlns="http://www.garmin.com/xmlschemas/ActivityExtension/v2"><Speed>0.000000</Speed></TPX></Extensions></Trackpoint>
     <Trackpoint><Time>2026-02-03T20:50:20.131Z</Time><HeartRateBpm><Value>143</Value></HeartRateBpm><Extensions><TPX xmlns="http://www.garmin.com/xmlschemas/ActivityExtension/v2"><Speed>0.000000</Speed></TPX></Extensions></Trackpoint>
     <Trackpoint><Time>2026-02-03T20:50:21.660Z</Time><HeartRateBpm><Value>140</Value></HeartRateBpm><Extensions><TPX xmlns="http://www.garmin.com/xmlschemas/ActivityExtension/v2"><Speed>0.000000</Speed></TPX></Extensions></Trackpoint>
     <Trackpoint><Time>2026-02-03T20:50:23.130Z</Time><HeartRateBpm><Value>140</Value></HeartRateBpm><Extensions><TPX xmlns="http://www.garmin.com/xmlschemas/ActivityExtension/v2"><Speed>0.000000</Speed></TPX></Extensions></Trackpoint>
     <Trackpoint><Time>2026-02-03T20:50:24.131Z</Time><HeartRateBpm><Value>140</Value></HeartRateBpm><Extensions><TPX xmlns="http://www.garmin.com/xmlschemas/ActivityExtension/v2"><Speed>0.000000</Speed></TPX></Extensions></Trackpoint>
     <Trackpoint><Time>2026-02-03T20:50:25.985Z</Time><HeartRateBpm><Value>139</Value></HeartRateBpm><Extensions><TPX xmlns="http://www.garmin.com/xmlschemas/ActivityExtension/v2"><Speed>0.000000</Speed></TPX></Extensions></Trackpoint>
     <Trackpoint><Time>2026-02-03T20:50:27.131Z</Time><HeartRateBpm><Value>139</Value></HeartRateBpm><Extensions><TPX xmlns="http://www.garmin.com/xmlschemas/ActivityExtension/v2"><Speed>0.000000</Speed></TPX></Extensions></Trackpoint>
     <Trackpoint><Time>2026-02-03T20:50:29.130Z</Time><HeartRateBpm><Value>139</Value></HeartRateBpm><Extensions><TPX xmlns="http://www.garmin.com/xmlschemas/ActivityExtension/v2"><Speed>0.000000</Speed></TPX></Extensions></Trackpoint>
     <Trackpoint><Time>2026-02-03T20:50:30.975Z</Time><HeartRateBpm><Value>141</Value></HeartRateBpm><Extensions><TPX xmlns="http://www.garmin.com/xmlschemas/ActivityExtension/v2"><Speed>0.000000</Speed></TPX></Extensions></Trackpoint>
     <Trackpoint><Time>2026-02-03T20:50:32.130Z</Time><HeartRateBpm><Value>141</Value></HeartRateBpm><Extensions><TPX xmlns="http://www.garmin.com/xmlschemas/ActivityExtension/v2"><Speed>0.000000</Speed></TPX></Extensions></Trackpoint>
     <Trackpoint><Time>2026-02-03T20:50:34.131Z</Time><HeartRateBpm><Value>141</Value></HeartRateBpm><Extensions><TPX xmlns="http://www.garmin.com/xmlschemas/ActivityExtension/v2"><Speed>0.000000</Speed></TPX></Extensions></Trackpoint>
     <Trackpoint><Time>2026-02-03T20:50:35.520Z</Time><HeartRateBpm><Value>140</Value></HeartRateBpm><Extensions><TPX xmlns="http://www.garmin.com/xmlschemas/ActivityExtension/v2"><Speed>0.000000</Speed></TPX></Extensions></Trackpoint>
     <Trackpoint><Time>2026-02-03T20:50:36.959Z</Time><HeartRateBpm><Value>140</Value></HeartRateBpm><Extensions><TPX xmlns="http://www.garmin.com/xmlschemas/ActivityExtension/v2"><Speed>0.000000</Speed></TPX></Extensions></Trackpoint>
     <Trackpoint><Time>2026-02-03T20:50:38.130Z</Time><HeartRateBpm><Value>140</Value></HeartRateBpm><Extensions><TPX xmlns="http://www.garmin.com/xmlschemas/ActivityExtension/v2"><Speed>0.000000</Speed></TPX></Extensions></Trackpoint>
     <Trackpoint><Time>2026-02-03T20:50:39.504Z</Time><HeartRateBpm><Value>140</Value></HeartRateBpm><Extensions><TPX xmlns="http://www.garmin.com/xmlschemas/ActivityExtension/v2"><Speed>0.000000</Speed></TPX></Extensions></Trackpoint>
     <Trackpoint><Time>2026-02-03T20:50:40.521Z</Time><HeartRateBpm><Value>140</Value></HeartRateBpm><Extensions><TPX xmlns="http://www.garmin.com/xmlschemas/ActivityExtension/v2"><Speed>0.000000</Speed></TPX></Extensions></Trackpoint>
     <Trackpoint><Time>2026-02-03T20:50:42.053Z</Time><HeartRateBpm><Value>140</Value></HeartRateBpm><Extensions><TPX xmlns="http://www.garmin.com/xmlschemas/ActivityExtension/v2"><Speed>0.000000</Speed></TPX></Extensions></Trackpoint>
     <Trackpoint><Time>2026-02-03T20:50:43.130Z</Time><HeartRateBpm><Value>140</Value></HeartRateBpm><Extensions><TPX xmlns="http://www.garmin.com/xmlschemas/ActivityExtension/v2"><Speed>0.000000</Speed></TPX></Extensions></Trackpoint>
     <Trackpoint><Time>2026-02-03T20:50:44.130Z</Time><HeartRateBpm><Value>140</Value></HeartRateBpm><Extensions><TPX xmlns="http://www.garmin.com/xmlschemas/ActivityExtension/v2"><Speed>0.000000</Speed></TPX></Extensions></Trackpoint>
     <Trackpoint><Time>2026-02-03T20:50:45.977Z</Time><HeartRateBpm><Value>142</Value></HeartRateBpm><Extensions><TPX xmlns="http://www.garmin.com/xmlschemas/ActivityExtension/v2"><Speed>0.000000</Speed></TPX></Extensions></Trackpoint>
     <Trackpoint><Time>2026-02-03T20:50:47.130Z</Time><HeartRateBpm><Value>142</Value></HeartRateBpm><Extensions><TPX xmlns="http://www.garmin.com/xmlschemas/ActivityExtension/v2"><Speed>0.000000</Speed></TPX></Extensions></Trackpoint>
     <Trackpoint><Time>2026-02-03T20:50:49.130Z</Time><HeartRateBpm><Value>142</Value></HeartRateBpm><Extensions><TPX xmlns="http://www.garmin.com/xmlschemas/ActivityExtension/v2"><Speed>0.000000</Speed></TPX></Extensions></Trackpoint>
     <Trackpoint><Time>2026-02-03T20:50:50.130Z</Time><HeartRateBpm><Value>142</Value></HeartRateBpm><Extensions><TPX xmlns="http://www.garmin.com/xmlschemas/ActivityExtension/v2"><Speed>0.000000</Speed></TPX></Extensions></Trackpoint>
     <Trackpoint><Time>2026-02-03T20:50:51.130Z</Time><HeartRateBpm><Value>142</Value></HeartRateBpm><Extensions><TPX xmlns="http://www.garmin.com/xmlschemas/ActivityExtension/v2"><Speed>0.000000</Speed></TPX></Extensions></Trackpoint>
     <Trackpoint><Time>2026-02-03T20:50:52.131Z</Time><HeartRateBpm><Value>142</Value></HeartRateBpm><Extensions><TPX xmlns="http://www.garmin.com/xmlschemas/ActivityExtension/v2"><Speed>0.000000</Speed></TPX></Extensions></Trackpoint>
     <Trackpoint><Time>2026-02-03T20:50:54.130Z</Time><HeartRateBpm><Value>142</Value></HeartRateBpm><Extensions><TPX xmlns="http://www.garmin.com/xmlschemas/ActivityExtension/v2"><Speed>0.000000</Speed></TPX></Extensions></Trackpoint>
     <Trackpoint><Time>2026-02-03T20:50:55.130Z</Time><HeartRateBpm><Value>143</Value></HeartRateBpm><Extensions><TPX xmlns="http://www.garmin.com/xmlschemas/ActivityExtension/v2"><Speed>0.000000</Speed></TPX></Extensions></Trackpoint>
     <Trackpoint><Time>2026-02-03T20:50:56.131Z</Time><HeartRateBpm><Value>143</Value></HeartRateBpm><Extensions><TPX xmlns="http://www.garmin.com/xmlschemas/ActivityExtension/v2"><Speed>0.000000</Speed></TPX></Extensions></Trackpoint>
     <Trackpoint><Time>2026-02-03T20:50:57.346Z</Time><HeartRateBpm><Value>143</Value></HeartRateBpm><Extensions><TPX xmlns="http://www.garmin.com/xmlschemas/ActivityExtension/v2"><Speed>0.000000</Speed></TPX></Extensions></Trackpoint>
     <Trackpoint><Time>2026-02-03T20:50:59.130Z</Time><HeartRateBpm><Value>143</Value></HeartRateBpm><Extensions><TPX xmlns="http://www.garmin.com/xmlschemas/ActivityExtension/v2"><Speed>0.000000</Speed></TPX></Extensions></Trackpoint>
     <Trackpoint><Time>2026-02-03T20:51:00.130Z</Time><HeartRateBpm><Value>142</Value></HeartRateBpm><Extensions><TPX xmlns="http://www.garmin.com/xmlschemas/ActivityExtension/v2"><Speed>0.000000</Speed></TPX></Extensions></Trackpoint>
     <Trackpoint><Time>2026-02-03T20:51:01.130Z</Time><HeartRateBpm><Value>142</Value></HeartRateBpm><Extensions><TPX xmlns="http://www.garmin.com/xmlschemas/ActivityExtension/v2"><Speed>0.000000</Speed></TPX></Extensions></Trackpoint>
     <Trackpoint><Time>2026-02-03T20:51:02.443Z</Time><HeartRateBpm><Value>142</Value></HeartRateBpm><Extensions><TPX xmlns="http://www.garmin.com/xmlschemas/ActivityExtension/v2"><Speed>0.000000</Speed></TPX></Extensions></Trackpoint>
     <Trackpoint><Time>2026-02-03T20:51:04.130Z</Time><HeartRateBpm><Value>142</Value></HeartRateBpm><Extensions><TPX xmlns="http://www.garmin.com/xmlschemas/ActivityExtension/v2"><Speed>0.000000</Speed></TPX></Extensions></Trackpoint>
     <Trackpoint><Time>2026-02-03T20:51:05.130Z</Time><HeartRateBpm><Value>141</Value></HeartRateBpm><Extensions><TPX xmlns="http://www.garmin.com/xmlschemas/ActivityExtension/v2"><Speed>0.000000</Speed></TPX></Extensions></Trackpoint>
     <Trackpoint><Time>2026-02-03T20:51:07.130Z</Time><HeartRateBpm><Value>141</Value></HeartRateBpm><Extensions><TPX xmlns="http://www.garmin.com/xmlschemas/ActivityExtension/v2"><Speed>0.000000</Speed></TPX></Extensions></Trackpoint>
     <Trackpoint><Time>2026-02-03T20:51:08.130Z</Time><HeartRateBpm><Value>141</Value></HeartRateBpm><Extensions><TPX xmlns="http://www.garmin.com/xmlschemas/ActivityExtension/v2"><Speed>0.000000</Speed></TPX></Extensions></Trackpoint>
     <Trackpoint><Time>2026-02-03T20:51:10.103Z</Time><HeartRateBpm><Value>141</Value></HeartRateBpm><Extensions><TPX xmlns="http://www.garmin.com/xmlschemas/ActivityExtension/v2"><Speed>0.000000</Speed></TPX></Extensions></Trackpoint>
     <Trackpoint><Time>2026-02-03T20:51:11.130Z</Time><HeartRateBpm><Value>139</Value></HeartRateBpm><Extensions><TPX xmlns="http://www.garmin.com/xmlschemas/ActivityExtension/v2"><Speed>0.000000</Speed></TPX></Extensions></Trackpoint>
     <Trackpoint><Time>2026-02-03T20:51:12.680Z</Time><HeartRateBpm><Value>139</Value></HeartRateBpm><Extensions><TPX xmlns="http://www.garmin.com/xmlschemas/ActivityExtension/v2"><Speed>0.000000</Speed></TPX></Extensions></Trackpoint>
     <Trackpoint><Time>2026-02-03T20:51:14.130Z</Time><HeartRateBpm><Value>139</Value></HeartRateBpm><Extensions><TPX xmlns="http://www.garmin.com/xmlschemas/ActivityExtension/v2"><Speed>0.000000</Speed></TPX></Extensions></Trackpoint>
     <Trackpoint><Time>2026-02-03T20:51:15.195Z</Time><HeartRateBpm><Value>139</Value></HeartRateBpm><Extensions><TPX xmlns="http://www.garmin.com/xmlschemas/ActivityExtension/v2"><Speed>0.000000</Speed></TPX></Extensions></Trackpoint>
     <Trackpoint><Time>2026-02-03T20:51:17.130Z</Time><HeartRateBpm><Value>139</Value></HeartRateBpm><Extensions><TPX xmlns="http://www.garmin.com/xmlschemas/ActivityExtension/v2"><Speed>0.000000</Speed></TPX></Extensions></Trackpoint>
     <Trackpoint><Time>2026-02-03T20:51:19.130Z</Time><HeartRateBpm><Value>139</Value></HeartRateBpm><Extensions><TPX xmlns="http://www.garmin.com/xmlschemas/ActivityExtension/v2"><Speed>0.000000</Speed></TPX></Extensions></Trackpoint>
     <Trackpoint><Time>2026-02-03T20:51:20.294Z</Time><HeartRateBpm><Value>139</Value></HeartRateBpm><Extensions><TPX xmlns="http://www.garmin.com/xmlschemas/ActivityExtension/v2"><Speed>0.000000</Speed></TPX></Extensions></Trackpoint>
     <Trackpoint><Time>2026-02-03T20:51:22.130Z</Time><HeartRateBpm><Value>140</Value></HeartRateBpm><Extensions><TPX xmlns="http://www.garmin.com/xmlschemas/ActivityExtension/v2"><Speed>0.000000</Speed></TPX></Extensions></Trackpoint>
     <Trackpoint><Time>2026-02-03T20:51:23.130Z</Time><HeartRateBpm><Value>140</Value></HeartRateBpm><Extensions><TPX xmlns="http://www.garmin.com/xmlschemas/ActivityExtension/v2"><Speed>0.000000</Speed></TPX></Extensions></Trackpoint>
     <Trackpoint><Time>2026-02-03T20:51:25.130Z</Time><HeartRateBpm><Value>140</Value></HeartRateBpm><Extensions><TPX xmlns="http://www.garmin.com/xmlschemas/ActivityExtension/v2"><Speed>0.000000</Speed></TPX></Extensions></Trackpoint>
     <Trackpoint><Time>2026-02-03T20:51:27.130Z</Time><HeartRateBpm><Value>139</Value></HeartRateBpm><Extensions><TPX xmlns="http://www.garmin.com/xmlschemas/ActivityExtension/v2"><Speed>0.000000</Speed></TPX></Extensions></Trackpoint>
     <Trackpoint><Time>2026-02-03T20:51:29.130Z</Time><HeartRateBpm><Value>139</Value></HeartRateBpm><Extensions><TPX xmlns="http://www.garmin.com/xmlschemas/ActivityExtension/v2"><Speed>0.000000</Speed></TPX></Extensions></Trackpoint>
     <Trackpoint><Time>2026-02-03T20:51:30.130Z</Time><HeartRateBpm><Value>139</Value></HeartRateBpm><Extensions><TPX xmlns="http://www.garmin.com/xmlschemas/ActivityExtension/v2"><Speed>0.000000</Speed></TPX></Extensions></Trackpoint>
     <Trackpoint><Time>2026-02-03T20:51:32.130Z</Time><HeartRateBpm><Value>140</Value></HeartRateBpm><Extensions><TPX xmlns="http://www.garmin.com/xmlschemas/ActivityExtension/v2"><Speed>0.000000</Speed></TPX></Extensions></Trackpoint>
     <Trackpoint><Time>2026-02-03T20:51:34.130Z</Time><HeartRateBpm><Value>140</Value></HeartRateBpm><Extensions><TPX xmlns="http://www.garmin.com/xmlschemas/ActivityExtension/v2"><Speed>0.000000</Speed></TPX></Extensions></Trackpoint>
     <Trackpoint><Time>2026-02-03T20:51:35.585Z</Time><HeartRateBpm><Value>140</Value></HeartRateBpm><Extensions><TPX xmlns="http://www.garmin.com/xmlschemas/ActivityExtension/v2"><Speed>0.000000</Speed></TPX></Extensions></Trackpoint>
     <Trackpoint><Time>2026-02-03T20:51:37.133Z</Time><HeartRateBpm><Value>141</Value></HeartRateBpm><Extensions><TPX xmlns="http://www.garmin.com/xmlschemas/ActivityExtension/v2"><Speed>0.000000</Speed></TPX></Extensions></Trackpoint>
     <Trackpoint><Time>2026-02-03T20:51:39.130Z</Time><HeartRateBpm><Value>141</Value></HeartRateBpm><Extensions><TPX xmlns="http://www.garmin.com/xmlschemas/ActivityExtension/v2"><Speed>0.000000</Speed></TPX></Extensions></Trackpoint>
     <Trackpoint><Time>2026-02-03T20:51:40.131Z</Time><HeartRateBpm><Value>141</Value></HeartRateBpm><Extensions><TPX xmlns="http://www.garmin.com/xmlschemas/ActivityExtension/v2"><Speed>0.000000</Speed></TPX></Extensions></Trackpoint>
     <Trackpoint><Time>2026-02-03T20:51:42.130Z</Time><HeartRateBpm><Value>141</Value></HeartRateBpm><Extensions><TPX xmlns="http://www.garmin.com/xmlschemas/ActivityExtension/v2"><Speed>0.000000</Speed></TPX></Extensions></Trackpoint>
     <Trackpoint><Time>2026-02-03T20:51:43.233Z</Time><HeartRateBpm><Value>141</Value></HeartRateBpm><Extensions><TPX xmlns="http://www.garmin.com/xmlschemas/ActivityExtension/v2"><Speed>0.000000</Speed></TPX></Extensions></Trackpoint>
     <Trackpoint><Time>2026-02-03T20:51:45.130Z</Time><HeartRateBpm><Value>141</Value></HeartRateBpm><Extensions><TPX xmlns="http://www.garmin.com/xmlschemas/ActivityExtension/v2"><Speed>0.000000</Speed></TPX></Extensions></Trackpoint>
     <Trackpoint><Time>2026-02-03T20:51:47.130Z</Time><HeartRateBpm><Value>142</Value></HeartRateBpm><Extensions><TPX xmlns="http://www.garmin.com/xmlschemas/ActivityExtension/v2"><Speed>0.000000</Speed></TPX></Extensions></Trackpoint>
     <Trackpoint><Time>2026-02-03T20:51:48.330Z</Time><HeartRateBpm><Value>142</Value></HeartRateBpm><Extensions><TPX xmlns="http://www.garmin.com/xmlschemas/ActivityExtension/v2"><Speed>0.000000</Speed></TPX></Extensions></Trackpoint>
     <Trackpoint><Time>2026-02-03T20:51:50.130Z</Time><HeartRateBpm><Value>142</Value></HeartRateBpm><Extensions><TPX xmlns="http://www.garmin.com/xmlschemas/ActivityExtension/v2"><Speed>0.000000</Speed></TPX></Extensions></Trackpoint>
     <Trackpoint><Time>2026-02-03T20:51:52.130Z</Time><HeartRateBpm><Value>144</Value></HeartRateBpm><Extensions><TPX xmlns="http://www.garmin.com/xmlschemas/ActivityExtension/v2"><Speed>0.000000</Speed></TPX></Extensions></Trackpoint>
     <Trackpoint><Time>2026-02-03T20:51:53.432Z</Time><HeartRateBpm><Value>144</Value></HeartRateBpm><Extensions><TPX xmlns="http://www.garmin.com/xmlschemas/ActivityExtension/v2"><Speed>0.000000</Speed></TPX></Extensions></Trackpoint>
     <Trackpoint><Time>2026-02-03T20:51:55.130Z</Time><HeartRateBpm><Value>144</Value></HeartRateBpm><Extensions><TPX xmlns="http://www.garmin.com/xmlschemas/ActivityExtension/v2"><Speed>0.000000</Speed></TPX></Extensions></Trackpoint>
     <Trackpoint><Time>2026-02-03T20:51:57.130Z</Time><HeartRateBpm><Value>144</Value></HeartRateBpm><Extensions><TPX xmlns="http://www.garmin.com/xmlschemas/ActivityExtension/v2"><Speed>0.000000</Speed></TPX></Extensions></Trackpoint>
     <Trackpoint><Time>2026-02-03T20:51:58.130Z</Time><HeartRateBpm><Value>144</Value></HeartRateBpm><Extensions><TPX xmlns="http://www.garmin.com/xmlschemas/ActivityExtension/v2"><Speed>0.000000</Speed></TPX></Extensions></Trackpoint>
     <Trackpoint><Time>2026-02-03T20:52:00.130Z</Time><HeartRateBpm><Value>144</Value></HeartRateBpm><Extensions><TPX xmlns="http://www.garmin.com/xmlschemas/ActivityExtension/v2"><Speed>0.000000</Speed></TPX></Extensions></Trackpoint>
     <Trackpoint><Time>2026-02-03T20:52:01.130Z</Time><HeartRateBpm><Value>145</Value></HeartRateBpm><Extensions><TPX xmlns="http://www.garmin.com/xmlschemas/ActivityExtension/v2"><Speed>0.000000</Speed></TPX></Extensions></Trackpoint>
     <Trackpoint><Time>2026-02-03T20:52:03.130Z</Time><HeartRateBpm><Value>145</Value></HeartRateBpm><Extensions><TPX xmlns="http://www.garmin.com/xmlschemas/ActivityExtension/v2"><Speed>0.000000</Speed></TPX></Extensions></Trackpoint>
     <Trackpoint><Time>2026-02-03T20:52:05.130Z</Time><HeartRateBpm><Value>145</Value></HeartRateBpm><Extensions><TPX xmlns="http://www.garmin.com/xmlschemas/ActivityExtension/v2"><Speed>0.000000</Speed></TPX></Extensions></Trackpoint>
     <Trackpoint><Time>2026-02-03T20:52:06.130Z</Time><HeartRateBpm><Value>146</Value></HeartRateBpm><Extensions><TPX xmlns="http://www.garmin.com/xmlschemas/ActivityExtension/v2"><Speed>0.000000</Speed></TPX></Extensions></Trackpoint>
     <Trackpoint><Time>2026-02-03T20:52:08.130Z</Time><HeartRateBpm><Value>146</Value></HeartRateBpm><Extensions><TPX xmlns="http://www.garmin.com/xmlschemas/ActivityExtension/v2"><Speed>0.000000</Speed></TPX></Extensions></Trackpoint>
     <Trackpoint><Time>2026-02-03T20:52:10.130Z</Time><HeartRateBpm><Value>146</Value></HeartRateBpm><Extensions><TPX xmlns="http://www.garmin.com/xmlschemas/ActivityExtension/v2"><Speed>0.000000</Speed></TPX></Extensions></Trackpoint>
     <Trackpoint><Time>2026-02-03T20:52:11.299Z</Time><HeartRateBpm><Value>143</Value></HeartRateBpm><Extensions><TPX xmlns="http://www.garmin.com/xmlschemas/ActivityExtension/v2"><Speed>0.000000</Speed></TPX></Extensions></Trackpoint>
     <Trackpoint><Time>2026-02-03T20:52:13.130Z</Time><HeartRateBpm><Value>143</Value></HeartRateBpm><Extensions><TPX xmlns="http://www.garmin.com/xmlschemas/ActivityExtension/v2"><Speed>0.000000</Speed></TPX></Extensions></Trackpoint>
     <Trackpoint><Time>2026-02-03T20:52:14.130Z</Time><HeartRateBpm><Value>143</Value></HeartRateBpm><Extensions><TPX xmlns="http://www.garmin.com/xmlschemas/ActivityExtension/v2"><Speed>0.000000</Speed></TPX></Extensions></Trackpoint>
     <Trackpoint><Time>2026-02-03T20:52:15.981Z</Time><HeartRateBpm><Value>143</Value></HeartRateBpm><Extensions><TPX xmlns="http://www.garmin.com/xmlschemas/ActivityExtension/v2"><Speed>0.000000</Speed></TPX></Extensions></Trackpoint>
     <Trackpoint><Time>2026-02-03T20:52:17.130Z</Time><HeartRateBpm><Value>143</Value></HeartRateBpm><Extensions><TPX xmlns="http://www.garmin.com/xmlschemas/ActivityExtension/v2"><Speed>0.000000</Speed></TPX></Extensions></Trackpoint>
     <Trackpoint><Time>2026-02-03T20:52:18.920Z</Time><HeartRateBpm><Value>143</Value></HeartRateBpm><Extensions><TPX xmlns="http://www.garmin.com/xmlschemas/ActivityExtension/v2"><Speed>0.000000</Speed></TPX></Extensions></Trackpoint>
     <Trackpoint><Time>2026-02-03T20:52:20.130Z</Time><HeartRateBpm><Value>143</Value></HeartRateBpm><Extensions><TPX xmlns="http://www.garmin.com/xmlschemas/ActivityExtension/v2"><Speed>0.000000</Speed></TPX></Extensions></Trackpoint>
     <Trackpoint><Time>2026-02-03T20:52:21.473Z</Time><HeartRateBpm><Value>143</Value></HeartRateBpm><Extensions><TPX xmlns="http://www.garmin.com/xmlschemas/ActivityExtension/v2"><Speed>0.000000</Speed></TPX></Extensions></Trackpoint>
     <Trackpoint><Time>2026-02-03T20:52:23.130Z</Time><HeartRateBpm><Value>143</Value></HeartRateBpm><Extensions><TPX xmlns="http://www.garmin.com/xmlschemas/ActivityExtension/v2"><Speed>0.000000</Speed></TPX></Extensions></Trackpoint>
     <Trackpoint><Time>2026-02-03T20:52:25.130Z</Time><HeartRateBpm><Value>143</Value></HeartRateBpm><Extensions><TPX xmlns="http://www.garmin.com/xmlschemas/ActivityExtension/v2"><Speed>0.000000</Speed></TPX></Extensions></Trackpoint>
     <Trackpoint><Time>2026-02-03T20:52:26.130Z</Time><HeartRateBpm><Value>142</Value></HeartRateBpm><Extensions><TPX xmlns="http://www.garmin.com/xmlschemas/ActivityExtension/v2"><Speed>0.000000</Speed></TPX></Extensions></Trackpoint>
     <Trackpoint><Time>2026-02-03T20:52:28.130Z</Time><HeartRateBpm><Value>142</Value></HeartRateBpm><Extensions><TPX xmlns="http://www.garmin.com/xmlschemas/ActivityExtension/v2"><Speed>0.000000</Speed></TPX></Extensions></Trackpoint>
     <Trackpoint><Time>2026-02-03T20:52:29.130Z</Time><HeartRateBpm><Value>142</Value></HeartRateBpm><Extensions><TPX xmlns="http://www.garmin.com/xmlschemas/ActivityExtension/v2"><Speed>0.000000</Speed></TPX></Extensions></Trackpoint>
     <Trackpoint><Time>2026-02-03T20:52:30.541Z</Time><HeartRateBpm><Value>142</Value></HeartRateBpm><Extensions><TPX xmlns="http://www.garmin.com/xmlschemas/ActivityExtension/v2"><Speed>0.000000</Speed></TPX></Extensions></Trackpoint>
     <Trackpoint><Time>2026-02-03T20:52:31.662Z</Time><HeartRateBpm><Value>142</Value></HeartRateBpm><Extensions><TPX xmlns="http://www.garmin.com/xmlschemas/ActivityExtension/v2"><Speed>0.000000</Speed></TPX></Extensions></Trackpoint>
     <Trackpoint><Time>2026-02-03T20:52:33.130Z</Time><HeartRateBpm><Value>142</Value></HeartRateBpm><Extensions><TPX xmlns="http://www.garmin.com/xmlschemas/ActivityExtension/v2"><Speed>0.000000</Speed></TPX></Extensions></Trackpoint>
     <Trackpoint><Time>2026-02-03T20:52:34.212Z</Time><HeartRateBpm><Value>142</Value></HeartRateBpm><Extensions><TPX xmlns="http://www.garmin.com/xmlschemas/ActivityExtension/v2"><Speed>0.000000</Speed></TPX></Extensions></Trackpoint>
     <Trackpoint><Time>2026-02-03T20:52:35.976Z</Time><HeartRateBpm><Value>142</Value></HeartRateBpm><Extensions><TPX xmlns="http://www.garmin.com/xmlschemas/ActivityExtension/v2"><Speed>0.000000</Speed></TPX></Extensions></Trackpoint>
     <Trackpoint><Time>2026-02-03T20:52:37.130Z</Time><HeartRateBpm><Value>142</Value></HeartRateBpm><Extensions><TPX xmlns="http://www.garmin.com/xmlschemas/ActivityExtension/v2"><Speed>0.000000</Speed></TPX></Extensions></Trackpoint>
     <Trackpoint><Time>2026-02-03T20:52:39.130Z</Time><HeartRateBpm><Value>142</Value></HeartRateBpm><Extensions><TPX xmlns="http://www.garmin.com/xmlschemas/ActivityExtension/v2"><Speed>0.000000</Speed></TPX></Extensions></Trackpoint>
     <Trackpoint><Time>2026-02-03T20:52:40.130Z</Time><HeartRateBpm><Value>142</Value></HeartRateBpm><Extensions><TPX xmlns="http://www.garmin.com/xmlschemas/ActivityExtension/v2"><Speed>0.000000</Speed></TPX></Extensions></Trackpoint>
     <Trackpoint><Time>2026-02-03T20:52:41.856Z</Time><HeartRateBpm><Value>142</Value></HeartRateBpm><Extensions><TPX xmlns="http://www.garmin.com/xmlschemas/ActivityExtension/v2"><Speed>0.000000</Speed></TPX></Extensions></Trackpoint>
     <Trackpoint><Time>2026-02-03T20:52:43.130Z</Time><HeartRateBpm><Value>142</Value></HeartRateBpm><Extensions><TPX xmlns="http://www.garmin.com/xmlschemas/ActivityExtension/v2"><Speed>0.000000</Speed></TPX></Extensions></Trackpoint>
     <Trackpoint><Time>2026-02-03T20:52:44.130Z</Time><HeartRateBpm><Value>142</Value></HeartRateBpm><Extensions><TPX xmlns="http://www.garmin.com/xmlschemas/ActivityExtension/v2"><Speed>0.000000</Speed></TPX></Extensions></Trackpoint>
     <Trackpoint><Time>2026-02-03T20:52:45.977Z</Time><HeartRateBpm><Value>141</Value></HeartRateBpm><Extensions><TPX xmlns="http://www.garmin.com/xmlschemas/ActivityExtension/v2"><Speed>0.000000</Speed></TPX></Extensions></Trackpoint>
     <Trackpoint><Time>2026-02-03T20:52:47.130Z</Time><HeartRateBpm><Value>141</Value></HeartRateBpm><Extensions><TPX xmlns="http://www.garmin.com/xmlschemas/ActivityExtension/v2"><Speed>0.000000</Speed></TPX></Extensions></Trackpoint>
     <Trackpoint><Time>2026-02-03T20:52:49.130Z</Time><HeartRateBpm><Value>141</Value></HeartRateBpm><Extensions><TPX xmlns="http://www.garmin.com/xmlschemas/ActivityExtension/v2"><Speed>0.000000</Speed></TPX></Extensions></Trackpoint>
     <Trackpoint><Time>2026-02-03T20:52:51.130Z</Time><HeartRateBpm><Value>141</Value></HeartRateBpm><Extensions><TPX xmlns="http://www.garmin.com/xmlschemas/ActivityExtension/v2"><Speed>0.000000</Speed></TPX></Extensions></Trackpoint>
     <Trackpoint><Time>2026-02-03T20:52:52.130Z</Time><HeartRateBpm><Value>141</Value></HeartRateBpm><Extensions><TPX xmlns="http://www.garmin.com/xmlschemas/ActivityExtension/v2"><Speed>0.000000</Speed></TPX></Extensions></Trackpoint>
     <Trackpoint><Time>2026-02-03T20:52:54.130Z</Time><HeartRateBpm><Value>141</Value></HeartRateBpm><Extensions><TPX xmlns="http://www.garmin.com/xmlschemas/ActivityExtension/v2"><Speed>0.000000</Speed></TPX></Extensions></Trackpoint>
     <Trackpoint><Time>2026-02-03T20:52:56.130Z</Time><HeartRateBpm><Value>140</Value></HeartRateBpm><Extensions><TPX xmlns="http://www.garmin.com/xmlschemas/ActivityExtension/v2"><Speed>0.000000</Speed></TPX></Extensions></Trackpoint>
     <Trackpoint><Time>2026-02-03T20:52:57.130Z</Time><HeartRateBpm><Value>140</Value></HeartRateBpm><Extensions><TPX xmlns="http://www.garmin.com/xmlschemas/ActivityExtension/v2"><Speed>0.000000</Speed></TPX></Extensions></Trackpoint>
     <Trackpoint><Time>2026-02-03T20:52:59.130Z</Time><HeartRateBpm><Value>140</Value></HeartRateBpm><Extensions><TPX xmlns="http://www.garmin.com/xmlschemas/ActivityExtension/v2"><Speed>0.000000</Speed></TPX></Extensions></Trackpoint>
     <Trackpoint><Time>2026-02-03T20:53:00.130Z</Time><HeartRateBpm><Value>140</Value></HeartRateBpm><Extensions><TPX xmlns="http://www.garmin.com/xmlschemas/ActivityExtension/v2"><Speed>0.000000</Speed></TPX></Extensions></Trackpoint>
     <Trackpoint><Time>2026-02-03T20:53:02.130Z</Time><HeartRateBpm><Value>140</Value></HeartRateBpm><Extensions><TPX xmlns="http://www.garmin.com/xmlschemas/ActivityExtension/v2"><Speed>0.000000</Speed></TPX></Extensions></Trackpoint>
     <Trackpoint><Time>2026-02-03T20:53:04.130Z</Time><HeartRateBpm><Value>140</Value></HeartRateBpm><Extensions><TPX xmlns="http://www.garmin.com/xmlschemas/ActivityExtension/v2"><Speed>0.000000</Speed></TPX></Extensions></Trackpoint>
     <Trackpoint><Time>2026-02-03T20:53:06.130Z</Time><HeartRateBpm><Value>140</Value></HeartRateBpm><Extensions><TPX xmlns="http://www.garmin.com/xmlschemas/ActivityExtension/v2"><Speed>0.000000</Speed></TPX></Extensions></Trackpoint>
     <Trackpoint><Time>2026-02-03T20:53:07.354Z</Time><HeartRateBpm><Value>140</Value></HeartRateBpm><Extensions><TPX xmlns="http://www.garmin.com/xmlschemas/ActivityExtension/v2"><Speed>0.000000</Speed></TPX></Extensions></Trackpoint>
     <Trackpoint><Time>2026-02-03T20:53:09.130Z</Time><HeartRateBpm><Value>140</Value></HeartRateBpm><Extensions><TPX xmlns="http://www.garmin.com/xmlschemas/ActivityExtension/v2"><Speed>0.000000</Speed></TPX></Extensions></Trackpoint>
     <Trackpoint><Time>2026-02-03T20:53:11.130Z</Time><HeartRateBpm><Value>142</Value></HeartRateBpm><Extensions><TPX xmlns="http://www.garmin.com/xmlschemas/ActivityExtension/v2"><Speed>0.000000</Speed></TPX></Extensions></Trackpoint>
     <Trackpoint><Time>2026-02-03T20:53:12.130Z</Time><HeartRateBpm><Value>142</Value></HeartRateBpm><Extensions><TPX xmlns="http://www.garmin.com/xmlschemas/ActivityExtension/v2"><Speed>0.000000</Speed></TPX></Extensions></Trackpoint>
     <Trackpoint><Time>2026-02-03T20:53:14.130Z</Time><HeartRateBpm><Value>142</Value></HeartRateBpm><Extensions><TPX xmlns="http://www.garmin.com/xmlschemas/ActivityExtension/v2"><Speed>0.000000</Speed></TPX></Extensions></Trackpoint>
     <Trackpoint><Time>2026-02-03T20:53:16.130Z</Time><HeartRateBpm><Value>144</Value></HeartRateBpm><Extensions><TPX xmlns="http://www.garmin.com/xmlschemas/ActivityExtension/v2"><Speed>0.000000</Speed></TPX></Extensions></Trackpoint>
     <Trackpoint><Time>2026-02-03T20:53:17.554Z</Time><HeartRateBpm><Value>144</Value></HeartRateBpm><Extensions><TPX xmlns="http://www.garmin.com/xmlschemas/ActivityExtension/v2"><Speed>0.000000</Speed></TPX></Extensions></Trackpoint>
     <Trackpoint><Time>2026-02-03T20:53:19.130Z</Time><HeartRateBpm><Value>144</Value></HeartRateBpm><Extensions><TPX xmlns="http://www.garmin.com/xmlschemas/ActivityExtension/v2"><Speed>0.000000</Speed></TPX></Extensions></Trackpoint>
     <Trackpoint><Time>2026-02-03T20:53:21.130Z</Time><HeartRateBpm><Value>144</Value></HeartRateBpm><Extensions><TPX xmlns="http://www.garmin.com/xmlschemas/ActivityExtension/v2"><Speed>0.000000</Speed></TPX></Extensions></Trackpoint>
     <Trackpoint><Time>2026-02-03T20:53:22.130Z</Time><HeartRateBpm><Value>144</Value></HeartRateBpm><Extensions><TPX xmlns="http://www.garmin.com/xmlschemas/ActivityExtension/v2"><Speed>0.000000</Speed></TPX></Extensions></Trackpoint>
     <Trackpoint><Time>2026-02-03T20:53:24.130Z</Time><HeartRateBpm><Value>144</Value></HeartRateBpm><Extensions><TPX xmlns="http://www.garmin.com/xmlschemas/ActivityExtension/v2"><Speed>0.000000</Speed></TPX></Extensions></Trackpoint>
     <Trackpoint><Time>2026-02-03T20:53:25.258Z</Time><HeartRateBpm><Value>144</Value></HeartRateBpm><Extensions><TPX xmlns="http://www.garmin.com/xmlschemas/ActivityExtension/v2"><Speed>0.000000</Speed></TPX></Extensions></Trackpoint>
     <Trackpoint><Time>2026-02-03T20:53:27.130Z</Time><HeartRateBpm><Value>145</Value></HeartRateBpm><Extensions><TPX xmlns="http://www.garmin.com/xmlschemas/ActivityExtension/v2"><Speed>0.000000</Speed></TPX></Extensions></Trackpoint>
     <Trackpoint><Time>2026-02-03T20:53:29.130Z</Time><HeartRateBpm><Value>145</Value></HeartRateBpm><Extensions><TPX xmlns="http://www.garmin.com/xmlschemas/ActivityExtension/v2"><Speed>0.000000</Speed></TPX></Extensions></Trackpoint>
     <Trackpoint><Time>2026-02-03T20:53:30.299Z</Time><HeartRateBpm><Value>145</Value></HeartRateBpm><Extensions><TPX xmlns="http://www.garmin.com/xmlschemas/ActivityExtension/v2"><Speed>0.000000</Speed></TPX></Extensions></Trackpoint>
     <Trackpoint><Time>2026-02-03T20:53:32.130Z</Time><HeartRateBpm><Value>144</Value></HeartRateBpm><Extensions><TPX xmlns="http://www.garmin.com/xmlschemas/ActivityExtension/v2"><Speed>0.000000</Speed></TPX></Extensions></Trackpoint>
     <Trackpoint><Time>2026-02-03T20:53:34.130Z</Time><HeartRateBpm><Value>144</Value></HeartRateBpm><Extensions><TPX xmlns="http://www.garmin.com/xmlschemas/ActivityExtension/v2"><Speed>0.000000</Speed></TPX></Extensions></Trackpoint>
     <Trackpoint><Time>2026-02-03T20:53:35.397Z</Time><HeartRateBpm><Value>144</Value></HeartRateBpm><Extensions><TPX xmlns="http://www.garmin.com/xmlschemas/ActivityExtension/v2"><Speed>0.000000</Speed></TPX></Extensions></Trackpoint>
     <Trackpoint><Time>2026-02-03T20:53:37.130Z</Time><HeartRateBpm><Value>144</Value></HeartRateBpm><Extensions><TPX xmlns="http://www.garmin.com/xmlschemas/ActivityExtension/v2"><Speed>0.000000</Speed></TPX></Extensions></Trackpoint>
     <Trackpoint><Time>2026-02-03T20:53:39.130Z</Time><HeartRateBpm><Value>144</Value></HeartRateBpm><Extensions><TPX xmlns="http://www.garmin.com/xmlschemas/ActivityExtension/v2"><Speed>0.000000</Speed></TPX></Extensions></Trackpoint>
     <Trackpoint><Time>2026-02-03T20:53:40.492Z</Time><HeartRateBpm><Value>144</Value></HeartRateBpm><Extensions><TPX xmlns="http://www.garmin.com/xmlschemas/ActivityExtension/v2"><Speed>0.000000</Speed></TPX></Extensions></Trackpoint>
     <Trackpoint><Time>2026-02-03T20:53:42.130Z</Time><HeartRateBpm><Value>139</Value></HeartRateBpm><Extensions><TPX xmlns="http://www.garmin.com/xmlschemas/ActivityExtension/v2"><Speed>0.000000</Speed></TPX></Extensions></Trackpoint>
     <Trackpoint><Time>2026-02-03T20:53:43.130Z</Time><HeartRateBpm><Value>139</Value></HeartRateBpm><Extensions><TPX xmlns="http://www.garmin.com/xmlschemas/ActivityExtension/v2"><Speed>0.000000</Speed></TPX></Extensions></Trackpoint>
     <Trackpoint><Time>2026-02-03T20:53:44.130Z</Time><HeartRateBpm><Value>139</Value></HeartRateBpm><Extensions><TPX xmlns="http://www.garmin.com/xmlschemas/ActivityExtension/v2"><Speed>0.000000</Speed></TPX></Extensions></Trackpoint>
     <Trackpoint><Time>2026-02-03T20:53:45.591Z</Time><HeartRateBpm><Value>139</Value></HeartRateBpm><Extensions><TPX xmlns="http://www.garmin.com/xmlschemas/ActivityExtension/v2"><Speed>0.000000</Speed></TPX></Extensions></Trackpoint>
     <Trackpoint><Time>2026-02-03T20:53:47.130Z</Time><HeartRateBpm><Value>138</Value></HeartRateBpm><Extensions><TPX xmlns="http://www.garmin.com/xmlschemas/ActivityExtension/v2"><Speed>0.000000</Speed></TPX></Extensions></Trackpoint>
     <Trackpoint><Time>2026-02-03T20:53:48.130Z</Time><HeartRateBpm><Value>138</Value></HeartRateBpm><Extensions><TPX xmlns="http://www.garmin.com/xmlschemas/ActivityExtension/v2"><Speed>0.000000</Speed></TPX></Extensions></Trackpoint>
     <Trackpoint><Time>2026-02-03T20:53:49.130Z</Time><HeartRateBpm><Value>138</Value></HeartRateBpm><Extensions><TPX xmlns="http://www.garmin.com/xmlschemas/ActivityExtension/v2"><Speed>0.000000</Speed></TPX></Extensions></Trackpoint>
     <Trackpoint><Time>2026-02-03T20:53:50.513Z</Time><HeartRateBpm><Value>138</Value></HeartRateBpm><Extensions><TPX xmlns="http://www.garmin.com/xmlschemas/ActivityExtension/v2"><Speed>0.000000</Speed></TPX></Extensions></Trackpoint>
     <Trackpoint><Time>2026-02-03T20:53:52.130Z</Time><HeartRateBpm><Value>138</Value></HeartRateBpm><Extensions><TPX xmlns="http://www.garmin.com/xmlschemas/ActivityExtension/v2"><Speed>0.000000</Speed></TPX></Extensions></Trackpoint>
     <Trackpoint><Time>2026-02-03T20:53:53.130Z</Time><HeartRateBpm><Value>138</Value></HeartRateBpm><Extensions><TPX xmlns="http://www.garmin.com/xmlschemas/ActivityExtension/v2"><Speed>0.000000</Speed></TPX></Extensions></Trackpoint>
     <Trackpoint><Time>2026-02-03T20:53:55.130Z</Time><HeartRateBpm><Value>138</Value></HeartRateBpm><Extensions><TPX xmlns="http://www.garmin.com/xmlschemas/ActivityExtension/v2"><Speed>0.000000</Speed></TPX></Extensions></Trackpoint>
     <Trackpoint><Time>2026-02-03T20:53:57.130Z</Time><HeartRateBpm><Value>138</Value></HeartRateBpm><Extensions><TPX xmlns="http://www.garmin.com/xmlschemas/ActivityExtension/v2"><Speed>0.000000</Speed></TPX></Extensions></Trackpoint>
     <Trackpoint><Time>2026-02-03T20:53:58.331Z</Time><HeartRateBpm><Value>138</Value></HeartRateBpm><Extensions><TPX xmlns="http://www.garmin.com/xmlschemas/ActivityExtension/v2"><Speed>0.000000</Speed></TPX></Extensions></Trackpoint>
     <Trackpoint><Time>2026-02-03T20:54:00.130Z</Time><HeartRateBpm><Value>138</Value></HeartRateBpm><Extensions><TPX xmlns="http://www.garmin.com/xmlschemas/ActivityExtension/v2"><Speed>0.000000</Speed></TPX></Extensions></Trackpoint>
     <Trackpoint><Time>2026-02-03T20:54:02.130Z</Time><HeartRateBpm><Value>138</Value></HeartRateBpm><Extensions><TPX xmlns="http://www.garmin.com/xmlschemas/ActivityExtension/v2"><Speed>0.000000</Speed></TPX></Extensions></Trackpoint>
     <Trackpoint><Time>2026-02-03T20:54:03.436Z</Time><HeartRateBpm><Value>138</Value></HeartRateBpm><Extensions><TPX xmlns="http://www.garmin.com/xmlschemas/ActivityExtension/v2"><Speed>0.000000</Speed></TPX></Extensions></Trackpoint>
     <Trackpoint><Time>2026-02-03T20:54:05.130Z</Time><HeartRateBpm><Value>138</Value></HeartRateBpm><Extensions><TPX xmlns="http://www.garmin.com/xmlschemas/ActivityExtension/v2"><Speed>0.000000</Speed></TPX></Extensions></Trackpoint>
     <Trackpoint><Time>2026-02-03T20:54:07.130Z</Time><HeartRateBpm><Value>139</Value></HeartRateBpm><Extensions><TPX xmlns="http://www.garmin.com/xmlschemas/ActivityExtension/v2"><Speed>0.000000</Speed></TPX></Extensions></Trackpoint>
     <Trackpoint><Time>2026-02-03T20:54:08.130Z</Time><HeartRateBpm><Value>139</Value></HeartRateBpm><Extensions><TPX xmlns="http://www.garmin.com/xmlschemas/ActivityExtension/v2"><Speed>0.000000</Speed></TPX></Extensions></Trackpoint>
     <Trackpoint><Time>2026-02-03T20:54:10.130Z</Time><HeartRateBpm><Value>139</Value></HeartRateBpm><Extensions><TPX xmlns="http://www.garmin.com/xmlschemas/ActivityExtension/v2"><Speed>0.000000</Speed></TPX></Extensions></Trackpoint>
     <Trackpoint><Time>2026-02-03T20:54:11.130Z</Time><HeartRateBpm><Value>141</Value></HeartRateBpm><Extensions><TPX xmlns="http://www.garmin.com/xmlschemas/ActivityExtension/v2"><Speed>0.000000</Speed></TPX></Extensions></Trackpoint>
     <Trackpoint><Time>2026-02-03T20:54:13.130Z</Time><HeartRateBpm><Value>141</Value></HeartRateBpm><Extensions><TPX xmlns="http://www.garmin.com/xmlschemas/ActivityExtension/v2"><Speed>0.000000</Speed></TPX></Extensions></Trackpoint>
     <Trackpoint><Time>2026-02-03T20:54:15.130Z</Time><HeartRateBpm><Value>141</Value></HeartRateBpm><Extensions><TPX xmlns="http://www.garmin.com/xmlschemas/ActivityExtension/v2"><Speed>0.000000</Speed></TPX></Extensions></Trackpoint>
     <Trackpoint><Time>2026-02-03T20:54:16.130Z</Time><HeartRateBpm><Value>142</Value></HeartRateBpm><Extensions><TPX xmlns="http://www.garmin.com/xmlschemas/ActivityExtension/v2"><Speed>0.000000</Speed></TPX></Extensions></Trackpoint>
     <Trackpoint><Time>2026-02-03T20:54:17.130Z</Time><HeartRateBpm><Value>142</Value></HeartRateBpm><Extensions><TPX xmlns="http://www.garmin.com/xmlschemas/ActivityExtension/v2"><Speed>0.000000</Speed></TPX></Extensions></Trackpoint>
     <Trackpoint><Time>2026-02-03T20:54:18.130Z</Time><HeartRateBpm><Value>142</Value></HeartRateBpm><Extensions><TPX xmlns="http://www.garmin.com/xmlschemas/ActivityExtension/v2"><Speed>0.000000</Speed></TPX></Extensions></Trackpoint>
     <Trackpoint><Time>2026-02-03T20:54:20.130Z</Time><HeartRateBpm><Value>142</Value></HeartRateBpm><Extensions><TPX xmlns="http://www.garmin.com/xmlschemas/ActivityExtension/v2"><Speed>0.000000</Speed></TPX></Extensions></Trackpoint>
     <Trackpoint><Time>2026-02-03T20:54:21.283Z</Time><HeartRateBpm><Value>142</Value></HeartRateBpm><Extensions><TPX xmlns="http://www.garmin.com/xmlschemas/ActivityExtension/v2"><Speed>0.000000</Speed></TPX></Extensions></Trackpoint>
     <Trackpoint><Time>2026-02-03T20:54:23.130Z</Time><HeartRateBpm><Value>142</Value></HeartRateBpm><Extensions><TPX xmlns="http://www.garmin.com/xmlschemas/ActivityExtension/v2"><Speed>0.000000</Speed></TPX></Extensions></Trackpoint>
     <Trackpoint><Time>2026-02-03T20:54:24.130Z</Time><HeartRateBpm><Value>142</Value></HeartRateBpm><Extensions><TPX xmlns="http://www.garmin.com/xmlschemas/ActivityExtension/v2"><Speed>0.000000</Speed></TPX></Extensions></Trackpoint>
     <Trackpoint><Time>2026-02-03T20:54:25.510Z</Time><HeartRateBpm><Value>142</Value></HeartRateBpm><Extensions><TPX xmlns="http://www.garmin.com/xmlschemas/ActivityExtension/v2"><Speed>0.000000</Speed></TPX></Extensions></Trackpoint>
     <Trackpoint><Time>2026-02-03T20:54:27.130Z</Time><HeartRateBpm><Value>142</Value></HeartRateBpm><Extensions><TPX xmlns="http://www.garmin.com/xmlschemas/ActivityExtension/v2"><Speed>0.000000</Speed></TPX></Extensions></Trackpoint>
     <Trackpoint><Time>2026-02-03T20:54:28.936Z</Time><HeartRateBpm><Value>142</Value></HeartRateBpm><Extensions><TPX xmlns="http://www.garmin.com/xmlschemas/ActivityExtension/v2"><Speed>0.000000</Speed></TPX></Extensions></Trackpoint>
     <Trackpoint><Time>2026-02-03T20:54:30.130Z</Time><HeartRateBpm><Value>142</Value></HeartRateBpm><Extensions><TPX xmlns="http://www.garmin.com/xmlschemas/ActivityExtension/v2"><Speed>0.000000</Speed></TPX></Extensions></Trackpoint>
     <Trackpoint><Time>2026-02-03T20:54:31.476Z</Time><HeartRateBpm><Value>143</Value></HeartRateBpm><Extensions><TPX xmlns="http://www.garmin.com/xmlschemas/ActivityExtension/v2"><Speed>0.000000</Speed></TPX></Extensions></Trackpoint>
     <Trackpoint><Time>2026-02-03T20:54:33.130Z</Time><HeartRateBpm><Value>143</Value></HeartRateBpm><Extensions><TPX xmlns="http://www.garmin.com/xmlschemas/ActivityExtension/v2"><Speed>0.000000</Speed></TPX></Extensions></Trackpoint>
     <Trackpoint><Time>2026-02-03T20:54:35.130Z</Time><HeartRateBpm><Value>143</Value></HeartRateBpm><Extensions><TPX xmlns="http://www.garmin.com/xmlschemas/ActivityExtension/v2"><Speed>0.000000</Speed></TPX></Extensions></Trackpoint>
     <Trackpoint><Time>2026-02-03T20:54:36.570Z</Time><HeartRateBpm><Value>143</Value></HeartRateBpm><Extensions><TPX xmlns="http://www.garmin.com/xmlschemas/ActivityExtension/v2"><Speed>0.000000</Speed></TPX></Extensions></Trackpoint>
     <Trackpoint><Time>2026-02-03T20:54:38.130Z</Time><HeartRateBpm><Value>143</Value></HeartRateBpm><Extensions><TPX xmlns="http://www.garmin.com/xmlschemas/ActivityExtension/v2"><Speed>0.000000</Speed></TPX></Extensions></Trackpoint>
     <Trackpoint><Time>2026-02-03T20:54:39.130Z</Time><HeartRateBpm><Value>143</Value></HeartRateBpm><Extensions><TPX xmlns="http://www.garmin.com/xmlschemas/ActivityExtension/v2"><Speed>0.000000</Speed></TPX></Extensions></Trackpoint>
     <Trackpoint><Time>2026-02-03T20:54:40.130Z</Time><HeartRateBpm><Value>143</Value></HeartRateBpm><Extensions><TPX xmlns="http://www.garmin.com/xmlschemas/ActivityExtension/v2"><Speed>0.000000</Speed></TPX></Extensions></Trackpoint>
     <Trackpoint><Time>2026-02-03T20:54:41.673Z</Time><HeartRateBpm><Value>144</Value></HeartRateBpm><Extensions><TPX xmlns="http://www.garmin.com/xmlschemas/ActivityExtension/v2"><Speed>0.000000</Speed></TPX></Extensions></Trackpoint>
     <Trackpoint><Time>2026-02-03T20:54:43.130Z</Time><HeartRateBpm><Value>144</Value></HeartRateBpm><Extensions><TPX xmlns="http://www.garmin.com/xmlschemas/ActivityExtension/v2"><Speed>0.000000</Speed></TPX></Extensions></Trackpoint>
     <Trackpoint><Time>2026-02-03T20:54:44.130Z</Time><HeartRateBpm><Value>144</Value></HeartRateBpm><Extensions><TPX xmlns="http://www.garmin.com/xmlschemas/ActivityExtension/v2"><Speed>0.000000</Speed></TPX></Extensions></Trackpoint>
     <Trackpoint><Time>2026-02-03T20:54:45.510Z</Time><HeartRateBpm><Value>144</Value></HeartRateBpm><Extensions><TPX xmlns="http://www.garmin.com/xmlschemas/ActivityExtension/v2"><Speed>0.000000</Speed></TPX></Extensions></Trackpoint>
     <Trackpoint><Time>2026-02-03T20:54:46.763Z</Time><HeartRateBpm><Value>144</Value></HeartRateBpm><Extensions><TPX xmlns="http://www.garmin.com/xmlschemas/ActivityExtension/v2"><Speed>0.000000</Speed></TPX></Extensions></Trackpoint>
     <Trackpoint><Time>2026-02-03T20:54:48.130Z</Time><HeartRateBpm><Value>144</Value></HeartRateBpm><Extensions><TPX xmlns="http://www.garmin.com/xmlschemas/ActivityExtension/v2"><Speed>0.000000</Speed></TPX></Extensions></Trackpoint>
     <Trackpoint><Time>2026-02-03T20:54:49.315Z</Time><HeartRateBpm><Value>144</Value></HeartRateBpm><Extensions><TPX xmlns="http://www.garmin.com/xmlschemas/ActivityExtension/v2"><Speed>0.000000</Speed></TPX></Extensions></Trackpoint>
     <Trackpoint><Time>2026-02-03T20:54:50.511Z</Time><HeartRateBpm><Value>145</Value></HeartRateBpm><Extensions><TPX xmlns="http://www.garmin.com/xmlschemas/ActivityExtension/v2"><Speed>0.000000</Speed></TPX></Extensions></Trackpoint>
     <Trackpoint><Time>2026-02-03T20:54:51.866Z</Time><HeartRateBpm><Value>145</Value></HeartRateBpm><Extensions><TPX xmlns="http://www.garmin.com/xmlschemas/ActivityExtension/v2"><Speed>0.000000</Speed></TPX></Extensions></Trackpoint>
     <Trackpoint><Time>2026-02-03T20:54:53.130Z</Time><HeartRateBpm><Value>145</Value></HeartRateBpm><Extensions><TPX xmlns="http://www.garmin.com/xmlschemas/ActivityExtension/v2"><Speed>0.000000</Speed></TPX></Extensions></Trackpoint>
     <Trackpoint><Time>2026-02-03T20:54:54.417Z</Time><HeartRateBpm><Value>145</Value></HeartRateBpm><Extensions><TPX xmlns="http://www.garmin.com/xmlschemas/ActivityExtension/v2"><Speed>0.000000</Speed></TPX></Extensions></Trackpoint>
     <Trackpoint><Time>2026-02-03T20:54:55.510Z</Time><HeartRateBpm><Value>144</Value></HeartRateBpm><Extensions><TPX xmlns="http://www.garmin.com/xmlschemas/ActivityExtension/v2"><Speed>0.000000</Speed></TPX></Extensions></Trackpoint>
     <Trackpoint><Time>2026-02-03T20:54:56.966Z</Time><HeartRateBpm><Value>144</Value></HeartRateBpm><Extensions><TPX xmlns="http://www.garmin.com/xmlschemas/ActivityExtension/v2"><Speed>0.000000</Speed></TPX></Extensions></Trackpoint>
     <Trackpoint><Time>2026-02-03T20:54:58.130Z</Time><HeartRateBpm><Value>144</Value></HeartRateBpm><Extensions><TPX xmlns="http://www.garmin.com/xmlschemas/ActivityExtension/v2"><Speed>0.000000</Speed></TPX></Extensions></Trackpoint>
     <Trackpoint><Time>2026-02-03T20:54:59.130Z</Time><HeartRateBpm><Value>144</Value></HeartRateBpm><Extensions><TPX xmlns="http://www.garmin.com/xmlschemas/ActivityExtension/v2"><Speed>0.000000</Speed></TPX></Extensions></Trackpoint>
     <Trackpoint><Time>2026-02-03T20:55:01.130Z</Time><HeartRateBpm><Value>144</Value></HeartRateBpm><Extensions><TPX xmlns="http://www.garmin.com/xmlschemas/ActivityExtension/v2"><Speed>0.000000</Speed></TPX></Extensions></Trackpoint>
     <Trackpoint><Time>2026-02-03T20:55:03.130Z</Time><HeartRateBpm><Value>144</Value></HeartRateBpm><Extensions><TPX xmlns="http://www.garmin.com/xmlschemas/ActivityExtension/v2"><Speed>0.000000</Speed></TPX></Extensions></Trackpoint>
     <Trackpoint><Time>2026-02-03T20:55:04.130Z</Time><HeartRateBpm><Value>144</Value></HeartRateBpm><Extensions><TPX xmlns="http://www.garmin.com/xmlschemas/ActivityExtension/v2"><Speed>0.000000</Speed></TPX></Extensions></Trackpoint>
     <Trackpoint><Time>2026-02-03T20:55:05.977Z</Time><HeartRateBpm><Value>142</Value></HeartRateBpm><Extensions><TPX xmlns="http://www.garmin.com/xmlschemas/ActivityExtension/v2"><Speed>0.000000</Speed></TPX></Extensions></Trackpoint>
     <Trackpoint><Time>2026-02-03T20:55:07.130Z</Time><HeartRateBpm><Value>142</Value></HeartRateBpm><Extensions><TPX xmlns="http://www.garmin.com/xmlschemas/ActivityExtension/v2"><Speed>0.000000</Speed></TPX></Extensions></Trackpoint>
     <Trackpoint><Time>2026-02-03T20:55:08.130Z</Time><HeartRateBpm><Value>142</Value></HeartRateBpm><Extensions><TPX xmlns="http://www.garmin.com/xmlschemas/ActivityExtension/v2"><Speed>0.000000</Speed></TPX></Extensions></Trackpoint>
     <Trackpoint><Time>2026-02-03T20:55:09.719Z</Time><HeartRateBpm><Value>142</Value></HeartRateBpm><Extensions><TPX xmlns="http://www.garmin.com/xmlschemas/ActivityExtension/v2"><Speed>0.000000</Speed></TPX></Extensions></Trackpoint>
     <Trackpoint><Time>2026-02-03T20:55:11.130Z</Time><HeartRateBpm><Value>141</Value></HeartRateBpm><Extensions><TPX xmlns="http://www.garmin.com/xmlschemas/ActivityExtension/v2"><Speed>0.000000</Speed></TPX></Extensions></Trackpoint>
     <Trackpoint><Time>2026-02-03T20:55:12.130Z</Time><HeartRateBpm><Value>141</Value></HeartRateBpm><Extensions><TPX xmlns="http://www.garmin.com/xmlschemas/ActivityExtension/v2"><Speed>0.000000</Speed></TPX></Extensions></Trackpoint>
     <Trackpoint><Time>2026-02-03T20:55:14.130Z</Time><HeartRateBpm><Value>141</Value></HeartRateBpm><Extensions><TPX xmlns="http://www.garmin.com/xmlschemas/ActivityExtension/v2"><Speed>0.000000</Speed></TPX></Extensions></Trackpoint>
     <Trackpoint><Time>2026-02-03T20:55:15.130Z</Time><HeartRateBpm><Value>139</Value></HeartRateBpm><Extensions><TPX xmlns="http://www.garmin.com/xmlschemas/ActivityExtension/v2"><Speed>0.000000</Speed></TPX></Extensions></Trackpoint>
     <Trackpoint><Time>2026-02-03T20:55:17.130Z</Time><HeartRateBpm><Value>139</Value></HeartRateBpm><Extensions><TPX xmlns="http://www.garmin.com/xmlschemas/ActivityExtension/v2"><Speed>0.000000</Speed></TPX></Extensions></Trackpoint>
     <Trackpoint><Time>2026-02-03T20:55:19.130Z</Time><HeartRateBpm><Value>139</Value></HeartRateBpm><Extensions><TPX xmlns="http://www.garmin.com/xmlschemas/ActivityExtension/v2"><Speed>0.000000</Speed></TPX></Extensions></Trackpoint>
     <Trackpoint><Time>2026-02-03T20:55:20.130Z</Time><HeartRateBpm><Value>140</Value></HeartRateBpm><Extensions><TPX xmlns="http://www.garmin.com/xmlschemas/ActivityExtension/v2"><Speed>0.000000</Speed></TPX></Extensions></Trackpoint>
     <Trackpoint><Time>2026-02-03T20:55:22.130Z</Time><HeartRateBpm><Value>140</Value></HeartRateBpm><Extensions><TPX xmlns="http://www.garmin.com/xmlschemas/ActivityExtension/v2"><Speed>0.000000</Speed></TPX></Extensions></Trackpoint>
     <Trackpoint><Time>2026-02-03T20:55:24.130Z</Time><HeartRateBpm><Value>140</Value></HeartRateBpm><Extensions><TPX xmlns="http://www.garmin.com/xmlschemas/ActivityExtension/v2"><Speed>0.000000</Speed></TPX></Extensions></Trackpoint>
     <Trackpoint><Time>2026-02-03T20:55:25.130Z</Time><HeartRateBpm><Value>141</Value></HeartRateBpm><Extensions><TPX xmlns="http://www.garmin.com/xmlschemas/ActivityExtension/v2"><Speed>0.000000</Speed></TPX></Extensions></Trackpoint>
     <Trackpoint><Time>2026-02-03T20:55:27.130Z</Time><HeartRateBpm><Value>141</Value></HeartRateBpm><Extensions><TPX xmlns="http://www.garmin.com/xmlschemas/ActivityExtension/v2"><Speed>0.000000</Speed></TPX></Extensions></Trackpoint>
     <Trackpoint><Time>2026-02-03T20:55:29.130Z</Time><HeartRateBpm><Value>141</Value></HeartRateBpm><Extensions><TPX xmlns="http://www.garmin.com/xmlschemas/ActivityExtension/v2"><Speed>0.000000</Speed></TPX></Extensions></Trackpoint>
     <Trackpoint><Time>2026-02-03T20:55:30.130Z</Time><HeartRateBpm><Value>142</Value></HeartRateBpm><Extensions><TPX xmlns="http://www.garmin.com/xmlschemas/ActivityExtension/v2"><Speed>0.000000</Speed></TPX></Extensions></Trackpoint>
     <Trackpoint><Time>2026-02-03T20:55:32.130Z</Time><HeartRateBpm><Value>142</Value></HeartRateBpm><Extensions><TPX xmlns="http://www.garmin.com/xmlschemas/ActivityExtension/v2"><Speed>0.000000</Speed></TPX></Extensions></Trackpoint>
     <Trackpoint><Time>2026-02-03T20:55:34.130Z</Time><HeartRateBpm><Value>142</Value></HeartRateBpm><Extensions><TPX xmlns="http://www.garmin.com/xmlschemas/ActivityExtension/v2"><Speed>0.000000</Speed></TPX></Extensions></Trackpoint>
     <Trackpoint><Time>2026-02-03T20:55:35.130Z</Time><HeartRateBpm><Value>142</Value></HeartRateBpm><Extensions><TPX xmlns="http://www.garmin.com/xmlschemas/ActivityExtension/v2"><Speed>0.000000</Speed></TPX></Extensions></Trackpoint>
     <Trackpoint><Time>2026-02-03T20:55:37.130Z</Time><HeartRateBpm><Value>140</Value></HeartRateBpm><Extensions><TPX xmlns="http://www.garmin.com/xmlschemas/ActivityExtension/v2"><Speed>0.000000</Speed></TPX></Extensions></Trackpoint>
     <Trackpoint><Time>2026-02-03T20:55:39.130Z</Time><HeartRateBpm><Value>140</Value></HeartRateBpm><Extensions><TPX xmlns="http://www.garmin.com/xmlschemas/ActivityExtension/v2"><Speed>0.000000</Speed></TPX></Extensions></Trackpoint>
     <Trackpoint><Time>2026-02-03T20:55:40.130Z</Time><HeartRateBpm><Value>140</Value></HeartRateBpm><Extensions><TPX xmlns="http://www.garmin.com/xmlschemas/ActivityExtension/v2"><Speed>0.000000</Speed></TPX></Extensions></Trackpoint>
     <Trackpoint><Time>2026-02-03T20:55:41.130Z</Time><HeartRateBpm><Value>140</Value></HeartRateBpm><Extensions><TPX xmlns="http://www.garmin.com/xmlschemas/ActivityExtension/v2"><Speed>0.000000</Speed></TPX></Extensions></Trackpoint>
     <Trackpoint><Time>2026-02-03T20:55:42.130Z</Time><HeartRateBpm><Value>140</Value></HeartRateBpm><Extensions><TPX xmlns="http://www.garmin.com/xmlschemas/ActivityExtension/v2"><Speed>0.000000</Speed></TPX></Extensions></Trackpoint>
     <Trackpoint><Time>2026-02-03T20:55:44.130Z</Time><HeartRateBpm><Value>140</Value></HeartRateBpm><Extensions><TPX xmlns="http://www.garmin.com/xmlschemas/ActivityExtension/v2"><Speed>0.000000</Speed></TPX></Extensions></Trackpoint>
     <Trackpoint><Time>2026-02-03T20:55:45.395Z</Time><HeartRateBpm><Value>140</Value></HeartRateBpm><Extensions><TPX xmlns="http://www.garmin.com/xmlschemas/ActivityExtension/v2"><Speed>0.000000</Speed></TPX></Extensions></Trackpoint>
     <Trackpoint><Time>2026-02-03T20:55:47.130Z</Time><HeartRateBpm><Value>139</Value></HeartRateBpm><Extensions><TPX xmlns="http://www.garmin.com/xmlschemas/ActivityExtension/v2"><Speed>0.000000</Speed></TPX></Extensions></Trackpoint>
     <Trackpoint><Time>2026-02-03T20:55:48.130Z</Time><HeartRateBpm><Value>139</Value></HeartRateBpm><Extensions><TPX xmlns="http://www.garmin.com/xmlschemas/ActivityExtension/v2"><Speed>0.000000</Speed></TPX></Extensions></Trackpoint>
     <Trackpoint><Time>2026-02-03T20:55:50.130Z</Time><HeartRateBpm><Value>139</Value></HeartRateBpm><Extensions><TPX xmlns="http://www.garmin.com/xmlschemas/ActivityExtension/v2"><Speed>0.000000</Speed></TPX></Extensions></Trackpoint>
     <Trackpoint><Time>2026-02-03T20:55:52.130Z</Time><HeartRateBpm><Value>139</Value></HeartRateBpm><Extensions><TPX xmlns="http://www.garmin.com/xmlschemas/ActivityExtension/v2"><Speed>0.000000</Speed></TPX></Extensions></Trackpoint>
     <Trackpoint><Time>2026-02-03T20:55:54.130Z</Time><HeartRateBpm><Value>139</Value></HeartRateBpm><Extensions><TPX xmlns="http://www.garmin.com/xmlschemas/ActivityExtension/v2"><Speed>0.000000</Speed></TPX></Extensions></Trackpoint>
     <Trackpoint><Time>2026-02-03T20:55:55.592Z</Time><HeartRateBpm><Value>139</Value></HeartRateBpm><Extensions><TPX xmlns="http://www.garmin.com/xmlschemas/ActivityExtension/v2"><Speed>0.000000</Speed></TPX></Extensions></Trackpoint>
     <Trackpoint><Time>2026-02-03T20:55:57.130Z</Time><HeartRateBpm><Value>139</Value></HeartRateBpm><Extensions><TPX xmlns="http://www.garmin.com/xmlschemas/ActivityExtension/v2"><Speed>0.000000</Speed></TPX></Extensions></Trackpoint>
     <Trackpoint><Time>2026-02-03T20:55:58.135Z</Time><HeartRateBpm><Value>139</Value></HeartRateBpm><Extensions><TPX xmlns="http://www.garmin.com/xmlschemas/ActivityExtension/v2"><Speed>0.000000</Speed></TPX></Extensions></Trackpoint>
     <Trackpoint><Time>2026-02-03T20:56:00.130Z</Time><HeartRateBpm><Value>139</Value></HeartRateBpm><Extensions><TPX xmlns="http://www.garmin.com/xmlschemas/ActivityExtension/v2"><Speed>0.000000</Speed></TPX></Extensions></Trackpoint>
     <Trackpoint><Time>2026-02-03T20:56:02.130Z</Time><HeartRateBpm><Value>139</Value></HeartRateBpm><Extensions><TPX xmlns="http://www.garmin.com/xmlschemas/ActivityExtension/v2"><Speed>0.000000</Speed></TPX></Extensions></Trackpoint>
     <Trackpoint><Time>2026-02-03T20:56:03.130Z</Time><HeartRateBpm><Value>139</Value></HeartRateBpm><Extensions><TPX xmlns="http://www.garmin.com/xmlschemas/ActivityExtension/v2"><Speed>0.000000</Speed></TPX></Extensions></Trackpoint>
     <Trackpoint><Time>2026-02-03T20:56:05.130Z</Time><HeartRateBpm><Value>139</Value></HeartRateBpm><Extensions><TPX xmlns="http://www.garmin.com/xmlschemas/ActivityExtension/v2"><Speed>0.000000</Speed></TPX></Extensions></Trackpoint>
     <Trackpoint><Time>2026-02-03T20:56:07.130Z</Time><HeartRateBpm><Value>139</Value></HeartRateBpm><Extensions><TPX xmlns="http://www.garmin.com/xmlschemas/ActivityExtension/v2"><Speed>0.000000</Speed></TPX></Extensions></Trackpoint>
     <Trackpoint><Time>2026-02-03T20:56:08.130Z</Time><HeartRateBpm><Value>139</Value></HeartRateBpm><Extensions><TPX xmlns="http://www.garmin.com/xmlschemas/ActivityExtension/v2"><Speed>0.000000</Speed></TPX></Extensions></Trackpoint>
     <Trackpoint><Time>2026-02-03T20:56:10.130Z</Time><HeartRateBpm><Value>139</Value></HeartRateBpm><Extensions><TPX xmlns="http://www.garmin.com/xmlschemas/ActivityExtension/v2"><Speed>0.000000</Speed></TPX></Extensions></Trackpoint>
     <Trackpoint><Time>2026-02-03T20:56:12.130Z</Time><HeartRateBpm><Value>139</Value></HeartRateBpm><Extensions><TPX xmlns="http://www.garmin.com/xmlschemas/ActivityExtension/v2"><Speed>0.000000</Speed></TPX></Extensions></Trackpoint>
     <Trackpoint><Time>2026-02-03T20:56:13.429Z</Time><HeartRateBpm><Value>139</Value></HeartRateBpm><Extensions><TPX xmlns="http://www.garmin.com/xmlschemas/ActivityExtension/v2"><Speed>0.000000</Speed></TPX></Extensions></Trackpoint>
     <Trackpoint><Time>2026-02-03T20:56:15.130Z</Time><HeartRateBpm><Value>139</Value></HeartRateBpm><Extensions><TPX xmlns="http://www.garmin.com/xmlschemas/ActivityExtension/v2"><Speed>0.000000</Speed></TPX></Extensions></Trackpoint>
     <Trackpoint><Time>2026-02-03T20:56:17.130Z</Time><HeartRateBpm><Value>140</Value></HeartRateBpm><Extensions><TPX xmlns="http://www.garmin.com/xmlschemas/ActivityExtension/v2"><Speed>0.000000</Speed></TPX></Extensions></Trackpoint>
     <Trackpoint><Time>2026-02-03T20:56:18.540Z</Time><HeartRateBpm><Value>140</Value></HeartRateBpm><Extensions><TPX xmlns="http://www.garmin.com/xmlschemas/ActivityExtension/v2"><Speed>0.000000</Speed></TPX></Extensions></Trackpoint>
     <Trackpoint><Time>2026-02-03T20:56:20.130Z</Time><HeartRateBpm><Value>140</Value></HeartRateBpm><Extensions><TPX xmlns="http://www.garmin.com/xmlschemas/ActivityExtension/v2"><Speed>0.000000</Speed></TPX></Extensions></Trackpoint>
     <Trackpoint><Time>2026-02-03T20:56:22.130Z</Time><HeartRateBpm><Value>141</Value></HeartRateBpm><Extensions><TPX xmlns="http://www.garmin.com/xmlschemas/ActivityExtension/v2"><Speed>0.000000</Speed></TPX></Extensions></Trackpoint>
     <Trackpoint><Time>2026-02-03T20:56:23.627Z</Time><HeartRateBpm><Value>141</Value></HeartRateBpm><Extensions><TPX xmlns="http://www.garmin.com/xmlschemas/ActivityExtension/v2"><Speed>0.000000</Speed></TPX></Extensions></Trackpoint>
     <Trackpoint><Time>2026-02-03T20:56:25.130Z</Time><HeartRateBpm><Value>141</Value></HeartRateBpm><Extensions><TPX xmlns="http://www.garmin.com/xmlschemas/ActivityExtension/v2"><Speed>0.000000</Speed></TPX></Extensions></Trackpoint>
     <Trackpoint><Time>2026-02-03T20:56:26.130Z</Time><HeartRateBpm><Value>142</Value></HeartRateBpm><Extensions><TPX xmlns="http://www.garmin.com/xmlschemas/ActivityExtension/v2"><Speed>0.000000</Speed></TPX></Extensions></Trackpoint>
     <Trackpoint><Time>2026-02-03T20:56:27.130Z</Time><HeartRateBpm><Value>142</Value></HeartRateBpm><Extensions><TPX xmlns="http://www.garmin.com/xmlschemas/ActivityExtension/v2"><Speed>0.000000</Speed></TPX></Extensions></Trackpoint>
     <Trackpoint><Time>2026-02-03T20:56:28.130Z</Time><HeartRateBpm><Value>142</Value></HeartRateBpm><Extensions><TPX xmlns="http://www.garmin.com/xmlschemas/ActivityExtension/v2"><Speed>0.000000</Speed></TPX></Extensions></Trackpoint>
     <Trackpoint><Time>2026-02-03T20:56:29.130Z</Time><HeartRateBpm><Value>142</Value></HeartRateBpm><Extensions><TPX xmlns="http://www.garmin.com/xmlschemas/ActivityExtension/v2"><Speed>0.000000</Speed></TPX></Extensions></Trackpoint>
     <Trackpoint><Time>2026-02-03T20:56:30.512Z</Time><HeartRateBpm><Value>142</Value></HeartRateBpm><Extensions><TPX xmlns="http://www.garmin.com/xmlschemas/ActivityExtension/v2"><Speed>0.000000</Speed></TPX></Extensions></Trackpoint>
     <Trackpoint><Time>2026-02-03T20:56:32.130Z</Time><HeartRateBpm><Value>142</Value></HeartRateBpm><Extensions><TPX xmlns="http://www.garmin.com/xmlschemas/ActivityExtension/v2"><Speed>0.000000</Speed></TPX></Extensions></Trackpoint>
     <Trackpoint><Time>2026-02-03T20:56:33.836Z</Time><HeartRateBpm><Value>142</Value></HeartRateBpm><Extensions><TPX xmlns="http://www.garmin.com/xmlschemas/ActivityExtension/v2"><Speed>0.000000</Speed></TPX></Extensions></Trackpoint>
     <Trackpoint><Time>2026-02-03T20:56:35.130Z</Time><HeartRateBpm><Value>142</Value></HeartRateBpm><Extensions><TPX xmlns="http://www.garmin.com/xmlschemas/ActivityExtension/v2"><Speed>0.000000</Speed></TPX></Extensions></Trackpoint>
     <Trackpoint><Time>2026-02-03T20:56:36.380Z</Time><HeartRateBpm><Value>142</Value></HeartRateBpm><Extensions><TPX xmlns="http://www.garmin.com/xmlschemas/ActivityExtension/v2"><Speed>0.000000</Speed></TPX></Extensions></Trackpoint>
     <Trackpoint><Time>2026-02-03T20:56:38.130Z</Time><HeartRateBpm><Value>142</Value></HeartRateBpm><Extensions><TPX xmlns="http://www.garmin.com/xmlschemas/ActivityExtension/v2"><Speed>0.000000</Speed></TPX></Extensions></Trackpoint>
     <Trackpoint><Time>2026-02-03T20:56:40.130Z</Time><HeartRateBpm><Value>142</Value></HeartRateBpm><Extensions><TPX xmlns="http://www.garmin.com/xmlschemas/ActivityExtension/v2"><Speed>0.000000</Speed></TPX></Extensions></Trackpoint>
     <Trackpoint><Time>2026-02-03T20:56:41.474Z</Time><HeartRateBpm><Value>143</Value></HeartRateBpm><Extensions><TPX xmlns="http://www.garmin.com/xmlschemas/ActivityExtension/v2"><Speed>0.000000</Speed></TPX></Extensions></Trackpoint>
     <Trackpoint><Time>2026-02-03T20:56:43.130Z</Time><HeartRateBpm><Value>143</Value></HeartRateBpm><Extensions><TPX xmlns="http://www.garmin.com/xmlschemas/ActivityExtension/v2"><Speed>0.000000</Speed></TPX></Extensions></Trackpoint>
     <Trackpoint><Time>2026-02-03T20:56:44.130Z</Time><HeartRateBpm><Value>143</Value></HeartRateBpm><Extensions><TPX xmlns="http://www.garmin.com/xmlschemas/ActivityExtension/v2"><Speed>0.000000</Speed></TPX></Extensions></Trackpoint>
     <Trackpoint><Time>2026-02-03T20:56:45.511Z</Time><HeartRateBpm><Value>143</Value></HeartRateBpm><Extensions><TPX xmlns="http://www.garmin.com/xmlschemas/ActivityExtension/v2"><Speed>0.000000</Speed></TPX></Extensions></Trackpoint>
     <Trackpoint><Time>2026-02-03T20:56:46.574Z</Time><HeartRateBpm><Value>143</Value></HeartRateBpm><Extensions><TPX xmlns="http://www.garmin.com/xmlschemas/ActivityExtension/v2"><Speed>0.000000</Speed></TPX></Extensions></Trackpoint>
     <Trackpoint><Time>2026-02-03T20:56:48.130Z</Time><HeartRateBpm><Value>143</Value></HeartRateBpm><Extensions><TPX xmlns="http://www.garmin.com/xmlschemas/ActivityExtension/v2"><Speed>0.000000</Speed></TPX></Extensions></Trackpoint>
     <Trackpoint><Time>2026-02-03T20:56:49.130Z</Time><HeartRateBpm><Value>143</Value></HeartRateBpm><Extensions><TPX xmlns="http://www.garmin.com/xmlschemas/ActivityExtension/v2"><Speed>0.000000</Speed></TPX></Extensions></Trackpoint>
     <Trackpoint><Time>2026-02-03T20:56:50.978Z</Time><HeartRateBpm><Value>143</Value></HeartRateBpm><Extensions><TPX xmlns="http://www.garmin.com/xmlschemas/ActivityExtension/v2"><Speed>0.000000</Speed></TPX></Extensions></Trackpoint>
     <Trackpoint><Time>2026-02-03T20:56:52.130Z</Time><HeartRateBpm><Value>143</Value></HeartRateBpm><Extensions><TPX xmlns="http://www.garmin.com/xmlschemas/ActivityExtension/v2"><Speed>0.000000</Speed></TPX></Extensions></Trackpoint>
     <Trackpoint><Time>2026-02-03T20:56:54.130Z</Time><HeartRateBpm><Value>143</Value></HeartRateBpm><Extensions><TPX xmlns="http://www.garmin.com/xmlschemas/ActivityExtension/v2"><Speed>0.000000</Speed></TPX></Extensions></Trackpoint>
     <Trackpoint><Time>2026-02-03T20:56:55.510Z</Time><HeartRateBpm><Value>143</Value></HeartRateBpm><Extensions><TPX xmlns="http://www.garmin.com/xmlschemas/ActivityExtension/v2"><Speed>0.000000</Speed></TPX></Extensions></Trackpoint>
     <Trackpoint><Time>2026-02-03T20:56:56.767Z</Time><HeartRateBpm><Value>143</Value></HeartRateBpm><Extensions><TPX xmlns="http://www.garmin.com/xmlschemas/ActivityExtension/v2"><Speed>0.000000</Speed></TPX></Extensions></Trackpoint>
     <Trackpoint><Time>2026-02-03T20:56:58.129Z</Time><HeartRateBpm><Value>143</Value></HeartRateBpm><Extensions><TPX xmlns="http://www.garmin.com/xmlschemas/ActivityExtension/v2"><Speed>0.000000</Speed></TPX></Extensions></Trackpoint>
     <Trackpoint><Time>2026-02-03T20:56:59.130Z</Time><HeartRateBpm><Value>143</Value></HeartRateBpm><Extensions><TPX xmlns="http://www.garmin.com/xmlschemas/ActivityExtension/v2"><Speed>0.000000</Speed></TPX></Extensions></Trackpoint>
     <Trackpoint><Time>2026-02-03T20:57:00.130Z</Time><HeartRateBpm><Value>143</Value></HeartRateBpm><Extensions><TPX xmlns="http://www.garmin.com/xmlschemas/ActivityExtension/v2"><Speed>0.000000</Speed></TPX></Extensions></Trackpoint>
     <Trackpoint><Time>2026-02-03T20:57:01.138Z</Time><HeartRateBpm><Value>143</Value></HeartRateBpm><Extensions><TPX xmlns="http://www.garmin.com/xmlschemas/ActivityExtension/v2"><Speed>0.000000</Speed></TPX></Extensions></Trackpoint>
    </Track>
   </Lap>
   <Lap StartTime="2026-02-03T20:57:03.130Z">
    <TotalTimeSeconds>600</TotalTimeSeconds>
    <AverageHeartRateBpm><Value>144</Value></AverageHeartRateBpm>
    <MaximumHeartRateBpm><Value>149</Value></MaximumHeartRateBpm>
    <Calories>115</Calories>
    <Track>
     <Trackpoint><Time>2026-02-03T20:57:03.130Z</Time><HeartRateBpm><Value>143</Value></HeartRateBpm><Extensions><TPX xmlns="http://www.garmin.com/xmlschemas/ActivityExtension/v2"><Speed>0.000000</Speed></TPX></Extensions></Trackpoint>
     <Trackpoint><Time>2026-02-03T20:57:04.130Z</Time><HeartRateBpm><Value>143</Value></HeartRateBpm><Extensions><TPX xmlns="http://www.garmin.com/xmlschemas/ActivityExtension/v2"><Speed>0.000000</Speed></TPX></Extensions></Trackpoint>
     <Trackpoint><Time>2026-02-03T20:57:05.510Z</Time><HeartRateBpm><Value>143</Value></HeartRateBpm><Extensions><TPX xmlns="http://www.garmin.com/xmlschemas/ActivityExtension/v2"><Speed>0.000000</Speed></TPX></Extensions></Trackpoint>
     <Trackpoint><Time>2026-02-03T20:57:06.974Z</Time><HeartRateBpm><Value>143</Value></HeartRateBpm><Extensions><TPX xmlns="http://www.garmin.com/xmlschemas/ActivityExtension/v2"><Speed>0.000000</Speed></TPX></Extensions></Trackpoint>
     <Trackpoint><Time>2026-02-03T20:57:08.130Z</Time><HeartRateBpm><Value>143</Value></HeartRateBpm><Extensions><TPX xmlns="http://www.garmin.com/xmlschemas/ActivityExtension/v2"><Speed>0.000000</Speed></TPX></Extensions></Trackpoint>
     <Trackpoint><Time>2026-02-03T20:57:09.518Z</Time><HeartRateBpm><Value>143</Value></HeartRateBpm><Extensions><TPX xmlns="http://www.garmin.com/xmlschemas/ActivityExtension/v2"><Speed>0.000000</Speed></TPX></Extensions></Trackpoint>
     <Trackpoint><Time>2026-02-03T20:57:10.544Z</Time><HeartRateBpm><Value>142</Value></HeartRateBpm><Extensions><TPX xmlns="http://www.garmin.com/xmlschemas/ActivityExtension/v2"><Speed>0.000000</Speed></TPX></Extensions></Trackpoint>
     <Trackpoint><Time>2026-02-03T20:57:12.067Z</Time><HeartRateBpm><Value>142</Value></HeartRateBpm><Extensions><TPX xmlns="http://www.garmin.com/xmlschemas/ActivityExtension/v2"><Speed>0.000000</Speed></TPX></Extensions></Trackpoint>
     <Trackpoint><Time>2026-02-03T20:57:13.130Z</Time><HeartRateBpm><Value>142</Value></HeartRateBpm><Extensions><TPX xmlns="http://www.garmin.com/xmlschemas/ActivityExtension/v2"><Speed>0.000000</Speed></TPX></Extensions></Trackpoint>
     <Trackpoint><Time>2026-02-03T20:57:14.649Z</Time><HeartRateBpm><Value>142</Value></HeartRateBpm><Extensions><TPX xmlns="http://www.garmin.com/xmlschemas/ActivityExtension/v2"><Speed>0.000000</Speed></TPX></Extensions></Trackpoint>
     <Trackpoint><Time>2026-02-03T20:57:16.130Z</Time><HeartRateBpm><Value>143</Value></HeartRateBpm><Extensions><TPX xmlns="http://www.garmin.com/xmlschemas/ActivityExtension/v2"><Speed>0.000000</Speed></TPX></Extensions></Trackpoint>
     <Trackpoint><Time>2026-02-03T20:57:17.130Z</Time><HeartRateBpm><Value>143</Value></HeartRateBpm><Extensions><TPX xmlns="http://www.garmin.com/xmlschemas/ActivityExtension/v2"><Speed>0.000000</Speed></TPX></Extensions></Trackpoint>
     <Trackpoint><Time>2026-02-03T20:57:19.130Z</Time><HeartRateBpm><Value>143</Value></HeartRateBpm><Extensions><TPX xmlns="http://www.garmin.com/xmlschemas/ActivityExtension/v2"><Speed>0.000000</Speed></TPX></Extensions></Trackpoint>
     <Trackpoint><Time>2026-02-03T20:57:20.130Z</Time><HeartRateBpm><Value>145</Value></HeartRateBpm><Extensions><TPX xmlns="http://www.garmin.com/xmlschemas/ActivityExtension/v2"><Speed>0.000000</Speed></TPX></Extensions></Trackpoint>
     <Trackpoint><Time>2026-02-03T20:57:21.130Z</Time><HeartRateBpm><Value>145</Value></HeartRateBpm><Extensions><TPX xmlns="http://www.garmin.com/xmlschemas/ActivityExtension/v2"><Speed>0.000000</Speed></TPX></Extensions></Trackpoint>
     <Trackpoint><Time>2026-02-03T20:57:22.257Z</Time><HeartRateBpm><Value>145</Value></HeartRateBpm><Extensions><TPX xmlns="http://www.garmin.com/xmlschemas/ActivityExtension/v2"><Speed>0.000000</Speed></TPX></Extensions></Trackpoint>
     <Trackpoint><Time>2026-02-03T20:57:24.130Z</Time><HeartRateBpm><Value>145</Value></HeartRateBpm><Extensions><TPX xmlns="http://www.garmin.com/xmlschemas/ActivityExtension/v2"><Speed>0.000000</Speed></TPX></Extensions></Trackpoint>
     <Trackpoint><Time>2026-02-03T20:57:26.130Z</Time><HeartRateBpm><Value>146</Value></HeartRateBpm><Extensions><TPX xmlns="http://www.garmin.com/xmlschemas/ActivityExtension/v2"><Speed>0.000000</Speed></TPX></Extensions></Trackpoint>
     <Trackpoint><Time>2026-02-03T20:57:27.360Z</Time><HeartRateBpm><Value>146</Value></HeartRateBpm><Extensions><TPX xmlns="http://www.garmin.com/xmlschemas/ActivityExtension/v2"><Speed>0.000000</Speed></TPX></Extensions></Trackpoint>
     <Trackpoint><Time>2026-02-03T20:57:29.130Z</Time><HeartRateBpm><Value>146</Value></HeartRateBpm><Extensions><TPX xmlns="http://www.garmin.com/xmlschemas/ActivityExtension/v2"><Speed>0.000000</Speed></TPX></Extensions></Trackpoint>
     <Trackpoint><Time>2026-02-03T20:57:31.130Z</Time><HeartRateBpm><Value>146</Value></HeartRateBpm><Extensions><TPX xmlns="http://www.garmin.com/xmlschemas/ActivityExtension/v2"><Speed>0.000000</Speed></TPX></Extensions></Trackpoint>
     <Trackpoint><Time>2026-02-03T20:57:32.456Z</Time><HeartRateBpm><Value>146</Value></HeartRateBpm><Extensions><TPX xmlns="http://www.garmin.com/xmlschemas/ActivityExtension/v2"><Speed>0.000000</Speed></TPX></Extensions></Trackpoint>
     <Trackpoint><Time>2026-02-03T20:57:34.129Z</Time><HeartRateBpm><Value>146</Value></HeartRateBpm><Extensions><TPX xmlns="http://www.garmin.com/xmlschemas/ActivityExtension/v2"><Speed>0.000000</Speed></TPX></Extensions></Trackpoint>
     <Trackpoint><Time>2026-02-03T20:57:35.130Z</Time><HeartRateBpm><Value>146</Value></HeartRateBpm><Extensions><TPX xmlns="http://www.garmin.com/xmlschemas/ActivityExtension/v2"><Speed>0.000000</Speed></TPX></Extensions></Trackpoint>
     <Trackpoint><Time>2026-02-03T20:57:36.130Z</Time><HeartRateBpm><Value>146</Value></HeartRateBpm><Extensions><TPX xmlns="http://www.garmin.com/xmlschemas/ActivityExtension/v2"><Speed>0.000000</Speed></TPX></Extensions></Trackpoint>
     <Trackpoint><Time>2026-02-03T20:57:37.555Z</Time><HeartRateBpm><Value>146</Value></HeartRateBpm><Extensions><TPX xmlns="http://www.garmin.com/xmlschemas/ActivityExtension/v2"><Speed>0.000000</Speed></TPX></Extensions></Trackpoint>
     <Trackpoint><Time>2026-02-03T20:57:39.130Z</Time><HeartRateBpm><Value>146</Value></HeartRateBpm><Extensions><TPX xmlns="http://www.garmin.com/xmlschemas/ActivityExtension/v2"><Speed>0.000000</Speed></TPX></Extensions></Trackpoint>
     <Trackpoint><Time>2026-02-03T20:57:40.130Z</Time><HeartRateBpm><Value>145</Value></HeartRateBpm><Extensions><TPX xmlns="http://www.garmin.com/xmlschemas/ActivityExtension/v2"><Speed>0.000000</Speed></TPX></Extensions></Trackpoint>
     <Trackpoint><Time>2026-02-03T20:57:42.130Z</Time><HeartRateBpm><Value>145</Value></HeartRateBpm><Extensions><TPX xmlns="http://www.garmin.com/xmlschemas/ActivityExtension/v2"><Speed>0.000000</Speed></TPX></Extensions></Trackpoint>
     <Trackpoint><Time>2026-02-03T20:57:44.130Z</Time><HeartRateBpm><Value>145</Value></HeartRateBpm><Extensions><TPX xmlns="http://www.garmin.com/xmlschemas/ActivityExtension/v2"><Speed>0.000000</Speed></TPX></Extensions></Trackpoint>
     <Trackpoint><Time>2026-02-03T20:57:45.130Z</Time><HeartRateBpm><Value>145</Value></HeartRateBpm><Extensions><TPX xmlns="http://www.garmin.com/xmlschemas/ActivityExtension/v2"><Speed>0.000000</Speed></TPX></Extensions></Trackpoint>
     <Trackpoint><Time>2026-02-03T20:57:47.130Z</Time><HeartRateBpm><Value>144</Value></HeartRateBpm><Extensions><TPX xmlns="http://www.garmin.com/xmlschemas/ActivityExtension/v2"><Speed>0.000000</Speed></TPX></Extensions></Trackpoint>
     <Trackpoint><Time>2026-02-03T20:57:48.130Z</Time><HeartRateBpm><Value>144</Value></HeartRateBpm><Extensions><TPX xmlns="http://www.garmin.com/xmlschemas/ActivityExtension/v2"><Speed>0.000000</Speed></TPX></Extensions></Trackpoint>
     <Trackpoint><Time>2026-02-03T20:57:50.130Z</Time><HeartRateBpm><Value>144</Value></HeartRateBpm><Extensions><TPX xmlns="http://www.garmin.com/xmlschemas/ActivityExtension/v2"><Speed>0.000000</Speed></TPX></Extensions></Trackpoint>
     <Trackpoint><Time>2026-02-03T20:57:52.130Z</Time><HeartRateBpm><Value>144</Value></HeartRateBpm><Extensions><TPX xmlns="http://www.garmin.com/xmlschemas/ActivityExtension/v2"><Speed>0.000000</Speed></TPX></Extensions></Trackpoint>
     <Trackpoint><Time>2026-02-03T20:57:54.130Z</Time><HeartRateBpm><Value>144</Value></HeartRateBpm><Extensions><TPX xmlns="http://www.garmin.com/xmlschemas/ActivityExtension/v2"><Speed>0.000000</Speed></TPX></Extensions></Trackpoint>
     <Trackpoint><Time>2026-02-03T20:57:55.130Z</Time><HeartRateBpm><Value>144</Value></HeartRateBpm><Extensions><TPX xmlns="http://www.garmin.com/xmlschemas/ActivityExtension/v2"><Speed>0.000000</Speed></TPX></Extensions></Trackpoint>
     <Trackpoint><Time>2026-02-03T20:57:57.130Z</Time><HeartRateBpm><Value>144</Value></HeartRateBpm><Extensions><TPX xmlns="http://www.garmin.com/xmlschemas/ActivityExtension/v2"><Speed>0.000000</Speed></TPX></Extensions></Trackpoint>
     <Trackpoint><Time>2026-02-03T20:57:58.130Z</Time><HeartRateBpm><Value>144</Value></HeartRateBpm><Extensions><TPX xmlns="http://www.garmin.com/xmlschemas/ActivityExtension/v2"><Speed>0.000000</Speed></TPX></Extensions></Trackpoint>
     <Trackpoint><Time>2026-02-03T20:57:59.130Z</Time><HeartRateBpm><Value>144</Value></HeartRateBpm><Extensions><TPX xmlns="http://www.garmin.com/xmlschemas/ActivityExtension/v2"><Speed>0.000000</Speed></TPX></Extensions></Trackpoint>
     <Trackpoint><Time>2026-02-03T20:58:00.130Z</Time><HeartRateBpm><Value>144</Value></HeartRateBpm><Extensions><TPX xmlns="http://www.garmin.com/xmlschemas/ActivityExtension/v2"><Speed>0.000000</Speed></TPX></Extensions></Trackpoint>
     <Trackpoint><Time>2026-02-03T20:58:02.129Z</Time><HeartRateBpm><Value>144</Value></HeartRateBpm><Extensions><TPX xmlns="http://www.garmin.com/xmlschemas/ActivityExtension/v2"><Speed>0.000000</Speed></TPX></Extensions></Trackpoint>
     <Trackpoint><Time>2026-02-03T20:58:03.130Z</Time><HeartRateBpm><Value>144</Value></HeartRateBpm><Extensions><TPX xmlns="http://www.garmin.com/xmlschemas/ActivityExtension/v2"><Speed>0.000000</Speed></TPX></Extensions></Trackpoint>
     <Trackpoint><Time>2026-02-03T20:58:04.130Z</Time><HeartRateBpm><Value>144</Value></HeartRateBpm><Extensions><TPX xmlns="http://www.garmin.com/xmlschemas/ActivityExtension/v2"><Speed>0.000000</Speed></TPX></Extensions></Trackpoint>
     <Trackpoint><Time>2026-02-03T20:58:05.130Z</Time><HeartRateBpm><Value>144</Value></HeartRateBpm><Extensions><TPX xmlns="http://www.garmin.com/xmlschemas/ActivityExtension/v2"><Speed>0.000000</Speed></TPX></Extensions></Trackpoint>
     <Trackpoint><Time>2026-02-03T20:58:07.130Z</Time><HeartRateBpm><Value>143</Value></HeartRateBpm><Extensions><TPX xmlns="http://www.garmin.com/xmlschemas/ActivityExtension/v2"><Speed>0.000000</Speed></TPX></Extensions></Trackpoint>
     <Trackpoint><Time>2026-02-03T20:58:08.143Z</Time><HeartRateBpm><Value>143</Value></HeartRateBpm><Extensions><TPX xmlns="http://www.garmin.com/xmlschemas/ActivityExtension/v2"><Speed>0.000000</Speed></TPX></Extensions></Trackpoint>
     <Trackpoint><Time>2026-02-03T20:58:10.130Z</Time><HeartRateBpm><Value>143</Value></HeartRateBpm><Extensions><TPX xmlns="http://www.garmin.com/xmlschemas/ActivityExtension/v2"><Speed>0.000000</Speed></TPX></Extensions></Trackpoint>
     <Trackpoint><Time>2026-02-03T20:58:11.130Z</Time><HeartRateBpm><Value>143</Value></HeartRateBpm><Extensions><TPX xmlns="http://www.garmin.com/xmlschemas/ActivityExtension/v2"><Speed>0.000000</Speed></TPX></Extensions></Trackpoint>
     <Trackpoint><Time>2026-02-03T20:58:12.130Z</Time><HeartRateBpm><Value>143</Value></HeartRateBpm><Extensions><TPX xmlns="http://www.garmin.com/xmlschemas/ActivityExtension/v2"><Speed>0.000000</Speed></TPX></Extensions></Trackpoint>
     <Trackpoint><Time>2026-02-03T20:58:13.244Z</Time><HeartRateBpm><Value>143</Value></HeartRateBpm><Extensions><TPX xmlns="http://www.garmin.com/xmlschemas/ActivityExtension/v2"><Speed>0.000000</Speed></TPX></Extensions></Trackpoint>
     <Trackpoint><Time>2026-02-03T20:58:15.130Z</Time><HeartRateBpm><Value>143</Value></HeartRateBpm><Extensions><TPX xmlns="http://www.garmin.com/xmlschemas/ActivityExtension/v2"><Speed>0.000000</Speed></TPX></Extensions></Trackpoint>
     <Trackpoint><Time>2026-02-03T20:58:16.130Z</Time><HeartRateBpm><Value>144</Value></HeartRateBpm><Extensions><TPX xmlns="http://www.garmin.com/xmlschemas/ActivityExtension/v2"><Speed>0.000000</Speed></TPX></Extensions></Trackpoint>
     <Trackpoint><Time>2026-02-03T20:58:18.130Z</Time><HeartRateBpm><Value>144</Value></HeartRateBpm><Extensions><TPX xmlns="http://www.garmin.com/xmlschemas/ActivityExtension/v2"><Speed>0.000000</Speed></TPX></Extensions></Trackpoint>
     <Trackpoint><Time>2026-02-03T20:58:20.130Z</Time><HeartRateBpm><Value>144</Value></HeartRateBpm><Extensions><TPX xmlns="http://www.garmin.com/xmlschemas/ActivityExtension/v2"><Speed>0.000000</Speed></TPX></Extensions></Trackpoint>
     <Trackpoint><Time>2026-02-03T20:58:21.130Z</Time><HeartRateBpm><Value>144</Value></HeartRateBpm><Extensions><TPX xmlns="http://www.garmin.com/xmlschemas/ActivityExtension/v2"><Speed>0.000000</Speed></TPX></Extensions></Trackpoint>
     <Trackpoint><Time>2026-02-03T20:58:23.130Z</Time><HeartRateBpm><Value>144</Value></HeartRateBpm><Extensions><TPX xmlns="http://www.garmin.com/xmlschemas/ActivityExtension/v2"><Speed>0.000000</Speed></TPX></Extensions></Trackpoint>
     <Trackpoint><Time>2026-02-03T20:58:25.130Z</Time><HeartRateBpm><Value>144</Value></HeartRateBpm><Extensions><TPX xmlns="http://www.garmin.com/xmlschemas/ActivityExtension/v2"><Speed>0.000000</Speed></TPX></Extensions></Trackpoint>
     <Trackpoint><Time>2026-02-03T20:58:27.130Z</Time><HeartRateBpm><Value>143</Value></HeartRateBpm><Extensions><TPX xmlns="http://www.garmin.com/xmlschemas/ActivityExtension/v2"><Speed>0.000000</Speed></TPX></Extensions></Trackpoint>
     <Trackpoint><Time>2026-02-03T20:58:28.130Z</Time><HeartRateBpm><Value>143</Value></HeartRateBpm><Extensions><TPX xmlns="http://www.garmin.com/xmlschemas/ActivityExtension/v2"><Speed>0.000000</Speed></TPX></Extensions></Trackpoint>
     <Trackpoint><Time>2026-02-03T20:58:30.130Z</Time><HeartRateBpm><Value>143</Value></HeartRateBpm><Extensions><TPX xmlns="http://www.garmin.com/xmlschemas/ActivityExtension/v2"><Speed>0.000000</Speed></TPX></Extensions></Trackpoint>
     <Trackpoint><Time>2026-02-03T20:58:32.130Z</Time><HeartRateBpm><Value>143</Value></HeartRateBpm><Extensions><TPX xmlns="http://www.garmin.com/xmlschemas/ActivityExtension/v2"><Speed>0.000000</Speed></TPX></Extensions></Trackpoint>
     <Trackpoint><Time>2026-02-03T20:58:33.651Z</Time><HeartRateBpm><Value>143</Value></HeartRateBpm><Extensions><TPX xmlns="http://www.garmin.com/xmlschemas/ActivityExtension/v2"><Speed>0.000000</Speed></TPX></Extensions></Trackpoint>
     <Trackpoint><Time>2026-02-03T20:58:35.130Z</Time><HeartRateBpm><Value>143</Value></HeartRateBpm><Extensions><TPX xmlns="http://www.garmin.com/xmlschemas/ActivityExtension/v2"><Speed>0.000000</Speed></TPX></Extensions></Trackpoint>
     <Trackpoint><Time>2026-02-03T20:58:36.180Z</Time><HeartRateBpm><Value>145</Value></HeartRateBpm><Extensions><TPX xmlns="http://www.garmin.com/xmlschemas/ActivityExtension/v2"><Speed>0.000000</Speed></TPX></Extensions></Trackpoint>
     <Trackpoint><Time>2026-02-03T20:58:38.130Z</Time><HeartRateBpm><Value>145</Value></HeartRateBpm><Extensions><TPX xmlns="http://www.garmin.com/xmlschemas/ActivityExtension/v2"><Speed>0.000000</Speed></TPX></Extensions></Trackpoint>
     <Trackpoint><Time>2026-02-03T20:58:40.130Z</Time><HeartRateBpm><Value>145</Value></HeartRateBpm><Extensions><TPX xmlns="http://www.garmin.com/xmlschemas/ActivityExtension/v2"><Speed>0.000000</Speed></TPX></Extensions></Trackpoint>
     <Trackpoint><Time>2026-02-03T20:58:41.277Z</Time><HeartRateBpm><Value>145</Value></HeartRateBpm><Extensions><TPX xmlns="http://www.garmin.com/xmlschemas/ActivityExtension/v2"><Speed>0.000000</Speed></TPX></Extensions></Trackpoint>
     <Trackpoint><Time>2026-02-03T20:58:43.130Z</Time><HeartRateBpm><Value>145</Value></HeartRateBpm><Extensions><TPX xmlns="http://www.garmin.com/xmlschemas/ActivityExtension/v2"><Speed>0.000000</Speed></TPX></Extensions></Trackpoint>
     <Trackpoint><Time>2026-02-03T20:58:45.130Z</Time><HeartRateBpm><Value>145</Value></HeartRateBpm><Extensions><TPX xmlns="http://www.garmin.com/xmlschemas/ActivityExtension/v2"><Speed>0.000000</Speed></TPX></Extensions></Trackpoint>
     <Trackpoint><Time>2026-02-03T20:58:46.374Z</Time><HeartRateBpm><Value>144</Value></HeartRateBpm><Extensions><TPX xmlns="http://www.garmin.com/xmlschemas/ActivityExtension/v2"><Speed>0.000000</Speed></TPX></Extensions></Trackpoint>
     <Trackpoint><Time>2026-02-03T20:58:48.130Z</Time><HeartRateBpm><Value>144</Value></HeartRateBpm><Extensions><TPX xmlns="http://www.garmin.com/xmlschemas/ActivityExtension/v2"><Speed>0.000000</Speed></TPX></Extensions></Trackpoint>
     <Trackpoint><Time>2026-02-03T20:58:50.130Z</Time><HeartRateBpm><Value>144</Value></HeartRateBpm><Extensions><TPX xmlns="http://www.garmin.com/xmlschemas/ActivityExtension/v2"><Speed>0.000000</Speed></TPX></Extensions></Trackpoint>
     <Trackpoint><Time>2026-02-03T20:58:51.473Z</Time><HeartRateBpm><Value>143</Value></HeartRateBpm><Extensions><TPX xmlns="http://www.garmin.com/xmlschemas/ActivityExtension/v2"><Speed>0.000000</Speed></TPX></Extensions></Trackpoint>
     <Trackpoint><Time>2026-02-03T20:58:53.130Z</Time><HeartRateBpm><Value>143</Value></HeartRateBpm><Extensions><TPX xmlns="http://www.garmin.com/xmlschemas/ActivityExtension/v2"><Speed>0.000000</Speed></TPX></Extensions></Trackpoint>
     <Trackpoint><Time>2026-02-03T20:58:55.130Z</Time><HeartRateBpm><Value>143</Value></HeartRateBpm><Extensions><TPX xmlns="http://www.garmin.com/xmlschemas/ActivityExtension/v2"><Speed>0.000000</Speed></TPX></Extensions></Trackpoint>
     <Trackpoint><Time>2026-02-03T20:58:56.576Z</Time><HeartRateBpm><Value>142</Value></HeartRateBpm><Extensions><TPX xmlns="http://www.garmin.com/xmlschemas/ActivityExtension/v2"><Speed>0.000000</Speed></TPX></Extensions></Trackpoint>
     <Trackpoint><Time>2026-02-03T20:58:58.130Z</Time><HeartRateBpm><Value>142</Value></HeartRateBpm><Extensions><TPX xmlns="http://www.garmin.com/xmlschemas/ActivityExtension/v2"><Speed>0.000000</Speed></TPX></Extensions></Trackpoint>
     <Trackpoint><Time>2026-02-03T20:59:00.130Z</Time><HeartRateBpm><Value>142</Value></HeartRateBpm><Extensions><TPX xmlns="http://www.garmin.com/xmlschemas/ActivityExtension/v2"><Speed>0.000000</Speed></TPX></Extensions></Trackpoint>
     <Trackpoint><Time>2026-02-03T20:59:01.130Z</Time><HeartRateBpm><Value>141</Value></HeartRateBpm><Extensions><TPX xmlns="http://www.garmin.com/xmlschemas/ActivityExtension/v2"><Speed>0.000000</Speed></TPX></Extensions></Trackpoint>
     <Trackpoint><Time>2026-02-03T20:59:02.130Z</Time><HeartRateBpm><Value>141</Value></HeartRateBpm><Extensions><TPX xmlns="http://www.garmin.com/xmlschemas/ActivityExtension/v2"><Speed>0.000000</Speed></TPX></Extensions></Trackpoint>
     <Trackpoint><Time>2026-02-03T20:59:04.130Z</Time><HeartRateBpm><Value>141</Value></HeartRateBpm><Extensions><TPX xmlns="http://www.garmin.com/xmlschemas/ActivityExtension/v2"><Speed>0.000000</Speed></TPX></Extensions></Trackpoint>
     <Trackpoint><Time>2026-02-03T20:59:05.503Z</Time><HeartRateBpm><Value>140</Value></HeartRateBpm><Extensions><TPX xmlns="http://www.garmin.com/xmlschemas/ActivityExtension/v2"><Speed>0.000000</Speed></TPX></Extensions></Trackpoint>
     <Trackpoint><Time>2026-02-03T20:59:06.776Z</Time><HeartRateBpm><Value>140</Value></HeartRateBpm><Extensions><TPX xmlns="http://www.garmin.com/xmlschemas/ActivityExtension/v2"><Speed>0.000000</Speed></TPX></Extensions></Trackpoint>
     <Trackpoint><Time>2026-02-03T20:59:08.130Z</Time><HeartRateBpm><Value>140</Value></HeartRateBpm><Extensions><TPX xmlns="http://www.garmin.com/xmlschemas/ActivityExtension/v2"><Speed>0.000000</Speed></TPX></Extensions></Trackpoint>
     <Trackpoint><Time>2026-02-03T20:59:09.320Z</Time><HeartRateBpm><Value>140</Value></HeartRateBpm><Extensions><TPX xmlns="http://www.garmin.com/xmlschemas/ActivityExtension/v2"><Speed>0.000000</Speed></TPX></Extensions></Trackpoint>
     <Trackpoint><Time>2026-02-03T20:59:10.976Z</Time><HeartRateBpm><Value>143</Value></HeartRateBpm><Extensions><TPX xmlns="http://www.garmin.com/xmlschemas/ActivityExtension/v2"><Speed>0.000000</Speed></TPX></Extensions></Trackpoint>
     <Trackpoint><Time>2026-02-03T20:59:12.130Z</Time><HeartRateBpm><Value>143</Value></HeartRateBpm><Extensions><TPX xmlns="http://www.garmin.com/xmlschemas/ActivityExtension/v2"><Speed>0.000000</Speed></TPX></Extensions></Trackpoint>
     <Trackpoint><Time>2026-02-03T20:59:13.130Z</Time><HeartRateBpm><Value>143</Value></HeartRateBpm><Extensions><TPX xmlns="http://www.garmin.com/xmlschemas/ActivityExtension/v2"><Speed>0.000000</Speed></TPX></Extensions></Trackpoint>
     <Trackpoint><Time>2026-02-03T20:59:14.417Z</Time><HeartRateBpm><Value>143</Value></HeartRateBpm><Extensions><TPX xmlns="http://www.garmin.com/xmlschemas/ActivityExtension/v2"><Speed>0.000000</Speed></TPX></Extensions></Trackpoint>
     <Trackpoint><Time>2026-02-03T20:59:15.506Z</Time><HeartRateBpm><Value>143</Value></HeartRateBpm><Extensions><TPX xmlns="http://www.garmin.com/xmlschemas/ActivityExtension/v2"><Speed>0.000000</Speed></TPX></Extensions></Trackpoint>
     <Trackpoint><Time>2026-02-03T20:59:16.973Z</Time><HeartRateBpm><Value>143</Value></HeartRateBpm><Extensions><TPX xmlns="http://www.garmin.com/xmlschemas/ActivityExtension/v2"><Speed>0.000000</Speed></TPX></Extensions></Trackpoint>
     <Trackpoint><Time>2026-02-03T20:59:18.130Z</Time><HeartRateBpm><Value>143</Value></HeartRateBpm><Extensions><TPX xmlns="http://www.garmin.com/xmlschemas/ActivityExtension/v2"><Speed>0.000000</Speed></TPX></Extensions></Trackpoint>
     <Trackpoint><Time>2026-02-03T20:59:19.520Z</Time><HeartRateBpm><Value>143</Value></HeartRateBpm><Extensions><TPX xmlns="http://www.garmin.com/xmlschemas/ActivityExtension/v2"><Speed>0.000000</Speed></TPX></Extensions></Trackpoint>
     <Trackpoint><Time>2026-02-03T20:59:20.547Z</Time><HeartRateBpm><Value>143</Value></HeartRateBpm><Extensions><TPX xmlns="http://www.garmin.com/xmlschemas/ActivityExtension/v2"><Speed>0.000000</Speed></TPX></Extensions></Trackpoint>
     <Trackpoint><Time>2026-02-03T20:59:22.067Z</Time><HeartRateBpm><Value>143</Value></HeartRateBpm><Extensions><TPX xmlns="http://www.garmin.com/xmlschemas/ActivityExtension/v2"><Speed>0.000000</Speed></TPX></Extensions></Trackpoint>
     <Trackpoint><Time>2026-02-03T20:59:23.130Z</Time><HeartRateBpm><Value>143</Value></HeartRateBpm><Extensions><TPX xmlns="http://www.garmin.com/xmlschemas/ActivityExtension/v2"><Speed>0.000000</Speed></TPX></Extensions></Trackpoint>
     <Trackpoint><Time>2026-02-03T20:59:24.627Z</Time><HeartRateBpm><Value>143</Value></HeartRateBpm><Extensions><TPX xmlns="http://www.garmin.com/xmlschemas/ActivityExtension/v2"><Speed>0.000000</Speed></TPX></Extensions></Trackpoint>
     <Trackpoint><Time>2026-02-03T20:59:25.974Z</Time><HeartRateBpm><Value>142</Value></HeartRateBpm><Extensions><TPX xmlns="http://www.garmin.com/xmlschemas/ActivityExtension/v2"><Speed>0.000000</Speed></TPX></Extensions></Trackpoint>
     <Trackpoint><Time>2026-02-03T20:59:27.130Z</Time><HeartRateBpm><Value>142</Value></HeartRateBpm><Extensions><TPX xmlns="http://www.garmin.com/xmlschemas/ActivityExtension/v2"><Speed>0.000000</Speed></TPX></Extensions></Trackpoint>
     <Trackpoint><Time>2026-02-03T20:59:28.130Z</Time><HeartRateBpm><Value>142</Value></HeartRateBpm><Extensions><TPX xmlns="http://www.garmin.com/xmlschemas/ActivityExtension/v2"><Speed>0.000000</Speed></TPX></Extensions></Trackpoint>
     <Trackpoint><Time>2026-02-03T20:59:29.720Z</Time><HeartRateBpm><Value>142</Value></HeartRateBpm><Extensions><TPX xmlns="http://www.garmin.com/xmlschemas/ActivityExtension/v2"><Speed>0.000000</Speed></TPX></Extensions></Trackpoint>
     <Trackpoint><Time>2026-02-03T20:59:31.130Z</Time><HeartRateBpm><Value>142</Value></HeartRateBpm><Extensions><TPX xmlns="http://www.garmin.com/xmlschemas/ActivityExtension/v2"><Speed>0.000000</Speed></TPX></Extensions></Trackpoint>
     <Trackpoint><Time>2026-02-03T20:59:32.261Z</Time><HeartRateBpm><Value>142</Value></HeartRateBpm><Extensions><TPX xmlns="http://www.garmin.com/xmlschemas/ActivityExtension/v2"><Speed>0.000000</Speed></TPX></Extensions></Trackpoint>
     <Trackpoint><Time>2026-02-03T20:59:34.130Z</Time><HeartRateBpm><Value>142</Value></HeartRateBpm><Extensions><TPX xmlns="http://www.garmin.com/xmlschemas/ActivityExtension/v2"><Speed>0.000000</Speed></TPX></Extensions></Trackpoint>
     <Trackpoint><Time>2026-02-03T20:59:35.130Z</Time><HeartRateBpm><Value>142</Value></HeartRateBpm><Extensions><TPX xmlns="http://www.garmin.com/xmlschemas/ActivityExtension/v2"><Speed>0.000000</Speed></TPX></Extensions></Trackpoint>
     <Trackpoint><Time>2026-02-03T20:59:37.130Z</Time><HeartRateBpm><Value>142</Value></HeartRateBpm><Extensions><TPX xmlns="http://www.garmin.com/xmlschemas/ActivityExtension/v2"><Speed>0.000000</Speed></TPX></Extensions></Trackpoint>
     <Trackpoint><Time>2026-02-03T20:59:39.130Z</Time><HeartRateBpm><Value>142</Value></HeartRateBpm><Extensions><TPX xmlns="http://www.garmin.com/xmlschemas/ActivityExtension/v2"><Speed>0.000000</Speed></TPX></Extensions></Trackpoint>
     <Trackpoint><Time>2026-02-03T20:59:41.130Z</Time><HeartRateBpm><Value>143</Value></HeartRateBpm><Extensions><TPX xmlns="http://www.garmin.com/xmlschemas/ActivityExtension/v2"><Speed>0.000000</Speed></TPX></Extensions></Trackpoint>
     <Trackpoint><Time>2026-02-03T20:59:42.453Z</Time><HeartRateBpm><Value>143</Value></HeartRateBpm><Extensions><TPX xmlns="http://www.garmin.com/xmlschemas/ActivityExtension/v2"><Speed>0.000000</Speed></TPX></Extensions></Trackpoint>
     <Trackpoint><Time>2026-02-03T20:59:44.130Z</Time><HeartRateBpm><Value>143</Value></HeartRateBpm><Extensions><TPX xmlns="http://www.garmin.com/xmlschemas/ActivityExtension/v2"><Speed>0.000000</Speed></TPX></Extensions></Trackpoint>
     <Trackpoint><Time>2026-02-03T20:59:46.130Z</Time><HeartRateBpm><Value>145</Value></HeartRateBpm><Extensions><TPX xmlns="http://www.garmin.com/xmlschemas/ActivityExtension/v2"><Speed>0.000000</Speed></TPX></Extensions></Trackpoint>
     <Trackpoint><Time>2026-02-03T20:59:47.130Z</Time><HeartRateBpm><Value>145</Value></HeartRateBpm><Extensions><TPX xmlns="http://www.garmin.com/xmlschemas/ActivityExtension/v2"><Speed>0.000000</Speed></TPX></Extensions></Trackpoint>
     <Trackpoint><Time>2026-02-03T20:59:48.130Z</Time><HeartRateBpm><Value>145</Value></HeartRateBpm><Extensions><TPX xmlns="http://www.garmin.com/xmlschemas/ActivityExtension/v2"><Speed>0.000000</Speed></TPX></Extensions></Trackpoint>
     <Trackpoint><Time>2026-02-03T20:59:50.106Z</Time><HeartRateBpm><Value>145</Value></HeartRateBpm><Extensions><TPX xmlns="http://www.garmin.com/xmlschemas/ActivityExtension/v2"><Speed>0.000000</Speed></TPX></Extensions></Trackpoint>
     <Trackpoint><Time>2026-02-03T20:59:51.130Z</Time><HeartRateBpm><Value>145</Value></HeartRateBpm><Extensions><TPX xmlns="http://www.garmin.com/xmlschemas/ActivityExtension/v2"><Speed>0.000000</Speed></TPX></Extensions></Trackpoint>
     <Trackpoint><Time>2026-02-03T20:59:52.130Z</Time><HeartRateBpm><Value>145</Value></HeartRateBpm><Extensions><TPX xmlns="http://www.garmin.com/xmlschemas/ActivityExtension/v2"><Speed>0.000000</Speed></TPX></Extensions></Trackpoint>
     <Trackpoint><Time>2026-02-03T20:59:54.130Z</Time><HeartRateBpm><Value>145</Value></HeartRateBpm><Extensions><TPX xmlns="http://www.garmin.com/xmlschemas/ActivityExtension/v2"><Speed>0.000000</Speed></TPX></Extensions></Trackpoint>
     <Trackpoint><Time>2026-02-03T20:59:55.203Z</Time><HeartRateBpm><Value>145</Value></HeartRateBpm><Extensions><TPX xmlns="http://www.garmin.com/xmlschemas/ActivityExtension/v2"><Speed>0.000000</Speed></TPX></Extensions></Trackpoint>
     <Trackpoint><Time>2026-02-03T20:59:57.130Z</Time><HeartRateBpm><Value>145</Value></HeartRateBpm><Extensions><TPX xmlns="http://www.garmin.com/xmlschemas/ActivityExtension/v2"><Speed>0.000000</Speed></TPX></Extensions></Trackpoint>
     <Trackpoint><Time>2026-02-03T20:59:58.130Z</Time><HeartRateBpm><Value>145</Value></HeartRateBpm><Extensions><TPX xmlns="http://www.garmin.com/xmlschemas/ActivityExtension/v2"><Speed>0.000000</Speed></TPX></Extensions></Trackpoint>
     <Trackpoint><Time>2026-02-03T20:59:59.130Z</Time><HeartRateBpm><Value>145</Value></HeartRateBpm><Extensions><TPX xmlns="http://www.garmin.com/xmlschemas/ActivityExtension/v2"><Speed>0.000000</Speed></TPX></Extensions></Trackpoint>
     <Trackpoint><Time>2026-02-03T21:00:00.130Z</Time><HeartRateBpm><Value>145</Value></HeartRateBpm><Extensions><TPX xmlns="http://www.garmin.com/xmlschemas/ActivityExtension/v2"><Speed>0.000000</Speed></TPX></Extensions></Trackpoint>
     <Trackpoint><Time>2026-02-03T21:00:02.129Z</Time><HeartRateBpm><Value>147</Value></HeartRateBpm><Extensions><TPX xmlns="http://www.garmin.com/xmlschemas/ActivityExtension/v2"><Speed>0.000000</Speed></TPX></Extensions></Trackpoint>
     <Trackpoint><Time>2026-02-03T21:00:03.130Z</Time><HeartRateBpm><Value>147</Value></HeartRateBpm><Extensions><TPX xmlns="http://www.garmin.com/xmlschemas/ActivityExtension/v2"><Speed>0.000000</Speed></TPX></Extensions></Trackpoint>
     <Trackpoint><Time>2026-02-03T21:00:04.130Z</Time><HeartRateBpm><Value>147</Value></HeartRateBpm><Extensions><TPX xmlns="http://www.garmin.com/xmlschemas/ActivityExtension/v2"><Speed>0.000000</Speed></TPX></Extensions></Trackpoint>
     <Trackpoint><Time>2026-02-03T21:00:05.130Z</Time><HeartRateBpm><Value>147</Value></HeartRateBpm><Extensions><TPX xmlns="http://www.garmin.com/xmlschemas/ActivityExtension/v2"><Speed>0.000000</Speed></TPX></Extensions></Trackpoint>
     <Trackpoint><Time>2026-02-03T21:00:07.130Z</Time><HeartRateBpm><Value>147</Value></HeartRateBpm><Extensions><TPX xmlns="http://www.garmin.com/xmlschemas/ActivityExtension/v2"><Speed>0.000000</Speed></TPX></Extensions></Trackpoint>
     <Trackpoint><Time>2026-02-03T21:00:08.130Z</Time><HeartRateBpm><Value>147</Value></HeartRateBpm><Extensions><TPX xmlns="http://www.garmin.com/xmlschemas/ActivityExtension/v2"><Speed>0.000000</Speed></TPX></Extensions></Trackpoint>
     <Trackpoint><Time>2026-02-03T21:00:10.130Z</Time><HeartRateBpm><Value>147</Value></HeartRateBpm><Extensions><TPX xmlns="http://www.garmin.com/xmlschemas/ActivityExtension/v2"><Speed>0.000000</Speed></TPX></Extensions></Trackpoint>
     <Trackpoint><Time>2026-02-03T21:00:12.130Z</Time><HeartRateBpm><Value>147</Value></HeartRateBpm><Extensions><TPX xmlns="http://www.garmin.com/xmlschemas/ActivityExtension/v2"><Speed>0.000000</Speed></TPX></Extensions></Trackpoint>
     <Trackpoint><Time>2026-02-03T21:00:14.130Z</Time><HeartRateBpm><Value>147</Value></HeartRateBpm><Extensions><TPX xmlns="http://www.garmin.com/xmlschemas/ActivityExtension/v2"><Speed>0.000000</Speed></TPX></Extensions></Trackpoint>
     <Trackpoint><Time>2026-02-03T21:00:15.130Z</Time><HeartRateBpm><Value>147</Value></HeartRateBpm><Extensions><TPX xmlns="http://www.garmin.com/xmlschemas/ActivityExtension/v2"><Speed>0.000000</Speed></TPX></Extensions></Trackpoint>
     <Trackpoint><Time>2026-02-03T21:00:17.130Z</Time><HeartRateBpm><Value>146</Value></HeartRateBpm><Extensions><TPX xmlns="http://www.garmin.com/xmlschemas/ActivityExtension/v2"><Speed>0.000000</Speed></TPX></Extensions></Trackpoint>
     <Trackpoint><Time>2026-02-03T21:00:18.130Z</Time><HeartRateBpm><Value>146</Value></HeartRateBpm><Extensions><TPX xmlns="http://www.garmin.com/xmlschemas/ActivityExtension/v2"><Speed>0.000000</Speed></TPX></Extensions></Trackpoint>
     <Trackpoint><Time>2026-02-03T21:00:20.130Z</Time><HeartRateBpm><Value>146</Value></HeartRateBpm><Extensions><TPX xmlns="http://www.garmin.com/xmlschemas/ActivityExtension/v2"><Speed>0.000000</Speed></TPX></Extensions></Trackpoint>
     <Trackpoint><Time>2026-02-03T21:00:21.130Z</Time><HeartRateBpm><Value>145</Value></HeartRateBpm><Extensions><TPX xmlns="http://www.garmin.com/xmlschemas/ActivityExtension/v2"><Speed>0.000000</Speed></TPX></Extensions></Trackpoint>
     <Trackpoint><Time>2026-02-03T21:00:23.130Z</Time><HeartRateBpm><Value>145</Value></HeartRateBpm><Extensions><TPX xmlns="http://www.garmin.com/xmlschemas/ActivityExtension/v2"><Speed>0.000000</Speed></TPX></Extensions></Trackpoint>
     <Trackpoint><Time>2026-02-03T21:00:25.130Z</Time><HeartRateBpm><Value>145</Value></HeartRateBpm><Extensions><TPX xmlns="http://www.garmin.com/xmlschemas/ActivityExtension/v2"><Speed>0.000000</Speed></TPX></Extensions></Trackpoint>
     <Trackpoint><Time>2026-02-03T21:00:26.130Z</Time><HeartRateBpm><Value>145</Value></HeartRateBpm><Extensions><TPX xmlns="http://www.garmin.com/xmlschemas/ActivityExtension/v2"><Speed>0.000000</Speed></TPX></Extensions></Trackpoint>
     <Trackpoint><Time>2026-02-03T21:00:27.130Z</Time><HeartRateBpm><Value>145</Value></HeartRateBpm><Extensions><TPX xmlns="http://www.garmin.com/xmlschemas/ActivityExtension/v2"><Speed>0.000000</Speed></TPX></Extensions></Trackpoint>
     <Trackpoint><Time>2026-02-03T21:00:28.130Z</Time><HeartRateBpm><Value>145</Value></HeartRateBpm><Extensions><TPX xmlns="http://www.garmin.com/xmlschemas/ActivityExtension/v2"><Speed>0.000000</Speed></TPX></Extensions></Trackpoint>
     <Trackpoint><Time>2026-02-03T21:00:30.130Z</Time><HeartRateBpm><Value>145</Value></HeartRateBpm><Extensions><TPX xmlns="http://www.garmin.com/xmlschemas/ActivityExtension/v2"><Speed>0.000000</Speed></TPX></Extensions></Trackpoint>
     <Trackpoint><Time>2026-02-03T21:00:31.130Z</Time><HeartRateBpm><Value>144</Value></HeartRateBpm><Extensions><TPX xmlns="http://www.garmin.com/xmlschemas/ActivityExtension/v2"><Speed>0.000000</Speed></TPX></Extensions></Trackpoint>
     <Trackpoint><Time>2026-02-03T21:00:33.130Z</Time><HeartRateBpm><Value>144</Value></HeartRateBpm><Extensions><TPX xmlns="http://www.garmin.com/xmlschemas/ActivityExtension/v2"><Speed>0.000000</Speed></TPX></Extensions></Trackpoint>
     <Trackpoint><Time>2026-02-03T21:00:34.130Z</Time><HeartRateBpm><Value>144</Value></HeartRateBpm><Extensions><TPX xmlns="http://www.garmin.com/xmlschemas/ActivityExtension/v2"><Speed>0.000000</Speed></TPX></Extensions></Trackpoint>
     <Trackpoint><Time>2026-02-03T21:00:35.130Z</Time><HeartRateBpm><Value>144</Value></HeartRateBpm><Extensions><TPX xmlns="http://www.garmin.com/xmlschemas/ActivityExtension/v2"><Speed>0.000000</Speed></TPX></Extensions></Trackpoint>
     <Trackpoint><Time>2026-02-03T21:00:37.130Z</Time><HeartRateBpm><Value>144</Value></HeartRateBpm><Extensions><TPX xmlns="http://www.garmin.com/xmlschemas/ActivityExtension/v2"><Speed>0.000000</Speed></TPX></Extensions></Trackpoint>
     <Trackpoint><Time>2026-02-03T21:00:38.130Z</Time><HeartRateBpm><Value>144</Value></HeartRateBpm><Extensions><TPX xmlns="http://www.garmin.com/xmlschemas/ActivityExtension/v2"><Speed>0.000000</Speed></TPX></Extensions></Trackpoint>
     <Trackpoint><Time>2026-02-03T21:00:40.130Z</Time><HeartRateBpm><Value>144</Value></HeartRateBpm><Extensions><TPX xmlns="http://www.garmin.com/xmlschemas/ActivityExtension/v2"><Speed>0.000000</Speed></TPX></Extensions></Trackpoint>
     <Trackpoint><Time>2026-02-03T21:00:41.130Z</Time><HeartRateBpm><Value>147</Value></HeartRateBpm><Extensions><TPX xmlns="http://www.garmin.com/xmlschemas/ActivityExtension/v2"><Speed>0.000000</Speed></TPX></Extensions></Trackpoint>
     <Trackpoint><Time>2026-02-03T21:00:42.167Z</Time><HeartRateBpm><Value>147</Value></HeartRateBpm><Extensions><TPX xmlns="http://www.garmin.com/xmlschemas/ActivityExtension/v2"><Speed>0.000000</Speed></TPX></Extensions></Trackpoint>
     <Trackpoint><Time>2026-02-03T21:00:43.652Z</Time><HeartRateBpm><Value>147</Value></HeartRateBpm><Extensions><TPX xmlns="http://www.garmin.com/xmlschemas/ActivityExtension/v2"><Speed>0.000000</Speed></TPX></Extensions></Trackpoint>
     <Trackpoint><Time>2026-02-03T21:00:45.130Z</Time><HeartRateBpm><Value>147</Value></HeartRateBpm><Extensions><TPX xmlns="http://www.garmin.com/xmlschemas/ActivityExtension/v2"><Speed>0.000000</Speed></TPX></Extensions></Trackpoint>
     <Trackpoint><Time>2026-02-03T21:00:46.130Z</Time><HeartRateBpm><Value>148</Value></HeartRateBpm><Extensions><TPX xmlns="http://www.garmin.com/xmlschemas/ActivityExtension/v2"><Speed>0.000000</Speed></TPX></Extensions></Trackpoint>
     <Trackpoint><Time>2026-02-03T21:00:48.130Z</Time><HeartRateBpm><Value>148</Value></HeartRateBpm><Extensions><TPX xmlns="http://www.garmin.com/xmlschemas/ActivityExtension/v2"><Speed>0.000000</Speed></TPX></Extensions></Trackpoint>
     <Trackpoint><Time>2026-02-03T21:00:50.130Z</Time><HeartRateBpm><Value>148</Value></HeartRateBpm><Extensions><TPX xmlns="http://www.garmin.com/xmlschemas/ActivityExtension/v2"><Speed>0.000000</Speed></TPX></Extensions></Trackpoint>
     <Trackpoint><Time>2026-02-03T21:00:51.130Z</Time><HeartRateBpm><Value>146</Value></HeartRateBpm><Extensions><TPX xmlns="http://www.garmin.com/xmlschemas/ActivityExtension/v2"><Speed>0.000000</Speed></TPX></Extensions></Trackpoint>
     <Trackpoint><Time>2026-02-03T21:00:53.130Z</Time><HeartRateBpm><Value>146</Value></HeartRateBpm><Extensions><TPX xmlns="http://www.garmin.com/xmlschemas/ActivityExtension/v2"><Speed>0.000000</Speed></TPX></Extensions></Trackpoint>
     <Trackpoint><Time>2026-02-03T21:00:55.130Z</Time><HeartRateBpm><Value>146</Value></HeartRateBpm><Extensions><TPX xmlns="http://www.garmin.com/xmlschemas/ActivityExtension/v2"><Speed>0.000000</Speed></TPX></Extensions></Trackpoint>
     <Trackpoint><Time>2026-02-03T21:00:56.391Z</Time><HeartRateBpm><Value>146</Value></HeartRateBpm><Extensions><TPX xmlns="http://www.garmin.com/xmlschemas/ActivityExtension/v2"><Speed>0.000000</Speed></TPX></Extensions></Trackpoint>
     <Trackpoint><Time>2026-02-03T21:00:58.130Z</Time><HeartRateBpm><Value>146</Value></HeartRateBpm><Extensions><TPX xmlns="http://www.garmin.com/xmlschemas/ActivityExtension/v2"><Speed>0.000000</Speed></TPX></Extensions></Trackpoint>
     <Trackpoint><Time>2026-02-03T21:00:59.130Z</Time><HeartRateBpm><Value>146</Value></HeartRateBpm><Extensions><TPX xmlns="http://www.garmin.com/xmlschemas/ActivityExtension/v2"><Speed>0.000000</Speed></TPX></Extensions></Trackpoint>
     <Trackpoint><Time>2026-02-03T21:01:00.130Z</Time><HeartRateBpm><Value>146</Value></HeartRateBpm><Extensions><TPX xmlns="http://www.garmin.com/xmlschemas/ActivityExtension/v2"><Speed>0.000000</Speed></TPX></Extensions></Trackpoint>
     <Trackpoint><Time>2026-02-03T21:01:01.493Z</Time><HeartRateBpm><Value>147</Value></HeartRateBpm><Extensions><TPX xmlns="http://www.garmin.com/xmlschemas/ActivityExtension/v2"><Speed>0.000000</Speed></TPX></Extensions></Trackpoint>
     <Trackpoint><Time>2026-02-03T21:01:03.130Z</Time><HeartRateBpm><Value>147</Value></HeartRateBpm><Extensions><TPX xmlns="http://www.garmin.com/xmlschemas/ActivityExtension/v2"><Speed>0.000000</Speed></TPX></Extensions></Trackpoint>
     <Trackpoint><Time>2026-02-03T21:01:05.130Z</Time><HeartRateBpm><Value>147</Value></HeartRateBpm><Extensions><TPX xmlns="http://www.garmin.com/xmlschemas/ActivityExtension/v2"><Speed>0.000000</Speed></TPX></Extensions></Trackpoint>
     <Trackpoint><Time>2026-02-03T21:01:06.130Z</Time><HeartRateBpm><Value>147</Value></HeartRateBpm><Extensions><TPX xmlns="http://www.garmin.com/xmlschemas/ActivityExtension/v2"><Speed>0.000000</Speed></TPX></Extensions></Trackpoint>
     <Trackpoint><Time>2026-02-03T21:01:08.130Z</Time><HeartRateBpm><Value>147</Value></HeartRateBpm><Extensions><TPX xmlns="http://www.garmin.com/xmlschemas/ActivityExtension/v2"><Speed>0.000000</Speed></TPX></Extensions></Trackpoint>
     <Trackpoint><Time>2026-02-03T21:01:10.130Z</Time><HeartRateBpm><Value>147</Value></HeartRateBpm><Extensions><TPX xmlns="http://www.garmin.com/xmlschemas/ActivityExtension/v2"><Speed>0.000000</Speed></TPX></Extensions></Trackpoint>
     <Trackpoint><Time>2026-02-03T21:01:11.674Z</Time><HeartRateBpm><Value>145</Value></HeartRateBpm><Extensions><TPX xmlns="http://www.garmin.com/xmlschemas/ActivityExtension/v2"><Speed>0.000000</Speed></TPX></Extensions></Trackpoint>
     <Trackpoint><Time>2026-02-03T21:01:13.130Z</Time><HeartRateBpm><Value>145</Value></HeartRateBpm><Extensions><TPX xmlns="http://www.garmin.com/xmlschemas/ActivityExtension/v2"><Speed>0.000000</Speed></TPX></Extensions></Trackpoint>
     <Trackpoint><Time>2026-02-03T21:01:14.130Z</Time><HeartRateBpm><Value>145</Value></HeartRateBpm><Extensions><TPX xmlns="http://www.garmin.com/xmlschemas/ActivityExtension/v2"><Speed>0.000000</Speed></TPX></Extensions></Trackpoint>
     <Trackpoint><Time>2026-02-03T21:01:16.014Z</Time><HeartRateBpm><Value>145</Value></HeartRateBpm><Extensions><TPX xmlns="http://www.garmin.com/xmlschemas/ActivityExtension/v2"><Speed>0.000000</Speed></TPX></Extensions></Trackpoint>
     <Trackpoint><Time>2026-02-03T21:01:17.129Z</Time><HeartRateBpm><Value>145</Value></HeartRateBpm><Extensions><TPX xmlns="http://www.garmin.com/xmlschemas/ActivityExtension/v2"><Speed>0.000000</Speed></TPX></Extensions></Trackpoint>
     <Trackpoint><Time>2026-02-03T21:01:18.130Z</Time><HeartRateBpm><Value>145</Value></HeartRateBpm><Extensions><TPX xmlns="http://www.garmin.com/xmlschemas/ActivityExtension/v2"><Speed>0.000000</Speed></TPX></Extensions></Trackpoint>
     <Trackpoint><Time>2026-02-03T21:01:19.321Z</Time><HeartRateBpm><Value>145</Value></HeartRateBpm><Extensions><TPX xmlns="http://www.garmin.com/xmlschemas/ActivityExtension/v2"><Speed>0.000000</Speed></TPX></Extensions></Trackpoint>
     <Trackpoint><Time>2026-02-03T21:01:20.538Z</Time><HeartRateBpm><Value>145</Value></HeartRateBpm><Extensions><TPX xmlns="http://www.garmin.com/xmlschemas/ActivityExtension/v2"><Speed>0.000000</Speed></TPX></Extensions></Trackpoint>
     <Trackpoint><Time>2026-02-03T21:01:21.871Z</Time><HeartRateBpm><Value>145</Value></HeartRateBpm><Extensions><TPX xmlns="http://www.garmin.com/xmlschemas/ActivityExtension/v2"><Speed>0.000000</Speed></TPX></Extensions></Trackpoint>
     <Trackpoint><Time>2026-02-03T21:01:23.129Z</Time><HeartRateBpm><Value>145</Value></HeartRateBpm><Extensions><TPX xmlns="http://www.garmin.com/xmlschemas/ActivityExtension/v2"><Speed>0.000000</Speed></TPX></Extensions></Trackpoint>
     <Trackpoint><Time>2026-02-03T21:01:24.129Z</Time><HeartRateBpm><Value>145</Value></HeartRateBpm><Extensions><TPX xmlns="http://www.garmin.com/xmlschemas/ActivityExtension/v2"><Speed>0.000000</Speed></TPX></Extensions></Trackpoint>
     <Trackpoint><Time>2026-02-03T21:01:25.130Z</Time><HeartRateBpm><Value>145</Value></HeartRateBpm><Extensions><TPX xmlns="http://www.garmin.com/xmlschemas/ActivityExtension/v2"><Speed>0.000000</Speed></TPX></Extensions></Trackpoint>
     <Trackpoint><Time>2026-02-03T21:01:26.970Z</Time><HeartRateBpm><Value>144</Value></HeartRateBpm><Extensions><TPX xmlns="http://www.garmin.com/xmlschemas/ActivityExtension/v2"><Speed>0.000000</Speed></TPX></Extensions></Trackpoint>
     <Trackpoint><Time>2026-02-03T21:01:28.129Z</Time><HeartRateBpm><Value>144</Value></HeartRateBpm><Extensions><TPX xmlns="http://www.garmin.com/xmlschemas/ActivityExtension/v2"><Speed>0.000000</Speed></TPX></Extensions></Trackpoint>
     <Trackpoint><Time>2026-02-03T21:01:29.512Z</Time><HeartRateBpm><Value>144</Value></HeartRateBpm><Extensions><TPX xmlns="http://www.garmin.com/xmlschemas/ActivityExtension/v2"><Speed>0.000000</Speed></TPX></Extensions></Trackpoint>
     <Trackpoint><Time>2026-02-03T21:01:30.541Z</Time><HeartRateBpm><Value>144</Value></HeartRateBpm><Extensions><TPX xmlns="http://www.garmin.com/xmlschemas/ActivityExtension/v2"><Speed>0.000000</Speed></TPX></Extensions></Trackpoint>
     <Trackpoint><Time>2026-02-03T21:01:32.067Z</Time><HeartRateBpm><Value>144</Value></HeartRateBpm><Extensions><TPX xmlns="http://www.garmin.com/xmlschemas/ActivityExtension/v2"><Speed>0.000000</Speed></TPX></Extensions></Trackpoint>
     <Trackpoint><Time>2026-02-03T21:01:33.129Z</Time><HeartRateBpm><Value>144</Value></HeartRateBpm><Extensions><TPX xmlns="http://www.garmin.com/xmlschemas/ActivityExtension/v2"><Speed>0.000000</Speed></TPX></Extensions></Trackpoint>
     <Trackpoint><Time>2026-02-03T21:01:34.129Z</Time><HeartRateBpm><Value>144</Value></HeartRateBpm><Extensions><TPX xmlns="http://www.garmin.com/xmlschemas/ActivityExtension/v2"><Speed>0.000000</Speed></TPX></Extensions></Trackpoint>
     <Trackpoint><Time>2026-02-03T21:01:35.130Z</Time><HeartRateBpm><Value>144</Value></HeartRateBpm><Extensions><TPX xmlns="http://www.garmin.com/xmlschemas/ActivityExtension/v2"><Speed>0.000000</Speed></TPX></Extensions></Trackpoint>
     <Trackpoint><Time>2026-02-03T21:01:37.130Z</Time><HeartRateBpm><Value>144</Value></HeartRateBpm><Extensions><TPX xmlns="http://www.garmin.com/xmlschemas/ActivityExtension/v2"><Speed>0.000000</Speed></TPX></Extensions></Trackpoint>
     <Trackpoint><Time>2026-02-03T21:01:39.129Z</Time><HeartRateBpm><Value>144</Value></HeartRateBpm><Extensions><TPX xmlns="http://www.garmin.com/xmlschemas/ActivityExtension/v2"><Speed>0.000000</Speed></TPX></Extensions></Trackpoint>
     <Trackpoint><Time>2026-02-03T21:01:40.129Z</Time><HeartRateBpm><Value>143</Value></HeartRateBpm><Extensions><TPX xmlns="http://www.garmin.com/xmlschemas/ActivityExtension/v2"><Speed>0.000000</Speed></TPX></Extensions></Trackpoint>
     <Trackpoint><Time>2026-02-03T21:01:41.130Z</Time><HeartRateBpm><Value>143</Value></HeartRateBpm><Extensions><TPX xmlns="http://www.garmin.com/xmlschemas/ActivityExtension/v2"><Speed>0.000000</Speed></TPX></Extensions></Trackpoint>
     <Trackpoint><Time>2026-02-03T21:01:42.265Z</Time><HeartRateBpm><Value>143</Value></HeartRateBpm><Extensions><TPX xmlns="http://www.garmin.com/xmlschemas/ActivityExtension/v2"><Speed>0.000000</Speed></TPX></Extensions></Trackpoint>
     <Trackpoint><Time>2026-02-03T21:01:44.129Z</Time><HeartRateBpm><Value>143</Value></HeartRateBpm><Extensions><TPX xmlns="http://www.garmin.com/xmlschemas/ActivityExtension/v2"><Speed>0.000000</Speed></TPX></Extensions></Trackpoint>
     <Trackpoint><Time>2026-02-03T21:01:46.129Z</Time><HeartRateBpm><Value>143</Value></HeartRateBpm><Extensions><TPX xmlns="http://www.garmin.com/xmlschemas/ActivityExtension/v2"><Speed>0.000000</Speed></TPX></Extensions></Trackpoint>
     <Trackpoint><Time>2026-02-03T21:01:47.129Z</Time><HeartRateBpm><Value>143</Value></HeartRateBpm><Extensions><TPX xmlns="http://www.garmin.com/xmlschemas/ActivityExtension/v2"><Speed>0.000000</Speed></TPX></Extensions></Trackpoint>
     <Trackpoint><Time>2026-02-03T21:01:49.129Z</Time><HeartRateBpm><Value>143</Value></HeartRateBpm><Extensions><TPX xmlns="http://www.garmin.com/xmlschemas/ActivityExtension/v2"><Speed>0.000000</Speed></TPX></Extensions></Trackpoint>
     <Trackpoint><Time>2026-02-03T21:01:50.129Z</Time><HeartRateBpm><Value>143</Value></HeartRateBpm><Extensions><TPX xmlns="http://www.garmin.com/xmlschemas/ActivityExtension/v2"><Speed>0.000000</Speed></TPX></Extensions></Trackpoint>
     <Trackpoint><Time>2026-02-03T21:01:52.130Z</Time><HeartRateBpm><Value>143</Value></HeartRateBpm><Extensions><TPX xmlns="http://www.garmin.com/xmlschemas/ActivityExtension/v2"><Speed>0.000000</Speed></TPX></Extensions></Trackpoint>
     <Trackpoint><Time>2026-02-03T21:01:54.129Z</Time><HeartRateBpm><Value>143</Value></HeartRateBpm><Extensions><TPX xmlns="http://www.garmin.com/xmlschemas/ActivityExtension/v2"><Speed>0.000000</Speed></TPX></Extensions></Trackpoint>
     <Trackpoint><Time>2026-02-03T21:01:55.129Z</Time><HeartRateBpm><Value>144</Value></HeartRateBpm><Extensions><TPX xmlns="http://www.garmin.com/xmlschemas/ActivityExtension/v2"><Speed>0.000000</Speed></TPX></Extensions></Trackpoint>
     <Trackpoint><Time>2026-02-03T21:01:57.129Z</Time><HeartRateBpm><Value>144</Value></HeartRateBpm><Extensions><TPX xmlns="http://www.garmin.com/xmlschemas/ActivityExtension/v2"><Speed>0.000000</Speed></TPX></Extensions></Trackpoint>
     <Trackpoint><Time>2026-02-03T21:01:59.129Z</Time><HeartRateBpm><Value>144</Value></HeartRateBpm><Extensions><TPX xmlns="http://www.garmin.com/xmlschemas/ActivityExtension/v2"><Speed>0.000000</Speed></TPX></Extensions></Trackpoint>
     <Trackpoint><Time>2026-02-03T21:02:01.129Z</Time><HeartRateBpm><Value>143</Value></HeartRateBpm><Extensions><TPX xmlns="http://www.garmin.com/xmlschemas/ActivityExtension/v2"><Speed>0.000000</Speed></TPX></Extensions></Trackpoint>
     <Trackpoint><Time>2026-02-03T21:02:02.129Z</Time><HeartRateBpm><Value>143</Value></HeartRateBpm><Extensions><TPX xmlns="http://www.garmin.com/xmlschemas/ActivityExtension/v2"><Speed>0.000000</Speed></TPX></Extensions></Trackpoint>
     <Trackpoint><Time>2026-02-03T21:02:04.129Z</Time><HeartRateBpm><Value>143</Value></HeartRateBpm><Extensions><TPX xmlns="http://www.garmin.com/xmlschemas/ActivityExtension/v2"><Speed>0.000000</Speed></TPX></Extensions></Trackpoint>
     <Trackpoint><Time>2026-02-03T21:02:05.204Z</Time><HeartRateBpm><Value>143</Value></HeartRateBpm><Extensions><TPX xmlns="http://www.garmin.com/xmlschemas/ActivityExtension/v2"><Speed>0.000000</Speed></TPX></Extensions></Trackpoint>
     <Trackpoint><Time>2026-02-03T21:02:07.129Z</Time><HeartRateBpm><Value>140</Value></HeartRateBpm><Extensions><TPX xmlns="http://www.garmin.com/xmlschemas/ActivityExtension/v2"><Speed>0.000000</Speed></TPX></Extensions></Trackpoint>
     <Trackpoint><Time>2026-02-03T21:02:08.129Z</Time><HeartRateBpm><Value>140</Value></HeartRateBpm><Extensions><TPX xmlns="http://www.garmin.com/xmlschemas/ActivityExtension/v2"><Speed>0.000000</Speed></TPX></Extensions></Trackpoint>
     <Trackpoint><Time>2026-02-03T21:02:10.129Z</Time><HeartRateBpm><Value>140</Value></HeartRateBpm><Extensions><TPX xmlns="http://www.garmin.com/xmlschemas/ActivityExtension/v2"><Speed>0.000000</Speed></TPX></Extensions></Trackpoint>
     <Trackpoint><Time>2026-02-03T21:02:12.129Z</Time><HeartRateBpm><Value>141</Value></HeartRateBpm><Extensions><TPX xmlns="http://www.garmin.com/xmlschemas/ActivityExtension/v2"><Speed>0.000000</Speed></TPX></Extensions></Trackpoint>
     <Trackpoint><Time>2026-02-03T21:02:13.129Z</Time><HeartRateBpm><Value>141</Value></HeartRateBpm><Extensions><TPX xmlns="http://www.garmin.com/xmlschemas/ActivityExtension/v2"><Speed>0.000000</Speed></TPX></Extensions></Trackpoint>
     <Trackpoint><Time>2026-02-03T21:02:14.129Z</Time><HeartRateBpm><Value>141</Value></HeartRateBpm><Extensions><TPX xmlns="http://www.garmin.com/xmlschemas/ActivityExtension/v2"><Speed>0.000000</Speed></TPX></Extensions></Trackpoint>
     <Trackpoint><Time>2026-02-03T21:02:15.129Z</Time><HeartRateBpm><Value>141</Value></HeartRateBpm><Extensions><TPX xmlns="http://www.garmin.com/xmlschemas/ActivityExtension/v2"><Speed>0.000000</Speed></TPX></Extensions></Trackpoint>
     <Trackpoint><Time>2026-02-03T21:02:17.129Z</Time><HeartRateBpm><Value>141</Value></HeartRateBpm><Extensions><TPX xmlns="http://www.garmin.com/xmlschemas/ActivityExtension/v2"><Speed>0.000000</Speed></TPX></Extensions></Trackpoint>
     <Trackpoint><Time>2026-02-03T21:02:18.129Z</Time><HeartRateBpm><Value>141</Value></HeartRateBpm><Extensions><TPX xmlns="http://www.garmin.com/xmlschemas/ActivityExtension/v2"><Speed>0.000000</Speed></TPX></Extensions></Trackpoint>
     <Trackpoint><Time>2026-02-03T21:02:20.129Z</Time><HeartRateBpm><Value>141</Value></HeartRateBpm><Extensions><TPX xmlns="http://www.garmin.com/xmlschemas/ActivityExtension/v2"><Speed>0.000000</Speed></TPX></Extensions></Trackpoint>
     <Trackpoint><Time>2026-02-03T21:02:21.129Z</Time><HeartRateBpm><Value>140</Value></HeartRateBpm><Extensions><TPX xmlns="http://www.garmin.com/xmlschemas/ActivityExtension/v2"><Speed>0.000000</Speed></TPX></Extensions></Trackpoint>
     <Trackpoint><Time>2026-02-03T21:02:23.052Z</Time><HeartRateBpm><Value>140</Value></HeartRateBpm><Extensions><TPX xmlns="http://www.garmin.com/xmlschemas/ActivityExtension/v2"><Speed>0.000000</Speed></TPX></Extensions></Trackpoint>
     <Trackpoint><Time>2026-02-03T21:02:24.129Z</Time><HeartRateBpm><Value>140</Value></HeartRateBpm><Extensions><TPX xmlns="http://www.garmin.com/xmlschemas/ActivityExtension/v2"><Speed>0.000000</Speed></TPX></Extensions></Trackpoint>
     <Trackpoint><Time>2026-02-03T21:02:25.129Z</Time><HeartRateBpm><Value>140</Value></HeartRateBpm><Extensions><TPX xmlns="http://www.garmin.com/xmlschemas/ActivityExtension/v2"><Speed>0.000000</Speed></TPX></Extensions></Trackpoint>
     <Trackpoint><Time>2026-02-03T21:02:27.129Z</Time><HeartRateBpm><Value>143</Value></HeartRateBpm><Extensions><TPX xmlns="http://www.garmin.com/xmlschemas/ActivityExtension/v2"><Speed>0.000000</Speed></TPX></Extensions></Trackpoint>
     <Trackpoint><Time>2026-02-03T21:02:28.129Z</Time><HeartRateBpm><Value>143</Value></HeartRateBpm><Extensions><TPX xmlns="http://www.garmin.com/xmlschemas/ActivityExtension/v2"><Speed>0.000000</Speed></TPX></Extensions></Trackpoint>
     <Trackpoint><Time>2026-02-03T21:02:30.129Z</Time><HeartRateBpm><Value>143</Value></HeartRateBpm><Extensions><TPX xmlns="http://www.garmin.com/xmlschemas/ActivityExtension/v2"><Speed>0.000000</Speed></TPX></Extensions></Trackpoint>
     <Trackpoint><Time>2026-02-03T21:02:32.129Z</Time><HeartRateBpm><Value>142</Value></HeartRateBpm><Extensions><TPX xmlns="http://www.garmin.com/xmlschemas/ActivityExtension/v2"><Speed>0.000000</Speed></TPX></Extensions></Trackpoint>
     <Trackpoint><Time>2026-02-03T21:02:33.245Z</Time><HeartRateBpm><Value>142</Value></HeartRateBpm><Extensions><TPX xmlns="http://www.garmin.com/xmlschemas/ActivityExtension/v2"><Speed>0.000000</Speed></TPX></Extensions></Trackpoint>
     <Trackpoint><Time>2026-02-03T21:02:35.129Z</Time><HeartRateBpm><Value>142</Value></HeartRateBpm><Extensions><TPX xmlns="http://www.garmin.com/xmlschemas/ActivityExtension/v2"><Speed>0.000000</Speed></TPX></Extensions></Trackpoint>
     <Trackpoint><Time>2026-02-03T21:02:37.129Z</Time><HeartRateBpm><Value>142</Value></HeartRateBpm><Extensions><TPX xmlns="http://www.garmin.com/xmlschemas/ActivityExtension/v2"><Speed>0.000000</Speed></TPX></Extensions></Trackpoint>
     <Trackpoint><Time>2026-02-03T21:02:38.343Z</Time><HeartRateBpm><Value>142</Value></HeartRateBpm><Extensions><TPX xmlns="http://www.garmin.com/xmlschemas/ActivityExtension/v2"><Speed>0.000000</Speed></TPX></Extensions></Trackpoint>
     <Trackpoint><Time>2026-02-03T21:02:40.129Z</Time><HeartRateBpm><Value>142</Value></HeartRateBpm><Extensions><TPX xmlns="http://www.garmin.com/xmlschemas/ActivityExtension/v2"><Speed>0.000000</Speed></TPX></Extensions></Trackpoint>
     <Trackpoint><Time>2026-02-03T21:02:42.129Z</Time><HeartRateBpm><Value>144</Value></HeartRateBpm><Extensions><TPX xmlns="http://www.garmin.com/xmlschemas/ActivityExtension/v2"><Speed>0.000000</Speed></TPX></Extensions></Trackpoint>
     <Trackpoint><Time>2026-02-03T21:02:43.433Z</Time><HeartRateBpm><Value>144</Value></HeartRateBpm><Extensions><TPX xmlns="http://www.garmin.com/xmlschemas/ActivityExtension/v2"><Speed>0.000000</Speed></TPX></Extensions></Trackpoint>
     <Trackpoint><Time>2026-02-03T21:02:45.129Z</Time><HeartRateBpm><Value>144</Value></HeartRateBpm><Extensions><TPX xmlns="http://www.garmin.com/xmlschemas/ActivityExtension/v2"><Speed>0.000000</Speed></TPX></Extensions></Trackpoint>
     <Trackpoint><Time>2026-02-03T21:02:46.129Z</Time><HeartRateBpm><Value>145</Value></HeartRateBpm><Extensions><TPX xmlns="http://www.garmin.com/xmlschemas/ActivityExtension/v2"><Speed>0.000000</Speed></TPX></Extensions></Trackpoint>
     <Trackpoint><Time>2026-02-03T21:02:47.129Z</Time><HeartRateBpm><Value>145</Value></HeartRateBpm><Extensions><TPX xmlns="http://www.garmin.com/xmlschemas/ActivityExtension/v2"><Speed>0.000000</Speed></TPX></Extensions></Trackpoint>
     <Trackpoint><Time>2026-02-03T21:02:48.537Z</Time><HeartRateBpm><Value>145</Value></HeartRateBpm><Extensions><TPX xmlns="http://www.garmin.com/xmlschemas/ActivityExtension/v2"><Speed>0.000000</Speed></TPX></Extensions></Trackpoint>
     <Trackpoint><Time>2026-02-03T21:02:50.129Z</Time><HeartRateBpm><Value>145</Value></HeartRateBpm><Extensions><TPX xmlns="http://www.garmin.com/xmlschemas/ActivityExtension/v2"><Speed>0.000000</Speed></TPX></Extensions></Trackpoint>
     <Trackpoint><Time>2026-02-03T21:02:52.129Z</Time><HeartRateBpm><Value>149</Value></HeartRateBpm><Extensions><TPX xmlns="http://www.garmin.com/xmlschemas/ActivityExtension/v2"><Speed>0.000000</Speed></TPX></Extensions></Trackpoint>
     <Trackpoint><Time>2026-02-03T21:02:53.636Z</Time><HeartRateBpm><Value>149</Value></HeartRateBpm><Extensions><TPX xmlns="http://www.garmin.com/xmlschemas/ActivityExtension/v2"><Speed>0.000000</Speed></TPX></Extensions></Trackpoint>
     <Trackpoint><Time>2026-02-03T21:02:55.129Z</Time><HeartRateBpm><Value>149</Value></HeartRateBpm><Extensions><TPX xmlns="http://www.garmin.com/xmlschemas/ActivityExtension/v2"><Speed>0.000000</Speed></TPX></Extensions></Trackpoint>
     <Trackpoint><Time>2026-02-03T21:02:56.187Z</Time><HeartRateBpm><Value>147</Value></HeartRateBpm><Extensions><TPX xmlns="http://www.garmin.com/xmlschemas/ActivityExtension/v2"><Speed>0.000000</Speed></TPX></Extensions></Trackpoint>
     <Trackpoint><Time>2026-02-03T21:02:58.129Z</Time><HeartRateBpm><Value>147</Value></HeartRateBpm><Extensions><TPX xmlns="http://www.garmin.com/xmlschemas/ActivityExtension/v2"><Speed>0.000000</Speed></TPX></Extensions></Trackpoint>
     <Trackpoint><Time>2026-02-03T21:02:59.129Z</Time><HeartRateBpm><Value>147</Value></HeartRateBpm><Extensions><TPX xmlns="http://www.garmin.com/xmlschemas/ActivityExtension/v2"><Speed>0.000000</Speed></TPX></Extensions></Trackpoint>
     <Trackpoint><Time>2026-02-03T21:03:00.512Z</Time><HeartRateBpm><Value>146</Value></HeartRateBpm><Extensions><TPX xmlns="http://www.garmin.com/xmlschemas/ActivityExtension/v2"><Speed>0.000000</Speed></TPX></Extensions></Trackpoint>
     <Trackpoint><Time>2026-02-03T21:03:02.129Z</Time><HeartRateBpm><Value>146</Value></HeartRateBpm><Extensions><TPX xmlns="http://www.garmin.com/xmlschemas/ActivityExtension/v2"><Speed>0.000000</Speed></TPX></Extensions></Trackpoint>
     <Trackpoint><Time>2026-02-03T21:03:03.129Z</Time><HeartRateBpm><Value>146</Value></HeartRateBpm><Extensions><TPX xmlns="http://www.garmin.com/xmlschemas/ActivityExtension/v2"><Speed>0.000000</Speed></TPX></Extensions></Trackpoint>
     <Trackpoint><Time>2026-02-03T21:03:05.129Z</Time><HeartRateBpm><Value>146</Value></HeartRateBpm><Extensions><TPX xmlns="http://www.garmin.com/xmlschemas/ActivityExtension/v2"><Speed>0.000000</Speed></TPX></Extensions></Trackpoint>
     <Trackpoint><Time>2026-02-03T21:03:06.382Z</Time><HeartRateBpm><Value>143</Value></HeartRateBpm><Extensions><TPX xmlns="http://www.garmin.com/xmlschemas/ActivityExtension/v2"><Speed>0.000000</Speed></TPX></Extensions></Trackpoint>
     <Trackpoint><Time>2026-02-03T21:03:08.129Z</Time><HeartRateBpm><Value>143</Value></HeartRateBpm><Extensions><TPX xmlns="http://www.garmin.com/xmlschemas/ActivityExtension/v2"><Speed>0.000000</Speed></TPX></Extensions></Trackpoint>
     <Trackpoint><Time>2026-02-03T21:03:10.129Z</Time><HeartRateBpm><Value>143</Value></HeartRateBpm><Extensions><TPX xmlns="http://www.garmin.com/xmlschemas/ActivityExtension/v2"><Speed>0.000000</Speed></TPX></Extensions></Trackpoint>
     <Trackpoint><Time>2026-02-03T21:03:11.493Z</Time><HeartRateBpm><Value>143</Value></HeartRateBpm><Extensions><TPX xmlns="http://www.garmin.com/xmlschemas/ActivityExtension/v2"><Speed>0.000000</Speed></TPX></Extensions></Trackpoint>
     <Trackpoint><Time>2026-02-03T21:03:13.129Z</Time><HeartRateBpm><Value>143</Value></HeartRateBpm><Extensions><TPX xmlns="http://www.garmin.com/xmlschemas/ActivityExtension/v2"><Speed>0.000000</Speed></TPX></Extensions></Trackpoint>
     <Trackpoint><Time>2026-02-03T21:03:14.129Z</Time><HeartRateBpm><Value>143</Value></HeartRateBpm><Extensions><TPX xmlns="http://www.garmin.com/xmlschemas/ActivityExtension/v2"><Speed>0.000000</Speed></TPX></Extensions></Trackpoint>
     <Trackpoint><Time>2026-02-03T21:03:15.507Z</Time><HeartRateBpm><Value>144</Value></HeartRateBpm><Extensions><TPX xmlns="http://www.garmin.com/xmlschemas/ActivityExtension/v2"><Speed>0.000000</Speed></TPX></Extensions></Trackpoint>
     <Trackpoint><Time>2026-02-03T21:03:16.582Z</Time><HeartRateBpm><Value>144</Value></HeartRateBpm><Extensions><TPX xmlns="http://www.garmin.com/xmlschemas/ActivityExtension/v2"><Speed>0.000000</Speed></TPX></Extensions></Trackpoint>
     <Trackpoint><Time>2026-02-03T21:03:18.129Z</Time><HeartRateBpm><Value>144</Value></HeartRateBpm><Extensions><TPX xmlns="http://www.garmin.com/xmlschemas/ActivityExtension/v2"><Speed>0.000000</Speed></TPX></Extensions></Trackpoint>
     <Trackpoint><Time>2026-02-03T21:03:20.129Z</Time><HeartRateBpm><Value>144</Value></HeartRateBpm><Extensions><TPX xmlns="http://www.garmin.com/xmlschemas/ActivityExtension/v2"><Speed>0.000000</Speed></TPX></Extensions></Trackpoint>
     <Trackpoint><Time>2026-02-03T21:03:21.676Z</Time><HeartRateBpm><Value>145</Value></HeartRateBpm><Extensions><TPX xmlns="http://www.garmin.com/xmlschemas/ActivityExtension/v2"><Speed>0.000000</Speed></TPX></Extensions></Trackpoint>
     <Trackpoint><Time>2026-02-03T21:03:23.129Z</Time><HeartRateBpm><Value>145</Value></HeartRateBpm><Extensions><TPX xmlns="http://www.garmin.com/xmlschemas/ActivityExtension/v2"><Speed>0.000000</Speed></TPX></Extensions></Trackpoint>
     <Trackpoint><Time>2026-02-03T21:03:24.129Z</Time><HeartRateBpm><Value>145</Value></HeartRateBpm><Extensions><TPX xmlns="http://www.garmin.com/xmlschemas/ActivityExtension/v2"><Speed>0.000000</Speed></TPX></Extensions></Trackpoint>
     <Trackpoint><Time>2026-02-03T21:03:26.018Z</Time><HeartRateBpm><Value>147</Value></HeartRateBpm><Extensions><TPX xmlns="http://www.garmin.com/xmlschemas/ActivityExtension/v2"><Speed>0.000000</Speed></TPX></Extensions></Trackpoint>
     <Trackpoint><Time>2026-02-03T21:03:27.129Z</Time><HeartRateBpm><Value>147</Value></HeartRateBpm><Extensions><TPX xmlns="http://www.garmin.com/xmlschemas/ActivityExtension/v2"><Speed>0.000000</Speed></TPX></Extensions></Trackpoint>
     <Trackpoint><Time>2026-02-03T21:03:29.129Z</Time><HeartRateBpm><Value>147</Value></HeartRateBpm><Extensions><TPX xmlns="http://www.garmin.com/xmlschemas/ActivityExtension/v2"><Speed>0.000000</Speed></TPX></Extensions></Trackpoint>
     <Trackpoint><Time>2026-02-03T21:03:30.541Z</Time><HeartRateBpm><Value>146</Value></HeartRateBpm><Extensions><TPX xmlns="http://www.garmin.com/xmlschemas/ActivityExtension/v2"><Speed>0.000000</Speed></TPX></Extensions></Trackpoint>
     <Trackpoint><Time>2026-02-03T21:03:31.880Z</Time><HeartRateBpm><Value>146</Value></HeartRateBpm><Extensions><TPX xmlns="http://www.garmin.com/xmlschemas/ActivityExtension/v2"><Speed>0.000000</Speed></TPX></Extensions></Trackpoint>
     <Trackpoint><Time>2026-02-03T21:03:33.129Z</Time><HeartRateBpm><Value>146</Value></HeartRateBpm><Extensions><TPX xmlns="http://www.garmin.com/xmlschemas/ActivityExtension/v2"><Speed>0.000000</Speed></TPX></Extensions></Trackpoint>
     <Trackpoint><Time>2026-02-03T21:03:34.129Z</Time><HeartRateBpm><Value>146</Value></HeartRateBpm><Extensions><TPX xmlns="http://www.garmin.com/xmlschemas/ActivityExtension/v2"><Speed>0.000000</Speed></TPX></Extensions></Trackpoint>
     <Trackpoint><Time>2026-02-03T21:03:36.001Z</Time><HeartRateBpm><Value>144</Value></HeartRateBpm><Extensions><TPX xmlns="http://www.garmin.com/xmlschemas/ActivityExtension/v2"><Speed>0.000000</Speed></TPX></Extensions></Trackpoint>
     <Trackpoint><Time>2026-02-03T21:03:37.129Z</Time><HeartRateBpm><Value>144</Value></HeartRateBpm><Extensions><TPX xmlns="http://www.garmin.com/xmlschemas/ActivityExtension/v2"><Speed>0.000000</Speed></TPX></Extensions></Trackpoint>
     <Trackpoint><Time>2026-02-03T21:03:38.129Z</Time><HeartRateBpm><Value>144</Value></HeartRateBpm><Extensions><TPX xmlns="http://www.garmin.com/xmlschemas/ActivityExtension/v2"><Speed>0.000000</Speed></TPX></Extensions></Trackpoint>
     <Trackpoint><Time>2026-02-03T21:03:39.524Z</Time><HeartRateBpm><Value>144</Value></HeartRateBpm><Extensions><TPX xmlns="http://www.garmin.com/xmlschemas/ActivityExtension/v2"><Speed>0.000000</Speed></TPX></Extensions></Trackpoint>
     <Trackpoint><Time>2026-02-03T21:03:40.546Z</Time><HeartRateBpm><Value>144</Value></HeartRateBpm><Extensions><TPX xmlns="http://www.garmin.com/xmlschemas/ActivityExtension/v2"><Speed>0.000000</Speed></TPX></Extensions></Trackpoint>
     <Trackpoint><Time>2026-02-03T21:03:42.068Z</Time><HeartRateBpm><Value>144</Value></HeartRateBpm><Extensions><TPX xmlns="http://www.garmin.com/xmlschemas/ActivityExtension/v2"><Speed>0.000000</Speed></TPX></Extensions></Trackpoint>
     <Trackpoint><Time>2026-02-03T21:03:43.129Z</Time><HeartRateBpm><Value>144</Value></HeartRateBpm><Extensions><TPX xmlns="http://www.garmin.com/xmlschemas/ActivityExtension/v2"><Speed>0.000000</Speed></TPX></Extensions></Trackpoint>
     <Trackpoint><Time>2026-02-03T21:03:44.129Z</Time><HeartRateBpm><Value>144</Value></HeartRateBpm><Extensions><TPX xmlns="http://www.garmin.com/xmlschemas/ActivityExtension/v2"><Speed>0.000000</Speed></TPX></Extensions></Trackpoint>
     <Trackpoint><Time>2026-02-03T21:03:45.129Z</Time><HeartRateBpm><Value>145</Value></HeartRateBpm><Extensions><TPX xmlns="http://www.garmin.com/xmlschemas/ActivityExtension/v2"><Speed>0.000000</Speed></TPX></Extensions></Trackpoint>
     <Trackpoint><Time>2026-02-03T21:03:47.129Z</Time><HeartRateBpm><Value>145</Value></HeartRateBpm><Extensions><TPX xmlns="http://www.garmin.com/xmlschemas/ActivityExtension/v2"><Speed>0.000000</Speed></TPX></Extensions></Trackpoint>
     <Trackpoint><Time>2026-02-03T21:03:49.129Z</Time><HeartRateBpm><Value>145</Value></HeartRateBpm><Extensions><TPX xmlns="http://www.garmin.com/xmlschemas/ActivityExtension/v2"><Speed>0.000000</Speed></TPX></Extensions></Trackpoint>
     <Trackpoint><Time>2026-02-03T21:03:51.129Z</Time><HeartRateBpm><Value>145</Value></HeartRateBpm><Extensions><TPX xmlns="http://www.garmin.com/xmlschemas/ActivityExtension/v2"><Speed>0.000000</Speed></TPX></Extensions></Trackpoint>
     <Trackpoint><Time>2026-02-03T21:03:52.265Z</Time><HeartRateBpm><Value>145</Value></HeartRateBpm><Extensions><TPX xmlns="http://www.garmin.com/xmlschemas/ActivityExtension/v2"><Speed>0.000000</Speed></TPX></Extensions></Trackpoint>
     <Trackpoint><Time>2026-02-03T21:03:54.129Z</Time><HeartRateBpm><Value>145</Value></HeartRateBpm><Extensions><TPX xmlns="http://www.garmin.com/xmlschemas/ActivityExtension/v2"><Speed>0.000000</Speed></TPX></Extensions></Trackpoint>
     <Trackpoint><Time>2026-02-03T21:03:56.129Z</Time><HeartRateBpm><Value>144</Value></HeartRateBpm><Extensions><TPX xmlns="http://www.garmin.com/xmlschemas/ActivityExtension/v2"><Speed>0.000000</Speed></TPX></Extensions></Trackpoint>
     <Trackpoint><Time>2026-02-03T21:03:57.129Z</Time><HeartRateBpm><Value>144</Value></HeartRateBpm><Extensions><TPX xmlns="http://www.garmin.com/xmlschemas/ActivityExtension/v2"><Speed>0.000000</Speed></TPX></Extensions></Trackpoint>
     <Trackpoint><Time>2026-02-03T21:03:58.129Z</Time><HeartRateBpm><Value>144</Value></HeartRateBpm><Extensions><TPX xmlns="http://www.garmin.com/xmlschemas/ActivityExtension/v2"><Speed>0.000000</Speed></TPX></Extensions></Trackpoint>
     <Trackpoint><Time>2026-02-03T21:03:59.913Z</Time><HeartRateBpm><Value>144</Value></HeartRateBpm><Extensions><TPX xmlns="http://www.garmin.com/xmlschemas/ActivityExtension/v2"><Speed>0.000000</Speed></TPX></Extensions></Trackpoint>
     <Trackpoint><Time>2026-02-03T21:04:00.981Z</Time><HeartRateBpm><Value>146</Value></HeartRateBpm><Extensions><TPX xmlns="http://www.garmin.com/xmlschemas/ActivityExtension/v2"><Speed>0.000000</Speed></TPX></Extensions></Trackpoint>
     <Trackpoint><Time>2026-02-03T21:04:02.129Z</Time><HeartRateBpm><Value>146</Value></HeartRateBpm><Extensions><TPX xmlns="http://www.garmin.com/xmlschemas/ActivityExtension/v2"><Speed>0.000000</Speed></TPX></Extensions></Trackpoint>
     <Trackpoint><Time>2026-02-03T21:04:04.129Z</Time><HeartRateBpm><Value>146</Value></HeartRateBpm><Extensions><TPX xmlns="http://www.garmin.com/xmlschemas/ActivityExtension/v2"><Speed>0.000000</Speed></TPX></Extensions></Trackpoint>
     <Trackpoint><Time>2026-02-03T21:04:06.129Z</Time><HeartRateBpm><Value>146</Value></HeartRateBpm><Extensions><TPX xmlns="http://www.garmin.com/xmlschemas/ActivityExtension/v2"><Speed>0.000000</Speed></TPX></Extensions></Trackpoint>
     <Trackpoint><Time>2026-02-03T21:04:07.129Z</Time><HeartRateBpm><Value>146</Value></HeartRateBpm><Extensions><TPX xmlns="http://www.garmin.com/xmlschemas/ActivityExtension/v2"><Speed>0.000000</Speed></TPX></Extensions></Trackpoint>
     <Trackpoint><Time>2026-02-03T21:04:08.129Z</Time><HeartRateBpm><Value>146</Value></HeartRateBpm><Extensions><TPX xmlns="http://www.garmin.com/xmlschemas/ActivityExtension/v2"><Speed>0.000000</Speed></TPX></Extensions></Trackpoint>
     <Trackpoint><Time>2026-02-03T21:04:10.115Z</Time><HeartRateBpm><Value>146</Value></HeartRateBpm><Extensions><TPX xmlns="http://www.garmin.com/xmlschemas/ActivityExtension/v2"><Speed>0.000000</Speed></TPX></Extensions></Trackpoint>
     <Trackpoint><Time>2026-02-03T21:04:11.129Z</Time><HeartRateBpm><Value>146</Value></HeartRateBpm><Extensions><TPX xmlns="http://www.garmin.com/xmlschemas/ActivityExtension/v2"><Speed>0.000000</Speed></TPX></Extensions></Trackpoint>
     <Trackpoint><Time>2026-02-03T21:04:12.657Z</Time><HeartRateBpm><Value>146</Value></HeartRateBpm><Extensions><TPX xmlns="http://www.garmin.com/xmlschemas/ActivityExtension/v2"><Speed>0.000000</Speed></TPX></Extensions></Trackpoint>
     <Trackpoint><Time>2026-02-03T21:04:14.129Z</Time><HeartRateBpm><Value>146</Value></HeartRateBpm><Extensions><TPX xmlns="http://www.garmin.com/xmlschemas/ActivityExtension/v2"><Speed>0.000000</Speed></TPX></Extensions></Trackpoint>
     <Trackpoint><Time>2026-02-03T21:04:15.129Z</Time><HeartRateBpm><Value>146</Value></HeartRateBpm><Extensions><TPX xmlns="http://www.garmin.com/xmlschemas/ActivityExtension/v2"><Speed>0.000000</Speed></TPX></Extensions></Trackpoint>
     <Trackpoint><Time>2026-02-03T21:04:17.129Z</Time><HeartRateBpm><Value>146</Value></HeartRateBpm><Extensions><TPX xmlns="http://www.garmin.com/xmlschemas/ActivityExtension/v2"><Speed>0.000000</Speed></TPX></Extensions></Trackpoint>
     <Trackpoint><Time>2026-02-03T21:04:18.129Z</Time><HeartRateBpm><Value>146</Value></HeartRateBpm><Extensions><TPX xmlns="http://www.garmin.com/xmlschemas/ActivityExtension/v2"><Speed>0.000000</Speed></TPX></Extensions></Trackpoint>
     <Trackpoint><Time>2026-02-03T21:04:19.129Z</Time><HeartRateBpm><Value>146</Value></HeartRateBpm><Extensions><TPX xmlns="http://www.garmin.com/xmlschemas/ActivityExtension/v2"><Speed>0.000000</Speed></TPX></Extensions></Trackpoint>
     <Trackpoint><Time>2026-02-03T21:04:20.308Z</Time><HeartRateBpm><Value>146</Value></HeartRateBpm><Extensions><TPX xmlns="http://www.garmin.com/xmlschemas/ActivityExtension/v2"><Speed>0.000000</Speed></TPX></Extensions></Trackpoint>
     <Trackpoint><Time>2026-02-03T21:04:22.129Z</Time><HeartRateBpm><Value>146</Value></HeartRateBpm><Extensions><TPX xmlns="http://www.garmin.com/xmlschemas/ActivityExtension/v2"><Speed>0.000000</Speed></TPX></Extensions></Trackpoint>
     <Trackpoint><Time>2026-02-03T21:04:23.129Z</Time><HeartRateBpm><Value>146</Value></HeartRateBpm><Extensions><TPX xmlns="http://www.garmin.com/xmlschemas/ActivityExtension/v2"><Speed>0.000000</Speed></TPX></Extensions></Trackpoint>
     <Trackpoint><Time>2026-02-03T21:04:25.129Z</Time><HeartRateBpm><Value>146</Value></HeartRateBpm><Extensions><TPX xmlns="http://www.garmin.com/xmlschemas/ActivityExtension/v2"><Speed>0.000000</Speed></TPX></Extensions></Trackpoint>
     <Trackpoint><Time>2026-02-03T21:04:27.129Z</Time><HeartRateBpm><Value>146</Value></HeartRateBpm><Extensions><TPX xmlns="http://www.garmin.com/xmlschemas/ActivityExtension/v2"><Speed>0.000000</Speed></TPX></Extensions></Trackpoint>
     <Trackpoint><Time>2026-02-03T21:04:28.129Z</Time><HeartRateBpm><Value>146</Value></HeartRateBpm><Extensions><TPX xmlns="http://www.garmin.com/xmlschemas/ActivityExtension/v2"><Speed>0.000000</Speed></TPX></Extensions></Trackpoint>
     <Trackpoint><Time>2026-02-03T21:04:30.129Z</Time><HeartRateBpm><Value>146</Value></HeartRateBpm><Extensions><TPX xmlns="http://www.garmin.com/xmlschemas/ActivityExtension/v2"><Speed>0.000000</Speed></TPX></Extensions></Trackpoint>
     <Trackpoint><Time>2026-02-03T21:04:32.129Z</Time><HeartRateBpm><Value>143</Value></HeartRateBpm><Extensions><TPX xmlns="http://www.garmin.com/xmlschemas/ActivityExtension/v2"><Speed>0.000000</Speed></TPX></Extensions></Trackpoint>
     <Trackpoint><Time>2026-02-03T21:04:34.129Z</Time><HeartRateBpm><Value>143</Value></HeartRateBpm><Extensions><TPX xmlns="http://www.garmin.com/xmlschemas/ActivityExtension/v2"><Speed>0.000000</Speed></TPX></Extensions></Trackpoint>
     <Trackpoint><Time>2026-02-03T21:04:35.129Z</Time><HeartRateBpm><Value>143</Value></HeartRateBpm><Extensions><TPX xmlns="http://www.garmin.com/xmlschemas/ActivityExtension/v2"><Speed>0.000000</Speed></TPX></Extensions></Trackpoint>
     <Trackpoint><Time>2026-02-03T21:04:37.129Z</Time><HeartRateBpm><Value>142</Value></HeartRateBpm><Extensions><TPX xmlns="http://www.garmin.com/xmlschemas/ActivityExtension/v2"><Speed>0.000000</Speed></TPX></Extensions></Trackpoint>
     <Trackpoint><Time>2026-02-03T21:04:38.146Z</Time><HeartRateBpm><Value>142</Value></HeartRateBpm><Extensions><TPX xmlns="http://www.garmin.com/xmlschemas/ActivityExtension/v2"><Speed>0.000000</Speed></TPX></Extensions></Trackpoint>
     <Trackpoint><Time>2026-02-03T21:04:40.129Z</Time><HeartRateBpm><Value>142</Value></HeartRateBpm><Extensions><TPX xmlns="http://www.garmin.com/xmlschemas/ActivityExtension/v2"><Speed>0.000000</Speed></TPX></Extensions></Trackpoint>
     <Trackpoint><Time>2026-02-03T21:04:42.129Z</Time><HeartRateBpm><Value>142</Value></HeartRateBpm><Extensions><TPX xmlns="http://www.garmin.com/xmlschemas/ActivityExtension/v2"><Speed>0.000000</Speed></TPX></Extensions></Trackpoint>
     <Trackpoint><Time>2026-02-03T21:04:43.129Z</Time><HeartRateBpm><Value>142</Value></HeartRateBpm><Extensions><TPX xmlns="http://www.garmin.com/xmlschemas/ActivityExtension/v2"><Speed>0.000000</Speed></TPX></Extensions></Trackpoint>
     <Trackpoint><Time>2026-02-03T21:04:45.129Z</Time><HeartRateBpm><Value>142</Value></HeartRateBpm><Extensions><TPX xmlns="http://www.garmin.com/xmlschemas/ActivityExtension/v2"><Speed>0.000000</Speed></TPX></Extensions></Trackpoint>
     <Trackpoint><Time>2026-02-03T21:04:47.129Z</Time><HeartRateBpm><Value>144</Value></HeartRateBpm><Extensions><TPX xmlns="http://www.garmin.com/xmlschemas/ActivityExtension/v2"><Speed>0.000000</Speed></TPX></Extensions></Trackpoint>
     <Trackpoint><Time>2026-02-03T21:04:48.129Z</Time><HeartRateBpm><Value>144</Value></HeartRateBpm><Extensions><TPX xmlns="http://www.garmin.com/xmlschemas/ActivityExtension/v2"><Speed>0.000000</Speed></TPX></Extensions></Trackpoint>
     <Trackpoint><Time>2026-02-03T21:04:50.129Z</Time><HeartRateBpm><Value>144</Value></HeartRateBpm><Extensions><TPX xmlns="http://www.garmin.com/xmlschemas/ActivityExtension/v2"><Speed>0.000000</Speed></TPX></Extensions></Trackpoint>
     <Trackpoint><Time>2026-02-03T21:04:52.129Z</Time><HeartRateBpm><Value>144</Value></HeartRateBpm><Extensions><TPX xmlns="http://www.garmin.com/xmlschemas/ActivityExtension/v2"><Speed>0.000000</Speed></TPX></Extensions></Trackpoint>
     <Trackpoint><Time>2026-02-03T21:04:53.129Z</Time><HeartRateBpm><Value>144</Value></HeartRateBpm><Extensions><TPX xmlns="http://www.garmin.com/xmlschemas/ActivityExtension/v2"><Speed>0.000000</Speed></TPX></Extensions></Trackpoint>
     <Trackpoint><Time>2026-02-03T21:04:55.129Z</Time><HeartRateBpm><Value>144</Value></HeartRateBpm><Extensions><TPX xmlns="http://www.garmin.com/xmlschemas/ActivityExtension/v2"><Speed>0.000000</Speed></TPX></Extensions></Trackpoint>
     <Trackpoint><Time>2026-02-03T21:04:56.129Z</Time><HeartRateBpm><Value>146</Value></HeartRateBpm><Extensions><TPX xmlns="http://www.garmin.com/xmlschemas/ActivityExtension/v2"><Speed>0.000000</Speed></TPX></Extensions></Trackpoint>
     <Trackpoint><Time>2026-02-03T21:04:57.129Z</Time><HeartRateBpm><Value>146</Value></HeartRateBpm><Extensions><TPX xmlns="http://www.garmin.com/xmlschemas/ActivityExtension/v2"><Speed>0.000000</Speed></TPX></Extensions></Trackpoint>
     <Trackpoint><Time>2026-02-03T21:04:58.538Z</Time><HeartRateBpm><Value>146</Value></HeartRateBpm><Extensions><TPX xmlns="http://www.garmin.com/xmlschemas/ActivityExtension/v2"><Speed>0.000000</Speed></TPX></Extensions></Trackpoint>
     <Trackpoint><Time>2026-02-03T21:05:00.132Z</Time><HeartRateBpm><Value>146</Value></HeartRateBpm><Extensions><TPX xmlns="http://www.garmin.com/xmlschemas/ActivityExtension/v2"><Speed>0.000000</Speed></TPX></Extensions></Trackpoint>
     <Trackpoint><Time>2026-02-03T21:05:02.129Z</Time><HeartRateBpm><Value>147</Value></HeartRateBpm><Extensions><TPX xmlns="http://www.garmin.com/xmlschemas/ActivityExtension/v2"><Speed>0.000000</Speed></TPX></Extensions></Trackpoint>
     <Trackpoint><Time>2026-02-03T21:05:03.642Z</Time><HeartRateBpm><Value>147</Value></HeartRateBpm><Extensions><TPX xmlns="http://www.garmin.com/xmlschemas/ActivityExtension/v2"><Speed>0.000000</Speed></TPX></Extensions></Trackpoint>
     <Trackpoint><Time>2026-02-03T21:05:05.129Z</Time><HeartRateBpm><Value>147</Value></HeartRateBpm><Extensions><TPX xmlns="http://www.garmin.com/xmlschemas/ActivityExtension/v2"><Speed>0.000000</Speed></TPX></Extensions></Trackpoint>
     <Trackpoint><Time>2026-02-03T21:05:06.129Z</Time><HeartRateBpm><Value>147</Value></HeartRateBpm><Extensions><TPX xmlns="http://www.garmin.com/xmlschemas/ActivityExtension/v2"><Speed>0.000000</Speed></TPX></Extensions></Trackpoint>
     <Trackpoint><Time>2026-02-03T21:05:08.129Z</Time><HeartRateBpm><Value>147</Value></HeartRateBpm><Extensions><TPX xmlns="http://www.garmin.com/xmlschemas/ActivityExtension/v2"><Speed>0.000000</Speed></TPX></Extensions></Trackpoint>
     <Trackpoint><Time>2026-02-03T21:05:10.129Z</Time><HeartRateBpm><Value>147</Value></HeartRateBpm><Extensions><TPX xmlns="http://www.garmin.com/xmlschemas/ActivityExtension/v2"><Speed>0.000000</Speed></TPX></Extensions></Trackpoint>
     <Trackpoint><Time>2026-02-03T21:05:11.294Z</Time><HeartRateBpm><Value>146</Value></HeartRateBpm><Extensions><TPX xmlns="http://www.garmin.com/xmlschemas/ActivityExtension/v2"><Speed>0.000000</Speed></TPX></Extensions></Trackpoint>
     <Trackpoint><Time>2026-02-03T21:05:13.129Z</Time><HeartRateBpm><Value>146</Value></HeartRateBpm><Extensions><TPX xmlns="http://www.garmin.com/xmlschemas/ActivityExtension/v2"><Speed>0.000000</Speed></TPX></Extensions></Trackpoint>
     <Trackpoint><Time>2026-02-03T21:05:15.129Z</Time><HeartRateBpm><Value>146</Value></HeartRateBpm><Extensions><TPX xmlns="http://www.garmin.com/xmlschemas/ActivityExtension/v2"><Speed>0.000000</Speed></TPX></Extensions></Trackpoint>
     <Trackpoint><Time>2026-02-03T21:05:16.129Z</Time><HeartRateBpm><Value>144</Value></HeartRateBpm><Extensions><TPX xmlns="http://www.garmin.com/xmlschemas/ActivityExtension/v2"><Speed>0.000000</Speed></TPX></Extensions></Trackpoint>
     <Trackpoint><Time>2026-02-03T21:05:18.129Z</Time><HeartRateBpm><Value>144</Value></HeartRateBpm><Extensions><TPX xmlns="http://www.garmin.com/xmlschemas/ActivityExtension/v2"><Speed>0.000000</Speed></TPX></Extensions></Trackpoint>
     <Trackpoint><Time>2026-02-03T21:05:20.129Z</Time><HeartRateBpm><Value>144</Value></HeartRateBpm><Extensions><TPX xmlns="http://www.garmin.com/xmlschemas/ActivityExtension/v2"><Speed>0.000000</Speed></TPX></Extensions></Trackpoint>
     <Trackpoint><Time>2026-02-03T21:05:21.483Z</Time><HeartRateBpm><Value>143</Value></HeartRateBpm><Extensions><TPX xmlns="http://www.garmin.com/xmlschemas/ActivityExtension/v2"><Speed>0.000000</Speed></TPX></Extensions></Trackpoint>
     <Trackpoint><Time>2026-02-03T21:05:23.129Z</Time><HeartRateBpm><Value>143</Value></HeartRateBpm><Extensions><TPX xmlns="http://www.garmin.com/xmlschemas/ActivityExtension/v2"><Speed>0.000000</Speed></TPX></Extensions></Trackpoint>
     <Trackpoint><Time>2026-02-03T21:05:24.129Z</Time><HeartRateBpm><Value>143</Value></HeartRateBpm><Extensions><TPX xmlns="http://www.garmin.com/xmlschemas/ActivityExtension/v2"><Speed>0.000000</Speed></TPX></Extensions></Trackpoint>
     <Trackpoint><Time>2026-02-03T21:05:26.033Z</Time><HeartRateBpm><Value>138</Value></HeartRateBpm><Extensions><TPX xmlns="http://www.garmin.com/xmlschemas/ActivityExtension/v2"><Speed>0.000000</Speed></TPX></Extensions></Trackpoint>
     <Trackpoint><Time>2026-02-03T21:05:27.129Z</Time><HeartRateBpm><Value>138</Value></HeartRateBpm><Extensions><TPX xmlns="http://www.garmin.com/xmlschemas/ActivityExtension/v2"><Speed>0.000000</Speed></TPX></Extensions></Trackpoint>
     <Trackpoint><Time>2026-02-03T21:05:29.128Z</Time><HeartRateBpm><Value>138</Value></HeartRateBpm><Extensions><TPX xmlns="http://www.garmin.com/xmlschemas/ActivityExtension/v2"><Speed>0.000000</Speed></TPX></Extensions></Trackpoint>
     <Trackpoint><Time>2026-02-03T21:05:30.129Z</Time><HeartRateBpm><Value>138</Value></HeartRateBpm><Extensions><TPX xmlns="http://www.garmin.com/xmlschemas/ActivityExtension/v2"><Speed>0.000000</Speed></TPX></Extensions></Trackpoint>
     <Trackpoint><Time>2026-02-03T21:05:31.676Z</Time><HeartRateBpm><Value>138</Value></HeartRateBpm><Extensions><TPX xmlns="http://www.garmin.com/xmlschemas/ActivityExtension/v2"><Speed>0.000000</Speed></TPX></Extensions></Trackpoint>
     <Trackpoint><Time>2026-02-03T21:05:33.129Z</Time><HeartRateBpm><Value>138</Value></HeartRateBpm><Extensions><TPX xmlns="http://www.garmin.com/xmlschemas/ActivityExtension/v2"><Speed>0.000000</Speed></TPX></Extensions></Trackpoint>
     <Trackpoint><Time>2026-02-03T21:05:34.129Z</Time><HeartRateBpm><Value>138</Value></HeartRateBpm><Extensions><TPX xmlns="http://www.garmin.com/xmlschemas/ActivityExtension/v2"><Speed>0.000000</Speed></TPX></Extensions></Trackpoint>
     <Trackpoint><Time>2026-02-03T21:05:35.508Z</Time><HeartRateBpm><Value>140</Value></HeartRateBpm><Extensions><TPX xmlns="http://www.garmin.com/xmlschemas/ActivityExtension/v2"><Speed>0.000000</Speed></TPX></Extensions></Trackpoint>
     <Trackpoint><Time>2026-02-03T21:05:36.789Z</Time><HeartRateBpm><Value>140</Value></HeartRateBpm><Extensions><TPX xmlns="http://www.garmin.com/xmlschemas/ActivityExtension/v2"><Speed>0.000000</Speed></TPX></Extensions></Trackpoint>
     <Trackpoint><Time>2026-02-03T21:05:38.129Z</Time><HeartRateBpm><Value>140</Value></HeartRateBpm><Extensions><TPX xmlns="http://www.garmin.com/xmlschemas/ActivityExtension/v2"><Speed>0.000000</Speed></TPX></Extensions></Trackpoint>
     <Trackpoint><Time>2026-02-03T21:05:39.129Z</Time><HeartRateBpm><Value>140</Value></HeartRateBpm><Extensions><TPX xmlns="http://www.garmin.com/xmlschemas/ActivityExtension/v2"><Speed>0.000000</Speed></TPX></Extensions></Trackpoint>
     <Trackpoint><Time>2026-02-03T21:05:40.510Z</Time><HeartRateBpm><Value>138</Value></HeartRateBpm><Extensions><TPX xmlns="http://www.garmin.com/xmlschemas/ActivityExtension/v2"><Speed>0.000000</Speed></TPX></Extensions></Trackpoint>
     <Trackpoint><Time>2026-02-03T21:05:41.873Z</Time><HeartRateBpm><Value>138</Value></HeartRateBpm><Extensions><TPX xmlns="http://www.garmin.com/xmlschemas/ActivityExtension/v2"><Speed>0.000000</Speed></TPX></Extensions></Trackpoint>
     <Trackpoint><Time>2026-02-03T21:05:43.129Z</Time><HeartRateBpm><Value>138</Value></HeartRateBpm><Extensions><TPX xmlns="http://www.garmin.com/xmlschemas/ActivityExtension/v2"><Speed>0.000000</Speed></TPX></Extensions></Trackpoint>
     <Trackpoint><Time>2026-02-03T21:05:44.129Z</Time><HeartRateBpm><Value>138</Value></HeartRateBpm><Extensions><TPX xmlns="http://www.garmin.com/xmlschemas/ActivityExtension/v2"><Speed>0.000000</Speed></TPX></Extensions></Trackpoint>
     <Trackpoint><Time>2026-02-03T21:05:45.512Z</Time><HeartRateBpm><Value>139</Value></HeartRateBpm><Extensions><TPX xmlns="http://www.garmin.com/xmlschemas/ActivityExtension/v2"><Speed>0.000000</Speed></TPX></Extensions></Trackpoint>
     <Trackpoint><Time>2026-02-03T21:05:46.977Z</Time><HeartRateBpm><Value>139</Value></HeartRateBpm><Extensions><TPX xmlns="http://www.garmin.com/xmlschemas/ActivityExtension/v2"><Speed>0.000000</Speed></TPX></Extensions></Trackpoint>
     <Trackpoint><Time>2026-02-03T21:05:48.129Z</Time><HeartRateBpm><Value>139</Value></HeartRateBpm><Extensions><TPX xmlns="http://www.garmin.com/xmlschemas/ActivityExtension/v2"><Speed>0.000000</Speed></TPX></Extensions></Trackpoint>
     <Trackpoint><Time>2026-02-03T21:05:49.525Z</Time><HeartRateBpm><Value>139</Value></HeartRateBpm><Extensions><TPX xmlns="http://www.garmin.com/xmlschemas/ActivityExtension/v2"><Speed>0.000000</Speed></TPX></Extensions></Trackpoint>
     <Trackpoint><Time>2026-02-03T21:05:50.546Z</Time><HeartRateBpm><Value>139</Value></HeartRateBpm><Extensions><TPX xmlns="http://www.garmin.com/xmlschemas/ActivityExtension/v2"><Speed>0.000000</Speed></TPX></Extensions></Trackpoint>
     <Trackpoint><Time>2026-02-03T21:05:52.067Z</Time><HeartRateBpm><Value>139</Value></HeartRateBpm><Extensions><TPX xmlns="http://www.garmin.com/xmlschemas/ActivityExtension/v2"><Speed>0.000000</Speed></TPX></Extensions></Trackpoint>
     <Trackpoint><Time>2026-02-03T21:05:53.129Z</Time><HeartRateBpm><Value>139</Value></HeartRateBpm><Extensions><TPX xmlns="http://www.garmin.com/xmlschemas/ActivityExtension/v2"><Speed>0.000000</Speed></TPX></Extensions></Trackpoint>
     <Trackpoint><Time>2026-02-03T21:05:54.624Z</Time><HeartRateBpm><Value>139</Value></HeartRateBpm><Extensions><TPX xmlns="http://www.garmin.com/xmlschemas/ActivityExtension/v2"><Speed>0.000000</Speed></TPX></Extensions></Trackpoint>
     <Trackpoint><Time>2026-02-03T21:05:56.129Z</Time><HeartRateBpm><Value>139</Value></HeartRateBpm><Extensions><TPX xmlns="http://www.garmin.com/xmlschemas/ActivityExtension/v2"><Speed>0.000000</Speed></TPX></Extensions></Trackpoint>
     <Trackpoint><Time>2026-02-03T21:05:57.129Z</Time><HeartRateBpm><Value>139</Value></HeartRateBpm><Extensions><TPX xmlns="http://www.garmin.com/xmlschemas/ActivityExtension/v2"><Speed>0.000000</Speed></TPX></Extensions></Trackpoint>
     <Trackpoint><Time>2026-02-03T21:05:59.129Z</Time><HeartRateBpm><Value>139</Value></HeartRateBpm><Extensions><TPX xmlns="http://www.garmin.com/xmlschemas/ActivityExtension/v2"><Speed>0.000000</Speed></TPX></Extensions></Trackpoint>
     <Trackpoint><Time>2026-02-03T21:06:00.129Z</Time><HeartRateBpm><Value>139</Value></HeartRateBpm><Extensions><TPX xmlns="http://www.garmin.com/xmlschemas/ActivityExtension/v2"><Speed>0.000000</Speed></TPX></Extensions></Trackpoint>
     <Trackpoint><Time>2026-02-03T21:06:02.129Z</Time><HeartRateBpm><Value>144</Value></HeartRateBpm><Extensions><TPX xmlns="http://www.garmin.com/xmlschemas/ActivityExtension/v2"><Speed>0.000000</Speed></TPX></Extensions></Trackpoint>
     <Trackpoint><Time>2026-02-03T21:06:04.129Z</Time><HeartRateBpm><Value>144</Value></HeartRateBpm><Extensions><TPX xmlns="http://www.garmin.com/xmlschemas/ActivityExtension/v2"><Speed>0.000000</Speed></TPX></Extensions></Trackpoint>
     <Trackpoint><Time>2026-02-03T21:06:06.129Z</Time><HeartRateBpm><Value>144</Value></HeartRateBpm><Extensions><TPX xmlns="http://www.garmin.com/xmlschemas/ActivityExtension/v2"><Speed>0.000000</Speed></TPX></Extensions></Trackpoint>
     <Trackpoint><Time>2026-02-03T21:06:07.366Z</Time><HeartRateBpm><Value>144</Value></HeartRateBpm><Extensions><TPX xmlns="http://www.garmin.com/xmlschemas/ActivityExtension/v2"><Speed>0.000000</Speed></TPX></Extensions></Trackpoint>
     <Trackpoint><Time>2026-02-03T21:06:09.129Z</Time><HeartRateBpm><Value>144</Value></HeartRateBpm><Extensions><TPX xmlns="http://www.garmin.com/xmlschemas/ActivityExtension/v2"><Speed>0.000000</Speed></TPX></Extensions></Trackpoint>
     <Trackpoint><Time>2026-02-03T21:06:10.973Z</Time><HeartRateBpm><Value>144</Value></HeartRateBpm><Extensions><TPX xmlns="http://www.garmin.com/xmlschemas/ActivityExtension/v2"><Speed>0.000000</Speed></TPX></Extensions></Trackpoint>
     <Trackpoint><Time>2026-02-03T21:06:12.129Z</Time><HeartRateBpm><Value>144</Value></HeartRateBpm><Extensions><TPX xmlns="http://www.garmin.com/xmlschemas/ActivityExtension/v2"><Speed>0.000000</Speed></TPX></Extensions></Trackpoint>
     <Trackpoint><Time>2026-02-03T21:06:14.129Z</Time><HeartRateBpm><Value>144</Value></HeartRateBpm><Extensions><TPX xmlns="http://www.garmin.com/xmlschemas/ActivityExtension/v2"><Speed>0.000000</Speed></TPX></Extensions></Trackpoint>
     <Trackpoint><Time>2026-02-03T21:06:16.129Z</Time><HeartRateBpm><Value>144</Value></HeartRateBpm><Extensions><TPX xmlns="http://www.garmin.com/xmlschemas/ActivityExtension/v2"><Speed>0.000000</Speed></TPX></Extensions></Trackpoint>
     <Trackpoint><Time>2026-02-03T21:06:17.129Z</Time><HeartRateBpm><Value>144</Value></HeartRateBpm><Extensions><TPX xmlns="http://www.garmin.com/xmlschemas/ActivityExtension/v2"><Speed>0.000000</Speed></TPX></Extensions></Trackpoint>
     <Trackpoint><Time>2026-02-03T21:06:19.129Z</Time><HeartRateBpm><Value>144</Value></HeartRateBpm><Extensions><TPX xmlns="http://www.garmin.com/xmlschemas/ActivityExtension/v2"><Speed>0.000000</Speed></TPX></Extensions></Trackpoint>
     <Trackpoint><Time>2026-02-03T21:06:20.129Z</Time><HeartRateBpm><Value>144</Value></HeartRateBpm><Extensions><TPX xmlns="http://www.garmin.com/xmlschemas/ActivityExtension/v2"><Speed>0.000000</Speed></TPX></Extensions></Trackpoint>
     <Trackpoint><Time>2026-02-03T21:06:22.129Z</Time><HeartRateBpm><Value>144</Value></HeartRateBpm><Extensions><TPX xmlns="http://www.garmin.com/xmlschemas/ActivityExtension/v2"><Speed>0.000000</Speed></TPX></Extensions></Trackpoint>
     <Trackpoint><Time>2026-02-03T21:06:24.129Z</Time><HeartRateBpm><Value>144</Value></HeartRateBpm><Extensions><TPX xmlns="http://www.garmin.com/xmlschemas/ActivityExtension/v2"><Speed>0.000000</Speed></TPX></Extensions></Trackpoint>
     <Trackpoint><Time>2026-02-03T21:06:25.129Z</Time><HeartRateBpm><Value>144</Value></HeartRateBpm><Extensions><TPX xmlns="http://www.garmin.com/xmlschemas/ActivityExtension/v2"><Speed>0.000000</Speed></TPX></Extensions></Trackpoint>
     <Trackpoint><Time>2026-02-03T21:06:27.129Z</Time><HeartRateBpm><Value>143</Value></HeartRateBpm><Extensions><TPX xmlns="http://www.garmin.com/xmlschemas/ActivityExtension/v2"><Speed>0.000000</Speed></TPX></Extensions></Trackpoint>
     <Trackpoint><Time>2026-02-03T21:06:29.129Z</Time><HeartRateBpm><Value>143</Value></HeartRateBpm><Extensions><TPX xmlns="http://www.garmin.com/xmlschemas/ActivityExtension/v2"><Speed>0.000000</Speed></TPX></Extensions></Trackpoint>
     <Trackpoint><Time>2026-02-03T21:06:30.129Z</Time><HeartRateBpm><Value>143</Value></HeartRateBpm><Extensions><TPX xmlns="http://www.garmin.com/xmlschemas/ActivityExtension/v2"><Speed>0.000000</Speed></TPX></Extensions></Trackpoint>
     <Trackpoint><Time>2026-02-03T21:06:32.129Z</Time><HeartRateBpm><Value>143</Value></HeartRateBpm><Extensions><TPX xmlns="http://www.garmin.com/xmlschemas/ActivityExtension/v2"><Speed>0.000000</Speed></TPX></Extensions></Trackpoint>
     <Trackpoint><Time>2026-02-03T21:06:34.129Z</Time><HeartRateBpm><Value>143</Value></HeartRateBpm><Extensions><TPX xmlns="http://www.garmin.com/xmlschemas/ActivityExtension/v2"><Speed>0.000000</Speed></TPX></Extensions></Trackpoint>
     <Trackpoint><Time>2026-02-03T21:06:35.129Z</Time><HeartRateBpm><Value>143</Value></HeartRateBpm><Extensions><TPX xmlns="http://www.garmin.com/xmlschemas/ActivityExtension/v2"><Speed>0.000000</Speed></TPX></Extensions></Trackpoint>
     <Trackpoint><Time>2026-02-03T21:06:37.129Z</Time><HeartRateBpm><Value>142</Value></HeartRateBpm><Extensions><TPX xmlns="http://www.garmin.com/xmlschemas/ActivityExtension/v2"><Speed>0.000000</Speed></TPX></Extensions></Trackpoint>
     <Trackpoint><Time>2026-02-03T21:06:39.129Z</Time><HeartRateBpm><Value>142</Value></HeartRateBpm><Extensions><TPX xmlns="http://www.garmin.com/xmlschemas/ActivityExtension/v2"><Speed>0.000000</Speed></TPX></Extensions></Trackpoint>
     <Trackpoint><Time>2026-02-03T21:06:40.509Z</Time><HeartRateBpm><Value>142</Value></HeartRateBpm><Extensions><TPX xmlns="http://www.garmin.com/xmlschemas/ActivityExtension/v2"><Speed>0.000000</Speed></TPX></Extensions></Trackpoint>
     <Trackpoint><Time>2026-02-03T21:06:42.129Z</Time><HeartRateBpm><Value>141</Value></HeartRateBpm><Extensions><TPX xmlns="http://www.garmin.com/xmlschemas/ActivityExtension/v2"><Speed>0.000000</Speed></TPX></Extensions></Trackpoint>
     <Trackpoint><Time>2026-02-03T21:06:44.129Z</Time><HeartRateBpm><Value>141</Value></HeartRateBpm><Extensions><TPX xmlns="http://www.garmin.com/xmlschemas/ActivityExtension/v2"><Speed>0.000000</Speed></TPX></Extensions></Trackpoint>
     <Trackpoint><Time>2026-02-03T21:06:45.129Z</Time><HeartRateBpm><Value>141</Value></HeartRateBpm><Extensions><TPX xmlns="http://www.garmin.com/xmlschemas/ActivityExtension/v2"><Speed>0.000000</Speed></TPX></Extensions></Trackpoint>
     <Trackpoint><Time>2026-02-03T21:06:47.129Z</Time><HeartRateBpm><Value>140</Value></HeartRateBpm><Extensions><TPX xmlns="http://www.garmin.com/xmlschemas/ActivityExtension/v2"><Speed>0.000000</Speed></TPX></Extensions></Trackpoint>
     <Trackpoint><Time>2026-02-03T21:06:48.148Z</Time><HeartRateBpm><Value>140</Value></HeartRateBpm><Extensions><TPX xmlns="http://www.garmin.com/xmlschemas/ActivityExtension/v2"><Speed>0.000000</Speed></TPX></Extensions></Trackpoint>
     <Trackpoint><Time>2026-02-03T21:06:50.129Z</Time><HeartRateBpm><Value>140</Value></HeartRateBpm><Extensions><TPX xmlns="http://www.garmin.com/xmlschemas/ActivityExtension/v2"><Speed>0.000000</Speed></TPX></Extensions></Trackpoint>
     <Trackpoint><Time>2026-02-03T21:06:52.128Z</Time><HeartRateBpm><Value>140</Value></HeartRateBpm><Extensions><TPX xmlns="http://www.garmin.com/xmlschemas/ActivityExtension/v2"><Speed>0.000000</Speed></TPX></Extensions></Trackpoint>
     <Trackpoint><Time>2026-02-03T21:06:53.129Z</Time><HeartRateBpm><Value>140</Value></HeartRateBpm><Extensions><TPX xmlns="http://www.garmin.com/xmlschemas/ActivityExtension/v2"><Speed>0.000000</Speed></TPX></Extensions></Trackpoint>
     <Trackpoint><Time>2026-02-03T21:06:55.129Z</Time><HeartRateBpm><Value>140</Value></HeartRateBpm><Extensions><TPX xmlns="http://www.garmin.com/xmlschemas/ActivityExtension/v2"><Speed>0.000000</Speed></TPX></Extensions></Trackpoint>
     <Trackpoint><Time>2026-02-03T21:06:56.129Z</Time><HeartRateBpm><Value>140</Value></HeartRateBpm><Extensions><TPX xmlns="http://www.garmin.com/xmlschemas/ActivityExtension/v2"><Speed>0.000000</Speed></TPX></Extensions></Trackpoint>
     <Trackpoint><Time>2026-02-03T21:06:57.129Z</Time><HeartRateBpm><Value>140</Value></HeartRateBpm><Extensions><TPX xmlns="http://www.garmin.com/xmlschemas/ActivityExtension/v2"><Speed>0.000000</Speed></TPX></Extensions></Trackpoint>
     <Trackpoint><Time>2026-02-03T21:06:58.345Z</Time><HeartRateBpm><Value>140</Value></HeartRateBpm><Extensions><TPX xmlns="http://www.garmin.com/xmlschemas/ActivityExtension/v2"><Speed>0.000000</Speed></TPX></Extensions></Trackpoint>
     <Trackpoint><Time>2026-02-03T21:07:00.129Z</Time><HeartRateBpm><Value>140</Value></HeartRateBpm><Extensions><TPX xmlns="http://www.garmin.com/xmlschemas/ActivityExtension/v2"><Speed>0.000000</Speed></TPX></Extensions></Trackpoint>
     <Trackpoint><Time>2026-02-03T21:07:01.129Z</Time><HeartRateBpm><Value>141</Value></HeartRateBpm><Extensions><TPX xmlns="http://www.garmin.com/xmlschemas/ActivityExtension/v2"><Speed>0.000000</Speed></TPX></Extensions></Trackpoint>
    </Track>
   </Lap>
   <Lap StartTime="2026-02-03T21:07:03.129Z">
    <TotalTimeSeconds>323</TotalTimeSeconds>
    <AverageHeartRateBpm><Value>141</Value></AverageHeartRateBpm>
    <MaximumHeartRateBpm><Value>148</Value></MaximumHeartRateBpm>
    <Calories>61</Calories>
    <Track>
     <Trackpoint><Time>2026-02-03T21:07:03.129Z</Time><HeartRateBpm><Value>141</Value></HeartRateBpm><Extensions><TPX xmlns="http://www.garmin.com/xmlschemas/ActivityExtension/v2"><Speed>0.000000</Speed></TPX></Extensions></Trackpoint>
     <Trackpoint><Time>2026-02-03T21:07:05.129Z</Time><HeartRateBpm><Value>141</Value></HeartRateBpm><Extensions><TPX xmlns="http://www.garmin.com/xmlschemas/ActivityExtension/v2"><Speed>0.000000</Speed></TPX></Extensions></Trackpoint>
     <Trackpoint><Time>2026-02-03T21:07:06.129Z</Time><HeartRateBpm><Value>140</Value></HeartRateBpm><Extensions><TPX xmlns="http://www.garmin.com/xmlschemas/ActivityExtension/v2"><Speed>0.000000</Speed></TPX></Extensions></Trackpoint>
     <Trackpoint><Time>2026-02-03T21:07:07.129Z</Time><HeartRateBpm><Value>140</Value></HeartRateBpm><Extensions><TPX xmlns="http://www.garmin.com/xmlschemas/ActivityExtension/v2"><Speed>0.000000</Speed></TPX></Extensions></Trackpoint>
     <Trackpoint><Time>2026-02-03T21:07:08.542Z</Time><HeartRateBpm><Value>140</Value></HeartRateBpm><Extensions><TPX xmlns="http://www.garmin.com/xmlschemas/ActivityExtension/v2"><Speed>0.000000</Speed></TPX></Extensions></Trackpoint>
     <Trackpoint><Time>2026-02-03T21:07:10.129Z</Time><HeartRateBpm><Value>140</Value></HeartRateBpm><Extensions><TPX xmlns="http://www.garmin.com/xmlschemas/ActivityExtension/v2"><Speed>0.000000</Speed></TPX></Extensions></Trackpoint>
     <Trackpoint><Time>2026-02-03T21:07:11.129Z</Time><HeartRateBpm><Value>139</Value></HeartRateBpm><Extensions><TPX xmlns="http://www.garmin.com/xmlschemas/ActivityExtension/v2"><Speed>0.000000</Speed></TPX></Extensions></Trackpoint>
     <Trackpoint><Time>2026-02-03T21:07:13.129Z</Time><HeartRateBpm><Value>139</Value></HeartRateBpm><Extensions><TPX xmlns="http://www.garmin.com/xmlschemas/ActivityExtension/v2"><Speed>0.000000</Speed></TPX></Extensions></Trackpoint>
     <Trackpoint><Time>2026-02-03T21:07:14.129Z</Time><HeartRateBpm><Value>139</Value></HeartRateBpm><Extensions><TPX xmlns="http://www.garmin.com/xmlschemas/ActivityExtension/v2"><Speed>0.000000</Speed></TPX></Extensions></Trackpoint>
     <Trackpoint><Time>2026-02-03T21:07:15.534Z</Time><HeartRateBpm><Value>139</Value></HeartRateBpm><Extensions><TPX xmlns="http://www.garmin.com/xmlschemas/ActivityExtension/v2"><Speed>0.000000</Speed></TPX></Extensions></Trackpoint>
     <Trackpoint><Time>2026-02-03T21:07:17.129Z</Time><HeartRateBpm><Value>139</Value></HeartRateBpm><Extensions><TPX xmlns="http://www.garmin.com/xmlschemas/ActivityExtension/v2"><Speed>0.000000</Speed></TPX></Extensions></Trackpoint>
     <Trackpoint><Time>2026-02-03T21:07:18.129Z</Time><HeartRateBpm><Value>139</Value></HeartRateBpm><Extensions><TPX xmlns="http://www.garmin.com/xmlschemas/ActivityExtension/v2"><Speed>0.000000</Speed></TPX></Extensions></Trackpoint>
     <Trackpoint><Time>2026-02-03T21:07:20.129Z</Time><HeartRateBpm><Value>139</Value></HeartRateBpm><Extensions><TPX xmlns="http://www.garmin.com/xmlschemas/ActivityExtension/v2"><Speed>0.000000</Speed></TPX></Extensions></Trackpoint>
     <Trackpoint><Time>2026-02-03T21:07:21.292Z</Time><HeartRateBpm><Value>140</Value></HeartRateBpm><Extensions><TPX xmlns="http://www.garmin.com/xmlschemas/ActivityExtension/v2"><Speed>0.000000</Speed></TPX></Extensions></Trackpoint>
     <Trackpoint><Time>2026-02-03T21:07:23.129Z</Time><HeartRateBpm><Value>140</Value></HeartRateBpm><Extensions><TPX xmlns="http://www.garmin.com/xmlschemas/ActivityExtension/v2"><Speed>0.000000</Speed></TPX></Extensions></Trackpoint>
     <Trackpoint><Time>2026-02-03T21:07:25.129Z</Time><HeartRateBpm><Value>140</Value></HeartRateBpm><Extensions><TPX xmlns="http://www.garmin.com/xmlschemas/ActivityExtension/v2"><Speed>0.000000</Speed></TPX></Extensions></Trackpoint>
     <Trackpoint><Time>2026-02-03T21:07:26.387Z</Time><HeartRateBpm><Value>143</Value></HeartRateBpm><Extensions><TPX xmlns="http://www.garmin.com/xmlschemas/ActivityExtension/v2"><Speed>0.000000</Speed></TPX></Extensions></Trackpoint>
     <Trackpoint><Time>2026-02-03T21:07:28.129Z</Time><HeartRateBpm><Value>143</Value></HeartRateBpm><Extensions><TPX xmlns="http://www.garmin.com/xmlschemas/ActivityExtension/v2"><Speed>0.000000</Speed></TPX></Extensions></Trackpoint>
     <Trackpoint><Time>2026-02-03T21:07:29.129Z</Time><HeartRateBpm><Value>143</Value></HeartRateBpm><Extensions><TPX xmlns="http://www.garmin.com/xmlschemas/ActivityExtension/v2"><Speed>0.000000</Speed></TPX></Extensions></Trackpoint>
     <Trackpoint><Time>2026-02-03T21:07:30.972Z</Time><HeartRateBpm><Value>146</Value></HeartRateBpm><Extensions><TPX xmlns="http://www.garmin.com/xmlschemas/ActivityExtension/v2"><Speed>0.000000</Speed></TPX></Extensions></Trackpoint>
     <Trackpoint><Time>2026-02-03T21:07:32.129Z</Time><HeartRateBpm><Value>146</Value></HeartRateBpm><Extensions><TPX xmlns="http://www.garmin.com/xmlschemas/ActivityExtension/v2"><Speed>0.000000</Speed></TPX></Extensions></Trackpoint>
     <Trackpoint><Time>2026-02-03T21:07:33.129Z</Time><HeartRateBpm><Value>146</Value></HeartRateBpm><Extensions><TPX xmlns="http://www.garmin.com/xmlschemas/ActivityExtension/v2"><Speed>0.000000</Speed></TPX></Extensions></Trackpoint>
     <Trackpoint><Time>2026-02-03T21:07:35.129Z</Time><HeartRateBpm><Value>146</Value></HeartRateBpm><Extensions><TPX xmlns="http://www.garmin.com/xmlschemas/ActivityExtension/v2"><Speed>0.000000</Speed></TPX></Extensions></Trackpoint>
     <Trackpoint><Time>2026-02-03T21:07:36.582Z</Time><HeartRateBpm><Value>146</Value></HeartRateBpm><Extensions><TPX xmlns="http://www.garmin.com/xmlschemas/ActivityExtension/v2"><Speed>0.000000</Speed></TPX></Extensions></Trackpoint>
     <Trackpoint><Time>2026-02-03T21:07:38.129Z</Time><HeartRateBpm><Value>146</Value></HeartRateBpm><Extensions><TPX xmlns="http://www.garmin.com/xmlschemas/ActivityExtension/v2"><Speed>0.000000</Speed></TPX></Extensions></Trackpoint>
     <Trackpoint><Time>2026-02-03T21:07:40.129Z</Time><HeartRateBpm><Value>146</Value></HeartRateBpm><Extensions><TPX xmlns="http://www.garmin.com/xmlschemas/ActivityExtension/v2"><Speed>0.000000</Speed></TPX></Extensions></Trackpoint>
     <Trackpoint><Time>2026-02-03T21:07:41.687Z</Time><HeartRateBpm><Value>145</Value></HeartRateBpm><Extensions><TPX xmlns="http://www.garmin.com/xmlschemas/ActivityExtension/v2"><Speed>0.000000</Speed></TPX></Extensions></Trackpoint>
     <Trackpoint><Time>2026-02-03T21:07:43.129Z</Time><HeartRateBpm><Value>145</Value></HeartRateBpm><Extensions><TPX xmlns="http://www.garmin.com/xmlschemas/ActivityExtension/v2"><Speed>0.000000</Speed></TPX></Extensions></Trackpoint>
     <Trackpoint><Time>2026-02-03T21:07:44.129Z</Time><HeartRateBpm><Value>145</Value></HeartRateBpm><Extensions><TPX xmlns="http://www.garmin.com/xmlschemas/ActivityExtension/v2"><Speed>0.000000</Speed></TPX></Extensions></Trackpoint>
     <Trackpoint><Time>2026-02-03T21:07:45.504Z</Time><HeartRateBpm><Value>145</Value></HeartRateBpm><Extensions><TPX xmlns="http://www.garmin.com/xmlschemas/ActivityExtension/v2"><Speed>0.000000</Speed></TPX></Extensions></Trackpoint>
     <Trackpoint><Time>2026-02-03T21:07:46.784Z</Time><HeartRateBpm><Value>145</Value></HeartRateBpm><Extensions><TPX xmlns="http://www.garmin.com/xmlschemas/ActivityExtension/v2"><Speed>0.000000</Speed></TPX></Extensions></Trackpoint>
     <Trackpoint><Time>2026-02-03T21:07:48.129Z</Time><HeartRateBpm><Value>145</Value></HeartRateBpm><Extensions><TPX xmlns="http://www.garmin.com/xmlschemas/ActivityExtension/v2"><Speed>0.000000</Speed></TPX></Extensions></Trackpoint>
     <Trackpoint><Time>2026-02-03T21:07:49.329Z</Time><HeartRateBpm><Value>145</Value></HeartRateBpm><Extensions><TPX xmlns="http://www.garmin.com/xmlschemas/ActivityExtension/v2"><Speed>0.000000</Speed></TPX></Extensions></Trackpoint>
     <Trackpoint><Time>2026-02-03T21:07:50.510Z</Time><HeartRateBpm><Value>143</Value></HeartRateBpm><Extensions><TPX xmlns="http://www.garmin.com/xmlschemas/ActivityExtension/v2"><Speed>0.000000</Speed></TPX></Extensions></Trackpoint>
     <Trackpoint><Time>2026-02-03T21:07:51.877Z</Time><HeartRateBpm><Value>143</Value></HeartRateBpm><Extensions><TPX xmlns="http://www.garmin.com/xmlschemas/ActivityExtension/v2"><Speed>0.000000</Speed></TPX></Extensions></Trackpoint>
     <Trackpoint><Time>2026-02-03T21:07:53.129Z</Time><HeartRateBpm><Value>143</Value></HeartRateBpm><Extensions><TPX xmlns="http://www.garmin.com/xmlschemas/ActivityExtension/v2"><Speed>0.000000</Speed></TPX></Extensions></Trackpoint>
     <Trackpoint><Time>2026-02-03T21:07:54.129Z</Time><HeartRateBpm><Value>143</Value></HeartRateBpm><Extensions><TPX xmlns="http://www.garmin.com/xmlschemas/ActivityExtension/v2"><Speed>0.000000</Speed></TPX></Extensions></Trackpoint>
     <Trackpoint><Time>2026-02-03T21:07:55.973Z</Time><HeartRateBpm><Value>143</Value></HeartRateBpm><Extensions><TPX xmlns="http://www.garmin.com/xmlschemas/ActivityExtension/v2"><Speed>0.000000</Speed></TPX></Extensions></Trackpoint>
     <Trackpoint><Time>2026-02-03T21:07:56.978Z</Time><HeartRateBpm><Value>143</Value></HeartRateBpm><Extensions><TPX xmlns="http://www.garmin.com/xmlschemas/ActivityExtension/v2"><Speed>0.000000</Speed></TPX></Extensions></Trackpoint>
     <Trackpoint><Time>2026-02-03T21:07:58.129Z</Time><HeartRateBpm><Value>143</Value></HeartRateBpm><Extensions><TPX xmlns="http://www.garmin.com/xmlschemas/ActivityExtension/v2"><Speed>0.000000</Speed></TPX></Extensions></Trackpoint>
     <Trackpoint><Time>2026-02-03T21:07:59.129Z</Time><HeartRateBpm><Value>143</Value></HeartRateBpm><Extensions><TPX xmlns="http://www.garmin.com/xmlschemas/ActivityExtension/v2"><Speed>0.000000</Speed></TPX></Extensions></Trackpoint>
     <Trackpoint><Time>2026-02-03T21:08:00.975Z</Time><HeartRateBpm><Value>144</Value></HeartRateBpm><Extensions><TPX xmlns="http://www.garmin.com/xmlschemas/ActivityExtension/v2"><Speed>0.000000</Speed></TPX></Extensions></Trackpoint>
     <Trackpoint><Time>2026-02-03T21:08:02.069Z</Time><HeartRateBpm><Value>144</Value></HeartRateBpm><Extensions><TPX xmlns="http://www.garmin.com/xmlschemas/ActivityExtension/v2"><Speed>0.000000</Speed></TPX></Extensions></Trackpoint>
     <Trackpoint><Time>2026-02-03T21:08:03.129Z</Time><HeartRateBpm><Value>144</Value></HeartRateBpm><Extensions><TPX xmlns="http://www.garmin.com/xmlschemas/ActivityExtension/v2"><Speed>0.000000</Speed></TPX></Extensions></Trackpoint>
     <Trackpoint><Time>2026-02-03T21:08:04.634Z</Time><HeartRateBpm><Value>144</Value></HeartRateBpm><Extensions><TPX xmlns="http://www.garmin.com/xmlschemas/ActivityExtension/v2"><Speed>0.000000</Speed></TPX></Extensions></Trackpoint>
     <Trackpoint><Time>2026-02-03T21:08:06.129Z</Time><HeartRateBpm><Value>145</Value></HeartRateBpm><Extensions><TPX xmlns="http://www.garmin.com/xmlschemas/ActivityExtension/v2"><Speed>0.000000</Speed></TPX></Extensions></Trackpoint>
     <Trackpoint><Time>2026-02-03T21:08:07.129Z</Time><HeartRateBpm><Value>145</Value></HeartRateBpm><Extensions><TPX xmlns="http://www.garmin.com/xmlschemas/ActivityExtension/v2"><Speed>0.000000</Speed></TPX></Extensions></Trackpoint>
     <Trackpoint><Time>2026-02-03T21:08:09.129Z</Time><HeartRateBpm><Value>145</Value></HeartRateBpm><Extensions><TPX xmlns="http://www.garmin.com/xmlschemas/ActivityExtension/v2"><Speed>0.000000</Speed></TPX></Extensions></Trackpoint>
     <Trackpoint><Time>2026-02-03T21:08:11.129Z</Time><HeartRateBpm><Value>146</Value></HeartRateBpm><Extensions><TPX xmlns="http://www.garmin.com/xmlschemas/ActivityExtension/v2"><Speed>0.000000</Speed></TPX></Extensions></Trackpoint>
     <Trackpoint><Time>2026-02-03T21:08:12.269Z</Time><HeartRateBpm><Value>146</Value></HeartRateBpm><Extensions><TPX xmlns="http://www.garmin.com/xmlschemas/ActivityExtension/v2"><Speed>0.000000</Speed></TPX></Extensions></Trackpoint>
     <Trackpoint><Time>2026-02-03T21:08:14.129Z</Time><HeartRateBpm><Value>146</Value></HeartRateBpm><Extensions><TPX xmlns="http://www.garmin.com/xmlschemas/ActivityExtension/v2"><Speed>0.000000</Speed></TPX></Extensions></Trackpoint>
     <Trackpoint><Time>2026-02-03T21:08:16.129Z</Time><HeartRateBpm><Value>145</Value></HeartRateBpm><Extensions><TPX xmlns="http://www.garmin.com/xmlschemas/ActivityExtension/v2"><Speed>0.000000</Speed></TPX></Extensions></Trackpoint>
     <Trackpoint><Time>2026-02-03T21:08:17.129Z</Time><HeartRateBpm><Value>145</Value></HeartRateBpm><Extensions><TPX xmlns="http://www.garmin.com/xmlschemas/ActivityExtension/v2"><Speed>0.000000</Speed></TPX></Extensions></Trackpoint>
     <Trackpoint><Time>2026-02-03T21:08:19.129Z</Time><HeartRateBpm><Value>145</Value></HeartRateBpm><Extensions><TPX xmlns="http://www.garmin.com/xmlschemas/ActivityExtension/v2"><Speed>0.000000</Speed></TPX></Extensions></Trackpoint>
     <Trackpoint><Time>2026-02-03T21:08:21.129Z</Time><HeartRateBpm><Value>146</Value></HeartRateBpm><Extensions><TPX xmlns="http://www.garmin.com/xmlschemas/ActivityExtension/v2"><Speed>0.000000</Speed></TPX></Extensions></Trackpoint>
     <Trackpoint><Time>2026-02-03T21:08:22.129Z</Time><HeartRateBpm><Value>146</Value></HeartRateBpm><Extensions><TPX xmlns="http://www.garmin.com/xmlschemas/ActivityExtension/v2"><Speed>0.000000</Speed></TPX></Extensions></Trackpoint>
     <Trackpoint><Time>2026-02-03T21:08:24.129Z</Time><HeartRateBpm><Value>146</Value></HeartRateBpm><Extensions><TPX xmlns="http://www.garmin.com/xmlschemas/ActivityExtension/v2"><Speed>0.000000</Speed></TPX></Extensions></Trackpoint>
     <Trackpoint><Time>2026-02-03T21:08:25.129Z</Time><HeartRateBpm><Value>144</Value></HeartRateBpm><Extensions><TPX xmlns="http://www.garmin.com/xmlschemas/ActivityExtension/v2"><Speed>0.000000</Speed></TPX></Extensions></Trackpoint>
     <Trackpoint><Time>2026-02-03T21:08:27.129Z</Time><HeartRateBpm><Value>144</Value></HeartRateBpm><Extensions><TPX xmlns="http://www.garmin.com/xmlschemas/ActivityExtension/v2"><Speed>0.000000</Speed></TPX></Extensions></Trackpoint>
     <Trackpoint><Time>2026-02-03T21:08:29.129Z</Time><HeartRateBpm><Value>144</Value></HeartRateBpm><Extensions><TPX xmlns="http://www.garmin.com/xmlschemas/ActivityExtension/v2"><Speed>0.000000</Speed></TPX></Extensions></Trackpoint>
     <Trackpoint><Time>2026-02-03T21:08:31.129Z</Time><HeartRateBpm><Value>144</Value></HeartRateBpm><Extensions><TPX xmlns="http://www.garmin.com/xmlschemas/ActivityExtension/v2"><Speed>0.000000</Speed></TPX></Extensions></Trackpoint>
     <Trackpoint><Time>2026-02-03T21:08:32.668Z</Time><HeartRateBpm><Value>144</Value></HeartRateBpm><Extensions><TPX xmlns="http://www.garmin.com/xmlschemas/ActivityExtension/v2"><Speed>0.000000</Speed></TPX></Extensions></Trackpoint>
     <Trackpoint><Time>2026-02-03T21:08:34.129Z</Time><HeartRateBpm><Value>144</Value></HeartRateBpm><Extensions><TPX xmlns="http://www.garmin.com/xmlschemas/ActivityExtension/v2"><Speed>0.000000</Speed></TPX></Extensions></Trackpoint>
     <Trackpoint><Time>2026-02-03T21:08:35.129Z</Time><HeartRateBpm><Value>144</Value></HeartRateBpm><Extensions><TPX xmlns="http://www.garmin.com/xmlschemas/ActivityExtension/v2"><Speed>0.000000</Speed></TPX></Extensions></Trackpoint>
     <Trackpoint><Time>2026-02-03T21:08:36.129Z</Time><HeartRateBpm><Value>146</Value></HeartRateBpm><Extensions><TPX xmlns="http://www.garmin.com/xmlschemas/ActivityExtension/v2"><Speed>0.000000</Speed></TPX></Extensions></Trackpoint>
     <Trackpoint><Time>2026-02-03T21:08:37.768Z</Time><HeartRateBpm><Value>146</Value></HeartRateBpm><Extensions><TPX xmlns="http://www.garmin.com/xmlschemas/ActivityExtension/v2"><Speed>0.000000</Speed></TPX></Extensions></Trackpoint>
     <Trackpoint><Time>2026-02-03T21:08:39.129Z</Time><HeartRateBpm><Value>146</Value></HeartRateBpm><Extensions><TPX xmlns="http://www.garmin.com/xmlschemas/ActivityExtension/v2"><Speed>0.000000</Speed></TPX></Extensions></Trackpoint>
     <Trackpoint><Time>2026-02-03T21:08:40.129Z</Time><HeartRateBpm><Value>146</Value></HeartRateBpm><Extensions><TPX xmlns="http://www.garmin.com/xmlschemas/ActivityExtension/v2"><Speed>0.000000</Speed></TPX></Extensions></Trackpoint>
     <Trackpoint><Time>2026-02-03T21:08:41.129Z</Time><HeartRateBpm><Value>147</Value></HeartRateBpm><Extensions><TPX xmlns="http://www.garmin.com/xmlschemas/ActivityExtension/v2"><Speed>0.000000</Speed></TPX></Extensions></Trackpoint>
     <Trackpoint><Time>2026-02-03T21:08:42.859Z</Time><HeartRateBpm><Value>147</Value></HeartRateBpm><Extensions><TPX xmlns="http://www.garmin.com/xmlschemas/ActivityExtension/v2"><Speed>0.000000</Speed></TPX></Extensions></Trackpoint>
     <Trackpoint><Time>2026-02-03T21:08:44.129Z</Time><HeartRateBpm><Value>147</Value></HeartRateBpm><Extensions><TPX xmlns="http://www.garmin.com/xmlschemas/ActivityExtension/v2"><Speed>0.000000</Speed></TPX></Extensions></Trackpoint>
     <Trackpoint><Time>2026-02-03T21:08:45.129Z</Time><HeartRateBpm><Value>147</Value></HeartRateBpm><Extensions><TPX xmlns="http://www.garmin.com/xmlschemas/ActivityExtension/v2"><Speed>0.000000</Speed></TPX></Extensions></Trackpoint>
     <Trackpoint><Time>2026-02-03T21:08:47.129Z</Time><HeartRateBpm><Value>148</Value></HeartRateBpm><Extensions><TPX xmlns="http://www.garmin.com/xmlschemas/ActivityExtension/v2"><Speed>0.000000</Speed></TPX></Extensions></Trackpoint>
     <Trackpoint><Time>2026-02-03T21:08:48.129Z</Time><HeartRateBpm><Value>148</Value></HeartRateBpm><Extensions><TPX xmlns="http://www.garmin.com/xmlschemas/ActivityExtension/v2"><Speed>0.000000</Speed></TPX></Extensions></Trackpoint>
     <Trackpoint><Time>2026-02-03T21:08:50.133Z</Time><HeartRateBpm><Value>148</Value></HeartRateBpm><Extensions><TPX xmlns="http://www.garmin.com/xmlschemas/ActivityExtension/v2"><Speed>0.000000</Speed></TPX></Extensions></Trackpoint>
     <Trackpoint><Time>2026-02-03T21:08:52.129Z</Time><HeartRateBpm><Value>148</Value></HeartRateBpm><Extensions><TPX xmlns="http://www.garmin.com/xmlschemas/ActivityExtension/v2"><Speed>0.000000</Speed></TPX></Extensions></Trackpoint>
     <Trackpoint><Time>2026-02-03T21:08:54.129Z</Time><HeartRateBpm><Value>148</Value></HeartRateBpm><Extensions><TPX xmlns="http://www.garmin.com/xmlschemas/ActivityExtension/v2"><Speed>0.000000</Speed></TPX></Extensions></Trackpoint>
     <Trackpoint><Time>2026-02-03T21:08:55.129Z</Time><HeartRateBpm><Value>148</Value></HeartRateBpm><Extensions><TPX xmlns="http://www.garmin.com/xmlschemas/ActivityExtension/v2"><Speed>0.000000</Speed></TPX></Extensions></Trackpoint>
     <Trackpoint><Time>2026-02-03T21:08:57.129Z</Time><HeartRateBpm><Value>148</Value></HeartRateBpm><Extensions><TPX xmlns="http://www.garmin.com/xmlschemas/ActivityExtension/v2"><Speed>0.000000</Speed></TPX></Extensions></Trackpoint>
     <Trackpoint><Time>2026-02-03T21:08:58.129Z</Time><HeartRateBpm><Value>148</Value></HeartRateBpm><Extensions><TPX xmlns="http://www.garmin.com/xmlschemas/ActivityExtension/v2"><Speed>0.000000</Speed></TPX></Extensions></Trackpoint>
     <Trackpoint><Time>2026-02-03T21:08:59.129Z</Time><HeartRateBpm><Value>148</Value></HeartRateBpm><Extensions><TPX xmlns="http://www.garmin.com/xmlschemas/ActivityExtension/v2"><Speed>0.000000</Speed></TPX></Extensions></Trackpoint>
     <Trackpoint><Time>2026-02-03T21:09:00.532Z</Time><HeartRateBpm><Value>148</Value></HeartRateBpm><Extensions><TPX xmlns="http://www.garmin.com/xmlschemas/ActivityExtension/v2"><Speed>0.000000</Speed></TPX></Extensions></Trackpoint>
     <Trackpoint><Time>2026-02-03T21:09:02.129Z</Time><HeartRateBpm><Value>148</Value></HeartRateBpm><Extensions><TPX xmlns="http://www.garmin.com/xmlschemas/ActivityExtension/v2"><Speed>0.000000</Speed></TPX></Extensions></Trackpoint>
     <Trackpoint><Time>2026-02-03T21:09:03.252Z</Time><HeartRateBpm><Value>148</Value></HeartRateBpm><Extensions><TPX xmlns="http://www.garmin.com/xmlschemas/ActivityExtension/v2"><Speed>0.000000</Speed></TPX></Extensions></Trackpoint>
     <Trackpoint><Time>2026-02-03T21:09:05.129Z</Time><HeartRateBpm><Value>148</Value></HeartRateBpm><Extensions><TPX xmlns="http://www.garmin.com/xmlschemas/ActivityExtension/v2"><Speed>0.000000</Speed></TPX></Extensions></Trackpoint>
     <Trackpoint><Time>2026-02-03T21:09:07.129Z</Time><HeartRateBpm><Value>148</Value></HeartRateBpm><Extensions><TPX xmlns="http://www.garmin.com/xmlschemas/ActivityExtension/v2"><Speed>0.000000</Speed></TPX></Extensions></Trackpoint>
     <Trackpoint><Time>2026-02-03T21:09:08.129Z</Time><HeartRateBpm><Value>148</Value></HeartRateBpm><Extensions><TPX xmlns="http://www.garmin.com/xmlschemas/ActivityExtension/v2"><Speed>0.000000</Speed></TPX></Extensions></Trackpoint>
     <Trackpoint><Time>2026-02-03T21:09:09.129Z</Time><HeartRateBpm><Value>148</Value></HeartRateBpm><Extensions><TPX xmlns="http://www.garmin.com/xmlschemas/ActivityExtension/v2"><Speed>0.000000</Speed></TPX></Extensions></Trackpoint>
     <Trackpoint><Time>2026-02-03T21:09:10.506Z</Time><HeartRateBpm><Value>147</Value></HeartRateBpm><Extensions><TPX xmlns="http://www.garmin.com/xmlschemas/ActivityExtension/v2"><Speed>0.000000</Speed></TPX></Extensions></Trackpoint>
     <Trackpoint><Time>2026-02-03T21:09:12.129Z</Time><HeartRateBpm><Value>147</Value></HeartRateBpm><Extensions><TPX xmlns="http://www.garmin.com/xmlschemas/ActivityExtension/v2"><Speed>0.000000</Speed></TPX></Extensions></Trackpoint>
     <Trackpoint><Time>2026-02-03T21:09:13.448Z</Time><HeartRateBpm><Value>147</Value></HeartRateBpm><Extensions><TPX xmlns="http://www.garmin.com/xmlschemas/ActivityExtension/v2"><Speed>0.000000</Speed></TPX></Extensions></Trackpoint>
     <Trackpoint><Time>2026-02-03T21:09:15.129Z</Time><HeartRateBpm><Value>147</Value></HeartRateBpm><Extensions><TPX xmlns="http://www.garmin.com/xmlschemas/ActivityExtension/v2"><Speed>0.000000</Speed></TPX></Extensions></Trackpoint>
     <Trackpoint><Time>2026-02-03T21:09:16.129Z</Time><HeartRateBpm><Value>143</Value></HeartRateBpm><Extensions><TPX xmlns="http://www.garmin.com/xmlschemas/ActivityExtension/v2"><Speed>0.000000</Speed></TPX></Extensions></Trackpoint>
     <Trackpoint><Time>2026-02-03T21:09:17.129Z</Time><HeartRateBpm><Value>143</Value></HeartRateBpm><Extensions><TPX xmlns="http://www.garmin.com/xmlschemas/ActivityExtension/v2"><Speed>0.000000</Speed></TPX></Extensions></Trackpoint>
     <Trackpoint><Time>2026-02-03T21:09:18.129Z</Time><HeartRateBpm><Value>143</Value></HeartRateBpm><Extensions><TPX xmlns="http://www.garmin.com/xmlschemas/ActivityExtension/v2"><Speed>0.000000</Speed></TPX></Extensions></Trackpoint>
     <Trackpoint><Time>2026-02-03T21:09:20.129Z</Time><HeartRateBpm><Value>143</Value></HeartRateBpm><Extensions><TPX xmlns="http://www.garmin.com/xmlschemas/ActivityExtension/v2"><Speed>0.000000</Speed></TPX></Extensions></Trackpoint>
     <Trackpoint><Time>2026-02-03T21:09:22.129Z</Time><HeartRateBpm><Value>143</Value></HeartRateBpm><Extensions><TPX xmlns="http://www.garmin.com/xmlschemas/ActivityExtension/v2"><Speed>0.000000</Speed></TPX></Extensions></Trackpoint>
     <Trackpoint><Time>2026-02-03T21:09:23.646Z</Time><HeartRateBpm><Value>143</Value></HeartRateBpm><Extensions><TPX xmlns="http://www.garmin.com/xmlschemas/ActivityExtension/v2"><Speed>0.000000</Speed></TPX></Extensions></Trackpoint>
     <Trackpoint><Time>2026-02-03T21:09:25.129Z</Time><HeartRateBpm><Value>143</Value></HeartRateBpm><Extensions><TPX xmlns="http://www.garmin.com/xmlschemas/ActivityExtension/v2"><Speed>0.000000</Speed></TPX></Extensions></Trackpoint>
     <Trackpoint><Time>2026-02-03T21:09:26.129Z</Time><HeartRateBpm><Value>142</Value></HeartRateBpm><Extensions><TPX xmlns="http://www.garmin.com/xmlschemas/ActivityExtension/v2"><Speed>0.000000</Speed></TPX></Extensions></Trackpoint>
     <Trackpoint><Time>2026-02-03T21:09:28.129Z</Time><HeartRateBpm><Value>142</Value></HeartRateBpm><Extensions><TPX xmlns="http://www.garmin.com/xmlschemas/ActivityExtension/v2"><Speed>0.000000</Speed></TPX></Extensions></Trackpoint>
     <Trackpoint><Time>2026-02-03T21:09:29.129Z</Time><HeartRateBpm><Value>142</Value></HeartRateBpm><Extensions><TPX xmlns="http://www.garmin.com/xmlschemas/ActivityExtension/v2"><Speed>0.000000</Speed></TPX></Extensions></Trackpoint>
     <Trackpoint><Time>2026-02-03T21:09:30.515Z</Time><HeartRateBpm><Value>136</Value></HeartRateBpm><Extensions><TPX xmlns="http://www.garmin.com/xmlschemas/ActivityExtension/v2"><Speed>0.000000</Speed></TPX></Extensions></Trackpoint>
     <Trackpoint><Time>2026-02-03T21:09:32.129Z</Time><HeartRateBpm><Value>136</Value></HeartRateBpm><Extensions><TPX xmlns="http://www.garmin.com/xmlschemas/ActivityExtension/v2"><Speed>0.000000</Speed></TPX></Extensions></Trackpoint>
     <Trackpoint><Time>2026-02-03T21:09:33.843Z</Time><HeartRateBpm><Value>136</Value></HeartRateBpm><Extensions><TPX xmlns="http://www.garmin.com/xmlschemas/ActivityExtension/v2"><Speed>0.000000</Speed></TPX></Extensions></Trackpoint>
     <Trackpoint><Time>2026-02-03T21:09:35.129Z</Time><HeartRateBpm><Value>136</Value></HeartRateBpm><Extensions><TPX xmlns="http://www.garmin.com/xmlschemas/ActivityExtension/v2"><Speed>0.000000</Speed></TPX></Extensions></Trackpoint>
     <Trackpoint><Time>2026-02-03T21:09:36.391Z</Time><HeartRateBpm><Value>137</Value></HeartRateBpm><Extensions><TPX xmlns="http://www.garmin.com/xmlschemas/ActivityExtension/v2"><Speed>0.000000</Speed></TPX></Extensions></Trackpoint>
     <Trackpoint><Time>2026-02-03T21:09:38.129Z</Time><HeartRateBpm><Value>137</Value></HeartRateBpm><Extensions><TPX xmlns="http://www.garmin.com/xmlschemas/ActivityExtension/v2"><Speed>0.000000</Speed></TPX></Extensions></Trackpoint>
     <Trackpoint><Time>2026-02-03T21:09:40.129Z</Time><HeartRateBpm><Value>137</Value></HeartRateBpm><Extensions><TPX xmlns="http://www.garmin.com/xmlschemas/ActivityExtension/v2"><Speed>0.000000</Speed></TPX></Extensions></Trackpoint>
     <Trackpoint><Time>2026-02-03T21:09:41.129Z</Time><HeartRateBpm><Value>137</Value></HeartRateBpm><Extensions><TPX xmlns="http://www.garmin.com/xmlschemas/ActivityExtension/v2"><Speed>0.000000</Speed></TPX></Extensions></Trackpoint>
     <Trackpoint><Time>2026-02-03T21:09:43.129Z</Time><HeartRateBpm><Value>137</Value></HeartRateBpm><Extensions><TPX xmlns="http://www.garmin.com/xmlschemas/ActivityExtension/v2"><Speed>0.000000</Speed></TPX></Extensions></Trackpoint>
     <Trackpoint><Time>2026-02-03T21:09:44.129Z</Time><HeartRateBpm><Value>137</Value></HeartRateBpm><Extensions><TPX xmlns="http://www.garmin.com/xmlschemas/ActivityExtension/v2"><Speed>0.000000</Speed></TPX></Extensions></Trackpoint>
     <Trackpoint><Time>2026-02-03T21:09:45.538Z</Time><HeartRateBpm><Value>138</Value></HeartRateBpm><Extensions><TPX xmlns="http://www.garmin.com/xmlschemas/ActivityExtension/v2"><Speed>0.000000</Speed></TPX></Extensions></Trackpoint>
     <Trackpoint><Time>2026-02-03T21:09:46.587Z</Time><HeartRateBpm><Value>138</Value></HeartRateBpm><Extensions><TPX xmlns="http://www.garmin.com/xmlschemas/ActivityExtension/v2"><Speed>0.000000</Speed></TPX></Extensions></Trackpoint>
     <Trackpoint><Time>2026-02-03T21:09:48.129Z</Time><HeartRateBpm><Value>138</Value></HeartRateBpm><Extensions><TPX xmlns="http://www.garmin.com/xmlschemas/ActivityExtension/v2"><Speed>0.000000</Speed></TPX></Extensions></Trackpoint>
     <Trackpoint><Time>2026-02-03T21:09:49.133Z</Time><HeartRateBpm><Value>138</Value></HeartRateBpm><Extensions><TPX xmlns="http://www.garmin.com/xmlschemas/ActivityExtension/v2"><Speed>0.000000</Speed></TPX></Extensions></Trackpoint>
     <Trackpoint><Time>2026-02-03T21:09:50.508Z</Time><HeartRateBpm><Value>140</Value></HeartRateBpm><Extensions><TPX xmlns="http://www.garmin.com/xmlschemas/ActivityExtension/v2"><Speed>0.000000</Speed></TPX></Extensions></Trackpoint>
     <Trackpoint><Time>2026-02-03T21:09:51.685Z</Time><HeartRateBpm><Value>140</Value></HeartRateBpm><Extensions><TPX xmlns="http://www.garmin.com/xmlschemas/ActivityExtension/v2"><Speed>0.000000</Speed></TPX></Extensions></Trackpoint>
     <Trackpoint><Time>2026-02-03T21:09:53.129Z</Time><HeartRateBpm><Value>140</Value></HeartRateBpm><Extensions><TPX xmlns="http://www.garmin.com/xmlschemas/ActivityExtension/v2"><Speed>0.000000</Speed></TPX></Extensions></Trackpoint>
     <Trackpoint><Time>2026-02-03T21:09:54.129Z</Time><HeartRateBpm><Value>140</Value></HeartRateBpm><Extensions><TPX xmlns="http://www.garmin.com/xmlschemas/ActivityExtension/v2"><Speed>0.000000</Speed></TPX></Extensions></Trackpoint>
     <Trackpoint><Time>2026-02-03T21:09:55.541Z</Time><HeartRateBpm><Value>142</Value></HeartRateBpm><Extensions><TPX xmlns="http://www.garmin.com/xmlschemas/ActivityExtension/v2"><Speed>0.000000</Speed></TPX></Extensions></Trackpoint>
     <Trackpoint><Time>2026-02-03T21:09:56.782Z</Time><HeartRateBpm><Value>142</Value></HeartRateBpm><Extensions><TPX xmlns="http://www.garmin.com/xmlschemas/ActivityExtension/v2"><Speed>0.000000</Speed></TPX></Extensions></Trackpoint>
     <Trackpoint><Time>2026-02-03T21:09:58.129Z</Time><HeartRateBpm><Value>142</Value></HeartRateBpm><Extensions><TPX xmlns="http://www.garmin.com/xmlschemas/ActivityExtension/v2"><Speed>0.000000</Speed></TPX></Extensions></Trackpoint>
     <Trackpoint><Time>2026-02-03T21:09:59.129Z</Time><HeartRateBpm><Value>142</Value></HeartRateBpm><Extensions><TPX xmlns="http://www.garmin.com/xmlschemas/ActivityExtension/v2"><Speed>0.000000</Speed></TPX></Extensions></Trackpoint>
     <Trackpoint><Time>2026-02-03T21:10:00.129Z</Time><HeartRateBpm><Value>142</Value></HeartRateBpm><Extensions><TPX xmlns="http://www.garmin.com/xmlschemas/ActivityExtension/v2"><Speed>0.000000</Speed></TPX></Extensions></Trackpoint>
     <Trackpoint><Time>2026-02-03T21:10:01.879Z</Time><HeartRateBpm><Value>142</Value></HeartRateBpm><Extensions><TPX xmlns="http://www.garmin.com/xmlschemas/ActivityExtension/v2"><Speed>0.000000</Speed></TPX></Extensions></Trackpoint>
     <Trackpoint><Time>2026-02-03T21:10:03.129Z</Time><HeartRateBpm><Value>142</Value></HeartRateBpm><Extensions><TPX xmlns="http://www.garmin.com/xmlschemas/ActivityExtension/v2"><Speed>0.000000</Speed></TPX></Extensions></Trackpoint>
     <Trackpoint><Time>2026-02-03T21:10:04.129Z</Time><HeartRateBpm><Value>142</Value></HeartRateBpm><Extensions><TPX xmlns="http://www.garmin.com/xmlschemas/ActivityExtension/v2"><Speed>0.000000</Speed></TPX></Extensions></Trackpoint>
     <Trackpoint><Time>2026-02-03T21:10:05.504Z</Time><HeartRateBpm><Value>141</Value></HeartRateBpm><Extensions><TPX xmlns="http://www.garmin.com/xmlschemas/ActivityExtension/v2"><Speed>0.000000</Speed></TPX></Extensions></Trackpoint>
     <Trackpoint><Time>2026-02-03T21:10:06.978Z</Time><HeartRateBpm><Value>141</Value></HeartRateBpm><Extensions><TPX xmlns="http://www.garmin.com/xmlschemas/ActivityExtension/v2"><Speed>0.000000</Speed></TPX></Extensions></Trackpoint>
     <Trackpoint><Time>2026-02-03T21:10:08.129Z</Time><HeartRateBpm><Value>141</Value></HeartRateBpm><Extensions><TPX xmlns="http://www.garmin.com/xmlschemas/ActivityExtension/v2"><Speed>0.000000</Speed></TPX></Extensions></Trackpoint>
     <Trackpoint><Time>2026-02-03T21:10:09.528Z</Time><HeartRateBpm><Value>141</Value></HeartRateBpm><Extensions><TPX xmlns="http://www.garmin.com/xmlschemas/ActivityExtension/v2"><Speed>0.000000</Speed></TPX></Extensions></Trackpoint>
     <Trackpoint><Time>2026-02-03T21:10:11.129Z</Time><HeartRateBpm><Value>141</Value></HeartRateBpm><Extensions><TPX xmlns="http://www.garmin.com/xmlschemas/ActivityExtension/v2"><Speed>0.000000</Speed></TPX></Extensions></Trackpoint>
     <Trackpoint><Time>2026-02-03T21:10:12.129Z</Time><HeartRateBpm><Value>141</Value></HeartRateBpm><Extensions><TPX xmlns="http://www.garmin.com/xmlschemas/ActivityExtension/v2"><Speed>0.000000</Speed></TPX></Extensions></Trackpoint>
     <Trackpoint><Time>2026-02-03T21:10:14.129Z</Time><HeartRateBpm><Value>141</Value></HeartRateBpm><Extensions><TPX xmlns="http://www.garmin.com/xmlschemas/ActivityExtension/v2"><Speed>0.000000</Speed></TPX></Extensions></Trackpoint>
     <Trackpoint><Time>2026-02-03T21:10:16.129Z</Time><HeartRateBpm><Value>142</Value></HeartRateBpm><Extensions><TPX xmlns="http://www.garmin.com/xmlschemas/ActivityExtension/v2"><Speed>0.000000</Speed></TPX></Extensions></Trackpoint>
     <Trackpoint><Time>2026-02-03T21:10:17.129Z</Time><HeartRateBpm><Value>142</Value></HeartRateBpm><Extensions><TPX xmlns="http://www.garmin.com/xmlschemas/ActivityExtension/v2"><Speed>0.000000</Speed></TPX></Extensions></Trackpoint>
     <Trackpoint><Time>2026-02-03T21:10:19.129Z</Time><HeartRateBpm><Value>142</Value></HeartRateBpm><Extensions><TPX xmlns="http://www.garmin.com/xmlschemas/ActivityExtension/v2"><Speed>0.000000</Speed></TPX></Extensions></Trackpoint>
     <Trackpoint><Time>2026-02-03T21:10:20.129Z</Time><HeartRateBpm><Value>142</Value></HeartRateBpm><Extensions><TPX xmlns="http://www.garmin.com/xmlschemas/ActivityExtension/v2"><Speed>0.000000</Speed></TPX></Extensions></Trackpoint>
     <Trackpoint><Time>2026-02-03T21:10:22.129Z</Time><HeartRateBpm><Value>139</Value></HeartRateBpm><Extensions><TPX xmlns="http://www.garmin.com/xmlschemas/ActivityExtension/v2"><Speed>0.000000</Speed></TPX></Extensions></Trackpoint>
     <Trackpoint><Time>2026-02-03T21:10:23.129Z</Time><HeartRateBpm><Value>139</Value></HeartRateBpm><Extensions><TPX xmlns="http://www.garmin.com/xmlschemas/ActivityExtension/v2"><Speed>0.000000</Speed></TPX></Extensions></Trackpoint>
     <Trackpoint><Time>2026-02-03T21:10:24.129Z</Time><HeartRateBpm><Value>139</Value></HeartRateBpm><Extensions><TPX xmlns="http://www.garmin.com/xmlschemas/ActivityExtension/v2"><Speed>0.000000</Speed></TPX></Extensions></Trackpoint>
     <Trackpoint><Time>2026-02-03T21:10:26.129Z</Time><HeartRateBpm><Value>140</Value></HeartRateBpm><Extensions><TPX xmlns="http://www.garmin.com/xmlschemas/ActivityExtension/v2"><Speed>0.000000</Speed></TPX></Extensions></Trackpoint>
     <Trackpoint><Time>2026-02-03T21:10:27.377Z</Time><HeartRateBpm><Value>140</Value></HeartRateBpm><Extensions><TPX xmlns="http://www.garmin.com/xmlschemas/ActivityExtension/v2"><Speed>0.000000</Speed></TPX></Extensions></Trackpoint>
     <Trackpoint><Time>2026-02-03T21:10:29.129Z</Time><HeartRateBpm><Value>140</Value></HeartRateBpm><Extensions><TPX xmlns="http://www.garmin.com/xmlschemas/ActivityExtension/v2"><Speed>0.000000</Speed></TPX></Extensions></Trackpoint>
     <Trackpoint><Time>2026-02-03T21:10:31.129Z</Time><HeartRateBpm><Value>140</Value></HeartRateBpm><Extensions><TPX xmlns="http://www.garmin.com/xmlschemas/ActivityExtension/v2"><Speed>0.000000</Speed></TPX></Extensions></Trackpoint>
     <Trackpoint><Time>2026-02-03T21:10:32.129Z</Time><HeartRateBpm><Value>140</Value></HeartRateBpm><Extensions><TPX xmlns="http://www.garmin.com/xmlschemas/ActivityExtension/v2"><Speed>0.000000</Speed></TPX></Extensions></Trackpoint>
     <Trackpoint><Time>2026-02-03T21:10:34.129Z</Time><HeartRateBpm><Value>140</Value></HeartRateBpm><Extensions><TPX xmlns="http://www.garmin.com/xmlschemas/ActivityExtension/v2"><Speed>0.000000</Speed></TPX></Extensions></Trackpoint>
     <Trackpoint><Time>2026-02-03T21:10:35.129Z</Time><HeartRateBpm><Value>137</Value></HeartRateBpm><Extensions><TPX xmlns="http://www.garmin.com/xmlschemas/ActivityExtension/v2"><Speed>0.000000</Speed></TPX></Extensions></Trackpoint>
     <Trackpoint><Time>2026-02-03T21:10:37.129Z</Time><HeartRateBpm><Value>137</Value></HeartRateBpm><Extensions><TPX xmlns="http://www.garmin.com/xmlschemas/ActivityExtension/v2"><Speed>0.000000</Speed></TPX></Extensions></Trackpoint>
     <Trackpoint><Time>2026-02-03T21:10:38.129Z</Time><HeartRateBpm><Value>137</Value></HeartRateBpm><Extensions><TPX xmlns="http://www.garmin.com/xmlschemas/ActivityExtension/v2"><Speed>0.000000</Speed></TPX></Extensions></Trackpoint>
     <Trackpoint><Time>2026-02-03T21:10:40.114Z</Time><HeartRateBpm><Value>137</Value></HeartRateBpm><Extensions><TPX xmlns="http://www.garmin.com/xmlschemas/ActivityExtension/v2"><Speed>0.000000</Speed></TPX></Extensions></Trackpoint>
     <Trackpoint><Time>2026-02-03T21:10:41.129Z</Time><HeartRateBpm><Value>136</Value></HeartRateBpm><Extensions><TPX xmlns="http://www.garmin.com/xmlschemas/ActivityExtension/v2"><Speed>0.000000</Speed></TPX></Extensions></Trackpoint>
     <Trackpoint><Time>2026-02-03T21:10:42.129Z</Time><HeartRateBpm><Value>136</Value></HeartRateBpm><Extensions><TPX xmlns="http://www.garmin.com/xmlschemas/ActivityExtension/v2"><Speed>0.000000</Speed></TPX></Extensions></Trackpoint>
     <Trackpoint><Time>2026-02-03T21:10:43.129Z</Time><HeartRateBpm><Value>136</Value></HeartRateBpm><Extensions><TPX xmlns="http://www.garmin.com/xmlschemas/ActivityExtension/v2"><Speed>0.000000</Speed></TPX></Extensions></Trackpoint>
     <Trackpoint><Time>2026-02-03T21:10:45.129Z</Time><HeartRateBpm><Value>136</Value></HeartRateBpm><Extensions><TPX xmlns="http://www.garmin.com/xmlschemas/ActivityExtension/v2"><Speed>0.000000</Speed></TPX></Extensions></Trackpoint>
     <Trackpoint><Time>2026-02-03T21:10:47.129Z</Time><HeartRateBpm><Value>138</Value></HeartRateBpm><Extensions><TPX xmlns="http://www.garmin.com/xmlschemas/ActivityExtension/v2"><Speed>0.000000</Speed></TPX></Extensions></Trackpoint>
     <Trackpoint><Time>2026-02-03T21:10:49.129Z</Time><HeartRateBpm><Value>138</Value></HeartRateBpm><Extensions><TPX xmlns="http://www.garmin.com/xmlschemas/ActivityExtension/v2"><Speed>0.000000</Speed></TPX></Extensions></Trackpoint>
     <Trackpoint><Time>2026-02-03T21:10:50.313Z</Time><HeartRateBpm><Value>138</Value></HeartRateBpm><Extensions><TPX xmlns="http://www.garmin.com/xmlschemas/ActivityExtension/v2"><Speed>0.000000</Speed></TPX></Extensions></Trackpoint>
     <Trackpoint><Time>2026-02-03T21:10:52.129Z</Time><HeartRateBpm><Value>136</Value></HeartRateBpm><Extensions><TPX xmlns="http://www.garmin.com/xmlschemas/ActivityExtension/v2"><Speed>0.000000</Speed></TPX></Extensions></Trackpoint>
     <Trackpoint><Time>2026-02-03T21:10:54.129Z</Time><HeartRateBpm><Value>136</Value></HeartRateBpm><Extensions><TPX xmlns="http://www.garmin.com/xmlschemas/ActivityExtension/v2"><Speed>0.000000</Speed></TPX></Extensions></Trackpoint>
     <Trackpoint><Time>2026-02-03T21:10:55.413Z</Time><HeartRateBpm><Value>136</Value></HeartRateBpm><Extensions><TPX xmlns="http://www.garmin.com/xmlschemas/ActivityExtension/v2"><Speed>0.000000</Speed></TPX></Extensions></Trackpoint>
     <Trackpoint><Time>2026-02-03T21:10:57.129Z</Time><HeartRateBpm><Value>137</Value></HeartRateBpm><Extensions><TPX xmlns="http://www.garmin.com/xmlschemas/ActivityExtension/v2"><Speed>0.000000</Speed></TPX></Extensions></Trackpoint>
     <Trackpoint><Time>2026-02-03T21:10:59.129Z</Time><HeartRateBpm><Value>137</Value></HeartRateBpm><Extensions><TPX xmlns="http://www.garmin.com/xmlschemas/ActivityExtension/v2"><Speed>0.000000</Speed></TPX></Extensions></Trackpoint>
     <Trackpoint><Time>2026-02-03T21:11:00.129Z</Time><HeartRateBpm><Value>137</Value></HeartRateBpm><Extensions><TPX xmlns="http://www.garmin.com/xmlschemas/ActivityExtension/v2"><Speed>0.000000</Speed></TPX></Extensions></Trackpoint>
     <Trackpoint><Time>2026-02-03T21:11:02.129Z</Time><HeartRateBpm><Value>137</Value></HeartRateBpm><Extensions><TPX xmlns="http://www.garmin.com/xmlschemas/ActivityExtension/v2"><Speed>0.000000</Speed></TPX></Extensions></Trackpoint>
     <Trackpoint><Time>2026-02-03T21:11:04.129Z</Time><HeartRateBpm><Value>137</Value></HeartRateBpm><Extensions><TPX xmlns="http://www.garmin.com/xmlschemas/ActivityExtension/v2"><Speed>0.000000</Speed></TPX></Extensions></Trackpoint>
     <Trackpoint><Time>2026-02-03T21:11:05.129Z</Time><HeartRateBpm><Value>137</Value></HeartRateBpm><Extensions><TPX xmlns="http://www.garmin.com/xmlschemas/ActivityExtension/v2"><Speed>0.000000</Speed></TPX></Extensions></Trackpoint>
     <Trackpoint><Time>2026-02-03T21:11:07.129Z</Time><HeartRateBpm><Value>138</Value></HeartRateBpm><Extensions><TPX xmlns="http://www.garmin.com/xmlschemas/ActivityExtension/v2"><Speed>0.000000</Speed></TPX></Extensions></Trackpoint>
     <Trackpoint><Time>2026-02-03T21:11:08.129Z</Time><HeartRateBpm><Value>138</Value></HeartRateBpm><Extensions><TPX xmlns="http://www.garmin.com/xmlschemas/ActivityExtension/v2"><Speed>0.000000</Speed></TPX></Extensions></Trackpoint>
     <Trackpoint><Time>2026-02-03T21:11:10.129Z</Time><HeartRateBpm><Value>138</Value></HeartRateBpm><Extensions><TPX xmlns="http://www.garmin.com/xmlschemas/ActivityExtension/v2"><Speed>0.000000</Speed></TPX></Extensions></Trackpoint>
     <Trackpoint><Time>2026-02-03T21:11:12.129Z</Time><HeartRateBpm><Value>138</Value></HeartRateBpm><Extensions><TPX xmlns="http://www.garmin.com/xmlschemas/ActivityExtension/v2"><Speed>0.000000</Speed></TPX></Extensions></Trackpoint>
     <Trackpoint><Time>2026-02-03T21:11:13.258Z</Time><HeartRateBpm><Value>138</Value></HeartRateBpm><Extensions><TPX xmlns="http://www.garmin.com/xmlschemas/ActivityExtension/v2"><Speed>0.000000</Speed></TPX></Extensions></Trackpoint>
     <Trackpoint><Time>2026-02-03T21:11:15.129Z</Time><HeartRateBpm><Value>138</Value></HeartRateBpm><Extensions><TPX xmlns="http://www.garmin.com/xmlschemas/ActivityExtension/v2"><Speed>0.000000</Speed></TPX></Extensions></Trackpoint>
     <Trackpoint><Time>2026-02-03T21:11:17.129Z</Time><HeartRateBpm><Value>138</Value></HeartRateBpm><Extensions><TPX xmlns="http://www.garmin.com/xmlschemas/ActivityExtension/v2"><Speed>0.000000</Speed></TPX></Extensions></Trackpoint>
     <Trackpoint><Time>2026-02-03T21:11:18.352Z</Time><HeartRateBpm><Value>138</Value></HeartRateBpm><Extensions><TPX xmlns="http://www.garmin.com/xmlschemas/ActivityExtension/v2"><Speed>0.000000</Speed></TPX></Extensions></Trackpoint>
     <Trackpoint><Time>2026-02-03T21:11:20.129Z</Time><HeartRateBpm><Value>138</Value></HeartRateBpm><Extensions><TPX xmlns="http://www.garmin.com/xmlschemas/ActivityExtension/v2"><Speed>0.000000</Speed></TPX></Extensions></Trackpoint>
     <Trackpoint><Time>2026-02-03T21:11:22.129Z</Time><HeartRateBpm><Value>138</Value></HeartRateBpm><Extensions><TPX xmlns="http://www.garmin.com/xmlschemas/ActivityExtension/v2"><Speed>0.000000</Speed></TPX></Extensions></Trackpoint>
     <Trackpoint><Time>2026-02-03T21:11:23.129Z</Time><HeartRateBpm><Value>138</Value></HeartRateBpm><Extensions><TPX xmlns="http://www.garmin.com/xmlschemas/ActivityExtension/v2"><Speed>0.000000</Speed></TPX></Extensions></Trackpoint>
     <Trackpoint><Time>2026-02-03T21:11:25.129Z</Time><HeartRateBpm><Value>138</Value></HeartRateBpm><Extensions><TPX xmlns="http://www.garmin.com/xmlschemas/ActivityExtension/v2"><Speed>0.000000</Speed></TPX></Extensions></Trackpoint>
     <Trackpoint><Time>2026-02-03T21:11:27.129Z</Time><HeartRateBpm><Value>138</Value></HeartRateBpm><Extensions><TPX xmlns="http://www.garmin.com/xmlschemas/ActivityExtension/v2"><Speed>0.000000</Speed></TPX></Extensions></Trackpoint>
     <Trackpoint><Time>2026-02-03T21:11:28.129Z</Time><HeartRateBpm><Value>138</Value></HeartRateBpm><Extensions><TPX xmlns="http://www.garmin.com/xmlschemas/ActivityExtension/v2"><Speed>0.000000</Speed></TPX></Extensions></Trackpoint>
     <Trackpoint><Time>2026-02-03T21:11:29.129Z</Time><HeartRateBpm><Value>138</Value></HeartRateBpm><Extensions><TPX xmlns="http://www.garmin.com/xmlschemas/ActivityExtension/v2"><Speed>0.000000</Speed></TPX></Extensions></Trackpoint>
     <Trackpoint><Time>2026-02-03T21:11:30.507Z</Time><HeartRateBpm><Value>139</Value></HeartRateBpm><Extensions><TPX xmlns="http://www.garmin.com/xmlschemas/ActivityExtension/v2"><Speed>0.000000</Speed></TPX></Extensions></Trackpoint>
     <Trackpoint><Time>2026-02-03T21:11:32.129Z</Time><HeartRateBpm><Value>139</Value></HeartRateBpm><Extensions><TPX xmlns="http://www.garmin.com/xmlschemas/ActivityExtension/v2"><Speed>0.000000</Speed></TPX></Extensions></Trackpoint>
     <Trackpoint><Time>2026-02-03T21:11:33.129Z</Time><HeartRateBpm><Value>139</Value></HeartRateBpm><Extensions><TPX xmlns="http://www.garmin.com/xmlschemas/ActivityExtension/v2"><Speed>0.000000</Speed></TPX></Extensions></Trackpoint>
     <Trackpoint><Time>2026-02-03T21:11:35.129Z</Time><HeartRateBpm><Value>139</Value></HeartRateBpm><Extensions><TPX xmlns="http://www.garmin.com/xmlschemas/ActivityExtension/v2"><Speed>0.000000</Speed></TPX></Extensions></Trackpoint>
     <Trackpoint><Time>2026-02-03T21:11:36.129Z</Time><HeartRateBpm><Value>140</Value></HeartRateBpm><Extensions><TPX xmlns="http://www.garmin.com/xmlschemas/ActivityExtension/v2"><Speed>0.000000</Speed></TPX></Extensions></Trackpoint>
     <Trackpoint><Time>2026-02-03T21:11:38.129Z</Time><HeartRateBpm><Value>140</Value></HeartRateBpm><Extensions><TPX xmlns="http://www.garmin.com/xmlschemas/ActivityExtension/v2"><Speed>0.000000</Speed></TPX></Extensions></Trackpoint>
     <Trackpoint><Time>2026-02-03T21:11:40.128Z</Time><HeartRateBpm><Value>140</Value></HeartRateBpm><Extensions><TPX xmlns="http://www.garmin.com/xmlschemas/ActivityExtension/v2"><Speed>0.000000</Speed></TPX></Extensions></Trackpoint>
     <Trackpoint><Time>2026-02-03T21:11:41.129Z</Time><HeartRateBpm><Value>141</Value></HeartRateBpm><Extensions><TPX xmlns="http://www.garmin.com/xmlschemas/ActivityExtension/v2"><Speed>0.000000</Speed></TPX></Extensions></Trackpoint>
     <Trackpoint><Time>2026-02-03T21:11:43.129Z</Time><HeartRateBpm><Value>141</Value></HeartRateBpm><Extensions><TPX xmlns="http://www.garmin.com/xmlschemas/ActivityExtension/v2"><Speed>0.000000</Speed></TPX></Extensions></Trackpoint>
     <Trackpoint><Time>2026-02-03T21:11:44.129Z</Time><HeartRateBpm><Value>141</Value></HeartRateBpm><Extensions><TPX xmlns="http://www.garmin.com/xmlschemas/ActivityExtension/v2"><Speed>0.000000</Speed></TPX></Extensions></Trackpoint>
     <Trackpoint><Time>2026-02-03T21:11:45.984Z</Time><HeartRateBpm><Value>140</Value></HeartRateBpm><Extensions><TPX xmlns="http://www.garmin.com/xmlschemas/ActivityExtension/v2"><Speed>0.000000</Speed></TPX></Extensions></Trackpoint>
     <Trackpoint><Time>2026-02-03T21:11:47.128Z</Time><HeartRateBpm><Value>140</Value></HeartRateBpm><Extensions><TPX xmlns="http://www.garmin.com/xmlschemas/ActivityExtension/v2"><Speed>0.000000</Speed></TPX></Extensions></Trackpoint>
     <Trackpoint><Time>2026-02-03T21:11:48.129Z</Time><HeartRateBpm><Value>140</Value></HeartRateBpm><Extensions><TPX xmlns="http://www.garmin.com/xmlschemas/ActivityExtension/v2"><Speed>0.000000</Speed></TPX></Extensions></Trackpoint>
     <Trackpoint><Time>2026-02-03T21:11:49.129Z</Time><HeartRateBpm><Value>140</Value></HeartRateBpm><Extensions><TPX xmlns="http://www.garmin.com/xmlschemas/ActivityExtension/v2"><Speed>0.000000</Speed></TPX></Extensions></Trackpoint>
     <Trackpoint><Time>2026-02-03T21:11:50.527Z</Time><HeartRateBpm><Value>141</Value></HeartRateBpm><Extensions><TPX xmlns="http://www.garmin.com/xmlschemas/ActivityExtension/v2"><Speed>0.000000</Speed></TPX></Extensions></Trackpoint>
     <Trackpoint><Time>2026-02-03T21:11:52.129Z</Time><HeartRateBpm><Value>141</Value></HeartRateBpm><Extensions><TPX xmlns="http://www.garmin.com/xmlschemas/ActivityExtension/v2"><Speed>0.000000</Speed></TPX></Extensions></Trackpoint>
     <Trackpoint><Time>2026-02-03T21:11:54.040Z</Time><HeartRateBpm><Value>141</Value></HeartRateBpm><Extensions><TPX xmlns="http://www.garmin.com/xmlschemas/ActivityExtension/v2"><Speed>0.000000</Speed></TPX></Extensions></Trackpoint>
     <Trackpoint><Time>2026-02-03T21:11:55.129Z</Time><HeartRateBpm><Value>141</Value></HeartRateBpm><Extensions><TPX xmlns="http://www.garmin.com/xmlschemas/ActivityExtension/v2"><Speed>0.000000</Speed></TPX></Extensions></Trackpoint>
     <Trackpoint><Time>2026-02-03T21:11:56.129Z</Time><HeartRateBpm><Value>141</Value></HeartRateBpm><Extensions><TPX xmlns="http://www.garmin.com/xmlschemas/ActivityExtension/v2"><Speed>0.000000</Speed></TPX></Extensions></Trackpoint>
     <Trackpoint><Time>2026-02-03T21:11:58.129Z</Time><HeartRateBpm><Value>141</Value></HeartRateBpm><Extensions><TPX xmlns="http://www.garmin.com/xmlschemas/ActivityExtension/v2"><Speed>0.000000</Speed></TPX></Extensions></Trackpoint>
     <Trackpoint><Time>2026-02-03T21:11:59.129Z</Time><HeartRateBpm><Value>141</Value></HeartRateBpm><Extensions><TPX xmlns="http://www.garmin.com/xmlschemas/ActivityExtension/v2"><Speed>0.000000</Speed></TPX></Extensions></Trackpoint>
     <Trackpoint><Time>2026-02-03T21:12:00.129Z</Time><HeartRateBpm><Value>141</Value></HeartRateBpm><Extensions><TPX xmlns="http://www.garmin.com/xmlschemas/ActivityExtension/v2"><Speed>0.000000</Speed></TPX></Extensions></Trackpoint>
     <Trackpoint><Time>2026-02-03T21:12:01.692Z</Time><HeartRateBpm><Value>140</Value></HeartRateBpm><Extensions><TPX xmlns="http://www.garmin.com/xmlschemas/ActivityExtension/v2"><Speed>0.000000</Speed></TPX></Extensions></Trackpoint>
     <Trackpoint><Time>2026-02-03T21:12:03.129Z</Time><HeartRateBpm><Value>140</Value></HeartRateBpm><Extensions><TPX xmlns="http://www.garmin.com/xmlschemas/ActivityExtension/v2"><Speed>0.000000</Speed></TPX></Extensions></Trackpoint>
     <Trackpoint><Time>2026-02-03T21:12:04.129Z</Time><HeartRateBpm><Value>140</Value></HeartRateBpm><Extensions><TPX xmlns="http://www.garmin.com/xmlschemas/ActivityExtension/v2"><Speed>0.000000</Speed></TPX></Extensions></Trackpoint>
     <Trackpoint><Time>2026-02-03T21:12:05.129Z</Time><HeartRateBpm><Value>140</Value></HeartRateBpm><Extensions><TPX xmlns="http://www.garmin.com/xmlschemas/ActivityExtension/v2"><Speed>0.000000</Speed></TPX></Extensions></Trackpoint>
     <Trackpoint><Time>2026-02-03T21:12:06.785Z</Time><HeartRateBpm><Value>140</Value></HeartRateBpm><Extensions><TPX xmlns="http://www.garmin.com/xmlschemas/ActivityExtension/v2"><Speed>0.000000</Speed></TPX></Extensions></Trackpoint>
     <Trackpoint><Time>2026-02-03T21:12:08.137Z</Time><HeartRateBpm><Value>140</Value></HeartRateBpm><Extensions><TPX xmlns="http://www.garmin.com/xmlschemas/ActivityExtension/v2"><Speed>0.000000</Speed></TPX></Extensions></Trackpoint>
     <Trackpoint><Time>2026-02-03T21:12:09.333Z</Time><HeartRateBpm><Value>140</Value></HeartRateBpm><Extensions><TPX xmlns="http://www.garmin.com/xmlschemas/ActivityExtension/v2"><Speed>0.000000</Speed></TPX></Extensions></Trackpoint>
     <Trackpoint><Time>2026-02-03T21:12:11.060Z</Time><HeartRateBpm><Value>140</Value></HeartRateBpm><Extensions><TPX xmlns="http://www.garmin.com/xmlschemas/ActivityExtension/v2"><Speed>0.000000</Speed></TPX></Extensions></Trackpoint>
     <Trackpoint><Time>2026-02-03T21:12:12.129Z</Time><HeartRateBpm><Value>140</Value></HeartRateBpm><Extensions><TPX xmlns="http://www.garmin.com/xmlschemas/ActivityExtension/v2"><Speed>0.000000</Speed></TPX></Extensions></Trackpoint>
     <Trackpoint><Time>2026-02-03T21:12:14.129Z</Time><HeartRateBpm><Value>140</Value></HeartRateBpm><Extensions><TPX xmlns="http://www.garmin.com/xmlschemas/ActivityExtension/v2"><Speed>0.000000</Speed></TPX></Extensions></Trackpoint>
     <Trackpoint><Time>2026-02-03T21:12:15.129Z</Time><HeartRateBpm><Value>140</Value></HeartRateBpm><Extensions><TPX xmlns="http://www.garmin.com/xmlschemas/ActivityExtension/v2"><Speed>0.000000</Speed></TPX></Extensions></Trackpoint>
     <Trackpoint><Time>2026-02-03T21:12:16.985Z</Time><HeartRateBpm><Value>139</Value></HeartRateBpm><Extensions><TPX xmlns="http://www.garmin.com/xmlschemas/ActivityExtension/v2"><Speed>0.000000</Speed></TPX></Extensions></Trackpoint>
     <Trackpoint><Time>2026-02-03T21:12:18.129Z</Time><HeartRateBpm><Value>139</Value></HeartRateBpm><Extensions><TPX xmlns="http://www.garmin.com/xmlschemas/ActivityExtension/v2"><Speed>0.000000</Speed></TPX></Extensions></Trackpoint>
     <Trackpoint><Time>2026-02-03T21:12:19.544Z</Time><HeartRateBpm><Value>139</Value></HeartRateBpm><Extensions><TPX xmlns="http://www.garmin.com/xmlschemas/ActivityExtension/v2"><Speed>0.000000</Speed></TPX></Extensions></Trackpoint>
     <Trackpoint><Time>2026-02-03T21:12:21.129Z</Time><HeartRateBpm><Value>138</Value></HeartRateBpm><Extensions><TPX xmlns="http://www.garmin.com/xmlschemas/ActivityExtension/v2"><Speed>0.000000</Speed></TPX></Extensions></Trackpoint>
     <Trackpoint><Time>2026-02-03T21:12:23.129Z</Time><HeartRateBpm><Value>138</Value></HeartRateBpm><Extensions><TPX xmlns="http://www.garmin.com/xmlschemas/ActivityExtension/v2"><Speed>0.000000</Speed></TPX></Extensions></Trackpoint>
    </Track>
   </Lap>
  </Activity>
 </Activities>
</TrainingCenterDatabase>
