<?xml version="1.0" encoding="UTF-8"?>
<TrainingCenterDatabase xsi:schemaLocation="http://www.garmin.com/xmlschemas/TrainingCenterDatabase/v2 http://www.garmin.com/xmlschemas/TrainingCenterDatabasev2.xsd" xmlns:ns5="http://www.garmin.com/xmlschemas/ActivityGoals/v1" xmlns:ns4="http://www.garmin.com/xmlschemas/ProfileExtension/v1" xmlns:ns3="http://www.garmin.com/xmlschemas/ActivityExtension/v2" xmlns:ns2="http://www.garmin.com/xmlschemas/UserProfile/v2" xmlns="http://www.garmin.com/xmlschemas/TrainingCenterDatabase/v2" xmlns:xsi="http://www.w3.org/2001/XMLSchema-instance">
 <Creator>Apple Watch</Creator>
 <Activities>
  <Activity Sport="Biking">
   <Id>2026-03-31T19:02:20.501Z</Id>
   <Lap StartTime="2026-03-31T19:02:20.501Z">
    <TotalTimeSeconds>600</TotalTimeSeconds>
    <AverageHeartRateBpm><Value>123</Value></AverageHeartRateBpm>
    <MaximumHeartRateBpm><Value>135</Value></MaximumHeartRateBpm>
    <Calories>81</Calories>
    <Track>
     <Trackpoint><Time>2026-03-31T19:02:20.501Z</Time><HeartRateBpm><Value>0</Value></HeartRateBpm><Extensions><TPX xmlns="http://www.garmin.com/xmlschemas/ActivityExtension/v2"><Speed>0.000000</Speed></TPX></Extensions></Trackpoint>
     <Trackpoint><Time>2026-03-31T19:02:22.500Z</Time><HeartRateBpm><Value>0</Value></HeartRateBpm><Extensions><TPX xmlns="http://www.garmin.com/xmlschemas/ActivityExtension/v2"><Speed>0.000000</Speed></TPX></Extensions></Trackpoint>
     <Trackpoint><Time>2026-03-31T19:02:24.500Z</Time><HeartRateBpm><Value>0</Value></HeartRateBpm><Extensions><TPX xmlns="http://www.garmin.com/xmlschemas/ActivityExtension/v2"><Speed>0.000000</Speed></TPX></Extensions></Trackpoint>
     <Trackpoint><Time>2026-03-31T19:02:26.500Z</Time><HeartRateBpm><Value>101</Value></HeartRateBpm><Extensions><TPX xmlns="http://www.garmin.com/xmlschemas/ActivityExtension/v2"><Speed>0.000000</Speed></TPX></Extensions></Trackpoint>
     <Trackpoint><Time>2026-03-31T19:02:28.386Z</Time><HeartRateBpm><Value>101</Value></HeartRateBpm><Extensions><TPX xmlns="http://www.garmin.com/xmlschemas/ActivityExtension/v2"><Speed>0.000000</Speed></TPX></Extensions></Trackpoint>
     <Trackpoint><Time>2026-03-31T19:02:29.500Z</Time><HeartRateBpm><Value>95</Value></HeartRateBpm><Extensions><TPX xmlns="http://www.garmin.com/xmlschemas/ActivityExtension/v2"><Speed>0.000000</Speed></TPX></Extensions></Trackpoint>
     <Trackpoint><Time>2026-03-31T19:02:30.500Z</Time><HeartRateBpm><Value>95</Value></HeartRateBpm><Extensions><TPX xmlns="http://www.garmin.com/xmlschemas/ActivityExtension/v2"><Speed>0.000000</Speed></TPX></Extensions></Trackpoint>
     <Trackpoint><Time>2026-03-31T19:02:32.500Z</Time><HeartRateBpm><Value>95</Value></HeartRateBpm><Extensions><TPX xmlns="http://www.garmin.com/xmlschemas/ActivityExtension/v2"><Speed>0.000000</Speed></TPX></Extensions></Trackpoint>
     <Trackpoint><Time>2026-03-31T19:02:34.500Z</Time><HeartRateBpm><Value>95</Value></HeartRateBpm><Extensions><TPX xmlns="http://www.garmin.com/xmlschemas/ActivityExtension/v2"><Speed>0.000000</Speed></TPX></Extensions></Trackpoint>
     <Trackpoint><Time>2026-03-31T19:02:36.047Z</Time><HeartRateBpm><Value>93</Value></HeartRateBpm><Extensions><TPX xmlns="http://www.garmin.com/xmlschemas/ActivityExtension/v2"><Speed>0.000000</Speed></TPX></Extensions></Trackpoint>
     <Trackpoint><Time>2026-03-31T19:02:37.500Z</Time><HeartRateBpm><Value>93</Value></HeartRateBpm><Extensions><TPX xmlns="http://www.garmin.com/xmlschemas/ActivityExtension/v2"><Speed>0.000000</Speed></TPX></Extensions></Trackpoint>
     <Trackpoint><Time>2026-03-31T19:02:38.630Z</Time><HeartRateBpm><Value>93</Value></HeartRateBpm><Extensions><TPX xmlns="http://www.garmin.com/xmlschemas/ActivityExtension/v2"><Speed>0.000000</Speed></TPX></Extensions></Trackpoint>
     <Trackpoint><Time>2026-03-31T19:02:40.500Z</Time><HeartRateBpm><Value>96</Value></HeartRateBpm><Extensions><TPX xmlns="http://www.garmin.com/xmlschemas/ActivityExtension/v2"><Speed>0.000000</Speed></TPX></Extensions></Trackpoint>
     <Trackpoint><Time>2026-03-31T19:02:41.500Z</Time><HeartRateBpm><Value>96</Value></HeartRateBpm><Extensions><TPX xmlns="http://www.garmin.com/xmlschemas/ActivityExtension/v2"><Speed>0.000000</Speed></TPX></Extensions></Trackpoint>
     <Trackpoint><Time>2026-03-31T19:02:43.500Z</Time><HeartRateBpm><Value>96</Value></HeartRateBpm><Extensions><TPX xmlns="http://www.garmin.com/xmlschemas/ActivityExtension/v2"><Speed>0.000000</Speed></TPX></Extensions></Trackpoint>
     <Trackpoint><Time>2026-03-31T19:02:45.500Z</Time><HeartRateBpm><Value>95</Value></HeartRateBpm><Extensions><TPX xmlns="http://www.garmin.com/xmlschemas/ActivityExtension/v2"><Speed>0.000000</Speed></TPX></Extensions></Trackpoint>
     <Trackpoint><Time>2026-03-31T19:02:47.500Z</Time><HeartRateBpm><Value>95</Value></HeartRateBpm><Extensions><TPX xmlns="http://www.garmin.com/xmlschemas/ActivityExtension/v2"><Speed>0.000000</Speed></TPX></Extensions></Trackpoint>
     <Trackpoint><Time>2026-03-31T19:02:48.500Z</Time><HeartRateBpm><Value>95</Value></HeartRateBpm><Extensions><TPX xmlns="http://www.garmin.com/xmlschemas/ActivityExtension/v2"><Speed>0.000000</Speed></TPX></Extensions></Trackpoint>
     <Trackpoint><Time>2026-03-31T19:02:50.500Z</Time><HeartRateBpm><Value>94</Value></HeartRateBpm><Extensions><TPX xmlns="http://www.garmin.com/xmlschemas/ActivityExtension/v2"><Speed>0.000000</Speed></TPX></Extensions></Trackpoint>
     <Trackpoint><Time>2026-03-31T19:02:52.500Z</Time><HeartRateBpm><Value>94</Value></HeartRateBpm><Extensions><TPX xmlns="http://www.garmin.com/xmlschemas/ActivityExtension/v2"><Speed>0.000000</Speed></TPX></Extensions></Trackpoint>
     <Trackpoint><Time>2026-03-31T19:02:53.872Z</Time><HeartRateBpm><Value>94</Value></HeartRateBpm><Extensions><TPX xmlns="http://www.garmin.com/xmlschemas/ActivityExtension/v2"><Speed>0.000000</Speed></TPX></Extensions></Trackpoint>
     <Trackpoint><Time>2026-03-31T19:02:55.500Z</Time><HeartRateBpm><Value>100</Value></HeartRateBpm><Extensions><TPX xmlns="http://www.garmin.com/xmlschemas/ActivityExtension/v2"><Speed>0.000000</Speed></TPX></Extensions></Trackpoint>
     <Trackpoint><Time>2026-03-31T19:02:57.500Z</Time><HeartRateBpm><Value>100</Value></HeartRateBpm><Extensions><TPX xmlns="http://www.garmin.com/xmlschemas/ActivityExtension/v2"><Speed>0.000000</Speed></TPX></Extensions></Trackpoint>
     <Trackpoint><Time>2026-03-31T19:02:58.973Z</Time><HeartRateBpm><Value>100</Value></HeartRateBpm><Extensions><TPX xmlns="http://www.garmin.com/xmlschemas/ActivityExtension/v2"><Speed>0.000000</Speed></TPX></Extensions></Trackpoint>
     <Trackpoint><Time>2026-03-31T19:03:00.500Z</Time><HeartRateBpm><Value>106</Value></HeartRateBpm><Extensions><TPX xmlns="http://www.garmin.com/xmlschemas/ActivityExtension/v2"><Speed>0.000000</Speed></TPX></Extensions></Trackpoint>
     <Trackpoint><Time>2026-03-31T19:03:01.518Z</Time><HeartRateBpm><Value>106</Value></HeartRateBpm><Extensions><TPX xmlns="http://www.garmin.com/xmlschemas/ActivityExtension/v2"><Speed>0.000000</Speed></TPX></Extensions></Trackpoint>
     <Trackpoint><Time>2026-03-31T19:03:03.500Z</Time><HeartRateBpm><Value>106</Value></HeartRateBpm><Extensions><TPX xmlns="http://www.garmin.com/xmlschemas/ActivityExtension/v2"><Speed>0.000000</Speed></TPX></Extensions></Trackpoint>
     <Trackpoint><Time>2026-03-31T19:03:04.500Z</Time><HeartRateBpm><Value>109</Value></HeartRateBpm><Extensions><TPX xmlns="http://www.garmin.com/xmlschemas/ActivityExtension/v2"><Speed>0.000000</Speed></TPX></Extensions></Trackpoint>
     <Trackpoint><Time>2026-03-31T19:03:06.500Z</Time><HeartRateBpm><Value>109</Value></HeartRateBpm><Extensions><TPX xmlns="http://www.garmin.com/xmlschemas/ActivityExtension/v2"><Speed>0.000000</Speed></TPX></Extensions></Trackpoint>
     <Trackpoint><Time>2026-03-31T19:03:08.500Z</Time><HeartRateBpm><Value>109</Value></HeartRateBpm><Extensions><TPX xmlns="http://www.garmin.com/xmlschemas/ActivityExtension/v2"><Speed>0.000000</Speed></TPX></Extensions></Trackpoint>
     <Trackpoint><Time>2026-03-31T19:03:09.500Z</Time><HeartRateBpm><Value>110</Value></HeartRateBpm><Extensions><TPX xmlns="http://www.garmin.com/xmlschemas/ActivityExtension/v2"><Speed>0.000000</Speed></TPX></Extensions></Trackpoint>
     <Trackpoint><Time>2026-03-31T19:03:10.500Z</Time><HeartRateBpm><Value>110</Value></HeartRateBpm><Extensions><TPX xmlns="http://www.garmin.com/xmlschemas/ActivityExtension/v2"><Speed>0.000000</Speed></TPX></Extensions></Trackpoint>
     <Trackpoint><Time>2026-03-31T19:03:11.500Z</Time><HeartRateBpm><Value>110</Value></HeartRateBpm><Extensions><TPX xmlns="http://www.garmin.com/xmlschemas/ActivityExtension/v2"><Speed>0.000000</Speed></TPX></Extensions></Trackpoint>
     <Trackpoint><Time>2026-03-31T19:03:13.500Z</Time><HeartRateBpm><Value>110</Value></HeartRateBpm><Extensions><TPX xmlns="http://www.garmin.com/xmlschemas/ActivityExtension/v2"><Speed>0.000000</Speed></TPX></Extensions></Trackpoint>
     <Trackpoint><Time>2026-03-31T19:03:14.500Z</Time><HeartRateBpm><Value>114</Value></HeartRateBpm><Extensions><TPX xmlns="http://www.garmin.com/xmlschemas/ActivityExtension/v2"><Speed>0.000000</Speed></TPX></Extensions></Trackpoint>
     <Trackpoint><Time>2026-03-31T19:03:16.500Z</Time><HeartRateBpm><Value>114</Value></HeartRateBpm><Extensions><TPX xmlns="http://www.garmin.com/xmlschemas/ActivityExtension/v2"><Speed>0.000000</Speed></TPX></Extensions></Trackpoint>
     <Trackpoint><Time>2026-03-31T19:03:18.500Z</Time><HeartRateBpm><Value>114</Value></HeartRateBpm><Extensions><TPX xmlns="http://www.garmin.com/xmlschemas/ActivityExtension/v2"><Speed>0.000000</Speed></TPX></Extensions></Trackpoint>
     <Trackpoint><Time>2026-03-31T19:03:19.500Z</Time><HeartRateBpm><Value>115</Value></HeartRateBpm><Extensions><TPX xmlns="http://www.garmin.com/xmlschemas/ActivityExtension/v2"><Speed>0.000000</Speed></TPX></Extensions></Trackpoint>
     <Trackpoint><Time>2026-03-31T19:03:21.500Z</Time><HeartRateBpm><Value>115</Value></HeartRateBpm><Extensions><TPX xmlns="http://www.garmin.com/xmlschemas/ActivityExtension/v2"><Speed>0.000000</Speed></TPX></Extensions></Trackpoint>
     <Trackpoint><Time>2026-03-31T19:03:23.500Z</Time><HeartRateBpm><Value>115</Value></HeartRateBpm><Extensions><TPX xmlns="http://www.garmin.com/xmlschemas/ActivityExtension/v2"><Speed>0.000000</Speed></TPX></Extensions></Trackpoint>
     <Trackpoint><Time>2026-03-31T19:03:25.500Z</Time><HeartRateBpm><Value>114</Value></HeartRateBpm><Extensions><TPX xmlns="http://www.garmin.com/xmlschemas/ActivityExtension/v2"><Speed>0.000000</Speed></TPX></Extensions></Trackpoint>
     <Trackpoint><Time>2026-03-31T19:03:26.500Z</Time><HeartRateBpm><Value>114</Value></HeartRateBpm><Extensions><TPX xmlns="http://www.garmin.com/xmlschemas/ActivityExtension/v2"><Speed>0.000000</Speed></TPX></Extensions></Trackpoint>
     <Trackpoint><Time>2026-03-31T19:03:28.500Z</Time><HeartRateBpm><Value>114</Value></HeartRateBpm><Extensions><TPX xmlns="http://www.garmin.com/xmlschemas/ActivityExtension/v2"><Speed>0.000000</Speed></TPX></Extensions></Trackpoint>
     <Trackpoint><Time>2026-03-31T19:03:29.556Z</Time><HeartRateBpm><Value>114</Value></HeartRateBpm><Extensions><TPX xmlns="http://www.garmin.com/xmlschemas/ActivityExtension/v2"><Speed>0.000000</Speed></TPX></Extensions></Trackpoint>
     <Trackpoint><Time>2026-03-31T19:03:31.500Z</Time><HeartRateBpm><Value>114</Value></HeartRateBpm><Extensions><TPX xmlns="http://www.garmin.com/xmlschemas/ActivityExtension/v2"><Speed>0.000000</Speed></TPX></Extensions></Trackpoint>
     <Trackpoint><Time>2026-03-31T19:03:32.500Z</Time><HeartRateBpm><Value>114</Value></HeartRateBpm><Extensions><TPX xmlns="http://www.garmin.com/xmlschemas/ActivityExtension/v2"><Speed>0.000000</Speed></TPX></Extensions></Trackpoint>
     <Trackpoint><Time>2026-03-31T19:03:33.938Z</Time><HeartRateBpm><Value>117</Value></HeartRateBpm><Extensions><TPX xmlns="http://www.garmin.com/xmlschemas/ActivityExtension/v2"><Speed>0.000000</Speed></TPX></Extensions></Trackpoint>
     <Trackpoint><Time>2026-03-31T19:03:35.500Z</Time><HeartRateBpm><Value>117</Value></HeartRateBpm><Extensions><TPX xmlns="http://www.garmin.com/xmlschemas/ActivityExtension/v2"><Speed>0.000000</Speed></TPX></Extensions></Trackpoint>
     <Trackpoint><Time>2026-03-31T19:03:36.500Z</Time><HeartRateBpm><Value>117</Value></HeartRateBpm><Extensions><TPX xmlns="http://www.garmin.com/xmlschemas/ActivityExtension/v2"><Speed>0.000000</Speed></TPX></Extensions></Trackpoint>
     <Trackpoint><Time>2026-03-31T19:03:37.500Z</Time><HeartRateBpm><Value>117</Value></HeartRateBpm><Extensions><TPX xmlns="http://www.garmin.com/xmlschemas/ActivityExtension/v2"><Speed>0.000000</Speed></TPX></Extensions></Trackpoint>
     <Trackpoint><Time>2026-03-31T19:03:39.500Z</Time><HeartRateBpm><Value>117</Value></HeartRateBpm><Extensions><TPX xmlns="http://www.garmin.com/xmlschemas/ActivityExtension/v2"><Speed>0.000000</Speed></TPX></Extensions></Trackpoint>
     <Trackpoint><Time>2026-03-31T19:03:41.500Z</Time><HeartRateBpm><Value>120</Value></HeartRateBpm><Extensions><TPX xmlns="http://www.garmin.com/xmlschemas/ActivityExtension/v2"><Speed>0.000000</Speed></TPX></Extensions></Trackpoint>
     <Trackpoint><Time>2026-03-31T19:03:42.500Z</Time><HeartRateBpm><Value>120</Value></HeartRateBpm><Extensions><TPX xmlns="http://www.garmin.com/xmlschemas/ActivityExtension/v2"><Speed>0.000000</Speed></TPX></Extensions></Trackpoint>
     <Trackpoint><Time>2026-03-31T19:03:43.939Z</Time><HeartRateBpm><Value>120</Value></HeartRateBpm><Extensions><TPX xmlns="http://www.garmin.com/xmlschemas/ActivityExtension/v2"><Speed>0.000000</Speed></TPX></Extensions></Trackpoint>
     <Trackpoint><Time>2026-03-31T19:03:45.500Z</Time><HeartRateBpm><Value>120</Value></HeartRateBpm><Extensions><TPX xmlns="http://www.garmin.com/xmlschemas/ActivityExtension/v2"><Speed>0.000000</Speed></TPX></Extensions></Trackpoint>
     <Trackpoint><Time>2026-03-31T19:03:47.399Z</Time><HeartRateBpm><Value>120</Value></HeartRateBpm><Extensions><TPX xmlns="http://www.garmin.com/xmlschemas/ActivityExtension/v2"><Speed>0.000000</Speed></TPX></Extensions></Trackpoint>
     <Trackpoint><Time>2026-03-31T19:03:48.500Z</Time><HeartRateBpm><Value>120</Value></HeartRateBpm><Extensions><TPX xmlns="http://www.garmin.com/xmlschemas/ActivityExtension/v2"><Speed>0.000000</Speed></TPX></Extensions></Trackpoint>
     <Trackpoint><Time>2026-03-31T19:03:49.500Z</Time><HeartRateBpm><Value>120</Value></HeartRateBpm><Extensions><TPX xmlns="http://www.garmin.com/xmlschemas/ActivityExtension/v2"><Speed>0.000000</Speed></TPX></Extensions></Trackpoint>
     <Trackpoint><Time>2026-03-31T19:03:50.500Z</Time><HeartRateBpm><Value>124</Value></HeartRateBpm><Extensions><TPX xmlns="http://www.garmin.com/xmlschemas/ActivityExtension/v2"><Speed>0.000000</Speed></TPX></Extensions></Trackpoint>
     <Trackpoint><Time>2026-03-31T19:03:52.500Z</Time><HeartRateBpm><Value>124</Value></HeartRateBpm><Extensions><TPX xmlns="http://www.garmin.com/xmlschemas/ActivityExtension/v2"><Speed>0.000000</Speed></TPX></Extensions></Trackpoint>
     <Trackpoint><Time>2026-03-31T19:03:53.500Z</Time><HeartRateBpm><Value>124</Value></HeartRateBpm><Extensions><TPX xmlns="http://www.garmin.com/xmlschemas/ActivityExtension/v2"><Speed>0.000000</Speed></TPX></Extensions></Trackpoint>
     <Trackpoint><Time>2026-03-31T19:03:55.048Z</Time><HeartRateBpm><Value>124</Value></HeartRateBpm><Extensions><TPX xmlns="http://www.garmin.com/xmlschemas/ActivityExtension/v2"><Speed>0.000000</Speed></TPX></Extensions></Trackpoint>
     <Trackpoint><Time>2026-03-31T19:03:56.500Z</Time><HeartRateBpm><Value>124</Value></HeartRateBpm><Extensions><TPX xmlns="http://www.garmin.com/xmlschemas/ActivityExtension/v2"><Speed>0.000000</Speed></TPX></Extensions></Trackpoint>
     <Trackpoint><Time>2026-03-31T19:03:57.588Z</Time><HeartRateBpm><Value>124</Value></HeartRateBpm><Extensions><TPX xmlns="http://www.garmin.com/xmlschemas/ActivityExtension/v2"><Speed>0.000000</Speed></TPX></Extensions></Trackpoint>
     <Trackpoint><Time>2026-03-31T19:03:58.903Z</Time><HeartRateBpm><Value>120</Value></HeartRateBpm><Extensions><TPX xmlns="http://www.garmin.com/xmlschemas/ActivityExtension/v2"><Speed>0.000000</Speed></TPX></Extensions></Trackpoint>
     <Trackpoint><Time>2026-03-31T19:04:00.141Z</Time><HeartRateBpm><Value>120</Value></HeartRateBpm><Extensions><TPX xmlns="http://www.garmin.com/xmlschemas/ActivityExtension/v2"><Speed>0.000000</Speed></TPX></Extensions></Trackpoint>
     <Trackpoint><Time>2026-03-31T19:04:01.500Z</Time><HeartRateBpm><Value>120</Value></HeartRateBpm><Extensions><TPX xmlns="http://www.garmin.com/xmlschemas/ActivityExtension/v2"><Speed>0.000000</Speed></TPX></Extensions></Trackpoint>
     <Trackpoint><Time>2026-03-31T19:04:02.690Z</Time><HeartRateBpm><Value>120</Value></HeartRateBpm><Extensions><TPX xmlns="http://www.garmin.com/xmlschemas/ActivityExtension/v2"><Speed>0.000000</Speed></TPX></Extensions></Trackpoint>
     <Trackpoint><Time>2026-03-31T19:04:04.500Z</Time><HeartRateBpm><Value>120</Value></HeartRateBpm><Extensions><TPX xmlns="http://www.garmin.com/xmlschemas/ActivityExtension/v2"><Speed>0.000000</Speed></TPX></Extensions></Trackpoint>
     <Trackpoint><Time>2026-03-31T19:04:05.500Z</Time><HeartRateBpm><Value>120</Value></HeartRateBpm><Extensions><TPX xmlns="http://www.garmin.com/xmlschemas/ActivityExtension/v2"><Speed>0.000000</Speed></TPX></Extensions></Trackpoint>
     <Trackpoint><Time>2026-03-31T19:04:07.500Z</Time><HeartRateBpm><Value>120</Value></HeartRateBpm><Extensions><TPX xmlns="http://www.garmin.com/xmlschemas/ActivityExtension/v2"><Speed>0.000000</Speed></TPX></Extensions></Trackpoint>
     <Trackpoint><Time>2026-03-31T19:04:08.500Z</Time><HeartRateBpm><Value>120</Value></HeartRateBpm><Extensions><TPX xmlns="http://www.garmin.com/xmlschemas/ActivityExtension/v2"><Speed>0.000000</Speed></TPX></Extensions></Trackpoint>
     <Trackpoint><Time>2026-03-31T19:04:09.500Z</Time><HeartRateBpm><Value>120</Value></HeartRateBpm><Extensions><TPX xmlns="http://www.garmin.com/xmlschemas/ActivityExtension/v2"><Speed>0.000000</Speed></TPX></Extensions></Trackpoint>
     <Trackpoint><Time>2026-03-31T19:04:11.500Z</Time><HeartRateBpm><Value>118</Value></HeartRateBpm><Extensions><TPX xmlns="http://www.garmin.com/xmlschemas/ActivityExtension/v2"><Speed>0.000000</Speed></TPX></Extensions></Trackpoint>
     <Trackpoint><Time>2026-03-31T19:04:12.894Z</Time><HeartRateBpm><Value>118</Value></HeartRateBpm><Extensions><TPX xmlns="http://www.garmin.com/xmlschemas/ActivityExtension/v2"><Speed>0.000000</Speed></TPX></Extensions></Trackpoint>
     <Trackpoint><Time>2026-03-31T19:04:14.500Z</Time><HeartRateBpm><Value>118</Value></HeartRateBpm><Extensions><TPX xmlns="http://www.garmin.com/xmlschemas/ActivityExtension/v2"><Speed>0.000000</Speed></TPX></Extensions></Trackpoint>
     <Trackpoint><Time>2026-03-31T19:04:16.500Z</Time><HeartRateBpm><Value>121</Value></HeartRateBpm><Extensions><TPX xmlns="http://www.garmin.com/xmlschemas/ActivityExtension/v2"><Speed>0.000000</Speed></TPX></Extensions></Trackpoint>
     <Trackpoint><Time>2026-03-31T19:04:17.991Z</Time><HeartRateBpm><Value>121</Value></HeartRateBpm><Extensions><TPX xmlns="http://www.garmin.com/xmlschemas/ActivityExtension/v2"><Speed>0.000000</Speed></TPX></Extensions></Trackpoint>
     <Trackpoint><Time>2026-03-31T19:04:19.500Z</Time><HeartRateBpm><Value>121</Value></HeartRateBpm><Extensions><TPX xmlns="http://www.garmin.com/xmlschemas/ActivityExtension/v2"><Speed>0.000000</Speed></TPX></Extensions></Trackpoint>
     <Trackpoint><Time>2026-03-31T19:04:20.537Z</Time><HeartRateBpm><Value>121</Value></HeartRateBpm><Extensions><TPX xmlns="http://www.garmin.com/xmlschemas/ActivityExtension/v2"><Speed>0.000000</Speed></TPX></Extensions></Trackpoint>
     <Trackpoint><Time>2026-03-31T19:04:22.500Z</Time><HeartRateBpm><Value>121</Value></HeartRateBpm><Extensions><TPX xmlns="http://www.garmin.com/xmlschemas/ActivityExtension/v2"><Speed>0.000000</Speed></TPX></Extensions></Trackpoint>
     <Trackpoint><Time>2026-03-31T19:04:24.500Z</Time><HeartRateBpm><Value>119</Value></HeartRateBpm><Extensions><TPX xmlns="http://www.garmin.com/xmlschemas/ActivityExtension/v2"><Speed>0.000000</Speed></TPX></Extensions></Trackpoint>
     <Trackpoint><Time>2026-03-31T19:04:25.634Z</Time><HeartRateBpm><Value>119</Value></HeartRateBpm><Extensions><TPX xmlns="http://www.garmin.com/xmlschemas/ActivityExtension/v2"><Speed>0.000000</Speed></TPX></Extensions></Trackpoint>
     <Trackpoint><Time>2026-03-31T19:04:27.500Z</Time><HeartRateBpm><Value>119</Value></HeartRateBpm><Extensions><TPX xmlns="http://www.garmin.com/xmlschemas/ActivityExtension/v2"><Speed>0.000000</Speed></TPX></Extensions></Trackpoint>
     <Trackpoint><Time>2026-03-31T19:04:28.500Z</Time><HeartRateBpm><Value>119</Value></HeartRateBpm><Extensions><TPX xmlns="http://www.garmin.com/xmlschemas/ActivityExtension/v2"><Speed>0.000000</Speed></TPX></Extensions></Trackpoint>
     <Trackpoint><Time>2026-03-31T19:04:29.500Z</Time><HeartRateBpm><Value>119</Value></HeartRateBpm><Extensions><TPX xmlns="http://www.garmin.com/xmlschemas/ActivityExtension/v2"><Speed>0.000000</Speed></TPX></Extensions></Trackpoint>
     <Trackpoint><Time>2026-03-31T19:04:30.500Z</Time><HeartRateBpm><Value>121</Value></HeartRateBpm><Extensions><TPX xmlns="http://www.garmin.com/xmlschemas/ActivityExtension/v2"><Speed>0.000000</Speed></TPX></Extensions></Trackpoint>
     <Trackpoint><Time>2026-03-31T19:04:32.500Z</Time><HeartRateBpm><Value>121</Value></HeartRateBpm><Extensions><TPX xmlns="http://www.garmin.com/xmlschemas/ActivityExtension/v2"><Speed>0.000000</Speed></TPX></Extensions></Trackpoint>
     <Trackpoint><Time>2026-03-31T19:04:33.500Z</Time><HeartRateBpm><Value>122</Value></HeartRateBpm><Extensions><TPX xmlns="http://www.garmin.com/xmlschemas/ActivityExtension/v2"><Speed>0.000000</Speed></TPX></Extensions></Trackpoint>
     <Trackpoint><Time>2026-03-31T19:04:35.500Z</Time><HeartRateBpm><Value>122</Value></HeartRateBpm><Extensions><TPX xmlns="http://www.garmin.com/xmlschemas/ActivityExtension/v2"><Speed>0.000000</Speed></TPX></Extensions></Trackpoint>
     <Trackpoint><Time>2026-03-31T19:04:37.500Z</Time><HeartRateBpm><Value>122</Value></HeartRateBpm><Extensions><TPX xmlns="http://www.garmin.com/xmlschemas/ActivityExtension/v2"><Speed>0.000000</Speed></TPX></Extensions></Trackpoint>
     <Trackpoint><Time>2026-03-31T19:04:38.500Z</Time><HeartRateBpm><Value>123</Value></HeartRateBpm><Extensions><TPX xmlns="http://www.garmin.com/xmlschemas/ActivityExtension/v2"><Speed>0.000000</Speed></TPX></Extensions></Trackpoint>
     <Trackpoint><Time>2026-03-31T19:04:40.500Z</Time><HeartRateBpm><Value>123</Value></HeartRateBpm><Extensions><TPX xmlns="http://www.garmin.com/xmlschemas/ActivityExtension/v2"><Speed>0.000000</Speed></TPX></Extensions></Trackpoint>
     <Trackpoint><Time>2026-03-31T19:04:42.500Z</Time><HeartRateBpm><Value>123</Value></HeartRateBpm><Extensions><TPX xmlns="http://www.garmin.com/xmlschemas/ActivityExtension/v2"><Speed>0.000000</Speed></TPX></Extensions></Trackpoint>
     <Trackpoint><Time>2026-03-31T19:04:43.500Z</Time><HeartRateBpm><Value>124</Value></HeartRateBpm><Extensions><TPX xmlns="http://www.garmin.com/xmlschemas/ActivityExtension/v2"><Speed>0.000000</Speed></TPX></Extensions></Trackpoint>
     <Trackpoint><Time>2026-03-31T19:04:44.500Z</Time><HeartRateBpm><Value>124</Value></HeartRateBpm><Extensions><TPX xmlns="http://www.garmin.com/xmlschemas/ActivityExtension/v2"><Speed>0.000000</Speed></TPX></Extensions></Trackpoint>
     <Trackpoint><Time>2026-03-31T19:04:46.023Z</Time><HeartRateBpm><Value>124</Value></HeartRateBpm><Extensions><TPX xmlns="http://www.garmin.com/xmlschemas/ActivityExtension/v2"><Speed>0.000000</Speed></TPX></Extensions></Trackpoint>
     <Trackpoint><Time>2026-03-31T19:04:47.500Z</Time><HeartRateBpm><Value>124</Value></HeartRateBpm><Extensions><TPX xmlns="http://www.garmin.com/xmlschemas/ActivityExtension/v2"><Speed>0.000000</Speed></TPX></Extensions></Trackpoint>
     <Trackpoint><Time>2026-03-31T19:04:48.500Z</Time><HeartRateBpm><Value>124</Value></HeartRateBpm><Extensions><TPX xmlns="http://www.garmin.com/xmlschemas/ActivityExtension/v2"><Speed>0.000000</Speed></TPX></Extensions></Trackpoint>
     <Trackpoint><Time>2026-03-31T19:04:50.500Z</Time><HeartRateBpm><Value>124</Value></HeartRateBpm><Extensions><TPX xmlns="http://www.garmin.com/xmlschemas/ActivityExtension/v2"><Speed>0.000000</Speed></TPX></Extensions></Trackpoint>
     <Trackpoint><Time>2026-03-31T19:04:51.500Z</Time><HeartRateBpm><Value>124</Value></HeartRateBpm><Extensions><TPX xmlns="http://www.garmin.com/xmlschemas/ActivityExtension/v2"><Speed>0.000000</Speed></TPX></Extensions></Trackpoint>
     <Trackpoint><Time>2026-03-31T19:04:53.500Z</Time><HeartRateBpm><Value>124</Value></HeartRateBpm><Extensions><TPX xmlns="http://www.garmin.com/xmlschemas/ActivityExtension/v2"><Speed>0.000000</Speed></TPX></Extensions></Trackpoint>
     <Trackpoint><Time>2026-03-31T19:04:55.500Z</Time><HeartRateBpm><Value>124</Value></HeartRateBpm><Extensions><TPX xmlns="http://www.garmin.com/xmlschemas/ActivityExtension/v2"><Speed>0.000000</Speed></TPX></Extensions></Trackpoint>
     <Trackpoint><Time>2026-03-31T19:04:57.500Z</Time><HeartRateBpm><Value>124</Value></HeartRateBpm><Extensions><TPX xmlns="http://www.garmin.com/xmlschemas/ActivityExtension/v2"><Speed>0.000000</Speed></TPX></Extensions></Trackpoint>
     <Trackpoint><Time>2026-03-31T19:04:58.500Z</Time><HeartRateBpm><Value>124</Value></HeartRateBpm><Extensions><TPX xmlns="http://www.garmin.com/xmlschemas/ActivityExtension/v2"><Speed>0.000000</Speed></TPX></Extensions></Trackpoint>
     <Trackpoint><Time>2026-03-31T19:05:00.500Z</Time><HeartRateBpm><Value>124</Value></HeartRateBpm><Extensions><TPX xmlns="http://www.garmin.com/xmlschemas/ActivityExtension/v2"><Speed>0.000000</Speed></TPX></Extensions></Trackpoint>
     <Trackpoint><Time>2026-03-31T19:05:02.500Z</Time><HeartRateBpm><Value>124</Value></HeartRateBpm><Extensions><TPX xmlns="http://www.garmin.com/xmlschemas/ActivityExtension/v2"><Speed>0.000000</Speed></TPX></Extensions></Trackpoint>
     <Trackpoint><Time>2026-03-31T19:05:03.500Z</Time><HeartRateBpm><Value>124</Value></HeartRateBpm><Extensions><TPX xmlns="http://www.garmin.com/xmlschemas/ActivityExtension/v2"><Speed>0.000000</Speed></TPX></Extensions></Trackpoint>
     <Trackpoint><Time>2026-03-31T19:05:05.500Z</Time><HeartRateBpm><Value>125</Value></HeartRateBpm><Extensions><TPX xmlns="http://www.garmin.com/xmlschemas/ActivityExtension/v2"><Speed>0.000000</Speed></TPX></Extensions></Trackpoint>
     <Trackpoint><Time>2026-03-31T19:05:07.500Z</Time><HeartRateBpm><Value>125</Value></HeartRateBpm><Extensions><TPX xmlns="http://www.garmin.com/xmlschemas/ActivityExtension/v2"><Speed>0.000000</Speed></TPX></Extensions></Trackpoint>
     <Trackpoint><Time>2026-03-31T19:05:08.500Z</Time><HeartRateBpm><Value>125</Value></HeartRateBpm><Extensions><TPX xmlns="http://www.garmin.com/xmlschemas/ActivityExtension/v2"><Speed>0.000000</Speed></TPX></Extensions></Trackpoint>
     <Trackpoint><Time>2026-03-31T19:05:09.500Z</Time><HeartRateBpm><Value>123</Value></HeartRateBpm><Extensions><TPX xmlns="http://www.garmin.com/xmlschemas/ActivityExtension/v2"><Speed>0.000000</Speed></TPX></Extensions></Trackpoint>
     <Trackpoint><Time>2026-03-31T19:05:11.500Z</Time><HeartRateBpm><Value>123</Value></HeartRateBpm><Extensions><TPX xmlns="http://www.garmin.com/xmlschemas/ActivityExtension/v2"><Speed>0.000000</Speed></TPX></Extensions></Trackpoint>
     <Trackpoint><Time>2026-03-31T19:05:12.500Z</Time><HeartRateBpm><Value>123</Value></HeartRateBpm><Extensions><TPX xmlns="http://www.garmin.com/xmlschemas/ActivityExtension/v2"><Speed>0.000000</Speed></TPX></Extensions></Trackpoint>
     <Trackpoint><Time>2026-03-31T19:05:13.905Z</Time><HeartRateBpm><Value>123</Value></HeartRateBpm><Extensions><TPX xmlns="http://www.garmin.com/xmlschemas/ActivityExtension/v2"><Speed>0.000000</Speed></TPX></Extensions></Trackpoint>
     <Trackpoint><Time>2026-03-31T19:05:15.500Z</Time><HeartRateBpm><Value>123</Value></HeartRateBpm><Extensions><TPX xmlns="http://www.garmin.com/xmlschemas/ActivityExtension/v2"><Speed>0.000000</Speed></TPX></Extensions></Trackpoint>
     <Trackpoint><Time>2026-03-31T19:05:16.500Z</Time><HeartRateBpm><Value>123</Value></HeartRateBpm><Extensions><TPX xmlns="http://www.garmin.com/xmlschemas/ActivityExtension/v2"><Speed>0.000000</Speed></TPX></Extensions></Trackpoint>
     <Trackpoint><Time>2026-03-31T19:05:18.500Z</Time><HeartRateBpm><Value>123</Value></HeartRateBpm><Extensions><TPX xmlns="http://www.garmin.com/xmlschemas/ActivityExtension/v2"><Speed>0.000000</Speed></TPX></Extensions></Trackpoint>
     <Trackpoint><Time>2026-03-31T19:05:19.500Z</Time><HeartRateBpm><Value>124</Value></HeartRateBpm><Extensions><TPX xmlns="http://www.garmin.com/xmlschemas/ActivityExtension/v2"><Speed>0.000000</Speed></TPX></Extensions></Trackpoint>
     <Trackpoint><Time>2026-03-31T19:05:20.500Z</Time><HeartRateBpm><Value>124</Value></HeartRateBpm><Extensions><TPX xmlns="http://www.garmin.com/xmlschemas/ActivityExtension/v2"><Speed>0.000000</Speed></TPX></Extensions></Trackpoint>
     <Trackpoint><Time>2026-03-31T19:05:21.734Z</Time><HeartRateBpm><Value>124</Value></HeartRateBpm><Extensions><TPX xmlns="http://www.garmin.com/xmlschemas/ActivityExtension/v2"><Speed>0.000000</Speed></TPX></Extensions></Trackpoint>
     <Trackpoint><Time>2026-03-31T19:05:23.500Z</Time><HeartRateBpm><Value>124</Value></HeartRateBpm><Extensions><TPX xmlns="http://www.garmin.com/xmlschemas/ActivityExtension/v2"><Speed>0.000000</Speed></TPX></Extensions></Trackpoint>
     <Trackpoint><Time>2026-03-31T19:05:24.500Z</Time><HeartRateBpm><Value>121</Value></HeartRateBpm><Extensions><TPX xmlns="http://www.garmin.com/xmlschemas/ActivityExtension/v2"><Speed>0.000000</Speed></TPX></Extensions></Trackpoint>
     <Trackpoint><Time>2026-03-31T19:05:26.500Z</Time><HeartRateBpm><Value>121</Value></HeartRateBpm><Extensions><TPX xmlns="http://www.garmin.com/xmlschemas/ActivityExtension/v2"><Speed>0.000000</Speed></TPX></Extensions></Trackpoint>
     <Trackpoint><Time>2026-03-31T19:05:27.500Z</Time><HeartRateBpm><Value>121</Value></HeartRateBpm><Extensions><TPX xmlns="http://www.garmin.com/xmlschemas/ActivityExtension/v2"><Speed>0.000000</Speed></TPX></Extensions></Trackpoint>
     <Trackpoint><Time>2026-03-31T19:05:28.500Z</Time><HeartRateBpm><Value>121</Value></HeartRateBpm><Extensions><TPX xmlns="http://www.garmin.com/xmlschemas/ActivityExtension/v2"><Speed>0.000000</Speed></TPX></Extensions></Trackpoint>
     <Trackpoint><Time>2026-03-31T19:05:30.500Z</Time><HeartRateBpm><Value>123</Value></HeartRateBpm><Extensions><TPX xmlns="http://www.garmin.com/xmlschemas/ActivityExtension/v2"><Speed>0.000000</Speed></TPX></Extensions></Trackpoint>
     <Trackpoint><Time>2026-03-31T19:05:31.910Z</Time><HeartRateBpm><Value>123</Value></HeartRateBpm><Extensions><TPX xmlns="http://www.garmin.com/xmlschemas/ActivityExtension/v2"><Speed>0.000000</Speed></TPX></Extensions></Trackpoint>
     <Trackpoint><Time>2026-03-31T19:05:33.500Z</Time><HeartRateBpm><Value>123</Value></HeartRateBpm><Extensions><TPX xmlns="http://www.garmin.com/xmlschemas/ActivityExtension/v2"><Speed>0.000000</Speed></TPX></Extensions></Trackpoint>
     <Trackpoint><Time>2026-03-31T19:05:35.500Z</Time><HeartRateBpm><Value>122</Value></HeartRateBpm><Extensions><TPX xmlns="http://www.garmin.com/xmlschemas/ActivityExtension/v2"><Speed>0.000000</Speed></TPX></Extensions></Trackpoint>
     <Trackpoint><Time>2026-03-31T19:05:37.015Z</Time><HeartRateBpm><Value>122</Value></HeartRateBpm><Extensions><TPX xmlns="http://www.garmin.com/xmlschemas/ActivityExtension/v2"><Speed>0.000000</Speed></TPX></Extensions></Trackpoint>
     <Trackpoint><Time>2026-03-31T19:05:38.500Z</Time><HeartRateBpm><Value>122</Value></HeartRateBpm><Extensions><TPX xmlns="http://www.garmin.com/xmlschemas/ActivityExtension/v2"><Speed>0.000000</Speed></TPX></Extensions></Trackpoint>
     <Trackpoint><Time>2026-03-31T19:05:39.554Z</Time><HeartRateBpm><Value>123</Value></HeartRateBpm><Extensions><TPX xmlns="http://www.garmin.com/xmlschemas/ActivityExtension/v2"><Speed>0.000000</Speed></TPX></Extensions></Trackpoint>
     <Trackpoint><Time>2026-03-31T19:05:41.499Z</Time><HeartRateBpm><Value>123</Value></HeartRateBpm><Extensions><TPX xmlns="http://www.garmin.com/xmlschemas/ActivityExtension/v2"><Speed>0.000000</Speed></TPX></Extensions></Trackpoint>
     <Trackpoint><Time>2026-03-31T19:05:42.500Z</Time><HeartRateBpm><Value>123</Value></HeartRateBpm><Extensions><TPX xmlns="http://www.garmin.com/xmlschemas/ActivityExtension/v2"><Speed>0.000000</Speed></TPX></Extensions></Trackpoint>
     <Trackpoint><Time>2026-03-31T19:05:44.499Z</Time><HeartRateBpm><Value>123</Value></HeartRateBpm><Extensions><TPX xmlns="http://www.garmin.com/xmlschemas/ActivityExtension/v2"><Speed>0.000000</Speed></TPX></Extensions></Trackpoint>
     <Trackpoint><Time>2026-03-31T19:05:45.500Z</Time><HeartRateBpm><Value>115</Value></HeartRateBpm><Extensions><TPX xmlns="http://www.garmin.com/xmlschemas/ActivityExtension/v2"><Speed>0.000000</Speed></TPX></Extensions></Trackpoint>
     <Trackpoint><Time>2026-03-31T19:05:47.203Z</Time><HeartRateBpm><Value>115</Value></HeartRateBpm><Extensions><TPX xmlns="http://www.garmin.com/xmlschemas/ActivityExtension/v2"><Speed>0.000000</Speed></TPX></Extensions></Trackpoint>
     <Trackpoint><Time>2026-03-31T19:05:48.500Z</Time><HeartRateBpm><Value>115</Value></HeartRateBpm><Extensions><TPX xmlns="http://www.garmin.com/xmlschemas/ActivityExtension/v2"><Speed>0.000000</Speed></TPX></Extensions></Trackpoint>
     <Trackpoint><Time>2026-03-31T19:05:49.517Z</Time><HeartRateBpm><Value>123</Value></HeartRateBpm><Extensions><TPX xmlns="http://www.garmin.com/xmlschemas/ActivityExtension/v2"><Speed>0.000000</Speed></TPX></Extensions></Trackpoint>
     <Trackpoint><Time>2026-03-31T19:05:51.499Z</Time><HeartRateBpm><Value>123</Value></HeartRateBpm><Extensions><TPX xmlns="http://www.garmin.com/xmlschemas/ActivityExtension/v2"><Speed>0.000000</Speed></TPX></Extensions></Trackpoint>
     <Trackpoint><Time>2026-03-31T19:05:53.499Z</Time><HeartRateBpm><Value>123</Value></HeartRateBpm><Extensions><TPX xmlns="http://www.garmin.com/xmlschemas/ActivityExtension/v2"><Speed>0.000000</Speed></TPX></Extensions></Trackpoint>
     <Trackpoint><Time>2026-03-31T19:05:54.499Z</Time><HeartRateBpm><Value>123</Value></HeartRateBpm><Extensions><TPX xmlns="http://www.garmin.com/xmlschemas/ActivityExtension/v2"><Speed>0.000000</Speed></TPX></Extensions></Trackpoint>
     <Trackpoint><Time>2026-03-31T19:05:56.499Z</Time><HeartRateBpm><Value>126</Value></HeartRateBpm><Extensions><TPX xmlns="http://www.garmin.com/xmlschemas/ActivityExtension/v2"><Speed>0.000000</Speed></TPX></Extensions></Trackpoint>
     <Trackpoint><Time>2026-03-31T19:05:58.499Z</Time><HeartRateBpm><Value>126</Value></HeartRateBpm><Extensions><TPX xmlns="http://www.garmin.com/xmlschemas/ActivityExtension/v2"><Speed>0.000000</Speed></TPX></Extensions></Trackpoint>
     <Trackpoint><Time>2026-03-31T19:05:59.946Z</Time><HeartRateBpm><Value>125</Value></HeartRateBpm><Extensions><TPX xmlns="http://www.garmin.com/xmlschemas/ActivityExtension/v2"><Speed>0.000000</Speed></TPX></Extensions></Trackpoint>
     <Trackpoint><Time>2026-03-31T19:06:01.499Z</Time><HeartRateBpm><Value>125</Value></HeartRateBpm><Extensions><TPX xmlns="http://www.garmin.com/xmlschemas/ActivityExtension/v2"><Speed>0.000000</Speed></TPX></Extensions></Trackpoint>
     <Trackpoint><Time>2026-03-31T19:06:02.500Z</Time><HeartRateBpm><Value>125</Value></HeartRateBpm><Extensions><TPX xmlns="http://www.garmin.com/xmlschemas/ActivityExtension/v2"><Speed>0.000000</Speed></TPX></Extensions></Trackpoint>
     <Trackpoint><Time>2026-03-31T19:06:03.935Z</Time><HeartRateBpm><Value>126</Value></HeartRateBpm><Extensions><TPX xmlns="http://www.garmin.com/xmlschemas/ActivityExtension/v2"><Speed>0.000000</Speed></TPX></Extensions></Trackpoint>
     <Trackpoint><Time>2026-03-31T19:06:05.045Z</Time><HeartRateBpm><Value>126</Value></HeartRateBpm><Extensions><TPX xmlns="http://www.garmin.com/xmlschemas/ActivityExtension/v2"><Speed>0.000000</Speed></TPX></Extensions></Trackpoint>
     <Trackpoint><Time>2026-03-31T19:06:06.499Z</Time><HeartRateBpm><Value>126</Value></HeartRateBpm><Extensions><TPX xmlns="http://www.garmin.com/xmlschemas/ActivityExtension/v2"><Speed>0.000000</Speed></TPX></Extensions></Trackpoint>
     <Trackpoint><Time>2026-03-31T19:06:07.500Z</Time><HeartRateBpm><Value>126</Value></HeartRateBpm><Extensions><TPX xmlns="http://www.garmin.com/xmlschemas/ActivityExtension/v2"><Speed>0.000000</Speed></TPX></Extensions></Trackpoint>
     <Trackpoint><Time>2026-03-31T19:06:09.499Z</Time><HeartRateBpm><Value>126</Value></HeartRateBpm><Extensions><TPX xmlns="http://www.garmin.com/xmlschemas/ActivityExtension/v2"><Speed>0.000000</Speed></TPX></Extensions></Trackpoint>
     <Trackpoint><Time>2026-03-31T19:06:10.499Z</Time><HeartRateBpm><Value>121</Value></HeartRateBpm><Extensions><TPX xmlns="http://www.garmin.com/xmlschemas/ActivityExtension/v2"><Speed>0.000000</Speed></TPX></Extensions></Trackpoint>
     <Trackpoint><Time>2026-03-31T19:06:12.499Z</Time><HeartRateBpm><Value>121</Value></HeartRateBpm><Extensions><TPX xmlns="http://www.garmin.com/xmlschemas/ActivityExtension/v2"><Speed>0.000000</Speed></TPX></Extensions></Trackpoint>
     <Trackpoint><Time>2026-03-31T19:06:13.906Z</Time><HeartRateBpm><Value>124</Value></HeartRateBpm><Extensions><TPX xmlns="http://www.garmin.com/xmlschemas/ActivityExtension/v2"><Speed>0.000000</Speed></TPX></Extensions></Trackpoint>
     <Trackpoint><Time>2026-03-31T19:06:15.240Z</Time><HeartRateBpm><Value>124</Value></HeartRateBpm><Extensions><TPX xmlns="http://www.garmin.com/xmlschemas/ActivityExtension/v2"><Speed>0.000000</Speed></TPX></Extensions></Trackpoint>
     <Trackpoint><Time>2026-03-31T19:06:16.499Z</Time><HeartRateBpm><Value>124</Value></HeartRateBpm><Extensions><TPX xmlns="http://www.garmin.com/xmlschemas/ActivityExtension/v2"><Speed>0.000000</Speed></TPX></Extensions></Trackpoint>
     <Trackpoint><Time>2026-03-31T19:06:17.499Z</Time><HeartRateBpm><Value>124</Value></HeartRateBpm><Extensions><TPX xmlns="http://www.garmin.com/xmlschemas/ActivityExtension/v2"><Speed>0.000000</Speed></TPX></Extensions></Trackpoint>
     <Trackpoint><Time>2026-03-31T19:06:19.499Z</Time><HeartRateBpm><Value>124</Value></HeartRateBpm><Extensions><TPX xmlns="http://www.garmin.com/xmlschemas/ActivityExtension/v2"><Speed>0.000000</Speed></TPX></Extensions></Trackpoint>
     <Trackpoint><Time>2026-03-31T19:06:20.499Z</Time><HeartRateBpm><Value>124</Value></HeartRateBpm><Extensions><TPX xmlns="http://www.garmin.com/xmlschemas/ActivityExtension/v2"><Speed>0.000000</Speed></TPX></Extensions></Trackpoint>
     <Trackpoint><Time>2026-03-31T19:06:22.499Z</Time><HeartRateBpm><Value>124</Value></HeartRateBpm><Extensions><TPX xmlns="http://www.garmin.com/xmlschemas/ActivityExtension/v2"><Speed>0.000000</Speed></TPX></Extensions></Trackpoint>
     <Trackpoint><Time>2026-03-31T19:06:23.908Z</Time><HeartRateBpm><Value>124</Value></HeartRateBpm><Extensions><TPX xmlns="http://www.garmin.com/xmlschemas/ActivityExtension/v2"><Speed>0.000000</Speed></TPX></Extensions></Trackpoint>
     <Trackpoint><Time>2026-03-31T19:06:25.435Z</Time><HeartRateBpm><Value>124</Value></HeartRateBpm><Extensions><TPX xmlns="http://www.garmin.com/xmlschemas/ActivityExtension/v2"><Speed>0.000000</Speed></TPX></Extensions></Trackpoint>
     <Trackpoint><Time>2026-03-31T19:06:26.499Z</Time><HeartRateBpm><Value>124</Value></HeartRateBpm><Extensions><TPX xmlns="http://www.garmin.com/xmlschemas/ActivityExtension/v2"><Speed>0.000000</Speed></TPX></Extensions></Trackpoint>
     <Trackpoint><Time>2026-03-31T19:06:27.986Z</Time><HeartRateBpm><Value>124</Value></HeartRateBpm><Extensions><TPX xmlns="http://www.garmin.com/xmlschemas/ActivityExtension/v2"><Speed>0.000000</Speed></TPX></Extensions></Trackpoint>
     <Trackpoint><Time>2026-03-31T19:06:29.499Z</Time><HeartRateBpm><Value>124</Value></HeartRateBpm><Extensions><TPX xmlns="http://www.garmin.com/xmlschemas/ActivityExtension/v2"><Speed>0.000000</Speed></TPX></Extensions></Trackpoint>
     <Trackpoint><Time>2026-03-31T19:06:30.534Z</Time><HeartRateBpm><Value>126</Value></HeartRateBpm><Extensions><TPX xmlns="http://www.garmin.com/xmlschemas/ActivityExtension/v2"><Speed>0.000000</Speed></TPX></Extensions></Trackpoint>
     <Trackpoint><Time>2026-03-31T19:06:32.499Z</Time><HeartRateBpm><Value>126</Value></HeartRateBpm><Extensions><TPX xmlns="http://www.garmin.com/xmlschemas/ActivityExtension/v2"><Speed>0.000000</Speed></TPX></Extensions></Trackpoint>
     <Trackpoint><Time>2026-03-31T19:06:34.499Z</Time><HeartRateBpm><Value>126</Value></HeartRateBpm><Extensions><TPX xmlns="http://www.garmin.com/xmlschemas/ActivityExtension/v2"><Speed>0.000000</Speed></TPX></Extensions></Trackpoint>
     <Trackpoint><Time>2026-03-31T19:06:35.499Z</Time><HeartRateBpm><Value>123</Value></HeartRateBpm><Extensions><TPX xmlns="http://www.garmin.com/xmlschemas/ActivityExtension/v2"><Speed>0.000000</Speed></TPX></Extensions></Trackpoint>
     <Trackpoint><Time>2026-03-31T19:06:37.499Z</Time><HeartRateBpm><Value>123</Value></HeartRateBpm><Extensions><TPX xmlns="http://www.garmin.com/xmlschemas/ActivityExtension/v2"><Speed>0.000000</Speed></TPX></Extensions></Trackpoint>
     <Trackpoint><Time>2026-03-31T19:06:39.499Z</Time><HeartRateBpm><Value>124</Value></HeartRateBpm><Extensions><TPX xmlns="http://www.garmin.com/xmlschemas/ActivityExtension/v2"><Speed>0.000000</Speed></TPX></Extensions></Trackpoint>
     <Trackpoint><Time>2026-03-31T19:06:40.499Z</Time><HeartRateBpm><Value>124</Value></HeartRateBpm><Extensions><TPX xmlns="http://www.garmin.com/xmlschemas/ActivityExtension/v2"><Speed>0.000000</Speed></TPX></Extensions></Trackpoint>
     <Trackpoint><Time>2026-03-31T19:06:42.499Z</Time><HeartRateBpm><Value>124</Value></HeartRateBpm><Extensions><TPX xmlns="http://www.garmin.com/xmlschemas/ActivityExtension/v2"><Speed>0.000000</Speed></TPX></Extensions></Trackpoint>
     <Trackpoint><Time>2026-03-31T19:06:44.499Z</Time><HeartRateBpm><Value>124</Value></HeartRateBpm><Extensions><TPX xmlns="http://www.garmin.com/xmlschemas/ActivityExtension/v2"><Speed>0.000000</Speed></TPX></Extensions></Trackpoint>
     <Trackpoint><Time>2026-03-31T19:06:45.827Z</Time><HeartRateBpm><Value>125</Value></HeartRateBpm><Extensions><TPX xmlns="http://www.garmin.com/xmlschemas/ActivityExtension/v2"><Speed>0.000000</Speed></TPX></Extensions></Trackpoint>
     <Trackpoint><Time>2026-03-31T19:06:47.499Z</Time><HeartRateBpm><Value>125</Value></HeartRateBpm><Extensions><TPX xmlns="http://www.garmin.com/xmlschemas/ActivityExtension/v2"><Speed>0.000000</Speed></TPX></Extensions></Trackpoint>
     <Trackpoint><Time>2026-03-31T19:06:49.499Z</Time><HeartRateBpm><Value>124</Value></HeartRateBpm><Extensions><TPX xmlns="http://www.garmin.com/xmlschemas/ActivityExtension/v2"><Speed>0.000000</Speed></TPX></Extensions></Trackpoint>
     <Trackpoint><Time>2026-03-31T19:06:50.499Z</Time><HeartRateBpm><Value>124</Value></HeartRateBpm><Extensions><TPX xmlns="http://www.garmin.com/xmlschemas/ActivityExtension/v2"><Speed>0.000000</Speed></TPX></Extensions></Trackpoint>
     <Trackpoint><Time>2026-03-31T19:06:52.499Z</Time><HeartRateBpm><Value>124</Value></HeartRateBpm><Extensions><TPX xmlns="http://www.garmin.com/xmlschemas/ActivityExtension/v2"><Speed>0.000000</Speed></TPX></Extensions></Trackpoint>
     <Trackpoint><Time>2026-03-31T19:06:54.499Z</Time><HeartRateBpm><Value>125</Value></HeartRateBpm><Extensions><TPX xmlns="http://www.garmin.com/xmlschemas/ActivityExtension/v2"><Speed>0.000000</Speed></TPX></Extensions></Trackpoint>
     <Trackpoint><Time>2026-03-31T19:06:55.499Z</Time><HeartRateBpm><Value>125</Value></HeartRateBpm><Extensions><TPX xmlns="http://www.garmin.com/xmlschemas/ActivityExtension/v2"><Speed>0.000000</Speed></TPX></Extensions></Trackpoint>
     <Trackpoint><Time>2026-03-31T19:06:57.499Z</Time><HeartRateBpm><Value>125</Value></HeartRateBpm><Extensions><TPX xmlns="http://www.garmin.com/xmlschemas/ActivityExtension/v2"><Speed>0.000000</Speed></TPX></Extensions></Trackpoint>
     <Trackpoint><Time>2026-03-31T19:06:58.675Z</Time><HeartRateBpm><Value>125</Value></HeartRateBpm><Extensions><TPX xmlns="http://www.garmin.com/xmlschemas/ActivityExtension/v2"><Speed>0.000000</Speed></TPX></Extensions></Trackpoint>
     <Trackpoint><Time>2026-03-31T19:07:00.499Z</Time><HeartRateBpm><Value>127</Value></HeartRateBpm><Extensions><TPX xmlns="http://www.garmin.com/xmlschemas/ActivityExtension/v2"><Speed>0.000000</Speed></TPX></Extensions></Trackpoint>
     <Trackpoint><Time>2026-03-31T19:07:02.499Z</Time><HeartRateBpm><Value>127</Value></HeartRateBpm><Extensions><TPX xmlns="http://www.garmin.com/xmlschemas/ActivityExtension/v2"><Speed>0.000000</Speed></TPX></Extensions></Trackpoint>
     <Trackpoint><Time>2026-03-31T19:07:03.668Z</Time><HeartRateBpm><Value>127</Value></HeartRateBpm><Extensions><TPX xmlns="http://www.garmin.com/xmlschemas/ActivityExtension/v2"><Speed>0.000000</Speed></TPX></Extensions></Trackpoint>
     <Trackpoint><Time>2026-03-31T19:07:05.499Z</Time><HeartRateBpm><Value>128</Value></HeartRateBpm><Extensions><TPX xmlns="http://www.garmin.com/xmlschemas/ActivityExtension/v2"><Speed>0.000000</Speed></TPX></Extensions></Trackpoint>
     <Trackpoint><Time>2026-03-31T19:07:07.499Z</Time><HeartRateBpm><Value>128</Value></HeartRateBpm><Extensions><TPX xmlns="http://www.garmin.com/xmlschemas/ActivityExtension/v2"><Speed>0.000000</Speed></TPX></Extensions></Trackpoint>
     <Trackpoint><Time>2026-03-31T19:07:08.772Z</Time><HeartRateBpm><Value>128</Value></HeartRateBpm><Extensions><TPX xmlns="http://www.garmin.com/xmlschemas/ActivityExtension/v2"><Speed>0.000000</Speed></TPX></Extensions></Trackpoint>
     <Trackpoint><Time>2026-03-31T19:07:10.499Z</Time><HeartRateBpm><Value>127</Value></HeartRateBpm><Extensions><TPX xmlns="http://www.garmin.com/xmlschemas/ActivityExtension/v2"><Speed>0.000000</Speed></TPX></Extensions></Trackpoint>
     <Trackpoint><Time>2026-03-31T19:07:12.499Z</Time><HeartRateBpm><Value>127</Value></HeartRateBpm><Extensions><TPX xmlns="http://www.garmin.com/xmlschemas/ActivityExtension/v2"><Speed>0.000000</Speed></TPX></Extensions></Trackpoint>
     <Trackpoint><Time>2026-03-31T19:07:13.499Z</Time><HeartRateBpm><Value>127</Value></HeartRateBpm><Extensions><TPX xmlns="http://www.garmin.com/xmlschemas/ActivityExtension/v2"><Speed>0.000000</Speed></TPX></Extensions></Trackpoint>
     <Trackpoint><Time>2026-03-31T19:07:15.499Z</Time><HeartRateBpm><Value>126</Value></HeartRateBpm><Extensions><TPX xmlns="http://www.garmin.com/xmlschemas/ActivityExtension/v2"><Speed>0.000000</Speed></TPX></Extensions></Trackpoint>
     <Trackpoint><Time>2026-03-31T19:07:16.499Z</Time><HeartRateBpm><Value>126</Value></HeartRateBpm><Extensions><TPX xmlns="http://www.garmin.com/xmlschemas/ActivityExtension/v2"><Speed>0.000000</Speed></TPX></Extensions></Trackpoint>
     <Trackpoint><Time>2026-03-31T19:07:17.499Z</Time><HeartRateBpm><Value>126</Value></HeartRateBpm><Extensions><TPX xmlns="http://www.garmin.com/xmlschemas/ActivityExtension/v2"><Speed>0.000000</Speed></TPX></Extensions></Trackpoint>
     <Trackpoint><Time>2026-03-31T19:07:18.908Z</Time><HeartRateBpm><Value>126</Value></HeartRateBpm><Extensions><TPX xmlns="http://www.garmin.com/xmlschemas/ActivityExtension/v2"><Speed>0.000000</Speed></TPX></Extensions></Trackpoint>
     <Trackpoint><Time>2026-03-31T19:07:20.499Z</Time><HeartRateBpm><Value>125</Value></HeartRateBpm><Extensions><TPX xmlns="http://www.garmin.com/xmlschemas/ActivityExtension/v2"><Speed>0.000000</Speed></TPX></Extensions></Trackpoint>
     <Trackpoint><Time>2026-03-31T19:07:21.511Z</Time><HeartRateBpm><Value>125</Value></HeartRateBpm><Extensions><TPX xmlns="http://www.garmin.com/xmlschemas/ActivityExtension/v2"><Speed>0.000000</Speed></TPX></Extensions></Trackpoint>
     <Trackpoint><Time>2026-03-31T19:07:23.499Z</Time><HeartRateBpm><Value>125</Value></HeartRateBpm><Extensions><TPX xmlns="http://www.garmin.com/xmlschemas/ActivityExtension/v2"><Speed>0.000000</Speed></TPX></Extensions></Trackpoint>
     <Trackpoint><Time>2026-03-31T19:07:25.499Z</Time><HeartRateBpm><Value>123</Value></HeartRateBpm><Extensions><TPX xmlns="http://www.garmin.com/xmlschemas/ActivityExtension/v2"><Speed>0.000000</Speed></TPX></Extensions></Trackpoint>
     <Trackpoint><Time>2026-03-31T19:07:26.499Z</Time><HeartRateBpm><Value>123</Value></HeartRateBpm><Extensions><TPX xmlns="http://www.garmin.com/xmlschemas/ActivityExtension/v2"><Speed>0.000000</Speed></TPX></Extensions></Trackpoint>
     <Trackpoint><Time>2026-03-31T19:07:28.499Z</Time><HeartRateBpm><Value>123</Value></HeartRateBpm><Extensions><TPX xmlns="http://www.garmin.com/xmlschemas/ActivityExtension/v2"><Speed>0.000000</Speed></TPX></Extensions></Trackpoint>
     <Trackpoint><Time>2026-03-31T19:07:29.499Z</Time><HeartRateBpm><Value>127</Value></HeartRateBpm><Extensions><TPX xmlns="http://www.garmin.com/xmlschemas/ActivityExtension/v2"><Speed>0.000000</Speed></TPX></Extensions></Trackpoint>
     <Trackpoint><Time>2026-03-31T19:07:31.499Z</Time><HeartRateBpm><Value>127</Value></HeartRateBpm><Extensions><TPX xmlns="http://www.garmin.com/xmlschemas/ActivityExtension/v2"><Speed>0.000000</Speed></TPX></Extensions></Trackpoint>
     <Trackpoint><Time>2026-03-31T19:07:32.499Z</Time><HeartRateBpm><Value>127</Value></HeartRateBpm><Extensions><TPX xmlns="http://www.garmin.com/xmlschemas/ActivityExtension/v2"><Speed>0.000000</Speed></TPX></Extensions></Trackpoint>
     <Trackpoint><Time>2026-03-31T19:07:34.258Z</Time><HeartRateBpm><Value>127</Value></HeartRateBpm><Extensions><TPX xmlns="http://www.garmin.com/xmlschemas/ActivityExtension/v2"><Speed>0.000000</Speed></TPX></Extensions></Trackpoint>
     <Trackpoint><Time>2026-03-31T19:07:35.499Z</Time><HeartRateBpm><Value>123</Value></HeartRateBpm><Extensions><TPX xmlns="http://www.garmin.com/xmlschemas/ActivityExtension/v2"><Speed>0.000000</Speed></TPX></Extensions></Trackpoint>
     <Trackpoint><Time>2026-03-31T19:07:36.499Z</Time><HeartRateBpm><Value>123</Value></HeartRateBpm><Extensions><TPX xmlns="http://www.garmin.com/xmlschemas/ActivityExtension/v2"><Speed>0.000000</Speed></TPX></Extensions></Trackpoint>
     <Trackpoint><Time>2026-03-31T19:07:37.499Z</Time><HeartRateBpm><Value>123</Value></HeartRateBpm><Extensions><TPX xmlns="http://www.garmin.com/xmlschemas/ActivityExtension/v2"><Speed>0.000000</Speed></TPX></Extensions></Trackpoint>
     <Trackpoint><Time>2026-03-31T19:07:38.904Z</Time><HeartRateBpm><Value>123</Value></HeartRateBpm><Extensions><TPX xmlns="http://www.garmin.com/xmlschemas/ActivityExtension/v2"><Speed>0.000000</Speed></TPX></Extensions></Trackpoint>
     <Trackpoint><Time>2026-03-31T19:07:40.499Z</Time><HeartRateBpm><Value>123</Value></HeartRateBpm><Extensions><TPX xmlns="http://www.garmin.com/xmlschemas/ActivityExtension/v2"><Speed>0.000000</Speed></TPX></Extensions></Trackpoint>
     <Trackpoint><Time>2026-03-31T19:07:41.904Z</Time><HeartRateBpm><Value>123</Value></HeartRateBpm><Extensions><TPX xmlns="http://www.garmin.com/xmlschemas/ActivityExtension/v2"><Speed>0.000000</Speed></TPX></Extensions></Trackpoint>
     <Trackpoint><Time>2026-03-31T19:07:43.499Z</Time><HeartRateBpm><Value>123</Value></HeartRateBpm><Extensions><TPX xmlns="http://www.garmin.com/xmlschemas/ActivityExtension/v2"><Speed>0.000000</Speed></TPX></Extensions></Trackpoint>
     <Trackpoint><Time>2026-03-31T19:07:45.499Z</Time><HeartRateBpm><Value>123</Value></HeartRateBpm><Extensions><TPX xmlns="http://www.garmin.com/xmlschemas/ActivityExtension/v2"><Speed>0.000000</Speed></TPX></Extensions></Trackpoint>
     <Trackpoint><Time>2026-03-31T19:07:46.499Z</Time><HeartRateBpm><Value>123</Value></HeartRateBpm><Extensions><TPX xmlns="http://www.garmin.com/xmlschemas/ActivityExtension/v2"><Speed>0.000000</Speed></TPX></Extensions></Trackpoint>
     <Trackpoint><Time>2026-03-31T19:07:47.499Z</Time><HeartRateBpm><Value>123</Value></HeartRateBpm><Extensions><TPX xmlns="http://www.garmin.com/xmlschemas/ActivityExtension/v2"><Speed>0.000000</Speed></TPX></Extensions></Trackpoint>
     <Trackpoint><Time>2026-03-31T19:07:48.903Z</Time><HeartRateBpm><Value>123</Value></HeartRateBpm><Extensions><TPX xmlns="http://www.garmin.com/xmlschemas/ActivityExtension/v2"><Speed>0.000000</Speed></TPX></Extensions></Trackpoint>
     <Trackpoint><Time>2026-03-31T19:07:50.499Z</Time><HeartRateBpm><Value>123</Value></HeartRateBpm><Extensions><TPX xmlns="http://www.garmin.com/xmlschemas/ActivityExtension/v2"><Speed>0.000000</Speed></TPX></Extensions></Trackpoint>
     <Trackpoint><Time>2026-03-31T19:07:52.103Z</Time><HeartRateBpm><Value>123</Value></HeartRateBpm><Extensions><TPX xmlns="http://www.garmin.com/xmlschemas/ActivityExtension/v2"><Speed>0.000000</Speed></TPX></Extensions></Trackpoint>
     <Trackpoint><Time>2026-03-31T19:07:53.499Z</Time><HeartRateBpm><Value>123</Value></HeartRateBpm><Extensions><TPX xmlns="http://www.garmin.com/xmlschemas/ActivityExtension/v2"><Speed>0.000000</Speed></TPX></Extensions></Trackpoint>
     <Trackpoint><Time>2026-03-31T19:07:54.648Z</Time><HeartRateBpm><Value>124</Value></HeartRateBpm><Extensions><TPX xmlns="http://www.garmin.com/xmlschemas/ActivityExtension/v2"><Speed>0.000000</Speed></TPX></Extensions></Trackpoint>
     <Trackpoint><Time>2026-03-31T19:07:56.499Z</Time><HeartRateBpm><Value>124</Value></HeartRateBpm><Extensions><TPX xmlns="http://www.garmin.com/xmlschemas/ActivityExtension/v2"><Speed>0.000000</Speed></TPX></Extensions></Trackpoint>
     <Trackpoint><Time>2026-03-31T19:07:58.499Z</Time><HeartRateBpm><Value>124</Value></HeartRateBpm><Extensions><TPX xmlns="http://www.garmin.com/xmlschemas/ActivityExtension/v2"><Speed>0.000000</Speed></TPX></Extensions></Trackpoint>
     <Trackpoint><Time>2026-03-31T19:07:59.499Z</Time><HeartRateBpm><Value>121</Value></HeartRateBpm><Extensions><TPX xmlns="http://www.garmin.com/xmlschemas/ActivityExtension/v2"><Speed>0.000000</Speed></TPX></Extensions></Trackpoint>
     <Trackpoint><Time>2026-03-31T19:08:01.499Z</Time><HeartRateBpm><Value>121</Value></HeartRateBpm><Extensions><TPX xmlns="http://www.garmin.com/xmlschemas/ActivityExtension/v2"><Speed>0.000000</Speed></TPX></Extensions></Trackpoint>
     <Trackpoint><Time>2026-03-31T19:08:02.499Z</Time><HeartRateBpm><Value>121</Value></HeartRateBpm><Extensions><TPX xmlns="http://www.garmin.com/xmlschemas/ActivityExtension/v2"><Speed>0.000000</Speed></TPX></Extensions></Trackpoint>
     <Trackpoint><Time>2026-03-31T19:08:03.499Z</Time><HeartRateBpm><Value>121</Value></HeartRateBpm><Extensions><TPX xmlns="http://www.garmin.com/xmlschemas/ActivityExtension/v2"><Speed>0.000000</Speed></TPX></Extensions></Trackpoint>
     <Trackpoint><Time>2026-03-31T19:08:04.516Z</Time><HeartRateBpm><Value>128</Value></HeartRateBpm><Extensions><TPX xmlns="http://www.garmin.com/xmlschemas/ActivityExtension/v2"><Speed>0.000000</Speed></TPX></Extensions></Trackpoint>
     <Trackpoint><Time>2026-03-31T19:08:06.499Z</Time><HeartRateBpm><Value>128</Value></HeartRateBpm><Extensions><TPX xmlns="http://www.garmin.com/xmlschemas/ActivityExtension/v2"><Speed>0.000000</Speed></TPX></Extensions></Trackpoint>
     <Trackpoint><Time>2026-03-31T19:08:07.499Z</Time><HeartRateBpm><Value>128</Value></HeartRateBpm><Extensions><TPX xmlns="http://www.garmin.com/xmlschemas/ActivityExtension/v2"><Speed>0.000000</Speed></TPX></Extensions></Trackpoint>
     <Trackpoint><Time>2026-03-31T19:08:08.907Z</Time><HeartRateBpm><Value>125</Value></HeartRateBpm><Extensions><TPX xmlns="http://www.garmin.com/xmlschemas/ActivityExtension/v2"><Speed>0.000000</Speed></TPX></Extensions></Trackpoint>
     <Trackpoint><Time>2026-03-31T19:08:09.944Z</Time><HeartRateBpm><Value>125</Value></HeartRateBpm><Extensions><TPX xmlns="http://www.garmin.com/xmlschemas/ActivityExtension/v2"><Speed>0.000000</Speed></TPX></Extensions></Trackpoint>
     <Trackpoint><Time>2026-03-31T19:08:11.499Z</Time><HeartRateBpm><Value>125</Value></HeartRateBpm><Extensions><TPX xmlns="http://www.garmin.com/xmlschemas/ActivityExtension/v2"><Speed>0.000000</Speed></TPX></Extensions></Trackpoint>
     <Trackpoint><Time>2026-03-31T19:08:12.499Z</Time><HeartRateBpm><Value>125</Value></HeartRateBpm><Extensions><TPX xmlns="http://www.garmin.com/xmlschemas/ActivityExtension/v2"><Speed>0.000000</Speed></TPX></Extensions></Trackpoint>
     <Trackpoint><Time>2026-03-31T19:08:14.499Z</Time><HeartRateBpm><Value>125</Value></HeartRateBpm><Extensions><TPX xmlns="http://www.garmin.com/xmlschemas/ActivityExtension/v2"><Speed>0.000000</Speed></TPX></Extensions></Trackpoint>
     <Trackpoint><Time>2026-03-31T19:08:15.499Z</Time><HeartRateBpm><Value>128</Value></HeartRateBpm><Extensions><TPX xmlns="http://www.garmin.com/xmlschemas/ActivityExtension/v2"><Speed>0.000000</Speed></TPX></Extensions></Trackpoint>
     <Trackpoint><Time>2026-03-31T19:08:17.499Z</Time><HeartRateBpm><Value>128</Value></HeartRateBpm><Extensions><TPX xmlns="http://www.garmin.com/xmlschemas/ActivityExtension/v2"><Speed>0.000000</Speed></TPX></Extensions></Trackpoint>
     <Trackpoint><Time>2026-03-31T19:08:18.499Z</Time><HeartRateBpm><Value>128</Value></HeartRateBpm><Extensions><TPX xmlns="http://www.garmin.com/xmlschemas/ActivityExtension/v2"><Speed>0.000000</Speed></TPX></Extensions></Trackpoint>
     <Trackpoint><Time>2026-03-31T19:08:19.517Z</Time><HeartRateBpm><Value>127</Value></HeartRateBpm><Extensions><TPX xmlns="http://www.garmin.com/xmlschemas/ActivityExtension/v2"><Speed>0.000000</Speed></TPX></Extensions></Trackpoint>
     <Trackpoint><Time>2026-03-31T19:08:21.499Z</Time><HeartRateBpm><Value>127</Value></HeartRateBpm><Extensions><TPX xmlns="http://www.garmin.com/xmlschemas/ActivityExtension/v2"><Speed>0.000000</Speed></TPX></Extensions></Trackpoint>
     <Trackpoint><Time>2026-03-31T19:08:22.499Z</Time><HeartRateBpm><Value>127</Value></HeartRateBpm><Extensions><TPX xmlns="http://www.garmin.com/xmlschemas/ActivityExtension/v2"><Speed>0.000000</Speed></TPX></Extensions></Trackpoint>
     <Trackpoint><Time>2026-03-31T19:08:23.906Z</Time><HeartRateBpm><Value>127</Value></HeartRateBpm><Extensions><TPX xmlns="http://www.garmin.com/xmlschemas/ActivityExtension/v2"><Speed>0.000000</Speed></TPX></Extensions></Trackpoint>
     <Trackpoint><Time>2026-03-31T19:08:25.241Z</Time><HeartRateBpm><Value>127</Value></HeartRateBpm><Extensions><TPX xmlns="http://www.garmin.com/xmlschemas/ActivityExtension/v2"><Speed>0.000000</Speed></TPX></Extensions></Trackpoint>
     <Trackpoint><Time>2026-03-31T19:08:26.499Z</Time><HeartRateBpm><Value>127</Value></HeartRateBpm><Extensions><TPX xmlns="http://www.garmin.com/xmlschemas/ActivityExtension/v2"><Speed>0.000000</Speed></TPX></Extensions></Trackpoint>
     <Trackpoint><Time>2026-03-31T19:08:27.499Z</Time><HeartRateBpm><Value>127</Value></HeartRateBpm><Extensions><TPX xmlns="http://www.garmin.com/xmlschemas/ActivityExtension/v2"><Speed>0.000000</Speed></TPX></Extensions></Trackpoint>
     <Trackpoint><Time>2026-03-31T19:08:29.499Z</Time><HeartRateBpm><Value>127</Value></HeartRateBpm><Extensions><TPX xmlns="http://www.garmin.com/xmlschemas/ActivityExtension/v2"><Speed>0.000000</Speed></TPX></Extensions></Trackpoint>
     <Trackpoint><Time>2026-03-31T19:08:30.499Z</Time><HeartRateBpm><Value>132</Value></HeartRateBpm><Extensions><TPX xmlns="http://www.garmin.com/xmlschemas/ActivityExtension/v2"><Speed>0.000000</Speed></TPX></Extensions></Trackpoint>
     <Trackpoint><Time>2026-03-31T19:08:32.499Z</Time><HeartRateBpm><Value>132</Value></HeartRateBpm><Extensions><TPX xmlns="http://www.garmin.com/xmlschemas/ActivityExtension/v2"><Speed>0.000000</Speed></TPX></Extensions></Trackpoint>
     <Trackpoint><Time>2026-03-31T19:08:34.499Z</Time><HeartRateBpm><Value>132</Value></HeartRateBpm><Extensions><TPX xmlns="http://www.garmin.com/xmlschemas/ActivityExtension/v2"><Speed>0.000000</Speed></TPX></Extensions></Trackpoint>
     <Trackpoint><Time>2026-03-31T19:08:35.499Z</Time><HeartRateBpm><Value>127</Value></HeartRateBpm><Extensions><TPX xmlns="http://www.garmin.com/xmlschemas/ActivityExtension/v2"><Speed>0.000000</Speed></TPX></Extensions></Trackpoint>
     <Trackpoint><Time>2026-03-31T19:08:37.499Z</Time><HeartRateBpm><Value>127</Value></HeartRateBpm><Extensions><TPX xmlns="http://www.garmin.com/xmlschemas/ActivityExtension/v2"><Speed>0.000000</Speed></TPX></Extensions></Trackpoint>
     <Trackpoint><Time>2026-03-31T19:08:39.499Z</Time><HeartRateBpm><Value>126</Value></HeartRateBpm><Extensions><TPX xmlns="http://www.garmin.com/xmlschemas/ActivityExtension/v2"><Speed>0.000000</Speed></TPX></Extensions></Trackpoint>
     <Trackpoint><Time>2026-03-31T19:08:40.499Z</Time><HeartRateBpm><Value>126</Value></HeartRateBpm><Extensions><TPX xmlns="http://www.garmin.com/xmlschemas/ActivityExtension/v2"><Speed>0.000000</Speed></TPX></Extensions></Trackpoint>
     <Trackpoint><Time>2026-03-31T19:08:42.499Z</Time><HeartRateBpm><Value>126</Value></HeartRateBpm><Extensions><TPX xmlns="http://www.garmin.com/xmlschemas/ActivityExtension/v2"><Speed>0.000000</Speed></TPX></Extensions></Trackpoint>
     <Trackpoint><Time>2026-03-31T19:08:44.499Z</Time><HeartRateBpm><Value>126</Value></HeartRateBpm><Extensions><TPX xmlns="http://www.garmin.com/xmlschemas/ActivityExtension/v2"><Speed>0.000000</Speed></TPX></Extensions></Trackpoint>
     <Trackpoint><Time>2026-03-31T19:08:45.631Z</Time><HeartRateBpm><Value>128</Value></HeartRateBpm><Extensions><TPX xmlns="http://www.garmin.com/xmlschemas/ActivityExtension/v2"><Speed>0.000000</Speed></TPX></Extensions></Trackpoint>
     <Trackpoint><Time>2026-03-31T19:08:47.499Z</Time><HeartRateBpm><Value>128</Value></HeartRateBpm><Extensions><TPX xmlns="http://www.garmin.com/xmlschemas/ActivityExtension/v2"><Speed>0.000000</Speed></TPX></Extensions></Trackpoint>
     <Trackpoint><Time>2026-03-31T19:08:49.499Z</Time><HeartRateBpm><Value>127</Value></HeartRateBpm><Extensions><TPX xmlns="http://www.garmin.com/xmlschemas/ActivityExtension/v2"><Speed>0.000000</Speed></TPX></Extensions></Trackpoint>
     <Trackpoint><Time>2026-03-31T19:08:50.499Z</Time><HeartRateBpm><Value>127</Value></HeartRateBpm><Extensions><TPX xmlns="http://www.garmin.com/xmlschemas/ActivityExtension/v2"><Speed>0.000000</Speed></TPX></Extensions></Trackpoint>
     <Trackpoint><Time>2026-03-31T19:08:52.499Z</Time><HeartRateBpm><Value>127</Value></HeartRateBpm><Extensions><TPX xmlns="http://www.garmin.com/xmlschemas/ActivityExtension/v2"><Speed>0.000000</Speed></TPX></Extensions></Trackpoint>
     <Trackpoint><Time>2026-03-31T19:08:54.499Z</Time><HeartRateBpm><Value>127</Value></HeartRateBpm><Extensions><TPX xmlns="http://www.garmin.com/xmlschemas/ActivityExtension/v2"><Speed>0.000000</Speed></TPX></Extensions></Trackpoint>
     <Trackpoint><Time>2026-03-31T19:08:55.829Z</Time><HeartRateBpm><Value>127</Value></HeartRateBpm><Extensions><TPX xmlns="http://www.garmin.com/xmlschemas/ActivityExtension/v2"><Speed>0.000000</Speed></TPX></Extensions></Trackpoint>
     <Trackpoint><Time>2026-03-31T19:08:57.499Z</Time><HeartRateBpm><Value>127</Value></HeartRateBpm><Extensions><TPX xmlns="http://www.garmin.com/xmlschemas/ActivityExtension/v2"><Speed>0.000000</Speed></TPX></Extensions></Trackpoint>
     <Trackpoint><Time>2026-03-31T19:08:59.499Z</Time><HeartRateBpm><Value>127</Value></HeartRateBpm><Extensions><TPX xmlns="http://www.garmin.com/xmlschemas/ActivityExtension/v2"><Speed>0.000000</Speed></TPX></Extensions></Trackpoint>
     <Trackpoint><Time>2026-03-31T19:09:00.925Z</Time><HeartRateBpm><Value>126</Value></HeartRateBpm><Extensions><TPX xmlns="http://www.garmin.com/xmlschemas/ActivityExtension/v2"><Speed>0.000000</Speed></TPX></Extensions></Trackpoint>
     <Trackpoint><Time>2026-03-31T19:09:02.499Z</Time><HeartRateBpm><Value>126</Value></HeartRateBpm><Extensions><TPX xmlns="http://www.garmin.com/xmlschemas/ActivityExtension/v2"><Speed>0.000000</Speed></TPX></Extensions></Trackpoint>
     <Trackpoint><Time>2026-03-31T19:09:03.499Z</Time><HeartRateBpm><Value>127</Value></HeartRateBpm><Extensions><TPX xmlns="http://www.garmin.com/xmlschemas/ActivityExtension/v2"><Speed>0.000000</Speed></TPX></Extensions></Trackpoint>
     <Trackpoint><Time>2026-03-31T19:09:05.499Z</Time><HeartRateBpm><Value>127</Value></HeartRateBpm><Extensions><TPX xmlns="http://www.garmin.com/xmlschemas/ActivityExtension/v2"><Speed>0.000000</Speed></TPX></Extensions></Trackpoint>
     <Trackpoint><Time>2026-03-31T19:09:07.499Z</Time><HeartRateBpm><Value>127</Value></HeartRateBpm><Extensions><TPX xmlns="http://www.garmin.com/xmlschemas/ActivityExtension/v2"><Speed>0.000000</Speed></TPX></Extensions></Trackpoint>
     <Trackpoint><Time>2026-03-31T19:09:08.573Z</Time><HeartRateBpm><Value>127</Value></HeartRateBpm><Extensions><TPX xmlns="http://www.garmin.com/xmlschemas/ActivityExtension/v2"><Speed>0.000000</Speed></TPX></Extensions></Trackpoint>
     <Trackpoint><Time>2026-03-31T19:09:10.499Z</Time><HeartRateBpm><Value>130</Value></HeartRateBpm><Extensions><TPX xmlns="http://www.garmin.com/xmlschemas/ActivityExtension/v2"><Speed>0.000000</Speed></TPX></Extensions></Trackpoint>
     <Trackpoint><Time>2026-03-31T19:09:12.499Z</Time><HeartRateBpm><Value>130</Value></HeartRateBpm><Extensions><TPX xmlns="http://www.garmin.com/xmlschemas/ActivityExtension/v2"><Speed>0.000000</Speed></TPX></Extensions></Trackpoint>
     <Trackpoint><Time>2026-03-31T19:09:13.669Z</Time><HeartRateBpm><Value>130</Value></HeartRateBpm><Extensions><TPX xmlns="http://www.garmin.com/xmlschemas/ActivityExtension/v2"><Speed>0.000000</Speed></TPX></Extensions></Trackpoint>
     <Trackpoint><Time>2026-03-31T19:09:15.499Z</Time><HeartRateBpm><Value>130</Value></HeartRateBpm><Extensions><TPX xmlns="http://www.garmin.com/xmlschemas/ActivityExtension/v2"><Speed>0.000000</Speed></TPX></Extensions></Trackpoint>
     <Trackpoint><Time>2026-03-31T19:09:17.499Z</Time><HeartRateBpm><Value>130</Value></HeartRateBpm><Extensions><TPX xmlns="http://www.garmin.com/xmlschemas/ActivityExtension/v2"><Speed>0.000000</Speed></TPX></Extensions></Trackpoint>
     <Trackpoint><Time>2026-03-31T19:09:18.771Z</Time><HeartRateBpm><Value>130</Value></HeartRateBpm><Extensions><TPX xmlns="http://www.garmin.com/xmlschemas/ActivityExtension/v2"><Speed>0.000000</Speed></TPX></Extensions></Trackpoint>
     <Trackpoint><Time>2026-03-31T19:09:20.498Z</Time><HeartRateBpm><Value>130</Value></HeartRateBpm><Extensions><TPX xmlns="http://www.garmin.com/xmlschemas/ActivityExtension/v2"><Speed>0.000000</Speed></TPX></Extensions></Trackpoint>
     <Trackpoint><Time>2026-03-31T19:09:21.499Z</Time><HeartRateBpm><Value>130</Value></HeartRateBpm><Extensions><TPX xmlns="http://www.garmin.com/xmlschemas/ActivityExtension/v2"><Speed>0.000000</Speed></TPX></Extensions></Trackpoint>
     <Trackpoint><Time>2026-03-31T19:09:22.499Z</Time><HeartRateBpm><Value>130</Value></HeartRateBpm><Extensions><TPX xmlns="http://www.garmin.com/xmlschemas/ActivityExtension/v2"><Speed>0.000000</Speed></TPX></Extensions></Trackpoint>
     <Trackpoint><Time>2026-03-31T19:09:23.865Z</Time><HeartRateBpm><Value>130</Value></HeartRateBpm><Extensions><TPX xmlns="http://www.garmin.com/xmlschemas/ActivityExtension/v2"><Speed>0.000000</Speed></TPX></Extensions></Trackpoint>
     <Trackpoint><Time>2026-03-31T19:09:25.498Z</Time><HeartRateBpm><Value>127</Value></HeartRateBpm><Extensions><TPX xmlns="http://www.garmin.com/xmlschemas/ActivityExtension/v2"><Speed>0.000000</Speed></TPX></Extensions></Trackpoint>
     <Trackpoint><Time>2026-03-31T19:09:26.499Z</Time><HeartRateBpm><Value>127</Value></HeartRateBpm><Extensions><TPX xmlns="http://www.garmin.com/xmlschemas/ActivityExtension/v2"><Speed>0.000000</Speed></TPX></Extensions></Trackpoint>
     <Trackpoint><Time>2026-03-31T19:09:27.499Z</Time><HeartRateBpm><Value>127</Value></HeartRateBpm><Extensions><TPX xmlns="http://www.garmin.com/xmlschemas/ActivityExtension/v2"><Speed>0.000000</Speed></TPX></Extensions></Trackpoint>
     <Trackpoint><Time>2026-03-31T19:09:28.907Z</Time><HeartRateBpm><Value>127</Value></HeartRateBpm><Extensions><TPX xmlns="http://www.garmin.com/xmlschemas/ActivityExtension/v2"><Speed>0.000000</Speed></TPX></Extensions></Trackpoint>
     <Trackpoint><Time>2026-03-31T19:09:30.498Z</Time><HeartRateBpm><Value>129</Value></HeartRateBpm><Extensions><TPX xmlns="http://www.garmin.com/xmlschemas/ActivityExtension/v2"><Speed>0.000000</Speed></TPX></Extensions></Trackpoint>
     <Trackpoint><Time>2026-03-31T19:09:31.499Z</Time><HeartRateBpm><Value>129</Value></HeartRateBpm><Extensions><TPX xmlns="http://www.garmin.com/xmlschemas/ActivityExtension/v2"><Speed>0.000000</Speed></TPX></Extensions></Trackpoint>
     <Trackpoint><Time>2026-03-31T19:09:33.498Z</Time><HeartRateBpm><Value>129</Value></HeartRateBpm><Extensions><TPX xmlns="http://www.garmin.com/xmlschemas/ActivityExtension/v2"><Speed>0.000000</Speed></TPX></Extensions></Trackpoint>
     <Trackpoint><Time>2026-03-31T19:09:35.498Z</Time><HeartRateBpm><Value>127</Value></HeartRateBpm><Extensions><TPX xmlns="http://www.garmin.com/xmlschemas/ActivityExtension/v2"><Speed>0.000000</Speed></TPX></Extensions></Trackpoint>
     <Trackpoint><Time>2026-03-31T19:09:36.499Z</Time><HeartRateBpm><Value>127</Value></HeartRateBpm><Extensions><TPX xmlns="http://www.garmin.com/xmlschemas/ActivityExtension/v2"><Speed>0.000000</Speed></TPX></Extensions></Trackpoint>
     <Trackpoint><Time>2026-03-31T19:09:38.498Z</Time><HeartRateBpm><Value>127</Value></HeartRateBpm><Extensions><TPX xmlns="http://www.garmin.com/xmlschemas/ActivityExtension/v2"><Speed>0.000000</Speed></TPX></Extensions></Trackpoint>
     <Trackpoint><Time>2026-03-31T19:09:40.498Z</Time><HeartRateBpm><Value>133</Value></HeartRateBpm><Extensions><TPX xmlns="http://www.garmin.com/xmlschemas/ActivityExtension/v2"><Speed>0.000000</Speed></TPX></Extensions></Trackpoint>
     <Trackpoint><Time>2026-03-31T19:09:41.729Z</Time><HeartRateBpm><Value>133</Value></HeartRateBpm><Extensions><TPX xmlns="http://www.garmin.com/xmlschemas/ActivityExtension/v2"><Speed>0.000000</Speed></TPX></Extensions></Trackpoint>
     <Trackpoint><Time>2026-03-31T19:09:43.498Z</Time><HeartRateBpm><Value>133</Value></HeartRateBpm><Extensions><TPX xmlns="http://www.garmin.com/xmlschemas/ActivityExtension/v2"><Speed>0.000000</Speed></TPX></Extensions></Trackpoint>
     <Trackpoint><Time>2026-03-31T19:09:45.498Z</Time><HeartRateBpm><Value>132</Value></HeartRateBpm><Extensions><TPX xmlns="http://www.garmin.com/xmlschemas/ActivityExtension/v2"><Speed>0.000000</Speed></TPX></Extensions></Trackpoint>
     <Trackpoint><Time>2026-03-31T19:09:46.806Z</Time><HeartRateBpm><Value>132</Value></HeartRateBpm><Extensions><TPX xmlns="http://www.garmin.com/xmlschemas/ActivityExtension/v2"><Speed>0.000000</Speed></TPX></Extensions></Trackpoint>
     <Trackpoint><Time>2026-03-31T19:09:48.498Z</Time><HeartRateBpm><Value>132</Value></HeartRateBpm><Extensions><TPX xmlns="http://www.garmin.com/xmlschemas/ActivityExtension/v2"><Speed>0.000000</Speed></TPX></Extensions></Trackpoint>
     <Trackpoint><Time>2026-03-31T19:09:49.498Z</Time><HeartRateBpm><Value>132</Value></HeartRateBpm><Extensions><TPX xmlns="http://www.garmin.com/xmlschemas/ActivityExtension/v2"><Speed>0.000000</Speed></TPX></Extensions></Trackpoint>
     <Trackpoint><Time>2026-03-31T19:09:50.498Z</Time><HeartRateBpm><Value>132</Value></HeartRateBpm><Extensions><TPX xmlns="http://www.garmin.com/xmlschemas/ActivityExtension/v2"><Speed>0.000000</Speed></TPX></Extensions></Trackpoint>
     <Trackpoint><Time>2026-03-31T19:09:51.902Z</Time><HeartRateBpm><Value>132</Value></HeartRateBpm><Extensions><TPX xmlns="http://www.garmin.com/xmlschemas/ActivityExtension/v2"><Speed>0.000000</Speed></TPX></Extensions></Trackpoint>
     <Trackpoint><Time>2026-03-31T19:09:53.498Z</Time><HeartRateBpm><Value>132</Value></HeartRateBpm><Extensions><TPX xmlns="http://www.garmin.com/xmlschemas/ActivityExtension/v2"><Speed>0.000000</Speed></TPX></Extensions></Trackpoint>
     <Trackpoint><Time>2026-03-31T19:09:55.498Z</Time><HeartRateBpm><Value>131</Value></HeartRateBpm><Extensions><TPX xmlns="http://www.garmin.com/xmlschemas/ActivityExtension/v2"><Speed>0.000000</Speed></TPX></Extensions></Trackpoint>
     <Trackpoint><Time>2026-03-31T19:09:56.498Z</Time><HeartRateBpm><Value>131</Value></HeartRateBpm><Extensions><TPX xmlns="http://www.garmin.com/xmlschemas/ActivityExtension/v2"><Speed>0.000000</Speed></TPX></Extensions></Trackpoint>
     <Trackpoint><Time>2026-03-31T19:09:58.498Z</Time><HeartRateBpm><Value>131</Value></HeartRateBpm><Extensions><TPX xmlns="http://www.garmin.com/xmlschemas/ActivityExtension/v2"><Speed>0.000000</Speed></TPX></Extensions></Trackpoint>
     <Trackpoint><Time>2026-03-31T19:09:59.498Z</Time><HeartRateBpm><Value>129</Value></HeartRateBpm><Extensions><TPX xmlns="http://www.garmin.com/xmlschemas/ActivityExtension/v2"><Speed>0.000000</Speed></TPX></Extensions></Trackpoint>
     <Trackpoint><Time>2026-03-31T19:10:00.498Z</Time><HeartRateBpm><Value>129</Value></HeartRateBpm><Extensions><TPX xmlns="http://www.garmin.com/xmlschemas/ActivityExtension/v2"><Speed>0.000000</Speed></TPX></Extensions></Trackpoint>
     <Trackpoint><Time>2026-03-31T19:10:02.102Z</Time><HeartRateBpm><Value>129</Value></HeartRateBpm><Extensions><TPX xmlns="http://www.garmin.com/xmlschemas/ActivityExtension/v2"><Speed>0.000000</Speed></TPX></Extensions></Trackpoint>
     <Trackpoint><Time>2026-03-31T19:10:03.498Z</Time><HeartRateBpm><Value>129</Value></HeartRateBpm><Extensions><TPX xmlns="http://www.garmin.com/xmlschemas/ActivityExtension/v2"><Speed>0.000000</Speed></TPX></Extensions></Trackpoint>
     <Trackpoint><Time>2026-03-31T19:10:04.498Z</Time><HeartRateBpm><Value>130</Value></HeartRateBpm><Extensions><TPX xmlns="http://www.garmin.com/xmlschemas/ActivityExtension/v2"><Speed>0.000000</Speed></TPX></Extensions></Trackpoint>
     <Trackpoint><Time>2026-03-31T19:10:06.498Z</Time><HeartRateBpm><Value>130</Value></HeartRateBpm><Extensions><TPX xmlns="http://www.garmin.com/xmlschemas/ActivityExtension/v2"><Speed>0.000000</Speed></TPX></Extensions></Trackpoint>
     <Trackpoint><Time>2026-03-31T19:10:07.498Z</Time><HeartRateBpm><Value>130</Value></HeartRateBpm><Extensions><TPX xmlns="http://www.garmin.com/xmlschemas/ActivityExtension/v2"><Speed>0.000000</Speed></TPX></Extensions></Trackpoint>
     <Trackpoint><Time>2026-03-31T19:10:09.498Z</Time><HeartRateBpm><Value>130</Value></HeartRateBpm><Extensions><TPX xmlns="http://www.garmin.com/xmlschemas/ActivityExtension/v2"><Speed>0.000000</Speed></TPX></Extensions></Trackpoint>
     <Trackpoint><Time>2026-03-31T19:10:10.498Z</Time><HeartRateBpm><Value>126</Value></HeartRateBpm><Extensions><TPX xmlns="http://www.garmin.com/xmlschemas/ActivityExtension/v2"><Speed>0.000000</Speed></TPX></Extensions></Trackpoint>
     <Trackpoint><Time>2026-03-31T19:10:12.293Z</Time><HeartRateBpm><Value>126</Value></HeartRateBpm><Extensions><TPX xmlns="http://www.garmin.com/xmlschemas/ActivityExtension/v2"><Speed>0.000000</Speed></TPX></Extensions></Trackpoint>
     <Trackpoint><Time>2026-03-31T19:10:13.498Z</Time><HeartRateBpm><Value>126</Value></HeartRateBpm><Extensions><TPX xmlns="http://www.garmin.com/xmlschemas/ActivityExtension/v2"><Speed>0.000000</Speed></TPX></Extensions></Trackpoint>
     <Trackpoint><Time>2026-03-31T19:10:14.498Z</Time><HeartRateBpm><Value>126</Value></HeartRateBpm><Extensions><TPX xmlns="http://www.garmin.com/xmlschemas/ActivityExtension/v2"><Speed>0.000000</Speed></TPX></Extensions></Trackpoint>
     <Trackpoint><Time>2026-03-31T19:10:16.498Z</Time><HeartRateBpm><Value>126</Value></HeartRateBpm><Extensions><TPX xmlns="http://www.garmin.com/xmlschemas/ActivityExtension/v2"><Speed>0.000000</Speed></TPX></Extensions></Trackpoint>
     <Trackpoint><Time>2026-03-31T19:10:18.498Z</Time><HeartRateBpm><Value>126</Value></HeartRateBpm><Extensions><TPX xmlns="http://www.garmin.com/xmlschemas/ActivityExtension/v2"><Speed>0.000000</Speed></TPX></Extensions></Trackpoint>
     <Trackpoint><Time>2026-03-31T19:10:19.498Z</Time><HeartRateBpm><Value>126</Value></HeartRateBpm><Extensions><TPX xmlns="http://www.garmin.com/xmlschemas/ActivityExtension/v2"><Speed>0.000000</Speed></TPX></Extensions></Trackpoint>
     <Trackpoint><Time>2026-03-31T19:10:20.498Z</Time><HeartRateBpm><Value>126</Value></HeartRateBpm><Extensions><TPX xmlns="http://www.garmin.com/xmlschemas/ActivityExtension/v2"><Speed>0.000000</Speed></TPX></Extensions></Trackpoint>
     <Trackpoint><Time>2026-03-31T19:10:22.498Z</Time><HeartRateBpm><Value>126</Value></HeartRateBpm><Extensions><TPX xmlns="http://www.garmin.com/xmlschemas/ActivityExtension/v2"><Speed>0.000000</Speed></TPX></Extensions></Trackpoint>
     <Trackpoint><Time>2026-03-31T19:10:23.498Z</Time><HeartRateBpm><Value>126</Value></HeartRateBpm><Extensions><TPX xmlns="http://www.garmin.com/xmlschemas/ActivityExtension/v2"><Speed>0.000000</Speed></TPX></Extensions></Trackpoint>
     <Trackpoint><Time>2026-03-31T19:10:24.498Z</Time><HeartRateBpm><Value>126</Value></HeartRateBpm><Extensions><TPX xmlns="http://www.garmin.com/xmlschemas/ActivityExtension/v2"><Speed>0.000000</Speed></TPX></Extensions></Trackpoint>
     <Trackpoint><Time>2026-03-31T19:10:25.498Z</Time><HeartRateBpm><Value>126</Value></HeartRateBpm><Extensions><TPX xmlns="http://www.garmin.com/xmlschemas/ActivityExtension/v2"><Speed>0.000000</Speed></TPX></Extensions></Trackpoint>
     <Trackpoint><Time>2026-03-31T19:10:27.498Z</Time><HeartRateBpm><Value>126</Value></HeartRateBpm><Extensions><TPX xmlns="http://www.garmin.com/xmlschemas/ActivityExtension/v2"><Speed>0.000000</Speed></TPX></Extensions></Trackpoint>
     <Trackpoint><Time>2026-03-31T19:10:28.498Z</Time><HeartRateBpm><Value>126</Value></HeartRateBpm><Extensions><TPX xmlns="http://www.garmin.com/xmlschemas/ActivityExtension/v2"><Speed>0.000000</Speed></TPX></Extensions></Trackpoint>
     <Trackpoint><Time>2026-03-31T19:10:29.498Z</Time><HeartRateBpm><Value>130</Value></HeartRateBpm><Extensions><TPX xmlns="http://www.garmin.com/xmlschemas/ActivityExtension/v2"><Speed>0.000000</Speed></TPX></Extensions></Trackpoint>
     <Trackpoint><Time>2026-03-31T19:10:31.498Z</Time><HeartRateBpm><Value>130</Value></HeartRateBpm><Extensions><TPX xmlns="http://www.garmin.com/xmlschemas/ActivityExtension/v2"><Speed>0.000000</Speed></TPX></Extensions></Trackpoint>
     <Trackpoint><Time>2026-03-31T19:10:32.498Z</Time><HeartRateBpm><Value>130</Value></HeartRateBpm><Extensions><TPX xmlns="http://www.garmin.com/xmlschemas/ActivityExtension/v2"><Speed>0.000000</Speed></TPX></Extensions></Trackpoint>
     <Trackpoint><Time>2026-03-31T19:10:34.498Z</Time><HeartRateBpm><Value>130</Value></HeartRateBpm><Extensions><TPX xmlns="http://www.garmin.com/xmlschemas/ActivityExtension/v2"><Speed>0.000000</Speed></TPX></Extensions></Trackpoint>
     <Trackpoint><Time>2026-03-31T19:10:36.498Z</Time><HeartRateBpm><Value>124</Value></HeartRateBpm><Extensions><TPX xmlns="http://www.garmin.com/xmlschemas/ActivityExtension/v2"><Speed>0.000000</Speed></TPX></Extensions></Trackpoint>
     <Trackpoint><Time>2026-03-31T19:10:37.498Z</Time><HeartRateBpm><Value>124</Value></HeartRateBpm><Extensions><TPX xmlns="http://www.garmin.com/xmlschemas/ActivityExtension/v2"><Speed>0.000000</Speed></TPX></Extensions></Trackpoint>
     <Trackpoint><Time>2026-03-31T19:10:38.902Z</Time><HeartRateBpm><Value>126</Value></HeartRateBpm><Extensions><TPX xmlns="http://www.garmin.com/xmlschemas/ActivityExtension/v2"><Speed>0.000000</Speed></TPX></Extensions></Trackpoint>
     <Trackpoint><Time>2026-03-31T19:10:40.336Z</Time><HeartRateBpm><Value>126</Value></HeartRateBpm><Extensions><TPX xmlns="http://www.garmin.com/xmlschemas/ActivityExtension/v2"><Speed>0.000000</Speed></TPX></Extensions></Trackpoint>
     <Trackpoint><Time>2026-03-31T19:10:41.498Z</Time><HeartRateBpm><Value>126</Value></HeartRateBpm><Extensions><TPX xmlns="http://www.garmin.com/xmlschemas/ActivityExtension/v2"><Speed>0.000000</Speed></TPX></Extensions></Trackpoint>
     <Trackpoint><Time>2026-03-31T19:10:42.498Z</Time><HeartRateBpm><Value>126</Value></HeartRateBpm><Extensions><TPX xmlns="http://www.garmin.com/xmlschemas/ActivityExtension/v2"><Speed>0.000000</Speed></TPX></Extensions></Trackpoint>
     <Trackpoint><Time>2026-03-31T19:10:43.908Z</Time><HeartRateBpm><Value>130</Value></HeartRateBpm><Extensions><TPX xmlns="http://www.garmin.com/xmlschemas/ActivityExtension/v2"><Speed>0.000000</Speed></TPX></Extensions></Trackpoint>
     <Trackpoint><Time>2026-03-31T19:10:45.428Z</Time><HeartRateBpm><Value>130</Value></HeartRateBpm><Extensions><TPX xmlns="http://www.garmin.com/xmlschemas/ActivityExtension/v2"><Speed>0.000000</Speed></TPX></Extensions></Trackpoint>
     <Trackpoint><Time>2026-03-31T19:10:46.498Z</Time><HeartRateBpm><Value>130</Value></HeartRateBpm><Extensions><TPX xmlns="http://www.garmin.com/xmlschemas/ActivityExtension/v2"><Speed>0.000000</Speed></TPX></Extensions></Trackpoint>
     <Trackpoint><Time>2026-03-31T19:10:47.498Z</Time><HeartRateBpm><Value>130</Value></HeartRateBpm><Extensions><TPX xmlns="http://www.garmin.com/xmlschemas/ActivityExtension/v2"><Speed>0.000000</Speed></TPX></Extensions></Trackpoint>
     <Trackpoint><Time>2026-03-31T19:10:49.498Z</Time><HeartRateBpm><Value>130</Value></HeartRateBpm><Extensions><TPX xmlns="http://www.garmin.com/xmlschemas/ActivityExtension/v2"><Speed>0.000000</Speed></TPX></Extensions></Trackpoint>
     <Trackpoint><Time>2026-03-31T19:10:50.498Z</Time><HeartRateBpm><Value>127</Value></HeartRateBpm><Extensions><TPX xmlns="http://www.garmin.com/xmlschemas/ActivityExtension/v2"><Speed>0.000000</Speed></TPX></Extensions></Trackpoint>
     <Trackpoint><Time>2026-03-31T19:10:52.498Z</Time><HeartRateBpm><Value>127</Value></HeartRateBpm><Extensions><TPX xmlns="http://www.garmin.com/xmlschemas/ActivityExtension/v2"><Speed>0.000000</Speed></TPX></Extensions></Trackpoint>
     <Trackpoint><Time>2026-03-31T19:10:54.498Z</Time><HeartRateBpm><Value>127</Value></HeartRateBpm><Extensions><TPX xmlns="http://www.garmin.com/xmlschemas/ActivityExtension/v2"><Speed>0.000000</Speed></TPX></Extensions></Trackpoint>
     <Trackpoint><Time>2026-03-31T19:10:55.498Z</Time><HeartRateBpm><Value>127</Value></HeartRateBpm><Extensions><TPX xmlns="http://www.garmin.com/xmlschemas/ActivityExtension/v2"><Speed>0.000000</Speed></TPX></Extensions></Trackpoint>
     <Trackpoint><Time>2026-03-31T19:10:57.498Z</Time><HeartRateBpm><Value>127</Value></HeartRateBpm><Extensions><TPX xmlns="http://www.garmin.com/xmlschemas/ActivityExtension/v2"><Speed>0.000000</Speed></TPX></Extensions></Trackpoint>
     <Trackpoint><Time>2026-03-31T19:10:59.498Z</Time><HeartRateBpm><Value>127</Value></HeartRateBpm><Extensions><TPX xmlns="http://www.garmin.com/xmlschemas/ActivityExtension/v2"><Speed>0.000000</Speed></TPX></Extensions></Trackpoint>
     <Trackpoint><Time>2026-03-31T19:11:00.724Z</Time><HeartRateBpm><Value>124</Value></HeartRateBpm><Extensions><TPX xmlns="http://www.garmin.com/xmlschemas/ActivityExtension/v2"><Speed>0.000000</Speed></TPX></Extensions></Trackpoint>
     <Trackpoint><Time>2026-03-31T19:11:02.498Z</Time><HeartRateBpm><Value>124</Value></HeartRateBpm><Extensions><TPX xmlns="http://www.garmin.com/xmlschemas/ActivityExtension/v2"><Speed>0.000000</Speed></TPX></Extensions></Trackpoint>
     <Trackpoint><Time>2026-03-31T19:11:04.498Z</Time><HeartRateBpm><Value>124</Value></HeartRateBpm><Extensions><TPX xmlns="http://www.garmin.com/xmlschemas/ActivityExtension/v2"><Speed>0.000000</Speed></TPX></Extensions></Trackpoint>
     <Trackpoint><Time>2026-03-31T19:11:05.822Z</Time><HeartRateBpm><Value>124</Value></HeartRateBpm><Extensions><TPX xmlns="http://www.garmin.com/xmlschemas/ActivityExtension/v2"><Speed>0.000000</Speed></TPX></Extensions></Trackpoint>
     <Trackpoint><Time>2026-03-31T19:11:07.498Z</Time><HeartRateBpm><Value>124</Value></HeartRateBpm><Extensions><TPX xmlns="http://www.garmin.com/xmlschemas/ActivityExtension/v2"><Speed>0.000000</Speed></TPX></Extensions></Trackpoint>
     <Trackpoint><Time>2026-03-31T19:11:09.498Z</Time><HeartRateBpm><Value>124</Value></HeartRateBpm><Extensions><TPX xmlns="http://www.garmin.com/xmlschemas/ActivityExtension/v2"><Speed>0.000000</Speed></TPX></Extensions></Trackpoint>
     <Trackpoint><Time>2026-03-31T19:11:10.498Z</Time><HeartRateBpm><Value>125</Value></HeartRateBpm><Extensions><TPX xmlns="http://www.garmin.com/xmlschemas/ActivityExtension/v2"><Speed>0.000000</Speed></TPX></Extensions></Trackpoint>
     <Trackpoint><Time>2026-03-31T19:11:12.498Z</Time><HeartRateBpm><Value>125</Value></HeartRateBpm><Extensions><TPX xmlns="http://www.garmin.com/xmlschemas/ActivityExtension/v2"><Speed>0.000000</Speed></TPX></Extensions></Trackpoint>
     <Trackpoint><Time>2026-03-31T19:11:13.498Z</Time><HeartRateBpm><Value>125</Value></HeartRateBpm><Extensions><TPX xmlns="http://www.garmin.com/xmlschemas/ActivityExtension/v2"><Speed>0.000000</Speed></TPX></Extensions></Trackpoint>
     <Trackpoint><Time>2026-03-31T19:11:14.498Z</Time><HeartRateBpm><Value>125</Value></HeartRateBpm><Extensions><TPX xmlns="http://www.garmin.com/xmlschemas/ActivityExtension/v2"><Speed>0.000000</Speed></TPX></Extensions></Trackpoint>
     <Trackpoint><Time>2026-03-31T19:11:16.028Z</Time><HeartRateBpm><Value>125</Value></HeartRateBpm><Extensions><TPX xmlns="http://www.garmin.com/xmlschemas/ActivityExtension/v2"><Speed>0.000000</Speed></TPX></Extensions></Trackpoint>
     <Trackpoint><Time>2026-03-31T19:11:17.498Z</Time><HeartRateBpm><Value>125</Value></HeartRateBpm><Extensions><TPX xmlns="http://www.garmin.com/xmlschemas/ActivityExtension/v2"><Speed>0.000000</Speed></TPX></Extensions></Trackpoint>
     <Trackpoint><Time>2026-03-31T19:11:18.569Z</Time><HeartRateBpm><Value>125</Value></HeartRateBpm><Extensions><TPX xmlns="http://www.garmin.com/xmlschemas/ActivityExtension/v2"><Speed>0.000000</Speed></TPX></Extensions></Trackpoint>
     <Trackpoint><Time>2026-03-31T19:11:20.498Z</Time><HeartRateBpm><Value>126</Value></HeartRateBpm><Extensions><TPX xmlns="http://www.garmin.com/xmlschemas/ActivityExtension/v2"><Speed>0.000000</Speed></TPX></Extensions></Trackpoint>
     <Trackpoint><Time>2026-03-31T19:11:22.498Z</Time><HeartRateBpm><Value>126</Value></HeartRateBpm><Extensions><TPX xmlns="http://www.garmin.com/xmlschemas/ActivityExtension/v2"><Speed>0.000000</Speed></TPX></Extensions></Trackpoint>
     <Trackpoint><Time>2026-03-31T19:11:23.498Z</Time><HeartRateBpm><Value>126</Value></HeartRateBpm><Extensions><TPX xmlns="http://www.garmin.com/xmlschemas/ActivityExtension/v2"><Speed>0.000000</Speed></TPX></Extensions></Trackpoint>
     <Trackpoint><Time>2026-03-31T19:11:25.498Z</Time><HeartRateBpm><Value>121</Value></HeartRateBpm><Extensions><TPX xmlns="http://www.garmin.com/xmlschemas/ActivityExtension/v2"><Speed>0.000000</Speed></TPX></Extensions></Trackpoint>
     <Trackpoint><Time>2026-03-31T19:11:26.498Z</Time><HeartRateBpm><Value>121</Value></HeartRateBpm><Extensions><TPX xmlns="http://www.garmin.com/xmlschemas/ActivityExtension/v2"><Speed>0.000000</Speed></TPX></Extensions></Trackpoint>
     <Trackpoint><Time>2026-03-31T19:11:28.498Z</Time><HeartRateBpm><Value>121</Value></HeartRateBpm><Extensions><TPX xmlns="http://www.garmin.com/xmlschemas/ActivityExtension/v2"><Speed>0.000000</Speed></TPX></Extensions></Trackpoint>
     <Trackpoint><Time>2026-03-31T19:11:30.498Z</Time><HeartRateBpm><Value>123</Value></HeartRateBpm><Extensions><TPX xmlns="http://www.garmin.com/xmlschemas/ActivityExtension/v2"><Speed>0.000000</Speed></TPX></Extensions></Trackpoint>
     <Trackpoint><Time>2026-03-31T19:11:31.498Z</Time><HeartRateBpm><Value>123</Value></HeartRateBpm><Extensions><TPX xmlns="http://www.garmin.com/xmlschemas/ActivityExtension/v2"><Speed>0.000000</Speed></TPX></Extensions></Trackpoint>
     <Trackpoint><Time>2026-03-31T19:11:33.498Z</Time><HeartRateBpm><Value>123</Value></HeartRateBpm><Extensions><TPX xmlns="http://www.garmin.com/xmlschemas/ActivityExtension/v2"><Speed>0.000000</Speed></TPX></Extensions></Trackpoint>
     <Trackpoint><Time>2026-03-31T19:11:35.498Z</Time><HeartRateBpm><Value>129</Value></HeartRateBpm><Extensions><TPX xmlns="http://www.garmin.com/xmlschemas/ActivityExtension/v2"><Speed>0.000000</Speed></TPX></Extensions></Trackpoint>
     <Trackpoint><Time>2026-03-31T19:11:37.498Z</Time><HeartRateBpm><Value>129</Value></HeartRateBpm><Extensions><TPX xmlns="http://www.garmin.com/xmlschemas/ActivityExtension/v2"><Speed>0.000000</Speed></TPX></Extensions></Trackpoint>
     <Trackpoint><Time>2026-03-31T19:11:38.498Z</Time><HeartRateBpm><Value>129</Value></HeartRateBpm><Extensions><TPX xmlns="http://www.garmin.com/xmlschemas/ActivityExtension/v2"><Speed>0.000000</Speed></TPX></Extensions></Trackpoint>
     <Trackpoint><Time>2026-03-31T19:11:40.498Z</Time><HeartRateBpm><Value>131</Value></HeartRateBpm><Extensions><TPX xmlns="http://www.garmin.com/xmlschemas/ActivityExtension/v2"><Speed>0.000000</Speed></TPX></Extensions></Trackpoint>
     <Trackpoint><Time>2026-03-31T19:11:41.505Z</Time><HeartRateBpm><Value>131</Value></HeartRateBpm><Extensions><TPX xmlns="http://www.garmin.com/xmlschemas/ActivityExtension/v2"><Speed>0.000000</Speed></TPX></Extensions></Trackpoint>
     <Trackpoint><Time>2026-03-31T19:11:43.498Z</Time><HeartRateBpm><Value>131</Value></HeartRateBpm><Extensions><TPX xmlns="http://www.garmin.com/xmlschemas/ActivityExtension/v2"><Speed>0.000000</Speed></TPX></Extensions></Trackpoint>
     <Trackpoint><Time>2026-03-31T19:11:44.498Z</Time><HeartRateBpm><Value>132</Value></HeartRateBpm><Extensions><TPX xmlns="http://www.garmin.com/xmlschemas/ActivityExtension/v2"><Speed>0.000000</Speed></TPX></Extensions></Trackpoint>
     <Trackpoint><Time>2026-03-31T19:11:46.498Z</Time><HeartRateBpm><Value>132</Value></HeartRateBpm><Extensions><TPX xmlns="http://www.garmin.com/xmlschemas/ActivityExtension/v2"><Speed>0.000000</Speed></TPX></Extensions></Trackpoint>
     <Trackpoint><Time>2026-03-31T19:11:47.498Z</Time><HeartRateBpm><Value>132</Value></HeartRateBpm><Extensions><TPX xmlns="http://www.garmin.com/xmlschemas/ActivityExtension/v2"><Speed>0.000000</Speed></TPX></Extensions></Trackpoint>
     <Trackpoint><Time>2026-03-31T19:11:49.153Z</Time><HeartRateBpm><Value>132</Value></HeartRateBpm><Extensions><TPX xmlns="http://www.garmin.com/xmlschemas/ActivityExtension/v2"><Speed>0.000000</Speed></TPX></Extensions></Trackpoint>
     <Trackpoint><Time>2026-03-31T19:11:50.498Z</Time><HeartRateBpm><Value>132</Value></HeartRateBpm><Extensions><TPX xmlns="http://www.garmin.com/xmlschemas/ActivityExtension/v2"><Speed>0.000000</Speed></TPX></Extensions></Trackpoint>
     <Trackpoint><Time>2026-03-31T19:11:51.703Z</Time><HeartRateBpm><Value>132</Value></HeartRateBpm><Extensions><TPX xmlns="http://www.garmin.com/xmlschemas/ActivityExtension/v2"><Speed>0.000000</Speed></TPX></Extensions></Trackpoint>
     <Trackpoint><Time>2026-03-31T19:11:53.498Z</Time><HeartRateBpm><Value>132</Value></HeartRateBpm><Extensions><TPX xmlns="http://www.garmin.com/xmlschemas/ActivityExtension/v2"><Speed>0.000000</Speed></TPX></Extensions></Trackpoint>
     <Trackpoint><Time>2026-03-31T19:11:55.498Z</Time><HeartRateBpm><Value>134</Value></HeartRateBpm><Extensions><TPX xmlns="http://www.garmin.com/xmlschemas/ActivityExtension/v2"><Speed>0.000000</Speed></TPX></Extensions></Trackpoint>
     <Trackpoint><Time>2026-03-31T19:11:56.799Z</Time><HeartRateBpm><Value>134</Value></HeartRateBpm><Extensions><TPX xmlns="http://www.garmin.com/xmlschemas/ActivityExtension/v2"><Speed>0.000000</Speed></TPX></Extensions></Trackpoint>
     <Trackpoint><Time>2026-03-31T19:11:58.498Z</Time><HeartRateBpm><Value>134</Value></HeartRateBpm><Extensions><TPX xmlns="http://www.garmin.com/xmlschemas/ActivityExtension/v2"><Speed>0.000000</Speed></TPX></Extensions></Trackpoint>
     <Trackpoint><Time>2026-03-31T19:12:00.498Z</Time><HeartRateBpm><Value>132</Value></HeartRateBpm><Extensions><TPX xmlns="http://www.garmin.com/xmlschemas/ActivityExtension/v2"><Speed>0.000000</Speed></TPX></Extensions></Trackpoint>
     <Trackpoint><Time>2026-03-31T19:12:01.498Z</Time><HeartRateBpm><Value>132</Value></HeartRateBpm><Extensions><TPX xmlns="http://www.garmin.com/xmlschemas/ActivityExtension/v2"><Speed>0.000000</Speed></TPX></Extensions></Trackpoint>
     <Trackpoint><Time>2026-03-31T19:12:03.498Z</Time><HeartRateBpm><Value>132</Value></HeartRateBpm><Extensions><TPX xmlns="http://www.garmin.com/xmlschemas/ActivityExtension/v2"><Speed>0.000000</Speed></TPX></Extensions></Trackpoint>
     <Trackpoint><Time>2026-03-31T19:12:04.498Z</Time><HeartRateBpm><Value>132</Value></HeartRateBpm><Extensions><TPX xmlns="http://www.garmin.com/xmlschemas/ActivityExtension/v2"><Speed>0.000000</Speed></TPX></Extensions></Trackpoint>
     <Trackpoint><Time>2026-03-31T19:12:06.498Z</Time><HeartRateBpm><Value>132</Value></HeartRateBpm><Extensions><TPX xmlns="http://www.garmin.com/xmlschemas/ActivityExtension/v2"><Speed>0.000000</Speed></TPX></Extensions></Trackpoint>
     <Trackpoint><Time>2026-03-31T19:12:08.498Z</Time><HeartRateBpm><Value>132</Value></HeartRateBpm><Extensions><TPX xmlns="http://www.garmin.com/xmlschemas/ActivityExtension/v2"><Speed>0.000000</Speed></TPX></Extensions></Trackpoint>
     <Trackpoint><Time>2026-03-31T19:12:09.547Z</Time><HeartRateBpm><Value>132</Value></HeartRateBpm><Extensions><TPX xmlns="http://www.garmin.com/xmlschemas/ActivityExtension/v2"><Speed>0.000000</Speed></TPX></Extensions></Trackpoint>
     <Trackpoint><Time>2026-03-31T19:12:11.498Z</Time><HeartRateBpm><Value>132</Value></HeartRateBpm><Extensions><TPX xmlns="http://www.garmin.com/xmlschemas/ActivityExtension/v2"><Speed>0.000000</Speed></TPX></Extensions></Trackpoint>
     <Trackpoint><Time>2026-03-31T19:12:13.498Z</Time><HeartRateBpm><Value>132</Value></HeartRateBpm><Extensions><TPX xmlns="http://www.garmin.com/xmlschemas/ActivityExtension/v2"><Speed>0.000000</Speed></TPX></Extensions></Trackpoint>
     <Trackpoint><Time>2026-03-31T19:12:14.644Z</Time><HeartRateBpm><Value>131</Value></HeartRateBpm><Extensions><TPX xmlns="http://www.garmin.com/xmlschemas/ActivityExtension/v2"><Speed>0.000000</Speed></TPX></Extensions></Trackpoint>
     <Trackpoint><Time>2026-03-31T19:12:16.498Z</Time><HeartRateBpm><Value>131</Value></HeartRateBpm><Extensions><TPX xmlns="http://www.garmin.com/xmlschemas/ActivityExtension/v2"><Speed>0.000000</Speed></TPX></Extensions></Trackpoint>
     <Trackpoint><Time>2026-03-31T19:12:18.498Z</Time><HeartRateBpm><Value>131</Value></HeartRateBpm><Extensions><TPX xmlns="http://www.garmin.com/xmlschemas/ActivityExtension/v2"><Speed>0.000000</Speed></TPX></Extensions></Trackpoint>
     <Trackpoint><Time>2026-03-31T19:12:19.505Z</Time><HeartRateBpm><Value>135</Value></HeartRateBpm><Extensions><TPX xmlns="http://www.garmin.com/xmlschemas/ActivityExtension/v2"><Speed>0.000000</Speed></TPX></Extensions></Trackpoint>
    </Track>
   </Lap>
   <Lap StartTime="2026-03-31T19:12:21.498Z">
    <TotalTimeSeconds>600</TotalTimeSeconds>
    <AverageHeartRateBpm><Value>136</Value></AverageHeartRateBpm>
    <MaximumHeartRateBpm><Value>141</Value></MaximumHeartRateBpm>
    <Calories>99</Calories>
    <Track>
     <Trackpoint><Time>2026-03-31T19:12:21.498Z</Time><HeartRateBpm><Value>135</Value></HeartRateBpm><Extensions><TPX xmlns="http://www.garmin.com/xmlschemas/ActivityExtension/v2"><Speed>0.000000</Speed></TPX></Extensions></Trackpoint>
     <Trackpoint><Time>2026-03-31T19:12:23.498Z</Time><HeartRateBpm><Value>135</Value></HeartRateBpm><Extensions><TPX xmlns="http://www.garmin.com/xmlschemas/ActivityExtension/v2"><Speed>0.000000</Speed></TPX></Extensions></Trackpoint>
     <Trackpoint><Time>2026-03-31T19:12:24.523Z</Time><HeartRateBpm><Value>129</Value></HeartRateBpm><Extensions><TPX xmlns="http://www.garmin.com/xmlschemas/ActivityExtension/v2"><Speed>0.000000</Speed></TPX></Extensions></Trackpoint>
     <Trackpoint><Time>2026-03-31T19:12:26.498Z</Time><HeartRateBpm><Value>129</Value></HeartRateBpm><Extensions><TPX xmlns="http://www.garmin.com/xmlschemas/ActivityExtension/v2"><Speed>0.000000</Speed></TPX></Extensions></Trackpoint>
     <Trackpoint><Time>2026-03-31T19:12:28.498Z</Time><HeartRateBpm><Value>129</Value></HeartRateBpm><Extensions><TPX xmlns="http://www.garmin.com/xmlschemas/ActivityExtension/v2"><Speed>0.000000</Speed></TPX></Extensions></Trackpoint>
     <Trackpoint><Time>2026-03-31T19:12:29.512Z</Time><HeartRateBpm><Value>132</Value></HeartRateBpm><Extensions><TPX xmlns="http://www.garmin.com/xmlschemas/ActivityExtension/v2"><Speed>0.000000</Speed></TPX></Extensions></Trackpoint>
     <Trackpoint><Time>2026-03-31T19:12:31.498Z</Time><HeartRateBpm><Value>132</Value></HeartRateBpm><Extensions><TPX xmlns="http://www.garmin.com/xmlschemas/ActivityExtension/v2"><Speed>0.000000</Speed></TPX></Extensions></Trackpoint>
     <Trackpoint><Time>2026-03-31T19:12:33.498Z</Time><HeartRateBpm><Value>132</Value></HeartRateBpm><Extensions><TPX xmlns="http://www.garmin.com/xmlschemas/ActivityExtension/v2"><Speed>0.000000</Speed></TPX></Extensions></Trackpoint>
     <Trackpoint><Time>2026-03-31T19:12:35.066Z</Time><HeartRateBpm><Value>131</Value></HeartRateBpm><Extensions><TPX xmlns="http://www.garmin.com/xmlschemas/ActivityExtension/v2"><Speed>0.000000</Speed></TPX></Extensions></Trackpoint>
     <Trackpoint><Time>2026-03-31T19:12:36.498Z</Time><HeartRateBpm><Value>131</Value></HeartRateBpm><Extensions><TPX xmlns="http://www.garmin.com/xmlschemas/ActivityExtension/v2"><Speed>0.000000</Speed></TPX></Extensions></Trackpoint>
     <Trackpoint><Time>2026-03-31T19:12:37.498Z</Time><HeartRateBpm><Value>131</Value></HeartRateBpm><Extensions><TPX xmlns="http://www.garmin.com/xmlschemas/ActivityExtension/v2"><Speed>0.000000</Speed></TPX></Extensions></Trackpoint>
     <Trackpoint><Time>2026-03-31T19:12:38.498Z</Time><HeartRateBpm><Value>131</Value></HeartRateBpm><Extensions><TPX xmlns="http://www.garmin.com/xmlschemas/ActivityExtension/v2"><Speed>0.000000</Speed></TPX></Extensions></Trackpoint>
     <Trackpoint><Time>2026-03-31T19:12:40.141Z</Time><HeartRateBpm><Value>128</Value></HeartRateBpm><Extensions><TPX xmlns="http://www.garmin.com/xmlschemas/ActivityExtension/v2"><Speed>0.000000</Speed></TPX></Extensions></Trackpoint>
     <Trackpoint><Time>2026-03-31T19:12:41.498Z</Time><HeartRateBpm><Value>128</Value></HeartRateBpm><Extensions><TPX xmlns="http://www.garmin.com/xmlschemas/ActivityExtension/v2"><Speed>0.000000</Speed></TPX></Extensions></Trackpoint>
     <Trackpoint><Time>2026-03-31T19:12:42.684Z</Time><HeartRateBpm><Value>128</Value></HeartRateBpm><Extensions><TPX xmlns="http://www.garmin.com/xmlschemas/ActivityExtension/v2"><Speed>0.000000</Speed></TPX></Extensions></Trackpoint>
     <Trackpoint><Time>2026-03-31T19:12:43.904Z</Time><HeartRateBpm><Value>130</Value></HeartRateBpm><Extensions><TPX xmlns="http://www.garmin.com/xmlschemas/ActivityExtension/v2"><Speed>0.000000</Speed></TPX></Extensions></Trackpoint>
     <Trackpoint><Time>2026-03-31T19:12:45.224Z</Time><HeartRateBpm><Value>130</Value></HeartRateBpm><Extensions><TPX xmlns="http://www.garmin.com/xmlschemas/ActivityExtension/v2"><Speed>0.000000</Speed></TPX></Extensions></Trackpoint>
     <Trackpoint><Time>2026-03-31T19:12:46.498Z</Time><HeartRateBpm><Value>130</Value></HeartRateBpm><Extensions><TPX xmlns="http://www.garmin.com/xmlschemas/ActivityExtension/v2"><Speed>0.000000</Speed></TPX></Extensions></Trackpoint>
     <Trackpoint><Time>2026-03-31T19:12:47.803Z</Time><HeartRateBpm><Value>130</Value></HeartRateBpm><Extensions><TPX xmlns="http://www.garmin.com/xmlschemas/ActivityExtension/v2"><Speed>0.000000</Speed></TPX></Extensions></Trackpoint>
     <Trackpoint><Time>2026-03-31T19:12:48.934Z</Time><HeartRateBpm><Value>128</Value></HeartRateBpm><Extensions><TPX xmlns="http://www.garmin.com/xmlschemas/ActivityExtension/v2"><Speed>0.000000</Speed></TPX></Extensions></Trackpoint>
     <Trackpoint><Time>2026-03-31T19:12:50.331Z</Time><HeartRateBpm><Value>128</Value></HeartRateBpm><Extensions><TPX xmlns="http://www.garmin.com/xmlschemas/ActivityExtension/v2"><Speed>0.000000</Speed></TPX></Extensions></Trackpoint>
     <Trackpoint><Time>2026-03-31T19:12:51.498Z</Time><HeartRateBpm><Value>128</Value></HeartRateBpm><Extensions><TPX xmlns="http://www.garmin.com/xmlschemas/ActivityExtension/v2"><Speed>0.000000</Speed></TPX></Extensions></Trackpoint>
     <Trackpoint><Time>2026-03-31T19:12:52.879Z</Time><HeartRateBpm><Value>128</Value></HeartRateBpm><Extensions><TPX xmlns="http://www.garmin.com/xmlschemas/ActivityExtension/v2"><Speed>0.000000</Speed></TPX></Extensions></Trackpoint>
     <Trackpoint><Time>2026-03-31T19:12:53.910Z</Time><HeartRateBpm><Value>130</Value></HeartRateBpm><Extensions><TPX xmlns="http://www.garmin.com/xmlschemas/ActivityExtension/v2"><Speed>0.000000</Speed></TPX></Extensions></Trackpoint>
     <Trackpoint><Time>2026-03-31T19:12:55.423Z</Time><HeartRateBpm><Value>130</Value></HeartRateBpm><Extensions><TPX xmlns="http://www.garmin.com/xmlschemas/ActivityExtension/v2"><Speed>0.000000</Speed></TPX></Extensions></Trackpoint>
     <Trackpoint><Time>2026-03-31T19:12:56.498Z</Time><HeartRateBpm><Value>130</Value></HeartRateBpm><Extensions><TPX xmlns="http://www.garmin.com/xmlschemas/ActivityExtension/v2"><Speed>0.000000</Speed></TPX></Extensions></Trackpoint>
     <Trackpoint><Time>2026-03-31T19:12:57.975Z</Time><HeartRateBpm><Value>130</Value></HeartRateBpm><Extensions><TPX xmlns="http://www.garmin.com/xmlschemas/ActivityExtension/v2"><Speed>0.000000</Speed></TPX></Extensions></Trackpoint>
     <Trackpoint><Time>2026-03-31T19:12:59.498Z</Time><HeartRateBpm><Value>130</Value></HeartRateBpm><Extensions><TPX xmlns="http://www.garmin.com/xmlschemas/ActivityExtension/v2"><Speed>0.000000</Speed></TPX></Extensions></Trackpoint>
     <Trackpoint><Time>2026-03-31T19:13:00.498Z</Time><HeartRateBpm><Value>129</Value></HeartRateBpm><Extensions><TPX xmlns="http://www.garmin.com/xmlschemas/ActivityExtension/v2"><Speed>0.000000</Speed></TPX></Extensions></Trackpoint>
     <Trackpoint><Time>2026-03-31T19:13:02.497Z</Time><HeartRateBpm><Value>129</Value></HeartRateBpm><Extensions><TPX xmlns="http://www.garmin.com/xmlschemas/ActivityExtension/v2"><Speed>0.000000</Speed></TPX></Extensions></Trackpoint>
     <Trackpoint><Time>2026-03-31T19:13:03.498Z</Time><HeartRateBpm><Value>129</Value></HeartRateBpm><Extensions><TPX xmlns="http://www.garmin.com/xmlschemas/ActivityExtension/v2"><Speed>0.000000</Speed></TPX></Extensions></Trackpoint>
     <Trackpoint><Time>2026-03-31T19:13:04.514Z</Time><HeartRateBpm><Value>131</Value></HeartRateBpm><Extensions><TPX xmlns="http://www.garmin.com/xmlschemas/ActivityExtension/v2"><Speed>0.000000</Speed></TPX></Extensions></Trackpoint>
     <Trackpoint><Time>2026-03-31T19:13:05.625Z</Time><HeartRateBpm><Value>131</Value></HeartRateBpm><Extensions><TPX xmlns="http://www.garmin.com/xmlschemas/ActivityExtension/v2"><Speed>0.000000</Speed></TPX></Extensions></Trackpoint>
     <Trackpoint><Time>2026-03-31T19:13:07.498Z</Time><HeartRateBpm><Value>131</Value></HeartRateBpm><Extensions><TPX xmlns="http://www.garmin.com/xmlschemas/ActivityExtension/v2"><Speed>0.000000</Speed></TPX></Extensions></Trackpoint>
     <Trackpoint><Time>2026-03-31T19:13:09.498Z</Time><HeartRateBpm><Value>132</Value></HeartRateBpm><Extensions><TPX xmlns="http://www.garmin.com/xmlschemas/ActivityExtension/v2"><Speed>0.000000</Speed></TPX></Extensions></Trackpoint>
     <Trackpoint><Time>2026-03-31T19:13:10.722Z</Time><HeartRateBpm><Value>132</Value></HeartRateBpm><Extensions><TPX xmlns="http://www.garmin.com/xmlschemas/ActivityExtension/v2"><Speed>0.000000</Speed></TPX></Extensions></Trackpoint>
     <Trackpoint><Time>2026-03-31T19:13:12.498Z</Time><HeartRateBpm><Value>132</Value></HeartRateBpm><Extensions><TPX xmlns="http://www.garmin.com/xmlschemas/ActivityExtension/v2"><Speed>0.000000</Speed></TPX></Extensions></Trackpoint>
     <Trackpoint><Time>2026-03-31T19:13:14.498Z</Time><HeartRateBpm><Value>132</Value></HeartRateBpm><Extensions><TPX xmlns="http://www.garmin.com/xmlschemas/ActivityExtension/v2"><Speed>0.000000</Speed></TPX></Extensions></Trackpoint>
     <Trackpoint><Time>2026-03-31T19:13:15.819Z</Time><HeartRateBpm><Value>132</Value></HeartRateBpm><Extensions><TPX xmlns="http://www.garmin.com/xmlschemas/ActivityExtension/v2"><Speed>0.000000</Speed></TPX></Extensions></Trackpoint>
     <Trackpoint><Time>2026-03-31T19:13:17.498Z</Time><HeartRateBpm><Value>132</Value></HeartRateBpm><Extensions><TPX xmlns="http://www.garmin.com/xmlschemas/ActivityExtension/v2"><Speed>0.000000</Speed></TPX></Extensions></Trackpoint>
     <Trackpoint><Time>2026-03-31T19:13:19.497Z</Time><HeartRateBpm><Value>135</Value></HeartRateBpm><Extensions><TPX xmlns="http://www.garmin.com/xmlschemas/ActivityExtension/v2"><Speed>0.000000</Speed></TPX></Extensions></Trackpoint>
     <Trackpoint><Time>2026-03-31T19:13:20.914Z</Time><HeartRateBpm><Value>135</Value></HeartRateBpm><Extensions><TPX xmlns="http://www.garmin.com/xmlschemas/ActivityExtension/v2"><Speed>0.000000</Speed></TPX></Extensions></Trackpoint>
     <Trackpoint><Time>2026-03-31T19:13:22.497Z</Time><HeartRateBpm><Value>135</Value></HeartRateBpm><Extensions><TPX xmlns="http://www.garmin.com/xmlschemas/ActivityExtension/v2"><Speed>0.000000</Speed></TPX></Extensions></Trackpoint>
     <Trackpoint><Time>2026-03-31T19:13:24.498Z</Time><HeartRateBpm><Value>135</Value></HeartRateBpm><Extensions><TPX xmlns="http://www.garmin.com/xmlschemas/ActivityExtension/v2"><Speed>0.000000</Speed></TPX></Extensions></Trackpoint>
     <Trackpoint><Time>2026-03-31T19:13:26.017Z</Time><HeartRateBpm><Value>131</Value></HeartRateBpm><Extensions><TPX xmlns="http://www.garmin.com/xmlschemas/ActivityExtension/v2"><Speed>0.000000</Speed></TPX></Extensions></Trackpoint>
     <Trackpoint><Time>2026-03-31T19:13:27.497Z</Time><HeartRateBpm><Value>131</Value></HeartRateBpm><Extensions><TPX xmlns="http://www.garmin.com/xmlschemas/ActivityExtension/v2"><Speed>0.000000</Speed></TPX></Extensions></Trackpoint>
     <Trackpoint><Time>2026-03-31T19:13:28.565Z</Time><HeartRateBpm><Value>131</Value></HeartRateBpm><Extensions><TPX xmlns="http://www.garmin.com/xmlschemas/ActivityExtension/v2"><Speed>0.000000</Speed></TPX></Extensions></Trackpoint>
     <Trackpoint><Time>2026-03-31T19:13:30.497Z</Time><HeartRateBpm><Value>131</Value></HeartRateBpm><Extensions><TPX xmlns="http://www.garmin.com/xmlschemas/ActivityExtension/v2"><Speed>0.000000</Speed></TPX></Extensions></Trackpoint>
     <Trackpoint><Time>2026-03-31T19:13:32.497Z</Time><HeartRateBpm><Value>131</Value></HeartRateBpm><Extensions><TPX xmlns="http://www.garmin.com/xmlschemas/ActivityExtension/v2"><Speed>0.000000</Speed></TPX></Extensions></Trackpoint>
     <Trackpoint><Time>2026-03-31T19:13:33.663Z</Time><HeartRateBpm><Value>131</Value></HeartRateBpm><Extensions><TPX xmlns="http://www.garmin.com/xmlschemas/ActivityExtension/v2"><Speed>0.000000</Speed></TPX></Extensions></Trackpoint>
     <Trackpoint><Time>2026-03-31T19:13:35.497Z</Time><HeartRateBpm><Value>131</Value></HeartRateBpm><Extensions><TPX xmlns="http://www.garmin.com/xmlschemas/ActivityExtension/v2"><Speed>0.000000</Speed></TPX></Extensions></Trackpoint>
     <Trackpoint><Time>2026-03-31T19:13:37.497Z</Time><HeartRateBpm><Value>131</Value></HeartRateBpm><Extensions><TPX xmlns="http://www.garmin.com/xmlschemas/ActivityExtension/v2"><Speed>0.000000</Speed></TPX></Extensions></Trackpoint>
     <Trackpoint><Time>2026-03-31T19:13:38.763Z</Time><HeartRateBpm><Value>131</Value></HeartRateBpm><Extensions><TPX xmlns="http://www.garmin.com/xmlschemas/ActivityExtension/v2"><Speed>0.000000</Speed></TPX></Extensions></Trackpoint>
     <Trackpoint><Time>2026-03-31T19:13:40.498Z</Time><HeartRateBpm><Value>133</Value></HeartRateBpm><Extensions><TPX xmlns="http://www.garmin.com/xmlschemas/ActivityExtension/v2"><Speed>0.000000</Speed></TPX></Extensions></Trackpoint>
     <Trackpoint><Time>2026-03-31T19:13:42.497Z</Time><HeartRateBpm><Value>133</Value></HeartRateBpm><Extensions><TPX xmlns="http://www.garmin.com/xmlschemas/ActivityExtension/v2"><Speed>0.000000</Speed></TPX></Extensions></Trackpoint>
     <Trackpoint><Time>2026-03-31T19:13:43.854Z</Time><HeartRateBpm><Value>133</Value></HeartRateBpm><Extensions><TPX xmlns="http://www.garmin.com/xmlschemas/ActivityExtension/v2"><Speed>0.000000</Speed></TPX></Extensions></Trackpoint>
     <Trackpoint><Time>2026-03-31T19:13:45.497Z</Time><HeartRateBpm><Value>134</Value></HeartRateBpm><Extensions><TPX xmlns="http://www.garmin.com/xmlschemas/ActivityExtension/v2"><Speed>0.000000</Speed></TPX></Extensions></Trackpoint>
     <Trackpoint><Time>2026-03-31T19:13:47.497Z</Time><HeartRateBpm><Value>134</Value></HeartRateBpm><Extensions><TPX xmlns="http://www.garmin.com/xmlschemas/ActivityExtension/v2"><Speed>0.000000</Speed></TPX></Extensions></Trackpoint>
     <Trackpoint><Time>2026-03-31T19:13:48.909Z</Time><HeartRateBpm><Value>134</Value></HeartRateBpm><Extensions><TPX xmlns="http://www.garmin.com/xmlschemas/ActivityExtension/v2"><Speed>0.000000</Speed></TPX></Extensions></Trackpoint>
     <Trackpoint><Time>2026-03-31T19:13:50.497Z</Time><HeartRateBpm><Value>135</Value></HeartRateBpm><Extensions><TPX xmlns="http://www.garmin.com/xmlschemas/ActivityExtension/v2"><Speed>0.000000</Speed></TPX></Extensions></Trackpoint>
     <Trackpoint><Time>2026-03-31T19:13:51.497Z</Time><HeartRateBpm><Value>135</Value></HeartRateBpm><Extensions><TPX xmlns="http://www.garmin.com/xmlschemas/ActivityExtension/v2"><Speed>0.000000</Speed></TPX></Extensions></Trackpoint>
     <Trackpoint><Time>2026-03-31T19:13:53.497Z</Time><HeartRateBpm><Value>135</Value></HeartRateBpm><Extensions><TPX xmlns="http://www.garmin.com/xmlschemas/ActivityExtension/v2"><Speed>0.000000</Speed></TPX></Extensions></Trackpoint>
     <Trackpoint><Time>2026-03-31T19:13:54.497Z</Time><HeartRateBpm><Value>134</Value></HeartRateBpm><Extensions><TPX xmlns="http://www.garmin.com/xmlschemas/ActivityExtension/v2"><Speed>0.000000</Speed></TPX></Extensions></Trackpoint>
     <Trackpoint><Time>2026-03-31T19:13:56.497Z</Time><HeartRateBpm><Value>134</Value></HeartRateBpm><Extensions><TPX xmlns="http://www.garmin.com/xmlschemas/ActivityExtension/v2"><Speed>0.000000</Speed></TPX></Extensions></Trackpoint>
     <Trackpoint><Time>2026-03-31T19:13:58.497Z</Time><HeartRateBpm><Value>134</Value></HeartRateBpm><Extensions><TPX xmlns="http://www.garmin.com/xmlschemas/ActivityExtension/v2"><Speed>0.000000</Speed></TPX></Extensions></Trackpoint>
     <Trackpoint><Time>2026-03-31T19:13:59.497Z</Time><HeartRateBpm><Value>135</Value></HeartRateBpm><Extensions><TPX xmlns="http://www.garmin.com/xmlschemas/ActivityExtension/v2"><Speed>0.000000</Speed></TPX></Extensions></Trackpoint>
     <Trackpoint><Time>2026-03-31T19:14:01.497Z</Time><HeartRateBpm><Value>135</Value></HeartRateBpm><Extensions><TPX xmlns="http://www.garmin.com/xmlschemas/ActivityExtension/v2"><Speed>0.000000</Speed></TPX></Extensions></Trackpoint>
     <Trackpoint><Time>2026-03-31T19:14:02.497Z</Time><HeartRateBpm><Value>135</Value></HeartRateBpm><Extensions><TPX xmlns="http://www.garmin.com/xmlschemas/ActivityExtension/v2"><Speed>0.000000</Speed></TPX></Extensions></Trackpoint>
     <Trackpoint><Time>2026-03-31T19:14:03.937Z</Time><HeartRateBpm><Value>136</Value></HeartRateBpm><Extensions><TPX xmlns="http://www.garmin.com/xmlschemas/ActivityExtension/v2"><Speed>0.000000</Speed></TPX></Extensions></Trackpoint>
     <Trackpoint><Time>2026-03-31T19:14:05.497Z</Time><HeartRateBpm><Value>136</Value></HeartRateBpm><Extensions><TPX xmlns="http://www.garmin.com/xmlschemas/ActivityExtension/v2"><Speed>0.000000</Speed></TPX></Extensions></Trackpoint>
     <Trackpoint><Time>2026-03-31T19:14:06.793Z</Time><HeartRateBpm><Value>136</Value></HeartRateBpm><Extensions><TPX xmlns="http://www.garmin.com/xmlschemas/ActivityExtension/v2"><Speed>0.000000</Speed></TPX></Extensions></Trackpoint>
     <Trackpoint><Time>2026-03-31T19:14:08.497Z</Time><HeartRateBpm><Value>136</Value></HeartRateBpm><Extensions><TPX xmlns="http://www.garmin.com/xmlschemas/ActivityExtension/v2"><Speed>0.000000</Speed></TPX></Extensions></Trackpoint>
     <Trackpoint><Time>2026-03-31T19:14:09.497Z</Time><HeartRateBpm><Value>137</Value></HeartRateBpm><Extensions><TPX xmlns="http://www.garmin.com/xmlschemas/ActivityExtension/v2"><Speed>0.000000</Speed></TPX></Extensions></Trackpoint>
     <Trackpoint><Time>2026-03-31T19:14:11.497Z</Time><HeartRateBpm><Value>137</Value></HeartRateBpm><Extensions><TPX xmlns="http://www.garmin.com/xmlschemas/ActivityExtension/v2"><Speed>0.000000</Speed></TPX></Extensions></Trackpoint>
     <Trackpoint><Time>2026-03-31T19:14:13.497Z</Time><HeartRateBpm><Value>137</Value></HeartRateBpm><Extensions><TPX xmlns="http://www.garmin.com/xmlschemas/ActivityExtension/v2"><Speed>0.000000</Speed></TPX></Extensions></Trackpoint>
     <Trackpoint><Time>2026-03-31T19:14:14.497Z</Time><HeartRateBpm><Value>135</Value></HeartRateBpm><Extensions><TPX xmlns="http://www.garmin.com/xmlschemas/ActivityExtension/v2"><Speed>0.000000</Speed></TPX></Extensions></Trackpoint>
     <Trackpoint><Time>2026-03-31T19:14:16.497Z</Time><HeartRateBpm><Value>135</Value></HeartRateBpm><Extensions><TPX xmlns="http://www.garmin.com/xmlschemas/ActivityExtension/v2"><Speed>0.000000</Speed></TPX></Extensions></Trackpoint>
     <Trackpoint><Time>2026-03-31T19:14:17.497Z</Time><HeartRateBpm><Value>135</Value></HeartRateBpm><Extensions><TPX xmlns="http://www.garmin.com/xmlschemas/ActivityExtension/v2"><Speed>0.000000</Speed></TPX></Extensions></Trackpoint>
     <Trackpoint><Time>2026-03-31T19:14:18.903Z</Time><HeartRateBpm><Value>135</Value></HeartRateBpm><Extensions><TPX xmlns="http://www.garmin.com/xmlschemas/ActivityExtension/v2"><Speed>0.000000</Speed></TPX></Extensions></Trackpoint>
     <Trackpoint><Time>2026-03-31T19:14:20.497Z</Time><HeartRateBpm><Value>135</Value></HeartRateBpm><Extensions><TPX xmlns="http://www.garmin.com/xmlschemas/ActivityExtension/v2"><Speed>0.000000</Speed></TPX></Extensions></Trackpoint>
     <Trackpoint><Time>2026-03-31T19:14:22.092Z</Time><HeartRateBpm><Value>135</Value></HeartRateBpm><Extensions><TPX xmlns="http://www.garmin.com/xmlschemas/ActivityExtension/v2"><Speed>0.000000</Speed></TPX></Extensions></Trackpoint>
     <Trackpoint><Time>2026-03-31T19:14:23.497Z</Time><HeartRateBpm><Value>135</Value></HeartRateBpm><Extensions><TPX xmlns="http://www.garmin.com/xmlschemas/ActivityExtension/v2"><Speed>0.000000</Speed></TPX></Extensions></Trackpoint>
     <Trackpoint><Time>2026-03-31T19:14:24.497Z</Time><HeartRateBpm><Value>136</Value></HeartRateBpm><Extensions><TPX xmlns="http://www.garmin.com/xmlschemas/ActivityExtension/v2"><Speed>0.000000</Speed></TPX></Extensions></Trackpoint>
     <Trackpoint><Time>2026-03-31T19:14:26.497Z</Time><HeartRateBpm><Value>136</Value></HeartRateBpm><Extensions><TPX xmlns="http://www.garmin.com/xmlschemas/ActivityExtension/v2"><Speed>0.000000</Speed></TPX></Extensions></Trackpoint>
     <Trackpoint><Time>2026-03-31T19:14:27.497Z</Time><HeartRateBpm><Value>136</Value></HeartRateBpm><Extensions><TPX xmlns="http://www.garmin.com/xmlschemas/ActivityExtension/v2"><Speed>0.000000</Speed></TPX></Extensions></Trackpoint>
     <Trackpoint><Time>2026-03-31T19:14:28.944Z</Time><HeartRateBpm><Value>132</Value></HeartRateBpm><Extensions><TPX xmlns="http://www.garmin.com/xmlschemas/ActivityExtension/v2"><Speed>0.000000</Speed></TPX></Extensions></Trackpoint>
     <Trackpoint><Time>2026-03-31T19:14:30.497Z</Time><HeartRateBpm><Value>132</Value></HeartRateBpm><Extensions><TPX xmlns="http://www.garmin.com/xmlschemas/ActivityExtension/v2"><Speed>0.000000</Speed></TPX></Extensions></Trackpoint>
     <Trackpoint><Time>2026-03-31T19:14:32.299Z</Time><HeartRateBpm><Value>132</Value></HeartRateBpm><Extensions><TPX xmlns="http://www.garmin.com/xmlschemas/ActivityExtension/v2"><Speed>0.000000</Speed></TPX></Extensions></Trackpoint>
     <Trackpoint><Time>2026-03-31T19:14:33.497Z</Time><HeartRateBpm><Value>132</Value></HeartRateBpm><Extensions><TPX xmlns="http://www.garmin.com/xmlschemas/ActivityExtension/v2"><Speed>0.000000</Speed></TPX></Extensions></Trackpoint>
     <Trackpoint><Time>2026-03-31T19:14:34.515Z</Time><HeartRateBpm><Value>136</Value></HeartRateBpm><Extensions><TPX xmlns="http://www.garmin.com/xmlschemas/ActivityExtension/v2"><Speed>0.000000</Speed></TPX></Extensions></Trackpoint>
     <Trackpoint><Time>2026-03-31T19:14:36.497Z</Time><HeartRateBpm><Value>136</Value></HeartRateBpm><Extensions><TPX xmlns="http://www.garmin.com/xmlschemas/ActivityExtension/v2"><Speed>0.000000</Speed></TPX></Extensions></Trackpoint>
     <Trackpoint><Time>2026-03-31T19:14:37.497Z</Time><HeartRateBpm><Value>136</Value></HeartRateBpm><Extensions><TPX xmlns="http://www.garmin.com/xmlschemas/ActivityExtension/v2"><Speed>0.000000</Speed></TPX></Extensions></Trackpoint>
     <Trackpoint><Time>2026-03-31T19:14:38.901Z</Time><HeartRateBpm><Value>135</Value></HeartRateBpm><Extensions><TPX xmlns="http://www.garmin.com/xmlschemas/ActivityExtension/v2"><Speed>0.000000</Speed></TPX></Extensions></Trackpoint>
     <Trackpoint><Time>2026-03-31T19:14:39.933Z</Time><HeartRateBpm><Value>135</Value></HeartRateBpm><Extensions><TPX xmlns="http://www.garmin.com/xmlschemas/ActivityExtension/v2"><Speed>0.000000</Speed></TPX></Extensions></Trackpoint>
     <Trackpoint><Time>2026-03-31T19:14:41.497Z</Time><HeartRateBpm><Value>135</Value></HeartRateBpm><Extensions><TPX xmlns="http://www.garmin.com/xmlschemas/ActivityExtension/v2"><Speed>0.000000</Speed></TPX></Extensions></Trackpoint>
     <Trackpoint><Time>2026-03-31T19:14:43.497Z</Time><HeartRateBpm><Value>135</Value></HeartRateBpm><Extensions><TPX xmlns="http://www.garmin.com/xmlschemas/ActivityExtension/v2"><Speed>0.000000</Speed></TPX></Extensions></Trackpoint>
     <Trackpoint><Time>2026-03-31T19:14:44.497Z</Time><HeartRateBpm><Value>136</Value></HeartRateBpm><Extensions><TPX xmlns="http://www.garmin.com/xmlschemas/ActivityExtension/v2"><Speed>0.000000</Speed></TPX></Extensions></Trackpoint>
     <Trackpoint><Time>2026-03-31T19:14:46.497Z</Time><HeartRateBpm><Value>136</Value></HeartRateBpm><Extensions><TPX xmlns="http://www.garmin.com/xmlschemas/ActivityExtension/v2"><Speed>0.000000</Speed></TPX></Extensions></Trackpoint>
     <Trackpoint><Time>2026-03-31T19:14:47.497Z</Time><HeartRateBpm><Value>136</Value></HeartRateBpm><Extensions><TPX xmlns="http://www.garmin.com/xmlschemas/ActivityExtension/v2"><Speed>0.000000</Speed></TPX></Extensions></Trackpoint>
     <Trackpoint><Time>2026-03-31T19:14:48.932Z</Time><HeartRateBpm><Value>136</Value></HeartRateBpm><Extensions><TPX xmlns="http://www.garmin.com/xmlschemas/ActivityExtension/v2"><Speed>0.000000</Speed></TPX></Extensions></Trackpoint>
     <Trackpoint><Time>2026-03-31T19:14:50.128Z</Time><HeartRateBpm><Value>136</Value></HeartRateBpm><Extensions><TPX xmlns="http://www.garmin.com/xmlschemas/ActivityExtension/v2"><Speed>0.000000</Speed></TPX></Extensions></Trackpoint>
     <Trackpoint><Time>2026-03-31T19:14:51.497Z</Time><HeartRateBpm><Value>136</Value></HeartRateBpm><Extensions><TPX xmlns="http://www.garmin.com/xmlschemas/ActivityExtension/v2"><Speed>0.000000</Speed></TPX></Extensions></Trackpoint>
     <Trackpoint><Time>2026-03-31T19:14:52.497Z</Time><HeartRateBpm><Value>136</Value></HeartRateBpm><Extensions><TPX xmlns="http://www.garmin.com/xmlschemas/ActivityExtension/v2"><Speed>0.000000</Speed></TPX></Extensions></Trackpoint>
     <Trackpoint><Time>2026-03-31T19:14:53.901Z</Time><HeartRateBpm><Value>134</Value></HeartRateBpm><Extensions><TPX xmlns="http://www.garmin.com/xmlschemas/ActivityExtension/v2"><Speed>0.000000</Speed></TPX></Extensions></Trackpoint>
     <Trackpoint><Time>2026-03-31T19:14:55.222Z</Time><HeartRateBpm><Value>134</Value></HeartRateBpm><Extensions><TPX xmlns="http://www.garmin.com/xmlschemas/ActivityExtension/v2"><Speed>0.000000</Speed></TPX></Extensions></Trackpoint>
     <Trackpoint><Time>2026-03-31T19:14:56.497Z</Time><HeartRateBpm><Value>134</Value></HeartRateBpm><Extensions><TPX xmlns="http://www.garmin.com/xmlschemas/ActivityExtension/v2"><Speed>0.000000</Speed></TPX></Extensions></Trackpoint>
     <Trackpoint><Time>2026-03-31T19:14:57.497Z</Time><HeartRateBpm><Value>134</Value></HeartRateBpm><Extensions><TPX xmlns="http://www.garmin.com/xmlschemas/ActivityExtension/v2"><Speed>0.000000</Speed></TPX></Extensions></Trackpoint>
     <Trackpoint><Time>2026-03-31T19:14:58.935Z</Time><HeartRateBpm><Value>134</Value></HeartRateBpm><Extensions><TPX xmlns="http://www.garmin.com/xmlschemas/ActivityExtension/v2"><Speed>0.000000</Speed></TPX></Extensions></Trackpoint>
     <Trackpoint><Time>2026-03-31T19:15:00.325Z</Time><HeartRateBpm><Value>134</Value></HeartRateBpm><Extensions><TPX xmlns="http://www.garmin.com/xmlschemas/ActivityExtension/v2"><Speed>0.000000</Speed></TPX></Extensions></Trackpoint>
     <Trackpoint><Time>2026-03-31T19:15:01.497Z</Time><HeartRateBpm><Value>134</Value></HeartRateBpm><Extensions><TPX xmlns="http://www.garmin.com/xmlschemas/ActivityExtension/v2"><Speed>0.000000</Speed></TPX></Extensions></Trackpoint>
     <Trackpoint><Time>2026-03-31T19:15:02.497Z</Time><HeartRateBpm><Value>134</Value></HeartRateBpm><Extensions><TPX xmlns="http://www.garmin.com/xmlschemas/ActivityExtension/v2"><Speed>0.000000</Speed></TPX></Extensions></Trackpoint>
     <Trackpoint><Time>2026-03-31T19:15:04.497Z</Time><HeartRateBpm><Value>134</Value></HeartRateBpm><Extensions><TPX xmlns="http://www.garmin.com/xmlschemas/ActivityExtension/v2"><Speed>0.000000</Speed></TPX></Extensions></Trackpoint>
     <Trackpoint><Time>2026-03-31T19:15:06.497Z</Time><HeartRateBpm><Value>134</Value></HeartRateBpm><Extensions><TPX xmlns="http://www.garmin.com/xmlschemas/ActivityExtension/v2"><Speed>0.000000</Speed></TPX></Extensions></Trackpoint>
     <Trackpoint><Time>2026-03-31T19:15:07.497Z</Time><HeartRateBpm><Value>134</Value></HeartRateBpm><Extensions><TPX xmlns="http://www.garmin.com/xmlschemas/ActivityExtension/v2"><Speed>0.000000</Speed></TPX></Extensions></Trackpoint>
     <Trackpoint><Time>2026-03-31T19:15:09.497Z</Time><HeartRateBpm><Value>135</Value></HeartRateBpm><Extensions><TPX xmlns="http://www.garmin.com/xmlschemas/ActivityExtension/v2"><Speed>0.000000</Speed></TPX></Extensions></Trackpoint>
     <Trackpoint><Time>2026-03-31T19:15:10.497Z</Time><HeartRateBpm><Value>135</Value></HeartRateBpm><Extensions><TPX xmlns="http://www.garmin.com/xmlschemas/ActivityExtension/v2"><Speed>0.000000</Speed></TPX></Extensions></Trackpoint>
     <Trackpoint><Time>2026-03-31T19:15:12.497Z</Time><HeartRateBpm><Value>135</Value></HeartRateBpm><Extensions><TPX xmlns="http://www.garmin.com/xmlschemas/ActivityExtension/v2"><Speed>0.000000</Speed></TPX></Extensions></Trackpoint>
     <Trackpoint><Time>2026-03-31T19:15:14.497Z</Time><HeartRateBpm><Value>138</Value></HeartRateBpm><Extensions><TPX xmlns="http://www.garmin.com/xmlschemas/ActivityExtension/v2"><Speed>0.000000</Speed></TPX></Extensions></Trackpoint>
     <Trackpoint><Time>2026-03-31T19:15:15.497Z</Time><HeartRateBpm><Value>138</Value></HeartRateBpm><Extensions><TPX xmlns="http://www.garmin.com/xmlschemas/ActivityExtension/v2"><Speed>0.000000</Speed></TPX></Extensions></Trackpoint>
     <Trackpoint><Time>2026-03-31T19:15:17.497Z</Time><HeartRateBpm><Value>138</Value></HeartRateBpm><Extensions><TPX xmlns="http://www.garmin.com/xmlschemas/ActivityExtension/v2"><Speed>0.000000</Speed></TPX></Extensions></Trackpoint>
     <Trackpoint><Time>2026-03-31T19:15:18.497Z</Time><HeartRateBpm><Value>139</Value></HeartRateBpm><Extensions><TPX xmlns="http://www.garmin.com/xmlschemas/ActivityExtension/v2"><Speed>0.000000</Speed></TPX></Extensions></Trackpoint>
     <Trackpoint><Time>2026-03-31T19:15:19.497Z</Time><HeartRateBpm><Value>139</Value></HeartRateBpm><Extensions><TPX xmlns="http://www.garmin.com/xmlschemas/ActivityExtension/v2"><Speed>0.000000</Speed></TPX></Extensions></Trackpoint>
     <Trackpoint><Time>2026-03-31T19:15:20.718Z</Time><HeartRateBpm><Value>139</Value></HeartRateBpm><Extensions><TPX xmlns="http://www.garmin.com/xmlschemas/ActivityExtension/v2"><Speed>0.000000</Speed></TPX></Extensions></Trackpoint>
     <Trackpoint><Time>2026-03-31T19:15:22.497Z</Time><HeartRateBpm><Value>139</Value></HeartRateBpm><Extensions><TPX xmlns="http://www.garmin.com/xmlschemas/ActivityExtension/v2"><Speed>0.000000</Speed></TPX></Extensions></Trackpoint>
     <Trackpoint><Time>2026-03-31T19:15:23.497Z</Time><HeartRateBpm><Value>135</Value></HeartRateBpm><Extensions><TPX xmlns="http://www.garmin.com/xmlschemas/ActivityExtension/v2"><Speed>0.000000</Speed></TPX></Extensions></Trackpoint>
     <Trackpoint><Time>2026-03-31T19:15:24.497Z</Time><HeartRateBpm><Value>135</Value></HeartRateBpm><Extensions><TPX xmlns="http://www.garmin.com/xmlschemas/ActivityExtension/v2"><Speed>0.000000</Speed></TPX></Extensions></Trackpoint>
     <Trackpoint><Time>2026-03-31T19:15:25.816Z</Time><HeartRateBpm><Value>135</Value></HeartRateBpm><Extensions><TPX xmlns="http://www.garmin.com/xmlschemas/ActivityExtension/v2"><Speed>0.000000</Speed></TPX></Extensions></Trackpoint>
     <Trackpoint><Time>2026-03-31T19:15:27.497Z</Time><HeartRateBpm><Value>135</Value></HeartRateBpm><Extensions><TPX xmlns="http://www.garmin.com/xmlschemas/ActivityExtension/v2"><Speed>0.000000</Speed></TPX></Extensions></Trackpoint>
     <Trackpoint><Time>2026-03-31T19:15:29.497Z</Time><HeartRateBpm><Value>135</Value></HeartRateBpm><Extensions><TPX xmlns="http://www.garmin.com/xmlschemas/ActivityExtension/v2"><Speed>0.000000</Speed></TPX></Extensions></Trackpoint>
     <Trackpoint><Time>2026-03-31T19:15:30.912Z</Time><HeartRateBpm><Value>135</Value></HeartRateBpm><Extensions><TPX xmlns="http://www.garmin.com/xmlschemas/ActivityExtension/v2"><Speed>0.000000</Speed></TPX></Extensions></Trackpoint>
     <Trackpoint><Time>2026-03-31T19:15:32.497Z</Time><HeartRateBpm><Value>135</Value></HeartRateBpm><Extensions><TPX xmlns="http://www.garmin.com/xmlschemas/ActivityExtension/v2"><Speed>0.000000</Speed></TPX></Extensions></Trackpoint>
     <Trackpoint><Time>2026-03-31T19:15:33.497Z</Time><HeartRateBpm><Value>138</Value></HeartRateBpm><Extensions><TPX xmlns="http://www.garmin.com/xmlschemas/ActivityExtension/v2"><Speed>0.000000</Speed></TPX></Extensions></Trackpoint>
     <Trackpoint><Time>2026-03-31T19:15:35.497Z</Time><HeartRateBpm><Value>138</Value></HeartRateBpm><Extensions><TPX xmlns="http://www.garmin.com/xmlschemas/ActivityExtension/v2"><Speed>0.000000</Speed></TPX></Extensions></Trackpoint>
     <Trackpoint><Time>2026-03-31T19:15:37.497Z</Time><HeartRateBpm><Value>138</Value></HeartRateBpm><Extensions><TPX xmlns="http://www.garmin.com/xmlschemas/ActivityExtension/v2"><Speed>0.000000</Speed></TPX></Extensions></Trackpoint>
     <Trackpoint><Time>2026-03-31T19:15:38.497Z</Time><HeartRateBpm><Value>138</Value></HeartRateBpm><Extensions><TPX xmlns="http://www.garmin.com/xmlschemas/ActivityExtension/v2"><Speed>0.000000</Speed></TPX></Extensions></Trackpoint>
     <Trackpoint><Time>2026-03-31T19:15:39.497Z</Time><HeartRateBpm><Value>140</Value></HeartRateBpm><Extensions><TPX xmlns="http://www.garmin.com/xmlschemas/ActivityExtension/v2"><Speed>0.000000</Speed></TPX></Extensions></Trackpoint>
     <Trackpoint><Time>2026-03-31T19:15:41.110Z</Time><HeartRateBpm><Value>140</Value></HeartRateBpm><Extensions><TPX xmlns="http://www.garmin.com/xmlschemas/ActivityExtension/v2"><Speed>0.000000</Speed></TPX></Extensions></Trackpoint>
     <Trackpoint><Time>2026-03-31T19:15:42.497Z</Time><HeartRateBpm><Value>140</Value></HeartRateBpm><Extensions><TPX xmlns="http://www.garmin.com/xmlschemas/ActivityExtension/v2"><Speed>0.000000</Speed></TPX></Extensions></Trackpoint>
     <Trackpoint><Time>2026-03-31T19:15:43.659Z</Time><HeartRateBpm><Value>140</Value></HeartRateBpm><Extensions><TPX xmlns="http://www.garmin.com/xmlschemas/ActivityExtension/v2"><Speed>0.000000</Speed></TPX></Extensions></Trackpoint>
     <Trackpoint><Time>2026-03-31T19:15:45.497Z</Time><HeartRateBpm><Value>139</Value></HeartRateBpm><Extensions><TPX xmlns="http://www.garmin.com/xmlschemas/ActivityExtension/v2"><Speed>0.000000</Speed></TPX></Extensions></Trackpoint>
     <Trackpoint><Time>2026-03-31T19:15:47.497Z</Time><HeartRateBpm><Value>139</Value></HeartRateBpm><Extensions><TPX xmlns="http://www.garmin.com/xmlschemas/ActivityExtension/v2"><Speed>0.000000</Speed></TPX></Extensions></Trackpoint>
     <Trackpoint><Time>2026-03-31T19:15:48.757Z</Time><HeartRateBpm><Value>139</Value></HeartRateBpm><Extensions><TPX xmlns="http://www.garmin.com/xmlschemas/ActivityExtension/v2"><Speed>0.000000</Speed></TPX></Extensions></Trackpoint>
     <Trackpoint><Time>2026-03-31T19:15:50.497Z</Time><HeartRateBpm><Value>138</Value></HeartRateBpm><Extensions><TPX xmlns="http://www.garmin.com/xmlschemas/ActivityExtension/v2"><Speed>0.000000</Speed></TPX></Extensions></Trackpoint>
     <Trackpoint><Time>2026-03-31T19:15:52.497Z</Time><HeartRateBpm><Value>138</Value></HeartRateBpm><Extensions><TPX xmlns="http://www.garmin.com/xmlschemas/ActivityExtension/v2"><Speed>0.000000</Speed></TPX></Extensions></Trackpoint>
     <Trackpoint><Time>2026-03-31T19:15:53.854Z</Time><HeartRateBpm><Value>138</Value></HeartRateBpm><Extensions><TPX xmlns="http://www.garmin.com/xmlschemas/ActivityExtension/v2"><Speed>0.000000</Speed></TPX></Extensions></Trackpoint>
     <Trackpoint><Time>2026-03-31T19:15:55.497Z</Time><HeartRateBpm><Value>138</Value></HeartRateBpm><Extensions><TPX xmlns="http://www.garmin.com/xmlschemas/ActivityExtension/v2"><Speed>0.000000</Speed></TPX></Extensions></Trackpoint>
     <Trackpoint><Time>2026-03-31T19:15:56.497Z</Time><HeartRateBpm><Value>138</Value></HeartRateBpm><Extensions><TPX xmlns="http://www.garmin.com/xmlschemas/ActivityExtension/v2"><Speed>0.000000</Speed></TPX></Extensions></Trackpoint>
     <Trackpoint><Time>2026-03-31T19:15:57.497Z</Time><HeartRateBpm><Value>138</Value></HeartRateBpm><Extensions><TPX xmlns="http://www.garmin.com/xmlschemas/ActivityExtension/v2"><Speed>0.000000</Speed></TPX></Extensions></Trackpoint>
     <Trackpoint><Time>2026-03-31T19:15:58.909Z</Time><HeartRateBpm><Value>138</Value></HeartRateBpm><Extensions><TPX xmlns="http://www.garmin.com/xmlschemas/ActivityExtension/v2"><Speed>0.000000</Speed></TPX></Extensions></Trackpoint>
     <Trackpoint><Time>2026-03-31T19:16:00.497Z</Time><HeartRateBpm><Value>140</Value></HeartRateBpm><Extensions><TPX xmlns="http://www.garmin.com/xmlschemas/ActivityExtension/v2"><Speed>0.000000</Speed></TPX></Extensions></Trackpoint>
     <Trackpoint><Time>2026-03-31T19:16:01.506Z</Time><HeartRateBpm><Value>140</Value></HeartRateBpm><Extensions><TPX xmlns="http://www.garmin.com/xmlschemas/ActivityExtension/v2"><Speed>0.000000</Speed></TPX></Extensions></Trackpoint>
     <Trackpoint><Time>2026-03-31T19:16:03.497Z</Time><HeartRateBpm><Value>140</Value></HeartRateBpm><Extensions><TPX xmlns="http://www.garmin.com/xmlschemas/ActivityExtension/v2"><Speed>0.000000</Speed></TPX></Extensions></Trackpoint>
     <Trackpoint><Time>2026-03-31T19:16:05.497Z</Time><HeartRateBpm><Value>139</Value></HeartRateBpm><Extensions><TPX xmlns="http://www.garmin.com/xmlschemas/ActivityExtension/v2"><Speed>0.000000</Speed></TPX></Extensions></Trackpoint>
     <Trackpoint><Time>2026-03-31T19:16:06.599Z</Time><HeartRateBpm><Value>139</Value></HeartRateBpm><Extensions><TPX xmlns="http://www.garmin.com/xmlschemas/ActivityExtension/v2"><Speed>0.000000</Speed></TPX></Extensions></Trackpoint>
     <Trackpoint><Time>2026-03-31T19:16:08.497Z</Time><HeartRateBpm><Value>139</Value></HeartRateBpm><Extensions><TPX xmlns="http://www.garmin.com/xmlschemas/ActivityExtension/v2"><Speed>0.000000</Speed></TPX></Extensions></Trackpoint>
     <Trackpoint><Time>2026-03-31T19:16:10.497Z</Time><HeartRateBpm><Value>134</Value></HeartRateBpm><Extensions><TPX xmlns="http://www.garmin.com/xmlschemas/ActivityExtension/v2"><Speed>0.000000</Speed></TPX></Extensions></Trackpoint>
     <Trackpoint><Time>2026-03-31T19:16:11.697Z</Time><HeartRateBpm><Value>134</Value></HeartRateBpm><Extensions><TPX xmlns="http://www.garmin.com/xmlschemas/ActivityExtension/v2"><Speed>0.000000</Speed></TPX></Extensions></Trackpoint>
     <Trackpoint><Time>2026-03-31T19:16:13.497Z</Time><HeartRateBpm><Value>134</Value></HeartRateBpm><Extensions><TPX xmlns="http://www.garmin.com/xmlschemas/ActivityExtension/v2"><Speed>0.000000</Speed></TPX></Extensions></Trackpoint>
     <Trackpoint><Time>2026-03-31T19:16:15.497Z</Time><HeartRateBpm><Value>136</Value></HeartRateBpm><Extensions><TPX xmlns="http://www.garmin.com/xmlschemas/ActivityExtension/v2"><Speed>0.000000</Speed></TPX></Extensions></Trackpoint>
     <Trackpoint><Time>2026-03-31T19:16:16.797Z</Time><HeartRateBpm><Value>136</Value></HeartRateBpm><Extensions><TPX xmlns="http://www.garmin.com/xmlschemas/ActivityExtension/v2"><Speed>0.000000</Speed></TPX></Extensions></Trackpoint>
     <Trackpoint><Time>2026-03-31T19:16:18.497Z</Time><HeartRateBpm><Value>136</Value></HeartRateBpm><Extensions><TPX xmlns="http://www.garmin.com/xmlschemas/ActivityExtension/v2"><Speed>0.000000</Speed></TPX></Extensions></Trackpoint>
     <Trackpoint><Time>2026-03-31T19:16:19.497Z</Time><HeartRateBpm><Value>137</Value></HeartRateBpm><Extensions><TPX xmlns="http://www.garmin.com/xmlschemas/ActivityExtension/v2"><Speed>0.000000</Speed></TPX></Extensions></Trackpoint>
     <Trackpoint><Time>2026-03-31T19:16:21.497Z</Time><HeartRateBpm><Value>137</Value></HeartRateBpm><Extensions><TPX xmlns="http://www.garmin.com/xmlschemas/ActivityExtension/v2"><Speed>0.000000</Speed></TPX></Extensions></Trackpoint>
     <Trackpoint><Time>2026-03-31T19:16:23.497Z</Time><HeartRateBpm><Value>137</Value></HeartRateBpm><Extensions><TPX xmlns="http://www.garmin.com/xmlschemas/ActivityExtension/v2"><Speed>0.000000</Speed></TPX></Extensions></Trackpoint>
     <Trackpoint><Time>2026-03-31T19:16:24.497Z</Time><HeartRateBpm><Value>140</Value></HeartRateBpm><Extensions><TPX xmlns="http://www.garmin.com/xmlschemas/ActivityExtension/v2"><Speed>0.000000</Speed></TPX></Extensions></Trackpoint>
     <Trackpoint><Time>2026-03-31T19:16:26.497Z</Time><HeartRateBpm><Value>140</Value></HeartRateBpm><Extensions><TPX xmlns="http://www.garmin.com/xmlschemas/ActivityExtension/v2"><Speed>0.000000</Speed></TPX></Extensions></Trackpoint>
     <Trackpoint><Time>2026-03-31T19:16:28.497Z</Time><HeartRateBpm><Value>140</Value></HeartRateBpm><Extensions><TPX xmlns="http://www.garmin.com/xmlschemas/ActivityExtension/v2"><Speed>0.000000</Speed></TPX></Extensions></Trackpoint>
     <Trackpoint><Time>2026-03-31T19:16:29.513Z</Time><HeartRateBpm><Value>140</Value></HeartRateBpm><Extensions><TPX xmlns="http://www.garmin.com/xmlschemas/ActivityExtension/v2"><Speed>0.000000</Speed></TPX></Extensions></Trackpoint>
     <Trackpoint><Time>2026-03-31T19:16:31.497Z</Time><HeartRateBpm><Value>140</Value></HeartRateBpm><Extensions><TPX xmlns="http://www.garmin.com/xmlschemas/ActivityExtension/v2"><Speed>0.000000</Speed></TPX></Extensions></Trackpoint>
     <Trackpoint><Time>2026-03-31T19:16:33.497Z</Time><HeartRateBpm><Value>140</Value></HeartRateBpm><Extensions><TPX xmlns="http://www.garmin.com/xmlschemas/ActivityExtension/v2"><Speed>0.000000</Speed></TPX></Extensions></Trackpoint>
     <Trackpoint><Time>2026-03-31T19:16:34.497Z</Time><HeartRateBpm><Value>141</Value></HeartRateBpm><Extensions><TPX xmlns="http://www.garmin.com/xmlschemas/ActivityExtension/v2"><Speed>0.000000</Speed></TPX></Extensions></Trackpoint>
     <Trackpoint><Time>2026-03-31T19:16:36.497Z</Time><HeartRateBpm><Value>141</Value></HeartRateBpm><Extensions><TPX xmlns="http://www.garmin.com/xmlschemas/ActivityExtension/v2"><Speed>0.000000</Speed></TPX></Extensions></Trackpoint>
     <Trackpoint><Time>2026-03-31T19:16:38.497Z</Time><HeartRateBpm><Value>141</Value></HeartRateBpm><Extensions><TPX xmlns="http://www.garmin.com/xmlschemas/ActivityExtension/v2"><Speed>0.000000</Speed></TPX></Extensions></Trackpoint>
     <Trackpoint><Time>2026-03-31T19:16:39.497Z</Time><HeartRateBpm><Value>140</Value></HeartRateBpm><Extensions><TPX xmlns="http://www.garmin.com/xmlschemas/ActivityExtension/v2"><Speed>0.000000</Speed></TPX></Extensions></Trackpoint>
     <Trackpoint><Time>2026-03-31T19:16:40.497Z</Time><HeartRateBpm><Value>140</Value></HeartRateBpm><Extensions><TPX xmlns="http://www.garmin.com/xmlschemas/ActivityExtension/v2"><Speed>0.000000</Speed></TPX></Extensions></Trackpoint>
     <Trackpoint><Time>2026-03-31T19:16:42.289Z</Time><HeartRateBpm><Value>140</Value></HeartRateBpm><Extensions><TPX xmlns="http://www.garmin.com/xmlschemas/ActivityExtension/v2"><Speed>0.000000</Speed></TPX></Extensions></Trackpoint>
     <Trackpoint><Time>2026-03-31T19:16:43.497Z</Time><HeartRateBpm><Value>140</Value></HeartRateBpm><Extensions><TPX xmlns="http://www.garmin.com/xmlschemas/ActivityExtension/v2"><Speed>0.000000</Speed></TPX></Extensions></Trackpoint>
     <Trackpoint><Time>2026-03-31T19:16:44.497Z</Time><HeartRateBpm><Value>138</Value></HeartRateBpm><Extensions><TPX xmlns="http://www.garmin.com/xmlschemas/ActivityExtension/v2"><Speed>0.000000</Speed></TPX></Extensions></Trackpoint>
     <Trackpoint><Time>2026-03-31T19:16:46.497Z</Time><HeartRateBpm><Value>138</Value></HeartRateBpm><Extensions><TPX xmlns="http://www.garmin.com/xmlschemas/ActivityExtension/v2"><Speed>0.000000</Speed></TPX></Extensions></Trackpoint>
     <Trackpoint><Time>2026-03-31T19:16:47.497Z</Time><HeartRateBpm><Value>138</Value></HeartRateBpm><Extensions><TPX xmlns="http://www.garmin.com/xmlschemas/ActivityExtension/v2"><Speed>0.000000</Speed></TPX></Extensions></Trackpoint>
     <Trackpoint><Time>2026-03-31T19:16:48.932Z</Time><HeartRateBpm><Value>137</Value></HeartRateBpm><Extensions><TPX xmlns="http://www.garmin.com/xmlschemas/ActivityExtension/v2"><Speed>0.000000</Speed></TPX></Extensions></Trackpoint>
     <Trackpoint><Time>2026-03-31T19:16:50.497Z</Time><HeartRateBpm><Value>137</Value></HeartRateBpm><Extensions><TPX xmlns="http://www.garmin.com/xmlschemas/ActivityExtension/v2"><Speed>0.000000</Speed></TPX></Extensions></Trackpoint>
     <Trackpoint><Time>2026-03-31T19:16:52.481Z</Time><HeartRateBpm><Value>137</Value></HeartRateBpm><Extensions><TPX xmlns="http://www.garmin.com/xmlschemas/ActivityExtension/v2"><Speed>0.000000</Speed></TPX></Extensions></Trackpoint>
     <Trackpoint><Time>2026-03-31T19:16:53.496Z</Time><HeartRateBpm><Value>137</Value></HeartRateBpm><Extensions><TPX xmlns="http://www.garmin.com/xmlschemas/ActivityExtension/v2"><Speed>0.000000</Speed></TPX></Extensions></Trackpoint>
     <Trackpoint><Time>2026-03-31T19:16:55.025Z</Time><HeartRateBpm><Value>137</Value></HeartRateBpm><Extensions><TPX xmlns="http://www.garmin.com/xmlschemas/ActivityExtension/v2"><Speed>0.000000</Speed></TPX></Extensions></Trackpoint>
     <Trackpoint><Time>2026-03-31T19:16:56.496Z</Time><HeartRateBpm><Value>137</Value></HeartRateBpm><Extensions><TPX xmlns="http://www.garmin.com/xmlschemas/ActivityExtension/v2"><Speed>0.000000</Speed></TPX></Extensions></Trackpoint>
     <Trackpoint><Time>2026-03-31T19:16:57.591Z</Time><HeartRateBpm><Value>137</Value></HeartRateBpm><Extensions><TPX xmlns="http://www.garmin.com/xmlschemas/ActivityExtension/v2"><Speed>0.000000</Speed></TPX></Extensions></Trackpoint>
     <Trackpoint><Time>2026-03-31T19:16:58.938Z</Time><HeartRateBpm><Value>139</Value></HeartRateBpm><Extensions><TPX xmlns="http://www.garmin.com/xmlschemas/ActivityExtension/v2"><Speed>0.000000</Speed></TPX></Extensions></Trackpoint>
     <Trackpoint><Time>2026-03-31T19:17:00.126Z</Time><HeartRateBpm><Value>139</Value></HeartRateBpm><Extensions><TPX xmlns="http://www.garmin.com/xmlschemas/ActivityExtension/v2"><Speed>0.000000</Speed></TPX></Extensions></Trackpoint>
     <Trackpoint><Time>2026-03-31T19:17:01.496Z</Time><HeartRateBpm><Value>139</Value></HeartRateBpm><Extensions><TPX xmlns="http://www.garmin.com/xmlschemas/ActivityExtension/v2"><Speed>0.000000</Speed></TPX></Extensions></Trackpoint>
     <Trackpoint><Time>2026-03-31T19:17:02.496Z</Time><HeartRateBpm><Value>139</Value></HeartRateBpm><Extensions><TPX xmlns="http://www.garmin.com/xmlschemas/ActivityExtension/v2"><Speed>0.000000</Speed></TPX></Extensions></Trackpoint>
     <Trackpoint><Time>2026-03-31T19:17:04.496Z</Time><HeartRateBpm><Value>139</Value></HeartRateBpm><Extensions><TPX xmlns="http://www.garmin.com/xmlschemas/ActivityExtension/v2"><Speed>0.000000</Speed></TPX></Extensions></Trackpoint>
     <Trackpoint><Time>2026-03-31T19:17:05.496Z</Time><HeartRateBpm><Value>137</Value></HeartRateBpm><Extensions><TPX xmlns="http://www.garmin.com/xmlschemas/ActivityExtension/v2"><Speed>0.000000</Speed></TPX></Extensions></Trackpoint>
     <Trackpoint><Time>2026-03-31T19:17:07.496Z</Time><HeartRateBpm><Value>137</Value></HeartRateBpm><Extensions><TPX xmlns="http://www.garmin.com/xmlschemas/ActivityExtension/v2"><Speed>0.000000</Speed></TPX></Extensions></Trackpoint>
     <Trackpoint><Time>2026-03-31T19:17:08.933Z</Time><HeartRateBpm><Value>138</Value></HeartRateBpm><Extensions><TPX xmlns="http://www.garmin.com/xmlschemas/ActivityExtension/v2"><Speed>0.000000</Speed></TPX></Extensions></Trackpoint>
     <Trackpoint><Time>2026-03-31T19:17:10.321Z</Time><HeartRateBpm><Value>138</Value></HeartRateBpm><Extensions><TPX xmlns="http://www.garmin.com/xmlschemas/ActivityExtension/v2"><Speed>0.000000</Speed></TPX></Extensions></Trackpoint>
     <Trackpoint><Time>2026-03-31T19:17:11.496Z</Time><HeartRateBpm><Value>138</Value></HeartRateBpm><Extensions><TPX xmlns="http://www.garmin.com/xmlschemas/ActivityExtension/v2"><Speed>0.000000</Speed></TPX></Extensions></Trackpoint>
     <Trackpoint><Time>2026-03-31T19:17:12.496Z</Time><HeartRateBpm><Value>138</Value></HeartRateBpm><Extensions><TPX xmlns="http://www.garmin.com/xmlschemas/ActivityExtension/v2"><Speed>0.000000</Speed></TPX></Extensions></Trackpoint>
     <Trackpoint><Time>2026-03-31T19:17:13.900Z</Time><HeartRateBpm><Value>139</Value></HeartRateBpm><Extensions><TPX xmlns="http://www.garmin.com/xmlschemas/ActivityExtension/v2"><Speed>0.000000</Speed></TPX></Extensions></Trackpoint>
     <Trackpoint><Time>2026-03-31T19:17:15.420Z</Time><HeartRateBpm><Value>139</Value></HeartRateBpm><Extensions><TPX xmlns="http://www.garmin.com/xmlschemas/ActivityExtension/v2"><Speed>0.000000</Speed></TPX></Extensions></Trackpoint>
     <Trackpoint><Time>2026-03-31T19:17:16.496Z</Time><HeartRateBpm><Value>139</Value></HeartRateBpm><Extensions><TPX xmlns="http://www.garmin.com/xmlschemas/ActivityExtension/v2"><Speed>0.000000</Speed></TPX></Extensions></Trackpoint>
     <Trackpoint><Time>2026-03-31T19:17:17.497Z</Time><HeartRateBpm><Value>139</Value></HeartRateBpm><Extensions><TPX xmlns="http://www.garmin.com/xmlschemas/ActivityExtension/v2"><Speed>0.000000</Speed></TPX></Extensions></Trackpoint>
     <Trackpoint><Time>2026-03-31T19:17:19.496Z</Time><HeartRateBpm><Value>139</Value></HeartRateBpm><Extensions><TPX xmlns="http://www.garmin.com/xmlschemas/ActivityExtension/v2"><Speed>0.000000</Speed></TPX></Extensions></Trackpoint>
     <Trackpoint><Time>2026-03-31T19:17:20.496Z</Time><HeartRateBpm><Value>136</Value></HeartRateBpm><Extensions><TPX xmlns="http://www.garmin.com/xmlschemas/ActivityExtension/v2"><Speed>0.000000</Speed></TPX></Extensions></Trackpoint>
     <Trackpoint><Time>2026-03-31T19:17:22.496Z</Time><HeartRateBpm><Value>136</Value></HeartRateBpm><Extensions><TPX xmlns="http://www.garmin.com/xmlschemas/ActivityExtension/v2"><Speed>0.000000</Speed></TPX></Extensions></Trackpoint>
     <Trackpoint><Time>2026-03-31T19:17:24.496Z</Time><HeartRateBpm><Value>137</Value></HeartRateBpm><Extensions><TPX xmlns="http://www.garmin.com/xmlschemas/ActivityExtension/v2"><Speed>0.000000</Speed></TPX></Extensions></Trackpoint>
     <Trackpoint><Time>2026-03-31T19:17:25.614Z</Time><HeartRateBpm><Value>137</Value></HeartRateBpm><Extensions><TPX xmlns="http://www.garmin.com/xmlschemas/ActivityExtension/v2"><Speed>0.000000</Speed></TPX></Extensions></Trackpoint>
     <Trackpoint><Time>2026-03-31T19:17:27.496Z</Time><HeartRateBpm><Value>137</Value></HeartRateBpm><Extensions><TPX xmlns="http://www.garmin.com/xmlschemas/ActivityExtension/v2"><Speed>0.000000</Speed></TPX></Extensions></Trackpoint>
     <Trackpoint><Time>2026-03-31T19:17:29.496Z</Time><HeartRateBpm><Value>137</Value></HeartRateBpm><Extensions><TPX xmlns="http://www.garmin.com/xmlschemas/ActivityExtension/v2"><Speed>0.000000</Speed></TPX></Extensions></Trackpoint>
     <Trackpoint><Time>2026-03-31T19:17:30.496Z</Time><HeartRateBpm><Value>137</Value></HeartRateBpm><Extensions><TPX xmlns="http://www.garmin.com/xmlschemas/ActivityExtension/v2"><Speed>0.000000</Speed></TPX></Extensions></Trackpoint>
     <Trackpoint><Time>2026-03-31T19:17:32.496Z</Time><HeartRateBpm><Value>137</Value></HeartRateBpm><Extensions><TPX xmlns="http://www.garmin.com/xmlschemas/ActivityExtension/v2"><Speed>0.000000</Speed></TPX></Extensions></Trackpoint>
     <Trackpoint><Time>2026-03-31T19:17:33.496Z</Time><HeartRateBpm><Value>138</Value></HeartRateBpm><Extensions><TPX xmlns="http://www.garmin.com/xmlschemas/ActivityExtension/v2"><Speed>0.000000</Speed></TPX></Extensions></Trackpoint>
     <Trackpoint><Time>2026-03-31T19:17:35.496Z</Time><HeartRateBpm><Value>138</Value></HeartRateBpm><Extensions><TPX xmlns="http://www.garmin.com/xmlschemas/ActivityExtension/v2"><Speed>0.000000</Speed></TPX></Extensions></Trackpoint>
     <Trackpoint><Time>2026-03-31T19:17:37.496Z</Time><HeartRateBpm><Value>138</Value></HeartRateBpm><Extensions><TPX xmlns="http://www.garmin.com/xmlschemas/ActivityExtension/v2"><Speed>0.000000</Speed></TPX></Extensions></Trackpoint>
     <Trackpoint><Time>2026-03-31T19:17:38.496Z</Time><HeartRateBpm><Value>139</Value></HeartRateBpm><Extensions><TPX xmlns="http://www.garmin.com/xmlschemas/ActivityExtension/v2"><Speed>0.000000</Speed></TPX></Extensions></Trackpoint>
     <Trackpoint><Time>2026-03-31T19:17:40.496Z</Time><HeartRateBpm><Value>139</Value></HeartRateBpm><Extensions><TPX xmlns="http://www.garmin.com/xmlschemas/ActivityExtension/v2"><Speed>0.000000</Speed></TPX></Extensions></Trackpoint>
     <Trackpoint><Time>2026-03-31T19:17:42.495Z</Time><HeartRateBpm><Value>139</Value></HeartRateBpm><Extensions><TPX xmlns="http://www.garmin.com/xmlschemas/ActivityExtension/v2"><Speed>0.000000</Speed></TPX></Extensions></Trackpoint>
     <Trackpoint><Time>2026-03-31T19:17:43.496Z</Time><HeartRateBpm><Value>139</Value></HeartRateBpm><Extensions><TPX xmlns="http://www.garmin.com/xmlschemas/ActivityExtension/v2"><Speed>0.000000</Speed></TPX></Extensions></Trackpoint>
     <Trackpoint><Time>2026-03-31T19:17:44.528Z</Time><HeartRateBpm><Value>137</Value></HeartRateBpm><Extensions><TPX xmlns="http://www.garmin.com/xmlschemas/ActivityExtension/v2"><Speed>0.000000</Speed></TPX></Extensions></Trackpoint>
     <Trackpoint><Time>2026-03-31T19:17:46.003Z</Time><HeartRateBpm><Value>137</Value></HeartRateBpm><Extensions><TPX xmlns="http://www.garmin.com/xmlschemas/ActivityExtension/v2"><Speed>0.000000</Speed></TPX></Extensions></Trackpoint>
     <Trackpoint><Time>2026-03-31T19:17:47.496Z</Time><HeartRateBpm><Value>137</Value></HeartRateBpm><Extensions><TPX xmlns="http://www.garmin.com/xmlschemas/ActivityExtension/v2"><Speed>0.000000</Speed></TPX></Extensions></Trackpoint>
     <Trackpoint><Time>2026-03-31T19:17:48.551Z</Time><HeartRateBpm><Value>137</Value></HeartRateBpm><Extensions><TPX xmlns="http://www.garmin.com/xmlschemas/ActivityExtension/v2"><Speed>0.000000</Speed></TPX></Extensions></Trackpoint>
     <Trackpoint><Time>2026-03-31T19:17:50.496Z</Time><HeartRateBpm><Value>136</Value></HeartRateBpm><Extensions><TPX xmlns="http://www.garmin.com/xmlschemas/ActivityExtension/v2"><Speed>0.000000</Speed></TPX></Extensions></Trackpoint>
     <Trackpoint><Time>2026-03-31T19:17:52.496Z</Time><HeartRateBpm><Value>136</Value></HeartRateBpm><Extensions><TPX xmlns="http://www.garmin.com/xmlschemas/ActivityExtension/v2"><Speed>0.000000</Speed></TPX></Extensions></Trackpoint>
     <Trackpoint><Time>2026-03-31T19:17:53.496Z</Time><HeartRateBpm><Value>136</Value></HeartRateBpm><Extensions><TPX xmlns="http://www.garmin.com/xmlschemas/ActivityExtension/v2"><Speed>0.000000</Speed></TPX></Extensions></Trackpoint>
     <Trackpoint><Time>2026-03-31T19:17:55.496Z</Time><HeartRateBpm><Value>137</Value></HeartRateBpm><Extensions><TPX xmlns="http://www.garmin.com/xmlschemas/ActivityExtension/v2"><Speed>0.000000</Speed></TPX></Extensions></Trackpoint>
     <Trackpoint><Time>2026-03-31T19:17:56.496Z</Time><HeartRateBpm><Value>137</Value></HeartRateBpm><Extensions><TPX xmlns="http://www.garmin.com/xmlschemas/ActivityExtension/v2"><Speed>0.000000</Speed></TPX></Extensions></Trackpoint>
     <Trackpoint><Time>2026-03-31T19:17:57.496Z</Time><HeartRateBpm><Value>137</Value></HeartRateBpm><Extensions><TPX xmlns="http://www.garmin.com/xmlschemas/ActivityExtension/v2"><Speed>0.000000</Speed></TPX></Extensions></Trackpoint>
     <Trackpoint><Time>2026-03-31T19:17:58.802Z</Time><HeartRateBpm><Value>137</Value></HeartRateBpm><Extensions><TPX xmlns="http://www.garmin.com/xmlschemas/ActivityExtension/v2"><Speed>0.000000</Speed></TPX></Extensions></Trackpoint>
     <Trackpoint><Time>2026-03-31T19:18:00.496Z</Time><HeartRateBpm><Value>137</Value></HeartRateBpm><Extensions><TPX xmlns="http://www.garmin.com/xmlschemas/ActivityExtension/v2"><Speed>0.000000</Speed></TPX></Extensions></Trackpoint>
     <Trackpoint><Time>2026-03-31T19:18:02.496Z</Time><HeartRateBpm><Value>137</Value></HeartRateBpm><Extensions><TPX xmlns="http://www.garmin.com/xmlschemas/ActivityExtension/v2"><Speed>0.000000</Speed></TPX></Extensions></Trackpoint>
     <Trackpoint><Time>2026-03-31T19:18:03.851Z</Time><HeartRateBpm><Value>137</Value></HeartRateBpm><Extensions><TPX xmlns="http://www.garmin.com/xmlschemas/ActivityExtension/v2"><Speed>0.000000</Speed></TPX></Extensions></Trackpoint>
     <Trackpoint><Time>2026-03-31T19:18:05.496Z</Time><HeartRateBpm><Value>137</Value></HeartRateBpm><Extensions><TPX xmlns="http://www.garmin.com/xmlschemas/ActivityExtension/v2"><Speed>0.000000</Speed></TPX></Extensions></Trackpoint>
     <Trackpoint><Time>2026-03-31T19:18:06.496Z</Time><HeartRateBpm><Value>137</Value></HeartRateBpm><Extensions><TPX xmlns="http://www.garmin.com/xmlschemas/ActivityExtension/v2"><Speed>0.000000</Speed></TPX></Extensions></Trackpoint>
     <Trackpoint><Time>2026-03-31T19:18:08.496Z</Time><HeartRateBpm><Value>137</Value></HeartRateBpm><Extensions><TPX xmlns="http://www.garmin.com/xmlschemas/ActivityExtension/v2"><Speed>0.000000</Speed></TPX></Extensions></Trackpoint>
     <Trackpoint><Time>2026-03-31T19:18:10.496Z</Time><HeartRateBpm><Value>130</Value></HeartRateBpm><Extensions><TPX xmlns="http://www.garmin.com/xmlschemas/ActivityExtension/v2"><Speed>0.000000</Speed></TPX></Extensions></Trackpoint>
     <Trackpoint><Time>2026-03-31T19:18:12.496Z</Time><HeartRateBpm><Value>130</Value></HeartRateBpm><Extensions><TPX xmlns="http://www.garmin.com/xmlschemas/ActivityExtension/v2"><Speed>0.000000</Speed></TPX></Extensions></Trackpoint>
     <Trackpoint><Time>2026-03-31T19:18:14.047Z</Time><HeartRateBpm><Value>130</Value></HeartRateBpm><Extensions><TPX xmlns="http://www.garmin.com/xmlschemas/ActivityExtension/v2"><Speed>0.000000</Speed></TPX></Extensions></Trackpoint>
     <Trackpoint><Time>2026-03-31T19:18:15.496Z</Time><HeartRateBpm><Value>134</Value></HeartRateBpm><Extensions><TPX xmlns="http://www.garmin.com/xmlschemas/ActivityExtension/v2"><Speed>0.000000</Speed></TPX></Extensions></Trackpoint>
     <Trackpoint><Time>2026-03-31T19:18:16.496Z</Time><HeartRateBpm><Value>134</Value></HeartRateBpm><Extensions><TPX xmlns="http://www.garmin.com/xmlschemas/ActivityExtension/v2"><Speed>0.000000</Speed></TPX></Extensions></Trackpoint>
     <Trackpoint><Time>2026-03-31T19:18:18.496Z</Time><HeartRateBpm><Value>134</Value></HeartRateBpm><Extensions><TPX xmlns="http://www.garmin.com/xmlschemas/ActivityExtension/v2"><Speed>0.000000</Speed></TPX></Extensions></Trackpoint>
     <Trackpoint><Time>2026-03-31T19:18:19.496Z</Time><HeartRateBpm><Value>135</Value></HeartRateBpm><Extensions><TPX xmlns="http://www.garmin.com/xmlschemas/ActivityExtension/v2"><Speed>0.000000</Speed></TPX></Extensions></Trackpoint>
     <Trackpoint><Time>2026-03-31T19:18:20.496Z</Time><HeartRateBpm><Value>135</Value></HeartRateBpm><Extensions><TPX xmlns="http://www.garmin.com/xmlschemas/ActivityExtension/v2"><Speed>0.000000</Speed></TPX></Extensions></Trackpoint>
     <Trackpoint><Time>2026-03-31T19:18:21.701Z</Time><HeartRateBpm><Value>135</Value></HeartRateBpm><Extensions><TPX xmlns="http://www.garmin.com/xmlschemas/ActivityExtension/v2"><Speed>0.000000</Speed></TPX></Extensions></Trackpoint>
     <Trackpoint><Time>2026-03-31T19:18:23.496Z</Time><HeartRateBpm><Value>135</Value></HeartRateBpm><Extensions><TPX xmlns="http://www.garmin.com/xmlschemas/ActivityExtension/v2"><Speed>0.000000</Speed></TPX></Extensions></Trackpoint>
     <Trackpoint><Time>2026-03-31T19:18:25.496Z</Time><HeartRateBpm><Value>136</Value></HeartRateBpm><Extensions><TPX xmlns="http://www.garmin.com/xmlschemas/ActivityExtension/v2"><Speed>0.000000</Speed></TPX></Extensions></Trackpoint>
     <Trackpoint><Time>2026-03-31T19:18:26.496Z</Time><HeartRateBpm><Value>136</Value></HeartRateBpm><Extensions><TPX xmlns="http://www.garmin.com/xmlschemas/ActivityExtension/v2"><Speed>0.000000</Speed></TPX></Extensions></Trackpoint>
     <Trackpoint><Time>2026-03-31T19:18:28.496Z</Time><HeartRateBpm><Value>136</Value></HeartRateBpm><Extensions><TPX xmlns="http://www.garmin.com/xmlschemas/ActivityExtension/v2"><Speed>0.000000</Speed></TPX></Extensions></Trackpoint>
     <Trackpoint><Time>2026-03-31T19:18:30.496Z</Time><HeartRateBpm><Value>138</Value></HeartRateBpm><Extensions><TPX xmlns="http://www.garmin.com/xmlschemas/ActivityExtension/v2"><Speed>0.000000</Speed></TPX></Extensions></Trackpoint>
     <Trackpoint><Time>2026-03-31T19:18:31.885Z</Time><HeartRateBpm><Value>138</Value></HeartRateBpm><Extensions><TPX xmlns="http://www.garmin.com/xmlschemas/ActivityExtension/v2"><Speed>0.000000</Speed></TPX></Extensions></Trackpoint>
     <Trackpoint><Time>2026-03-31T19:18:33.496Z</Time><HeartRateBpm><Value>138</Value></HeartRateBpm><Extensions><TPX xmlns="http://www.garmin.com/xmlschemas/ActivityExtension/v2"><Speed>0.000000</Speed></TPX></Extensions></Trackpoint>
     <Trackpoint><Time>2026-03-31T19:18:35.496Z</Time><HeartRateBpm><Value>138</Value></HeartRateBpm><Extensions><TPX xmlns="http://www.garmin.com/xmlschemas/ActivityExtension/v2"><Speed>0.000000</Speed></TPX></Extensions></Trackpoint>
     <Trackpoint><Time>2026-03-31T19:18:36.496Z</Time><HeartRateBpm><Value>138</Value></HeartRateBpm><Extensions><TPX xmlns="http://www.garmin.com/xmlschemas/ActivityExtension/v2"><Speed>0.000000</Speed></TPX></Extensions></Trackpoint>
     <Trackpoint><Time>2026-03-31T19:18:38.496Z</Time><HeartRateBpm><Value>138</Value></HeartRateBpm><Extensions><TPX xmlns="http://www.garmin.com/xmlschemas/ActivityExtension/v2"><Speed>0.000000</Speed></TPX></Extensions></Trackpoint>
     <Trackpoint><Time>2026-03-31T19:18:39.496Z</Time><HeartRateBpm><Value>139</Value></HeartRateBpm><Extensions><TPX xmlns="http://www.garmin.com/xmlschemas/ActivityExtension/v2"><Speed>0.000000</Speed></TPX></Extensions></Trackpoint>
     <Trackpoint><Time>2026-03-31T19:18:40.496Z</Time><HeartRateBpm><Value>139</Value></HeartRateBpm><Extensions><TPX xmlns="http://www.garmin.com/xmlschemas/ActivityExtension/v2"><Speed>0.000000</Speed></TPX></Extensions></Trackpoint>
     <Trackpoint><Time>2026-03-31T19:18:42.084Z</Time><HeartRateBpm><Value>139</Value></HeartRateBpm><Extensions><TPX xmlns="http://www.garmin.com/xmlschemas/ActivityExtension/v2"><Speed>0.000000</Speed></TPX></Extensions></Trackpoint>
     <Trackpoint><Time>2026-03-31T19:18:43.496Z</Time><HeartRateBpm><Value>139</Value></HeartRateBpm><Extensions><TPX xmlns="http://www.garmin.com/xmlschemas/ActivityExtension/v2"><Speed>0.000000</Speed></TPX></Extensions></Trackpoint>
     <Trackpoint><Time>2026-03-31T19:18:44.496Z</Time><HeartRateBpm><Value>136</Value></HeartRateBpm><Extensions><TPX xmlns="http://www.garmin.com/xmlschemas/ActivityExtension/v2"><Speed>0.000000</Speed></TPX></Extensions></Trackpoint>
     <Trackpoint><Time>2026-03-31T19:18:45.496Z</Time><HeartRateBpm><Value>136</Value></HeartRateBpm><Extensions><TPX xmlns="http://www.garmin.com/xmlschemas/ActivityExtension/v2"><Speed>0.000000</Speed></TPX></Extensions></Trackpoint>
     <Trackpoint><Time>2026-03-31T19:18:47.180Z</Time><HeartRateBpm><Value>136</Value></HeartRateBpm><Extensions><TPX xmlns="http://www.garmin.com/xmlschemas/ActivityExtension/v2"><Speed>0.000000</Speed></TPX></Extensions></Trackpoint>
     <Trackpoint><Time>2026-03-31T19:18:48.496Z</Time><HeartRateBpm><Value>136</Value></HeartRateBpm><Extensions><TPX xmlns="http://www.garmin.com/xmlschemas/ActivityExtension/v2"><Speed>0.000000</Speed></TPX></Extensions></Trackpoint>
     <Trackpoint><Time>2026-03-31T19:18:49.496Z</Time><HeartRateBpm><Value>135</Value></HeartRateBpm><Extensions><TPX xmlns="http://www.garmin.com/xmlschemas/ActivityExtension/v2"><Speed>0.000000</Speed></TPX></Extensions></Trackpoint>
     <Trackpoint><Time>2026-03-31T19:18:51.496Z</Time><HeartRateBpm><Value>135</Value></HeartRateBpm><Extensions><TPX xmlns="http://www.garmin.com/xmlschemas/ActivityExtension/v2"><Speed>0.000000</Speed></TPX></Extensions></Trackpoint>
     <Trackpoint><Time>2026-03-31T19:18:53.496Z</Time><HeartRateBpm><Value>135</Value></HeartRateBpm><Extensions><TPX xmlns="http://www.garmin.com/xmlschemas/ActivityExtension/v2"><Speed>0.000000</Speed></TPX></Extensions></Trackpoint>
     <Trackpoint><Time>2026-03-31T19:18:54.496Z</Time><HeartRateBpm><Value>135</Value></HeartRateBpm><Extensions><TPX xmlns="http://www.garmin.com/xmlschemas/ActivityExtension/v2"><Speed>0.000000</Speed></TPX></Extensions></Trackpoint>
     <Trackpoint><Time>2026-03-31T19:18:56.496Z</Time><HeartRateBpm><Value>132</Value></HeartRateBpm><Extensions><TPX xmlns="http://www.garmin.com/xmlschemas/ActivityExtension/v2"><Speed>0.000000</Speed></TPX></Extensions></Trackpoint>
     <Trackpoint><Time>2026-03-31T19:18:57.496Z</Time><HeartRateBpm><Value>132</Value></HeartRateBpm><Extensions><TPX xmlns="http://www.garmin.com/xmlschemas/ActivityExtension/v2"><Speed>0.000000</Speed></TPX></Extensions></Trackpoint>
     <Trackpoint><Time>2026-03-31T19:18:58.936Z</Time><HeartRateBpm><Value>132</Value></HeartRateBpm><Extensions><TPX xmlns="http://www.garmin.com/xmlschemas/ActivityExtension/v2"><Speed>0.000000</Speed></TPX></Extensions></Trackpoint>
     <Trackpoint><Time>2026-03-31T19:19:00.496Z</Time><HeartRateBpm><Value>132</Value></HeartRateBpm><Extensions><TPX xmlns="http://www.garmin.com/xmlschemas/ActivityExtension/v2"><Speed>0.000000</Speed></TPX></Extensions></Trackpoint>
     <Trackpoint><Time>2026-03-31T19:19:02.471Z</Time><HeartRateBpm><Value>132</Value></HeartRateBpm><Extensions><TPX xmlns="http://www.garmin.com/xmlschemas/ActivityExtension/v2"><Speed>0.000000</Speed></TPX></Extensions></Trackpoint>
     <Trackpoint><Time>2026-03-31T19:19:03.496Z</Time><HeartRateBpm><Value>132</Value></HeartRateBpm><Extensions><TPX xmlns="http://www.garmin.com/xmlschemas/ActivityExtension/v2"><Speed>0.000000</Speed></TPX></Extensions></Trackpoint>
     <Trackpoint><Time>2026-03-31T19:19:05.026Z</Time><HeartRateBpm><Value>131</Value></HeartRateBpm><Extensions><TPX xmlns="http://www.garmin.com/xmlschemas/ActivityExtension/v2"><Speed>0.000000</Speed></TPX></Extensions></Trackpoint>
     <Trackpoint><Time>2026-03-31T19:19:06.496Z</Time><HeartRateBpm><Value>131</Value></HeartRateBpm><Extensions><TPX xmlns="http://www.garmin.com/xmlschemas/ActivityExtension/v2"><Speed>0.000000</Speed></TPX></Extensions></Trackpoint>
     <Trackpoint><Time>2026-03-31T19:19:07.576Z</Time><HeartRateBpm><Value>131</Value></HeartRateBpm><Extensions><TPX xmlns="http://www.garmin.com/xmlschemas/ActivityExtension/v2"><Speed>0.000000</Speed></TPX></Extensions></Trackpoint>
     <Trackpoint><Time>2026-03-31T19:19:08.905Z</Time><HeartRateBpm><Value>131</Value></HeartRateBpm><Extensions><TPX xmlns="http://www.garmin.com/xmlschemas/ActivityExtension/v2"><Speed>0.000000</Speed></TPX></Extensions></Trackpoint>
     <Trackpoint><Time>2026-03-31T19:19:10.120Z</Time><HeartRateBpm><Value>131</Value></HeartRateBpm><Extensions><TPX xmlns="http://www.garmin.com/xmlschemas/ActivityExtension/v2"><Speed>0.000000</Speed></TPX></Extensions></Trackpoint>
     <Trackpoint><Time>2026-03-31T19:19:11.496Z</Time><HeartRateBpm><Value>131</Value></HeartRateBpm><Extensions><TPX xmlns="http://www.garmin.com/xmlschemas/ActivityExtension/v2"><Speed>0.000000</Speed></TPX></Extensions></Trackpoint>
     <Trackpoint><Time>2026-03-31T19:19:12.496Z</Time><HeartRateBpm><Value>131</Value></HeartRateBpm><Extensions><TPX xmlns="http://www.garmin.com/xmlschemas/ActivityExtension/v2"><Speed>0.000000</Speed></TPX></Extensions></Trackpoint>
     <Trackpoint><Time>2026-03-31T19:19:14.496Z</Time><HeartRateBpm><Value>131</Value></HeartRateBpm><Extensions><TPX xmlns="http://www.garmin.com/xmlschemas/ActivityExtension/v2"><Speed>0.000000</Speed></TPX></Extensions></Trackpoint>
     <Trackpoint><Time>2026-03-31T19:19:16.496Z</Time><HeartRateBpm><Value>136</Value></HeartRateBpm><Extensions><TPX xmlns="http://www.garmin.com/xmlschemas/ActivityExtension/v2"><Speed>0.000000</Speed></TPX></Extensions></Trackpoint>
     <Trackpoint><Time>2026-03-31T19:19:17.496Z</Time><HeartRateBpm><Value>136</Value></HeartRateBpm><Extensions><TPX xmlns="http://www.garmin.com/xmlschemas/ActivityExtension/v2"><Speed>0.000000</Speed></TPX></Extensions></Trackpoint>
     <Trackpoint><Time>2026-03-31T19:19:18.901Z</Time><HeartRateBpm><Value>136</Value></HeartRateBpm><Extensions><TPX xmlns="http://www.garmin.com/xmlschemas/ActivityExtension/v2"><Speed>0.000000</Speed></TPX></Extensions></Trackpoint>
     <Trackpoint><Time>2026-03-31T19:19:20.316Z</Time><HeartRateBpm><Value>136</Value></HeartRateBpm><Extensions><TPX xmlns="http://www.garmin.com/xmlschemas/ActivityExtension/v2"><Speed>0.000000</Speed></TPX></Extensions></Trackpoint>
     <Trackpoint><Time>2026-03-31T19:19:21.496Z</Time><HeartRateBpm><Value>136</Value></HeartRateBpm><Extensions><TPX xmlns="http://www.garmin.com/xmlschemas/ActivityExtension/v2"><Speed>0.000000</Speed></TPX></Extensions></Trackpoint>
     <Trackpoint><Time>2026-03-31T19:19:22.496Z</Time><HeartRateBpm><Value>136</Value></HeartRateBpm><Extensions><TPX xmlns="http://www.garmin.com/xmlschemas/ActivityExtension/v2"><Speed>0.000000</Speed></TPX></Extensions></Trackpoint>
     <Trackpoint><Time>2026-03-31T19:19:23.899Z</Time><HeartRateBpm><Value>139</Value></HeartRateBpm><Extensions><TPX xmlns="http://www.garmin.com/xmlschemas/ActivityExtension/v2"><Speed>0.000000</Speed></TPX></Extensions></Trackpoint>
     <Trackpoint><Time>2026-03-31T19:19:25.414Z</Time><HeartRateBpm><Value>139</Value></HeartRateBpm><Extensions><TPX xmlns="http://www.garmin.com/xmlschemas/ActivityExtension/v2"><Speed>0.000000</Speed></TPX></Extensions></Trackpoint>
     <Trackpoint><Time>2026-03-31T19:19:26.496Z</Time><HeartRateBpm><Value>139</Value></HeartRateBpm><Extensions><TPX xmlns="http://www.garmin.com/xmlschemas/ActivityExtension/v2"><Speed>0.000000</Speed></TPX></Extensions></Trackpoint>
     <Trackpoint><Time>2026-03-31T19:19:27.964Z</Time><HeartRateBpm><Value>139</Value></HeartRateBpm><Extensions><TPX xmlns="http://www.garmin.com/xmlschemas/ActivityExtension/v2"><Speed>0.000000</Speed></TPX></Extensions></Trackpoint>
     <Trackpoint><Time>2026-03-31T19:19:29.496Z</Time><HeartRateBpm><Value>139</Value></HeartRateBpm><Extensions><TPX xmlns="http://www.garmin.com/xmlschemas/ActivityExtension/v2"><Speed>0.000000</Speed></TPX></Extensions></Trackpoint>
     <Trackpoint><Time>2026-03-31T19:19:30.496Z</Time><HeartRateBpm><Value>138</Value></HeartRateBpm><Extensions><TPX xmlns="http://www.garmin.com/xmlschemas/ActivityExtension/v2"><Speed>0.000000</Speed></TPX></Extensions></Trackpoint>
     <Trackpoint><Time>2026-03-31T19:19:32.496Z</Time><HeartRateBpm><Value>138</Value></HeartRateBpm><Extensions><TPX xmlns="http://www.garmin.com/xmlschemas/ActivityExtension/v2"><Speed>0.000000</Speed></TPX></Extensions></Trackpoint>
     <Trackpoint><Time>2026-03-31T19:19:34.496Z</Time><HeartRateBpm><Value>139</Value></HeartRateBpm><Extensions><TPX xmlns="http://www.garmin.com/xmlschemas/ActivityExtension/v2"><Speed>0.000000</Speed></TPX></Extensions></Trackpoint>
     <Trackpoint><Time>2026-03-31T19:19:35.613Z</Time><HeartRateBpm><Value>139</Value></HeartRateBpm><Extensions><TPX xmlns="http://www.garmin.com/xmlschemas/ActivityExtension/v2"><Speed>0.000000</Speed></TPX></Extensions></Trackpoint>
     <Trackpoint><Time>2026-03-31T19:19:37.496Z</Time><HeartRateBpm><Value>139</Value></HeartRateBpm><Extensions><TPX xmlns="http://www.garmin.com/xmlschemas/ActivityExtension/v2"><Speed>0.000000</Speed></TPX></Extensions></Trackpoint>
     <Trackpoint><Time>2026-03-31T19:19:38.496Z</Time><HeartRateBpm><Value>138</Value></HeartRateBpm><Extensions><TPX xmlns="http://www.garmin.com/xmlschemas/ActivityExtension/v2"><Speed>0.000000</Speed></TPX></Extensions></Trackpoint>
     <Trackpoint><Time>2026-03-31T19:19:40.496Z</Time><HeartRateBpm><Value>138</Value></HeartRateBpm><Extensions><TPX xmlns="http://www.garmin.com/xmlschemas/ActivityExtension/v2"><Speed>0.000000</Speed></TPX></Extensions></Trackpoint>
     <Trackpoint><Time>2026-03-31T19:19:42.496Z</Time><HeartRateBpm><Value>138</Value></HeartRateBpm><Extensions><TPX xmlns="http://www.garmin.com/xmlschemas/ActivityExtension/v2"><Speed>0.000000</Speed></TPX></Extensions></Trackpoint>
     <Trackpoint><Time>2026-03-31T19:19:44.496Z</Time><HeartRateBpm><Value>138</Value></HeartRateBpm><Extensions><TPX xmlns="http://www.garmin.com/xmlschemas/ActivityExtension/v2"><Speed>0.000000</Speed></TPX></Extensions></Trackpoint>
     <Trackpoint><Time>2026-03-31T19:19:45.496Z</Time><HeartRateBpm><Value>138</Value></HeartRateBpm><Extensions><TPX xmlns="http://www.garmin.com/xmlschemas/ActivityExtension/v2"><Speed>0.000000</Speed></TPX></Extensions></Trackpoint>
     <Trackpoint><Time>2026-03-31T19:19:47.496Z</Time><HeartRateBpm><Value>138</Value></HeartRateBpm><Extensions><TPX xmlns="http://www.garmin.com/xmlschemas/ActivityExtension/v2"><Speed>0.000000</Speed></TPX></Extensions></Trackpoint>
     <Trackpoint><Time>2026-03-31T19:19:49.496Z</Time><HeartRateBpm><Value>138</Value></HeartRateBpm><Extensions><TPX xmlns="http://www.garmin.com/xmlschemas/ActivityExtension/v2"><Speed>0.000000</Speed></TPX></Extensions></Trackpoint>
     <Trackpoint><Time>2026-03-31T19:19:50.496Z</Time><HeartRateBpm><Value>138</Value></HeartRateBpm><Extensions><TPX xmlns="http://www.garmin.com/xmlschemas/ActivityExtension/v2"><Speed>0.000000</Speed></TPX></Extensions></Trackpoint>
     <Trackpoint><Time>2026-03-31T19:19:52.496Z</Time><HeartRateBpm><Value>138</Value></HeartRateBpm><Extensions><TPX xmlns="http://www.garmin.com/xmlschemas/ActivityExtension/v2"><Speed>0.000000</Speed></TPX></Extensions></Trackpoint>
     <Trackpoint><Time>2026-03-31T19:19:53.496Z</Time><HeartRateBpm><Value>138</Value></HeartRateBpm><Extensions><TPX xmlns="http://www.garmin.com/xmlschemas/ActivityExtension/v2"><Speed>0.000000</Speed></TPX></Extensions></Trackpoint>
     <Trackpoint><Time>2026-03-31T19:19:54.496Z</Time><HeartRateBpm><Value>138</Value></HeartRateBpm><Extensions><TPX xmlns="http://www.garmin.com/xmlschemas/ActivityExtension/v2"><Speed>0.000000</Speed></TPX></Extensions></Trackpoint>
     <Trackpoint><Time>2026-03-31T19:19:56.002Z</Time><HeartRateBpm><Value>139</Value></HeartRateBpm><Extensions><TPX xmlns="http://www.garmin.com/xmlschemas/ActivityExtension/v2"><Speed>0.000000</Speed></TPX></Extensions></Trackpoint>
     <Trackpoint><Time>2026-03-31T19:19:57.496Z</Time><HeartRateBpm><Value>139</Value></HeartRateBpm><Extensions><TPX xmlns="http://www.garmin.com/xmlschemas/ActivityExtension/v2"><Speed>0.000000</Speed></TPX></Extensions></Trackpoint>
     <Trackpoint><Time>2026-03-31T19:19:58.553Z</Time><HeartRateBpm><Value>139</Value></HeartRateBpm><Extensions><TPX xmlns="http://www.garmin.com/xmlschemas/ActivityExtension/v2"><Speed>0.000000</Speed></TPX></Extensions></Trackpoint>
     <Trackpoint><Time>2026-03-31T19:20:00.496Z</Time><HeartRateBpm><Value>140</Value></HeartRateBpm><Extensions><TPX xmlns="http://www.garmin.com/xmlschemas/ActivityExtension/v2"><Speed>0.000000</Speed></TPX></Extensions></Trackpoint>
     <Trackpoint><Time>2026-03-31T19:20:02.496Z</Time><HeartRateBpm><Value>140</Value></HeartRateBpm><Extensions><TPX xmlns="http://www.garmin.com/xmlschemas/ActivityExtension/v2"><Speed>0.000000</Speed></TPX></Extensions></Trackpoint>
     <Trackpoint><Time>2026-03-31T19:20:03.496Z</Time><HeartRateBpm><Value>140</Value></HeartRateBpm><Extensions><TPX xmlns="http://www.garmin.com/xmlschemas/ActivityExtension/v2"><Speed>0.000000</Speed></TPX></Extensions></Trackpoint>
     <Trackpoint><Time>2026-03-31T19:20:05.496Z</Time><HeartRateBpm><Value>137</Value></HeartRateBpm><Extensions><TPX xmlns="http://www.garmin.com/xmlschemas/ActivityExtension/v2"><Speed>0.000000</Speed></TPX></Extensions></Trackpoint>
     <Trackpoint><Time>2026-03-31T19:20:06.496Z</Time><HeartRateBpm><Value>137</Value></HeartRateBpm><Extensions><TPX xmlns="http://www.garmin.com/xmlschemas/ActivityExtension/v2"><Speed>0.000000</Speed></TPX></Extensions></Trackpoint>
     <Trackpoint><Time>2026-03-31T19:20:08.496Z</Time><HeartRateBpm><Value>137</Value></HeartRateBpm><Extensions><TPX xmlns="http://www.garmin.com/xmlschemas/ActivityExtension/v2"><Speed>0.000000</Speed></TPX></Extensions></Trackpoint>
     <Trackpoint><Time>2026-03-31T19:20:09.496Z</Time><HeartRateBpm><Value>136</Value></HeartRateBpm><Extensions><TPX xmlns="http://www.garmin.com/xmlschemas/ActivityExtension/v2"><Speed>0.000000</Speed></TPX></Extensions></Trackpoint>
     <Trackpoint><Time>2026-03-31T19:20:10.496Z</Time><HeartRateBpm><Value>136</Value></HeartRateBpm><Extensions><TPX xmlns="http://www.garmin.com/xmlschemas/ActivityExtension/v2"><Speed>0.000000</Speed></TPX></Extensions></Trackpoint>
     <Trackpoint><Time>2026-03-31T19:20:12.496Z</Time><HeartRateBpm><Value>136</Value></HeartRateBpm><Extensions><TPX xmlns="http://www.garmin.com/xmlschemas/ActivityExtension/v2"><Speed>0.000000</Speed></TPX></Extensions></Trackpoint>
     <Trackpoint><Time>2026-03-31T19:20:13.846Z</Time><HeartRateBpm><Value>136</Value></HeartRateBpm><Extensions><TPX xmlns="http://www.garmin.com/xmlschemas/ActivityExtension/v2"><Speed>0.000000</Speed></TPX></Extensions></Trackpoint>
     <Trackpoint><Time>2026-03-31T19:20:15.496Z</Time><HeartRateBpm><Value>136</Value></HeartRateBpm><Extensions><TPX xmlns="http://www.garmin.com/xmlschemas/ActivityExtension/v2"><Speed>0.000000</Speed></TPX></Extensions></Trackpoint>
     <Trackpoint><Time>2026-03-31T19:20:17.496Z</Time><HeartRateBpm><Value>136</Value></HeartRateBpm><Extensions><TPX xmlns="http://www.garmin.com/xmlschemas/ActivityExtension/v2"><Speed>0.000000</Speed></TPX></Extensions></Trackpoint>
     <Trackpoint><Time>2026-03-31T19:20:18.948Z</Time><HeartRateBpm><Value>136</Value></HeartRateBpm><Extensions><TPX xmlns="http://www.garmin.com/xmlschemas/ActivityExtension/v2"><Speed>0.000000</Speed></TPX></Extensions></Trackpoint>
     <Trackpoint><Time>2026-03-31T19:20:20.495Z</Time><HeartRateBpm><Value>136</Value></HeartRateBpm><Extensions><TPX xmlns="http://www.garmin.com/xmlschemas/ActivityExtension/v2"><Speed>0.000000</Speed></TPX></Extensions></Trackpoint>
     <Trackpoint><Time>2026-03-31T19:20:21.496Z</Time><HeartRateBpm><Value>136</Value></HeartRateBpm><Extensions><TPX xmlns="http://www.garmin.com/xmlschemas/ActivityExtension/v2"><Speed>0.000000</Speed></TPX></Extensions></Trackpoint>
     <Trackpoint><Time>2026-03-31T19:20:23.496Z</Time><HeartRateBpm><Value>136</Value></HeartRateBpm><Extensions><TPX xmlns="http://www.garmin.com/xmlschemas/ActivityExtension/v2"><Speed>0.000000</Speed></TPX></Extensions></Trackpoint>
     <Trackpoint><Time>2026-03-31T19:20:24.496Z</Time><HeartRateBpm><Value>136</Value></HeartRateBpm><Extensions><TPX xmlns="http://www.garmin.com/xmlschemas/ActivityExtension/v2"><Speed>0.000000</Speed></TPX></Extensions></Trackpoint>
     <Trackpoint><Time>2026-03-31T19:20:26.496Z</Time><HeartRateBpm><Value>136</Value></HeartRateBpm><Extensions><TPX xmlns="http://www.garmin.com/xmlschemas/ActivityExtension/v2"><Speed>0.000000</Speed></TPX></Extensions></Trackpoint>
     <Trackpoint><Time>2026-03-31T19:20:28.495Z</Time><HeartRateBpm><Value>136</Value></HeartRateBpm><Extensions><TPX xmlns="http://www.garmin.com/xmlschemas/ActivityExtension/v2"><Speed>0.000000</Speed></TPX></Extensions></Trackpoint>
     <Trackpoint><Time>2026-03-31T19:20:29.495Z</Time><HeartRateBpm><Value>136</Value></HeartRateBpm><Extensions><TPX xmlns="http://www.garmin.com/xmlschemas/ActivityExtension/v2"><Speed>0.000000</Speed></TPX></Extensions></Trackpoint>
     <Trackpoint><Time>2026-03-31T19:20:30.496Z</Time><HeartRateBpm><Value>136</Value></HeartRateBpm><Extensions><TPX xmlns="http://www.garmin.com/xmlschemas/ActivityExtension/v2"><Speed>0.000000</Speed></TPX></Extensions></Trackpoint>
     <Trackpoint><Time>2026-03-31T19:20:31.496Z</Time><HeartRateBpm><Value>136</Value></HeartRateBpm><Extensions><TPX xmlns="http://www.garmin.com/xmlschemas/ActivityExtension/v2"><Speed>0.000000</Speed></TPX></Extensions></Trackpoint>
     <Trackpoint><Time>2026-03-31T19:20:33.495Z</Time><HeartRateBpm><Value>136</Value></HeartRateBpm><Extensions><TPX xmlns="http://www.garmin.com/xmlschemas/ActivityExtension/v2"><Speed>0.000000</Speed></TPX></Extensions></Trackpoint>
     <Trackpoint><Time>2026-03-31T19:20:34.495Z</Time><HeartRateBpm><Value>136</Value></HeartRateBpm><Extensions><TPX xmlns="http://www.garmin.com/xmlschemas/ActivityExtension/v2"><Speed>0.000000</Speed></TPX></Extensions></Trackpoint>
     <Trackpoint><Time>2026-03-31T19:20:35.496Z</Time><HeartRateBpm><Value>136</Value></HeartRateBpm><Extensions><TPX xmlns="http://www.garmin.com/xmlschemas/ActivityExtension/v2"><Speed>0.000000</Speed></TPX></Extensions></Trackpoint>
     <Trackpoint><Time>2026-03-31T19:20:36.496Z</Time><HeartRateBpm><Value>136</Value></HeartRateBpm><Extensions><TPX xmlns="http://www.garmin.com/xmlschemas/ActivityExtension/v2"><Speed>0.000000</Speed></TPX></Extensions></Trackpoint>
     <Trackpoint><Time>2026-03-31T19:20:38.495Z</Time><HeartRateBpm><Value>136</Value></HeartRateBpm><Extensions><TPX xmlns="http://www.garmin.com/xmlschemas/ActivityExtension/v2"><Speed>0.000000</Speed></TPX></Extensions></Trackpoint>
     <Trackpoint><Time>2026-03-31T19:20:39.495Z</Time><HeartRateBpm><Value>136</Value></HeartRateBpm><Extensions><TPX xmlns="http://www.garmin.com/xmlschemas/ActivityExtension/v2"><Speed>0.000000</Speed></TPX></Extensions></Trackpoint>
     <Trackpoint><Time>2026-03-31T19:20:40.495Z</Time><HeartRateBpm><Value>136</Value></HeartRateBpm><Extensions><TPX xmlns="http://www.garmin.com/xmlschemas/ActivityExtension/v2"><Speed>0.000000</Speed></TPX></Extensions></Trackpoint>
     <Trackpoint><Time>2026-03-31T19:20:41.885Z</Time><HeartRateBpm><Value>136</Value></HeartRateBpm><Extensions><TPX xmlns="http://www.garmin.com/xmlschemas/ActivityExtension/v2"><Speed>0.000000</Speed></TPX></Extensions></Trackpoint>
     <Trackpoint><Time>2026-03-31T19:20:43.495Z</Time><HeartRateBpm><Value>136</Value></HeartRateBpm><Extensions><TPX xmlns="http://www.garmin.com/xmlschemas/ActivityExtension/v2"><Speed>0.000000</Speed></TPX></Extensions></Trackpoint>
     <Trackpoint><Time>2026-03-31T19:20:45.495Z</Time><HeartRateBpm><Value>137</Value></HeartRateBpm><Extensions><TPX xmlns="http://www.garmin.com/xmlschemas/ActivityExtension/v2"><Speed>0.000000</Speed></TPX></Extensions></Trackpoint>
     <Trackpoint><Time>2026-03-31T19:20:46.981Z</Time><HeartRateBpm><Value>137</Value></HeartRateBpm><Extensions><TPX xmlns="http://www.garmin.com/xmlschemas/ActivityExtension/v2"><Speed>0.000000</Speed></TPX></Extensions></Trackpoint>
     <Trackpoint><Time>2026-03-31T19:20:48.495Z</Time><HeartRateBpm><Value>137</Value></HeartRateBpm><Extensions><TPX xmlns="http://www.garmin.com/xmlschemas/ActivityExtension/v2"><Speed>0.000000</Speed></TPX></Extensions></Trackpoint>
     <Trackpoint><Time>2026-03-31T19:20:49.495Z</Time><HeartRateBpm><Value>137</Value></HeartRateBpm><Extensions><TPX xmlns="http://www.garmin.com/xmlschemas/ActivityExtension/v2"><Speed>0.000000</Speed></TPX></Extensions></Trackpoint>
     <Trackpoint><Time>2026-03-31T19:20:50.495Z</Time><HeartRateBpm><Value>137</Value></HeartRateBpm><Extensions><TPX xmlns="http://www.garmin.com/xmlschemas/ActivityExtension/v2"><Speed>0.000000</Speed></TPX></Extensions></Trackpoint>
     <Trackpoint><Time>2026-03-31T19:20:52.082Z</Time><HeartRateBpm><Value>137</Value></HeartRateBpm><Extensions><TPX xmlns="http://www.garmin.com/xmlschemas/ActivityExtension/v2"><Speed>0.000000</Speed></TPX></Extensions></Trackpoint>
     <Trackpoint><Time>2026-03-31T19:20:53.495Z</Time><HeartRateBpm><Value>137</Value></HeartRateBpm><Extensions><TPX xmlns="http://www.garmin.com/xmlschemas/ActivityExtension/v2"><Speed>0.000000</Speed></TPX></Extensions></Trackpoint>
     <Trackpoint><Time>2026-03-31T19:20:54.495Z</Time><HeartRateBpm><Value>137</Value></HeartRateBpm><Extensions><TPX xmlns="http://www.garmin.com/xmlschemas/ActivityExtension/v2"><Speed>0.000000</Speed></TPX></Extensions></Trackpoint>
     <Trackpoint><Time>2026-03-31T19:20:55.495Z</Time><HeartRateBpm><Value>141</Value></HeartRateBpm><Extensions><TPX xmlns="http://www.garmin.com/xmlschemas/ActivityExtension/v2"><Speed>0.000000</Speed></TPX></Extensions></Trackpoint>
     <Trackpoint><Time>2026-03-31T19:20:56.495Z</Time><HeartRateBpm><Value>141</Value></HeartRateBpm><Extensions><TPX xmlns="http://www.garmin.com/xmlschemas/ActivityExtension/v2"><Speed>0.000000</Speed></TPX></Extensions></Trackpoint>
     <Trackpoint><Time>2026-03-31T19:20:58.495Z</Time><HeartRateBpm><Value>141</Value></HeartRateBpm><Extensions><TPX xmlns="http://www.garmin.com/xmlschemas/ActivityExtension/v2"><Speed>0.000000</Speed></TPX></Extensions></Trackpoint>
     <Trackpoint><Time>2026-03-31T19:20:59.512Z</Time><HeartRateBpm><Value>141</Value></HeartRateBpm><Extensions><TPX xmlns="http://www.garmin.com/xmlschemas/ActivityExtension/v2"><Speed>0.000000</Speed></TPX></Extensions></Trackpoint>
     <Trackpoint><Time>2026-03-31T19:21:01.495Z</Time><HeartRateBpm><Value>141</Value></HeartRateBpm><Extensions><TPX xmlns="http://www.garmin.com/xmlschemas/ActivityExtension/v2"><Speed>0.000000</Speed></TPX></Extensions></Trackpoint>
     <Trackpoint><Time>2026-03-31T19:21:03.495Z</Time><HeartRateBpm><Value>141</Value></HeartRateBpm><Extensions><TPX xmlns="http://www.garmin.com/xmlschemas/ActivityExtension/v2"><Speed>0.000000</Speed></TPX></Extensions></Trackpoint>
     <Trackpoint><Time>2026-03-31T19:21:04.825Z</Time><HeartRateBpm><Value>140</Value></HeartRateBpm><Extensions><TPX xmlns="http://www.garmin.com/xmlschemas/ActivityExtension/v2"><Speed>0.000000</Speed></TPX></Extensions></Trackpoint>
     <Trackpoint><Time>2026-03-31T19:21:06.495Z</Time><HeartRateBpm><Value>140</Value></HeartRateBpm><Extensions><TPX xmlns="http://www.garmin.com/xmlschemas/ActivityExtension/v2"><Speed>0.000000</Speed></TPX></Extensions></Trackpoint>
     <Trackpoint><Time>2026-03-31T19:21:08.496Z</Time><HeartRateBpm><Value>140</Value></HeartRateBpm><Extensions><TPX xmlns="http://www.garmin.com/xmlschemas/ActivityExtension/v2"><Speed>0.000000</Speed></TPX></Extensions></Trackpoint>
     <Trackpoint><Time>2026-03-31T19:21:09.924Z</Time><HeartRateBpm><Value>139</Value></HeartRateBpm><Extensions><TPX xmlns="http://www.garmin.com/xmlschemas/ActivityExtension/v2"><Speed>0.000000</Speed></TPX></Extensions></Trackpoint>
     <Trackpoint><Time>2026-03-31T19:21:11.495Z</Time><HeartRateBpm><Value>139</Value></HeartRateBpm><Extensions><TPX xmlns="http://www.garmin.com/xmlschemas/ActivityExtension/v2"><Speed>0.000000</Speed></TPX></Extensions></Trackpoint>
     <Trackpoint><Time>2026-03-31T19:21:13.495Z</Time><HeartRateBpm><Value>139</Value></HeartRateBpm><Extensions><TPX xmlns="http://www.garmin.com/xmlschemas/ActivityExtension/v2"><Speed>0.000000</Speed></TPX></Extensions></Trackpoint>
     <Trackpoint><Time>2026-03-31T19:21:14.495Z</Time><HeartRateBpm><Value>139</Value></HeartRateBpm><Extensions><TPX xmlns="http://www.garmin.com/xmlschemas/ActivityExtension/v2"><Speed>0.000000</Speed></TPX></Extensions></Trackpoint>
     <Trackpoint><Time>2026-03-31T19:21:15.495Z</Time><HeartRateBpm><Value>139</Value></HeartRateBpm><Extensions><TPX xmlns="http://www.garmin.com/xmlschemas/ActivityExtension/v2"><Speed>0.000000</Speed></TPX></Extensions></Trackpoint>
     <Trackpoint><Time>2026-03-31T19:21:17.495Z</Time><HeartRateBpm><Value>139</Value></HeartRateBpm><Extensions><TPX xmlns="http://www.garmin.com/xmlschemas/ActivityExtension/v2"><Speed>0.000000</Speed></TPX></Extensions></Trackpoint>
     <Trackpoint><Time>2026-03-31T19:21:18.899Z</Time><HeartRateBpm><Value>137</Value></HeartRateBpm><Extensions><TPX xmlns="http://www.garmin.com/xmlschemas/ActivityExtension/v2"><Speed>0.000000</Speed></TPX></Extensions></Trackpoint>
     <Trackpoint><Time>2026-03-31T19:21:20.120Z</Time><HeartRateBpm><Value>137</Value></HeartRateBpm><Extensions><TPX xmlns="http://www.garmin.com/xmlschemas/ActivityExtension/v2"><Speed>0.000000</Speed></TPX></Extensions></Trackpoint>
     <Trackpoint><Time>2026-03-31T19:21:21.495Z</Time><HeartRateBpm><Value>137</Value></HeartRateBpm><Extensions><TPX xmlns="http://www.garmin.com/xmlschemas/ActivityExtension/v2"><Speed>0.000000</Speed></TPX></Extensions></Trackpoint>
     <Trackpoint><Time>2026-03-31T19:21:22.665Z</Time><HeartRateBpm><Value>137</Value></HeartRateBpm><Extensions><TPX xmlns="http://www.garmin.com/xmlschemas/ActivityExtension/v2"><Speed>0.000000</Speed></TPX></Extensions></Trackpoint>
     <Trackpoint><Time>2026-03-31T19:21:24.495Z</Time><HeartRateBpm><Value>137</Value></HeartRateBpm><Extensions><TPX xmlns="http://www.garmin.com/xmlschemas/ActivityExtension/v2"><Speed>0.000000</Speed></TPX></Extensions></Trackpoint>
     <Trackpoint><Time>2026-03-31T19:21:26.495Z</Time><HeartRateBpm><Value>138</Value></HeartRateBpm><Extensions><TPX xmlns="http://www.garmin.com/xmlschemas/ActivityExtension/v2"><Speed>0.000000</Speed></TPX></Extensions></Trackpoint>
     <Trackpoint><Time>2026-03-31T19:21:27.762Z</Time><HeartRateBpm><Value>138</Value></HeartRateBpm><Extensions><TPX xmlns="http://www.garmin.com/xmlschemas/ActivityExtension/v2"><Speed>0.000000</Speed></TPX></Extensions></Trackpoint>
     <Trackpoint><Time>2026-03-31T19:21:29.495Z</Time><HeartRateBpm><Value>138</Value></HeartRateBpm><Extensions><TPX xmlns="http://www.garmin.com/xmlschemas/ActivityExtension/v2"><Speed>0.000000</Speed></TPX></Extensions></Trackpoint>
     <Trackpoint><Time>2026-03-31T19:21:30.495Z</Time><HeartRateBpm><Value>137</Value></HeartRateBpm><Extensions><TPX xmlns="http://www.garmin.com/xmlschemas/ActivityExtension/v2"><Speed>0.000000</Speed></TPX></Extensions></Trackpoint>
     <Trackpoint><Time>2026-03-31T19:21:32.495Z</Time><HeartRateBpm><Value>137</Value></HeartRateBpm><Extensions><TPX xmlns="http://www.garmin.com/xmlschemas/ActivityExtension/v2"><Speed>0.000000</Speed></TPX></Extensions></Trackpoint>
     <Trackpoint><Time>2026-03-31T19:21:33.495Z</Time><HeartRateBpm><Value>137</Value></HeartRateBpm><Extensions><TPX xmlns="http://www.garmin.com/xmlschemas/ActivityExtension/v2"><Speed>0.000000</Speed></TPX></Extensions></Trackpoint>
     <Trackpoint><Time>2026-03-31T19:21:35.414Z</Time><HeartRateBpm><Value>136</Value></HeartRateBpm><Extensions><TPX xmlns="http://www.garmin.com/xmlschemas/ActivityExtension/v2"><Speed>0.000000</Speed></TPX></Extensions></Trackpoint>
     <Trackpoint><Time>2026-03-31T19:21:36.495Z</Time><HeartRateBpm><Value>136</Value></HeartRateBpm><Extensions><TPX xmlns="http://www.garmin.com/xmlschemas/ActivityExtension/v2"><Speed>0.000000</Speed></TPX></Extensions></Trackpoint>
     <Trackpoint><Time>2026-03-31T19:21:37.960Z</Time><HeartRateBpm><Value>136</Value></HeartRateBpm><Extensions><TPX xmlns="http://www.garmin.com/xmlschemas/ActivityExtension/v2"><Speed>0.000000</Speed></TPX></Extensions></Trackpoint>
     <Trackpoint><Time>2026-03-31T19:21:39.495Z</Time><HeartRateBpm><Value>136</Value></HeartRateBpm><Extensions><TPX xmlns="http://www.garmin.com/xmlschemas/ActivityExtension/v2"><Speed>0.000000</Speed></TPX></Extensions></Trackpoint>
     <Trackpoint><Time>2026-03-31T19:21:40.508Z</Time><HeartRateBpm><Value>136</Value></HeartRateBpm><Extensions><TPX xmlns="http://www.garmin.com/xmlschemas/ActivityExtension/v2"><Speed>0.000000</Speed></TPX></Extensions></Trackpoint>
     <Trackpoint><Time>2026-03-31T19:21:42.495Z</Time><HeartRateBpm><Value>136</Value></HeartRateBpm><Extensions><TPX xmlns="http://www.garmin.com/xmlschemas/ActivityExtension/v2"><Speed>0.000000</Speed></TPX></Extensions></Trackpoint>
     <Trackpoint><Time>2026-03-31T19:21:43.495Z</Time><HeartRateBpm><Value>137</Value></HeartRateBpm><Extensions><TPX xmlns="http://www.garmin.com/xmlschemas/ActivityExtension/v2"><Speed>0.000000</Speed></TPX></Extensions></Trackpoint>
     <Trackpoint><Time>2026-03-31T19:21:44.495Z</Time><HeartRateBpm><Value>137</Value></HeartRateBpm><Extensions><TPX xmlns="http://www.garmin.com/xmlschemas/ActivityExtension/v2"><Speed>0.000000</Speed></TPX></Extensions></Trackpoint>
     <Trackpoint><Time>2026-03-31T19:21:45.604Z</Time><HeartRateBpm><Value>137</Value></HeartRateBpm><Extensions><TPX xmlns="http://www.garmin.com/xmlschemas/ActivityExtension/v2"><Speed>0.000000</Speed></TPX></Extensions></Trackpoint>
     <Trackpoint><Time>2026-03-31T19:21:47.495Z</Time><HeartRateBpm><Value>137</Value></HeartRateBpm><Extensions><TPX xmlns="http://www.garmin.com/xmlschemas/ActivityExtension/v2"><Speed>0.000000</Speed></TPX></Extensions></Trackpoint>
     <Trackpoint><Time>2026-03-31T19:21:49.495Z</Time><HeartRateBpm><Value>136</Value></HeartRateBpm><Extensions><TPX xmlns="http://www.garmin.com/xmlschemas/ActivityExtension/v2"><Speed>0.000000</Speed></TPX></Extensions></Trackpoint>
     <Trackpoint><Time>2026-03-31T19:21:50.495Z</Time><HeartRateBpm><Value>136</Value></HeartRateBpm><Extensions><TPX xmlns="http://www.garmin.com/xmlschemas/ActivityExtension/v2"><Speed>0.000000</Speed></TPX></Extensions></Trackpoint>
     <Trackpoint><Time>2026-03-31T19:21:52.495Z</Time><HeartRateBpm><Value>136</Value></HeartRateBpm><Extensions><TPX xmlns="http://www.garmin.com/xmlschemas/ActivityExtension/v2"><Speed>0.000000</Speed></TPX></Extensions></Trackpoint>
     <Trackpoint><Time>2026-03-31T19:21:54.495Z</Time><HeartRateBpm><Value>139</Value></HeartRateBpm><Extensions><TPX xmlns="http://www.garmin.com/xmlschemas/ActivityExtension/v2"><Speed>0.000000</Speed></TPX></Extensions></Trackpoint>
     <Trackpoint><Time>2026-03-31T19:21:55.804Z</Time><HeartRateBpm><Value>139</Value></HeartRateBpm><Extensions><TPX xmlns="http://www.garmin.com/xmlschemas/ActivityExtension/v2"><Speed>0.000000</Speed></TPX></Extensions></Trackpoint>
     <Trackpoint><Time>2026-03-31T19:21:57.495Z</Time><HeartRateBpm><Value>139</Value></HeartRateBpm><Extensions><TPX xmlns="http://www.garmin.com/xmlschemas/ActivityExtension/v2"><Speed>0.000000</Speed></TPX></Extensions></Trackpoint>
     <Trackpoint><Time>2026-03-31T19:21:58.495Z</Time><HeartRateBpm><Value>137</Value></HeartRateBpm><Extensions><TPX xmlns="http://www.garmin.com/xmlschemas/ActivityExtension/v2"><Speed>0.000000</Speed></TPX></Extensions></Trackpoint>
     <Trackpoint><Time>2026-03-31T19:22:00.495Z</Time><HeartRateBpm><Value>137</Value></HeartRateBpm><Extensions><TPX xmlns="http://www.garmin.com/xmlschemas/ActivityExtension/v2"><Speed>0.000000</Speed></TPX></Extensions></Trackpoint>
     <Trackpoint><Time>2026-03-31T19:22:02.495Z</Time><HeartRateBpm><Value>137</Value></HeartRateBpm><Extensions><TPX xmlns="http://www.garmin.com/xmlschemas/ActivityExtension/v2"><Speed>0.000000</Speed></TPX></Extensions></Trackpoint>
     <Trackpoint><Time>2026-03-31T19:22:03.495Z</Time><HeartRateBpm><Value>138</Value></HeartRateBpm><Extensions><TPX xmlns="http://www.garmin.com/xmlschemas/ActivityExtension/v2"><Speed>0.000000</Speed></TPX></Extensions></Trackpoint>
     <Trackpoint><Time>2026-03-31T19:22:05.495Z</Time><HeartRateBpm><Value>138</Value></HeartRateBpm><Extensions><TPX xmlns="http://www.garmin.com/xmlschemas/ActivityExtension/v2"><Speed>0.000000</Speed></TPX></Extensions></Trackpoint>
     <Trackpoint><Time>2026-03-31T19:22:07.495Z</Time><HeartRateBpm><Value>138</Value></HeartRateBpm><Extensions><TPX xmlns="http://www.garmin.com/xmlschemas/ActivityExtension/v2"><Speed>0.000000</Speed></TPX></Extensions></Trackpoint>
     <Trackpoint><Time>2026-03-31T19:22:08.495Z</Time><HeartRateBpm><Value>138</Value></HeartRateBpm><Extensions><TPX xmlns="http://www.garmin.com/xmlschemas/ActivityExtension/v2"><Speed>0.000000</Speed></TPX></Extensions></Trackpoint>
     <Trackpoint><Time>2026-03-31T19:22:10.495Z</Time><HeartRateBpm><Value>139</Value></HeartRateBpm><Extensions><TPX xmlns="http://www.garmin.com/xmlschemas/ActivityExtension/v2"><Speed>0.000000</Speed></TPX></Extensions></Trackpoint>
     <Trackpoint><Time>2026-03-31T19:22:12.495Z</Time><HeartRateBpm><Value>139</Value></HeartRateBpm><Extensions><TPX xmlns="http://www.garmin.com/xmlschemas/ActivityExtension/v2"><Speed>0.000000</Speed></TPX></Extensions></Trackpoint>
     <Trackpoint><Time>2026-03-31T19:22:13.651Z</Time><HeartRateBpm><Value>139</Value></HeartRateBpm><Extensions><TPX xmlns="http://www.garmin.com/xmlschemas/ActivityExtension/v2"><Speed>0.000000</Speed></TPX></Extensions></Trackpoint>
     <Trackpoint><Time>2026-03-31T19:22:15.495Z</Time><HeartRateBpm><Value>138</Value></HeartRateBpm><Extensions><TPX xmlns="http://www.garmin.com/xmlschemas/ActivityExtension/v2"><Speed>0.000000</Speed></TPX></Extensions></Trackpoint>
     <Trackpoint><Time>2026-03-31T19:22:17.495Z</Time><HeartRateBpm><Value>138</Value></HeartRateBpm><Extensions><TPX xmlns="http://www.garmin.com/xmlschemas/ActivityExtension/v2"><Speed>0.000000</Speed></TPX></Extensions></Trackpoint>
     <Trackpoint><Time>2026-03-31T19:22:18.843Z</Time><HeartRateBpm><Value>138</Value></HeartRateBpm><Extensions><TPX xmlns="http://www.garmin.com/xmlschemas/ActivityExtension/v2"><Speed>0.000000</Speed></TPX></Extensions></Trackpoint>
     <Trackpoint><Time>2026-03-31T19:22:20.495Z</Time><HeartRateBpm><Value>141</Value></HeartRateBpm><Extensions><TPX xmlns="http://www.garmin.com/xmlschemas/ActivityExtension/v2"><Speed>0.000000</Speed></TPX></Extensions></Trackpoint>
    </Track>
   </Lap>
   <Lap StartTime="2026-03-31T19:22:22.495Z">
    <TotalTimeSeconds>600</TotalTimeSeconds>
    <AverageHeartRateBpm><Value>142</Value></AverageHeartRateBpm>
    <MaximumHeartRateBpm><Value>148</Value></MaximumHeartRateBpm>
    <Calories>107</Calories>
    <Track>
     <Trackpoint><Time>2026-03-31T19:22:22.495Z</Time><HeartRateBpm><Value>141</Value></HeartRateBpm><Extensions><TPX xmlns="http://www.garmin.com/xmlschemas/ActivityExtension/v2"><Speed>0.000000</Speed></TPX></Extensions></Trackpoint>
     <Trackpoint><Time>2026-03-31T19:22:23.846Z</Time><HeartRateBpm><Value>141</Value></HeartRateBpm><Extensions><TPX xmlns="http://www.garmin.com/xmlschemas/ActivityExtension/v2"><Speed>0.000000</Speed></TPX></Extensions></Trackpoint>
     <Trackpoint><Time>2026-03-31T19:22:25.495Z</Time><HeartRateBpm><Value>140</Value></HeartRateBpm><Extensions><TPX xmlns="http://www.garmin.com/xmlschemas/ActivityExtension/v2"><Speed>0.000000</Speed></TPX></Extensions></Trackpoint>
     <Trackpoint><Time>2026-03-31T19:22:27.495Z</Time><HeartRateBpm><Value>140</Value></HeartRateBpm><Extensions><TPX xmlns="http://www.garmin.com/xmlschemas/ActivityExtension/v2"><Speed>0.000000</Speed></TPX></Extensions></Trackpoint>
     <Trackpoint><Time>2026-03-31T19:22:28.959Z</Time><HeartRateBpm><Value>140</Value></HeartRateBpm><Extensions><TPX xmlns="http://www.garmin.com/xmlschemas/ActivityExtension/v2"><Speed>0.000000</Speed></TPX></Extensions></Trackpoint>
     <Trackpoint><Time>2026-03-31T19:22:30.495Z</Time><HeartRateBpm><Value>142</Value></HeartRateBpm><Extensions><TPX xmlns="http://www.garmin.com/xmlschemas/ActivityExtension/v2"><Speed>0.000000</Speed></TPX></Extensions></Trackpoint>
     <Trackpoint><Time>2026-03-31T19:22:31.495Z</Time><HeartRateBpm><Value>142</Value></HeartRateBpm><Extensions><TPX xmlns="http://www.garmin.com/xmlschemas/ActivityExtension/v2"><Speed>0.000000</Speed></TPX></Extensions></Trackpoint>
     <Trackpoint><Time>2026-03-31T19:22:33.495Z</Time><HeartRateBpm><Value>142</Value></HeartRateBpm><Extensions><TPX xmlns="http://www.garmin.com/xmlschemas/ActivityExtension/v2"><Speed>0.000000</Speed></TPX></Extensions></Trackpoint>
     <Trackpoint><Time>2026-03-31T19:22:34.495Z</Time><HeartRateBpm><Value>142</Value></HeartRateBpm><Extensions><TPX xmlns="http://www.garmin.com/xmlschemas/ActivityExtension/v2"><Speed>0.000000</Speed></TPX></Extensions></Trackpoint>
     <Trackpoint><Time>2026-03-31T19:22:36.495Z</Time><HeartRateBpm><Value>142</Value></HeartRateBpm><Extensions><TPX xmlns="http://www.garmin.com/xmlschemas/ActivityExtension/v2"><Speed>0.000000</Speed></TPX></Extensions></Trackpoint>
     <Trackpoint><Time>2026-03-31T19:22:38.495Z</Time><HeartRateBpm><Value>142</Value></HeartRateBpm><Extensions><TPX xmlns="http://www.garmin.com/xmlschemas/ActivityExtension/v2"><Speed>0.000000</Speed></TPX></Extensions></Trackpoint>
     <Trackpoint><Time>2026-03-31T19:22:40.495Z</Time><HeartRateBpm><Value>146</Value></HeartRateBpm><Extensions><TPX xmlns="http://www.garmin.com/xmlschemas/ActivityExtension/v2"><Speed>0.000000</Speed></TPX></Extensions></Trackpoint>
     <Trackpoint><Time>2026-03-31T19:22:41.687Z</Time><HeartRateBpm><Value>146</Value></HeartRateBpm><Extensions><TPX xmlns="http://www.garmin.com/xmlschemas/ActivityExtension/v2"><Speed>0.000000</Speed></TPX></Extensions></Trackpoint>
     <Trackpoint><Time>2026-03-31T19:22:43.495Z</Time><HeartRateBpm><Value>146</Value></HeartRateBpm><Extensions><TPX xmlns="http://www.garmin.com/xmlschemas/ActivityExtension/v2"><Speed>0.000000</Speed></TPX></Extensions></Trackpoint>
     <Trackpoint><Time>2026-03-31T19:22:44.495Z</Time><HeartRateBpm><Value>142</Value></HeartRateBpm><Extensions><TPX xmlns="http://www.garmin.com/xmlschemas/ActivityExtension/v2"><Speed>0.000000</Speed></TPX></Extensions></Trackpoint>
     <Trackpoint><Time>2026-03-31T19:22:45.495Z</Time><HeartRateBpm><Value>142</Value></HeartRateBpm><Extensions><TPX xmlns="http://www.garmin.com/xmlschemas/ActivityExtension/v2"><Speed>0.000000</Speed></TPX></Extensions></Trackpoint>
     <Trackpoint><Time>2026-03-31T19:22:46.784Z</Time><HeartRateBpm><Value>142</Value></HeartRateBpm><Extensions><TPX xmlns="http://www.garmin.com/xmlschemas/ActivityExtension/v2"><Speed>0.000000</Speed></TPX></Extensions></Trackpoint>
     <Trackpoint><Time>2026-03-31T19:22:48.495Z</Time><HeartRateBpm><Value>142</Value></HeartRateBpm><Extensions><TPX xmlns="http://www.garmin.com/xmlschemas/ActivityExtension/v2"><Speed>0.000000</Speed></TPX></Extensions></Trackpoint>
     <Trackpoint><Time>2026-03-31T19:22:50.495Z</Time><HeartRateBpm><Value>142</Value></HeartRateBpm><Extensions><TPX xmlns="http://www.garmin.com/xmlschemas/ActivityExtension/v2"><Speed>0.000000</Speed></TPX></Extensions></Trackpoint>
     <Trackpoint><Time>2026-03-31T19:22:51.884Z</Time><HeartRateBpm><Value>142</Value></HeartRateBpm><Extensions><TPX xmlns="http://www.garmin.com/xmlschemas/ActivityExtension/v2"><Speed>0.000000</Speed></TPX></Extensions></Trackpoint>
     <Trackpoint><Time>2026-03-31T19:22:53.542Z</Time><HeartRateBpm><Value>142</Value></HeartRateBpm><Extensions><TPX xmlns="http://www.garmin.com/xmlschemas/ActivityExtension/v2"><Speed>0.000000</Speed></TPX></Extensions></Trackpoint>
     <Trackpoint><Time>2026-03-31T19:22:55.495Z</Time><HeartRateBpm><Value>142</Value></HeartRateBpm><Extensions><TPX xmlns="http://www.garmin.com/xmlschemas/ActivityExtension/v2"><Speed>0.000000</Speed></TPX></Extensions></Trackpoint>
     <Trackpoint><Time>2026-03-31T19:22:56.495Z</Time><HeartRateBpm><Value>142</Value></HeartRateBpm><Extensions><TPX xmlns="http://www.garmin.com/xmlschemas/ActivityExtension/v2"><Speed>0.000000</Speed></TPX></Extensions></Trackpoint>
     <Trackpoint><Time>2026-03-31T19:22:58.495Z</Time><HeartRateBpm><Value>142</Value></HeartRateBpm><Extensions><TPX xmlns="http://www.garmin.com/xmlschemas/ActivityExtension/v2"><Speed>0.000000</Speed></TPX></Extensions></Trackpoint>
     <Trackpoint><Time>2026-03-31T19:22:59.495Z</Time><HeartRateBpm><Value>140</Value></HeartRateBpm><Extensions><TPX xmlns="http://www.garmin.com/xmlschemas/ActivityExtension/v2"><Speed>0.000000</Speed></TPX></Extensions></Trackpoint>
     <Trackpoint><Time>2026-03-31T19:23:00.495Z</Time><HeartRateBpm><Value>140</Value></HeartRateBpm><Extensions><TPX xmlns="http://www.garmin.com/xmlschemas/ActivityExtension/v2"><Speed>0.000000</Speed></TPX></Extensions></Trackpoint>
     <Trackpoint><Time>2026-03-31T19:23:02.080Z</Time><HeartRateBpm><Value>140</Value></HeartRateBpm><Extensions><TPX xmlns="http://www.garmin.com/xmlschemas/ActivityExtension/v2"><Speed>0.000000</Speed></TPX></Extensions></Trackpoint>
     <Trackpoint><Time>2026-03-31T19:23:03.495Z</Time><HeartRateBpm><Value>140</Value></HeartRateBpm><Extensions><TPX xmlns="http://www.garmin.com/xmlschemas/ActivityExtension/v2"><Speed>0.000000</Speed></TPX></Extensions></Trackpoint>
     <Trackpoint><Time>2026-03-31T19:23:04.630Z</Time><HeartRateBpm><Value>141</Value></HeartRateBpm><Extensions><TPX xmlns="http://www.garmin.com/xmlschemas/ActivityExtension/v2"><Speed>0.000000</Speed></TPX></Extensions></Trackpoint>
     <Trackpoint><Time>2026-03-31T19:23:06.495Z</Time><HeartRateBpm><Value>141</Value></HeartRateBpm><Extensions><TPX xmlns="http://www.garmin.com/xmlschemas/ActivityExtension/v2"><Speed>0.000000</Speed></TPX></Extensions></Trackpoint>
     <Trackpoint><Time>2026-03-31T19:23:08.495Z</Time><HeartRateBpm><Value>141</Value></HeartRateBpm><Extensions><TPX xmlns="http://www.garmin.com/xmlschemas/ActivityExtension/v2"><Speed>0.000000</Speed></TPX></Extensions></Trackpoint>
     <Trackpoint><Time>2026-03-31T19:23:09.495Z</Time><HeartRateBpm><Value>142</Value></HeartRateBpm><Extensions><TPX xmlns="http://www.garmin.com/xmlschemas/ActivityExtension/v2"><Speed>0.000000</Speed></TPX></Extensions></Trackpoint>
     <Trackpoint><Time>2026-03-31T19:23:11.495Z</Time><HeartRateBpm><Value>142</Value></HeartRateBpm><Extensions><TPX xmlns="http://www.garmin.com/xmlschemas/ActivityExtension/v2"><Speed>0.000000</Speed></TPX></Extensions></Trackpoint>
     <Trackpoint><Time>2026-03-31T19:23:13.495Z</Time><HeartRateBpm><Value>142</Value></HeartRateBpm><Extensions><TPX xmlns="http://www.garmin.com/xmlschemas/ActivityExtension/v2"><Speed>0.000000</Speed></TPX></Extensions></Trackpoint>
     <Trackpoint><Time>2026-03-31T19:23:14.824Z</Time><HeartRateBpm><Value>144</Value></HeartRateBpm><Extensions><TPX xmlns="http://www.garmin.com/xmlschemas/ActivityExtension/v2"><Speed>0.000000</Speed></TPX></Extensions></Trackpoint>
     <Trackpoint><Time>2026-03-31T19:23:16.495Z</Time><HeartRateBpm><Value>144</Value></HeartRateBpm><Extensions><TPX xmlns="http://www.garmin.com/xmlschemas/ActivityExtension/v2"><Speed>0.000000</Speed></TPX></Extensions></Trackpoint>
     <Trackpoint><Time>2026-03-31T19:23:18.495Z</Time><HeartRateBpm><Value>144</Value></HeartRateBpm><Extensions><TPX xmlns="http://www.garmin.com/xmlschemas/ActivityExtension/v2"><Speed>0.000000</Speed></TPX></Extensions></Trackpoint>
     <Trackpoint><Time>2026-03-31T19:23:19.495Z</Time><HeartRateBpm><Value>146</Value></HeartRateBpm><Extensions><TPX xmlns="http://www.garmin.com/xmlschemas/ActivityExtension/v2"><Speed>0.000000</Speed></TPX></Extensions></Trackpoint>
     <Trackpoint><Time>2026-03-31T19:23:21.495Z</Time><HeartRateBpm><Value>146</Value></HeartRateBpm><Extensions><TPX xmlns="http://www.garmin.com/xmlschemas/ActivityExtension/v2"><Speed>0.000000</Speed></TPX></Extensions></Trackpoint>
     <Trackpoint><Time>2026-03-31T19:23:23.495Z</Time><HeartRateBpm><Value>146</Value></HeartRateBpm><Extensions><TPX xmlns="http://www.garmin.com/xmlschemas/ActivityExtension/v2"><Speed>0.000000</Speed></TPX></Extensions></Trackpoint>
     <Trackpoint><Time>2026-03-31T19:23:24.516Z</Time><HeartRateBpm><Value>148</Value></HeartRateBpm><Extensions><TPX xmlns="http://www.garmin.com/xmlschemas/ActivityExtension/v2"><Speed>0.000000</Speed></TPX></Extensions></Trackpoint>
     <Trackpoint><Time>2026-03-31T19:23:26.495Z</Time><HeartRateBpm><Value>148</Value></HeartRateBpm><Extensions><TPX xmlns="http://www.garmin.com/xmlschemas/ActivityExtension/v2"><Speed>0.000000</Speed></TPX></Extensions></Trackpoint>
     <Trackpoint><Time>2026-03-31T19:23:27.562Z</Time><HeartRateBpm><Value>148</Value></HeartRateBpm><Extensions><TPX xmlns="http://www.garmin.com/xmlschemas/ActivityExtension/v2"><Speed>0.000000</Speed></TPX></Extensions></Trackpoint>
     <Trackpoint><Time>2026-03-31T19:23:28.896Z</Time><HeartRateBpm><Value>145</Value></HeartRateBpm><Extensions><TPX xmlns="http://www.garmin.com/xmlschemas/ActivityExtension/v2"><Speed>0.000000</Speed></TPX></Extensions></Trackpoint>
     <Trackpoint><Time>2026-03-31T19:23:30.116Z</Time><HeartRateBpm><Value>145</Value></HeartRateBpm><Extensions><TPX xmlns="http://www.garmin.com/xmlschemas/ActivityExtension/v2"><Speed>0.000000</Speed></TPX></Extensions></Trackpoint>
     <Trackpoint><Time>2026-03-31T19:23:31.495Z</Time><HeartRateBpm><Value>145</Value></HeartRateBpm><Extensions><TPX xmlns="http://www.garmin.com/xmlschemas/ActivityExtension/v2"><Speed>0.000000</Speed></TPX></Extensions></Trackpoint>
     <Trackpoint><Time>2026-03-31T19:23:32.663Z</Time><HeartRateBpm><Value>145</Value></HeartRateBpm><Extensions><TPX xmlns="http://www.garmin.com/xmlschemas/ActivityExtension/v2"><Speed>0.000000</Speed></TPX></Extensions></Trackpoint>
     <Trackpoint><Time>2026-03-31T19:23:34.495Z</Time><HeartRateBpm><Value>145</Value></HeartRateBpm><Extensions><TPX xmlns="http://www.garmin.com/xmlschemas/ActivityExtension/v2"><Speed>0.000000</Speed></TPX></Extensions></Trackpoint>
     <Trackpoint><Time>2026-03-31T19:23:36.495Z</Time><HeartRateBpm><Value>147</Value></HeartRateBpm><Extensions><TPX xmlns="http://www.garmin.com/xmlschemas/ActivityExtension/v2"><Speed>0.000000</Speed></TPX></Extensions></Trackpoint>
     <Trackpoint><Time>2026-03-31T19:23:37.763Z</Time><HeartRateBpm><Value>147</Value></HeartRateBpm><Extensions><TPX xmlns="http://www.garmin.com/xmlschemas/ActivityExtension/v2"><Speed>0.000000</Speed></TPX></Extensions></Trackpoint>
     <Trackpoint><Time>2026-03-31T19:23:38.901Z</Time><HeartRateBpm><Value>147</Value></HeartRateBpm><Extensions><TPX xmlns="http://www.garmin.com/xmlschemas/ActivityExtension/v2"><Speed>0.000000</Speed></TPX></Extensions></Trackpoint>
     <Trackpoint><Time>2026-03-31T19:23:40.308Z</Time><HeartRateBpm><Value>147</Value></HeartRateBpm><Extensions><TPX xmlns="http://www.garmin.com/xmlschemas/ActivityExtension/v2"><Speed>0.000000</Speed></TPX></Extensions></Trackpoint>
     <Trackpoint><Time>2026-03-31T19:23:41.495Z</Time><HeartRateBpm><Value>147</Value></HeartRateBpm><Extensions><TPX xmlns="http://www.garmin.com/xmlschemas/ActivityExtension/v2"><Speed>0.000000</Speed></TPX></Extensions></Trackpoint>
     <Trackpoint><Time>2026-03-31T19:23:42.495Z</Time><HeartRateBpm><Value>147</Value></HeartRateBpm><Extensions><TPX xmlns="http://www.garmin.com/xmlschemas/ActivityExtension/v2"><Speed>0.000000</Speed></TPX></Extensions></Trackpoint>
     <Trackpoint><Time>2026-03-31T19:23:44.495Z</Time><HeartRateBpm><Value>147</Value></HeartRateBpm><Extensions><TPX xmlns="http://www.garmin.com/xmlschemas/ActivityExtension/v2"><Speed>0.000000</Speed></TPX></Extensions></Trackpoint>
     <Trackpoint><Time>2026-03-31T19:23:45.495Z</Time><HeartRateBpm><Value>145</Value></HeartRateBpm><Extensions><TPX xmlns="http://www.garmin.com/xmlschemas/ActivityExtension/v2"><Speed>0.000000</Speed></TPX></Extensions></Trackpoint>
     <Trackpoint><Time>2026-03-31T19:23:47.495Z</Time><HeartRateBpm><Value>145</Value></HeartRateBpm><Extensions><TPX xmlns="http://www.garmin.com/xmlschemas/ActivityExtension/v2"><Speed>0.000000</Speed></TPX></Extensions></Trackpoint>
     <Trackpoint><Time>2026-03-31T19:23:48.496Z</Time><HeartRateBpm><Value>145</Value></HeartRateBpm><Extensions><TPX xmlns="http://www.garmin.com/xmlschemas/ActivityExtension/v2"><Speed>0.000000</Speed></TPX></Extensions></Trackpoint>
     <Trackpoint><Time>2026-03-31T19:23:49.517Z</Time><HeartRateBpm><Value>148</Value></HeartRateBpm><Extensions><TPX xmlns="http://www.garmin.com/xmlschemas/ActivityExtension/v2"><Speed>0.000000</Speed></TPX></Extensions></Trackpoint>
     <Trackpoint><Time>2026-03-31T19:23:51.495Z</Time><HeartRateBpm><Value>148</Value></HeartRateBpm><Extensions><TPX xmlns="http://www.garmin.com/xmlschemas/ActivityExtension/v2"><Speed>0.000000</Speed></TPX></Extensions></Trackpoint>
     <Trackpoint><Time>2026-03-31T19:23:53.076Z</Time><HeartRateBpm><Value>148</Value></HeartRateBpm><Extensions><TPX xmlns="http://www.garmin.com/xmlschemas/ActivityExtension/v2"><Speed>0.000000</Speed></TPX></Extensions></Trackpoint>
     <Trackpoint><Time>2026-03-31T19:23:54.495Z</Time><HeartRateBpm><Value>148</Value></HeartRateBpm><Extensions><TPX xmlns="http://www.garmin.com/xmlschemas/ActivityExtension/v2"><Speed>0.000000</Speed></TPX></Extensions></Trackpoint>
     <Trackpoint><Time>2026-03-31T19:23:55.606Z</Time><HeartRateBpm><Value>148</Value></HeartRateBpm><Extensions><TPX xmlns="http://www.garmin.com/xmlschemas/ActivityExtension/v2"><Speed>0.000000</Speed></TPX></Extensions></Trackpoint>
     <Trackpoint><Time>2026-03-31T19:23:57.495Z</Time><HeartRateBpm><Value>148</Value></HeartRateBpm><Extensions><TPX xmlns="http://www.garmin.com/xmlschemas/ActivityExtension/v2"><Speed>0.000000</Speed></TPX></Extensions></Trackpoint>
     <Trackpoint><Time>2026-03-31T19:23:59.495Z</Time><HeartRateBpm><Value>148</Value></HeartRateBpm><Extensions><TPX xmlns="http://www.garmin.com/xmlschemas/ActivityExtension/v2"><Speed>0.000000</Speed></TPX></Extensions></Trackpoint>
     <Trackpoint><Time>2026-03-31T19:24:00.703Z</Time><HeartRateBpm><Value>145</Value></HeartRateBpm><Extensions><TPX xmlns="http://www.garmin.com/xmlschemas/ActivityExtension/v2"><Speed>0.000000</Speed></TPX></Extensions></Trackpoint>
     <Trackpoint><Time>2026-03-31T19:24:02.495Z</Time><HeartRateBpm><Value>145</Value></HeartRateBpm><Extensions><TPX xmlns="http://www.garmin.com/xmlschemas/ActivityExtension/v2"><Speed>0.000000</Speed></TPX></Extensions></Trackpoint>
     <Trackpoint><Time>2026-03-31T19:24:03.495Z</Time><HeartRateBpm><Value>144</Value></HeartRateBpm><Extensions><TPX xmlns="http://www.garmin.com/xmlschemas/ActivityExtension/v2"><Speed>0.000000</Speed></TPX></Extensions></Trackpoint>
     <Trackpoint><Time>2026-03-31T19:24:05.495Z</Time><HeartRateBpm><Value>144</Value></HeartRateBpm><Extensions><TPX xmlns="http://www.garmin.com/xmlschemas/ActivityExtension/v2"><Speed>0.000000</Speed></TPX></Extensions></Trackpoint>
     <Trackpoint><Time>2026-03-31T19:24:07.494Z</Time><HeartRateBpm><Value>144</Value></HeartRateBpm><Extensions><TPX xmlns="http://www.garmin.com/xmlschemas/ActivityExtension/v2"><Speed>0.000000</Speed></TPX></Extensions></Trackpoint>
     <Trackpoint><Time>2026-03-31T19:24:09.495Z</Time><HeartRateBpm><Value>143</Value></HeartRateBpm><Extensions><TPX xmlns="http://www.garmin.com/xmlschemas/ActivityExtension/v2"><Speed>0.000000</Speed></TPX></Extensions></Trackpoint>
     <Trackpoint><Time>2026-03-31T19:24:10.495Z</Time><HeartRateBpm><Value>143</Value></HeartRateBpm><Extensions><TPX xmlns="http://www.garmin.com/xmlschemas/ActivityExtension/v2"><Speed>0.000000</Speed></TPX></Extensions></Trackpoint>
     <Trackpoint><Time>2026-03-31T19:24:12.495Z</Time><HeartRateBpm><Value>143</Value></HeartRateBpm><Extensions><TPX xmlns="http://www.garmin.com/xmlschemas/ActivityExtension/v2"><Speed>0.000000</Speed></TPX></Extensions></Trackpoint>
     <Trackpoint><Time>2026-03-31T19:24:14.494Z</Time><HeartRateBpm><Value>143</Value></HeartRateBpm><Extensions><TPX xmlns="http://www.garmin.com/xmlschemas/ActivityExtension/v2"><Speed>0.000000</Speed></TPX></Extensions></Trackpoint>
     <Trackpoint><Time>2026-03-31T19:24:15.494Z</Time><HeartRateBpm><Value>143</Value></HeartRateBpm><Extensions><TPX xmlns="http://www.garmin.com/xmlschemas/ActivityExtension/v2"><Speed>0.000000</Speed></TPX></Extensions></Trackpoint>
     <Trackpoint><Time>2026-03-31T19:24:17.494Z</Time><HeartRateBpm><Value>143</Value></HeartRateBpm><Extensions><TPX xmlns="http://www.garmin.com/xmlschemas/ActivityExtension/v2"><Speed>0.000000</Speed></TPX></Extensions></Trackpoint>
     <Trackpoint><Time>2026-03-31T19:24:18.554Z</Time><HeartRateBpm><Value>143</Value></HeartRateBpm><Extensions><TPX xmlns="http://www.garmin.com/xmlschemas/ActivityExtension/v2"><Speed>0.000000</Speed></TPX></Extensions></Trackpoint>
     <Trackpoint><Time>2026-03-31T19:24:20.494Z</Time><HeartRateBpm><Value>142</Value></HeartRateBpm><Extensions><TPX xmlns="http://www.garmin.com/xmlschemas/ActivityExtension/v2"><Speed>0.000000</Speed></TPX></Extensions></Trackpoint>
     <Trackpoint><Time>2026-03-31T19:24:22.494Z</Time><HeartRateBpm><Value>142</Value></HeartRateBpm><Extensions><TPX xmlns="http://www.garmin.com/xmlschemas/ActivityExtension/v2"><Speed>0.000000</Speed></TPX></Extensions></Trackpoint>
     <Trackpoint><Time>2026-03-31T19:24:23.495Z</Time><HeartRateBpm><Value>142</Value></HeartRateBpm><Extensions><TPX xmlns="http://www.garmin.com/xmlschemas/ActivityExtension/v2"><Speed>0.000000</Speed></TPX></Extensions></Trackpoint>
     <Trackpoint><Time>2026-03-31T19:24:25.494Z</Time><HeartRateBpm><Value>142</Value></HeartRateBpm><Extensions><TPX xmlns="http://www.garmin.com/xmlschemas/ActivityExtension/v2"><Speed>0.000000</Speed></TPX></Extensions></Trackpoint>
     <Trackpoint><Time>2026-03-31T19:24:26.494Z</Time><HeartRateBpm><Value>142</Value></HeartRateBpm><Extensions><TPX xmlns="http://www.garmin.com/xmlschemas/ActivityExtension/v2"><Speed>0.000000</Speed></TPX></Extensions></Trackpoint>
     <Trackpoint><Time>2026-03-31T19:24:28.494Z</Time><HeartRateBpm><Value>142</Value></HeartRateBpm><Extensions><TPX xmlns="http://www.garmin.com/xmlschemas/ActivityExtension/v2"><Speed>0.000000</Speed></TPX></Extensions></Trackpoint>
     <Trackpoint><Time>2026-03-31T19:24:29.494Z</Time><HeartRateBpm><Value>143</Value></HeartRateBpm><Extensions><TPX xmlns="http://www.garmin.com/xmlschemas/ActivityExtension/v2"><Speed>0.000000</Speed></TPX></Extensions></Trackpoint>
     <Trackpoint><Time>2026-03-31T19:24:30.494Z</Time><HeartRateBpm><Value>143</Value></HeartRateBpm><Extensions><TPX xmlns="http://www.garmin.com/xmlschemas/ActivityExtension/v2"><Speed>0.000000</Speed></TPX></Extensions></Trackpoint>
     <Trackpoint><Time>2026-03-31T19:24:32.494Z</Time><HeartRateBpm><Value>143</Value></HeartRateBpm><Extensions><TPX xmlns="http://www.garmin.com/xmlschemas/ActivityExtension/v2"><Speed>0.000000</Speed></TPX></Extensions></Trackpoint>
     <Trackpoint><Time>2026-03-31T19:24:33.494Z</Time><HeartRateBpm><Value>143</Value></HeartRateBpm><Extensions><TPX xmlns="http://www.garmin.com/xmlschemas/ActivityExtension/v2"><Speed>0.000000</Speed></TPX></Extensions></Trackpoint>
     <Trackpoint><Time>2026-03-31T19:24:34.495Z</Time><HeartRateBpm><Value>143</Value></HeartRateBpm><Extensions><TPX xmlns="http://www.garmin.com/xmlschemas/ActivityExtension/v2"><Speed>0.000000</Speed></TPX></Extensions></Trackpoint>
     <Trackpoint><Time>2026-03-31T19:24:36.388Z</Time><HeartRateBpm><Value>143</Value></HeartRateBpm><Extensions><TPX xmlns="http://www.garmin.com/xmlschemas/ActivityExtension/v2"><Speed>0.000000</Speed></TPX></Extensions></Trackpoint>
     <Trackpoint><Time>2026-03-31T19:24:37.494Z</Time><HeartRateBpm><Value>143</Value></HeartRateBpm><Extensions><TPX xmlns="http://www.garmin.com/xmlschemas/ActivityExtension/v2"><Speed>0.000000</Speed></TPX></Extensions></Trackpoint>
     <Trackpoint><Time>2026-03-31T19:24:38.905Z</Time><HeartRateBpm><Value>143</Value></HeartRateBpm><Extensions><TPX xmlns="http://www.garmin.com/xmlschemas/ActivityExtension/v2"><Speed>0.000000</Speed></TPX></Extensions></Trackpoint>
     <Trackpoint><Time>2026-03-31T19:24:40.494Z</Time><HeartRateBpm><Value>142</Value></HeartRateBpm><Extensions><TPX xmlns="http://www.garmin.com/xmlschemas/ActivityExtension/v2"><Speed>0.000000</Speed></TPX></Extensions></Trackpoint>
     <Trackpoint><Time>2026-03-31T19:24:41.495Z</Time><HeartRateBpm><Value>142</Value></HeartRateBpm><Extensions><TPX xmlns="http://www.garmin.com/xmlschemas/ActivityExtension/v2"><Speed>0.000000</Speed></TPX></Extensions></Trackpoint>
     <Trackpoint><Time>2026-03-31T19:24:43.494Z</Time><HeartRateBpm><Value>142</Value></HeartRateBpm><Extensions><TPX xmlns="http://www.garmin.com/xmlschemas/ActivityExtension/v2"><Speed>0.000000</Speed></TPX></Extensions></Trackpoint>
     <Trackpoint><Time>2026-03-31T19:24:45.494Z</Time><HeartRateBpm><Value>140</Value></HeartRateBpm><Extensions><TPX xmlns="http://www.garmin.com/xmlschemas/ActivityExtension/v2"><Speed>0.000000</Speed></TPX></Extensions></Trackpoint>
     <Trackpoint><Time>2026-03-31T19:24:46.494Z</Time><HeartRateBpm><Value>140</Value></HeartRateBpm><Extensions><TPX xmlns="http://www.garmin.com/xmlschemas/ActivityExtension/v2"><Speed>0.000000</Speed></TPX></Extensions></Trackpoint>
     <Trackpoint><Time>2026-03-31T19:24:48.494Z</Time><HeartRateBpm><Value>140</Value></HeartRateBpm><Extensions><TPX xmlns="http://www.garmin.com/xmlschemas/ActivityExtension/v2"><Speed>0.000000</Speed></TPX></Extensions></Trackpoint>
     <Trackpoint><Time>2026-03-31T19:24:49.494Z</Time><HeartRateBpm><Value>141</Value></HeartRateBpm><Extensions><TPX xmlns="http://www.garmin.com/xmlschemas/ActivityExtension/v2"><Speed>0.000000</Speed></TPX></Extensions></Trackpoint>
     <Trackpoint><Time>2026-03-31T19:24:50.494Z</Time><HeartRateBpm><Value>141</Value></HeartRateBpm><Extensions><TPX xmlns="http://www.garmin.com/xmlschemas/ActivityExtension/v2"><Speed>0.000000</Speed></TPX></Extensions></Trackpoint>
     <Trackpoint><Time>2026-03-31T19:24:51.684Z</Time><HeartRateBpm><Value>141</Value></HeartRateBpm><Extensions><TPX xmlns="http://www.garmin.com/xmlschemas/ActivityExtension/v2"><Speed>0.000000</Speed></TPX></Extensions></Trackpoint>
     <Trackpoint><Time>2026-03-31T19:24:53.494Z</Time><HeartRateBpm><Value>141</Value></HeartRateBpm><Extensions><TPX xmlns="http://www.garmin.com/xmlschemas/ActivityExtension/v2"><Speed>0.000000</Speed></TPX></Extensions></Trackpoint>
     <Trackpoint><Time>2026-03-31T19:24:54.494Z</Time><HeartRateBpm><Value>144</Value></HeartRateBpm><Extensions><TPX xmlns="http://www.garmin.com/xmlschemas/ActivityExtension/v2"><Speed>0.000000</Speed></TPX></Extensions></Trackpoint>
     <Trackpoint><Time>2026-03-31T19:24:56.494Z</Time><HeartRateBpm><Value>144</Value></HeartRateBpm><Extensions><TPX xmlns="http://www.garmin.com/xmlschemas/ActivityExtension/v2"><Speed>0.000000</Speed></TPX></Extensions></Trackpoint>
     <Trackpoint><Time>2026-03-31T19:24:57.494Z</Time><HeartRateBpm><Value>144</Value></HeartRateBpm><Extensions><TPX xmlns="http://www.garmin.com/xmlschemas/ActivityExtension/v2"><Speed>0.000000</Speed></TPX></Extensions></Trackpoint>
     <Trackpoint><Time>2026-03-31T19:24:58.494Z</Time><HeartRateBpm><Value>144</Value></HeartRateBpm><Extensions><TPX xmlns="http://www.garmin.com/xmlschemas/ActivityExtension/v2"><Speed>0.000000</Speed></TPX></Extensions></Trackpoint>
     <Trackpoint><Time>2026-03-31T19:25:00.494Z</Time><HeartRateBpm><Value>142</Value></HeartRateBpm><Extensions><TPX xmlns="http://www.garmin.com/xmlschemas/ActivityExtension/v2"><Speed>0.000000</Speed></TPX></Extensions></Trackpoint>
     <Trackpoint><Time>2026-03-31T19:25:01.879Z</Time><HeartRateBpm><Value>142</Value></HeartRateBpm><Extensions><TPX xmlns="http://www.garmin.com/xmlschemas/ActivityExtension/v2"><Speed>0.000000</Speed></TPX></Extensions></Trackpoint>
     <Trackpoint><Time>2026-03-31T19:25:03.494Z</Time><HeartRateBpm><Value>142</Value></HeartRateBpm><Extensions><TPX xmlns="http://www.garmin.com/xmlschemas/ActivityExtension/v2"><Speed>0.000000</Speed></TPX></Extensions></Trackpoint>
     <Trackpoint><Time>2026-03-31T19:25:05.494Z</Time><HeartRateBpm><Value>141</Value></HeartRateBpm><Extensions><TPX xmlns="http://www.garmin.com/xmlschemas/ActivityExtension/v2"><Speed>0.000000</Speed></TPX></Extensions></Trackpoint>
     <Trackpoint><Time>2026-03-31T19:25:06.494Z</Time><HeartRateBpm><Value>141</Value></HeartRateBpm><Extensions><TPX xmlns="http://www.garmin.com/xmlschemas/ActivityExtension/v2"><Speed>0.000000</Speed></TPX></Extensions></Trackpoint>
     <Trackpoint><Time>2026-03-31T19:25:08.494Z</Time><HeartRateBpm><Value>141</Value></HeartRateBpm><Extensions><TPX xmlns="http://www.garmin.com/xmlschemas/ActivityExtension/v2"><Speed>0.000000</Speed></TPX></Extensions></Trackpoint>
     <Trackpoint><Time>2026-03-31T19:25:09.494Z</Time><HeartRateBpm><Value>140</Value></HeartRateBpm><Extensions><TPX xmlns="http://www.garmin.com/xmlschemas/ActivityExtension/v2"><Speed>0.000000</Speed></TPX></Extensions></Trackpoint>
     <Trackpoint><Time>2026-03-31T19:25:11.494Z</Time><HeartRateBpm><Value>140</Value></HeartRateBpm><Extensions><TPX xmlns="http://www.garmin.com/xmlschemas/ActivityExtension/v2"><Speed>0.000000</Speed></TPX></Extensions></Trackpoint>
     <Trackpoint><Time>2026-03-31T19:25:13.494Z</Time><HeartRateBpm><Value>140</Value></HeartRateBpm><Extensions><TPX xmlns="http://www.garmin.com/xmlschemas/ActivityExtension/v2"><Speed>0.000000</Speed></TPX></Extensions></Trackpoint>
     <Trackpoint><Time>2026-03-31T19:25:14.494Z</Time><HeartRateBpm><Value>140</Value></HeartRateBpm><Extensions><TPX xmlns="http://www.garmin.com/xmlschemas/ActivityExtension/v2"><Speed>0.000000</Speed></TPX></Extensions></Trackpoint>
     <Trackpoint><Time>2026-03-31T19:25:15.494Z</Time><HeartRateBpm><Value>142</Value></HeartRateBpm><Extensions><TPX xmlns="http://www.garmin.com/xmlschemas/ActivityExtension/v2"><Speed>0.000000</Speed></TPX></Extensions></Trackpoint>
     <Trackpoint><Time>2026-03-31T19:25:16.494Z</Time><HeartRateBpm><Value>142</Value></HeartRateBpm><Extensions><TPX xmlns="http://www.garmin.com/xmlschemas/ActivityExtension/v2"><Speed>0.000000</Speed></TPX></Extensions></Trackpoint>
     <Trackpoint><Time>2026-03-31T19:25:18.494Z</Time><HeartRateBpm><Value>142</Value></HeartRateBpm><Extensions><TPX xmlns="http://www.garmin.com/xmlschemas/ActivityExtension/v2"><Speed>0.000000</Speed></TPX></Extensions></Trackpoint>
     <Trackpoint><Time>2026-03-31T19:25:19.722Z</Time><HeartRateBpm><Value>141</Value></HeartRateBpm><Extensions><TPX xmlns="http://www.garmin.com/xmlschemas/ActivityExtension/v2"><Speed>0.000000</Speed></TPX></Extensions></Trackpoint>
     <Trackpoint><Time>2026-03-31T19:25:21.494Z</Time><HeartRateBpm><Value>141</Value></HeartRateBpm><Extensions><TPX xmlns="http://www.garmin.com/xmlschemas/ActivityExtension/v2"><Speed>0.000000</Speed></TPX></Extensions></Trackpoint>
     <Trackpoint><Time>2026-03-31T19:25:23.494Z</Time><HeartRateBpm><Value>141</Value></HeartRateBpm><Extensions><TPX xmlns="http://www.garmin.com/xmlschemas/ActivityExtension/v2"><Speed>0.000000</Speed></TPX></Extensions></Trackpoint>
     <Trackpoint><Time>2026-03-31T19:25:24.513Z</Time><HeartRateBpm><Value>142</Value></HeartRateBpm><Extensions><TPX xmlns="http://www.garmin.com/xmlschemas/ActivityExtension/v2"><Speed>0.000000</Speed></TPX></Extensions></Trackpoint>
     <Trackpoint><Time>2026-03-31T19:25:26.494Z</Time><HeartRateBpm><Value>142</Value></HeartRateBpm><Extensions><TPX xmlns="http://www.garmin.com/xmlschemas/ActivityExtension/v2"><Speed>0.000000</Speed></TPX></Extensions></Trackpoint>
     <Trackpoint><Time>2026-03-31T19:25:28.494Z</Time><HeartRateBpm><Value>142</Value></HeartRateBpm><Extensions><TPX xmlns="http://www.garmin.com/xmlschemas/ActivityExtension/v2"><Speed>0.000000</Speed></TPX></Extensions></Trackpoint>
     <Trackpoint><Time>2026-03-31T19:25:29.936Z</Time><HeartRateBpm><Value>142</Value></HeartRateBpm><Extensions><TPX xmlns="http://www.garmin.com/xmlschemas/ActivityExtension/v2"><Speed>0.000000</Speed></TPX></Extensions></Trackpoint>
     <Trackpoint><Time>2026-03-31T19:25:31.494Z</Time><HeartRateBpm><Value>142</Value></HeartRateBpm><Extensions><TPX xmlns="http://www.garmin.com/xmlschemas/ActivityExtension/v2"><Speed>0.000000</Speed></TPX></Extensions></Trackpoint>
     <Trackpoint><Time>2026-03-31T19:25:33.494Z</Time><HeartRateBpm><Value>142</Value></HeartRateBpm><Extensions><TPX xmlns="http://www.garmin.com/xmlschemas/ActivityExtension/v2"><Speed>0.000000</Speed></TPX></Extensions></Trackpoint>
     <Trackpoint><Time>2026-03-31T19:25:35.020Z</Time><HeartRateBpm><Value>143</Value></HeartRateBpm><Extensions><TPX xmlns="http://www.garmin.com/xmlschemas/ActivityExtension/v2"><Speed>0.000000</Speed></TPX></Extensions></Trackpoint>
     <Trackpoint><Time>2026-03-31T19:25:36.494Z</Time><HeartRateBpm><Value>143</Value></HeartRateBpm><Extensions><TPX xmlns="http://www.garmin.com/xmlschemas/ActivityExtension/v2"><Speed>0.000000</Speed></TPX></Extensions></Trackpoint>
     <Trackpoint><Time>2026-03-31T19:25:37.564Z</Time><HeartRateBpm><Value>143</Value></HeartRateBpm><Extensions><TPX xmlns="http://www.garmin.com/xmlschemas/ActivityExtension/v2"><Speed>0.000000</Speed></TPX></Extensions></Trackpoint>
     <Trackpoint><Time>2026-03-31T19:25:38.897Z</Time><HeartRateBpm><Value>143</Value></HeartRateBpm><Extensions><TPX xmlns="http://www.garmin.com/xmlschemas/ActivityExtension/v2"><Speed>0.000000</Speed></TPX></Extensions></Trackpoint>
     <Trackpoint><Time>2026-03-31T19:25:40.132Z</Time><HeartRateBpm><Value>143</Value></HeartRateBpm><Extensions><TPX xmlns="http://www.garmin.com/xmlschemas/ActivityExtension/v2"><Speed>0.000000</Speed></TPX></Extensions></Trackpoint>
     <Trackpoint><Time>2026-03-31T19:25:41.494Z</Time><HeartRateBpm><Value>143</Value></HeartRateBpm><Extensions><TPX xmlns="http://www.garmin.com/xmlschemas/ActivityExtension/v2"><Speed>0.000000</Speed></TPX></Extensions></Trackpoint>
     <Trackpoint><Time>2026-03-31T19:25:42.663Z</Time><HeartRateBpm><Value>143</Value></HeartRateBpm><Extensions><TPX xmlns="http://www.garmin.com/xmlschemas/ActivityExtension/v2"><Speed>0.000000</Speed></TPX></Extensions></Trackpoint>
     <Trackpoint><Time>2026-03-31T19:25:43.901Z</Time><HeartRateBpm><Value>139</Value></HeartRateBpm><Extensions><TPX xmlns="http://www.garmin.com/xmlschemas/ActivityExtension/v2"><Speed>0.000000</Speed></TPX></Extensions></Trackpoint>
     <Trackpoint><Time>2026-03-31T19:25:45.216Z</Time><HeartRateBpm><Value>139</Value></HeartRateBpm><Extensions><TPX xmlns="http://www.garmin.com/xmlschemas/ActivityExtension/v2"><Speed>0.000000</Speed></TPX></Extensions></Trackpoint>
     <Trackpoint><Time>2026-03-31T19:25:46.494Z</Time><HeartRateBpm><Value>139</Value></HeartRateBpm><Extensions><TPX xmlns="http://www.garmin.com/xmlschemas/ActivityExtension/v2"><Speed>0.000000</Speed></TPX></Extensions></Trackpoint>
     <Trackpoint><Time>2026-03-31T19:25:47.762Z</Time><HeartRateBpm><Value>139</Value></HeartRateBpm><Extensions><TPX xmlns="http://www.garmin.com/xmlschemas/ActivityExtension/v2"><Speed>0.000000</Speed></TPX></Extensions></Trackpoint>
     <Trackpoint><Time>2026-03-31T19:25:48.897Z</Time><HeartRateBpm><Value>142</Value></HeartRateBpm><Extensions><TPX xmlns="http://www.garmin.com/xmlschemas/ActivityExtension/v2"><Speed>0.000000</Speed></TPX></Extensions></Trackpoint>
     <Trackpoint><Time>2026-03-31T19:25:50.309Z</Time><HeartRateBpm><Value>142</Value></HeartRateBpm><Extensions><TPX xmlns="http://www.garmin.com/xmlschemas/ActivityExtension/v2"><Speed>0.000000</Speed></TPX></Extensions></Trackpoint>
     <Trackpoint><Time>2026-03-31T19:25:51.494Z</Time><HeartRateBpm><Value>142</Value></HeartRateBpm><Extensions><TPX xmlns="http://www.garmin.com/xmlschemas/ActivityExtension/v2"><Speed>0.000000</Speed></TPX></Extensions></Trackpoint>
     <Trackpoint><Time>2026-03-31T19:25:52.494Z</Time><HeartRateBpm><Value>142</Value></HeartRateBpm><Extensions><TPX xmlns="http://www.garmin.com/xmlschemas/ActivityExtension/v2"><Speed>0.000000</Speed></TPX></Extensions></Trackpoint>
     <Trackpoint><Time>2026-03-31T19:25:53.494Z</Time><HeartRateBpm><Value>142</Value></HeartRateBpm><Extensions><TPX xmlns="http://www.garmin.com/xmlschemas/ActivityExtension/v2"><Speed>0.000000</Speed></TPX></Extensions></Trackpoint>
     <Trackpoint><Time>2026-03-31T19:25:54.528Z</Time><HeartRateBpm><Value>142</Value></HeartRateBpm><Extensions><TPX xmlns="http://www.garmin.com/xmlschemas/ActivityExtension/v2"><Speed>0.000000</Speed></TPX></Extensions></Trackpoint>
     <Trackpoint><Time>2026-03-31T19:25:56.494Z</Time><HeartRateBpm><Value>142</Value></HeartRateBpm><Extensions><TPX xmlns="http://www.garmin.com/xmlschemas/ActivityExtension/v2"><Speed>0.000000</Speed></TPX></Extensions></Trackpoint>
     <Trackpoint><Time>2026-03-31T19:25:57.960Z</Time><HeartRateBpm><Value>142</Value></HeartRateBpm><Extensions><TPX xmlns="http://www.garmin.com/xmlschemas/ActivityExtension/v2"><Speed>0.000000</Speed></TPX></Extensions></Trackpoint>
     <Trackpoint><Time>2026-03-31T19:25:59.494Z</Time><HeartRateBpm><Value>142</Value></HeartRateBpm><Extensions><TPX xmlns="http://www.garmin.com/xmlschemas/ActivityExtension/v2"><Speed>0.000000</Speed></TPX></Extensions></Trackpoint>
     <Trackpoint><Time>2026-03-31T19:26:00.506Z</Time><HeartRateBpm><Value>142</Value></HeartRateBpm><Extensions><TPX xmlns="http://www.garmin.com/xmlschemas/ActivityExtension/v2"><Speed>0.000000</Speed></TPX></Extensions></Trackpoint>
     <Trackpoint><Time>2026-03-31T19:26:02.494Z</Time><HeartRateBpm><Value>142</Value></HeartRateBpm><Extensions><TPX xmlns="http://www.garmin.com/xmlschemas/ActivityExtension/v2"><Speed>0.000000</Speed></TPX></Extensions></Trackpoint>
     <Trackpoint><Time>2026-03-31T19:26:04.494Z</Time><HeartRateBpm><Value>146</Value></HeartRateBpm><Extensions><TPX xmlns="http://www.garmin.com/xmlschemas/ActivityExtension/v2"><Speed>0.000000</Speed></TPX></Extensions></Trackpoint>
     <Trackpoint><Time>2026-03-31T19:26:05.494Z</Time><HeartRateBpm><Value>146</Value></HeartRateBpm><Extensions><TPX xmlns="http://www.garmin.com/xmlschemas/ActivityExtension/v2"><Speed>0.000000</Speed></TPX></Extensions></Trackpoint>
     <Trackpoint><Time>2026-03-31T19:26:07.494Z</Time><HeartRateBpm><Value>146</Value></HeartRateBpm><Extensions><TPX xmlns="http://www.garmin.com/xmlschemas/ActivityExtension/v2"><Speed>0.000000</Speed></TPX></Extensions></Trackpoint>
     <Trackpoint><Time>2026-03-31T19:26:09.494Z</Time><HeartRateBpm><Value>142</Value></HeartRateBpm><Extensions><TPX xmlns="http://www.garmin.com/xmlschemas/ActivityExtension/v2"><Speed>0.000000</Speed></TPX></Extensions></Trackpoint>
     <Trackpoint><Time>2026-03-31T19:26:10.705Z</Time><HeartRateBpm><Value>142</Value></HeartRateBpm><Extensions><TPX xmlns="http://www.garmin.com/xmlschemas/ActivityExtension/v2"><Speed>0.000000</Speed></TPX></Extensions></Trackpoint>
     <Trackpoint><Time>2026-03-31T19:26:12.494Z</Time><HeartRateBpm><Value>142</Value></HeartRateBpm><Extensions><TPX xmlns="http://www.garmin.com/xmlschemas/ActivityExtension/v2"><Speed>0.000000</Speed></TPX></Extensions></Trackpoint>
     <Trackpoint><Time>2026-03-31T19:26:13.494Z</Time><HeartRateBpm><Value>142</Value></HeartRateBpm><Extensions><TPX xmlns="http://www.garmin.com/xmlschemas/ActivityExtension/v2"><Speed>0.000000</Speed></TPX></Extensions></Trackpoint>
     <Trackpoint><Time>2026-03-31T19:26:14.517Z</Time><HeartRateBpm><Value>144</Value></HeartRateBpm><Extensions><TPX xmlns="http://www.garmin.com/xmlschemas/ActivityExtension/v2"><Speed>0.000000</Speed></TPX></Extensions></Trackpoint>
     <Trackpoint><Time>2026-03-31T19:26:15.802Z</Time><HeartRateBpm><Value>144</Value></HeartRateBpm><Extensions><TPX xmlns="http://www.garmin.com/xmlschemas/ActivityExtension/v2"><Speed>0.000000</Speed></TPX></Extensions></Trackpoint>
     <Trackpoint><Time>2026-03-31T19:26:17.494Z</Time><HeartRateBpm><Value>144</Value></HeartRateBpm><Extensions><TPX xmlns="http://www.garmin.com/xmlschemas/ActivityExtension/v2"><Speed>0.000000</Speed></TPX></Extensions></Trackpoint>
     <Trackpoint><Time>2026-03-31T19:26:19.494Z</Time><HeartRateBpm><Value>144</Value></HeartRateBpm><Extensions><TPX xmlns="http://www.garmin.com/xmlschemas/ActivityExtension/v2"><Speed>0.000000</Speed></TPX></Extensions></Trackpoint>
     <Trackpoint><Time>2026-03-31T19:26:20.892Z</Time><HeartRateBpm><Value>142</Value></HeartRateBpm><Extensions><TPX xmlns="http://www.garmin.com/xmlschemas/ActivityExtension/v2"><Speed>0.000000</Speed></TPX></Extensions></Trackpoint>
     <Trackpoint><Time>2026-03-31T19:26:22.494Z</Time><HeartRateBpm><Value>142</Value></HeartRateBpm><Extensions><TPX xmlns="http://www.garmin.com/xmlschemas/ActivityExtension/v2"><Speed>0.000000</Speed></TPX></Extensions></Trackpoint>
     <Trackpoint><Time>2026-03-31T19:26:24.494Z</Time><HeartRateBpm><Value>141</Value></HeartRateBpm><Extensions><TPX xmlns="http://www.garmin.com/xmlschemas/ActivityExtension/v2"><Speed>0.000000</Speed></TPX></Extensions></Trackpoint>
     <Trackpoint><Time>2026-03-31T19:26:25.998Z</Time><HeartRateBpm><Value>141</Value></HeartRateBpm><Extensions><TPX xmlns="http://www.garmin.com/xmlschemas/ActivityExtension/v2"><Speed>0.000000</Speed></TPX></Extensions></Trackpoint>
     <Trackpoint><Time>2026-03-31T19:26:27.494Z</Time><HeartRateBpm><Value>141</Value></HeartRateBpm><Extensions><TPX xmlns="http://www.garmin.com/xmlschemas/ActivityExtension/v2"><Speed>0.000000</Speed></TPX></Extensions></Trackpoint>
     <Trackpoint><Time>2026-03-31T19:26:28.546Z</Time><HeartRateBpm><Value>141</Value></HeartRateBpm><Extensions><TPX xmlns="http://www.garmin.com/xmlschemas/ActivityExtension/v2"><Speed>0.000000</Speed></TPX></Extensions></Trackpoint>
     <Trackpoint><Time>2026-03-31T19:26:30.494Z</Time><HeartRateBpm><Value>141</Value></HeartRateBpm><Extensions><TPX xmlns="http://www.garmin.com/xmlschemas/ActivityExtension/v2"><Speed>0.000000</Speed></TPX></Extensions></Trackpoint>
     <Trackpoint><Time>2026-03-31T19:26:32.494Z</Time><HeartRateBpm><Value>141</Value></HeartRateBpm><Extensions><TPX xmlns="http://www.garmin.com/xmlschemas/ActivityExtension/v2"><Speed>0.000000</Speed></TPX></Extensions></Trackpoint>
     <Trackpoint><Time>2026-03-31T19:26:33.643Z</Time><HeartRateBpm><Value>141</Value></HeartRateBpm><Extensions><TPX xmlns="http://www.garmin.com/xmlschemas/ActivityExtension/v2"><Speed>0.000000</Speed></TPX></Extensions></Trackpoint>
     <Trackpoint><Time>2026-03-31T19:26:35.494Z</Time><HeartRateBpm><Value>143</Value></HeartRateBpm><Extensions><TPX xmlns="http://www.garmin.com/xmlschemas/ActivityExtension/v2"><Speed>0.000000</Speed></TPX></Extensions></Trackpoint>
     <Trackpoint><Time>2026-03-31T19:26:36.494Z</Time><HeartRateBpm><Value>143</Value></HeartRateBpm><Extensions><TPX xmlns="http://www.garmin.com/xmlschemas/ActivityExtension/v2"><Speed>0.000000</Speed></TPX></Extensions></Trackpoint>
     <Trackpoint><Time>2026-03-31T19:26:38.494Z</Time><HeartRateBpm><Value>143</Value></HeartRateBpm><Extensions><TPX xmlns="http://www.garmin.com/xmlschemas/ActivityExtension/v2"><Speed>0.000000</Speed></TPX></Extensions></Trackpoint>
     <Trackpoint><Time>2026-03-31T19:26:40.494Z</Time><HeartRateBpm><Value>141</Value></HeartRateBpm><Extensions><TPX xmlns="http://www.garmin.com/xmlschemas/ActivityExtension/v2"><Speed>0.000000</Speed></TPX></Extensions></Trackpoint>
     <Trackpoint><Time>2026-03-31T19:26:42.494Z</Time><HeartRateBpm><Value>141</Value></HeartRateBpm><Extensions><TPX xmlns="http://www.garmin.com/xmlschemas/ActivityExtension/v2"><Speed>0.000000</Speed></TPX></Extensions></Trackpoint>
     <Trackpoint><Time>2026-03-31T19:26:43.843Z</Time><HeartRateBpm><Value>141</Value></HeartRateBpm><Extensions><TPX xmlns="http://www.garmin.com/xmlschemas/ActivityExtension/v2"><Speed>0.000000</Speed></TPX></Extensions></Trackpoint>
     <Trackpoint><Time>2026-03-31T19:26:45.494Z</Time><HeartRateBpm><Value>139</Value></HeartRateBpm><Extensions><TPX xmlns="http://www.garmin.com/xmlschemas/ActivityExtension/v2"><Speed>0.000000</Speed></TPX></Extensions></Trackpoint>
     <Trackpoint><Time>2026-03-31T19:26:47.494Z</Time><HeartRateBpm><Value>139</Value></HeartRateBpm><Extensions><TPX xmlns="http://www.garmin.com/xmlschemas/ActivityExtension/v2"><Speed>0.000000</Speed></TPX></Extensions></Trackpoint>
     <Trackpoint><Time>2026-03-31T19:26:48.909Z</Time><HeartRateBpm><Value>139</Value></HeartRateBpm><Extensions><TPX xmlns="http://www.garmin.com/xmlschemas/ActivityExtension/v2"><Speed>0.000000</Speed></TPX></Extensions></Trackpoint>
     <Trackpoint><Time>2026-03-31T19:26:50.494Z</Time><HeartRateBpm><Value>137</Value></HeartRateBpm><Extensions><TPX xmlns="http://www.garmin.com/xmlschemas/ActivityExtension/v2"><Speed>0.000000</Speed></TPX></Extensions></Trackpoint>
     <Trackpoint><Time>2026-03-31T19:26:52.494Z</Time><HeartRateBpm><Value>137</Value></HeartRateBpm><Extensions><TPX xmlns="http://www.garmin.com/xmlschemas/ActivityExtension/v2"><Speed>0.000000</Speed></TPX></Extensions></Trackpoint>
     <Trackpoint><Time>2026-03-31T19:26:53.494Z</Time><HeartRateBpm><Value>137</Value></HeartRateBpm><Extensions><TPX xmlns="http://www.garmin.com/xmlschemas/ActivityExtension/v2"><Speed>0.000000</Speed></TPX></Extensions></Trackpoint>
     <Trackpoint><Time>2026-03-31T19:26:55.494Z</Time><HeartRateBpm><Value>139</Value></HeartRateBpm><Extensions><TPX xmlns="http://www.garmin.com/xmlschemas/ActivityExtension/v2"><Speed>0.000000</Speed></TPX></Extensions></Trackpoint>
     <Trackpoint><Time>2026-03-31T19:26:56.494Z</Time><HeartRateBpm><Value>139</Value></HeartRateBpm><Extensions><TPX xmlns="http://www.garmin.com/xmlschemas/ActivityExtension/v2"><Speed>0.000000</Speed></TPX></Extensions></Trackpoint>
     <Trackpoint><Time>2026-03-31T19:26:58.494Z</Time><HeartRateBpm><Value>139</Value></HeartRateBpm><Extensions><TPX xmlns="http://www.garmin.com/xmlschemas/ActivityExtension/v2"><Speed>0.000000</Speed></TPX></Extensions></Trackpoint>
     <Trackpoint><Time>2026-03-31T19:27:00.494Z</Time><HeartRateBpm><Value>140</Value></HeartRateBpm><Extensions><TPX xmlns="http://www.garmin.com/xmlschemas/ActivityExtension/v2"><Speed>0.000000</Speed></TPX></Extensions></Trackpoint>
     <Trackpoint><Time>2026-03-31T19:27:01.681Z</Time><HeartRateBpm><Value>140</Value></HeartRateBpm><Extensions><TPX xmlns="http://www.garmin.com/xmlschemas/ActivityExtension/v2"><Speed>0.000000</Speed></TPX></Extensions></Trackpoint>
     <Trackpoint><Time>2026-03-31T19:27:03.494Z</Time><HeartRateBpm><Value>140</Value></HeartRateBpm><Extensions><TPX xmlns="http://www.garmin.com/xmlschemas/ActivityExtension/v2"><Speed>0.000000</Speed></TPX></Extensions></Trackpoint>
     <Trackpoint><Time>2026-03-31T19:27:05.494Z</Time><HeartRateBpm><Value>141</Value></HeartRateBpm><Extensions><TPX xmlns="http://www.garmin.com/xmlschemas/ActivityExtension/v2"><Speed>0.000000</Speed></TPX></Extensions></Trackpoint>
     <Trackpoint><Time>2026-03-31T19:27:06.782Z</Time><HeartRateBpm><Value>141</Value></HeartRateBpm><Extensions><TPX xmlns="http://www.garmin.com/xmlschemas/ActivityExtension/v2"><Speed>0.000000</Speed></TPX></Extensions></Trackpoint>
     <Trackpoint><Time>2026-03-31T19:27:08.494Z</Time><HeartRateBpm><Value>141</Value></HeartRateBpm><Extensions><TPX xmlns="http://www.garmin.com/xmlschemas/ActivityExtension/v2"><Speed>0.000000</Speed></TPX></Extensions></Trackpoint>
     <Trackpoint><Time>2026-03-31T19:27:09.494Z</Time><HeartRateBpm><Value>141</Value></HeartRateBpm><Extensions><TPX xmlns="http://www.garmin.com/xmlschemas/ActivityExtension/v2"><Speed>0.000000</Speed></TPX></Extensions></Trackpoint>
     <Trackpoint><Time>2026-03-31T19:27:11.494Z</Time><HeartRateBpm><Value>141</Value></HeartRateBpm><Extensions><TPX xmlns="http://www.garmin.com/xmlschemas/ActivityExtension/v2"><Speed>0.000000</Speed></TPX></Extensions></Trackpoint>
     <Trackpoint><Time>2026-03-31T19:27:13.494Z</Time><HeartRateBpm><Value>141</Value></HeartRateBpm><Extensions><TPX xmlns="http://www.garmin.com/xmlschemas/ActivityExtension/v2"><Speed>0.000000</Speed></TPX></Extensions></Trackpoint>
     <Trackpoint><Time>2026-03-31T19:27:14.494Z</Time><HeartRateBpm><Value>140</Value></HeartRateBpm><Extensions><TPX xmlns="http://www.garmin.com/xmlschemas/ActivityExtension/v2"><Speed>0.000000</Speed></TPX></Extensions></Trackpoint>
     <Trackpoint><Time>2026-03-31T19:27:16.494Z</Time><HeartRateBpm><Value>140</Value></HeartRateBpm><Extensions><TPX xmlns="http://www.garmin.com/xmlschemas/ActivityExtension/v2"><Speed>0.000000</Speed></TPX></Extensions></Trackpoint>
     <Trackpoint><Time>2026-03-31T19:27:17.494Z</Time><HeartRateBpm><Value>140</Value></HeartRateBpm><Extensions><TPX xmlns="http://www.garmin.com/xmlschemas/ActivityExtension/v2"><Speed>0.000000</Speed></TPX></Extensions></Trackpoint>
     <Trackpoint><Time>2026-03-31T19:27:18.929Z</Time><HeartRateBpm><Value>143</Value></HeartRateBpm><Extensions><TPX xmlns="http://www.garmin.com/xmlschemas/ActivityExtension/v2"><Speed>0.000000</Speed></TPX></Extensions></Trackpoint>
     <Trackpoint><Time>2026-03-31T19:27:20.494Z</Time><HeartRateBpm><Value>143</Value></HeartRateBpm><Extensions><TPX xmlns="http://www.garmin.com/xmlschemas/ActivityExtension/v2"><Speed>0.000000</Speed></TPX></Extensions></Trackpoint>
     <Trackpoint><Time>2026-03-31T19:27:22.077Z</Time><HeartRateBpm><Value>143</Value></HeartRateBpm><Extensions><TPX xmlns="http://www.garmin.com/xmlschemas/ActivityExtension/v2"><Speed>0.000000</Speed></TPX></Extensions></Trackpoint>
     <Trackpoint><Time>2026-03-31T19:27:23.494Z</Time><HeartRateBpm><Value>143</Value></HeartRateBpm><Extensions><TPX xmlns="http://www.garmin.com/xmlschemas/ActivityExtension/v2"><Speed>0.000000</Speed></TPX></Extensions></Trackpoint>
     <Trackpoint><Time>2026-03-31T19:27:24.629Z</Time><HeartRateBpm><Value>142</Value></HeartRateBpm><Extensions><TPX xmlns="http://www.garmin.com/xmlschemas/ActivityExtension/v2"><Speed>0.000000</Speed></TPX></Extensions></Trackpoint>
     <Trackpoint><Time>2026-03-31T19:27:26.494Z</Time><HeartRateBpm><Value>142</Value></HeartRateBpm><Extensions><TPX xmlns="http://www.garmin.com/xmlschemas/ActivityExtension/v2"><Speed>0.000000</Speed></TPX></Extensions></Trackpoint>
     <Trackpoint><Time>2026-03-31T19:27:28.494Z</Time><HeartRateBpm><Value>142</Value></HeartRateBpm><Extensions><TPX xmlns="http://www.garmin.com/xmlschemas/ActivityExtension/v2"><Speed>0.000000</Speed></TPX></Extensions></Trackpoint>
     <Trackpoint><Time>2026-03-31T19:27:29.494Z</Time><HeartRateBpm><Value>142</Value></HeartRateBpm><Extensions><TPX xmlns="http://www.garmin.com/xmlschemas/ActivityExtension/v2"><Speed>0.000000</Speed></TPX></Extensions></Trackpoint>
     <Trackpoint><Time>2026-03-31T19:27:30.494Z</Time><HeartRateBpm><Value>142</Value></HeartRateBpm><Extensions><TPX xmlns="http://www.garmin.com/xmlschemas/ActivityExtension/v2"><Speed>0.000000</Speed></TPX></Extensions></Trackpoint>
     <Trackpoint><Time>2026-03-31T19:27:32.270Z</Time><HeartRateBpm><Value>142</Value></HeartRateBpm><Extensions><TPX xmlns="http://www.garmin.com/xmlschemas/ActivityExtension/v2"><Speed>0.000000</Speed></TPX></Extensions></Trackpoint>
     <Trackpoint><Time>2026-03-31T19:27:33.494Z</Time><HeartRateBpm><Value>142</Value></HeartRateBpm><Extensions><TPX xmlns="http://www.garmin.com/xmlschemas/ActivityExtension/v2"><Speed>0.000000</Speed></TPX></Extensions></Trackpoint>
     <Trackpoint><Time>2026-03-31T19:27:34.494Z</Time><HeartRateBpm><Value>142</Value></HeartRateBpm><Extensions><TPX xmlns="http://www.garmin.com/xmlschemas/ActivityExtension/v2"><Speed>0.000000</Speed></TPX></Extensions></Trackpoint>
     <Trackpoint><Time>2026-03-31T19:27:35.494Z</Time><HeartRateBpm><Value>143</Value></HeartRateBpm><Extensions><TPX xmlns="http://www.garmin.com/xmlschemas/ActivityExtension/v2"><Speed>0.000000</Speed></TPX></Extensions></Trackpoint>
     <Trackpoint><Time>2026-03-31T19:27:36.494Z</Time><HeartRateBpm><Value>143</Value></HeartRateBpm><Extensions><TPX xmlns="http://www.garmin.com/xmlschemas/ActivityExtension/v2"><Speed>0.000000</Speed></TPX></Extensions></Trackpoint>
     <Trackpoint><Time>2026-03-31T19:27:38.494Z</Time><HeartRateBpm><Value>143</Value></HeartRateBpm><Extensions><TPX xmlns="http://www.garmin.com/xmlschemas/ActivityExtension/v2"><Speed>0.000000</Speed></TPX></Extensions></Trackpoint>
     <Trackpoint><Time>2026-03-31T19:27:39.913Z</Time><HeartRateBpm><Value>142</Value></HeartRateBpm><Extensions><TPX xmlns="http://www.garmin.com/xmlschemas/ActivityExtension/v2"><Speed>0.000000</Speed></TPX></Extensions></Trackpoint>
     <Trackpoint><Time>2026-03-31T19:27:41.494Z</Time><HeartRateBpm><Value>142</Value></HeartRateBpm><Extensions><TPX xmlns="http://www.garmin.com/xmlschemas/ActivityExtension/v2"><Speed>0.000000</Speed></TPX></Extensions></Trackpoint>
     <Trackpoint><Time>2026-03-31T19:27:42.494Z</Time><HeartRateBpm><Value>142</Value></HeartRateBpm><Extensions><TPX xmlns="http://www.garmin.com/xmlschemas/ActivityExtension/v2"><Speed>0.000000</Speed></TPX></Extensions></Trackpoint>
     <Trackpoint><Time>2026-03-31T19:27:44.494Z</Time><HeartRateBpm><Value>142</Value></HeartRateBpm><Extensions><TPX xmlns="http://www.garmin.com/xmlschemas/ActivityExtension/v2"><Speed>0.000000</Speed></TPX></Extensions></Trackpoint>
     <Trackpoint><Time>2026-03-31T19:27:46.494Z</Time><HeartRateBpm><Value>142</Value></HeartRateBpm><Extensions><TPX xmlns="http://www.garmin.com/xmlschemas/ActivityExtension/v2"><Speed>0.000000</Speed></TPX></Extensions></Trackpoint>
     <Trackpoint><Time>2026-03-31T19:27:47.494Z</Time><HeartRateBpm><Value>142</Value></HeartRateBpm><Extensions><TPX xmlns="http://www.garmin.com/xmlschemas/ActivityExtension/v2"><Speed>0.000000</Speed></TPX></Extensions></Trackpoint>
     <Trackpoint><Time>2026-03-31T19:27:48.909Z</Time><HeartRateBpm><Value>142</Value></HeartRateBpm><Extensions><TPX xmlns="http://www.garmin.com/xmlschemas/ActivityExtension/v2"><Speed>0.000000</Speed></TPX></Extensions></Trackpoint>
     <Trackpoint><Time>2026-03-31T19:27:50.114Z</Time><HeartRateBpm><Value>142</Value></HeartRateBpm><Extensions><TPX xmlns="http://www.garmin.com/xmlschemas/ActivityExtension/v2"><Speed>0.000000</Speed></TPX></Extensions></Trackpoint>
     <Trackpoint><Time>2026-03-31T19:27:51.494Z</Time><HeartRateBpm><Value>142</Value></HeartRateBpm><Extensions><TPX xmlns="http://www.garmin.com/xmlschemas/ActivityExtension/v2"><Speed>0.000000</Speed></TPX></Extensions></Trackpoint>
     <Trackpoint><Time>2026-03-31T19:27:52.659Z</Time><HeartRateBpm><Value>142</Value></HeartRateBpm><Extensions><TPX xmlns="http://www.garmin.com/xmlschemas/ActivityExtension/v2"><Speed>0.000000</Speed></TPX></Extensions></Trackpoint>
     <Trackpoint><Time>2026-03-31T19:27:53.904Z</Time><HeartRateBpm><Value>140</Value></HeartRateBpm><Extensions><TPX xmlns="http://www.garmin.com/xmlschemas/ActivityExtension/v2"><Speed>0.000000</Speed></TPX></Extensions></Trackpoint>
     <Trackpoint><Time>2026-03-31T19:27:55.214Z</Time><HeartRateBpm><Value>140</Value></HeartRateBpm><Extensions><TPX xmlns="http://www.garmin.com/xmlschemas/ActivityExtension/v2"><Speed>0.000000</Speed></TPX></Extensions></Trackpoint>
     <Trackpoint><Time>2026-03-31T19:27:56.493Z</Time><HeartRateBpm><Value>140</Value></HeartRateBpm><Extensions><TPX xmlns="http://www.garmin.com/xmlschemas/ActivityExtension/v2"><Speed>0.000000</Speed></TPX></Extensions></Trackpoint>
     <Trackpoint><Time>2026-03-31T19:27:57.494Z</Time><HeartRateBpm><Value>140</Value></HeartRateBpm><Extensions><TPX xmlns="http://www.garmin.com/xmlschemas/ActivityExtension/v2"><Speed>0.000000</Speed></TPX></Extensions></Trackpoint>
     <Trackpoint><Time>2026-03-31T19:27:59.493Z</Time><HeartRateBpm><Value>140</Value></HeartRateBpm><Extensions><TPX xmlns="http://www.garmin.com/xmlschemas/ActivityExtension/v2"><Speed>0.000000</Speed></TPX></Extensions></Trackpoint>
     <Trackpoint><Time>2026-03-31T19:28:00.493Z</Time><HeartRateBpm><Value>141</Value></HeartRateBpm><Extensions><TPX xmlns="http://www.garmin.com/xmlschemas/ActivityExtension/v2"><Speed>0.000000</Speed></TPX></Extensions></Trackpoint>
     <Trackpoint><Time>2026-03-31T19:28:02.493Z</Time><HeartRateBpm><Value>141</Value></HeartRateBpm><Extensions><TPX xmlns="http://www.garmin.com/xmlschemas/ActivityExtension/v2"><Speed>0.000000</Speed></TPX></Extensions></Trackpoint>
     <Trackpoint><Time>2026-03-31T19:28:04.493Z</Time><HeartRateBpm><Value>141</Value></HeartRateBpm><Extensions><TPX xmlns="http://www.garmin.com/xmlschemas/ActivityExtension/v2"><Speed>0.000000</Speed></TPX></Extensions></Trackpoint>
     <Trackpoint><Time>2026-03-31T19:28:05.493Z</Time><HeartRateBpm><Value>140</Value></HeartRateBpm><Extensions><TPX xmlns="http://www.garmin.com/xmlschemas/ActivityExtension/v2"><Speed>0.000000</Speed></TPX></Extensions></Trackpoint>
     <Trackpoint><Time>2026-03-31T19:28:07.493Z</Time><HeartRateBpm><Value>140</Value></HeartRateBpm><Extensions><TPX xmlns="http://www.garmin.com/xmlschemas/ActivityExtension/v2"><Speed>0.000000</Speed></TPX></Extensions></Trackpoint>
     <Trackpoint><Time>2026-03-31T19:28:09.493Z</Time><HeartRateBpm><Value>141</Value></HeartRateBpm><Extensions><TPX xmlns="http://www.garmin.com/xmlschemas/ActivityExtension/v2"><Speed>0.000000</Speed></TPX></Extensions></Trackpoint>
     <Trackpoint><Time>2026-03-31T19:28:10.503Z</Time><HeartRateBpm><Value>141</Value></HeartRateBpm><Extensions><TPX xmlns="http://www.garmin.com/xmlschemas/ActivityExtension/v2"><Speed>0.000000</Speed></TPX></Extensions></Trackpoint>
     <Trackpoint><Time>2026-03-31T19:28:12.493Z</Time><HeartRateBpm><Value>141</Value></HeartRateBpm><Extensions><TPX xmlns="http://www.garmin.com/xmlschemas/ActivityExtension/v2"><Speed>0.000000</Speed></TPX></Extensions></Trackpoint>
     <Trackpoint><Time>2026-03-31T19:28:13.493Z</Time><HeartRateBpm><Value>141</Value></HeartRateBpm><Extensions><TPX xmlns="http://www.garmin.com/xmlschemas/ActivityExtension/v2"><Speed>0.000000</Speed></TPX></Extensions></Trackpoint>
     <Trackpoint><Time>2026-03-31T19:28:14.511Z</Time><HeartRateBpm><Value>144</Value></HeartRateBpm><Extensions><TPX xmlns="http://www.garmin.com/xmlschemas/ActivityExtension/v2"><Speed>0.000000</Speed></TPX></Extensions></Trackpoint>
     <Trackpoint><Time>2026-03-31T19:28:15.601Z</Time><HeartRateBpm><Value>144</Value></HeartRateBpm><Extensions><TPX xmlns="http://www.garmin.com/xmlschemas/ActivityExtension/v2"><Speed>0.000000</Speed></TPX></Extensions></Trackpoint>
     <Trackpoint><Time>2026-03-31T19:28:17.493Z</Time><HeartRateBpm><Value>144</Value></HeartRateBpm><Extensions><TPX xmlns="http://www.garmin.com/xmlschemas/ActivityExtension/v2"><Speed>0.000000</Speed></TPX></Extensions></Trackpoint>
     <Trackpoint><Time>2026-03-31T19:28:19.493Z</Time><HeartRateBpm><Value>143</Value></HeartRateBpm><Extensions><TPX xmlns="http://www.garmin.com/xmlschemas/ActivityExtension/v2"><Speed>0.000000</Speed></TPX></Extensions></Trackpoint>
     <Trackpoint><Time>2026-03-31T19:28:20.494Z</Time><HeartRateBpm><Value>143</Value></HeartRateBpm><Extensions><TPX xmlns="http://www.garmin.com/xmlschemas/ActivityExtension/v2"><Speed>0.000000</Speed></TPX></Extensions></Trackpoint>
     <Trackpoint><Time>2026-03-31T19:28:22.493Z</Time><HeartRateBpm><Value>143</Value></HeartRateBpm><Extensions><TPX xmlns="http://www.garmin.com/xmlschemas/ActivityExtension/v2"><Speed>0.000000</Speed></TPX></Extensions></Trackpoint>
     <Trackpoint><Time>2026-03-31T19:28:24.493Z</Time><HeartRateBpm><Value>143</Value></HeartRateBpm><Extensions><TPX xmlns="http://www.garmin.com/xmlschemas/ActivityExtension/v2"><Speed>0.000000</Speed></TPX></Extensions></Trackpoint>
     <Trackpoint><Time>2026-03-31T19:28:25.493Z</Time><HeartRateBpm><Value>143</Value></HeartRateBpm><Extensions><TPX xmlns="http://www.garmin.com/xmlschemas/ActivityExtension/v2"><Speed>0.000000</Speed></TPX></Extensions></Trackpoint>
     <Trackpoint><Time>2026-03-31T19:28:27.493Z</Time><HeartRateBpm><Value>143</Value></HeartRateBpm><Extensions><TPX xmlns="http://www.garmin.com/xmlschemas/ActivityExtension/v2"><Speed>0.000000</Speed></TPX></Extensions></Trackpoint>
     <Trackpoint><Time>2026-03-31T19:28:28.493Z</Time><HeartRateBpm><Value>142</Value></HeartRateBpm><Extensions><TPX xmlns="http://www.garmin.com/xmlschemas/ActivityExtension/v2"><Speed>0.000000</Speed></TPX></Extensions></Trackpoint>
     <Trackpoint><Time>2026-03-31T19:28:29.493Z</Time><HeartRateBpm><Value>142</Value></HeartRateBpm><Extensions><TPX xmlns="http://www.garmin.com/xmlschemas/ActivityExtension/v2"><Speed>0.000000</Speed></TPX></Extensions></Trackpoint>
     <Trackpoint><Time>2026-03-31T19:28:30.493Z</Time><HeartRateBpm><Value>142</Value></HeartRateBpm><Extensions><TPX xmlns="http://www.garmin.com/xmlschemas/ActivityExtension/v2"><Speed>0.000000</Speed></TPX></Extensions></Trackpoint>
     <Trackpoint><Time>2026-03-31T19:28:32.493Z</Time><HeartRateBpm><Value>142</Value></HeartRateBpm><Extensions><TPX xmlns="http://www.garmin.com/xmlschemas/ActivityExtension/v2"><Speed>0.000000</Speed></TPX></Extensions></Trackpoint>
     <Trackpoint><Time>2026-03-31T19:28:33.493Z</Time><HeartRateBpm><Value>136</Value></HeartRateBpm><Extensions><TPX xmlns="http://www.garmin.com/xmlschemas/ActivityExtension/v2"><Speed>0.000000</Speed></TPX></Extensions></Trackpoint>
     <Trackpoint><Time>2026-03-31T19:28:35.493Z</Time><HeartRateBpm><Value>136</Value></HeartRateBpm><Extensions><TPX xmlns="http://www.garmin.com/xmlschemas/ActivityExtension/v2"><Speed>0.000000</Speed></TPX></Extensions></Trackpoint>
     <Trackpoint><Time>2026-03-31T19:28:37.493Z</Time><HeartRateBpm><Value>136</Value></HeartRateBpm><Extensions><TPX xmlns="http://www.garmin.com/xmlschemas/ActivityExtension/v2"><Speed>0.000000</Speed></TPX></Extensions></Trackpoint>
     <Trackpoint><Time>2026-03-31T19:28:38.493Z</Time><HeartRateBpm><Value>136</Value></HeartRateBpm><Extensions><TPX xmlns="http://www.garmin.com/xmlschemas/ActivityExtension/v2"><Speed>0.000000</Speed></TPX></Extensions></Trackpoint>
     <Trackpoint><Time>2026-03-31T19:28:40.493Z</Time><HeartRateBpm><Value>136</Value></HeartRateBpm><Extensions><TPX xmlns="http://www.garmin.com/xmlschemas/ActivityExtension/v2"><Speed>0.000000</Speed></TPX></Extensions></Trackpoint>
     <Trackpoint><Time>2026-03-31T19:28:42.493Z</Time><HeartRateBpm><Value>136</Value></HeartRateBpm><Extensions><TPX xmlns="http://www.garmin.com/xmlschemas/ActivityExtension/v2"><Speed>0.000000</Speed></TPX></Extensions></Trackpoint>
     <Trackpoint><Time>2026-03-31T19:28:43.642Z</Time><HeartRateBpm><Value>136</Value></HeartRateBpm><Extensions><TPX xmlns="http://www.garmin.com/xmlschemas/ActivityExtension/v2"><Speed>0.000000</Speed></TPX></Extensions></Trackpoint>
     <Trackpoint><Time>2026-03-31T19:28:45.493Z</Time><HeartRateBpm><Value>138</Value></HeartRateBpm><Extensions><TPX xmlns="http://www.garmin.com/xmlschemas/ActivityExtension/v2"><Speed>0.000000</Speed></TPX></Extensions></Trackpoint>
     <Trackpoint><Time>2026-03-31T19:28:47.493Z</Time><HeartRateBpm><Value>138</Value></HeartRateBpm><Extensions><TPX xmlns="http://www.garmin.com/xmlschemas/ActivityExtension/v2"><Speed>0.000000</Speed></TPX></Extensions></Trackpoint>
     <Trackpoint><Time>2026-03-31T19:28:48.741Z</Time><HeartRateBpm><Value>138</Value></HeartRateBpm><Extensions><TPX xmlns="http://www.garmin.com/xmlschemas/ActivityExtension/v2"><Speed>0.000000</Speed></TPX></Extensions></Trackpoint>
     <Trackpoint><Time>2026-03-31T19:28:50.493Z</Time><HeartRateBpm><Value>136</Value></HeartRateBpm><Extensions><TPX xmlns="http://www.garmin.com/xmlschemas/ActivityExtension/v2"><Speed>0.000000</Speed></TPX></Extensions></Trackpoint>
     <Trackpoint><Time>2026-03-31T19:28:52.493Z</Time><HeartRateBpm><Value>136</Value></HeartRateBpm><Extensions><TPX xmlns="http://www.garmin.com/xmlschemas/ActivityExtension/v2"><Speed>0.000000</Speed></TPX></Extensions></Trackpoint>
     <Trackpoint><Time>2026-03-31T19:28:53.493Z</Time><HeartRateBpm><Value>136</Value></HeartRateBpm><Extensions><TPX xmlns="http://www.garmin.com/xmlschemas/ActivityExtension/v2"><Speed>0.000000</Speed></TPX></Extensions></Trackpoint>
     <Trackpoint><Time>2026-03-31T19:28:55.493Z</Time><HeartRateBpm><Value>136</Value></HeartRateBpm><Extensions><TPX xmlns="http://www.garmin.com/xmlschemas/ActivityExtension/v2"><Speed>0.000000</Speed></TPX></Extensions></Trackpoint>
     <Trackpoint><Time>2026-03-31T19:28:56.493Z</Time><HeartRateBpm><Value>136</Value></HeartRateBpm><Extensions><TPX xmlns="http://www.garmin.com/xmlschemas/ActivityExtension/v2"><Speed>0.000000</Speed></TPX></Extensions></Trackpoint>
     <Trackpoint><Time>2026-03-31T19:28:58.493Z</Time><HeartRateBpm><Value>136</Value></HeartRateBpm><Extensions><TPX xmlns="http://www.garmin.com/xmlschemas/ActivityExtension/v2"><Speed>0.000000</Speed></TPX></Extensions></Trackpoint>
     <Trackpoint><Time>2026-03-31T19:29:00.493Z</Time><HeartRateBpm><Value>141</Value></HeartRateBpm><Extensions><TPX xmlns="http://www.garmin.com/xmlschemas/ActivityExtension/v2"><Speed>0.000000</Speed></TPX></Extensions></Trackpoint>
     <Trackpoint><Time>2026-03-31T19:29:01.494Z</Time><HeartRateBpm><Value>141</Value></HeartRateBpm><Extensions><TPX xmlns="http://www.garmin.com/xmlschemas/ActivityExtension/v2"><Speed>0.000000</Speed></TPX></Extensions></Trackpoint>
     <Trackpoint><Time>2026-03-31T19:29:03.493Z</Time><HeartRateBpm><Value>141</Value></HeartRateBpm><Extensions><TPX xmlns="http://www.garmin.com/xmlschemas/ActivityExtension/v2"><Speed>0.000000</Speed></TPX></Extensions></Trackpoint>
     <Trackpoint><Time>2026-03-31T19:29:05.493Z</Time><HeartRateBpm><Value>143</Value></HeartRateBpm><Extensions><TPX xmlns="http://www.garmin.com/xmlschemas/ActivityExtension/v2"><Speed>0.000000</Speed></TPX></Extensions></Trackpoint>
     <Trackpoint><Time>2026-03-31T19:29:06.579Z</Time><HeartRateBpm><Value>143</Value></HeartRateBpm><Extensions><TPX xmlns="http://www.garmin.com/xmlschemas/ActivityExtension/v2"><Speed>0.000000</Speed></TPX></Extensions></Trackpoint>
     <Trackpoint><Time>2026-03-31T19:29:08.493Z</Time><HeartRateBpm><Value>143</Value></HeartRateBpm><Extensions><TPX xmlns="http://www.garmin.com/xmlschemas/ActivityExtension/v2"><Speed>0.000000</Speed></TPX></Extensions></Trackpoint>
     <Trackpoint><Time>2026-03-31T19:29:09.493Z</Time><HeartRateBpm><Value>144</Value></HeartRateBpm><Extensions><TPX xmlns="http://www.garmin.com/xmlschemas/ActivityExtension/v2"><Speed>0.000000</Speed></TPX></Extensions></Trackpoint>
     <Trackpoint><Time>2026-03-31T19:29:10.493Z</Time><HeartRateBpm><Value>144</Value></HeartRateBpm><Extensions><TPX xmlns="http://www.garmin.com/xmlschemas/ActivityExtension/v2"><Speed>0.000000</Speed></TPX></Extensions></Trackpoint>
     <Trackpoint><Time>2026-03-31T19:29:11.682Z</Time><HeartRateBpm><Value>144</Value></HeartRateBpm><Extensions><TPX xmlns="http://www.garmin.com/xmlschemas/ActivityExtension/v2"><Speed>0.000000</Speed></TPX></Extensions></Trackpoint>
     <Trackpoint><Time>2026-03-31T19:29:13.493Z</Time><HeartRateBpm><Value>144</Value></HeartRateBpm><Extensions><TPX xmlns="http://www.garmin.com/xmlschemas/ActivityExtension/v2"><Speed>0.000000</Speed></TPX></Extensions></Trackpoint>
     <Trackpoint><Time>2026-03-31T19:29:14.493Z</Time><HeartRateBpm><Value>144</Value></HeartRateBpm><Extensions><TPX xmlns="http://www.garmin.com/xmlschemas/ActivityExtension/v2"><Speed>0.000000</Speed></TPX></Extensions></Trackpoint>
     <Trackpoint><Time>2026-03-31T19:29:16.493Z</Time><HeartRateBpm><Value>144</Value></HeartRateBpm><Extensions><TPX xmlns="http://www.garmin.com/xmlschemas/ActivityExtension/v2"><Speed>0.000000</Speed></TPX></Extensions></Trackpoint>
     <Trackpoint><Time>2026-03-31T19:29:18.493Z</Time><HeartRateBpm><Value>144</Value></HeartRateBpm><Extensions><TPX xmlns="http://www.garmin.com/xmlschemas/ActivityExtension/v2"><Speed>0.000000</Speed></TPX></Extensions></Trackpoint>
     <Trackpoint><Time>2026-03-31T19:29:19.493Z</Time><HeartRateBpm><Value>147</Value></HeartRateBpm><Extensions><TPX xmlns="http://www.garmin.com/xmlschemas/ActivityExtension/v2"><Speed>0.000000</Speed></TPX></Extensions></Trackpoint>
     <Trackpoint><Time>2026-03-31T19:29:20.493Z</Time><HeartRateBpm><Value>147</Value></HeartRateBpm><Extensions><TPX xmlns="http://www.garmin.com/xmlschemas/ActivityExtension/v2"><Speed>0.000000</Speed></TPX></Extensions></Trackpoint>
     <Trackpoint><Time>2026-03-31T19:29:21.876Z</Time><HeartRateBpm><Value>147</Value></HeartRateBpm><Extensions><TPX xmlns="http://www.garmin.com/xmlschemas/ActivityExtension/v2"><Speed>0.000000</Speed></TPX></Extensions></Trackpoint>
     <Trackpoint><Time>2026-03-31T19:29:23.493Z</Time><HeartRateBpm><Value>147</Value></HeartRateBpm><Extensions><TPX xmlns="http://www.garmin.com/xmlschemas/ActivityExtension/v2"><Speed>0.000000</Speed></TPX></Extensions></Trackpoint>
     <Trackpoint><Time>2026-03-31T19:29:25.493Z</Time><HeartRateBpm><Value>147</Value></HeartRateBpm><Extensions><TPX xmlns="http://www.garmin.com/xmlschemas/ActivityExtension/v2"><Speed>0.000000</Speed></TPX></Extensions></Trackpoint>
     <Trackpoint><Time>2026-03-31T19:29:26.493Z</Time><HeartRateBpm><Value>147</Value></HeartRateBpm><Extensions><TPX xmlns="http://www.garmin.com/xmlschemas/ActivityExtension/v2"><Speed>0.000000</Speed></TPX></Extensions></Trackpoint>
     <Trackpoint><Time>2026-03-31T19:29:28.493Z</Time><HeartRateBpm><Value>147</Value></HeartRateBpm><Extensions><TPX xmlns="http://www.garmin.com/xmlschemas/ActivityExtension/v2"><Speed>0.000000</Speed></TPX></Extensions></Trackpoint>
     <Trackpoint><Time>2026-03-31T19:29:29.493Z</Time><HeartRateBpm><Value>146</Value></HeartRateBpm><Extensions><TPX xmlns="http://www.garmin.com/xmlschemas/ActivityExtension/v2"><Speed>0.000000</Speed></TPX></Extensions></Trackpoint>
     <Trackpoint><Time>2026-03-31T19:29:30.493Z</Time><HeartRateBpm><Value>146</Value></HeartRateBpm><Extensions><TPX xmlns="http://www.garmin.com/xmlschemas/ActivityExtension/v2"><Speed>0.000000</Speed></TPX></Extensions></Trackpoint>
     <Trackpoint><Time>2026-03-31T19:29:32.076Z</Time><HeartRateBpm><Value>146</Value></HeartRateBpm><Extensions><TPX xmlns="http://www.garmin.com/xmlschemas/ActivityExtension/v2"><Speed>0.000000</Speed></TPX></Extensions></Trackpoint>
     <Trackpoint><Time>2026-03-31T19:29:33.493Z</Time><HeartRateBpm><Value>146</Value></HeartRateBpm><Extensions><TPX xmlns="http://www.garmin.com/xmlschemas/ActivityExtension/v2"><Speed>0.000000</Speed></TPX></Extensions></Trackpoint>
     <Trackpoint><Time>2026-03-31T19:29:34.627Z</Time><HeartRateBpm><Value>144</Value></HeartRateBpm><Extensions><TPX xmlns="http://www.garmin.com/xmlschemas/ActivityExtension/v2"><Speed>0.000000</Speed></TPX></Extensions></Trackpoint>
     <Trackpoint><Time>2026-03-31T19:29:36.493Z</Time><HeartRateBpm><Value>144</Value></HeartRateBpm><Extensions><TPX xmlns="http://www.garmin.com/xmlschemas/ActivityExtension/v2"><Speed>0.000000</Speed></TPX></Extensions></Trackpoint>
     <Trackpoint><Time>2026-03-31T19:29:38.493Z</Time><HeartRateBpm><Value>144</Value></HeartRateBpm><Extensions><TPX xmlns="http://www.garmin.com/xmlschemas/ActivityExtension/v2"><Speed>0.000000</Speed></TPX></Extensions></Trackpoint>
     <Trackpoint><Time>2026-03-31T19:29:39.739Z</Time><HeartRateBpm><Value>143</Value></HeartRateBpm><Extensions><TPX xmlns="http://www.garmin.com/xmlschemas/ActivityExtension/v2"><Speed>0.000000</Speed></TPX></Extensions></Trackpoint>
     <Trackpoint><Time>2026-03-31T19:29:41.493Z</Time><HeartRateBpm><Value>143</Value></HeartRateBpm><Extensions><TPX xmlns="http://www.garmin.com/xmlschemas/ActivityExtension/v2"><Speed>0.000000</Speed></TPX></Extensions></Trackpoint>
     <Trackpoint><Time>2026-03-31T19:29:43.493Z</Time><HeartRateBpm><Value>143</Value></HeartRateBpm><Extensions><TPX xmlns="http://www.garmin.com/xmlschemas/ActivityExtension/v2"><Speed>0.000000</Speed></TPX></Extensions></Trackpoint>
     <Trackpoint><Time>2026-03-31T19:29:44.816Z</Time><HeartRateBpm><Value>140</Value></HeartRateBpm><Extensions><TPX xmlns="http://www.garmin.com/xmlschemas/ActivityExtension/v2"><Speed>0.000000</Speed></TPX></Extensions></Trackpoint>
     <Trackpoint><Time>2026-03-31T19:29:46.493Z</Time><HeartRateBpm><Value>140</Value></HeartRateBpm><Extensions><TPX xmlns="http://www.garmin.com/xmlschemas/ActivityExtension/v2"><Speed>0.000000</Speed></TPX></Extensions></Trackpoint>
     <Trackpoint><Time>2026-03-31T19:29:48.493Z</Time><HeartRateBpm><Value>140</Value></HeartRateBpm><Extensions><TPX xmlns="http://www.garmin.com/xmlschemas/ActivityExtension/v2"><Speed>0.000000</Speed></TPX></Extensions></Trackpoint>
     <Trackpoint><Time>2026-03-31T19:29:49.493Z</Time><HeartRateBpm><Value>140</Value></HeartRateBpm><Extensions><TPX xmlns="http://www.garmin.com/xmlschemas/ActivityExtension/v2"><Speed>0.000000</Speed></TPX></Extensions></Trackpoint>
     <Trackpoint><Time>2026-03-31T19:29:51.493Z</Time><HeartRateBpm><Value>140</Value></HeartRateBpm><Extensions><TPX xmlns="http://www.garmin.com/xmlschemas/ActivityExtension/v2"><Speed>0.000000</Speed></TPX></Extensions></Trackpoint>
     <Trackpoint><Time>2026-03-31T19:29:53.493Z</Time><HeartRateBpm><Value>140</Value></HeartRateBpm><Extensions><TPX xmlns="http://www.garmin.com/xmlschemas/ActivityExtension/v2"><Speed>0.000000</Speed></TPX></Extensions></Trackpoint>
     <Trackpoint><Time>2026-03-31T19:29:55.016Z</Time><HeartRateBpm><Value>139</Value></HeartRateBpm><Extensions><TPX xmlns="http://www.garmin.com/xmlschemas/ActivityExtension/v2"><Speed>0.000000</Speed></TPX></Extensions></Trackpoint>
     <Trackpoint><Time>2026-03-31T19:29:56.493Z</Time><HeartRateBpm><Value>139</Value></HeartRateBpm><Extensions><TPX xmlns="http://www.garmin.com/xmlschemas/ActivityExtension/v2"><Speed>0.000000</Speed></TPX></Extensions></Trackpoint>
     <Trackpoint><Time>2026-03-31T19:29:57.565Z</Time><HeartRateBpm><Value>139</Value></HeartRateBpm><Extensions><TPX xmlns="http://www.garmin.com/xmlschemas/ActivityExtension/v2"><Speed>0.000000</Speed></TPX></Extensions></Trackpoint>
     <Trackpoint><Time>2026-03-31T19:29:58.900Z</Time><HeartRateBpm><Value>140</Value></HeartRateBpm><Extensions><TPX xmlns="http://www.garmin.com/xmlschemas/ActivityExtension/v2"><Speed>0.000000</Speed></TPX></Extensions></Trackpoint>
     <Trackpoint><Time>2026-03-31T19:30:00.126Z</Time><HeartRateBpm><Value>140</Value></HeartRateBpm><Extensions><TPX xmlns="http://www.garmin.com/xmlschemas/ActivityExtension/v2"><Speed>0.000000</Speed></TPX></Extensions></Trackpoint>
     <Trackpoint><Time>2026-03-31T19:30:01.493Z</Time><HeartRateBpm><Value>140</Value></HeartRateBpm><Extensions><TPX xmlns="http://www.garmin.com/xmlschemas/ActivityExtension/v2"><Speed>0.000000</Speed></TPX></Extensions></Trackpoint>
     <Trackpoint><Time>2026-03-31T19:30:02.684Z</Time><HeartRateBpm><Value>140</Value></HeartRateBpm><Extensions><TPX xmlns="http://www.garmin.com/xmlschemas/ActivityExtension/v2"><Speed>0.000000</Speed></TPX></Extensions></Trackpoint>
     <Trackpoint><Time>2026-03-31T19:30:03.899Z</Time><HeartRateBpm><Value>139</Value></HeartRateBpm><Extensions><TPX xmlns="http://www.garmin.com/xmlschemas/ActivityExtension/v2"><Speed>0.000000</Speed></TPX></Extensions></Trackpoint>
     <Trackpoint><Time>2026-03-31T19:30:05.212Z</Time><HeartRateBpm><Value>139</Value></HeartRateBpm><Extensions><TPX xmlns="http://www.garmin.com/xmlschemas/ActivityExtension/v2"><Speed>0.000000</Speed></TPX></Extensions></Trackpoint>
     <Trackpoint><Time>2026-03-31T19:30:06.493Z</Time><HeartRateBpm><Value>139</Value></HeartRateBpm><Extensions><TPX xmlns="http://www.garmin.com/xmlschemas/ActivityExtension/v2"><Speed>0.000000</Speed></TPX></Extensions></Trackpoint>
     <Trackpoint><Time>2026-03-31T19:30:07.755Z</Time><HeartRateBpm><Value>139</Value></HeartRateBpm><Extensions><TPX xmlns="http://www.garmin.com/xmlschemas/ActivityExtension/v2"><Speed>0.000000</Speed></TPX></Extensions></Trackpoint>
     <Trackpoint><Time>2026-03-31T19:30:09.493Z</Time><HeartRateBpm><Value>139</Value></HeartRateBpm><Extensions><TPX xmlns="http://www.garmin.com/xmlschemas/ActivityExtension/v2"><Speed>0.000000</Speed></TPX></Extensions></Trackpoint>
     <Trackpoint><Time>2026-03-31T19:30:10.493Z</Time><HeartRateBpm><Value>138</Value></HeartRateBpm><Extensions><TPX xmlns="http://www.garmin.com/xmlschemas/ActivityExtension/v2"><Speed>0.000000</Speed></TPX></Extensions></Trackpoint>
     <Trackpoint><Time>2026-03-31T19:30:12.493Z</Time><HeartRateBpm><Value>138</Value></HeartRateBpm><Extensions><TPX xmlns="http://www.garmin.com/xmlschemas/ActivityExtension/v2"><Speed>0.000000</Speed></TPX></Extensions></Trackpoint>
     <Trackpoint><Time>2026-03-31T19:30:13.493Z</Time><HeartRateBpm><Value>138</Value></HeartRateBpm><Extensions><TPX xmlns="http://www.garmin.com/xmlschemas/ActivityExtension/v2"><Speed>0.000000</Speed></TPX></Extensions></Trackpoint>
     <Trackpoint><Time>2026-03-31T19:30:15.404Z</Time><HeartRateBpm><Value>138</Value></HeartRateBpm><Extensions><TPX xmlns="http://www.garmin.com/xmlschemas/ActivityExtension/v2"><Speed>0.000000</Speed></TPX></Extensions></Trackpoint>
     <Trackpoint><Time>2026-03-31T19:30:16.493Z</Time><HeartRateBpm><Value>138</Value></HeartRateBpm><Extensions><TPX xmlns="http://www.garmin.com/xmlschemas/ActivityExtension/v2"><Speed>0.000000</Speed></TPX></Extensions></Trackpoint>
     <Trackpoint><Time>2026-03-31T19:30:17.959Z</Time><HeartRateBpm><Value>138</Value></HeartRateBpm><Extensions><TPX xmlns="http://www.garmin.com/xmlschemas/ActivityExtension/v2"><Speed>0.000000</Speed></TPX></Extensions></Trackpoint>
     <Trackpoint><Time>2026-03-31T19:30:19.493Z</Time><HeartRateBpm><Value>139</Value></HeartRateBpm><Extensions><TPX xmlns="http://www.garmin.com/xmlschemas/ActivityExtension/v2"><Speed>0.000000</Speed></TPX></Extensions></Trackpoint>
     <Trackpoint><Time>2026-03-31T19:30:20.512Z</Time><HeartRateBpm><Value>139</Value></HeartRateBpm><Extensions><TPX xmlns="http://www.garmin.com/xmlschemas/ActivityExtension/v2"><Speed>0.000000</Speed></TPX></Extensions></Trackpoint>
     <Trackpoint><Time>2026-03-31T19:30:22.493Z</Time><HeartRateBpm><Value>139</Value></HeartRateBpm><Extensions><TPX xmlns="http://www.garmin.com/xmlschemas/ActivityExtension/v2"><Speed>0.000000</Speed></TPX></Extensions></Trackpoint>
     <Trackpoint><Time>2026-03-31T19:30:23.493Z</Time><HeartRateBpm><Value>139</Value></HeartRateBpm><Extensions><TPX xmlns="http://www.garmin.com/xmlschemas/ActivityExtension/v2"><Speed>0.000000</Speed></TPX></Extensions></Trackpoint>
     <Trackpoint><Time>2026-03-31T19:30:24.514Z</Time><HeartRateBpm><Value>139</Value></HeartRateBpm><Extensions><TPX xmlns="http://www.garmin.com/xmlschemas/ActivityExtension/v2"><Speed>0.000000</Speed></TPX></Extensions></Trackpoint>
     <Trackpoint><Time>2026-03-31T19:30:25.604Z</Time><HeartRateBpm><Value>139</Value></HeartRateBpm><Extensions><TPX xmlns="http://www.garmin.com/xmlschemas/ActivityExtension/v2"><Speed>0.000000</Speed></TPX></Extensions></Trackpoint>
     <Trackpoint><Time>2026-03-31T19:30:27.493Z</Time><HeartRateBpm><Value>139</Value></HeartRateBpm><Extensions><TPX xmlns="http://www.garmin.com/xmlschemas/ActivityExtension/v2"><Speed>0.000000</Speed></TPX></Extensions></Trackpoint>
     <Trackpoint><Time>2026-03-31T19:30:29.493Z</Time><HeartRateBpm><Value>139</Value></HeartRateBpm><Extensions><TPX xmlns="http://www.garmin.com/xmlschemas/ActivityExtension/v2"><Speed>0.000000</Speed></TPX></Extensions></Trackpoint>
     <Trackpoint><Time>2026-03-31T19:30:30.493Z</Time><HeartRateBpm><Value>139</Value></HeartRateBpm><Extensions><TPX xmlns="http://www.garmin.com/xmlschemas/ActivityExtension/v2"><Speed>0.000000</Speed></TPX></Extensions></Trackpoint>
     <Trackpoint><Time>2026-03-31T19:30:32.493Z</Time><HeartRateBpm><Value>139</Value></HeartRateBpm><Extensions><TPX xmlns="http://www.garmin.com/xmlschemas/ActivityExtension/v2"><Speed>0.000000</Speed></TPX></Extensions></Trackpoint>
     <Trackpoint><Time>2026-03-31T19:30:33.493Z</Time><HeartRateBpm><Value>139</Value></HeartRateBpm><Extensions><TPX xmlns="http://www.garmin.com/xmlschemas/ActivityExtension/v2"><Speed>0.000000</Speed></TPX></Extensions></Trackpoint>
     <Trackpoint><Time>2026-03-31T19:30:35.493Z</Time><HeartRateBpm><Value>139</Value></HeartRateBpm><Extensions><TPX xmlns="http://www.garmin.com/xmlschemas/ActivityExtension/v2"><Speed>0.000000</Speed></TPX></Extensions></Trackpoint>
     <Trackpoint><Time>2026-03-31T19:30:37.493Z</Time><HeartRateBpm><Value>139</Value></HeartRateBpm><Extensions><TPX xmlns="http://www.garmin.com/xmlschemas/ActivityExtension/v2"><Speed>0.000000</Speed></TPX></Extensions></Trackpoint>
     <Trackpoint><Time>2026-03-31T19:30:38.497Z</Time><HeartRateBpm><Value>140</Value></HeartRateBpm><Extensions><TPX xmlns="http://www.garmin.com/xmlschemas/ActivityExtension/v2"><Speed>0.000000</Speed></TPX></Extensions></Trackpoint>
     <Trackpoint><Time>2026-03-31T19:30:40.493Z</Time><HeartRateBpm><Value>140</Value></HeartRateBpm><Extensions><TPX xmlns="http://www.garmin.com/xmlschemas/ActivityExtension/v2"><Speed>0.000000</Speed></TPX></Extensions></Trackpoint>
     <Trackpoint><Time>2026-03-31T19:30:41.493Z</Time><HeartRateBpm><Value>140</Value></HeartRateBpm><Extensions><TPX xmlns="http://www.garmin.com/xmlschemas/ActivityExtension/v2"><Speed>0.000000</Speed></TPX></Extensions></Trackpoint>
     <Trackpoint><Time>2026-03-31T19:30:42.501Z</Time><HeartRateBpm><Value>140</Value></HeartRateBpm><Extensions><TPX xmlns="http://www.garmin.com/xmlschemas/ActivityExtension/v2"><Speed>0.000000</Speed></TPX></Extensions></Trackpoint>
     <Trackpoint><Time>2026-03-31T19:30:44.494Z</Time><HeartRateBpm><Value>140</Value></HeartRateBpm><Extensions><TPX xmlns="http://www.garmin.com/xmlschemas/ActivityExtension/v2"><Speed>0.000000</Speed></TPX></Extensions></Trackpoint>
     <Trackpoint><Time>2026-03-31T19:30:45.998Z</Time><HeartRateBpm><Value>140</Value></HeartRateBpm><Extensions><TPX xmlns="http://www.garmin.com/xmlschemas/ActivityExtension/v2"><Speed>0.000000</Speed></TPX></Extensions></Trackpoint>
     <Trackpoint><Time>2026-03-31T19:30:47.493Z</Time><HeartRateBpm><Value>140</Value></HeartRateBpm><Extensions><TPX xmlns="http://www.garmin.com/xmlschemas/ActivityExtension/v2"><Speed>0.000000</Speed></TPX></Extensions></Trackpoint>
     <Trackpoint><Time>2026-03-31T19:30:48.546Z</Time><HeartRateBpm><Value>140</Value></HeartRateBpm><Extensions><TPX xmlns="http://www.garmin.com/xmlschemas/ActivityExtension/v2"><Speed>0.000000</Speed></TPX></Extensions></Trackpoint>
     <Trackpoint><Time>2026-03-31T19:30:50.493Z</Time><HeartRateBpm><Value>140</Value></HeartRateBpm><Extensions><TPX xmlns="http://www.garmin.com/xmlschemas/ActivityExtension/v2"><Speed>0.000000</Speed></TPX></Extensions></Trackpoint>
     <Trackpoint><Time>2026-03-31T19:30:52.492Z</Time><HeartRateBpm><Value>140</Value></HeartRateBpm><Extensions><TPX xmlns="http://www.garmin.com/xmlschemas/ActivityExtension/v2"><Speed>0.000000</Speed></TPX></Extensions></Trackpoint>
     <Trackpoint><Time>2026-03-31T19:30:53.493Z</Time><HeartRateBpm><Value>140</Value></HeartRateBpm><Extensions><TPX xmlns="http://www.garmin.com/xmlschemas/ActivityExtension/v2"><Speed>0.000000</Speed></TPX></Extensions></Trackpoint>
     <Trackpoint><Time>2026-03-31T19:30:55.493Z</Time><HeartRateBpm><Value>142</Value></HeartRateBpm><Extensions><TPX xmlns="http://www.garmin.com/xmlschemas/ActivityExtension/v2"><Speed>0.000000</Speed></TPX></Extensions></Trackpoint>
     <Trackpoint><Time>2026-03-31T19:30:56.493Z</Time><HeartRateBpm><Value>142</Value></HeartRateBpm><Extensions><TPX xmlns="http://www.garmin.com/xmlschemas/ActivityExtension/v2"><Speed>0.000000</Speed></TPX></Extensions></Trackpoint>
     <Trackpoint><Time>2026-03-31T19:30:57.493Z</Time><HeartRateBpm><Value>142</Value></HeartRateBpm><Extensions><TPX xmlns="http://www.garmin.com/xmlschemas/ActivityExtension/v2"><Speed>0.000000</Speed></TPX></Extensions></Trackpoint>
     <Trackpoint><Time>2026-03-31T19:30:58.742Z</Time><HeartRateBpm><Value>142</Value></HeartRateBpm><Extensions><TPX xmlns="http://www.garmin.com/xmlschemas/ActivityExtension/v2"><Speed>0.000000</Speed></TPX></Extensions></Trackpoint>
     <Trackpoint><Time>2026-03-31T19:31:00.493Z</Time><HeartRateBpm><Value>141</Value></HeartRateBpm><Extensions><TPX xmlns="http://www.garmin.com/xmlschemas/ActivityExtension/v2"><Speed>0.000000</Speed></TPX></Extensions></Trackpoint>
     <Trackpoint><Time>2026-03-31T19:31:02.493Z</Time><HeartRateBpm><Value>141</Value></HeartRateBpm><Extensions><TPX xmlns="http://www.garmin.com/xmlschemas/ActivityExtension/v2"><Speed>0.000000</Speed></TPX></Extensions></Trackpoint>
     <Trackpoint><Time>2026-03-31T19:31:03.493Z</Time><HeartRateBpm><Value>141</Value></HeartRateBpm><Extensions><TPX xmlns="http://www.garmin.com/xmlschemas/ActivityExtension/v2"><Speed>0.000000</Speed></TPX></Extensions></Trackpoint>
     <Trackpoint><Time>2026-03-31T19:31:05.493Z</Time><HeartRateBpm><Value>142</Value></HeartRateBpm><Extensions><TPX xmlns="http://www.garmin.com/xmlschemas/ActivityExtension/v2"><Speed>0.000000</Speed></TPX></Extensions></Trackpoint>
     <Trackpoint><Time>2026-03-31T19:31:07.493Z</Time><HeartRateBpm><Value>142</Value></HeartRateBpm><Extensions><TPX xmlns="http://www.garmin.com/xmlschemas/ActivityExtension/v2"><Speed>0.000000</Speed></TPX></Extensions></Trackpoint>
     <Trackpoint><Time>2026-03-31T19:31:08.493Z</Time><HeartRateBpm><Value>142</Value></HeartRateBpm><Extensions><TPX xmlns="http://www.garmin.com/xmlschemas/ActivityExtension/v2"><Speed>0.000000</Speed></TPX></Extensions></Trackpoint>
     <Trackpoint><Time>2026-03-31T19:31:10.492Z</Time><HeartRateBpm><Value>140</Value></HeartRateBpm><Extensions><TPX xmlns="http://www.garmin.com/xmlschemas/ActivityExtension/v2"><Speed>0.000000</Speed></TPX></Extensions></Trackpoint>
     <Trackpoint><Time>2026-03-31T19:31:11.493Z</Time><HeartRateBpm><Value>140</Value></HeartRateBpm><Extensions><TPX xmlns="http://www.garmin.com/xmlschemas/ActivityExtension/v2"><Speed>0.000000</Speed></TPX></Extensions></Trackpoint>
     <Trackpoint><Time>2026-03-31T19:31:13.493Z</Time><HeartRateBpm><Value>140</Value></HeartRateBpm><Extensions><TPX xmlns="http://www.garmin.com/xmlschemas/ActivityExtension/v2"><Speed>0.000000</Speed></TPX></Extensions></Trackpoint>
     <Trackpoint><Time>2026-03-31T19:31:15.493Z</Time><HeartRateBpm><Value>140</Value></HeartRateBpm><Extensions><TPX xmlns="http://www.garmin.com/xmlschemas/ActivityExtension/v2"><Speed>0.000000</Speed></TPX></Extensions></Trackpoint>
     <Trackpoint><Time>2026-03-31T19:31:16.493Z</Time><HeartRateBpm><Value>140</Value></HeartRateBpm><Extensions><TPX xmlns="http://www.garmin.com/xmlschemas/ActivityExtension/v2"><Speed>0.000000</Speed></TPX></Extensions></Trackpoint>
     <Trackpoint><Time>2026-03-31T19:31:18.493Z</Time><HeartRateBpm><Value>140</Value></HeartRateBpm><Extensions><TPX xmlns="http://www.garmin.com/xmlschemas/ActivityExtension/v2"><Speed>0.000000</Speed></TPX></Extensions></Trackpoint>
     <Trackpoint><Time>2026-03-31T19:31:20.493Z</Time><HeartRateBpm><Value>140</Value></HeartRateBpm><Extensions><TPX xmlns="http://www.garmin.com/xmlschemas/ActivityExtension/v2"><Speed>0.000000</Speed></TPX></Extensions></Trackpoint>
     <Trackpoint><Time>2026-03-31T19:31:21.681Z</Time><HeartRateBpm><Value>140</Value></HeartRateBpm><Extensions><TPX xmlns="http://www.garmin.com/xmlschemas/ActivityExtension/v2"><Speed>0.000000</Speed></TPX></Extensions></Trackpoint>
     <Trackpoint><Time>2026-03-31T19:31:23.493Z</Time><HeartRateBpm><Value>140</Value></HeartRateBpm><Extensions><TPX xmlns="http://www.garmin.com/xmlschemas/ActivityExtension/v2"><Speed>0.000000</Speed></TPX></Extensions></Trackpoint>
     <Trackpoint><Time>2026-03-31T19:31:25.494Z</Time><HeartRateBpm><Value>138</Value></HeartRateBpm><Extensions><TPX xmlns="http://www.garmin.com/xmlschemas/ActivityExtension/v2"><Speed>0.000000</Speed></TPX></Extensions></Trackpoint>
     <Trackpoint><Time>2026-03-31T19:31:26.781Z</Time><HeartRateBpm><Value>138</Value></HeartRateBpm><Extensions><TPX xmlns="http://www.garmin.com/xmlschemas/ActivityExtension/v2"><Speed>0.000000</Speed></TPX></Extensions></Trackpoint>
     <Trackpoint><Time>2026-03-31T19:31:28.493Z</Time><HeartRateBpm><Value>138</Value></HeartRateBpm><Extensions><TPX xmlns="http://www.garmin.com/xmlschemas/ActivityExtension/v2"><Speed>0.000000</Speed></TPX></Extensions></Trackpoint>
     <Trackpoint><Time>2026-03-31T19:31:29.493Z</Time><HeartRateBpm><Value>138</Value></HeartRateBpm><Extensions><TPX xmlns="http://www.garmin.com/xmlschemas/ActivityExtension/v2"><Speed>0.000000</Speed></TPX></Extensions></Trackpoint>
     <Trackpoint><Time>2026-03-31T19:31:31.492Z</Time><HeartRateBpm><Value>138</Value></HeartRateBpm><Extensions><TPX xmlns="http://www.garmin.com/xmlschemas/ActivityExtension/v2"><Speed>0.000000</Speed></TPX></Extensions></Trackpoint>
     <Trackpoint><Time>2026-03-31T19:31:32.493Z</Time><HeartRateBpm><Value>138</Value></HeartRateBpm><Extensions><TPX xmlns="http://www.garmin.com/xmlschemas/ActivityExtension/v2"><Speed>0.000000</Speed></TPX></Extensions></Trackpoint>
     <Trackpoint><Time>2026-03-31T19:31:33.899Z</Time><HeartRateBpm><Value>137</Value></HeartRateBpm><Extensions><TPX xmlns="http://www.garmin.com/xmlschemas/ActivityExtension/v2"><Speed>0.000000</Speed></TPX></Extensions></Trackpoint>
     <Trackpoint><Time>2026-03-31T19:31:35.505Z</Time><HeartRateBpm><Value>137</Value></HeartRateBpm><Extensions><TPX xmlns="http://www.garmin.com/xmlschemas/ActivityExtension/v2"><Speed>0.000000</Speed></TPX></Extensions></Trackpoint>
     <Trackpoint><Time>2026-03-31T19:31:36.974Z</Time><HeartRateBpm><Value>137</Value></HeartRateBpm><Extensions><TPX xmlns="http://www.garmin.com/xmlschemas/ActivityExtension/v2"><Speed>0.000000</Speed></TPX></Extensions></Trackpoint>
     <Trackpoint><Time>2026-03-31T19:31:38.493Z</Time><HeartRateBpm><Value>137</Value></HeartRateBpm><Extensions><TPX xmlns="http://www.garmin.com/xmlschemas/ActivityExtension/v2"><Speed>0.000000</Speed></TPX></Extensions></Trackpoint>
     <Trackpoint><Time>2026-03-31T19:31:39.527Z</Time><HeartRateBpm><Value>137</Value></HeartRateBpm><Extensions><TPX xmlns="http://www.garmin.com/xmlschemas/ActivityExtension/v2"><Speed>0.000000</Speed></TPX></Extensions></Trackpoint>
     <Trackpoint><Time>2026-03-31T19:31:41.492Z</Time><HeartRateBpm><Value>137</Value></HeartRateBpm><Extensions><TPX xmlns="http://www.garmin.com/xmlschemas/ActivityExtension/v2"><Speed>0.000000</Speed></TPX></Extensions></Trackpoint>
     <Trackpoint><Time>2026-03-31T19:31:42.492Z</Time><HeartRateBpm><Value>137</Value></HeartRateBpm><Extensions><TPX xmlns="http://www.garmin.com/xmlschemas/ActivityExtension/v2"><Speed>0.000000</Speed></TPX></Extensions></Trackpoint>
     <Trackpoint><Time>2026-03-31T19:31:43.494Z</Time><HeartRateBpm><Value>137</Value></HeartRateBpm><Extensions><TPX xmlns="http://www.garmin.com/xmlschemas/ActivityExtension/v2"><Speed>0.000000</Speed></TPX></Extensions></Trackpoint>
     <Trackpoint><Time>2026-03-31T19:31:44.495Z</Time><HeartRateBpm><Value>137</Value></HeartRateBpm><Extensions><TPX xmlns="http://www.garmin.com/xmlschemas/ActivityExtension/v2"><Speed>0.000000</Speed></TPX></Extensions></Trackpoint>
     <Trackpoint><Time>2026-03-31T19:31:46.492Z</Time><HeartRateBpm><Value>137</Value></HeartRateBpm><Extensions><TPX xmlns="http://www.garmin.com/xmlschemas/ActivityExtension/v2"><Speed>0.000000</Speed></TPX></Extensions></Trackpoint>
     <Trackpoint><Time>2026-03-31T19:31:47.493Z</Time><HeartRateBpm><Value>137</Value></HeartRateBpm><Extensions><TPX xmlns="http://www.garmin.com/xmlschemas/ActivityExtension/v2"><Speed>0.000000</Speed></TPX></Extensions></Trackpoint>
     <Trackpoint><Time>2026-03-31T19:31:48.928Z</Time><HeartRateBpm><Value>138</Value></HeartRateBpm><Extensions><TPX xmlns="http://www.garmin.com/xmlschemas/ActivityExtension/v2"><Speed>0.000000</Speed></TPX></Extensions></Trackpoint>
     <Trackpoint><Time>2026-03-31T19:31:50.492Z</Time><HeartRateBpm><Value>138</Value></HeartRateBpm><Extensions><TPX xmlns="http://www.garmin.com/xmlschemas/ActivityExtension/v2"><Speed>0.000000</Speed></TPX></Extensions></Trackpoint>
     <Trackpoint><Time>2026-03-31T19:31:51.492Z</Time><HeartRateBpm><Value>138</Value></HeartRateBpm><Extensions><TPX xmlns="http://www.garmin.com/xmlschemas/ActivityExtension/v2"><Speed>0.000000</Speed></TPX></Extensions></Trackpoint>
     <Trackpoint><Time>2026-03-31T19:31:53.492Z</Time><HeartRateBpm><Value>138</Value></HeartRateBpm><Extensions><TPX xmlns="http://www.garmin.com/xmlschemas/ActivityExtension/v2"><Speed>0.000000</Speed></TPX></Extensions></Trackpoint>
     <Trackpoint><Time>2026-03-31T19:31:54.492Z</Time><HeartRateBpm><Value>138</Value></HeartRateBpm><Extensions><TPX xmlns="http://www.garmin.com/xmlschemas/ActivityExtension/v2"><Speed>0.000000</Speed></TPX></Extensions></Trackpoint>
     <Trackpoint><Time>2026-03-31T19:31:56.492Z</Time><HeartRateBpm><Value>145</Value></HeartRateBpm><Extensions><TPX xmlns="http://www.garmin.com/xmlschemas/ActivityExtension/v2"><Speed>0.000000</Speed></TPX></Extensions></Trackpoint>
     <Trackpoint><Time>2026-03-31T19:31:57.494Z</Time><HeartRateBpm><Value>145</Value></HeartRateBpm><Extensions><TPX xmlns="http://www.garmin.com/xmlschemas/ActivityExtension/v2"><Speed>0.000000</Speed></TPX></Extensions></Trackpoint>
     <Trackpoint><Time>2026-03-31T19:31:58.895Z</Time><HeartRateBpm><Value>146</Value></HeartRateBpm><Extensions><TPX xmlns="http://www.garmin.com/xmlschemas/ActivityExtension/v2"><Speed>0.000000</Speed></TPX></Extensions></Trackpoint>
     <Trackpoint><Time>2026-03-31T19:31:59.916Z</Time><HeartRateBpm><Value>146</Value></HeartRateBpm><Extensions><TPX xmlns="http://www.garmin.com/xmlschemas/ActivityExtension/v2"><Speed>0.000000</Speed></TPX></Extensions></Trackpoint>
     <Trackpoint><Time>2026-03-31T19:32:01.492Z</Time><HeartRateBpm><Value>146</Value></HeartRateBpm><Extensions><TPX xmlns="http://www.garmin.com/xmlschemas/ActivityExtension/v2"><Speed>0.000000</Speed></TPX></Extensions></Trackpoint>
     <Trackpoint><Time>2026-03-31T19:32:02.493Z</Time><HeartRateBpm><Value>146</Value></HeartRateBpm><Extensions><TPX xmlns="http://www.garmin.com/xmlschemas/ActivityExtension/v2"><Speed>0.000000</Speed></TPX></Extensions></Trackpoint>
     <Trackpoint><Time>2026-03-31T19:32:03.494Z</Time><HeartRateBpm><Value>146</Value></HeartRateBpm><Extensions><TPX xmlns="http://www.garmin.com/xmlschemas/ActivityExtension/v2"><Speed>0.000000</Speed></TPX></Extensions></Trackpoint>
     <Trackpoint><Time>2026-03-31T19:32:04.518Z</Time><HeartRateBpm><Value>147</Value></HeartRateBpm><Extensions><TPX xmlns="http://www.garmin.com/xmlschemas/ActivityExtension/v2"><Speed>0.000000</Speed></TPX></Extensions></Trackpoint>
     <Trackpoint><Time>2026-03-31T19:32:06.493Z</Time><HeartRateBpm><Value>147</Value></HeartRateBpm><Extensions><TPX xmlns="http://www.garmin.com/xmlschemas/ActivityExtension/v2"><Speed>0.000000</Speed></TPX></Extensions></Trackpoint>
     <Trackpoint><Time>2026-03-31T19:32:07.565Z</Time><HeartRateBpm><Value>147</Value></HeartRateBpm><Extensions><TPX xmlns="http://www.garmin.com/xmlschemas/ActivityExtension/v2"><Speed>0.000000</Speed></TPX></Extensions></Trackpoint>
     <Trackpoint><Time>2026-03-31T19:32:08.898Z</Time><HeartRateBpm><Value>147</Value></HeartRateBpm><Extensions><TPX xmlns="http://www.garmin.com/xmlschemas/ActivityExtension/v2"><Speed>0.000000</Speed></TPX></Extensions></Trackpoint>
     <Trackpoint><Time>2026-03-31T19:32:10.111Z</Time><HeartRateBpm><Value>147</Value></HeartRateBpm><Extensions><TPX xmlns="http://www.garmin.com/xmlschemas/ActivityExtension/v2"><Speed>0.000000</Speed></TPX></Extensions></Trackpoint>
     <Trackpoint><Time>2026-03-31T19:32:11.492Z</Time><HeartRateBpm><Value>147</Value></HeartRateBpm><Extensions><TPX xmlns="http://www.garmin.com/xmlschemas/ActivityExtension/v2"><Speed>0.000000</Speed></TPX></Extensions></Trackpoint>
     <Trackpoint><Time>2026-03-31T19:32:12.660Z</Time><HeartRateBpm><Value>147</Value></HeartRateBpm><Extensions><TPX xmlns="http://www.garmin.com/xmlschemas/ActivityExtension/v2"><Speed>0.000000</Speed></TPX></Extensions></Trackpoint>
     <Trackpoint><Time>2026-03-31T19:32:14.492Z</Time><HeartRateBpm><Value>147</Value></HeartRateBpm><Extensions><TPX xmlns="http://www.garmin.com/xmlschemas/ActivityExtension/v2"><Speed>0.000000</Speed></TPX></Extensions></Trackpoint>
     <Trackpoint><Time>2026-03-31T19:32:16.492Z</Time><HeartRateBpm><Value>144</Value></HeartRateBpm><Extensions><TPX xmlns="http://www.garmin.com/xmlschemas/ActivityExtension/v2"><Speed>0.000000</Speed></TPX></Extensions></Trackpoint>
     <Trackpoint><Time>2026-03-31T19:32:17.492Z</Time><HeartRateBpm><Value>144</Value></HeartRateBpm><Extensions><TPX xmlns="http://www.garmin.com/xmlschemas/ActivityExtension/v2"><Speed>0.000000</Speed></TPX></Extensions></Trackpoint>
     <Trackpoint><Time>2026-03-31T19:32:18.492Z</Time><HeartRateBpm><Value>144</Value></HeartRateBpm><Extensions><TPX xmlns="http://www.garmin.com/xmlschemas/ActivityExtension/v2"><Speed>0.000000</Speed></TPX></Extensions></Trackpoint>
     <Trackpoint><Time>2026-03-31T19:32:19.498Z</Time><HeartRateBpm><Value>144</Value></HeartRateBpm><Extensions><TPX xmlns="http://www.garmin.com/xmlschemas/ActivityExtension/v2"><Speed>0.000000</Speed></TPX></Extensions></Trackpoint>
    </Track>
   </Lap>
   <Lap StartTime="2026-03-31T19:32:21.492Z">
    <TotalTimeSeconds>600</TotalTimeSeconds>
    <AverageHeartRateBpm><Value>142</Value></AverageHeartRateBpm>
    <MaximumHeartRateBpm><Value>150</Value></MaximumHeartRateBpm>
    <Calories>107</Calories>
    <Track>
     <Trackpoint><Time>2026-03-31T19:32:21.492Z</Time><HeartRateBpm><Value>144</Value></HeartRateBpm><Extensions><TPX xmlns="http://www.garmin.com/xmlschemas/ActivityExtension/v2"><Speed>0.000000</Speed></TPX></Extensions></Trackpoint>
     <Trackpoint><Time>2026-03-31T19:32:22.492Z</Time><HeartRateBpm><Value>144</Value></HeartRateBpm><Extensions><TPX xmlns="http://www.garmin.com/xmlschemas/ActivityExtension/v2"><Speed>0.000000</Speed></TPX></Extensions></Trackpoint>
     <Trackpoint><Time>2026-03-31T19:32:23.898Z</Time><HeartRateBpm><Value>141</Value></HeartRateBpm><Extensions><TPX xmlns="http://www.garmin.com/xmlschemas/ActivityExtension/v2"><Speed>0.000000</Speed></TPX></Extensions></Trackpoint>
     <Trackpoint><Time>2026-03-31T19:32:25.406Z</Time><HeartRateBpm><Value>141</Value></HeartRateBpm><Extensions><TPX xmlns="http://www.garmin.com/xmlschemas/ActivityExtension/v2"><Speed>0.000000</Speed></TPX></Extensions></Trackpoint>
     <Trackpoint><Time>2026-03-31T19:32:26.492Z</Time><HeartRateBpm><Value>141</Value></HeartRateBpm><Extensions><TPX xmlns="http://www.garmin.com/xmlschemas/ActivityExtension/v2"><Speed>0.000000</Speed></TPX></Extensions></Trackpoint>
     <Trackpoint><Time>2026-03-31T19:32:27.492Z</Time><HeartRateBpm><Value>141</Value></HeartRateBpm><Extensions><TPX xmlns="http://www.garmin.com/xmlschemas/ActivityExtension/v2"><Speed>0.000000</Speed></TPX></Extensions></Trackpoint>
     <Trackpoint><Time>2026-03-31T19:32:29.492Z</Time><HeartRateBpm><Value>143</Value></HeartRateBpm><Extensions><TPX xmlns="http://www.garmin.com/xmlschemas/ActivityExtension/v2"><Speed>0.000000</Speed></TPX></Extensions></Trackpoint>
     <Trackpoint><Time>2026-03-31T19:32:30.499Z</Time><HeartRateBpm><Value>143</Value></HeartRateBpm><Extensions><TPX xmlns="http://www.garmin.com/xmlschemas/ActivityExtension/v2"><Speed>0.000000</Speed></TPX></Extensions></Trackpoint>
     <Trackpoint><Time>2026-03-31T19:32:32.492Z</Time><HeartRateBpm><Value>143</Value></HeartRateBpm><Extensions><TPX xmlns="http://www.garmin.com/xmlschemas/ActivityExtension/v2"><Speed>0.000000</Speed></TPX></Extensions></Trackpoint>
     <Trackpoint><Time>2026-03-31T19:32:34.492Z</Time><HeartRateBpm><Value>143</Value></HeartRateBpm><Extensions><TPX xmlns="http://www.garmin.com/xmlschemas/ActivityExtension/v2"><Speed>0.000000</Speed></TPX></Extensions></Trackpoint>
     <Trackpoint><Time>2026-03-31T19:32:35.492Z</Time><HeartRateBpm><Value>140</Value></HeartRateBpm><Extensions><TPX xmlns="http://www.garmin.com/xmlschemas/ActivityExtension/v2"><Speed>0.000000</Speed></TPX></Extensions></Trackpoint>
     <Trackpoint><Time>2026-03-31T19:32:37.492Z</Time><HeartRateBpm><Value>140</Value></HeartRateBpm><Extensions><TPX xmlns="http://www.garmin.com/xmlschemas/ActivityExtension/v2"><Speed>0.000000</Speed></TPX></Extensions></Trackpoint>
     <Trackpoint><Time>2026-03-31T19:32:39.492Z</Time><HeartRateBpm><Value>140</Value></HeartRateBpm><Extensions><TPX xmlns="http://www.garmin.com/xmlschemas/ActivityExtension/v2"><Speed>0.000000</Speed></TPX></Extensions></Trackpoint>
     <Trackpoint><Time>2026-03-31T19:32:40.492Z</Time><HeartRateBpm><Value>140</Value></HeartRateBpm><Extensions><TPX xmlns="http://www.garmin.com/xmlschemas/ActivityExtension/v2"><Speed>0.000000</Speed></TPX></Extensions></Trackpoint>
     <Trackpoint><Time>2026-03-31T19:32:42.492Z</Time><HeartRateBpm><Value>140</Value></HeartRateBpm><Extensions><TPX xmlns="http://www.garmin.com/xmlschemas/ActivityExtension/v2"><Speed>0.000000</Speed></TPX></Extensions></Trackpoint>
     <Trackpoint><Time>2026-03-31T19:32:44.492Z</Time><HeartRateBpm><Value>136</Value></HeartRateBpm><Extensions><TPX xmlns="http://www.garmin.com/xmlschemas/ActivityExtension/v2"><Speed>0.000000</Speed></TPX></Extensions></Trackpoint>
     <Trackpoint><Time>2026-03-31T19:32:45.492Z</Time><HeartRateBpm><Value>136</Value></HeartRateBpm><Extensions><TPX xmlns="http://www.garmin.com/xmlschemas/ActivityExtension/v2"><Speed>0.000000</Speed></TPX></Extensions></Trackpoint>
     <Trackpoint><Time>2026-03-31T19:32:47.492Z</Time><HeartRateBpm><Value>136</Value></HeartRateBpm><Extensions><TPX xmlns="http://www.garmin.com/xmlschemas/ActivityExtension/v2"><Speed>0.000000</Speed></TPX></Extensions></Trackpoint>
     <Trackpoint><Time>2026-03-31T19:32:49.492Z</Time><HeartRateBpm><Value>136</Value></HeartRateBpm><Extensions><TPX xmlns="http://www.garmin.com/xmlschemas/ActivityExtension/v2"><Speed>0.000000</Speed></TPX></Extensions></Trackpoint>
     <Trackpoint><Time>2026-03-31T19:32:50.492Z</Time><HeartRateBpm><Value>140</Value></HeartRateBpm><Extensions><TPX xmlns="http://www.garmin.com/xmlschemas/ActivityExtension/v2"><Speed>0.000000</Speed></TPX></Extensions></Trackpoint>
     <Trackpoint><Time>2026-03-31T19:32:52.492Z</Time><HeartRateBpm><Value>140</Value></HeartRateBpm><Extensions><TPX xmlns="http://www.garmin.com/xmlschemas/ActivityExtension/v2"><Speed>0.000000</Speed></TPX></Extensions></Trackpoint>
     <Trackpoint><Time>2026-03-31T19:32:54.492Z</Time><HeartRateBpm><Value>140</Value></HeartRateBpm><Extensions><TPX xmlns="http://www.garmin.com/xmlschemas/ActivityExtension/v2"><Speed>0.000000</Speed></TPX></Extensions></Trackpoint>
     <Trackpoint><Time>2026-03-31T19:32:55.492Z</Time><HeartRateBpm><Value>142</Value></HeartRateBpm><Extensions><TPX xmlns="http://www.garmin.com/xmlschemas/ActivityExtension/v2"><Speed>0.000000</Speed></TPX></Extensions></Trackpoint>
     <Trackpoint><Time>2026-03-31T19:32:57.492Z</Time><HeartRateBpm><Value>142</Value></HeartRateBpm><Extensions><TPX xmlns="http://www.garmin.com/xmlschemas/ActivityExtension/v2"><Speed>0.000000</Speed></TPX></Extensions></Trackpoint>
     <Trackpoint><Time>2026-03-31T19:32:58.543Z</Time><HeartRateBpm><Value>142</Value></HeartRateBpm><Extensions><TPX xmlns="http://www.garmin.com/xmlschemas/ActivityExtension/v2"><Speed>0.000000</Speed></TPX></Extensions></Trackpoint>
     <Trackpoint><Time>2026-03-31T19:33:00.492Z</Time><HeartRateBpm><Value>144</Value></HeartRateBpm><Extensions><TPX xmlns="http://www.garmin.com/xmlschemas/ActivityExtension/v2"><Speed>0.000000</Speed></TPX></Extensions></Trackpoint>
     <Trackpoint><Time>2026-03-31T19:33:02.492Z</Time><HeartRateBpm><Value>144</Value></HeartRateBpm><Extensions><TPX xmlns="http://www.garmin.com/xmlschemas/ActivityExtension/v2"><Speed>0.000000</Speed></TPX></Extensions></Trackpoint>
     <Trackpoint><Time>2026-03-31T19:33:03.641Z</Time><HeartRateBpm><Value>144</Value></HeartRateBpm><Extensions><TPX xmlns="http://www.garmin.com/xmlschemas/ActivityExtension/v2"><Speed>0.000000</Speed></TPX></Extensions></Trackpoint>
     <Trackpoint><Time>2026-03-31T19:33:05.492Z</Time><HeartRateBpm><Value>145</Value></HeartRateBpm><Extensions><TPX xmlns="http://www.garmin.com/xmlschemas/ActivityExtension/v2"><Speed>0.000000</Speed></TPX></Extensions></Trackpoint>
     <Trackpoint><Time>2026-03-31T19:33:07.492Z</Time><HeartRateBpm><Value>145</Value></HeartRateBpm><Extensions><TPX xmlns="http://www.garmin.com/xmlschemas/ActivityExtension/v2"><Speed>0.000000</Speed></TPX></Extensions></Trackpoint>
     <Trackpoint><Time>2026-03-31T19:33:08.740Z</Time><HeartRateBpm><Value>145</Value></HeartRateBpm><Extensions><TPX xmlns="http://www.garmin.com/xmlschemas/ActivityExtension/v2"><Speed>0.000000</Speed></TPX></Extensions></Trackpoint>
     <Trackpoint><Time>2026-03-31T19:33:10.492Z</Time><HeartRateBpm><Value>144</Value></HeartRateBpm><Extensions><TPX xmlns="http://www.garmin.com/xmlschemas/ActivityExtension/v2"><Speed>0.000000</Speed></TPX></Extensions></Trackpoint>
     <Trackpoint><Time>2026-03-31T19:33:12.492Z</Time><HeartRateBpm><Value>144</Value></HeartRateBpm><Extensions><TPX xmlns="http://www.garmin.com/xmlschemas/ActivityExtension/v2"><Speed>0.000000</Speed></TPX></Extensions></Trackpoint>
     <Trackpoint><Time>2026-03-31T19:33:13.492Z</Time><HeartRateBpm><Value>144</Value></HeartRateBpm><Extensions><TPX xmlns="http://www.garmin.com/xmlschemas/ActivityExtension/v2"><Speed>0.000000</Speed></TPX></Extensions></Trackpoint>
     <Trackpoint><Time>2026-03-31T19:33:15.492Z</Time><HeartRateBpm><Value>144</Value></HeartRateBpm><Extensions><TPX xmlns="http://www.garmin.com/xmlschemas/ActivityExtension/v2"><Speed>0.000000</Speed></TPX></Extensions></Trackpoint>
     <Trackpoint><Time>2026-03-31T19:33:17.492Z</Time><HeartRateBpm><Value>144</Value></HeartRateBpm><Extensions><TPX xmlns="http://www.garmin.com/xmlschemas/ActivityExtension/v2"><Speed>0.000000</Speed></TPX></Extensions></Trackpoint>
     <Trackpoint><Time>2026-03-31T19:33:18.904Z</Time><HeartRateBpm><Value>144</Value></HeartRateBpm><Extensions><TPX xmlns="http://www.garmin.com/xmlschemas/ActivityExtension/v2"><Speed>0.000000</Speed></TPX></Extensions></Trackpoint>
     <Trackpoint><Time>2026-03-31T19:33:20.492Z</Time><HeartRateBpm><Value>145</Value></HeartRateBpm><Extensions><TPX xmlns="http://www.garmin.com/xmlschemas/ActivityExtension/v2"><Speed>0.000000</Speed></TPX></Extensions></Trackpoint>
     <Trackpoint><Time>2026-03-31T19:33:22.492Z</Time><HeartRateBpm><Value>145</Value></HeartRateBpm><Extensions><TPX xmlns="http://www.garmin.com/xmlschemas/ActivityExtension/v2"><Speed>0.000000</Speed></TPX></Extensions></Trackpoint>
     <Trackpoint><Time>2026-03-31T19:33:23.901Z</Time><HeartRateBpm><Value>146</Value></HeartRateBpm><Extensions><TPX xmlns="http://www.garmin.com/xmlschemas/ActivityExtension/v2"><Speed>0.000000</Speed></TPX></Extensions></Trackpoint>
     <Trackpoint><Time>2026-03-31T19:33:25.492Z</Time><HeartRateBpm><Value>146</Value></HeartRateBpm><Extensions><TPX xmlns="http://www.garmin.com/xmlschemas/ActivityExtension/v2"><Speed>0.000000</Speed></TPX></Extensions></Trackpoint>
     <Trackpoint><Time>2026-03-31T19:33:26.587Z</Time><HeartRateBpm><Value>146</Value></HeartRateBpm><Extensions><TPX xmlns="http://www.garmin.com/xmlschemas/ActivityExtension/v2"><Speed>0.000000</Speed></TPX></Extensions></Trackpoint>
     <Trackpoint><Time>2026-03-31T19:33:28.492Z</Time><HeartRateBpm><Value>146</Value></HeartRateBpm><Extensions><TPX xmlns="http://www.garmin.com/xmlschemas/ActivityExtension/v2"><Speed>0.000000</Speed></TPX></Extensions></Trackpoint>
     <Trackpoint><Time>2026-03-31T19:33:30.492Z</Time><HeartRateBpm><Value>145</Value></HeartRateBpm><Extensions><TPX xmlns="http://www.garmin.com/xmlschemas/ActivityExtension/v2"><Speed>0.000000</Speed></TPX></Extensions></Trackpoint>
     <Trackpoint><Time>2026-03-31T19:33:31.679Z</Time><HeartRateBpm><Value>145</Value></HeartRateBpm><Extensions><TPX xmlns="http://www.garmin.com/xmlschemas/ActivityExtension/v2"><Speed>0.000000</Speed></TPX></Extensions></Trackpoint>
     <Trackpoint><Time>2026-03-31T19:33:33.492Z</Time><HeartRateBpm><Value>145</Value></HeartRateBpm><Extensions><TPX xmlns="http://www.garmin.com/xmlschemas/ActivityExtension/v2"><Speed>0.000000</Speed></TPX></Extensions></Trackpoint>
     <Trackpoint><Time>2026-03-31T19:33:34.492Z</Time><HeartRateBpm><Value>145</Value></HeartRateBpm><Extensions><TPX xmlns="http://www.garmin.com/xmlschemas/ActivityExtension/v2"><Speed>0.000000</Speed></TPX></Extensions></Trackpoint>
     <Trackpoint><Time>2026-03-31T19:33:35.492Z</Time><HeartRateBpm><Value>145</Value></HeartRateBpm><Extensions><TPX xmlns="http://www.garmin.com/xmlschemas/ActivityExtension/v2"><Speed>0.000000</Speed></TPX></Extensions></Trackpoint>
     <Trackpoint><Time>2026-03-31T19:33:36.779Z</Time><HeartRateBpm><Value>145</Value></HeartRateBpm><Extensions><TPX xmlns="http://www.garmin.com/xmlschemas/ActivityExtension/v2"><Speed>0.000000</Speed></TPX></Extensions></Trackpoint>
     <Trackpoint><Time>2026-03-31T19:33:38.492Z</Time><HeartRateBpm><Value>145</Value></HeartRateBpm><Extensions><TPX xmlns="http://www.garmin.com/xmlschemas/ActivityExtension/v2"><Speed>0.000000</Speed></TPX></Extensions></Trackpoint>
     <Trackpoint><Time>2026-03-31T19:33:39.492Z</Time><HeartRateBpm><Value>148</Value></HeartRateBpm><Extensions><TPX xmlns="http://www.garmin.com/xmlschemas/ActivityExtension/v2"><Speed>0.000000</Speed></TPX></Extensions></Trackpoint>
     <Trackpoint><Time>2026-03-31T19:33:40.492Z</Time><HeartRateBpm><Value>148</Value></HeartRateBpm><Extensions><TPX xmlns="http://www.garmin.com/xmlschemas/ActivityExtension/v2"><Speed>0.000000</Speed></TPX></Extensions></Trackpoint>
     <Trackpoint><Time>2026-03-31T19:33:41.880Z</Time><HeartRateBpm><Value>148</Value></HeartRateBpm><Extensions><TPX xmlns="http://www.garmin.com/xmlschemas/ActivityExtension/v2"><Speed>0.000000</Speed></TPX></Extensions></Trackpoint>
     <Trackpoint><Time>2026-03-31T19:33:43.492Z</Time><HeartRateBpm><Value>148</Value></HeartRateBpm><Extensions><TPX xmlns="http://www.garmin.com/xmlschemas/ActivityExtension/v2"><Speed>0.000000</Speed></TPX></Extensions></Trackpoint>
     <Trackpoint><Time>2026-03-31T19:33:45.492Z</Time><HeartRateBpm><Value>149</Value></HeartRateBpm><Extensions><TPX xmlns="http://www.garmin.com/xmlschemas/ActivityExtension/v2"><Speed>0.000000</Speed></TPX></Extensions></Trackpoint>
     <Trackpoint><Time>2026-03-31T19:33:46.976Z</Time><HeartRateBpm><Value>149</Value></HeartRateBpm><Extensions><TPX xmlns="http://www.garmin.com/xmlschemas/ActivityExtension/v2"><Speed>0.000000</Speed></TPX></Extensions></Trackpoint>
     <Trackpoint><Time>2026-03-31T19:33:48.492Z</Time><HeartRateBpm><Value>149</Value></HeartRateBpm><Extensions><TPX xmlns="http://www.garmin.com/xmlschemas/ActivityExtension/v2"><Speed>0.000000</Speed></TPX></Extensions></Trackpoint>
     <Trackpoint><Time>2026-03-31T19:33:49.492Z</Time><HeartRateBpm><Value>150</Value></HeartRateBpm><Extensions><TPX xmlns="http://www.garmin.com/xmlschemas/ActivityExtension/v2"><Speed>0.000000</Speed></TPX></Extensions></Trackpoint>
     <Trackpoint><Time>2026-03-31T19:33:50.492Z</Time><HeartRateBpm><Value>150</Value></HeartRateBpm><Extensions><TPX xmlns="http://www.garmin.com/xmlschemas/ActivityExtension/v2"><Speed>0.000000</Speed></TPX></Extensions></Trackpoint>
     <Trackpoint><Time>2026-03-31T19:33:51.492Z</Time><HeartRateBpm><Value>150</Value></HeartRateBpm><Extensions><TPX xmlns="http://www.garmin.com/xmlschemas/ActivityExtension/v2"><Speed>0.000000</Speed></TPX></Extensions></Trackpoint>
     <Trackpoint><Time>2026-03-31T19:33:53.495Z</Time><HeartRateBpm><Value>150</Value></HeartRateBpm><Extensions><TPX xmlns="http://www.garmin.com/xmlschemas/ActivityExtension/v2"><Speed>0.000000</Speed></TPX></Extensions></Trackpoint>
     <Trackpoint><Time>2026-03-31T19:33:54.628Z</Time><HeartRateBpm><Value>149</Value></HeartRateBpm><Extensions><TPX xmlns="http://www.garmin.com/xmlschemas/ActivityExtension/v2"><Speed>0.000000</Speed></TPX></Extensions></Trackpoint>
     <Trackpoint><Time>2026-03-31T19:33:56.492Z</Time><HeartRateBpm><Value>149</Value></HeartRateBpm><Extensions><TPX xmlns="http://www.garmin.com/xmlschemas/ActivityExtension/v2"><Speed>0.000000</Speed></TPX></Extensions></Trackpoint>
     <Trackpoint><Time>2026-03-31T19:33:57.492Z</Time><HeartRateBpm><Value>149</Value></HeartRateBpm><Extensions><TPX xmlns="http://www.garmin.com/xmlschemas/ActivityExtension/v2"><Speed>0.000000</Speed></TPX></Extensions></Trackpoint>
     <Trackpoint><Time>2026-03-31T19:33:58.492Z</Time><HeartRateBpm><Value>149</Value></HeartRateBpm><Extensions><TPX xmlns="http://www.garmin.com/xmlschemas/ActivityExtension/v2"><Speed>0.000000</Speed></TPX></Extensions></Trackpoint>
     <Trackpoint><Time>2026-03-31T19:33:59.721Z</Time><HeartRateBpm><Value>146</Value></HeartRateBpm><Extensions><TPX xmlns="http://www.garmin.com/xmlschemas/ActivityExtension/v2"><Speed>0.000000</Speed></TPX></Extensions></Trackpoint>
     <Trackpoint><Time>2026-03-31T19:34:01.492Z</Time><HeartRateBpm><Value>146</Value></HeartRateBpm><Extensions><TPX xmlns="http://www.garmin.com/xmlschemas/ActivityExtension/v2"><Speed>0.000000</Speed></TPX></Extensions></Trackpoint>
     <Trackpoint><Time>2026-03-31T19:34:02.492Z</Time><HeartRateBpm><Value>146</Value></HeartRateBpm><Extensions><TPX xmlns="http://www.garmin.com/xmlschemas/ActivityExtension/v2"><Speed>0.000000</Speed></TPX></Extensions></Trackpoint>
     <Trackpoint><Time>2026-03-31T19:34:03.895Z</Time><HeartRateBpm><Value>146</Value></HeartRateBpm><Extensions><TPX xmlns="http://www.garmin.com/xmlschemas/ActivityExtension/v2"><Speed>0.000000</Speed></TPX></Extensions></Trackpoint>
     <Trackpoint><Time>2026-03-31T19:34:05.492Z</Time><HeartRateBpm><Value>146</Value></HeartRateBpm><Extensions><TPX xmlns="http://www.garmin.com/xmlschemas/ActivityExtension/v2"><Speed>0.000000</Speed></TPX></Extensions></Trackpoint>
     <Trackpoint><Time>2026-03-31T19:34:06.492Z</Time><HeartRateBpm><Value>146</Value></HeartRateBpm><Extensions><TPX xmlns="http://www.garmin.com/xmlschemas/ActivityExtension/v2"><Speed>0.000000</Speed></TPX></Extensions></Trackpoint>
     <Trackpoint><Time>2026-03-31T19:34:07.492Z</Time><HeartRateBpm><Value>146</Value></HeartRateBpm><Extensions><TPX xmlns="http://www.garmin.com/xmlschemas/ActivityExtension/v2"><Speed>0.000000</Speed></TPX></Extensions></Trackpoint>
     <Trackpoint><Time>2026-03-31T19:34:08.896Z</Time><HeartRateBpm><Value>148</Value></HeartRateBpm><Extensions><TPX xmlns="http://www.garmin.com/xmlschemas/ActivityExtension/v2"><Speed>0.000000</Speed></TPX></Extensions></Trackpoint>
     <Trackpoint><Time>2026-03-31T19:34:09.911Z</Time><HeartRateBpm><Value>148</Value></HeartRateBpm><Extensions><TPX xmlns="http://www.garmin.com/xmlschemas/ActivityExtension/v2"><Speed>0.000000</Speed></TPX></Extensions></Trackpoint>
     <Trackpoint><Time>2026-03-31T19:34:11.492Z</Time><HeartRateBpm><Value>148</Value></HeartRateBpm><Extensions><TPX xmlns="http://www.garmin.com/xmlschemas/ActivityExtension/v2"><Speed>0.000000</Speed></TPX></Extensions></Trackpoint>
     <Trackpoint><Time>2026-03-31T19:34:12.492Z</Time><HeartRateBpm><Value>148</Value></HeartRateBpm><Extensions><TPX xmlns="http://www.garmin.com/xmlschemas/ActivityExtension/v2"><Speed>0.000000</Speed></TPX></Extensions></Trackpoint>
     <Trackpoint><Time>2026-03-31T19:34:14.375Z</Time><HeartRateBpm><Value>146</Value></HeartRateBpm><Extensions><TPX xmlns="http://www.garmin.com/xmlschemas/ActivityExtension/v2"><Speed>0.000000</Speed></TPX></Extensions></Trackpoint>
     <Trackpoint><Time>2026-03-31T19:34:15.492Z</Time><HeartRateBpm><Value>146</Value></HeartRateBpm><Extensions><TPX xmlns="http://www.garmin.com/xmlschemas/ActivityExtension/v2"><Speed>0.000000</Speed></TPX></Extensions></Trackpoint>
     <Trackpoint><Time>2026-03-31T19:34:17.492Z</Time><HeartRateBpm><Value>146</Value></HeartRateBpm><Extensions><TPX xmlns="http://www.garmin.com/xmlschemas/ActivityExtension/v2"><Speed>0.000000</Speed></TPX></Extensions></Trackpoint>
     <Trackpoint><Time>2026-03-31T19:34:18.899Z</Time><HeartRateBpm><Value>144</Value></HeartRateBpm><Extensions><TPX xmlns="http://www.garmin.com/xmlschemas/ActivityExtension/v2"><Speed>0.000000</Speed></TPX></Extensions></Trackpoint>
     <Trackpoint><Time>2026-03-31T19:34:20.114Z</Time><HeartRateBpm><Value>144</Value></HeartRateBpm><Extensions><TPX xmlns="http://www.garmin.com/xmlschemas/ActivityExtension/v2"><Speed>0.000000</Speed></TPX></Extensions></Trackpoint>
     <Trackpoint><Time>2026-03-31T19:34:21.492Z</Time><HeartRateBpm><Value>144</Value></HeartRateBpm><Extensions><TPX xmlns="http://www.garmin.com/xmlschemas/ActivityExtension/v2"><Speed>0.000000</Speed></TPX></Extensions></Trackpoint>
     <Trackpoint><Time>2026-03-31T19:34:22.492Z</Time><HeartRateBpm><Value>144</Value></HeartRateBpm><Extensions><TPX xmlns="http://www.garmin.com/xmlschemas/ActivityExtension/v2"><Speed>0.000000</Speed></TPX></Extensions></Trackpoint>
     <Trackpoint><Time>2026-03-31T19:34:24.376Z</Time><HeartRateBpm><Value>141</Value></HeartRateBpm><Extensions><TPX xmlns="http://www.garmin.com/xmlschemas/ActivityExtension/v2"><Speed>0.000000</Speed></TPX></Extensions></Trackpoint>
     <Trackpoint><Time>2026-03-31T19:34:25.492Z</Time><HeartRateBpm><Value>141</Value></HeartRateBpm><Extensions><TPX xmlns="http://www.garmin.com/xmlschemas/ActivityExtension/v2"><Speed>0.000000</Speed></TPX></Extensions></Trackpoint>
     <Trackpoint><Time>2026-03-31T19:34:27.492Z</Time><HeartRateBpm><Value>141</Value></HeartRateBpm><Extensions><TPX xmlns="http://www.garmin.com/xmlschemas/ActivityExtension/v2"><Speed>0.000000</Speed></TPX></Extensions></Trackpoint>
     <Trackpoint><Time>2026-03-31T19:34:28.960Z</Time><HeartRateBpm><Value>140</Value></HeartRateBpm><Extensions><TPX xmlns="http://www.garmin.com/xmlschemas/ActivityExtension/v2"><Speed>0.000000</Speed></TPX></Extensions></Trackpoint>
     <Trackpoint><Time>2026-03-31T19:34:30.373Z</Time><HeartRateBpm><Value>140</Value></HeartRateBpm><Extensions><TPX xmlns="http://www.garmin.com/xmlschemas/ActivityExtension/v2"><Speed>0.000000</Speed></TPX></Extensions></Trackpoint>
     <Trackpoint><Time>2026-03-31T19:34:31.492Z</Time><HeartRateBpm><Value>140</Value></HeartRateBpm><Extensions><TPX xmlns="http://www.garmin.com/xmlschemas/ActivityExtension/v2"><Speed>0.000000</Speed></TPX></Extensions></Trackpoint>
     <Trackpoint><Time>2026-03-31T19:34:32.492Z</Time><HeartRateBpm><Value>140</Value></HeartRateBpm><Extensions><TPX xmlns="http://www.garmin.com/xmlschemas/ActivityExtension/v2"><Speed>0.000000</Speed></TPX></Extensions></Trackpoint>
     <Trackpoint><Time>2026-03-31T19:34:33.896Z</Time><HeartRateBpm><Value>140</Value></HeartRateBpm><Extensions><TPX xmlns="http://www.garmin.com/xmlschemas/ActivityExtension/v2"><Speed>0.000000</Speed></TPX></Extensions></Trackpoint>
     <Trackpoint><Time>2026-03-31T19:34:35.406Z</Time><HeartRateBpm><Value>140</Value></HeartRateBpm><Extensions><TPX xmlns="http://www.garmin.com/xmlschemas/ActivityExtension/v2"><Speed>0.000000</Speed></TPX></Extensions></Trackpoint>
     <Trackpoint><Time>2026-03-31T19:34:36.492Z</Time><HeartRateBpm><Value>140</Value></HeartRateBpm><Extensions><TPX xmlns="http://www.garmin.com/xmlschemas/ActivityExtension/v2"><Speed>0.000000</Speed></TPX></Extensions></Trackpoint>
     <Trackpoint><Time>2026-03-31T19:34:37.492Z</Time><HeartRateBpm><Value>140</Value></HeartRateBpm><Extensions><TPX xmlns="http://www.garmin.com/xmlschemas/ActivityExtension/v2"><Speed>0.000000</Speed></TPX></Extensions></Trackpoint>
     <Trackpoint><Time>2026-03-31T19:34:38.492Z</Time><HeartRateBpm><Value>140</Value></HeartRateBpm><Extensions><TPX xmlns="http://www.garmin.com/xmlschemas/ActivityExtension/v2"><Speed>0.000000</Speed></TPX></Extensions></Trackpoint>
     <Trackpoint><Time>2026-03-31T19:34:40.492Z</Time><HeartRateBpm><Value>140</Value></HeartRateBpm><Extensions><TPX xmlns="http://www.garmin.com/xmlschemas/ActivityExtension/v2"><Speed>0.000000</Speed></TPX></Extensions></Trackpoint>
     <Trackpoint><Time>2026-03-31T19:34:41.492Z</Time><HeartRateBpm><Value>140</Value></HeartRateBpm><Extensions><TPX xmlns="http://www.garmin.com/xmlschemas/ActivityExtension/v2"><Speed>0.000000</Speed></TPX></Extensions></Trackpoint>
     <Trackpoint><Time>2026-03-31T19:34:42.492Z</Time><HeartRateBpm><Value>140</Value></HeartRateBpm><Extensions><TPX xmlns="http://www.garmin.com/xmlschemas/ActivityExtension/v2"><Speed>0.000000</Speed></TPX></Extensions></Trackpoint>
     <Trackpoint><Time>2026-03-31T19:34:44.492Z</Time><HeartRateBpm><Value>141</Value></HeartRateBpm><Extensions><TPX xmlns="http://www.garmin.com/xmlschemas/ActivityExtension/v2"><Speed>0.000000</Speed></TPX></Extensions></Trackpoint>
     <Trackpoint><Time>2026-03-31T19:34:45.492Z</Time><HeartRateBpm><Value>141</Value></HeartRateBpm><Extensions><TPX xmlns="http://www.garmin.com/xmlschemas/ActivityExtension/v2"><Speed>0.000000</Speed></TPX></Extensions></Trackpoint>
     <Trackpoint><Time>2026-03-31T19:34:46.492Z</Time><HeartRateBpm><Value>141</Value></HeartRateBpm><Extensions><TPX xmlns="http://www.garmin.com/xmlschemas/ActivityExtension/v2"><Speed>0.000000</Speed></TPX></Extensions></Trackpoint>
     <Trackpoint><Time>2026-03-31T19:34:47.492Z</Time><HeartRateBpm><Value>141</Value></HeartRateBpm><Extensions><TPX xmlns="http://www.garmin.com/xmlschemas/ActivityExtension/v2"><Speed>0.000000</Speed></TPX></Extensions></Trackpoint>
     <Trackpoint><Time>2026-03-31T19:34:49.492Z</Time><HeartRateBpm><Value>144</Value></HeartRateBpm><Extensions><TPX xmlns="http://www.garmin.com/xmlschemas/ActivityExtension/v2"><Speed>0.000000</Speed></TPX></Extensions></Trackpoint>
     <Trackpoint><Time>2026-03-31T19:34:50.492Z</Time><HeartRateBpm><Value>144</Value></HeartRateBpm><Extensions><TPX xmlns="http://www.garmin.com/xmlschemas/ActivityExtension/v2"><Speed>0.000000</Speed></TPX></Extensions></Trackpoint>
     <Trackpoint><Time>2026-03-31T19:34:52.492Z</Time><HeartRateBpm><Value>144</Value></HeartRateBpm><Extensions><TPX xmlns="http://www.garmin.com/xmlschemas/ActivityExtension/v2"><Speed>0.000000</Speed></TPX></Extensions></Trackpoint>
     <Trackpoint><Time>2026-03-31T19:34:53.492Z</Time><HeartRateBpm><Value>140</Value></HeartRateBpm><Extensions><TPX xmlns="http://www.garmin.com/xmlschemas/ActivityExtension/v2"><Speed>0.000000</Speed></TPX></Extensions></Trackpoint>
     <Trackpoint><Time>2026-03-31T19:34:55.492Z</Time><HeartRateBpm><Value>140</Value></HeartRateBpm><Extensions><TPX xmlns="http://www.garmin.com/xmlschemas/ActivityExtension/v2"><Speed>0.000000</Speed></TPX></Extensions></Trackpoint>
     <Trackpoint><Time>2026-03-31T19:34:56.492Z</Time><HeartRateBpm><Value>140</Value></HeartRateBpm><Extensions><TPX xmlns="http://www.garmin.com/xmlschemas/ActivityExtension/v2"><Speed>0.000000</Speed></TPX></Extensions></Trackpoint>
     <Trackpoint><Time>2026-03-31T19:34:58.349Z</Time><HeartRateBpm><Value>140</Value></HeartRateBpm><Extensions><TPX xmlns="http://www.garmin.com/xmlschemas/ActivityExtension/v2"><Speed>0.000000</Speed></TPX></Extensions></Trackpoint>
     <Trackpoint><Time>2026-03-31T19:34:59.492Z</Time><HeartRateBpm><Value>138</Value></HeartRateBpm><Extensions><TPX xmlns="http://www.garmin.com/xmlschemas/ActivityExtension/v2"><Speed>0.000000</Speed></TPX></Extensions></Trackpoint>
     <Trackpoint><Time>2026-03-31T19:35:00.492Z</Time><HeartRateBpm><Value>138</Value></HeartRateBpm><Extensions><TPX xmlns="http://www.garmin.com/xmlschemas/ActivityExtension/v2"><Speed>0.000000</Speed></TPX></Extensions></Trackpoint>
     <Trackpoint><Time>2026-03-31T19:35:02.492Z</Time><HeartRateBpm><Value>138</Value></HeartRateBpm><Extensions><TPX xmlns="http://www.garmin.com/xmlschemas/ActivityExtension/v2"><Speed>0.000000</Speed></TPX></Extensions></Trackpoint>
     <Trackpoint><Time>2026-03-31T19:35:04.492Z</Time><HeartRateBpm><Value>140</Value></HeartRateBpm><Extensions><TPX xmlns="http://www.garmin.com/xmlschemas/ActivityExtension/v2"><Speed>0.000000</Speed></TPX></Extensions></Trackpoint>
     <Trackpoint><Time>2026-03-31T19:35:05.995Z</Time><HeartRateBpm><Value>140</Value></HeartRateBpm><Extensions><TPX xmlns="http://www.garmin.com/xmlschemas/ActivityExtension/v2"><Speed>0.000000</Speed></TPX></Extensions></Trackpoint>
     <Trackpoint><Time>2026-03-31T19:35:07.492Z</Time><HeartRateBpm><Value>140</Value></HeartRateBpm><Extensions><TPX xmlns="http://www.garmin.com/xmlschemas/ActivityExtension/v2"><Speed>0.000000</Speed></TPX></Extensions></Trackpoint>
     <Trackpoint><Time>2026-03-31T19:35:08.538Z</Time><HeartRateBpm><Value>140</Value></HeartRateBpm><Extensions><TPX xmlns="http://www.garmin.com/xmlschemas/ActivityExtension/v2"><Speed>0.000000</Speed></TPX></Extensions></Trackpoint>
     <Trackpoint><Time>2026-03-31T19:35:10.491Z</Time><HeartRateBpm><Value>140</Value></HeartRateBpm><Extensions><TPX xmlns="http://www.garmin.com/xmlschemas/ActivityExtension/v2"><Speed>0.000000</Speed></TPX></Extensions></Trackpoint>
     <Trackpoint><Time>2026-03-31T19:35:11.492Z</Time><HeartRateBpm><Value>140</Value></HeartRateBpm><Extensions><TPX xmlns="http://www.garmin.com/xmlschemas/ActivityExtension/v2"><Speed>0.000000</Speed></TPX></Extensions></Trackpoint>
     <Trackpoint><Time>2026-03-31T19:35:12.492Z</Time><HeartRateBpm><Value>140</Value></HeartRateBpm><Extensions><TPX xmlns="http://www.garmin.com/xmlschemas/ActivityExtension/v2"><Speed>0.000000</Speed></TPX></Extensions></Trackpoint>
     <Trackpoint><Time>2026-03-31T19:35:13.492Z</Time><HeartRateBpm><Value>140</Value></HeartRateBpm><Extensions><TPX xmlns="http://www.garmin.com/xmlschemas/ActivityExtension/v2"><Speed>0.000000</Speed></TPX></Extensions></Trackpoint>
     <Trackpoint><Time>2026-03-31T19:35:14.492Z</Time><HeartRateBpm><Value>141</Value></HeartRateBpm><Extensions><TPX xmlns="http://www.garmin.com/xmlschemas/ActivityExtension/v2"><Speed>0.000000</Speed></TPX></Extensions></Trackpoint>
     <Trackpoint><Time>2026-03-31T19:35:16.192Z</Time><HeartRateBpm><Value>141</Value></HeartRateBpm><Extensions><TPX xmlns="http://www.garmin.com/xmlschemas/ActivityExtension/v2"><Speed>0.000000</Speed></TPX></Extensions></Trackpoint>
     <Trackpoint><Time>2026-03-31T19:35:17.492Z</Time><HeartRateBpm><Value>141</Value></HeartRateBpm><Extensions><TPX xmlns="http://www.garmin.com/xmlschemas/ActivityExtension/v2"><Speed>0.000000</Speed></TPX></Extensions></Trackpoint>
     <Trackpoint><Time>2026-03-31T19:35:18.741Z</Time><HeartRateBpm><Value>141</Value></HeartRateBpm><Extensions><TPX xmlns="http://www.garmin.com/xmlschemas/ActivityExtension/v2"><Speed>0.000000</Speed></TPX></Extensions></Trackpoint>
     <Trackpoint><Time>2026-03-31T19:35:20.492Z</Time><HeartRateBpm><Value>142</Value></HeartRateBpm><Extensions><TPX xmlns="http://www.garmin.com/xmlschemas/ActivityExtension/v2"><Speed>0.000000</Speed></TPX></Extensions></Trackpoint>
     <Trackpoint><Time>2026-03-31T19:35:22.492Z</Time><HeartRateBpm><Value>142</Value></HeartRateBpm><Extensions><TPX xmlns="http://www.garmin.com/xmlschemas/ActivityExtension/v2"><Speed>0.000000</Speed></TPX></Extensions></Trackpoint>
     <Trackpoint><Time>2026-03-31T19:35:23.839Z</Time><HeartRateBpm><Value>142</Value></HeartRateBpm><Extensions><TPX xmlns="http://www.garmin.com/xmlschemas/ActivityExtension/v2"><Speed>0.000000</Speed></TPX></Extensions></Trackpoint>
     <Trackpoint><Time>2026-03-31T19:35:25.491Z</Time><HeartRateBpm><Value>142</Value></HeartRateBpm><Extensions><TPX xmlns="http://www.garmin.com/xmlschemas/ActivityExtension/v2"><Speed>0.000000</Speed></TPX></Extensions></Trackpoint>
     <Trackpoint><Time>2026-03-31T19:35:27.491Z</Time><HeartRateBpm><Value>142</Value></HeartRateBpm><Extensions><TPX xmlns="http://www.garmin.com/xmlschemas/ActivityExtension/v2"><Speed>0.000000</Speed></TPX></Extensions></Trackpoint>
     <Trackpoint><Time>2026-03-31T19:35:28.904Z</Time><HeartRateBpm><Value>142</Value></HeartRateBpm><Extensions><TPX xmlns="http://www.garmin.com/xmlschemas/ActivityExtension/v2"><Speed>0.000000</Speed></TPX></Extensions></Trackpoint>
     <Trackpoint><Time>2026-03-31T19:35:30.491Z</Time><HeartRateBpm><Value>141</Value></HeartRateBpm><Extensions><TPX xmlns="http://www.garmin.com/xmlschemas/ActivityExtension/v2"><Speed>0.000000</Speed></TPX></Extensions></Trackpoint>
     <Trackpoint><Time>2026-03-31T19:35:31.492Z</Time><HeartRateBpm><Value>141</Value></HeartRateBpm><Extensions><TPX xmlns="http://www.garmin.com/xmlschemas/ActivityExtension/v2"><Speed>0.000000</Speed></TPX></Extensions></Trackpoint>
     <Trackpoint><Time>2026-03-31T19:35:33.491Z</Time><HeartRateBpm><Value>141</Value></HeartRateBpm><Extensions><TPX xmlns="http://www.garmin.com/xmlschemas/ActivityExtension/v2"><Speed>0.000000</Speed></TPX></Extensions></Trackpoint>
     <Trackpoint><Time>2026-03-31T19:35:34.492Z</Time><HeartRateBpm><Value>141</Value></HeartRateBpm><Extensions><TPX xmlns="http://www.garmin.com/xmlschemas/ActivityExtension/v2"><Speed>0.000000</Speed></TPX></Extensions></Trackpoint>
     <Trackpoint><Time>2026-03-31T19:35:36.491Z</Time><HeartRateBpm><Value>141</Value></HeartRateBpm><Extensions><TPX xmlns="http://www.garmin.com/xmlschemas/ActivityExtension/v2"><Speed>0.000000</Speed></TPX></Extensions></Trackpoint>
     <Trackpoint><Time>2026-03-31T19:35:38.491Z</Time><HeartRateBpm><Value>141</Value></HeartRateBpm><Extensions><TPX xmlns="http://www.garmin.com/xmlschemas/ActivityExtension/v2"><Speed>0.000000</Speed></TPX></Extensions></Trackpoint>
     <Trackpoint><Time>2026-03-31T19:35:40.491Z</Time><HeartRateBpm><Value>142</Value></HeartRateBpm><Extensions><TPX xmlns="http://www.garmin.com/xmlschemas/ActivityExtension/v2"><Speed>0.000000</Speed></TPX></Extensions></Trackpoint>
     <Trackpoint><Time>2026-03-31T19:35:41.491Z</Time><HeartRateBpm><Value>142</Value></HeartRateBpm><Extensions><TPX xmlns="http://www.garmin.com/xmlschemas/ActivityExtension/v2"><Speed>0.000000</Speed></TPX></Extensions></Trackpoint>
     <Trackpoint><Time>2026-03-31T19:35:42.491Z</Time><HeartRateBpm><Value>142</Value></HeartRateBpm><Extensions><TPX xmlns="http://www.garmin.com/xmlschemas/ActivityExtension/v2"><Speed>0.000000</Speed></TPX></Extensions></Trackpoint>
     <Trackpoint><Time>2026-03-31T19:35:43.897Z</Time><HeartRateBpm><Value>142</Value></HeartRateBpm><Extensions><TPX xmlns="http://www.garmin.com/xmlschemas/ActivityExtension/v2"><Speed>0.000000</Speed></TPX></Extensions></Trackpoint>
     <Trackpoint><Time>2026-03-31T19:35:45.491Z</Time><HeartRateBpm><Value>142</Value></HeartRateBpm><Extensions><TPX xmlns="http://www.garmin.com/xmlschemas/ActivityExtension/v2"><Speed>0.000000</Speed></TPX></Extensions></Trackpoint>
     <Trackpoint><Time>2026-03-31T19:35:46.782Z</Time><HeartRateBpm><Value>142</Value></HeartRateBpm><Extensions><TPX xmlns="http://www.garmin.com/xmlschemas/ActivityExtension/v2"><Speed>0.000000</Speed></TPX></Extensions></Trackpoint>
     <Trackpoint><Time>2026-03-31T19:35:48.491Z</Time><HeartRateBpm><Value>142</Value></HeartRateBpm><Extensions><TPX xmlns="http://www.garmin.com/xmlschemas/ActivityExtension/v2"><Speed>0.000000</Speed></TPX></Extensions></Trackpoint>
     <Trackpoint><Time>2026-03-31T19:35:50.491Z</Time><HeartRateBpm><Value>142</Value></HeartRateBpm><Extensions><TPX xmlns="http://www.garmin.com/xmlschemas/ActivityExtension/v2"><Speed>0.000000</Speed></TPX></Extensions></Trackpoint>
     <Trackpoint><Time>2026-03-31T19:35:51.878Z</Time><HeartRateBpm><Value>142</Value></HeartRateBpm><Extensions><TPX xmlns="http://www.garmin.com/xmlschemas/ActivityExtension/v2"><Speed>0.000000</Speed></TPX></Extensions></Trackpoint>
     <Trackpoint><Time>2026-03-31T19:35:53.491Z</Time><HeartRateBpm><Value>142</Value></HeartRateBpm><Extensions><TPX xmlns="http://www.garmin.com/xmlschemas/ActivityExtension/v2"><Speed>0.000000</Speed></TPX></Extensions></Trackpoint>
     <Trackpoint><Time>2026-03-31T19:35:54.491Z</Time><HeartRateBpm><Value>142</Value></HeartRateBpm><Extensions><TPX xmlns="http://www.garmin.com/xmlschemas/ActivityExtension/v2"><Speed>0.000000</Speed></TPX></Extensions></Trackpoint>
     <Trackpoint><Time>2026-03-31T19:35:56.491Z</Time><HeartRateBpm><Value>142</Value></HeartRateBpm><Extensions><TPX xmlns="http://www.garmin.com/xmlschemas/ActivityExtension/v2"><Speed>0.000000</Speed></TPX></Extensions></Trackpoint>
     <Trackpoint><Time>2026-03-31T19:35:58.491Z</Time><HeartRateBpm><Value>142</Value></HeartRateBpm><Extensions><TPX xmlns="http://www.garmin.com/xmlschemas/ActivityExtension/v2"><Speed>0.000000</Speed></TPX></Extensions></Trackpoint>
     <Trackpoint><Time>2026-03-31T19:35:59.520Z</Time><HeartRateBpm><Value>143</Value></HeartRateBpm><Extensions><TPX xmlns="http://www.garmin.com/xmlschemas/ActivityExtension/v2"><Speed>0.000000</Speed></TPX></Extensions></Trackpoint>
     <Trackpoint><Time>2026-03-31T19:36:01.491Z</Time><HeartRateBpm><Value>143</Value></HeartRateBpm><Extensions><TPX xmlns="http://www.garmin.com/xmlschemas/ActivityExtension/v2"><Speed>0.000000</Speed></TPX></Extensions></Trackpoint>
     <Trackpoint><Time>2026-03-31T19:36:03.491Z</Time><HeartRateBpm><Value>143</Value></HeartRateBpm><Extensions><TPX xmlns="http://www.garmin.com/xmlschemas/ActivityExtension/v2"><Speed>0.000000</Speed></TPX></Extensions></Trackpoint>
     <Trackpoint><Time>2026-03-31T19:36:04.623Z</Time><HeartRateBpm><Value>144</Value></HeartRateBpm><Extensions><TPX xmlns="http://www.garmin.com/xmlschemas/ActivityExtension/v2"><Speed>0.000000</Speed></TPX></Extensions></Trackpoint>
     <Trackpoint><Time>2026-03-31T19:36:06.491Z</Time><HeartRateBpm><Value>144</Value></HeartRateBpm><Extensions><TPX xmlns="http://www.garmin.com/xmlschemas/ActivityExtension/v2"><Speed>0.000000</Speed></TPX></Extensions></Trackpoint>
     <Trackpoint><Time>2026-03-31T19:36:08.491Z</Time><HeartRateBpm><Value>144</Value></HeartRateBpm><Extensions><TPX xmlns="http://www.garmin.com/xmlschemas/ActivityExtension/v2"><Speed>0.000000</Speed></TPX></Extensions></Trackpoint>
     <Trackpoint><Time>2026-03-31T19:36:09.719Z</Time><HeartRateBpm><Value>145</Value></HeartRateBpm><Extensions><TPX xmlns="http://www.garmin.com/xmlschemas/ActivityExtension/v2"><Speed>0.000000</Speed></TPX></Extensions></Trackpoint>
     <Trackpoint><Time>2026-03-31T19:36:11.491Z</Time><HeartRateBpm><Value>145</Value></HeartRateBpm><Extensions><TPX xmlns="http://www.garmin.com/xmlschemas/ActivityExtension/v2"><Speed>0.000000</Speed></TPX></Extensions></Trackpoint>
     <Trackpoint><Time>2026-03-31T19:36:12.491Z</Time><HeartRateBpm><Value>145</Value></HeartRateBpm><Extensions><TPX xmlns="http://www.garmin.com/xmlschemas/ActivityExtension/v2"><Speed>0.000000</Speed></TPX></Extensions></Trackpoint>
     <Trackpoint><Time>2026-03-31T19:36:13.897Z</Time><HeartRateBpm><Value>141</Value></HeartRateBpm><Extensions><TPX xmlns="http://www.garmin.com/xmlschemas/ActivityExtension/v2"><Speed>0.000000</Speed></TPX></Extensions></Trackpoint>
     <Trackpoint><Time>2026-03-31T19:36:15.491Z</Time><HeartRateBpm><Value>141</Value></HeartRateBpm><Extensions><TPX xmlns="http://www.garmin.com/xmlschemas/ActivityExtension/v2"><Speed>0.000000</Speed></TPX></Extensions></Trackpoint>
     <Trackpoint><Time>2026-03-31T19:36:17.370Z</Time><HeartRateBpm><Value>141</Value></HeartRateBpm><Extensions><TPX xmlns="http://www.garmin.com/xmlschemas/ActivityExtension/v2"><Speed>0.000000</Speed></TPX></Extensions></Trackpoint>
     <Trackpoint><Time>2026-03-31T19:36:18.491Z</Time><HeartRateBpm><Value>141</Value></HeartRateBpm><Extensions><TPX xmlns="http://www.garmin.com/xmlschemas/ActivityExtension/v2"><Speed>0.000000</Speed></TPX></Extensions></Trackpoint>
     <Trackpoint><Time>2026-03-31T19:36:19.910Z</Time><HeartRateBpm><Value>141</Value></HeartRateBpm><Extensions><TPX xmlns="http://www.garmin.com/xmlschemas/ActivityExtension/v2"><Speed>0.000000</Speed></TPX></Extensions></Trackpoint>
     <Trackpoint><Time>2026-03-31T19:36:21.491Z</Time><HeartRateBpm><Value>141</Value></HeartRateBpm><Extensions><TPX xmlns="http://www.garmin.com/xmlschemas/ActivityExtension/v2"><Speed>0.000000</Speed></TPX></Extensions></Trackpoint>
     <Trackpoint><Time>2026-03-31T19:36:23.491Z</Time><HeartRateBpm><Value>141</Value></HeartRateBpm><Extensions><TPX xmlns="http://www.garmin.com/xmlschemas/ActivityExtension/v2"><Speed>0.000000</Speed></TPX></Extensions></Trackpoint>
     <Trackpoint><Time>2026-03-31T19:36:25.014Z</Time><HeartRateBpm><Value>139</Value></HeartRateBpm><Extensions><TPX xmlns="http://www.garmin.com/xmlschemas/ActivityExtension/v2"><Speed>0.000000</Speed></TPX></Extensions></Trackpoint>
     <Trackpoint><Time>2026-03-31T19:36:26.491Z</Time><HeartRateBpm><Value>139</Value></HeartRateBpm><Extensions><TPX xmlns="http://www.garmin.com/xmlschemas/ActivityExtension/v2"><Speed>0.000000</Speed></TPX></Extensions></Trackpoint>
     <Trackpoint><Time>2026-03-31T19:36:27.491Z</Time><HeartRateBpm><Value>139</Value></HeartRateBpm><Extensions><TPX xmlns="http://www.garmin.com/xmlschemas/ActivityExtension/v2"><Speed>0.000000</Speed></TPX></Extensions></Trackpoint>
     <Trackpoint><Time>2026-03-31T19:36:29.374Z</Time><HeartRateBpm><Value>141</Value></HeartRateBpm><Extensions><TPX xmlns="http://www.garmin.com/xmlschemas/ActivityExtension/v2"><Speed>0.000000</Speed></TPX></Extensions></Trackpoint>
     <Trackpoint><Time>2026-03-31T19:36:30.491Z</Time><HeartRateBpm><Value>141</Value></HeartRateBpm><Extensions><TPX xmlns="http://www.garmin.com/xmlschemas/ActivityExtension/v2"><Speed>0.000000</Speed></TPX></Extensions></Trackpoint>
     <Trackpoint><Time>2026-03-31T19:36:32.491Z</Time><HeartRateBpm><Value>141</Value></HeartRateBpm><Extensions><TPX xmlns="http://www.garmin.com/xmlschemas/ActivityExtension/v2"><Speed>0.000000</Speed></TPX></Extensions></Trackpoint>
     <Trackpoint><Time>2026-03-31T19:36:33.491Z</Time><HeartRateBpm><Value>141</Value></HeartRateBpm><Extensions><TPX xmlns="http://www.garmin.com/xmlschemas/ActivityExtension/v2"><Speed>0.000000</Speed></TPX></Extensions></Trackpoint>
     <Trackpoint><Time>2026-03-31T19:36:35.207Z</Time><HeartRateBpm><Value>141</Value></HeartRateBpm><Extensions><TPX xmlns="http://www.garmin.com/xmlschemas/ActivityExtension/v2"><Speed>0.000000</Speed></TPX></Extensions></Trackpoint>
     <Trackpoint><Time>2026-03-31T19:36:36.491Z</Time><HeartRateBpm><Value>141</Value></HeartRateBpm><Extensions><TPX xmlns="http://www.garmin.com/xmlschemas/ActivityExtension/v2"><Speed>0.000000</Speed></TPX></Extensions></Trackpoint>
     <Trackpoint><Time>2026-03-31T19:36:37.758Z</Time><HeartRateBpm><Value>141</Value></HeartRateBpm><Extensions><TPX xmlns="http://www.garmin.com/xmlschemas/ActivityExtension/v2"><Speed>0.000000</Speed></TPX></Extensions></Trackpoint>
     <Trackpoint><Time>2026-03-31T19:36:38.896Z</Time><HeartRateBpm><Value>140</Value></HeartRateBpm><Extensions><TPX xmlns="http://www.garmin.com/xmlschemas/ActivityExtension/v2"><Speed>0.000000</Speed></TPX></Extensions></Trackpoint>
     <Trackpoint><Time>2026-03-31T19:36:40.308Z</Time><HeartRateBpm><Value>140</Value></HeartRateBpm><Extensions><TPX xmlns="http://www.garmin.com/xmlschemas/ActivityExtension/v2"><Speed>0.000000</Speed></TPX></Extensions></Trackpoint>
     <Trackpoint><Time>2026-03-31T19:36:41.557Z</Time><HeartRateBpm><Value>140</Value></HeartRateBpm><Extensions><TPX xmlns="http://www.garmin.com/xmlschemas/ActivityExtension/v2"><Speed>0.000000</Speed></TPX></Extensions></Trackpoint>
     <Trackpoint><Time>2026-03-31T19:36:42.858Z</Time><HeartRateBpm><Value>140</Value></HeartRateBpm><Extensions><TPX xmlns="http://www.garmin.com/xmlschemas/ActivityExtension/v2"><Speed>0.000000</Speed></TPX></Extensions></Trackpoint>
     <Trackpoint><Time>2026-03-31T19:36:43.900Z</Time><HeartRateBpm><Value>140</Value></HeartRateBpm><Extensions><TPX xmlns="http://www.garmin.com/xmlschemas/ActivityExtension/v2"><Speed>0.000000</Speed></TPX></Extensions></Trackpoint>
     <Trackpoint><Time>2026-03-31T19:36:45.406Z</Time><HeartRateBpm><Value>140</Value></HeartRateBpm><Extensions><TPX xmlns="http://www.garmin.com/xmlschemas/ActivityExtension/v2"><Speed>0.000000</Speed></TPX></Extensions></Trackpoint>
     <Trackpoint><Time>2026-03-31T19:36:46.503Z</Time><HeartRateBpm><Value>140</Value></HeartRateBpm><Extensions><TPX xmlns="http://www.garmin.com/xmlschemas/ActivityExtension/v2"><Speed>0.000000</Speed></TPX></Extensions></Trackpoint>
     <Trackpoint><Time>2026-03-31T19:36:47.959Z</Time><HeartRateBpm><Value>140</Value></HeartRateBpm><Extensions><TPX xmlns="http://www.garmin.com/xmlschemas/ActivityExtension/v2"><Speed>0.000000</Speed></TPX></Extensions></Trackpoint>
     <Trackpoint><Time>2026-03-31T19:36:49.491Z</Time><HeartRateBpm><Value>140</Value></HeartRateBpm><Extensions><TPX xmlns="http://www.garmin.com/xmlschemas/ActivityExtension/v2"><Speed>0.000000</Speed></TPX></Extensions></Trackpoint>
     <Trackpoint><Time>2026-03-31T19:36:50.497Z</Time><HeartRateBpm><Value>140</Value></HeartRateBpm><Extensions><TPX xmlns="http://www.garmin.com/xmlschemas/ActivityExtension/v2"><Speed>0.000000</Speed></TPX></Extensions></Trackpoint>
     <Trackpoint><Time>2026-03-31T19:36:52.491Z</Time><HeartRateBpm><Value>140</Value></HeartRateBpm><Extensions><TPX xmlns="http://www.garmin.com/xmlschemas/ActivityExtension/v2"><Speed>0.000000</Speed></TPX></Extensions></Trackpoint>
     <Trackpoint><Time>2026-03-31T19:36:54.491Z</Time><HeartRateBpm><Value>140</Value></HeartRateBpm><Extensions><TPX xmlns="http://www.garmin.com/xmlschemas/ActivityExtension/v2"><Speed>0.000000</Speed></TPX></Extensions></Trackpoint>
     <Trackpoint><Time>2026-03-31T19:36:55.491Z</Time><HeartRateBpm><Value>140</Value></HeartRateBpm><Extensions><TPX xmlns="http://www.garmin.com/xmlschemas/ActivityExtension/v2"><Speed>0.000000</Speed></TPX></Extensions></Trackpoint>
     <Trackpoint><Time>2026-03-31T19:36:57.491Z</Time><HeartRateBpm><Value>140</Value></HeartRateBpm><Extensions><TPX xmlns="http://www.garmin.com/xmlschemas/ActivityExtension/v2"><Speed>0.000000</Speed></TPX></Extensions></Trackpoint>
     <Trackpoint><Time>2026-03-31T19:36:58.491Z</Time><HeartRateBpm><Value>140</Value></HeartRateBpm><Extensions><TPX xmlns="http://www.garmin.com/xmlschemas/ActivityExtension/v2"><Speed>0.000000</Speed></TPX></Extensions></Trackpoint>
     <Trackpoint><Time>2026-03-31T19:37:00.491Z</Time><HeartRateBpm><Value>139</Value></HeartRateBpm><Extensions><TPX xmlns="http://www.garmin.com/xmlschemas/ActivityExtension/v2"><Speed>0.000000</Speed></TPX></Extensions></Trackpoint>
     <Trackpoint><Time>2026-03-31T19:37:02.492Z</Time><HeartRateBpm><Value>139</Value></HeartRateBpm><Extensions><TPX xmlns="http://www.garmin.com/xmlschemas/ActivityExtension/v2"><Speed>0.000000</Speed></TPX></Extensions></Trackpoint>
     <Trackpoint><Time>2026-03-31T19:37:04.490Z</Time><HeartRateBpm><Value>140</Value></HeartRateBpm><Extensions><TPX xmlns="http://www.garmin.com/xmlschemas/ActivityExtension/v2"><Speed>0.000000</Speed></TPX></Extensions></Trackpoint>
     <Trackpoint><Time>2026-03-31T19:37:05.799Z</Time><HeartRateBpm><Value>140</Value></HeartRateBpm><Extensions><TPX xmlns="http://www.garmin.com/xmlschemas/ActivityExtension/v2"><Speed>0.000000</Speed></TPX></Extensions></Trackpoint>
     <Trackpoint><Time>2026-03-31T19:37:07.491Z</Time><HeartRateBpm><Value>140</Value></HeartRateBpm><Extensions><TPX xmlns="http://www.garmin.com/xmlschemas/ActivityExtension/v2"><Speed>0.000000</Speed></TPX></Extensions></Trackpoint>
     <Trackpoint><Time>2026-03-31T19:37:09.490Z</Time><HeartRateBpm><Value>137</Value></HeartRateBpm><Extensions><TPX xmlns="http://www.garmin.com/xmlschemas/ActivityExtension/v2"><Speed>0.000000</Speed></TPX></Extensions></Trackpoint>
     <Trackpoint><Time>2026-03-31T19:37:10.490Z</Time><HeartRateBpm><Value>137</Value></HeartRateBpm><Extensions><TPX xmlns="http://www.garmin.com/xmlschemas/ActivityExtension/v2"><Speed>0.000000</Speed></TPX></Extensions></Trackpoint>
     <Trackpoint><Time>2026-03-31T19:37:11.490Z</Time><HeartRateBpm><Value>137</Value></HeartRateBpm><Extensions><TPX xmlns="http://www.garmin.com/xmlschemas/ActivityExtension/v2"><Speed>0.000000</Speed></TPX></Extensions></Trackpoint>
     <Trackpoint><Time>2026-03-31T19:37:12.491Z</Time><HeartRateBpm><Value>137</Value></HeartRateBpm><Extensions><TPX xmlns="http://www.garmin.com/xmlschemas/ActivityExtension/v2"><Speed>0.000000</Speed></TPX></Extensions></Trackpoint>
     <Trackpoint><Time>2026-03-31T19:37:13.492Z</Time><HeartRateBpm><Value>138</Value></HeartRateBpm><Extensions><TPX xmlns="http://www.garmin.com/xmlschemas/ActivityExtension/v2"><Speed>0.000000</Speed></TPX></Extensions></Trackpoint>
     <Trackpoint><Time>2026-03-31T19:37:15.490Z</Time><HeartRateBpm><Value>138</Value></HeartRateBpm><Extensions><TPX xmlns="http://www.garmin.com/xmlschemas/ActivityExtension/v2"><Speed>0.000000</Speed></TPX></Extensions></Trackpoint>
     <Trackpoint><Time>2026-03-31T19:37:16.491Z</Time><HeartRateBpm><Value>138</Value></HeartRateBpm><Extensions><TPX xmlns="http://www.garmin.com/xmlschemas/ActivityExtension/v2"><Speed>0.000000</Speed></TPX></Extensions></Trackpoint>
     <Trackpoint><Time>2026-03-31T19:37:17.491Z</Time><HeartRateBpm><Value>138</Value></HeartRateBpm><Extensions><TPX xmlns="http://www.garmin.com/xmlschemas/ActivityExtension/v2"><Speed>0.000000</Speed></TPX></Extensions></Trackpoint>
     <Trackpoint><Time>2026-03-31T19:37:18.542Z</Time><HeartRateBpm><Value>138</Value></HeartRateBpm><Extensions><TPX xmlns="http://www.garmin.com/xmlschemas/ActivityExtension/v2"><Speed>0.000000</Speed></TPX></Extensions></Trackpoint>
     <Trackpoint><Time>2026-03-31T19:37:20.491Z</Time><HeartRateBpm><Value>143</Value></HeartRateBpm><Extensions><TPX xmlns="http://www.garmin.com/xmlschemas/ActivityExtension/v2"><Speed>0.000000</Speed></TPX></Extensions></Trackpoint>
     <Trackpoint><Time>2026-03-31T19:37:22.496Z</Time><HeartRateBpm><Value>143</Value></HeartRateBpm><Extensions><TPX xmlns="http://www.garmin.com/xmlschemas/ActivityExtension/v2"><Speed>0.000000</Speed></TPX></Extensions></Trackpoint>
     <Trackpoint><Time>2026-03-31T19:37:23.659Z</Time><HeartRateBpm><Value>143</Value></HeartRateBpm><Extensions><TPX xmlns="http://www.garmin.com/xmlschemas/ActivityExtension/v2"><Speed>0.000000</Speed></TPX></Extensions></Trackpoint>
     <Trackpoint><Time>2026-03-31T19:37:25.491Z</Time><HeartRateBpm><Value>144</Value></HeartRateBpm><Extensions><TPX xmlns="http://www.garmin.com/xmlschemas/ActivityExtension/v2"><Speed>0.000000</Speed></TPX></Extensions></Trackpoint>
     <Trackpoint><Time>2026-03-31T19:37:26.491Z</Time><HeartRateBpm><Value>144</Value></HeartRateBpm><Extensions><TPX xmlns="http://www.garmin.com/xmlschemas/ActivityExtension/v2"><Speed>0.000000</Speed></TPX></Extensions></Trackpoint>
     <Trackpoint><Time>2026-03-31T19:37:27.491Z</Time><HeartRateBpm><Value>144</Value></HeartRateBpm><Extensions><TPX xmlns="http://www.garmin.com/xmlschemas/ActivityExtension/v2"><Speed>0.000000</Speed></TPX></Extensions></Trackpoint>
     <Trackpoint><Time>2026-03-31T19:37:28.750Z</Time><HeartRateBpm><Value>144</Value></HeartRateBpm><Extensions><TPX xmlns="http://www.garmin.com/xmlschemas/ActivityExtension/v2"><Speed>0.000000</Speed></TPX></Extensions></Trackpoint>
     <Trackpoint><Time>2026-03-31T19:37:30.491Z</Time><HeartRateBpm><Value>140</Value></HeartRateBpm><Extensions><TPX xmlns="http://www.garmin.com/xmlschemas/ActivityExtension/v2"><Speed>0.000000</Speed></TPX></Extensions></Trackpoint>
     <Trackpoint><Time>2026-03-31T19:37:32.491Z</Time><HeartRateBpm><Value>140</Value></HeartRateBpm><Extensions><TPX xmlns="http://www.garmin.com/xmlschemas/ActivityExtension/v2"><Speed>0.000000</Speed></TPX></Extensions></Trackpoint>
     <Trackpoint><Time>2026-03-31T19:37:33.842Z</Time><HeartRateBpm><Value>140</Value></HeartRateBpm><Extensions><TPX xmlns="http://www.garmin.com/xmlschemas/ActivityExtension/v2"><Speed>0.000000</Speed></TPX></Extensions></Trackpoint>
     <Trackpoint><Time>2026-03-31T19:37:35.490Z</Time><HeartRateBpm><Value>140</Value></HeartRateBpm><Extensions><TPX xmlns="http://www.garmin.com/xmlschemas/ActivityExtension/v2"><Speed>0.000000</Speed></TPX></Extensions></Trackpoint>
     <Trackpoint><Time>2026-03-31T19:37:36.491Z</Time><HeartRateBpm><Value>140</Value></HeartRateBpm><Extensions><TPX xmlns="http://www.garmin.com/xmlschemas/ActivityExtension/v2"><Speed>0.000000</Speed></TPX></Extensions></Trackpoint>
     <Trackpoint><Time>2026-03-31T19:37:37.491Z</Time><HeartRateBpm><Value>140</Value></HeartRateBpm><Extensions><TPX xmlns="http://www.garmin.com/xmlschemas/ActivityExtension/v2"><Speed>0.000000</Speed></TPX></Extensions></Trackpoint>
     <Trackpoint><Time>2026-03-31T19:37:38.898Z</Time><HeartRateBpm><Value>139</Value></HeartRateBpm><Extensions><TPX xmlns="http://www.garmin.com/xmlschemas/ActivityExtension/v2"><Speed>0.000000</Speed></TPX></Extensions></Trackpoint>
     <Trackpoint><Time>2026-03-31T19:37:40.491Z</Time><HeartRateBpm><Value>139</Value></HeartRateBpm><Extensions><TPX xmlns="http://www.garmin.com/xmlschemas/ActivityExtension/v2"><Speed>0.000000</Speed></TPX></Extensions></Trackpoint>
     <Trackpoint><Time>2026-03-31T19:37:41.491Z</Time><HeartRateBpm><Value>139</Value></HeartRateBpm><Extensions><TPX xmlns="http://www.garmin.com/xmlschemas/ActivityExtension/v2"><Speed>0.000000</Speed></TPX></Extensions></Trackpoint>
     <Trackpoint><Time>2026-03-31T19:37:43.491Z</Time><HeartRateBpm><Value>139</Value></HeartRateBpm><Extensions><TPX xmlns="http://www.garmin.com/xmlschemas/ActivityExtension/v2"><Speed>0.000000</Speed></TPX></Extensions></Trackpoint>
     <Trackpoint><Time>2026-03-31T19:37:45.491Z</Time><HeartRateBpm><Value>137</Value></HeartRateBpm><Extensions><TPX xmlns="http://www.garmin.com/xmlschemas/ActivityExtension/v2"><Speed>0.000000</Speed></TPX></Extensions></Trackpoint>
     <Trackpoint><Time>2026-03-31T19:37:46.491Z</Time><HeartRateBpm><Value>137</Value></HeartRateBpm><Extensions><TPX xmlns="http://www.garmin.com/xmlschemas/ActivityExtension/v2"><Speed>0.000000</Speed></TPX></Extensions></Trackpoint>
     <Trackpoint><Time>2026-03-31T19:37:48.490Z</Time><HeartRateBpm><Value>137</Value></HeartRateBpm><Extensions><TPX xmlns="http://www.garmin.com/xmlschemas/ActivityExtension/v2"><Speed>0.000000</Speed></TPX></Extensions></Trackpoint>
     <Trackpoint><Time>2026-03-31T19:37:49.497Z</Time><HeartRateBpm><Value>138</Value></HeartRateBpm><Extensions><TPX xmlns="http://www.garmin.com/xmlschemas/ActivityExtension/v2"><Speed>0.000000</Speed></TPX></Extensions></Trackpoint>
     <Trackpoint><Time>2026-03-31T19:37:51.490Z</Time><HeartRateBpm><Value>138</Value></HeartRateBpm><Extensions><TPX xmlns="http://www.garmin.com/xmlschemas/ActivityExtension/v2"><Speed>0.000000</Speed></TPX></Extensions></Trackpoint>
     <Trackpoint><Time>2026-03-31T19:37:52.502Z</Time><HeartRateBpm><Value>138</Value></HeartRateBpm><Extensions><TPX xmlns="http://www.garmin.com/xmlschemas/ActivityExtension/v2"><Speed>0.000000</Speed></TPX></Extensions></Trackpoint>
     <Trackpoint><Time>2026-03-31T19:37:53.894Z</Time><HeartRateBpm><Value>141</Value></HeartRateBpm><Extensions><TPX xmlns="http://www.garmin.com/xmlschemas/ActivityExtension/v2"><Speed>0.000000</Speed></TPX></Extensions></Trackpoint>
     <Trackpoint><Time>2026-03-31T19:37:55.490Z</Time><HeartRateBpm><Value>141</Value></HeartRateBpm><Extensions><TPX xmlns="http://www.garmin.com/xmlschemas/ActivityExtension/v2"><Speed>0.000000</Speed></TPX></Extensions></Trackpoint>
     <Trackpoint><Time>2026-03-31T19:37:56.490Z</Time><HeartRateBpm><Value>141</Value></HeartRateBpm><Extensions><TPX xmlns="http://www.garmin.com/xmlschemas/ActivityExtension/v2"><Speed>0.000000</Speed></TPX></Extensions></Trackpoint>
     <Trackpoint><Time>2026-03-31T19:37:57.491Z</Time><HeartRateBpm><Value>141</Value></HeartRateBpm><Extensions><TPX xmlns="http://www.garmin.com/xmlschemas/ActivityExtension/v2"><Speed>0.000000</Speed></TPX></Extensions></Trackpoint>
     <Trackpoint><Time>2026-03-31T19:37:58.504Z</Time><HeartRateBpm><Value>141</Value></HeartRateBpm><Extensions><TPX xmlns="http://www.garmin.com/xmlschemas/ActivityExtension/v2"><Speed>0.000000</Speed></TPX></Extensions></Trackpoint>
     <Trackpoint><Time>2026-03-31T19:38:00.491Z</Time><HeartRateBpm><Value>143</Value></HeartRateBpm><Extensions><TPX xmlns="http://www.garmin.com/xmlschemas/ActivityExtension/v2"><Speed>0.000000</Speed></TPX></Extensions></Trackpoint>
     <Trackpoint><Time>2026-03-31T19:38:01.504Z</Time><HeartRateBpm><Value>143</Value></HeartRateBpm><Extensions><TPX xmlns="http://www.garmin.com/xmlschemas/ActivityExtension/v2"><Speed>0.000000</Speed></TPX></Extensions></Trackpoint>
     <Trackpoint><Time>2026-03-31T19:38:03.491Z</Time><HeartRateBpm><Value>143</Value></HeartRateBpm><Extensions><TPX xmlns="http://www.garmin.com/xmlschemas/ActivityExtension/v2"><Speed>0.000000</Speed></TPX></Extensions></Trackpoint>
     <Trackpoint><Time>2026-03-31T19:38:05.490Z</Time><HeartRateBpm><Value>142</Value></HeartRateBpm><Extensions><TPX xmlns="http://www.garmin.com/xmlschemas/ActivityExtension/v2"><Speed>0.000000</Speed></TPX></Extensions></Trackpoint>
     <Trackpoint><Time>2026-03-31T19:38:06.972Z</Time><HeartRateBpm><Value>142</Value></HeartRateBpm><Extensions><TPX xmlns="http://www.garmin.com/xmlschemas/ActivityExtension/v2"><Speed>0.000000</Speed></TPX></Extensions></Trackpoint>
     <Trackpoint><Time>2026-03-31T19:38:08.490Z</Time><HeartRateBpm><Value>142</Value></HeartRateBpm><Extensions><TPX xmlns="http://www.garmin.com/xmlschemas/ActivityExtension/v2"><Speed>0.000000</Speed></TPX></Extensions></Trackpoint>
     <Trackpoint><Time>2026-03-31T19:38:09.524Z</Time><HeartRateBpm><Value>142</Value></HeartRateBpm><Extensions><TPX xmlns="http://www.garmin.com/xmlschemas/ActivityExtension/v2"><Speed>0.000000</Speed></TPX></Extensions></Trackpoint>
     <Trackpoint><Time>2026-03-31T19:38:11.492Z</Time><HeartRateBpm><Value>142</Value></HeartRateBpm><Extensions><TPX xmlns="http://www.garmin.com/xmlschemas/ActivityExtension/v2"><Speed>0.000000</Speed></TPX></Extensions></Trackpoint>
     <Trackpoint><Time>2026-03-31T19:38:13.489Z</Time><HeartRateBpm><Value>142</Value></HeartRateBpm><Extensions><TPX xmlns="http://www.garmin.com/xmlschemas/ActivityExtension/v2"><Speed>0.000000</Speed></TPX></Extensions></Trackpoint>
     <Trackpoint><Time>2026-03-31T19:38:14.490Z</Time><HeartRateBpm><Value>143</Value></HeartRateBpm><Extensions><TPX xmlns="http://www.garmin.com/xmlschemas/ActivityExtension/v2"><Speed>0.000000</Speed></TPX></Extensions></Trackpoint>
     <Trackpoint><Time>2026-03-31T19:38:16.490Z</Time><HeartRateBpm><Value>143</Value></HeartRateBpm><Extensions><TPX xmlns="http://www.garmin.com/xmlschemas/ActivityExtension/v2"><Speed>0.000000</Speed></TPX></Extensions></Trackpoint>
     <Trackpoint><Time>2026-03-31T19:38:18.490Z</Time><HeartRateBpm><Value>143</Value></HeartRateBpm><Extensions><TPX xmlns="http://www.garmin.com/xmlschemas/ActivityExtension/v2"><Speed>0.000000</Speed></TPX></Extensions></Trackpoint>
     <Trackpoint><Time>2026-03-31T19:38:19.714Z</Time><HeartRateBpm><Value>142</Value></HeartRateBpm><Extensions><TPX xmlns="http://www.garmin.com/xmlschemas/ActivityExtension/v2"><Speed>0.000000</Speed></TPX></Extensions></Trackpoint>
     <Trackpoint><Time>2026-03-31T19:38:21.490Z</Time><HeartRateBpm><Value>142</Value></HeartRateBpm><Extensions><TPX xmlns="http://www.garmin.com/xmlschemas/ActivityExtension/v2"><Speed>0.000000</Speed></TPX></Extensions></Trackpoint>
     <Trackpoint><Time>2026-03-31T19:38:23.490Z</Time><HeartRateBpm><Value>142</Value></HeartRateBpm><Extensions><TPX xmlns="http://www.garmin.com/xmlschemas/ActivityExtension/v2"><Speed>0.000000</Speed></TPX></Extensions></Trackpoint>
     <Trackpoint><Time>2026-03-31T19:38:24.820Z</Time><HeartRateBpm><Value>140</Value></HeartRateBpm><Extensions><TPX xmlns="http://www.garmin.com/xmlschemas/ActivityExtension/v2"><Speed>0.000000</Speed></TPX></Extensions></Trackpoint>
     <Trackpoint><Time>2026-03-31T19:38:26.490Z</Time><HeartRateBpm><Value>140</Value></HeartRateBpm><Extensions><TPX xmlns="http://www.garmin.com/xmlschemas/ActivityExtension/v2"><Speed>0.000000</Speed></TPX></Extensions></Trackpoint>
     <Trackpoint><Time>2026-03-31T19:38:27.490Z</Time><HeartRateBpm><Value>140</Value></HeartRateBpm><Extensions><TPX xmlns="http://www.garmin.com/xmlschemas/ActivityExtension/v2"><Speed>0.000000</Speed></TPX></Extensions></Trackpoint>
     <Trackpoint><Time>2026-03-31T19:38:28.491Z</Time><HeartRateBpm><Value>140</Value></HeartRateBpm><Extensions><TPX xmlns="http://www.garmin.com/xmlschemas/ActivityExtension/v2"><Speed>0.000000</Speed></TPX></Extensions></Trackpoint>
     <Trackpoint><Time>2026-03-31T19:38:29.491Z</Time><HeartRateBpm><Value>143</Value></HeartRateBpm><Extensions><TPX xmlns="http://www.garmin.com/xmlschemas/ActivityExtension/v2"><Speed>0.000000</Speed></TPX></Extensions></Trackpoint>
     <Trackpoint><Time>2026-03-31T19:38:31.490Z</Time><HeartRateBpm><Value>143</Value></HeartRateBpm><Extensions><TPX xmlns="http://www.garmin.com/xmlschemas/ActivityExtension/v2"><Speed>0.000000</Speed></TPX></Extensions></Trackpoint>
     <Trackpoint><Time>2026-03-31T19:38:32.499Z</Time><HeartRateBpm><Value>143</Value></HeartRateBpm><Extensions><TPX xmlns="http://www.garmin.com/xmlschemas/ActivityExtension/v2"><Speed>0.000000</Speed></TPX></Extensions></Trackpoint>
     <Trackpoint><Time>2026-03-31T19:38:34.370Z</Time><HeartRateBpm><Value>141</Value></HeartRateBpm><Extensions><TPX xmlns="http://www.garmin.com/xmlschemas/ActivityExtension/v2"><Speed>0.000000</Speed></TPX></Extensions></Trackpoint>
     <Trackpoint><Time>2026-03-31T19:38:35.490Z</Time><HeartRateBpm><Value>141</Value></HeartRateBpm><Extensions><TPX xmlns="http://www.garmin.com/xmlschemas/ActivityExtension/v2"><Speed>0.000000</Speed></TPX></Extensions></Trackpoint>
     <Trackpoint><Time>2026-03-31T19:38:37.490Z</Time><HeartRateBpm><Value>141</Value></HeartRateBpm><Extensions><TPX xmlns="http://www.garmin.com/xmlschemas/ActivityExtension/v2"><Speed>0.000000</Speed></TPX></Extensions></Trackpoint>
     <Trackpoint><Time>2026-03-31T19:38:38.490Z</Time><HeartRateBpm><Value>141</Value></HeartRateBpm><Extensions><TPX xmlns="http://www.garmin.com/xmlschemas/ActivityExtension/v2"><Speed>0.000000</Speed></TPX></Extensions></Trackpoint>
     <Trackpoint><Time>2026-03-31T19:38:40.113Z</Time><HeartRateBpm><Value>140</Value></HeartRateBpm><Extensions><TPX xmlns="http://www.garmin.com/xmlschemas/ActivityExtension/v2"><Speed>0.000000</Speed></TPX></Extensions></Trackpoint>
     <Trackpoint><Time>2026-03-31T19:38:41.490Z</Time><HeartRateBpm><Value>140</Value></HeartRateBpm><Extensions><TPX xmlns="http://www.garmin.com/xmlschemas/ActivityExtension/v2"><Speed>0.000000</Speed></TPX></Extensions></Trackpoint>
     <Trackpoint><Time>2026-03-31T19:38:42.490Z</Time><HeartRateBpm><Value>140</Value></HeartRateBpm><Extensions><TPX xmlns="http://www.garmin.com/xmlschemas/ActivityExtension/v2"><Speed>0.000000</Speed></TPX></Extensions></Trackpoint>
     <Trackpoint><Time>2026-03-31T19:38:43.893Z</Time><HeartRateBpm><Value>141</Value></HeartRateBpm><Extensions><TPX xmlns="http://www.garmin.com/xmlschemas/ActivityExtension/v2"><Speed>0.000000</Speed></TPX></Extensions></Trackpoint>
     <Trackpoint><Time>2026-03-31T19:38:45.211Z</Time><HeartRateBpm><Value>141</Value></HeartRateBpm><Extensions><TPX xmlns="http://www.garmin.com/xmlschemas/ActivityExtension/v2"><Speed>0.000000</Speed></TPX></Extensions></Trackpoint>
     <Trackpoint><Time>2026-03-31T19:38:46.490Z</Time><HeartRateBpm><Value>141</Value></HeartRateBpm><Extensions><TPX xmlns="http://www.garmin.com/xmlschemas/ActivityExtension/v2"><Speed>0.000000</Speed></TPX></Extensions></Trackpoint>
     <Trackpoint><Time>2026-03-31T19:38:47.501Z</Time><HeartRateBpm><Value>141</Value></HeartRateBpm><Extensions><TPX xmlns="http://www.garmin.com/xmlschemas/ActivityExtension/v2"><Speed>0.000000</Speed></TPX></Extensions></Trackpoint>
     <Trackpoint><Time>2026-03-31T19:38:48.891Z</Time><HeartRateBpm><Value>141</Value></HeartRateBpm><Extensions><TPX xmlns="http://www.garmin.com/xmlschemas/ActivityExtension/v2"><Speed>0.000000</Speed></TPX></Extensions></Trackpoint>
     <Trackpoint><Time>2026-03-31T19:38:50.308Z</Time><HeartRateBpm><Value>141</Value></HeartRateBpm><Extensions><TPX xmlns="http://www.garmin.com/xmlschemas/ActivityExtension/v2"><Speed>0.000000</Speed></TPX></Extensions></Trackpoint>
     <Trackpoint><Time>2026-03-31T19:38:51.491Z</Time><HeartRateBpm><Value>141</Value></HeartRateBpm><Extensions><TPX xmlns="http://www.garmin.com/xmlschemas/ActivityExtension/v2"><Speed>0.000000</Speed></TPX></Extensions></Trackpoint>
     <Trackpoint><Time>2026-03-31T19:38:52.859Z</Time><HeartRateBpm><Value>141</Value></HeartRateBpm><Extensions><TPX xmlns="http://www.garmin.com/xmlschemas/ActivityExtension/v2"><Speed>0.000000</Speed></TPX></Extensions></Trackpoint>
     <Trackpoint><Time>2026-03-31T19:38:53.895Z</Time><HeartRateBpm><Value>140</Value></HeartRateBpm><Extensions><TPX xmlns="http://www.garmin.com/xmlschemas/ActivityExtension/v2"><Speed>0.000000</Speed></TPX></Extensions></Trackpoint>
     <Trackpoint><Time>2026-03-31T19:38:55.408Z</Time><HeartRateBpm><Value>140</Value></HeartRateBpm><Extensions><TPX xmlns="http://www.garmin.com/xmlschemas/ActivityExtension/v2"><Speed>0.000000</Speed></TPX></Extensions></Trackpoint>
     <Trackpoint><Time>2026-03-31T19:38:56.501Z</Time><HeartRateBpm><Value>140</Value></HeartRateBpm><Extensions><TPX xmlns="http://www.garmin.com/xmlschemas/ActivityExtension/v2"><Speed>0.000000</Speed></TPX></Extensions></Trackpoint>
     <Trackpoint><Time>2026-03-31T19:38:57.954Z</Time><HeartRateBpm><Value>140</Value></HeartRateBpm><Extensions><TPX xmlns="http://www.garmin.com/xmlschemas/ActivityExtension/v2"><Speed>0.000000</Speed></TPX></Extensions></Trackpoint>
     <Trackpoint><Time>2026-03-31T19:38:59.490Z</Time><HeartRateBpm><Value>138</Value></HeartRateBpm><Extensions><TPX xmlns="http://www.garmin.com/xmlschemas/ActivityExtension/v2"><Speed>0.000000</Speed></TPX></Extensions></Trackpoint>
     <Trackpoint><Time>2026-03-31T19:39:00.504Z</Time><HeartRateBpm><Value>138</Value></HeartRateBpm><Extensions><TPX xmlns="http://www.garmin.com/xmlschemas/ActivityExtension/v2"><Speed>0.000000</Speed></TPX></Extensions></Trackpoint>
     <Trackpoint><Time>2026-03-31T19:39:02.495Z</Time><HeartRateBpm><Value>138</Value></HeartRateBpm><Extensions><TPX xmlns="http://www.garmin.com/xmlschemas/ActivityExtension/v2"><Speed>0.000000</Speed></TPX></Extensions></Trackpoint>
     <Trackpoint><Time>2026-03-31T19:39:04.491Z</Time><HeartRateBpm><Value>137</Value></HeartRateBpm><Extensions><TPX xmlns="http://www.garmin.com/xmlschemas/ActivityExtension/v2"><Speed>0.000000</Speed></TPX></Extensions></Trackpoint>
     <Trackpoint><Time>2026-03-31T19:39:05.599Z</Time><HeartRateBpm><Value>137</Value></HeartRateBpm><Extensions><TPX xmlns="http://www.garmin.com/xmlschemas/ActivityExtension/v2"><Speed>0.000000</Speed></TPX></Extensions></Trackpoint>
     <Trackpoint><Time>2026-03-31T19:39:07.490Z</Time><HeartRateBpm><Value>137</Value></HeartRateBpm><Extensions><TPX xmlns="http://www.garmin.com/xmlschemas/ActivityExtension/v2"><Speed>0.000000</Speed></TPX></Extensions></Trackpoint>
     <Trackpoint><Time>2026-03-31T19:39:09.494Z</Time><HeartRateBpm><Value>139</Value></HeartRateBpm><Extensions><TPX xmlns="http://www.garmin.com/xmlschemas/ActivityExtension/v2"><Speed>0.000000</Speed></TPX></Extensions></Trackpoint>
     <Trackpoint><Time>2026-03-31T19:39:10.701Z</Time><HeartRateBpm><Value>139</Value></HeartRateBpm><Extensions><TPX xmlns="http://www.garmin.com/xmlschemas/ActivityExtension/v2"><Speed>0.000000</Speed></TPX></Extensions></Trackpoint>
     <Trackpoint><Time>2026-03-31T19:39:12.501Z</Time><HeartRateBpm><Value>139</Value></HeartRateBpm><Extensions><TPX xmlns="http://www.garmin.com/xmlschemas/ActivityExtension/v2"><Speed>0.000000</Speed></TPX></Extensions></Trackpoint>
     <Trackpoint><Time>2026-03-31T19:39:14.489Z</Time><HeartRateBpm><Value>139</Value></HeartRateBpm><Extensions><TPX xmlns="http://www.garmin.com/xmlschemas/ActivityExtension/v2"><Speed>0.000000</Speed></TPX></Extensions></Trackpoint>
     <Trackpoint><Time>2026-03-31T19:39:15.490Z</Time><HeartRateBpm><Value>139</Value></HeartRateBpm><Extensions><TPX xmlns="http://www.garmin.com/xmlschemas/ActivityExtension/v2"><Speed>0.000000</Speed></TPX></Extensions></Trackpoint>
     <Trackpoint><Time>2026-03-31T19:39:17.489Z</Time><HeartRateBpm><Value>139</Value></HeartRateBpm><Extensions><TPX xmlns="http://www.garmin.com/xmlschemas/ActivityExtension/v2"><Speed>0.000000</Speed></TPX></Extensions></Trackpoint>
     <Trackpoint><Time>2026-03-31T19:39:18.495Z</Time><HeartRateBpm><Value>141</Value></HeartRateBpm><Extensions><TPX xmlns="http://www.garmin.com/xmlschemas/ActivityExtension/v2"><Speed>0.000000</Speed></TPX></Extensions></Trackpoint>
     <Trackpoint><Time>2026-03-31T19:39:20.490Z</Time><HeartRateBpm><Value>141</Value></HeartRateBpm><Extensions><TPX xmlns="http://www.garmin.com/xmlschemas/ActivityExtension/v2"><Speed>0.000000</Speed></TPX></Extensions></Trackpoint>
     <Trackpoint><Time>2026-03-31T19:39:21.490Z</Time><HeartRateBpm><Value>141</Value></HeartRateBpm><Extensions><TPX xmlns="http://www.garmin.com/xmlschemas/ActivityExtension/v2"><Speed>0.000000</Speed></TPX></Extensions></Trackpoint>
     <Trackpoint><Time>2026-03-31T19:39:22.490Z</Time><HeartRateBpm><Value>141</Value></HeartRateBpm><Extensions><TPX xmlns="http://www.garmin.com/xmlschemas/ActivityExtension/v2"><Speed>0.000000</Speed></TPX></Extensions></Trackpoint>
     <Trackpoint><Time>2026-03-31T19:39:24.490Z</Time><HeartRateBpm><Value>140</Value></HeartRateBpm><Extensions><TPX xmlns="http://www.garmin.com/xmlschemas/ActivityExtension/v2"><Speed>0.000000</Speed></TPX></Extensions></Trackpoint>
     <Trackpoint><Time>2026-03-31T19:39:26.000Z</Time><HeartRateBpm><Value>140</Value></HeartRateBpm><Extensions><TPX xmlns="http://www.garmin.com/xmlschemas/ActivityExtension/v2"><Speed>0.000000</Speed></TPX></Extensions></Trackpoint>
     <Trackpoint><Time>2026-03-31T19:39:27.490Z</Time><HeartRateBpm><Value>140</Value></HeartRateBpm><Extensions><TPX xmlns="http://www.garmin.com/xmlschemas/ActivityExtension/v2"><Speed>0.000000</Speed></TPX></Extensions></Trackpoint>
     <Trackpoint><Time>2026-03-31T19:39:28.490Z</Time><HeartRateBpm><Value>140</Value></HeartRateBpm><Extensions><TPX xmlns="http://www.garmin.com/xmlschemas/ActivityExtension/v2"><Speed>0.000000</Speed></TPX></Extensions></Trackpoint>
     <Trackpoint><Time>2026-03-31T19:39:30.490Z</Time><HeartRateBpm><Value>138</Value></HeartRateBpm><Extensions><TPX xmlns="http://www.garmin.com/xmlschemas/ActivityExtension/v2"><Speed>0.000000</Speed></TPX></Extensions></Trackpoint>
     <Trackpoint><Time>2026-03-31T19:39:32.490Z</Time><HeartRateBpm><Value>138</Value></HeartRateBpm><Extensions><TPX xmlns="http://www.garmin.com/xmlschemas/ActivityExtension/v2"><Speed>0.000000</Speed></TPX></Extensions></Trackpoint>
     <Trackpoint><Time>2026-03-31T19:39:33.490Z</Time><HeartRateBpm><Value>138</Value></HeartRateBpm><Extensions><TPX xmlns="http://www.garmin.com/xmlschemas/ActivityExtension/v2"><Speed>0.000000</Speed></TPX></Extensions></Trackpoint>
     <Trackpoint><Time>2026-03-31T19:39:35.490Z</Time><HeartRateBpm><Value>140</Value></HeartRateBpm><Extensions><TPX xmlns="http://www.garmin.com/xmlschemas/ActivityExtension/v2"><Speed>0.000000</Speed></TPX></Extensions></Trackpoint>
     <Trackpoint><Time>2026-03-31T19:39:37.490Z</Time><HeartRateBpm><Value>140</Value></HeartRateBpm><Extensions><TPX xmlns="http://www.garmin.com/xmlschemas/ActivityExtension/v2"><Speed>0.000000</Speed></TPX></Extensions></Trackpoint>
     <Trackpoint><Time>2026-03-31T19:39:38.490Z</Time><HeartRateBpm><Value>140</Value></HeartRateBpm><Extensions><TPX xmlns="http://www.garmin.com/xmlschemas/ActivityExtension/v2"><Speed>0.000000</Speed></TPX></Extensions></Trackpoint>
     <Trackpoint><Time>2026-03-31T19:39:39.490Z</Time><HeartRateBpm><Value>139</Value></HeartRateBpm><Extensions><TPX xmlns="http://www.garmin.com/xmlschemas/ActivityExtension/v2"><Speed>0.000000</Speed></TPX></Extensions></Trackpoint>
     <Trackpoint><Time>2026-03-31T19:39:41.290Z</Time><HeartRateBpm><Value>139</Value></HeartRateBpm><Extensions><TPX xmlns="http://www.garmin.com/xmlschemas/ActivityExtension/v2"><Speed>0.000000</Speed></TPX></Extensions></Trackpoint>
     <Trackpoint><Time>2026-03-31T19:39:42.490Z</Time><HeartRateBpm><Value>139</Value></HeartRateBpm><Extensions><TPX xmlns="http://www.garmin.com/xmlschemas/ActivityExtension/v2"><Speed>0.000000</Speed></TPX></Extensions></Trackpoint>
     <Trackpoint><Time>2026-03-31T19:39:43.859Z</Time><HeartRateBpm><Value>139</Value></HeartRateBpm><Extensions><TPX xmlns="http://www.garmin.com/xmlschemas/ActivityExtension/v2"><Speed>0.000000</Speed></TPX></Extensions></Trackpoint>
     <Trackpoint><Time>2026-03-31T19:39:45.490Z</Time><HeartRateBpm><Value>139</Value></HeartRateBpm><Extensions><TPX xmlns="http://www.garmin.com/xmlschemas/ActivityExtension/v2"><Speed>0.000000</Speed></TPX></Extensions></Trackpoint>
     <Trackpoint><Time>2026-03-31T19:39:47.490Z</Time><HeartRateBpm><Value>139</Value></HeartRateBpm><Extensions><TPX xmlns="http://www.garmin.com/xmlschemas/ActivityExtension/v2"><Speed>0.000000</Speed></TPX></Extensions></Trackpoint>
     <Trackpoint><Time>2026-03-31T19:39:48.902Z</Time><HeartRateBpm><Value>139</Value></HeartRateBpm><Extensions><TPX xmlns="http://www.garmin.com/xmlschemas/ActivityExtension/v2"><Speed>0.000000</Speed></TPX></Extensions></Trackpoint>
     <Trackpoint><Time>2026-03-31T19:39:50.490Z</Time><HeartRateBpm><Value>136</Value></HeartRateBpm><Extensions><TPX xmlns="http://www.garmin.com/xmlschemas/ActivityExtension/v2"><Speed>0.000000</Speed></TPX></Extensions></Trackpoint>
     <Trackpoint><Time>2026-03-31T19:39:51.490Z</Time><HeartRateBpm><Value>136</Value></HeartRateBpm><Extensions><TPX xmlns="http://www.garmin.com/xmlschemas/ActivityExtension/v2"><Speed>0.000000</Speed></TPX></Extensions></Trackpoint>
     <Trackpoint><Time>2026-03-31T19:39:53.490Z</Time><HeartRateBpm><Value>136</Value></HeartRateBpm><Extensions><TPX xmlns="http://www.garmin.com/xmlschemas/ActivityExtension/v2"><Speed>0.000000</Speed></TPX></Extensions></Trackpoint>
     <Trackpoint><Time>2026-03-31T19:39:55.490Z</Time><HeartRateBpm><Value>139</Value></HeartRateBpm><Extensions><TPX xmlns="http://www.garmin.com/xmlschemas/ActivityExtension/v2"><Speed>0.000000</Speed></TPX></Extensions></Trackpoint>
     <Trackpoint><Time>2026-03-31T19:39:56.490Z</Time><HeartRateBpm><Value>139</Value></HeartRateBpm><Extensions><TPX xmlns="http://www.garmin.com/xmlschemas/ActivityExtension/v2"><Speed>0.000000</Speed></TPX></Extensions></Trackpoint>
     <Trackpoint><Time>2026-03-31T19:39:58.490Z</Time><HeartRateBpm><Value>139</Value></HeartRateBpm><Extensions><TPX xmlns="http://www.garmin.com/xmlschemas/ActivityExtension/v2"><Speed>0.000000</Speed></TPX></Extensions></Trackpoint>
     <Trackpoint><Time>2026-03-31T19:40:00.490Z</Time><HeartRateBpm><Value>138</Value></HeartRateBpm><Extensions><TPX xmlns="http://www.garmin.com/xmlschemas/ActivityExtension/v2"><Speed>0.000000</Speed></TPX></Extensions></Trackpoint>
     <Trackpoint><Time>2026-03-31T19:40:01.695Z</Time><HeartRateBpm><Value>138</Value></HeartRateBpm><Extensions><TPX xmlns="http://www.garmin.com/xmlschemas/ActivityExtension/v2"><Speed>0.000000</Speed></TPX></Extensions></Trackpoint>
     <Trackpoint><Time>2026-03-31T19:40:03.490Z</Time><HeartRateBpm><Value>138</Value></HeartRateBpm><Extensions><TPX xmlns="http://www.garmin.com/xmlschemas/ActivityExtension/v2"><Speed>0.000000</Speed></TPX></Extensions></Trackpoint>
     <Trackpoint><Time>2026-03-31T19:40:05.490Z</Time><HeartRateBpm><Value>139</Value></HeartRateBpm><Extensions><TPX xmlns="http://www.garmin.com/xmlschemas/ActivityExtension/v2"><Speed>0.000000</Speed></TPX></Extensions></Trackpoint>
     <Trackpoint><Time>2026-03-31T19:40:06.784Z</Time><HeartRateBpm><Value>139</Value></HeartRateBpm><Extensions><TPX xmlns="http://www.garmin.com/xmlschemas/ActivityExtension/v2"><Speed>0.000000</Speed></TPX></Extensions></Trackpoint>
     <Trackpoint><Time>2026-03-31T19:40:08.490Z</Time><HeartRateBpm><Value>139</Value></HeartRateBpm><Extensions><TPX xmlns="http://www.garmin.com/xmlschemas/ActivityExtension/v2"><Speed>0.000000</Speed></TPX></Extensions></Trackpoint>
     <Trackpoint><Time>2026-03-31T19:40:09.490Z</Time><HeartRateBpm><Value>139</Value></HeartRateBpm><Extensions><TPX xmlns="http://www.garmin.com/xmlschemas/ActivityExtension/v2"><Speed>0.000000</Speed></TPX></Extensions></Trackpoint>
     <Trackpoint><Time>2026-03-31T19:40:10.490Z</Time><HeartRateBpm><Value>139</Value></HeartRateBpm><Extensions><TPX xmlns="http://www.garmin.com/xmlschemas/ActivityExtension/v2"><Speed>0.000000</Speed></TPX></Extensions></Trackpoint>
     <Trackpoint><Time>2026-03-31T19:40:11.881Z</Time><HeartRateBpm><Value>139</Value></HeartRateBpm><Extensions><TPX xmlns="http://www.garmin.com/xmlschemas/ActivityExtension/v2"><Speed>0.000000</Speed></TPX></Extensions></Trackpoint>
     <Trackpoint><Time>2026-03-31T19:40:13.490Z</Time><HeartRateBpm><Value>139</Value></HeartRateBpm><Extensions><TPX xmlns="http://www.garmin.com/xmlschemas/ActivityExtension/v2"><Speed>0.000000</Speed></TPX></Extensions></Trackpoint>
     <Trackpoint><Time>2026-03-31T19:40:14.490Z</Time><HeartRateBpm><Value>139</Value></HeartRateBpm><Extensions><TPX xmlns="http://www.garmin.com/xmlschemas/ActivityExtension/v2"><Speed>0.000000</Speed></TPX></Extensions></Trackpoint>
     <Trackpoint><Time>2026-03-31T19:40:16.490Z</Time><HeartRateBpm><Value>139</Value></HeartRateBpm><Extensions><TPX xmlns="http://www.garmin.com/xmlschemas/ActivityExtension/v2"><Speed>0.000000</Speed></TPX></Extensions></Trackpoint>
     <Trackpoint><Time>2026-03-31T19:40:18.490Z</Time><HeartRateBpm><Value>139</Value></HeartRateBpm><Extensions><TPX xmlns="http://www.garmin.com/xmlschemas/ActivityExtension/v2"><Speed>0.000000</Speed></TPX></Extensions></Trackpoint>
     <Trackpoint><Time>2026-03-31T19:40:19.490Z</Time><HeartRateBpm><Value>142</Value></HeartRateBpm><Extensions><TPX xmlns="http://www.garmin.com/xmlschemas/ActivityExtension/v2"><Speed>0.000000</Speed></TPX></Extensions></Trackpoint>
     <Trackpoint><Time>2026-03-31T19:40:21.490Z</Time><HeartRateBpm><Value>142</Value></HeartRateBpm><Extensions><TPX xmlns="http://www.garmin.com/xmlschemas/ActivityExtension/v2"><Speed>0.000000</Speed></TPX></Extensions></Trackpoint>
     <Trackpoint><Time>2026-03-31T19:40:23.490Z</Time><HeartRateBpm><Value>142</Value></HeartRateBpm><Extensions><TPX xmlns="http://www.garmin.com/xmlschemas/ActivityExtension/v2"><Speed>0.000000</Speed></TPX></Extensions></Trackpoint>
     <Trackpoint><Time>2026-03-31T19:40:24.621Z</Time><HeartRateBpm><Value>143</Value></HeartRateBpm><Extensions><TPX xmlns="http://www.garmin.com/xmlschemas/ActivityExtension/v2"><Speed>0.000000</Speed></TPX></Extensions></Trackpoint>
     <Trackpoint><Time>2026-03-31T19:40:26.490Z</Time><HeartRateBpm><Value>143</Value></HeartRateBpm><Extensions><TPX xmlns="http://www.garmin.com/xmlschemas/ActivityExtension/v2"><Speed>0.000000</Speed></TPX></Extensions></Trackpoint>
     <Trackpoint><Time>2026-03-31T19:40:28.490Z</Time><HeartRateBpm><Value>143</Value></HeartRateBpm><Extensions><TPX xmlns="http://www.garmin.com/xmlschemas/ActivityExtension/v2"><Speed>0.000000</Speed></TPX></Extensions></Trackpoint>
     <Trackpoint><Time>2026-03-31T19:40:29.718Z</Time><HeartRateBpm><Value>144</Value></HeartRateBpm><Extensions><TPX xmlns="http://www.garmin.com/xmlschemas/ActivityExtension/v2"><Speed>0.000000</Speed></TPX></Extensions></Trackpoint>
     <Trackpoint><Time>2026-03-31T19:40:31.490Z</Time><HeartRateBpm><Value>144</Value></HeartRateBpm><Extensions><TPX xmlns="http://www.garmin.com/xmlschemas/ActivityExtension/v2"><Speed>0.000000</Speed></TPX></Extensions></Trackpoint>
     <Trackpoint><Time>2026-03-31T19:40:33.490Z</Time><HeartRateBpm><Value>144</Value></HeartRateBpm><Extensions><TPX xmlns="http://www.garmin.com/xmlschemas/ActivityExtension/v2"><Speed>0.000000</Speed></TPX></Extensions></Trackpoint>
     <Trackpoint><Time>2026-03-31T19:40:34.820Z</Time><HeartRateBpm><Value>144</Value></HeartRateBpm><Extensions><TPX xmlns="http://www.garmin.com/xmlschemas/ActivityExtension/v2"><Speed>0.000000</Speed></TPX></Extensions></Trackpoint>
     <Trackpoint><Time>2026-03-31T19:40:36.490Z</Time><HeartRateBpm><Value>144</Value></HeartRateBpm><Extensions><TPX xmlns="http://www.garmin.com/xmlschemas/ActivityExtension/v2"><Speed>0.000000</Speed></TPX></Extensions></Trackpoint>
     <Trackpoint><Time>2026-03-31T19:40:38.490Z</Time><HeartRateBpm><Value>144</Value></HeartRateBpm><Extensions><TPX xmlns="http://www.garmin.com/xmlschemas/ActivityExtension/v2"><Speed>0.000000</Speed></TPX></Extensions></Trackpoint>
     <Trackpoint><Time>2026-03-31T19:40:39.919Z</Time><HeartRateBpm><Value>146</Value></HeartRateBpm><Extensions><TPX xmlns="http://www.garmin.com/xmlschemas/ActivityExtension/v2"><Speed>0.000000</Speed></TPX></Extensions></Trackpoint>
     <Trackpoint><Time>2026-03-31T19:40:41.490Z</Time><HeartRateBpm><Value>146</Value></HeartRateBpm><Extensions><TPX xmlns="http://www.garmin.com/xmlschemas/ActivityExtension/v2"><Speed>0.000000</Speed></TPX></Extensions></Trackpoint>
     <Trackpoint><Time>2026-03-31T19:40:42.490Z</Time><HeartRateBpm><Value>146</Value></HeartRateBpm><Extensions><TPX xmlns="http://www.garmin.com/xmlschemas/ActivityExtension/v2"><Speed>0.000000</Speed></TPX></Extensions></Trackpoint>
     <Trackpoint><Time>2026-03-31T19:40:44.370Z</Time><HeartRateBpm><Value>145</Value></HeartRateBpm><Extensions><TPX xmlns="http://www.garmin.com/xmlschemas/ActivityExtension/v2"><Speed>0.000000</Speed></TPX></Extensions></Trackpoint>
     <Trackpoint><Time>2026-03-31T19:40:45.490Z</Time><HeartRateBpm><Value>145</Value></HeartRateBpm><Extensions><TPX xmlns="http://www.garmin.com/xmlschemas/ActivityExtension/v2"><Speed>0.000000</Speed></TPX></Extensions></Trackpoint>
     <Trackpoint><Time>2026-03-31T19:40:47.490Z</Time><HeartRateBpm><Value>145</Value></HeartRateBpm><Extensions><TPX xmlns="http://www.garmin.com/xmlschemas/ActivityExtension/v2"><Speed>0.000000</Speed></TPX></Extensions></Trackpoint>
     <Trackpoint><Time>2026-03-31T19:40:49.373Z</Time><HeartRateBpm><Value>143</Value></HeartRateBpm><Extensions><TPX xmlns="http://www.garmin.com/xmlschemas/ActivityExtension/v2"><Speed>0.000000</Speed></TPX></Extensions></Trackpoint>
     <Trackpoint><Time>2026-03-31T19:40:50.490Z</Time><HeartRateBpm><Value>143</Value></HeartRateBpm><Extensions><TPX xmlns="http://www.garmin.com/xmlschemas/ActivityExtension/v2"><Speed>0.000000</Speed></TPX></Extensions></Trackpoint>
     <Trackpoint><Time>2026-03-31T19:40:52.490Z</Time><HeartRateBpm><Value>143</Value></HeartRateBpm><Extensions><TPX xmlns="http://www.garmin.com/xmlschemas/ActivityExtension/v2"><Speed>0.000000</Speed></TPX></Extensions></Trackpoint>
     <Trackpoint><Time>2026-03-31T19:40:53.490Z</Time><HeartRateBpm><Value>143</Value></HeartRateBpm><Extensions><TPX xmlns="http://www.garmin.com/xmlschemas/ActivityExtension/v2"><Speed>0.000000</Speed></TPX></Extensions></Trackpoint>
     <Trackpoint><Time>2026-03-31T19:40:54.490Z</Time><HeartRateBpm><Value>142</Value></HeartRateBpm><Extensions><TPX xmlns="http://www.garmin.com/xmlschemas/ActivityExtension/v2"><Speed>0.000000</Speed></TPX></Extensions></Trackpoint>
     <Trackpoint><Time>2026-03-31T19:40:56.490Z</Time><HeartRateBpm><Value>142</Value></HeartRateBpm><Extensions><TPX xmlns="http://www.garmin.com/xmlschemas/ActivityExtension/v2"><Speed>0.000000</Speed></TPX></Extensions></Trackpoint>
     <Trackpoint><Time>2026-03-31T19:40:57.777Z</Time><HeartRateBpm><Value>142</Value></HeartRateBpm><Extensions><TPX xmlns="http://www.garmin.com/xmlschemas/ActivityExtension/v2"><Speed>0.000000</Speed></TPX></Extensions></Trackpoint>
     <Trackpoint><Time>2026-03-31T19:40:58.893Z</Time><HeartRateBpm><Value>141</Value></HeartRateBpm><Extensions><TPX xmlns="http://www.garmin.com/xmlschemas/ActivityExtension/v2"><Speed>0.000000</Speed></TPX></Extensions></Trackpoint>
     <Trackpoint><Time>2026-03-31T19:41:00.310Z</Time><HeartRateBpm><Value>141</Value></HeartRateBpm><Extensions><TPX xmlns="http://www.garmin.com/xmlschemas/ActivityExtension/v2"><Speed>0.000000</Speed></TPX></Extensions></Trackpoint>
     <Trackpoint><Time>2026-03-31T19:41:01.490Z</Time><HeartRateBpm><Value>141</Value></HeartRateBpm><Extensions><TPX xmlns="http://www.garmin.com/xmlschemas/ActivityExtension/v2"><Speed>0.000000</Speed></TPX></Extensions></Trackpoint>
     <Trackpoint><Time>2026-03-31T19:41:02.862Z</Time><HeartRateBpm><Value>141</Value></HeartRateBpm><Extensions><TPX xmlns="http://www.garmin.com/xmlschemas/ActivityExtension/v2"><Speed>0.000000</Speed></TPX></Extensions></Trackpoint>
     <Trackpoint><Time>2026-03-31T19:41:03.904Z</Time><HeartRateBpm><Value>140</Value></HeartRateBpm><Extensions><TPX xmlns="http://www.garmin.com/xmlschemas/ActivityExtension/v2"><Speed>0.000000</Speed></TPX></Extensions></Trackpoint>
     <Trackpoint><Time>2026-03-31T19:41:05.417Z</Time><HeartRateBpm><Value>140</Value></HeartRateBpm><Extensions><TPX xmlns="http://www.garmin.com/xmlschemas/ActivityExtension/v2"><Speed>0.000000</Speed></TPX></Extensions></Trackpoint>
     <Trackpoint><Time>2026-03-31T19:41:06.490Z</Time><HeartRateBpm><Value>140</Value></HeartRateBpm><Extensions><TPX xmlns="http://www.garmin.com/xmlschemas/ActivityExtension/v2"><Speed>0.000000</Speed></TPX></Extensions></Trackpoint>
     <Trackpoint><Time>2026-03-31T19:41:07.956Z</Time><HeartRateBpm><Value>140</Value></HeartRateBpm><Extensions><TPX xmlns="http://www.garmin.com/xmlschemas/ActivityExtension/v2"><Speed>0.000000</Speed></TPX></Extensions></Trackpoint>
     <Trackpoint><Time>2026-03-31T19:41:09.490Z</Time><HeartRateBpm><Value>139</Value></HeartRateBpm><Extensions><TPX xmlns="http://www.garmin.com/xmlschemas/ActivityExtension/v2"><Speed>0.000000</Speed></TPX></Extensions></Trackpoint>
     <Trackpoint><Time>2026-03-31T19:41:10.503Z</Time><HeartRateBpm><Value>139</Value></HeartRateBpm><Extensions><TPX xmlns="http://www.garmin.com/xmlschemas/ActivityExtension/v2"><Speed>0.000000</Speed></TPX></Extensions></Trackpoint>
     <Trackpoint><Time>2026-03-31T19:41:12.490Z</Time><HeartRateBpm><Value>139</Value></HeartRateBpm><Extensions><TPX xmlns="http://www.garmin.com/xmlschemas/ActivityExtension/v2"><Speed>0.000000</Speed></TPX></Extensions></Trackpoint>
     <Trackpoint><Time>2026-03-31T19:41:14.490Z</Time><HeartRateBpm><Value>140</Value></HeartRateBpm><Extensions><TPX xmlns="http://www.garmin.com/xmlschemas/ActivityExtension/v2"><Speed>0.000000</Speed></TPX></Extensions></Trackpoint>
     <Trackpoint><Time>2026-03-31T19:41:15.490Z</Time><HeartRateBpm><Value>140</Value></HeartRateBpm><Extensions><TPX xmlns="http://www.garmin.com/xmlschemas/ActivityExtension/v2"><Speed>0.000000</Speed></TPX></Extensions></Trackpoint>
     <Trackpoint><Time>2026-03-31T19:41:17.490Z</Time><HeartRateBpm><Value>140</Value></HeartRateBpm><Extensions><TPX xmlns="http://www.garmin.com/xmlschemas/ActivityExtension/v2"><Speed>0.000000</Speed></TPX></Extensions></Trackpoint>
     <Trackpoint><Time>2026-03-31T19:41:19.490Z</Time><HeartRateBpm><Value>141</Value></HeartRateBpm><Extensions><TPX xmlns="http://www.garmin.com/xmlschemas/ActivityExtension/v2"><Speed>0.000000</Speed></TPX></Extensions></Trackpoint>
     <Trackpoint><Time>2026-03-31T19:41:20.490Z</Time><HeartRateBpm><Value>141</Value></HeartRateBpm><Extensions><TPX xmlns="http://www.garmin.com/xmlschemas/ActivityExtension/v2"><Speed>0.000000</Speed></TPX></Extensions></Trackpoint>
     <Trackpoint><Time>2026-03-31T19:41:22.490Z</Time><HeartRateBpm><Value>141</Value></HeartRateBpm><Extensions><TPX xmlns="http://www.garmin.com/xmlschemas/ActivityExtension/v2"><Speed>0.000000</Speed></TPX></Extensions></Trackpoint>
     <Trackpoint><Time>2026-03-31T19:41:24.372Z</Time><HeartRateBpm><Value>143</Value></HeartRateBpm><Extensions><TPX xmlns="http://www.garmin.com/xmlschemas/ActivityExtension/v2"><Speed>0.000000</Speed></TPX></Extensions></Trackpoint>
     <Trackpoint><Time>2026-03-31T19:41:25.490Z</Time><HeartRateBpm><Value>143</Value></HeartRateBpm><Extensions><TPX xmlns="http://www.garmin.com/xmlschemas/ActivityExtension/v2"><Speed>0.000000</Speed></TPX></Extensions></Trackpoint>
     <Trackpoint><Time>2026-03-31T19:41:26.490Z</Time><HeartRateBpm><Value>143</Value></HeartRateBpm><Extensions><TPX xmlns="http://www.garmin.com/xmlschemas/ActivityExtension/v2"><Speed>0.000000</Speed></TPX></Extensions></Trackpoint>
     <Trackpoint><Time>2026-03-31T19:41:28.348Z</Time><HeartRateBpm><Value>143</Value></HeartRateBpm><Extensions><TPX xmlns="http://www.garmin.com/xmlschemas/ActivityExtension/v2"><Speed>0.000000</Speed></TPX></Extensions></Trackpoint>
     <Trackpoint><Time>2026-03-31T19:41:29.490Z</Time><HeartRateBpm><Value>143</Value></HeartRateBpm><Extensions><TPX xmlns="http://www.garmin.com/xmlschemas/ActivityExtension/v2"><Speed>0.000000</Speed></TPX></Extensions></Trackpoint>
     <Trackpoint><Time>2026-03-31T19:41:30.490Z</Time><HeartRateBpm><Value>143</Value></HeartRateBpm><Extensions><TPX xmlns="http://www.garmin.com/xmlschemas/ActivityExtension/v2"><Speed>0.000000</Speed></TPX></Extensions></Trackpoint>
     <Trackpoint><Time>2026-03-31T19:41:32.490Z</Time><HeartRateBpm><Value>143</Value></HeartRateBpm><Extensions><TPX xmlns="http://www.garmin.com/xmlschemas/ActivityExtension/v2"><Speed>0.000000</Speed></TPX></Extensions></Trackpoint>
     <Trackpoint><Time>2026-03-31T19:41:34.489Z</Time><HeartRateBpm><Value>143</Value></HeartRateBpm><Extensions><TPX xmlns="http://www.garmin.com/xmlschemas/ActivityExtension/v2"><Speed>0.000000</Speed></TPX></Extensions></Trackpoint>
     <Trackpoint><Time>2026-03-31T19:41:35.489Z</Time><HeartRateBpm><Value>143</Value></HeartRateBpm><Extensions><TPX xmlns="http://www.garmin.com/xmlschemas/ActivityExtension/v2"><Speed>0.000000</Speed></TPX></Extensions></Trackpoint>
     <Trackpoint><Time>2026-03-31T19:41:37.489Z</Time><HeartRateBpm><Value>143</Value></HeartRateBpm><Extensions><TPX xmlns="http://www.garmin.com/xmlschemas/ActivityExtension/v2"><Speed>0.000000</Speed></TPX></Extensions></Trackpoint>
     <Trackpoint><Time>2026-03-31T19:41:38.489Z</Time><HeartRateBpm><Value>143</Value></HeartRateBpm><Extensions><TPX xmlns="http://www.garmin.com/xmlschemas/ActivityExtension/v2"><Speed>0.000000</Speed></TPX></Extensions></Trackpoint>
     <Trackpoint><Time>2026-03-31T19:41:39.490Z</Time><HeartRateBpm><Value>143</Value></HeartRateBpm><Extensions><TPX xmlns="http://www.garmin.com/xmlschemas/ActivityExtension/v2"><Speed>0.000000</Speed></TPX></Extensions></Trackpoint>
     <Trackpoint><Time>2026-03-31T19:41:41.096Z</Time><HeartRateBpm><Value>143</Value></HeartRateBpm><Extensions><TPX xmlns="http://www.garmin.com/xmlschemas/ActivityExtension/v2"><Speed>0.000000</Speed></TPX></Extensions></Trackpoint>
     <Trackpoint><Time>2026-03-31T19:41:42.489Z</Time><HeartRateBpm><Value>143</Value></HeartRateBpm><Extensions><TPX xmlns="http://www.garmin.com/xmlschemas/ActivityExtension/v2"><Speed>0.000000</Speed></TPX></Extensions></Trackpoint>
     <Trackpoint><Time>2026-03-31T19:41:43.643Z</Time><HeartRateBpm><Value>143</Value></HeartRateBpm><Extensions><TPX xmlns="http://www.garmin.com/xmlschemas/ActivityExtension/v2"><Speed>0.000000</Speed></TPX></Extensions></Trackpoint>
     <Trackpoint><Time>2026-03-31T19:41:45.489Z</Time><HeartRateBpm><Value>143</Value></HeartRateBpm><Extensions><TPX xmlns="http://www.garmin.com/xmlschemas/ActivityExtension/v2"><Speed>0.000000</Speed></TPX></Extensions></Trackpoint>
     <Trackpoint><Time>2026-03-31T19:41:47.489Z</Time><HeartRateBpm><Value>143</Value></HeartRateBpm><Extensions><TPX xmlns="http://www.garmin.com/xmlschemas/ActivityExtension/v2"><Speed>0.000000</Speed></TPX></Extensions></Trackpoint>
     <Trackpoint><Time>2026-03-31T19:41:48.775Z</Time><HeartRateBpm><Value>143</Value></HeartRateBpm><Extensions><TPX xmlns="http://www.garmin.com/xmlschemas/ActivityExtension/v2"><Speed>0.000000</Speed></TPX></Extensions></Trackpoint>
     <Trackpoint><Time>2026-03-31T19:41:50.489Z</Time><HeartRateBpm><Value>142</Value></HeartRateBpm><Extensions><TPX xmlns="http://www.garmin.com/xmlschemas/ActivityExtension/v2"><Speed>0.000000</Speed></TPX></Extensions></Trackpoint>
     <Trackpoint><Time>2026-03-31T19:41:52.489Z</Time><HeartRateBpm><Value>142</Value></HeartRateBpm><Extensions><TPX xmlns="http://www.garmin.com/xmlschemas/ActivityExtension/v2"><Speed>0.000000</Speed></TPX></Extensions></Trackpoint>
     <Trackpoint><Time>2026-03-31T19:41:53.842Z</Time><HeartRateBpm><Value>142</Value></HeartRateBpm><Extensions><TPX xmlns="http://www.garmin.com/xmlschemas/ActivityExtension/v2"><Speed>0.000000</Speed></TPX></Extensions></Trackpoint>
     <Trackpoint><Time>2026-03-31T19:41:55.489Z</Time><HeartRateBpm><Value>142</Value></HeartRateBpm><Extensions><TPX xmlns="http://www.garmin.com/xmlschemas/ActivityExtension/v2"><Speed>0.000000</Speed></TPX></Extensions></Trackpoint>
     <Trackpoint><Time>2026-03-31T19:41:56.489Z</Time><HeartRateBpm><Value>142</Value></HeartRateBpm><Extensions><TPX xmlns="http://www.garmin.com/xmlschemas/ActivityExtension/v2"><Speed>0.000000</Speed></TPX></Extensions></Trackpoint>
     <Trackpoint><Time>2026-03-31T19:41:58.489Z</Time><HeartRateBpm><Value>142</Value></HeartRateBpm><Extensions><TPX xmlns="http://www.garmin.com/xmlschemas/ActivityExtension/v2"><Speed>0.000000</Speed></TPX></Extensions></Trackpoint>
     <Trackpoint><Time>2026-03-31T19:42:00.489Z</Time><HeartRateBpm><Value>143</Value></HeartRateBpm><Extensions><TPX xmlns="http://www.garmin.com/xmlschemas/ActivityExtension/v2"><Speed>0.000000</Speed></TPX></Extensions></Trackpoint>
     <Trackpoint><Time>2026-03-31T19:42:01.493Z</Time><HeartRateBpm><Value>143</Value></HeartRateBpm><Extensions><TPX xmlns="http://www.garmin.com/xmlschemas/ActivityExtension/v2"><Speed>0.000000</Speed></TPX></Extensions></Trackpoint>
     <Trackpoint><Time>2026-03-31T19:42:03.489Z</Time><HeartRateBpm><Value>143</Value></HeartRateBpm><Extensions><TPX xmlns="http://www.garmin.com/xmlschemas/ActivityExtension/v2"><Speed>0.000000</Speed></TPX></Extensions></Trackpoint>
     <Trackpoint><Time>2026-03-31T19:42:05.489Z</Time><HeartRateBpm><Value>143</Value></HeartRateBpm><Extensions><TPX xmlns="http://www.garmin.com/xmlschemas/ActivityExtension/v2"><Speed>0.000000</Speed></TPX></Extensions></Trackpoint>
     <Trackpoint><Time>2026-03-31T19:42:06.489Z</Time><HeartRateBpm><Value>143</Value></HeartRateBpm><Extensions><TPX xmlns="http://www.garmin.com/xmlschemas/ActivityExtension/v2"><Speed>0.000000</Speed></TPX></Extensions></Trackpoint>
     <Trackpoint><Time>2026-03-31T19:42:08.490Z</Time><HeartRateBpm><Value>143</Value></HeartRateBpm><Extensions><TPX xmlns="http://www.garmin.com/xmlschemas/ActivityExtension/v2"><Speed>0.000000</Speed></TPX></Extensions></Trackpoint>
     <Trackpoint><Time>2026-03-31T19:42:10.489Z</Time><HeartRateBpm><Value>145</Value></HeartRateBpm><Extensions><TPX xmlns="http://www.garmin.com/xmlschemas/ActivityExtension/v2"><Speed>0.000000</Speed></TPX></Extensions></Trackpoint>
     <Trackpoint><Time>2026-03-31T19:42:11.489Z</Time><HeartRateBpm><Value>145</Value></HeartRateBpm><Extensions><TPX xmlns="http://www.garmin.com/xmlschemas/ActivityExtension/v2"><Speed>0.000000</Speed></TPX></Extensions></Trackpoint>
     <Trackpoint><Time>2026-03-31T19:42:13.489Z</Time><HeartRateBpm><Value>145</Value></HeartRateBpm><Extensions><TPX xmlns="http://www.garmin.com/xmlschemas/ActivityExtension/v2"><Speed>0.000000</Speed></TPX></Extensions></Trackpoint>
     <Trackpoint><Time>2026-03-31T19:42:14.489Z</Time><HeartRateBpm><Value>144</Value></HeartRateBpm><Extensions><TPX xmlns="http://www.garmin.com/xmlschemas/ActivityExtension/v2"><Speed>0.000000</Speed></TPX></Extensions></Trackpoint>
     <Trackpoint><Time>2026-03-31T19:42:15.489Z</Time><HeartRateBpm><Value>144</Value></HeartRateBpm><Extensions><TPX xmlns="http://www.garmin.com/xmlschemas/ActivityExtension/v2"><Speed>0.000000</Speed></TPX></Extensions></Trackpoint>
     <Trackpoint><Time>2026-03-31T19:42:16.780Z</Time><HeartRateBpm><Value>144</Value></HeartRateBpm><Extensions><TPX xmlns="http://www.garmin.com/xmlschemas/ActivityExtension/v2"><Speed>0.000000</Speed></TPX></Extensions></Trackpoint>
     <Trackpoint><Time>2026-03-31T19:42:18.489Z</Time><HeartRateBpm><Value>144</Value></HeartRateBpm><Extensions><TPX xmlns="http://www.garmin.com/xmlschemas/ActivityExtension/v2"><Speed>0.000000</Speed></TPX></Extensions></Trackpoint>
     <Trackpoint><Time>2026-03-31T19:42:19.494Z</Time><HeartRateBpm><Value>144</Value></HeartRateBpm><Extensions><TPX xmlns="http://www.garmin.com/xmlschemas/ActivityExtension/v2"><Speed>0.000000</Speed></TPX></Extensions></Trackpoint>
    </Track>
   </Lap>
   <Lap StartTime="2026-03-31T19:42:21.489Z">
    <TotalTimeSeconds>600</TotalTimeSeconds>
    <AverageHeartRateBpm><Value>144</Value></AverageHeartRateBpm>
    <MaximumHeartRateBpm><Value>150</Value></MaximumHeartRateBpm>
    <Calories>108</Calories>
    <Track>
     <Trackpoint><Time>2026-03-31T19:42:21.489Z</Time><HeartRateBpm><Value>144</Value></HeartRateBpm><Extensions><TPX xmlns="http://www.garmin.com/xmlschemas/ActivityExtension/v2"><Speed>0.000000</Speed></TPX></Extensions></Trackpoint>
     <Trackpoint><Time>2026-03-31T19:42:23.489Z</Time><HeartRateBpm><Value>144</Value></HeartRateBpm><Extensions><TPX xmlns="http://www.garmin.com/xmlschemas/ActivityExtension/v2"><Speed>0.000000</Speed></TPX></Extensions></Trackpoint>
     <Trackpoint><Time>2026-03-31T19:42:25.489Z</Time><HeartRateBpm><Value>144</Value></HeartRateBpm><Extensions><TPX xmlns="http://www.garmin.com/xmlschemas/ActivityExtension/v2"><Speed>0.000000</Speed></TPX></Extensions></Trackpoint>
     <Trackpoint><Time>2026-03-31T19:42:26.975Z</Time><HeartRateBpm><Value>144</Value></HeartRateBpm><Extensions><TPX xmlns="http://www.garmin.com/xmlschemas/ActivityExtension/v2"><Speed>0.000000</Speed></TPX></Extensions></Trackpoint>
     <Trackpoint><Time>2026-03-31T19:42:28.489Z</Time><HeartRateBpm><Value>144</Value></HeartRateBpm><Extensions><TPX xmlns="http://www.garmin.com/xmlschemas/ActivityExtension/v2"><Speed>0.000000</Speed></TPX></Extensions></Trackpoint>
     <Trackpoint><Time>2026-03-31T19:42:29.489Z</Time><HeartRateBpm><Value>143</Value></HeartRateBpm><Extensions><TPX xmlns="http://www.garmin.com/xmlschemas/ActivityExtension/v2"><Speed>0.000000</Speed></TPX></Extensions></Trackpoint>
     <Trackpoint><Time>2026-03-31T19:42:31.489Z</Time><HeartRateBpm><Value>143</Value></HeartRateBpm><Extensions><TPX xmlns="http://www.garmin.com/xmlschemas/ActivityExtension/v2"><Speed>0.000000</Speed></TPX></Extensions></Trackpoint>
     <Trackpoint><Time>2026-03-31T19:42:32.489Z</Time><HeartRateBpm><Value>143</Value></HeartRateBpm><Extensions><TPX xmlns="http://www.garmin.com/xmlschemas/ActivityExtension/v2"><Speed>0.000000</Speed></TPX></Extensions></Trackpoint>
     <Trackpoint><Time>2026-03-31T19:42:33.489Z</Time><HeartRateBpm><Value>143</Value></HeartRateBpm><Extensions><TPX xmlns="http://www.garmin.com/xmlschemas/ActivityExtension/v2"><Speed>0.000000</Speed></TPX></Extensions></Trackpoint>
     <Trackpoint><Time>2026-03-31T19:42:34.489Z</Time><HeartRateBpm><Value>144</Value></HeartRateBpm><Extensions><TPX xmlns="http://www.garmin.com/xmlschemas/ActivityExtension/v2"><Speed>0.000000</Speed></TPX></Extensions></Trackpoint>
     <Trackpoint><Time>2026-03-31T19:42:36.489Z</Time><HeartRateBpm><Value>144</Value></HeartRateBpm><Extensions><TPX xmlns="http://www.garmin.com/xmlschemas/ActivityExtension/v2"><Speed>0.000000</Speed></TPX></Extensions></Trackpoint>
     <Trackpoint><Time>2026-03-31T19:42:37.489Z</Time><HeartRateBpm><Value>144</Value></HeartRateBpm><Extensions><TPX xmlns="http://www.garmin.com/xmlschemas/ActivityExtension/v2"><Speed>0.000000</Speed></TPX></Extensions></Trackpoint>
     <Trackpoint><Time>2026-03-31T19:42:38.926Z</Time><HeartRateBpm><Value>144</Value></HeartRateBpm><Extensions><TPX xmlns="http://www.garmin.com/xmlschemas/ActivityExtension/v2"><Speed>0.000000</Speed></TPX></Extensions></Trackpoint>
     <Trackpoint><Time>2026-03-31T19:42:40.489Z</Time><HeartRateBpm><Value>144</Value></HeartRateBpm><Extensions><TPX xmlns="http://www.garmin.com/xmlschemas/ActivityExtension/v2"><Speed>0.000000</Speed></TPX></Extensions></Trackpoint>
     <Trackpoint><Time>2026-03-31T19:42:42.270Z</Time><HeartRateBpm><Value>144</Value></HeartRateBpm><Extensions><TPX xmlns="http://www.garmin.com/xmlschemas/ActivityExtension/v2"><Speed>0.000000</Speed></TPX></Extensions></Trackpoint>
     <Trackpoint><Time>2026-03-31T19:42:43.489Z</Time><HeartRateBpm><Value>144</Value></HeartRateBpm><Extensions><TPX xmlns="http://www.garmin.com/xmlschemas/ActivityExtension/v2"><Speed>0.000000</Speed></TPX></Extensions></Trackpoint>
     <Trackpoint><Time>2026-03-31T19:42:44.489Z</Time><HeartRateBpm><Value>143</Value></HeartRateBpm><Extensions><TPX xmlns="http://www.garmin.com/xmlschemas/ActivityExtension/v2"><Speed>0.000000</Speed></TPX></Extensions></Trackpoint>
     <Trackpoint><Time>2026-03-31T19:42:46.489Z</Time><HeartRateBpm><Value>143</Value></HeartRateBpm><Extensions><TPX xmlns="http://www.garmin.com/xmlschemas/ActivityExtension/v2"><Speed>0.000000</Speed></TPX></Extensions></Trackpoint>
     <Trackpoint><Time>2026-03-31T19:42:47.489Z</Time><HeartRateBpm><Value>143</Value></HeartRateBpm><Extensions><TPX xmlns="http://www.garmin.com/xmlschemas/ActivityExtension/v2"><Speed>0.000000</Speed></TPX></Extensions></Trackpoint>
     <Trackpoint><Time>2026-03-31T19:42:48.927Z</Time><HeartRateBpm><Value>143</Value></HeartRateBpm><Extensions><TPX xmlns="http://www.garmin.com/xmlschemas/ActivityExtension/v2"><Speed>0.000000</Speed></TPX></Extensions></Trackpoint>
     <Trackpoint><Time>2026-03-31T19:42:50.489Z</Time><HeartRateBpm><Value>143</Value></HeartRateBpm><Extensions><TPX xmlns="http://www.garmin.com/xmlschemas/ActivityExtension/v2"><Speed>0.000000</Speed></TPX></Extensions></Trackpoint>
     <Trackpoint><Time>2026-03-31T19:42:52.468Z</Time><HeartRateBpm><Value>143</Value></HeartRateBpm><Extensions><TPX xmlns="http://www.garmin.com/xmlschemas/ActivityExtension/v2"><Speed>0.000000</Speed></TPX></Extensions></Trackpoint>
     <Trackpoint><Time>2026-03-31T19:42:53.489Z</Time><HeartRateBpm><Value>143</Value></HeartRateBpm><Extensions><TPX xmlns="http://www.garmin.com/xmlschemas/ActivityExtension/v2"><Speed>0.000000</Speed></TPX></Extensions></Trackpoint>
     <Trackpoint><Time>2026-03-31T19:42:55.029Z</Time><HeartRateBpm><Value>143</Value></HeartRateBpm><Extensions><TPX xmlns="http://www.garmin.com/xmlschemas/ActivityExtension/v2"><Speed>0.000000</Speed></TPX></Extensions></Trackpoint>
     <Trackpoint><Time>2026-03-31T19:42:56.489Z</Time><HeartRateBpm><Value>143</Value></HeartRateBpm><Extensions><TPX xmlns="http://www.garmin.com/xmlschemas/ActivityExtension/v2"><Speed>0.000000</Speed></TPX></Extensions></Trackpoint>
     <Trackpoint><Time>2026-03-31T19:42:57.489Z</Time><HeartRateBpm><Value>143</Value></HeartRateBpm><Extensions><TPX xmlns="http://www.garmin.com/xmlschemas/ActivityExtension/v2"><Speed>0.000000</Speed></TPX></Extensions></Trackpoint>
     <Trackpoint><Time>2026-03-31T19:42:58.489Z</Time><HeartRateBpm><Value>143</Value></HeartRateBpm><Extensions><TPX xmlns="http://www.garmin.com/xmlschemas/ActivityExtension/v2"><Speed>0.000000</Speed></TPX></Extensions></Trackpoint>
     <Trackpoint><Time>2026-03-31T19:43:00.113Z</Time><HeartRateBpm><Value>143</Value></HeartRateBpm><Extensions><TPX xmlns="http://www.garmin.com/xmlschemas/ActivityExtension/v2"><Speed>0.000000</Speed></TPX></Extensions></Trackpoint>
     <Trackpoint><Time>2026-03-31T19:43:01.489Z</Time><HeartRateBpm><Value>143</Value></HeartRateBpm><Extensions><TPX xmlns="http://www.garmin.com/xmlschemas/ActivityExtension/v2"><Speed>0.000000</Speed></TPX></Extensions></Trackpoint>
     <Trackpoint><Time>2026-03-31T19:43:02.489Z</Time><HeartRateBpm><Value>143</Value></HeartRateBpm><Extensions><TPX xmlns="http://www.garmin.com/xmlschemas/ActivityExtension/v2"><Speed>0.000000</Speed></TPX></Extensions></Trackpoint>
     <Trackpoint><Time>2026-03-31T19:43:03.896Z</Time><HeartRateBpm><Value>144</Value></HeartRateBpm><Extensions><TPX xmlns="http://www.garmin.com/xmlschemas/ActivityExtension/v2"><Speed>0.000000</Speed></TPX></Extensions></Trackpoint>
     <Trackpoint><Time>2026-03-31T19:43:05.210Z</Time><HeartRateBpm><Value>144</Value></HeartRateBpm><Extensions><TPX xmlns="http://www.garmin.com/xmlschemas/ActivityExtension/v2"><Speed>0.000000</Speed></TPX></Extensions></Trackpoint>
     <Trackpoint><Time>2026-03-31T19:43:06.489Z</Time><HeartRateBpm><Value>144</Value></HeartRateBpm><Extensions><TPX xmlns="http://www.garmin.com/xmlschemas/ActivityExtension/v2"><Speed>0.000000</Speed></TPX></Extensions></Trackpoint>
     <Trackpoint><Time>2026-03-31T19:43:07.759Z</Time><HeartRateBpm><Value>144</Value></HeartRateBpm><Extensions><TPX xmlns="http://www.garmin.com/xmlschemas/ActivityExtension/v2"><Speed>0.000000</Speed></TPX></Extensions></Trackpoint>
     <Trackpoint><Time>2026-03-31T19:43:08.894Z</Time><HeartRateBpm><Value>144</Value></HeartRateBpm><Extensions><TPX xmlns="http://www.garmin.com/xmlschemas/ActivityExtension/v2"><Speed>0.000000</Speed></TPX></Extensions></Trackpoint>
     <Trackpoint><Time>2026-03-31T19:43:10.309Z</Time><HeartRateBpm><Value>144</Value></HeartRateBpm><Extensions><TPX xmlns="http://www.garmin.com/xmlschemas/ActivityExtension/v2"><Speed>0.000000</Speed></TPX></Extensions></Trackpoint>
     <Trackpoint><Time>2026-03-31T19:43:11.489Z</Time><HeartRateBpm><Value>144</Value></HeartRateBpm><Extensions><TPX xmlns="http://www.garmin.com/xmlschemas/ActivityExtension/v2"><Speed>0.000000</Speed></TPX></Extensions></Trackpoint>
     <Trackpoint><Time>2026-03-31T19:43:12.489Z</Time><HeartRateBpm><Value>144</Value></HeartRateBpm><Extensions><TPX xmlns="http://www.garmin.com/xmlschemas/ActivityExtension/v2"><Speed>0.000000</Speed></TPX></Extensions></Trackpoint>
     <Trackpoint><Time>2026-03-31T19:43:13.489Z</Time><HeartRateBpm><Value>144</Value></HeartRateBpm><Extensions><TPX xmlns="http://www.garmin.com/xmlschemas/ActivityExtension/v2"><Speed>0.000000</Speed></TPX></Extensions></Trackpoint>
     <Trackpoint><Time>2026-03-31T19:43:15.411Z</Time><HeartRateBpm><Value>143</Value></HeartRateBpm><Extensions><TPX xmlns="http://www.garmin.com/xmlschemas/ActivityExtension/v2"><Speed>0.000000</Speed></TPX></Extensions></Trackpoint>
     <Trackpoint><Time>2026-03-31T19:43:16.489Z</Time><HeartRateBpm><Value>143</Value></HeartRateBpm><Extensions><TPX xmlns="http://www.garmin.com/xmlschemas/ActivityExtension/v2"><Speed>0.000000</Speed></TPX></Extensions></Trackpoint>
     <Trackpoint><Time>2026-03-31T19:43:17.489Z</Time><HeartRateBpm><Value>143</Value></HeartRateBpm><Extensions><TPX xmlns="http://www.garmin.com/xmlschemas/ActivityExtension/v2"><Speed>0.000000</Speed></TPX></Extensions></Trackpoint>
     <Trackpoint><Time>2026-03-31T19:43:18.489Z</Time><HeartRateBpm><Value>144</Value></HeartRateBpm><Extensions><TPX xmlns="http://www.garmin.com/xmlschemas/ActivityExtension/v2"><Speed>0.000000</Speed></TPX></Extensions></Trackpoint>
     <Trackpoint><Time>2026-03-31T19:43:20.489Z</Time><HeartRateBpm><Value>144</Value></HeartRateBpm><Extensions><TPX xmlns="http://www.garmin.com/xmlschemas/ActivityExtension/v2"><Speed>0.000000</Speed></TPX></Extensions></Trackpoint>
     <Trackpoint><Time>2026-03-31T19:43:22.489Z</Time><HeartRateBpm><Value>144</Value></HeartRateBpm><Extensions><TPX xmlns="http://www.garmin.com/xmlschemas/ActivityExtension/v2"><Speed>0.000000</Speed></TPX></Extensions></Trackpoint>
     <Trackpoint><Time>2026-03-31T19:43:23.489Z</Time><HeartRateBpm><Value>144</Value></HeartRateBpm><Extensions><TPX xmlns="http://www.garmin.com/xmlschemas/ActivityExtension/v2"><Speed>0.000000</Speed></TPX></Extensions></Trackpoint>
     <Trackpoint><Time>2026-03-31T19:43:25.489Z</Time><HeartRateBpm><Value>145</Value></HeartRateBpm><Extensions><TPX xmlns="http://www.garmin.com/xmlschemas/ActivityExtension/v2"><Speed>0.000000</Speed></TPX></Extensions></Trackpoint>
     <Trackpoint><Time>2026-03-31T19:43:27.489Z</Time><HeartRateBpm><Value>145</Value></HeartRateBpm><Extensions><TPX xmlns="http://www.garmin.com/xmlschemas/ActivityExtension/v2"><Speed>0.000000</Speed></TPX></Extensions></Trackpoint>
     <Trackpoint><Time>2026-03-31T19:43:28.489Z</Time><HeartRateBpm><Value>146</Value></HeartRateBpm><Extensions><TPX xmlns="http://www.garmin.com/xmlschemas/ActivityExtension/v2"><Speed>0.000000</Speed></TPX></Extensions></Trackpoint>
     <Trackpoint><Time>2026-03-31T19:43:30.489Z</Time><HeartRateBpm><Value>146</Value></HeartRateBpm><Extensions><TPX xmlns="http://www.garmin.com/xmlschemas/ActivityExtension/v2"><Speed>0.000000</Speed></TPX></Extensions></Trackpoint>
     <Trackpoint><Time>2026-03-31T19:43:32.489Z</Time><HeartRateBpm><Value>146</Value></HeartRateBpm><Extensions><TPX xmlns="http://www.garmin.com/xmlschemas/ActivityExtension/v2"><Speed>0.000000</Speed></TPX></Extensions></Trackpoint>
     <Trackpoint><Time>2026-03-31T19:43:34.371Z</Time><HeartRateBpm><Value>142</Value></HeartRateBpm><Extensions><TPX xmlns="http://www.garmin.com/xmlschemas/ActivityExtension/v2"><Speed>0.000000</Speed></TPX></Extensions></Trackpoint>
     <Trackpoint><Time>2026-03-31T19:43:35.489Z</Time><HeartRateBpm><Value>142</Value></HeartRateBpm><Extensions><TPX xmlns="http://www.garmin.com/xmlschemas/ActivityExtension/v2"><Speed>0.000000</Speed></TPX></Extensions></Trackpoint>
     <Trackpoint><Time>2026-03-31T19:43:37.489Z</Time><HeartRateBpm><Value>142</Value></HeartRateBpm><Extensions><TPX xmlns="http://www.garmin.com/xmlschemas/ActivityExtension/v2"><Speed>0.000000</Speed></TPX></Extensions></Trackpoint>
     <Trackpoint><Time>2026-03-31T19:43:38.489Z</Time><HeartRateBpm><Value>143</Value></HeartRateBpm><Extensions><TPX xmlns="http://www.garmin.com/xmlschemas/ActivityExtension/v2"><Speed>0.000000</Speed></TPX></Extensions></Trackpoint>
     <Trackpoint><Time>2026-03-31T19:43:40.489Z</Time><HeartRateBpm><Value>143</Value></HeartRateBpm><Extensions><TPX xmlns="http://www.garmin.com/xmlschemas/ActivityExtension/v2"><Speed>0.000000</Speed></TPX></Extensions></Trackpoint>
     <Trackpoint><Time>2026-03-31T19:43:42.489Z</Time><HeartRateBpm><Value>143</Value></HeartRateBpm><Extensions><TPX xmlns="http://www.garmin.com/xmlschemas/ActivityExtension/v2"><Speed>0.000000</Speed></TPX></Extensions></Trackpoint>
     <Trackpoint><Time>2026-03-31T19:43:44.489Z</Time><HeartRateBpm><Value>143</Value></HeartRateBpm><Extensions><TPX xmlns="http://www.garmin.com/xmlschemas/ActivityExtension/v2"><Speed>0.000000</Speed></TPX></Extensions></Trackpoint>
     <Trackpoint><Time>2026-03-31T19:43:46.017Z</Time><HeartRateBpm><Value>143</Value></HeartRateBpm><Extensions><TPX xmlns="http://www.garmin.com/xmlschemas/ActivityExtension/v2"><Speed>0.000000</Speed></TPX></Extensions></Trackpoint>
     <Trackpoint><Time>2026-03-31T19:43:47.489Z</Time><HeartRateBpm><Value>143</Value></HeartRateBpm><Extensions><TPX xmlns="http://www.garmin.com/xmlschemas/ActivityExtension/v2"><Speed>0.000000</Speed></TPX></Extensions></Trackpoint>
     <Trackpoint><Time>2026-03-31T19:43:48.489Z</Time><HeartRateBpm><Value>143</Value></HeartRateBpm><Extensions><TPX xmlns="http://www.garmin.com/xmlschemas/ActivityExtension/v2"><Speed>0.000000</Speed></TPX></Extensions></Trackpoint>
     <Trackpoint><Time>2026-03-31T19:43:49.489Z</Time><HeartRateBpm><Value>143</Value></HeartRateBpm><Extensions><TPX xmlns="http://www.garmin.com/xmlschemas/ActivityExtension/v2"><Speed>0.000000</Speed></TPX></Extensions></Trackpoint>
     <Trackpoint><Time>2026-03-31T19:43:51.096Z</Time><HeartRateBpm><Value>143</Value></HeartRateBpm><Extensions><TPX xmlns="http://www.garmin.com/xmlschemas/ActivityExtension/v2"><Speed>0.000000</Speed></TPX></Extensions></Trackpoint>
     <Trackpoint><Time>2026-03-31T19:43:52.489Z</Time><HeartRateBpm><Value>143</Value></HeartRateBpm><Extensions><TPX xmlns="http://www.garmin.com/xmlschemas/ActivityExtension/v2"><Speed>0.000000</Speed></TPX></Extensions></Trackpoint>
     <Trackpoint><Time>2026-03-31T19:43:53.489Z</Time><HeartRateBpm><Value>143</Value></HeartRateBpm><Extensions><TPX xmlns="http://www.garmin.com/xmlschemas/ActivityExtension/v2"><Speed>0.000000</Speed></TPX></Extensions></Trackpoint>
     <Trackpoint><Time>2026-03-31T19:43:54.489Z</Time><HeartRateBpm><Value>144</Value></HeartRateBpm><Extensions><TPX xmlns="http://www.garmin.com/xmlschemas/ActivityExtension/v2"><Speed>0.000000</Speed></TPX></Extensions></Trackpoint>
     <Trackpoint><Time>2026-03-31T19:43:56.194Z</Time><HeartRateBpm><Value>144</Value></HeartRateBpm><Extensions><TPX xmlns="http://www.garmin.com/xmlschemas/ActivityExtension/v2"><Speed>0.000000</Speed></TPX></Extensions></Trackpoint>
     <Trackpoint><Time>2026-03-31T19:43:57.489Z</Time><HeartRateBpm><Value>144</Value></HeartRateBpm><Extensions><TPX xmlns="http://www.garmin.com/xmlschemas/ActivityExtension/v2"><Speed>0.000000</Speed></TPX></Extensions></Trackpoint>
     <Trackpoint><Time>2026-03-31T19:43:58.489Z</Time><HeartRateBpm><Value>144</Value></HeartRateBpm><Extensions><TPX xmlns="http://www.garmin.com/xmlschemas/ActivityExtension/v2"><Speed>0.000000</Speed></TPX></Extensions></Trackpoint>
     <Trackpoint><Time>2026-03-31T19:44:00.489Z</Time><HeartRateBpm><Value>145</Value></HeartRateBpm><Extensions><TPX xmlns="http://www.garmin.com/xmlschemas/ActivityExtension/v2"><Speed>0.000000</Speed></TPX></Extensions></Trackpoint>
     <Trackpoint><Time>2026-03-31T19:44:02.489Z</Time><HeartRateBpm><Value>145</Value></HeartRateBpm><Extensions><TPX xmlns="http://www.garmin.com/xmlschemas/ActivityExtension/v2"><Speed>0.000000</Speed></TPX></Extensions></Trackpoint>
     <Trackpoint><Time>2026-03-31T19:44:03.489Z</Time><HeartRateBpm><Value>145</Value></HeartRateBpm><Extensions><TPX xmlns="http://www.garmin.com/xmlschemas/ActivityExtension/v2"><Speed>0.000000</Speed></TPX></Extensions></Trackpoint>
     <Trackpoint><Time>2026-03-31T19:44:04.489Z</Time><HeartRateBpm><Value>146</Value></HeartRateBpm><Extensions><TPX xmlns="http://www.garmin.com/xmlschemas/ActivityExtension/v2"><Speed>0.000000</Speed></TPX></Extensions></Trackpoint>
     <Trackpoint><Time>2026-03-31T19:44:05.489Z</Time><HeartRateBpm><Value>146</Value></HeartRateBpm><Extensions><TPX xmlns="http://www.garmin.com/xmlschemas/ActivityExtension/v2"><Speed>0.000000</Speed></TPX></Extensions></Trackpoint>
     <Trackpoint><Time>2026-03-31T19:44:07.489Z</Time><HeartRateBpm><Value>146</Value></HeartRateBpm><Extensions><TPX xmlns="http://www.garmin.com/xmlschemas/ActivityExtension/v2"><Speed>0.000000</Speed></TPX></Extensions></Trackpoint>
     <Trackpoint><Time>2026-03-31T19:44:08.489Z</Time><HeartRateBpm><Value>146</Value></HeartRateBpm><Extensions><TPX xmlns="http://www.garmin.com/xmlschemas/ActivityExtension/v2"><Speed>0.000000</Speed></TPX></Extensions></Trackpoint>
     <Trackpoint><Time>2026-03-31T19:44:10.489Z</Time><HeartRateBpm><Value>147</Value></HeartRateBpm><Extensions><TPX xmlns="http://www.garmin.com/xmlschemas/ActivityExtension/v2"><Speed>0.000000</Speed></TPX></Extensions></Trackpoint>
     <Trackpoint><Time>2026-03-31T19:44:11.491Z</Time><HeartRateBpm><Value>147</Value></HeartRateBpm><Extensions><TPX xmlns="http://www.garmin.com/xmlschemas/ActivityExtension/v2"><Speed>0.000000</Speed></TPX></Extensions></Trackpoint>
     <Trackpoint><Time>2026-03-31T19:44:13.489Z</Time><HeartRateBpm><Value>147</Value></HeartRateBpm><Extensions><TPX xmlns="http://www.garmin.com/xmlschemas/ActivityExtension/v2"><Speed>0.000000</Speed></TPX></Extensions></Trackpoint>
     <Trackpoint><Time>2026-03-31T19:44:14.489Z</Time><HeartRateBpm><Value>150</Value></HeartRateBpm><Extensions><TPX xmlns="http://www.garmin.com/xmlschemas/ActivityExtension/v2"><Speed>0.000000</Speed></TPX></Extensions></Trackpoint>
     <Trackpoint><Time>2026-03-31T19:44:16.499Z</Time><HeartRateBpm><Value>150</Value></HeartRateBpm><Extensions><TPX xmlns="http://www.garmin.com/xmlschemas/ActivityExtension/v2"><Speed>0.000000</Speed></TPX></Extensions></Trackpoint>
     <Trackpoint><Time>2026-03-31T19:44:18.488Z</Time><HeartRateBpm><Value>150</Value></HeartRateBpm><Extensions><TPX xmlns="http://www.garmin.com/xmlschemas/ActivityExtension/v2"><Speed>0.000000</Speed></TPX></Extensions></Trackpoint>
     <Trackpoint><Time>2026-03-31T19:44:19.488Z</Time><HeartRateBpm><Value>150</Value></HeartRateBpm><Extensions><TPX xmlns="http://www.garmin.com/xmlschemas/ActivityExtension/v2"><Speed>0.000000</Speed></TPX></Extensions></Trackpoint>
     <Trackpoint><Time>2026-03-31T19:44:20.489Z</Time><HeartRateBpm><Value>150</Value></HeartRateBpm><Extensions><TPX xmlns="http://www.garmin.com/xmlschemas/ActivityExtension/v2"><Speed>0.000000</Speed></TPX></Extensions></Trackpoint>
     <Trackpoint><Time>2026-03-31T19:44:21.684Z</Time><HeartRateBpm><Value>150</Value></HeartRateBpm><Extensions><TPX xmlns="http://www.garmin.com/xmlschemas/ActivityExtension/v2"><Speed>0.000000</Speed></TPX></Extensions></Trackpoint>
     <Trackpoint><Time>2026-03-31T19:44:23.489Z</Time><HeartRateBpm><Value>150</Value></HeartRateBpm><Extensions><TPX xmlns="http://www.garmin.com/xmlschemas/ActivityExtension/v2"><Speed>0.000000</Speed></TPX></Extensions></Trackpoint>
     <Trackpoint><Time>2026-03-31T19:44:25.500Z</Time><HeartRateBpm><Value>148</Value></HeartRateBpm><Extensions><TPX xmlns="http://www.garmin.com/xmlschemas/ActivityExtension/v2"><Speed>0.000000</Speed></TPX></Extensions></Trackpoint>
     <Trackpoint><Time>2026-03-31T19:44:26.780Z</Time><HeartRateBpm><Value>148</Value></HeartRateBpm><Extensions><TPX xmlns="http://www.garmin.com/xmlschemas/ActivityExtension/v2"><Speed>0.000000</Speed></TPX></Extensions></Trackpoint>
     <Trackpoint><Time>2026-03-31T19:44:28.489Z</Time><HeartRateBpm><Value>148</Value></HeartRateBpm><Extensions><TPX xmlns="http://www.garmin.com/xmlschemas/ActivityExtension/v2"><Speed>0.000000</Speed></TPX></Extensions></Trackpoint>
     <Trackpoint><Time>2026-03-31T19:44:30.488Z</Time><HeartRateBpm><Value>148</Value></HeartRateBpm><Extensions><TPX xmlns="http://www.garmin.com/xmlschemas/ActivityExtension/v2"><Speed>0.000000</Speed></TPX></Extensions></Trackpoint>
     <Trackpoint><Time>2026-03-31T19:44:31.489Z</Time><HeartRateBpm><Value>148</Value></HeartRateBpm><Extensions><TPX xmlns="http://www.garmin.com/xmlschemas/ActivityExtension/v2"><Speed>0.000000</Speed></TPX></Extensions></Trackpoint>
     <Trackpoint><Time>2026-03-31T19:44:33.488Z</Time><HeartRateBpm><Value>148</Value></HeartRateBpm><Extensions><TPX xmlns="http://www.garmin.com/xmlschemas/ActivityExtension/v2"><Speed>0.000000</Speed></TPX></Extensions></Trackpoint>
     <Trackpoint><Time>2026-03-31T19:44:34.492Z</Time><HeartRateBpm><Value>146</Value></HeartRateBpm><Extensions><TPX xmlns="http://www.garmin.com/xmlschemas/ActivityExtension/v2"><Speed>0.000000</Speed></TPX></Extensions></Trackpoint>
     <Trackpoint><Time>2026-03-31T19:44:36.488Z</Time><HeartRateBpm><Value>146</Value></HeartRateBpm><Extensions><TPX xmlns="http://www.garmin.com/xmlschemas/ActivityExtension/v2"><Speed>0.000000</Speed></TPX></Extensions></Trackpoint>
     <Trackpoint><Time>2026-03-31T19:44:37.489Z</Time><HeartRateBpm><Value>146</Value></HeartRateBpm><Extensions><TPX xmlns="http://www.garmin.com/xmlschemas/ActivityExtension/v2"><Speed>0.000000</Speed></TPX></Extensions></Trackpoint>
     <Trackpoint><Time>2026-03-31T19:44:38.893Z</Time><HeartRateBpm><Value>146</Value></HeartRateBpm><Extensions><TPX xmlns="http://www.garmin.com/xmlschemas/ActivityExtension/v2"><Speed>0.000000</Speed></TPX></Extensions></Trackpoint>
     <Trackpoint><Time>2026-03-31T19:44:40.493Z</Time><HeartRateBpm><Value>146</Value></HeartRateBpm><Extensions><TPX xmlns="http://www.garmin.com/xmlschemas/ActivityExtension/v2"><Speed>0.000000</Speed></TPX></Extensions></Trackpoint>
     <Trackpoint><Time>2026-03-31T19:44:42.073Z</Time><HeartRateBpm><Value>146</Value></HeartRateBpm><Extensions><TPX xmlns="http://www.garmin.com/xmlschemas/ActivityExtension/v2"><Speed>0.000000</Speed></TPX></Extensions></Trackpoint>
     <Trackpoint><Time>2026-03-31T19:44:43.501Z</Time><HeartRateBpm><Value>146</Value></HeartRateBpm><Extensions><TPX xmlns="http://www.garmin.com/xmlschemas/ActivityExtension/v2"><Speed>0.000000</Speed></TPX></Extensions></Trackpoint>
     <Trackpoint><Time>2026-03-31T19:44:44.626Z</Time><HeartRateBpm><Value>146</Value></HeartRateBpm><Extensions><TPX xmlns="http://www.garmin.com/xmlschemas/ActivityExtension/v2"><Speed>0.000000</Speed></TPX></Extensions></Trackpoint>
     <Trackpoint><Time>2026-03-31T19:44:46.488Z</Time><HeartRateBpm><Value>146</Value></HeartRateBpm><Extensions><TPX xmlns="http://www.garmin.com/xmlschemas/ActivityExtension/v2"><Speed>0.000000</Speed></TPX></Extensions></Trackpoint>
     <Trackpoint><Time>2026-03-31T19:44:48.488Z</Time><HeartRateBpm><Value>146</Value></HeartRateBpm><Extensions><TPX xmlns="http://www.garmin.com/xmlschemas/ActivityExtension/v2"><Speed>0.000000</Speed></TPX></Extensions></Trackpoint>
     <Trackpoint><Time>2026-03-31T19:44:49.492Z</Time><HeartRateBpm><Value>145</Value></HeartRateBpm><Extensions><TPX xmlns="http://www.garmin.com/xmlschemas/ActivityExtension/v2"><Speed>0.000000</Speed></TPX></Extensions></Trackpoint>
     <Trackpoint><Time>2026-03-31T19:44:50.499Z</Time><HeartRateBpm><Value>145</Value></HeartRateBpm><Extensions><TPX xmlns="http://www.garmin.com/xmlschemas/ActivityExtension/v2"><Speed>0.000000</Speed></TPX></Extensions></Trackpoint>
     <Trackpoint><Time>2026-03-31T19:44:52.293Z</Time><HeartRateBpm><Value>145</Value></HeartRateBpm><Extensions><TPX xmlns="http://www.garmin.com/xmlschemas/ActivityExtension/v2"><Speed>0.000000</Speed></TPX></Extensions></Trackpoint>
     <Trackpoint><Time>2026-03-31T19:44:53.489Z</Time><HeartRateBpm><Value>145</Value></HeartRateBpm><Extensions><TPX xmlns="http://www.garmin.com/xmlschemas/ActivityExtension/v2"><Speed>0.000000</Speed></TPX></Extensions></Trackpoint>
     <Trackpoint><Time>2026-03-31T19:44:54.817Z</Time><HeartRateBpm><Value>143</Value></HeartRateBpm><Extensions><TPX xmlns="http://www.garmin.com/xmlschemas/ActivityExtension/v2"><Speed>0.000000</Speed></TPX></Extensions></Trackpoint>
     <Trackpoint><Time>2026-03-31T19:44:56.488Z</Time><HeartRateBpm><Value>143</Value></HeartRateBpm><Extensions><TPX xmlns="http://www.garmin.com/xmlschemas/ActivityExtension/v2"><Speed>0.000000</Speed></TPX></Extensions></Trackpoint>
     <Trackpoint><Time>2026-03-31T19:44:57.488Z</Time><HeartRateBpm><Value>143</Value></HeartRateBpm><Extensions><TPX xmlns="http://www.garmin.com/xmlschemas/ActivityExtension/v2"><Speed>0.000000</Speed></TPX></Extensions></Trackpoint>
     <Trackpoint><Time>2026-03-31T19:44:58.926Z</Time><HeartRateBpm><Value>141</Value></HeartRateBpm><Extensions><TPX xmlns="http://www.garmin.com/xmlschemas/ActivityExtension/v2"><Speed>0.000000</Speed></TPX></Extensions></Trackpoint>
     <Trackpoint><Time>2026-03-31T19:45:00.488Z</Time><HeartRateBpm><Value>141</Value></HeartRateBpm><Extensions><TPX xmlns="http://www.garmin.com/xmlschemas/ActivityExtension/v2"><Speed>0.000000</Speed></TPX></Extensions></Trackpoint>
     <Trackpoint><Time>2026-03-31T19:45:01.495Z</Time><HeartRateBpm><Value>141</Value></HeartRateBpm><Extensions><TPX xmlns="http://www.garmin.com/xmlschemas/ActivityExtension/v2"><Speed>0.000000</Speed></TPX></Extensions></Trackpoint>
     <Trackpoint><Time>2026-03-31T19:45:03.488Z</Time><HeartRateBpm><Value>141</Value></HeartRateBpm><Extensions><TPX xmlns="http://www.garmin.com/xmlschemas/ActivityExtension/v2"><Speed>0.000000</Speed></TPX></Extensions></Trackpoint>
     <Trackpoint><Time>2026-03-31T19:45:05.019Z</Time><HeartRateBpm><Value>141</Value></HeartRateBpm><Extensions><TPX xmlns="http://www.garmin.com/xmlschemas/ActivityExtension/v2"><Speed>0.000000</Speed></TPX></Extensions></Trackpoint>
     <Trackpoint><Time>2026-03-31T19:45:06.489Z</Time><HeartRateBpm><Value>141</Value></HeartRateBpm><Extensions><TPX xmlns="http://www.garmin.com/xmlschemas/ActivityExtension/v2"><Speed>0.000000</Speed></TPX></Extensions></Trackpoint>
     <Trackpoint><Time>2026-03-31T19:45:07.567Z</Time><HeartRateBpm><Value>141</Value></HeartRateBpm><Extensions><TPX xmlns="http://www.garmin.com/xmlschemas/ActivityExtension/v2"><Speed>0.000000</Speed></TPX></Extensions></Trackpoint>
     <Trackpoint><Time>2026-03-31T19:45:08.926Z</Time><HeartRateBpm><Value>139</Value></HeartRateBpm><Extensions><TPX xmlns="http://www.garmin.com/xmlschemas/ActivityExtension/v2"><Speed>0.000000</Speed></TPX></Extensions></Trackpoint>
     <Trackpoint><Time>2026-03-31T19:45:10.111Z</Time><HeartRateBpm><Value>139</Value></HeartRateBpm><Extensions><TPX xmlns="http://www.garmin.com/xmlschemas/ActivityExtension/v2"><Speed>0.000000</Speed></TPX></Extensions></Trackpoint>
     <Trackpoint><Time>2026-03-31T19:45:11.488Z</Time><HeartRateBpm><Value>139</Value></HeartRateBpm><Extensions><TPX xmlns="http://www.garmin.com/xmlschemas/ActivityExtension/v2"><Speed>0.000000</Speed></TPX></Extensions></Trackpoint>
     <Trackpoint><Time>2026-03-31T19:45:12.488Z</Time><HeartRateBpm><Value>139</Value></HeartRateBpm><Extensions><TPX xmlns="http://www.garmin.com/xmlschemas/ActivityExtension/v2"><Speed>0.000000</Speed></TPX></Extensions></Trackpoint>
     <Trackpoint><Time>2026-03-31T19:45:13.489Z</Time><HeartRateBpm><Value>139</Value></HeartRateBpm><Extensions><TPX xmlns="http://www.garmin.com/xmlschemas/ActivityExtension/v2"><Speed>0.000000</Speed></TPX></Extensions></Trackpoint>
     <Trackpoint><Time>2026-03-31T19:45:15.210Z</Time><HeartRateBpm><Value>140</Value></HeartRateBpm><Extensions><TPX xmlns="http://www.garmin.com/xmlschemas/ActivityExtension/v2"><Speed>0.000000</Speed></TPX></Extensions></Trackpoint>
     <Trackpoint><Time>2026-03-31T19:45:16.493Z</Time><HeartRateBpm><Value>140</Value></HeartRateBpm><Extensions><TPX xmlns="http://www.garmin.com/xmlschemas/ActivityExtension/v2"><Speed>0.000000</Speed></TPX></Extensions></Trackpoint>
     <Trackpoint><Time>2026-03-31T19:45:17.760Z</Time><HeartRateBpm><Value>140</Value></HeartRateBpm><Extensions><TPX xmlns="http://www.garmin.com/xmlschemas/ActivityExtension/v2"><Speed>0.000000</Speed></TPX></Extensions></Trackpoint>
     <Trackpoint><Time>2026-03-31T19:45:18.894Z</Time><HeartRateBpm><Value>140</Value></HeartRateBpm><Extensions><TPX xmlns="http://www.garmin.com/xmlschemas/ActivityExtension/v2"><Speed>0.000000</Speed></TPX></Extensions></Trackpoint>
     <Trackpoint><Time>2026-03-31T19:45:20.309Z</Time><HeartRateBpm><Value>140</Value></HeartRateBpm><Extensions><TPX xmlns="http://www.garmin.com/xmlschemas/ActivityExtension/v2"><Speed>0.000000</Speed></TPX></Extensions></Trackpoint>
     <Trackpoint><Time>2026-03-31T19:45:21.489Z</Time><HeartRateBpm><Value>140</Value></HeartRateBpm><Extensions><TPX xmlns="http://www.garmin.com/xmlschemas/ActivityExtension/v2"><Speed>0.000000</Speed></TPX></Extensions></Trackpoint>
     <Trackpoint><Time>2026-03-31T19:45:22.857Z</Time><HeartRateBpm><Value>140</Value></HeartRateBpm><Extensions><TPX xmlns="http://www.garmin.com/xmlschemas/ActivityExtension/v2"><Speed>0.000000</Speed></TPX></Extensions></Trackpoint>
     <Trackpoint><Time>2026-03-31T19:45:23.896Z</Time><HeartRateBpm><Value>140</Value></HeartRateBpm><Extensions><TPX xmlns="http://www.garmin.com/xmlschemas/ActivityExtension/v2"><Speed>0.000000</Speed></TPX></Extensions></Trackpoint>
     <Trackpoint><Time>2026-03-31T19:45:25.409Z</Time><HeartRateBpm><Value>140</Value></HeartRateBpm><Extensions><TPX xmlns="http://www.garmin.com/xmlschemas/ActivityExtension/v2"><Speed>0.000000</Speed></TPX></Extensions></Trackpoint>
     <Trackpoint><Time>2026-03-31T19:45:26.488Z</Time><HeartRateBpm><Value>140</Value></HeartRateBpm><Extensions><TPX xmlns="http://www.garmin.com/xmlschemas/ActivityExtension/v2"><Speed>0.000000</Speed></TPX></Extensions></Trackpoint>
     <Trackpoint><Time>2026-03-31T19:45:27.958Z</Time><HeartRateBpm><Value>140</Value></HeartRateBpm><Extensions><TPX xmlns="http://www.garmin.com/xmlschemas/ActivityExtension/v2"><Speed>0.000000</Speed></TPX></Extensions></Trackpoint>
     <Trackpoint><Time>2026-03-31T19:45:29.488Z</Time><HeartRateBpm><Value>140</Value></HeartRateBpm><Extensions><TPX xmlns="http://www.garmin.com/xmlschemas/ActivityExtension/v2"><Speed>0.000000</Speed></TPX></Extensions></Trackpoint>
     <Trackpoint><Time>2026-03-31T19:45:30.490Z</Time><HeartRateBpm><Value>140</Value></HeartRateBpm><Extensions><TPX xmlns="http://www.garmin.com/xmlschemas/ActivityExtension/v2"><Speed>0.000000</Speed></TPX></Extensions></Trackpoint>
     <Trackpoint><Time>2026-03-31T19:45:32.489Z</Time><HeartRateBpm><Value>140</Value></HeartRateBpm><Extensions><TPX xmlns="http://www.garmin.com/xmlschemas/ActivityExtension/v2"><Speed>0.000000</Speed></TPX></Extensions></Trackpoint>
     <Trackpoint><Time>2026-03-31T19:45:34.488Z</Time><HeartRateBpm><Value>139</Value></HeartRateBpm><Extensions><TPX xmlns="http://www.garmin.com/xmlschemas/ActivityExtension/v2"><Speed>0.000000</Speed></TPX></Extensions></Trackpoint>
     <Trackpoint><Time>2026-03-31T19:45:35.498Z</Time><HeartRateBpm><Value>139</Value></HeartRateBpm><Extensions><TPX xmlns="http://www.garmin.com/xmlschemas/ActivityExtension/v2"><Speed>0.000000</Speed></TPX></Extensions></Trackpoint>
     <Trackpoint><Time>2026-03-31T19:45:37.488Z</Time><HeartRateBpm><Value>139</Value></HeartRateBpm><Extensions><TPX xmlns="http://www.garmin.com/xmlschemas/ActivityExtension/v2"><Speed>0.000000</Speed></TPX></Extensions></Trackpoint>
     <Trackpoint><Time>2026-03-31T19:45:38.490Z</Time><HeartRateBpm><Value>140</Value></HeartRateBpm><Extensions><TPX xmlns="http://www.garmin.com/xmlschemas/ActivityExtension/v2"><Speed>0.000000</Speed></TPX></Extensions></Trackpoint>
     <Trackpoint><Time>2026-03-31T19:45:40.488Z</Time><HeartRateBpm><Value>140</Value></HeartRateBpm><Extensions><TPX xmlns="http://www.garmin.com/xmlschemas/ActivityExtension/v2"><Speed>0.000000</Speed></TPX></Extensions></Trackpoint>
     <Trackpoint><Time>2026-03-31T19:45:41.488Z</Time><HeartRateBpm><Value>140</Value></HeartRateBpm><Extensions><TPX xmlns="http://www.garmin.com/xmlschemas/ActivityExtension/v2"><Speed>0.000000</Speed></TPX></Extensions></Trackpoint>
     <Trackpoint><Time>2026-03-31T19:45:42.488Z</Time><HeartRateBpm><Value>140</Value></HeartRateBpm><Extensions><TPX xmlns="http://www.garmin.com/xmlschemas/ActivityExtension/v2"><Speed>0.000000</Speed></TPX></Extensions></Trackpoint>
     <Trackpoint><Time>2026-03-31T19:45:43.488Z</Time><HeartRateBpm><Value>142</Value></HeartRateBpm><Extensions><TPX xmlns="http://www.garmin.com/xmlschemas/ActivityExtension/v2"><Speed>0.000000</Speed></TPX></Extensions></Trackpoint>
     <Trackpoint><Time>2026-03-31T19:45:44.495Z</Time><HeartRateBpm><Value>142</Value></HeartRateBpm><Extensions><TPX xmlns="http://www.garmin.com/xmlschemas/ActivityExtension/v2"><Speed>0.000000</Speed></TPX></Extensions></Trackpoint>
     <Trackpoint><Time>2026-03-31T19:45:45.798Z</Time><HeartRateBpm><Value>142</Value></HeartRateBpm><Extensions><TPX xmlns="http://www.garmin.com/xmlschemas/ActivityExtension/v2"><Speed>0.000000</Speed></TPX></Extensions></Trackpoint>
     <Trackpoint><Time>2026-03-31T19:45:47.488Z</Time><HeartRateBpm><Value>142</Value></HeartRateBpm><Extensions><TPX xmlns="http://www.garmin.com/xmlschemas/ActivityExtension/v2"><Speed>0.000000</Speed></TPX></Extensions></Trackpoint>
     <Trackpoint><Time>2026-03-31T19:45:49.488Z</Time><HeartRateBpm><Value>143</Value></HeartRateBpm><Extensions><TPX xmlns="http://www.garmin.com/xmlschemas/ActivityExtension/v2"><Speed>0.000000</Speed></TPX></Extensions></Trackpoint>
     <Trackpoint><Time>2026-03-31T19:45:50.895Z</Time><HeartRateBpm><Value>143</Value></HeartRateBpm><Extensions><TPX xmlns="http://www.garmin.com/xmlschemas/ActivityExtension/v2"><Speed>0.000000</Speed></TPX></Extensions></Trackpoint>
     <Trackpoint><Time>2026-03-31T19:45:52.488Z</Time><HeartRateBpm><Value>143</Value></HeartRateBpm><Extensions><TPX xmlns="http://www.garmin.com/xmlschemas/ActivityExtension/v2"><Speed>0.000000</Speed></TPX></Extensions></Trackpoint>
     <Trackpoint><Time>2026-03-31T19:45:53.488Z</Time><HeartRateBpm><Value>143</Value></HeartRateBpm><Extensions><TPX xmlns="http://www.garmin.com/xmlschemas/ActivityExtension/v2"><Speed>0.000000</Speed></TPX></Extensions></Trackpoint>
     <Trackpoint><Time>2026-03-31T19:45:55.497Z</Time><HeartRateBpm><Value>143</Value></HeartRateBpm><Extensions><TPX xmlns="http://www.garmin.com/xmlschemas/ActivityExtension/v2"><Speed>0.000000</Speed></TPX></Extensions></Trackpoint>
     <Trackpoint><Time>2026-03-31T19:45:57.488Z</Time><HeartRateBpm><Value>143</Value></HeartRateBpm><Extensions><TPX xmlns="http://www.garmin.com/xmlschemas/ActivityExtension/v2"><Speed>0.000000</Speed></TPX></Extensions></Trackpoint>
     <Trackpoint><Time>2026-03-31T19:45:58.488Z</Time><HeartRateBpm><Value>143</Value></HeartRateBpm><Extensions><TPX xmlns="http://www.garmin.com/xmlschemas/ActivityExtension/v2"><Speed>0.000000</Speed></TPX></Extensions></Trackpoint>
     <Trackpoint><Time>2026-03-31T19:45:59.488Z</Time><HeartRateBpm><Value>144</Value></HeartRateBpm><Extensions><TPX xmlns="http://www.garmin.com/xmlschemas/ActivityExtension/v2"><Speed>0.000000</Speed></TPX></Extensions></Trackpoint>
     <Trackpoint><Time>2026-03-31T19:46:00.488Z</Time><HeartRateBpm><Value>144</Value></HeartRateBpm><Extensions><TPX xmlns="http://www.garmin.com/xmlschemas/ActivityExtension/v2"><Speed>0.000000</Speed></TPX></Extensions></Trackpoint>
     <Trackpoint><Time>2026-03-31T19:46:02.488Z</Time><HeartRateBpm><Value>144</Value></HeartRateBpm><Extensions><TPX xmlns="http://www.garmin.com/xmlschemas/ActivityExtension/v2"><Speed>0.000000</Speed></TPX></Extensions></Trackpoint>
     <Trackpoint><Time>2026-03-31T19:46:03.650Z</Time><HeartRateBpm><Value>144</Value></HeartRateBpm><Extensions><TPX xmlns="http://www.garmin.com/xmlschemas/ActivityExtension/v2"><Speed>0.000000</Speed></TPX></Extensions></Trackpoint>
     <Trackpoint><Time>2026-03-31T19:46:05.488Z</Time><HeartRateBpm><Value>145</Value></HeartRateBpm><Extensions><TPX xmlns="http://www.garmin.com/xmlschemas/ActivityExtension/v2"><Speed>0.000000</Speed></TPX></Extensions></Trackpoint>
     <Trackpoint><Time>2026-03-31T19:46:07.488Z</Time><HeartRateBpm><Value>145</Value></HeartRateBpm><Extensions><TPX xmlns="http://www.garmin.com/xmlschemas/ActivityExtension/v2"><Speed>0.000000</Speed></TPX></Extensions></Trackpoint>
     <Trackpoint><Time>2026-03-31T19:46:08.489Z</Time><HeartRateBpm><Value>145</Value></HeartRateBpm><Extensions><TPX xmlns="http://www.garmin.com/xmlschemas/ActivityExtension/v2"><Speed>0.000000</Speed></TPX></Extensions></Trackpoint>
     <Trackpoint><Time>2026-03-31T19:46:10.488Z</Time><HeartRateBpm><Value>143</Value></HeartRateBpm><Extensions><TPX xmlns="http://www.garmin.com/xmlschemas/ActivityExtension/v2"><Speed>0.000000</Speed></TPX></Extensions></Trackpoint>
     <Trackpoint><Time>2026-03-31T19:46:12.488Z</Time><HeartRateBpm><Value>143</Value></HeartRateBpm><Extensions><TPX xmlns="http://www.garmin.com/xmlschemas/ActivityExtension/v2"><Speed>0.000000</Speed></TPX></Extensions></Trackpoint>
     <Trackpoint><Time>2026-03-31T19:46:13.488Z</Time><HeartRateBpm><Value>143</Value></HeartRateBpm><Extensions><TPX xmlns="http://www.garmin.com/xmlschemas/ActivityExtension/v2"><Speed>0.000000</Speed></TPX></Extensions></Trackpoint>
     <Trackpoint><Time>2026-03-31T19:46:15.488Z</Time><HeartRateBpm><Value>145</Value></HeartRateBpm><Extensions><TPX xmlns="http://www.garmin.com/xmlschemas/ActivityExtension/v2"><Speed>0.000000</Speed></TPX></Extensions></Trackpoint>
     <Trackpoint><Time>2026-03-31T19:46:17.518Z</Time><HeartRateBpm><Value>145</Value></HeartRateBpm><Extensions><TPX xmlns="http://www.garmin.com/xmlschemas/ActivityExtension/v2"><Speed>0.000000</Speed></TPX></Extensions></Trackpoint>
     <Trackpoint><Time>2026-03-31T19:46:18.882Z</Time><HeartRateBpm><Value>145</Value></HeartRateBpm><Extensions><TPX xmlns="http://www.garmin.com/xmlschemas/ActivityExtension/v2"><Speed>0.000000</Speed></TPX></Extensions></Trackpoint>
     <Trackpoint><Time>2026-03-31T19:46:20.488Z</Time><HeartRateBpm><Value>146</Value></HeartRateBpm><Extensions><TPX xmlns="http://www.garmin.com/xmlschemas/ActivityExtension/v2"><Speed>0.000000</Speed></TPX></Extensions></Trackpoint>
     <Trackpoint><Time>2026-03-31T19:46:21.488Z</Time><HeartRateBpm><Value>146</Value></HeartRateBpm><Extensions><TPX xmlns="http://www.garmin.com/xmlschemas/ActivityExtension/v2"><Speed>0.000000</Speed></TPX></Extensions></Trackpoint>
     <Trackpoint><Time>2026-03-31T19:46:23.488Z</Time><HeartRateBpm><Value>146</Value></HeartRateBpm><Extensions><TPX xmlns="http://www.garmin.com/xmlschemas/ActivityExtension/v2"><Speed>0.000000</Speed></TPX></Extensions></Trackpoint>
     <Trackpoint><Time>2026-03-31T19:46:25.488Z</Time><HeartRateBpm><Value>148</Value></HeartRateBpm><Extensions><TPX xmlns="http://www.garmin.com/xmlschemas/ActivityExtension/v2"><Speed>0.000000</Speed></TPX></Extensions></Trackpoint>
     <Trackpoint><Time>2026-03-31T19:46:26.584Z</Time><HeartRateBpm><Value>148</Value></HeartRateBpm><Extensions><TPX xmlns="http://www.garmin.com/xmlschemas/ActivityExtension/v2"><Speed>0.000000</Speed></TPX></Extensions></Trackpoint>
     <Trackpoint><Time>2026-03-31T19:46:28.488Z</Time><HeartRateBpm><Value>148</Value></HeartRateBpm><Extensions><TPX xmlns="http://www.garmin.com/xmlschemas/ActivityExtension/v2"><Speed>0.000000</Speed></TPX></Extensions></Trackpoint>
     <Trackpoint><Time>2026-03-31T19:46:30.488Z</Time><HeartRateBpm><Value>147</Value></HeartRateBpm><Extensions><TPX xmlns="http://www.garmin.com/xmlschemas/ActivityExtension/v2"><Speed>0.000000</Speed></TPX></Extensions></Trackpoint>
     <Trackpoint><Time>2026-03-31T19:46:31.719Z</Time><HeartRateBpm><Value>147</Value></HeartRateBpm><Extensions><TPX xmlns="http://www.garmin.com/xmlschemas/ActivityExtension/v2"><Speed>0.000000</Speed></TPX></Extensions></Trackpoint>
     <Trackpoint><Time>2026-03-31T19:46:33.488Z</Time><HeartRateBpm><Value>147</Value></HeartRateBpm><Extensions><TPX xmlns="http://www.garmin.com/xmlschemas/ActivityExtension/v2"><Speed>0.000000</Speed></TPX></Extensions></Trackpoint>
     <Trackpoint><Time>2026-03-31T19:46:34.488Z</Time><HeartRateBpm><Value>148</Value></HeartRateBpm><Extensions><TPX xmlns="http://www.garmin.com/xmlschemas/ActivityExtension/v2"><Speed>0.000000</Speed></TPX></Extensions></Trackpoint>
     <Trackpoint><Time>2026-03-31T19:46:36.488Z</Time><HeartRateBpm><Value>148</Value></HeartRateBpm><Extensions><TPX xmlns="http://www.garmin.com/xmlschemas/ActivityExtension/v2"><Speed>0.000000</Speed></TPX></Extensions></Trackpoint>
     <Trackpoint><Time>2026-03-31T19:46:38.488Z</Time><HeartRateBpm><Value>148</Value></HeartRateBpm><Extensions><TPX xmlns="http://www.garmin.com/xmlschemas/ActivityExtension/v2"><Speed>0.000000</Speed></TPX></Extensions></Trackpoint>
     <Trackpoint><Time>2026-03-31T19:46:40.488Z</Time><HeartRateBpm><Value>148</Value></HeartRateBpm><Extensions><TPX xmlns="http://www.garmin.com/xmlschemas/ActivityExtension/v2"><Speed>0.000000</Speed></TPX></Extensions></Trackpoint>
     <Trackpoint><Time>2026-03-31T19:46:41.879Z</Time><HeartRateBpm><Value>148</Value></HeartRateBpm><Extensions><TPX xmlns="http://www.garmin.com/xmlschemas/ActivityExtension/v2"><Speed>0.000000</Speed></TPX></Extensions></Trackpoint>
     <Trackpoint><Time>2026-03-31T19:46:43.488Z</Time><HeartRateBpm><Value>148</Value></HeartRateBpm><Extensions><TPX xmlns="http://www.garmin.com/xmlschemas/ActivityExtension/v2"><Speed>0.000000</Speed></TPX></Extensions></Trackpoint>
     <Trackpoint><Time>2026-03-31T19:46:44.488Z</Time><HeartRateBpm><Value>147</Value></HeartRateBpm><Extensions><TPX xmlns="http://www.garmin.com/xmlschemas/ActivityExtension/v2"><Speed>0.000000</Speed></TPX></Extensions></Trackpoint>
     <Trackpoint><Time>2026-03-31T19:46:46.488Z</Time><HeartRateBpm><Value>147</Value></HeartRateBpm><Extensions><TPX xmlns="http://www.garmin.com/xmlschemas/ActivityExtension/v2"><Speed>0.000000</Speed></TPX></Extensions></Trackpoint>
     <Trackpoint><Time>2026-03-31T19:46:48.488Z</Time><HeartRateBpm><Value>147</Value></HeartRateBpm><Extensions><TPX xmlns="http://www.garmin.com/xmlschemas/ActivityExtension/v2"><Speed>0.000000</Speed></TPX></Extensions></Trackpoint>
     <Trackpoint><Time>2026-03-31T19:46:49.488Z</Time><HeartRateBpm><Value>148</Value></HeartRateBpm><Extensions><TPX xmlns="http://www.garmin.com/xmlschemas/ActivityExtension/v2"><Speed>0.000000</Speed></TPX></Extensions></Trackpoint>
     <Trackpoint><Time>2026-03-31T19:46:51.488Z</Time><HeartRateBpm><Value>148</Value></HeartRateBpm><Extensions><TPX xmlns="http://www.garmin.com/xmlschemas/ActivityExtension/v2"><Speed>0.000000</Speed></TPX></Extensions></Trackpoint>
     <Trackpoint><Time>2026-03-31T19:46:53.488Z</Time><HeartRateBpm><Value>148</Value></HeartRateBpm><Extensions><TPX xmlns="http://www.garmin.com/xmlschemas/ActivityExtension/v2"><Speed>0.000000</Speed></TPX></Extensions></Trackpoint>
     <Trackpoint><Time>2026-03-31T19:46:54.629Z</Time><HeartRateBpm><Value>148</Value></HeartRateBpm><Extensions><TPX xmlns="http://www.garmin.com/xmlschemas/ActivityExtension/v2"><Speed>0.000000</Speed></TPX></Extensions></Trackpoint>
     <Trackpoint><Time>2026-03-31T19:46:56.488Z</Time><HeartRateBpm><Value>148</Value></HeartRateBpm><Extensions><TPX xmlns="http://www.garmin.com/xmlschemas/ActivityExtension/v2"><Speed>0.000000</Speed></TPX></Extensions></Trackpoint>
     <Trackpoint><Time>2026-03-31T19:46:58.488Z</Time><HeartRateBpm><Value>148</Value></HeartRateBpm><Extensions><TPX xmlns="http://www.garmin.com/xmlschemas/ActivityExtension/v2"><Speed>0.000000</Speed></TPX></Extensions></Trackpoint>
     <Trackpoint><Time>2026-03-31T19:46:59.719Z</Time><HeartRateBpm><Value>143</Value></HeartRateBpm><Extensions><TPX xmlns="http://www.garmin.com/xmlschemas/ActivityExtension/v2"><Speed>0.000000</Speed></TPX></Extensions></Trackpoint>
     <Trackpoint><Time>2026-03-31T19:47:01.488Z</Time><HeartRateBpm><Value>143</Value></HeartRateBpm><Extensions><TPX xmlns="http://www.garmin.com/xmlschemas/ActivityExtension/v2"><Speed>0.000000</Speed></TPX></Extensions></Trackpoint>
     <Trackpoint><Time>2026-03-31T19:47:03.488Z</Time><HeartRateBpm><Value>143</Value></HeartRateBpm><Extensions><TPX xmlns="http://www.garmin.com/xmlschemas/ActivityExtension/v2"><Speed>0.000000</Speed></TPX></Extensions></Trackpoint>
     <Trackpoint><Time>2026-03-31T19:47:04.488Z</Time><HeartRateBpm><Value>141</Value></HeartRateBpm><Extensions><TPX xmlns="http://www.garmin.com/xmlschemas/ActivityExtension/v2"><Speed>0.000000</Speed></TPX></Extensions></Trackpoint>
     <Trackpoint><Time>2026-03-31T19:47:05.488Z</Time><HeartRateBpm><Value>141</Value></HeartRateBpm><Extensions><TPX xmlns="http://www.garmin.com/xmlschemas/ActivityExtension/v2"><Speed>0.000000</Speed></TPX></Extensions></Trackpoint>
     <Trackpoint><Time>2026-03-31T19:47:07.371Z</Time><HeartRateBpm><Value>141</Value></HeartRateBpm><Extensions><TPX xmlns="http://www.garmin.com/xmlschemas/ActivityExtension/v2"><Speed>0.000000</Speed></TPX></Extensions></Trackpoint>
     <Trackpoint><Time>2026-03-31T19:47:08.488Z</Time><HeartRateBpm><Value>141</Value></HeartRateBpm><Extensions><TPX xmlns="http://www.garmin.com/xmlschemas/ActivityExtension/v2"><Speed>0.000000</Speed></TPX></Extensions></Trackpoint>
     <Trackpoint><Time>2026-03-31T19:47:09.488Z</Time><HeartRateBpm><Value>139</Value></HeartRateBpm><Extensions><TPX xmlns="http://www.garmin.com/xmlschemas/ActivityExtension/v2"><Speed>0.000000</Speed></TPX></Extensions></Trackpoint>
     <Trackpoint><Time>2026-03-31T19:47:11.488Z</Time><HeartRateBpm><Value>139</Value></HeartRateBpm><Extensions><TPX xmlns="http://www.garmin.com/xmlschemas/ActivityExtension/v2"><Speed>0.000000</Speed></TPX></Extensions></Trackpoint>
     <Trackpoint><Time>2026-03-31T19:47:12.488Z</Time><HeartRateBpm><Value>139</Value></HeartRateBpm><Extensions><TPX xmlns="http://www.garmin.com/xmlschemas/ActivityExtension/v2"><Speed>0.000000</Speed></TPX></Extensions></Trackpoint>
     <Trackpoint><Time>2026-03-31T19:47:13.897Z</Time><HeartRateBpm><Value>139</Value></HeartRateBpm><Extensions><TPX xmlns="http://www.garmin.com/xmlschemas/ActivityExtension/v2"><Speed>0.000000</Speed></TPX></Extensions></Trackpoint>
     <Trackpoint><Time>2026-03-31T19:47:15.012Z</Time><HeartRateBpm><Value>139</Value></HeartRateBpm><Extensions><TPX xmlns="http://www.garmin.com/xmlschemas/ActivityExtension/v2"><Speed>0.000000</Speed></TPX></Extensions></Trackpoint>
     <Trackpoint><Time>2026-03-31T19:47:16.488Z</Time><HeartRateBpm><Value>139</Value></HeartRateBpm><Extensions><TPX xmlns="http://www.garmin.com/xmlschemas/ActivityExtension/v2"><Speed>0.000000</Speed></TPX></Extensions></Trackpoint>
     <Trackpoint><Time>2026-03-31T19:47:17.488Z</Time><HeartRateBpm><Value>139</Value></HeartRateBpm><Extensions><TPX xmlns="http://www.garmin.com/xmlschemas/ActivityExtension/v2"><Speed>0.000000</Speed></TPX></Extensions></Trackpoint>
     <Trackpoint><Time>2026-03-31T19:47:18.488Z</Time><HeartRateBpm><Value>139</Value></HeartRateBpm><Extensions><TPX xmlns="http://www.garmin.com/xmlschemas/ActivityExtension/v2"><Speed>0.000000</Speed></TPX></Extensions></Trackpoint>
     <Trackpoint><Time>2026-03-31T19:47:20.124Z</Time><HeartRateBpm><Value>139</Value></HeartRateBpm><Extensions><TPX xmlns="http://www.garmin.com/xmlschemas/ActivityExtension/v2"><Speed>0.000000</Speed></TPX></Extensions></Trackpoint>
     <Trackpoint><Time>2026-03-31T19:47:21.488Z</Time><HeartRateBpm><Value>139</Value></HeartRateBpm><Extensions><TPX xmlns="http://www.garmin.com/xmlschemas/ActivityExtension/v2"><Speed>0.000000</Speed></TPX></Extensions></Trackpoint>
     <Trackpoint><Time>2026-03-31T19:47:22.659Z</Time><HeartRateBpm><Value>139</Value></HeartRateBpm><Extensions><TPX xmlns="http://www.garmin.com/xmlschemas/ActivityExtension/v2"><Speed>0.000000</Speed></TPX></Extensions></Trackpoint>
     <Trackpoint><Time>2026-03-31T19:47:24.374Z</Time><HeartRateBpm><Value>141</Value></HeartRateBpm><Extensions><TPX xmlns="http://www.garmin.com/xmlschemas/ActivityExtension/v2"><Speed>0.000000</Speed></TPX></Extensions></Trackpoint>
     <Trackpoint><Time>2026-03-31T19:47:25.488Z</Time><HeartRateBpm><Value>141</Value></HeartRateBpm><Extensions><TPX xmlns="http://www.garmin.com/xmlschemas/ActivityExtension/v2"><Speed>0.000000</Speed></TPX></Extensions></Trackpoint>
     <Trackpoint><Time>2026-03-31T19:47:27.488Z</Time><HeartRateBpm><Value>141</Value></HeartRateBpm><Extensions><TPX xmlns="http://www.garmin.com/xmlschemas/ActivityExtension/v2"><Speed>0.000000</Speed></TPX></Extensions></Trackpoint>
     <Trackpoint><Time>2026-03-31T19:47:28.488Z</Time><HeartRateBpm><Value>141</Value></HeartRateBpm><Extensions><TPX xmlns="http://www.garmin.com/xmlschemas/ActivityExtension/v2"><Speed>0.000000</Speed></TPX></Extensions></Trackpoint>
     <Trackpoint><Time>2026-03-31T19:47:30.310Z</Time><HeartRateBpm><Value>140</Value></HeartRateBpm><Extensions><TPX xmlns="http://www.garmin.com/xmlschemas/ActivityExtension/v2"><Speed>0.000000</Speed></TPX></Extensions></Trackpoint>
     <Trackpoint><Time>2026-03-31T19:47:31.488Z</Time><HeartRateBpm><Value>140</Value></HeartRateBpm><Extensions><TPX xmlns="http://www.garmin.com/xmlschemas/ActivityExtension/v2"><Speed>0.000000</Speed></TPX></Extensions></Trackpoint>
     <Trackpoint><Time>2026-03-31T19:47:32.858Z</Time><HeartRateBpm><Value>140</Value></HeartRateBpm><Extensions><TPX xmlns="http://www.garmin.com/xmlschemas/ActivityExtension/v2"><Speed>0.000000</Speed></TPX></Extensions></Trackpoint>
     <Trackpoint><Time>2026-03-31T19:47:33.894Z</Time><HeartRateBpm><Value>138</Value></HeartRateBpm><Extensions><TPX xmlns="http://www.garmin.com/xmlschemas/ActivityExtension/v2"><Speed>0.000000</Speed></TPX></Extensions></Trackpoint>
     <Trackpoint><Time>2026-03-31T19:47:35.411Z</Time><HeartRateBpm><Value>138</Value></HeartRateBpm><Extensions><TPX xmlns="http://www.garmin.com/xmlschemas/ActivityExtension/v2"><Speed>0.000000</Speed></TPX></Extensions></Trackpoint>
     <Trackpoint><Time>2026-03-31T19:47:36.488Z</Time><HeartRateBpm><Value>138</Value></HeartRateBpm><Extensions><TPX xmlns="http://www.garmin.com/xmlschemas/ActivityExtension/v2"><Speed>0.000000</Speed></TPX></Extensions></Trackpoint>
     <Trackpoint><Time>2026-03-31T19:47:37.954Z</Time><HeartRateBpm><Value>138</Value></HeartRateBpm><Extensions><TPX xmlns="http://www.garmin.com/xmlschemas/ActivityExtension/v2"><Speed>0.000000</Speed></TPX></Extensions></Trackpoint>
     <Trackpoint><Time>2026-03-31T19:47:39.488Z</Time><HeartRateBpm><Value>141</Value></HeartRateBpm><Extensions><TPX xmlns="http://www.garmin.com/xmlschemas/ActivityExtension/v2"><Speed>0.000000</Speed></TPX></Extensions></Trackpoint>
     <Trackpoint><Time>2026-03-31T19:47:40.508Z</Time><HeartRateBpm><Value>141</Value></HeartRateBpm><Extensions><TPX xmlns="http://www.garmin.com/xmlschemas/ActivityExtension/v2"><Speed>0.000000</Speed></TPX></Extensions></Trackpoint>
     <Trackpoint><Time>2026-03-31T19:47:42.487Z</Time><HeartRateBpm><Value>141</Value></HeartRateBpm><Extensions><TPX xmlns="http://www.garmin.com/xmlschemas/ActivityExtension/v2"><Speed>0.000000</Speed></TPX></Extensions></Trackpoint>
     <Trackpoint><Time>2026-03-31T19:47:43.488Z</Time><HeartRateBpm><Value>141</Value></HeartRateBpm><Extensions><TPX xmlns="http://www.garmin.com/xmlschemas/ActivityExtension/v2"><Speed>0.000000</Speed></TPX></Extensions></Trackpoint>
     <Trackpoint><Time>2026-03-31T19:47:44.488Z</Time><HeartRateBpm><Value>141</Value></HeartRateBpm><Extensions><TPX xmlns="http://www.garmin.com/xmlschemas/ActivityExtension/v2"><Speed>0.000000</Speed></TPX></Extensions></Trackpoint>
     <Trackpoint><Time>2026-03-31T19:47:45.605Z</Time><HeartRateBpm><Value>141</Value></HeartRateBpm><Extensions><TPX xmlns="http://www.garmin.com/xmlschemas/ActivityExtension/v2"><Speed>0.000000</Speed></TPX></Extensions></Trackpoint>
     <Trackpoint><Time>2026-03-31T19:47:47.488Z</Time><HeartRateBpm><Value>141</Value></HeartRateBpm><Extensions><TPX xmlns="http://www.garmin.com/xmlschemas/ActivityExtension/v2"><Speed>0.000000</Speed></TPX></Extensions></Trackpoint>
     <Trackpoint><Time>2026-03-31T19:47:49.488Z</Time><HeartRateBpm><Value>140</Value></HeartRateBpm><Extensions><TPX xmlns="http://www.garmin.com/xmlschemas/ActivityExtension/v2"><Speed>0.000000</Speed></TPX></Extensions></Trackpoint>
     <Trackpoint><Time>2026-03-31T19:47:50.488Z</Time><HeartRateBpm><Value>140</Value></HeartRateBpm><Extensions><TPX xmlns="http://www.garmin.com/xmlschemas/ActivityExtension/v2"><Speed>0.000000</Speed></TPX></Extensions></Trackpoint>
     <Trackpoint><Time>2026-03-31T19:47:52.488Z</Time><HeartRateBpm><Value>140</Value></HeartRateBpm><Extensions><TPX xmlns="http://www.garmin.com/xmlschemas/ActivityExtension/v2"><Speed>0.000000</Speed></TPX></Extensions></Trackpoint>
     <Trackpoint><Time>2026-03-31T19:47:54.425Z</Time><HeartRateBpm><Value>140</Value></HeartRateBpm><Extensions><TPX xmlns="http://www.garmin.com/xmlschemas/ActivityExtension/v2"><Speed>0.000000</Speed></TPX></Extensions></Trackpoint>
     <Trackpoint><Time>2026-03-31T19:47:55.488Z</Time><HeartRateBpm><Value>140</Value></HeartRateBpm><Extensions><TPX xmlns="http://www.garmin.com/xmlschemas/ActivityExtension/v2"><Speed>0.000000</Speed></TPX></Extensions></Trackpoint>
     <Trackpoint><Time>2026-03-31T19:47:57.488Z</Time><HeartRateBpm><Value>140</Value></HeartRateBpm><Extensions><TPX xmlns="http://www.garmin.com/xmlschemas/ActivityExtension/v2"><Speed>0.000000</Speed></TPX></Extensions></Trackpoint>
     <Trackpoint><Time>2026-03-31T19:47:59.488Z</Time><HeartRateBpm><Value>140</Value></HeartRateBpm><Extensions><TPX xmlns="http://www.garmin.com/xmlschemas/ActivityExtension/v2"><Speed>0.000000</Speed></TPX></Extensions></Trackpoint>
     <Trackpoint><Time>2026-03-31T19:48:00.899Z</Time><HeartRateBpm><Value>140</Value></HeartRateBpm><Extensions><TPX xmlns="http://www.garmin.com/xmlschemas/ActivityExtension/v2"><Speed>0.000000</Speed></TPX></Extensions></Trackpoint>
     <Trackpoint><Time>2026-03-31T19:48:02.488Z</Time><HeartRateBpm><Value>140</Value></HeartRateBpm><Extensions><TPX xmlns="http://www.garmin.com/xmlschemas/ActivityExtension/v2"><Speed>0.000000</Speed></TPX></Extensions></Trackpoint>
     <Trackpoint><Time>2026-03-31T19:48:04.488Z</Time><HeartRateBpm><Value>141</Value></HeartRateBpm><Extensions><TPX xmlns="http://www.garmin.com/xmlschemas/ActivityExtension/v2"><Speed>0.000000</Speed></TPX></Extensions></Trackpoint>
     <Trackpoint><Time>2026-03-31T19:48:05.994Z</Time><HeartRateBpm><Value>141</Value></HeartRateBpm><Extensions><TPX xmlns="http://www.garmin.com/xmlschemas/ActivityExtension/v2"><Speed>0.000000</Speed></TPX></Extensions></Trackpoint>
     <Trackpoint><Time>2026-03-31T19:48:07.488Z</Time><HeartRateBpm><Value>141</Value></HeartRateBpm><Extensions><TPX xmlns="http://www.garmin.com/xmlschemas/ActivityExtension/v2"><Speed>0.000000</Speed></TPX></Extensions></Trackpoint>
     <Trackpoint><Time>2026-03-31T19:48:08.488Z</Time><HeartRateBpm><Value>141</Value></HeartRateBpm><Extensions><TPX xmlns="http://www.garmin.com/xmlschemas/ActivityExtension/v2"><Speed>0.000000</Speed></TPX></Extensions></Trackpoint>
     <Trackpoint><Time>2026-03-31T19:48:10.488Z</Time><HeartRateBpm><Value>148</Value></HeartRateBpm><Extensions><TPX xmlns="http://www.garmin.com/xmlschemas/ActivityExtension/v2"><Speed>0.000000</Speed></TPX></Extensions></Trackpoint>
     <Trackpoint><Time>2026-03-31T19:48:12.488Z</Time><HeartRateBpm><Value>148</Value></HeartRateBpm><Extensions><TPX xmlns="http://www.garmin.com/xmlschemas/ActivityExtension/v2"><Speed>0.000000</Speed></TPX></Extensions></Trackpoint>
     <Trackpoint><Time>2026-03-31T19:48:13.652Z</Time><HeartRateBpm><Value>148</Value></HeartRateBpm><Extensions><TPX xmlns="http://www.garmin.com/xmlschemas/ActivityExtension/v2"><Speed>0.000000</Speed></TPX></Extensions></Trackpoint>
     <Trackpoint><Time>2026-03-31T19:48:15.488Z</Time><HeartRateBpm><Value>147</Value></HeartRateBpm><Extensions><TPX xmlns="http://www.garmin.com/xmlschemas/ActivityExtension/v2"><Speed>0.000000</Speed></TPX></Extensions></Trackpoint>
     <Trackpoint><Time>2026-03-31T19:48:17.488Z</Time><HeartRateBpm><Value>147</Value></HeartRateBpm><Extensions><TPX xmlns="http://www.garmin.com/xmlschemas/ActivityExtension/v2"><Speed>0.000000</Speed></TPX></Extensions></Trackpoint>
     <Trackpoint><Time>2026-03-31T19:48:18.488Z</Time><HeartRateBpm><Value>147</Value></HeartRateBpm><Extensions><TPX xmlns="http://www.garmin.com/xmlschemas/ActivityExtension/v2"><Speed>0.000000</Speed></TPX></Extensions></Trackpoint>
     <Trackpoint><Time>2026-03-31T19:48:20.488Z</Time><HeartRateBpm><Value>146</Value></HeartRateBpm><Extensions><TPX xmlns="http://www.garmin.com/xmlschemas/ActivityExtension/v2"><Speed>0.000000</Speed></TPX></Extensions></Trackpoint>
     <Trackpoint><Time>2026-03-31T19:48:22.488Z</Time><HeartRateBpm><Value>146</Value></HeartRateBpm><Extensions><TPX xmlns="http://www.garmin.com/xmlschemas/ActivityExtension/v2"><Speed>0.000000</Speed></TPX></Extensions></Trackpoint>
     <Trackpoint><Time>2026-03-31T19:48:23.488Z</Time><HeartRateBpm><Value>146</Value></HeartRateBpm><Extensions><TPX xmlns="http://www.garmin.com/xmlschemas/ActivityExtension/v2"><Speed>0.000000</Speed></TPX></Extensions></Trackpoint>
     <Trackpoint><Time>2026-03-31T19:48:24.488Z</Time><HeartRateBpm><Value>142</Value></HeartRateBpm><Extensions><TPX xmlns="http://www.garmin.com/xmlschemas/ActivityExtension/v2"><Speed>0.000000</Speed></TPX></Extensions></Trackpoint>
     <Trackpoint><Time>2026-03-31T19:48:26.397Z</Time><HeartRateBpm><Value>142</Value></HeartRateBpm><Extensions><TPX xmlns="http://www.garmin.com/xmlschemas/ActivityExtension/v2"><Speed>0.000000</Speed></TPX></Extensions></Trackpoint>
     <Trackpoint><Time>2026-03-31T19:48:27.488Z</Time><HeartRateBpm><Value>142</Value></HeartRateBpm><Extensions><TPX xmlns="http://www.garmin.com/xmlschemas/ActivityExtension/v2"><Speed>0.000000</Speed></TPX></Extensions></Trackpoint>
     <Trackpoint><Time>2026-03-31T19:48:28.488Z</Time><HeartRateBpm><Value>142</Value></HeartRateBpm><Extensions><TPX xmlns="http://www.garmin.com/xmlschemas/ActivityExtension/v2"><Speed>0.000000</Speed></TPX></Extensions></Trackpoint>
     <Trackpoint><Time>2026-03-31T19:48:30.488Z</Time><HeartRateBpm><Value>140</Value></HeartRateBpm><Extensions><TPX xmlns="http://www.garmin.com/xmlschemas/ActivityExtension/v2"><Speed>0.000000</Speed></TPX></Extensions></Trackpoint>
     <Trackpoint><Time>2026-03-31T19:48:31.492Z</Time><HeartRateBpm><Value>140</Value></HeartRateBpm><Extensions><TPX xmlns="http://www.garmin.com/xmlschemas/ActivityExtension/v2"><Speed>0.000000</Speed></TPX></Extensions></Trackpoint>
     <Trackpoint><Time>2026-03-31T19:48:33.488Z</Time><HeartRateBpm><Value>140</Value></HeartRateBpm><Extensions><TPX xmlns="http://www.garmin.com/xmlschemas/ActivityExtension/v2"><Speed>0.000000</Speed></TPX></Extensions></Trackpoint>
     <Trackpoint><Time>2026-03-31T19:48:35.488Z</Time><HeartRateBpm><Value>139</Value></HeartRateBpm><Extensions><TPX xmlns="http://www.garmin.com/xmlschemas/ActivityExtension/v2"><Speed>0.000000</Speed></TPX></Extensions></Trackpoint>
     <Trackpoint><Time>2026-03-31T19:48:36.488Z</Time><HeartRateBpm><Value>139</Value></HeartRateBpm><Extensions><TPX xmlns="http://www.garmin.com/xmlschemas/ActivityExtension/v2"><Speed>0.000000</Speed></TPX></Extensions></Trackpoint>
     <Trackpoint><Time>2026-03-31T19:48:38.488Z</Time><HeartRateBpm><Value>139</Value></HeartRateBpm><Extensions><TPX xmlns="http://www.garmin.com/xmlschemas/ActivityExtension/v2"><Speed>0.000000</Speed></TPX></Extensions></Trackpoint>
     <Trackpoint><Time>2026-03-31T19:48:39.488Z</Time><HeartRateBpm><Value>140</Value></HeartRateBpm><Extensions><TPX xmlns="http://www.garmin.com/xmlschemas/ActivityExtension/v2"><Speed>0.000000</Speed></TPX></Extensions></Trackpoint>
     <Trackpoint><Time>2026-03-31T19:48:41.488Z</Time><HeartRateBpm><Value>140</Value></HeartRateBpm><Extensions><TPX xmlns="http://www.garmin.com/xmlschemas/ActivityExtension/v2"><Speed>0.000000</Speed></TPX></Extensions></Trackpoint>
     <Trackpoint><Time>2026-03-31T19:48:42.488Z</Time><HeartRateBpm><Value>140</Value></HeartRateBpm><Extensions><TPX xmlns="http://www.garmin.com/xmlschemas/ActivityExtension/v2"><Speed>0.000000</Speed></TPX></Extensions></Trackpoint>
     <Trackpoint><Time>2026-03-31T19:48:44.246Z</Time><HeartRateBpm><Value>140</Value></HeartRateBpm><Extensions><TPX xmlns="http://www.garmin.com/xmlschemas/ActivityExtension/v2"><Speed>0.000000</Speed></TPX></Extensions></Trackpoint>
     <Trackpoint><Time>2026-03-31T19:48:45.488Z</Time><HeartRateBpm><Value>142</Value></HeartRateBpm><Extensions><TPX xmlns="http://www.garmin.com/xmlschemas/ActivityExtension/v2"><Speed>0.000000</Speed></TPX></Extensions></Trackpoint>
     <Trackpoint><Time>2026-03-31T19:48:46.488Z</Time><HeartRateBpm><Value>142</Value></HeartRateBpm><Extensions><TPX xmlns="http://www.garmin.com/xmlschemas/ActivityExtension/v2"><Speed>0.000000</Speed></TPX></Extensions></Trackpoint>
     <Trackpoint><Time>2026-03-31T19:48:48.488Z</Time><HeartRateBpm><Value>142</Value></HeartRateBpm><Extensions><TPX xmlns="http://www.garmin.com/xmlschemas/ActivityExtension/v2"><Speed>0.000000</Speed></TPX></Extensions></Trackpoint>
     <Trackpoint><Time>2026-03-31T19:48:49.488Z</Time><HeartRateBpm><Value>143</Value></HeartRateBpm><Extensions><TPX xmlns="http://www.garmin.com/xmlschemas/ActivityExtension/v2"><Speed>0.000000</Speed></TPX></Extensions></Trackpoint>
     <Trackpoint><Time>2026-03-31T19:48:51.488Z</Time><HeartRateBpm><Value>143</Value></HeartRateBpm><Extensions><TPX xmlns="http://www.garmin.com/xmlschemas/ActivityExtension/v2"><Speed>0.000000</Speed></TPX></Extensions></Trackpoint>
     <Trackpoint><Time>2026-03-31T19:48:53.487Z</Time><HeartRateBpm><Value>143</Value></HeartRateBpm><Extensions><TPX xmlns="http://www.garmin.com/xmlschemas/ActivityExtension/v2"><Speed>0.000000</Speed></TPX></Extensions></Trackpoint>
     <Trackpoint><Time>2026-03-31T19:48:54.488Z</Time><HeartRateBpm><Value>144</Value></HeartRateBpm><Extensions><TPX xmlns="http://www.garmin.com/xmlschemas/ActivityExtension/v2"><Speed>0.000000</Speed></TPX></Extensions></Trackpoint>
     <Trackpoint><Time>2026-03-31T19:48:55.488Z</Time><HeartRateBpm><Value>144</Value></HeartRateBpm><Extensions><TPX xmlns="http://www.garmin.com/xmlschemas/ActivityExtension/v2"><Speed>0.000000</Speed></TPX></Extensions></Trackpoint>
     <Trackpoint><Time>2026-03-31T19:48:56.488Z</Time><HeartRateBpm><Value>144</Value></HeartRateBpm><Extensions><TPX xmlns="http://www.garmin.com/xmlschemas/ActivityExtension/v2"><Speed>0.000000</Speed></TPX></Extensions></Trackpoint>
     <Trackpoint><Time>2026-03-31T19:48:58.487Z</Time><HeartRateBpm><Value>144</Value></HeartRateBpm><Extensions><TPX xmlns="http://www.garmin.com/xmlschemas/ActivityExtension/v2"><Speed>0.000000</Speed></TPX></Extensions></Trackpoint>
     <Trackpoint><Time>2026-03-31T19:48:59.529Z</Time><HeartRateBpm><Value>150</Value></HeartRateBpm><Extensions><TPX xmlns="http://www.garmin.com/xmlschemas/ActivityExtension/v2"><Speed>0.000000</Speed></TPX></Extensions></Trackpoint>
     <Trackpoint><Time>2026-03-31T19:49:01.487Z</Time><HeartRateBpm><Value>150</Value></HeartRateBpm><Extensions><TPX xmlns="http://www.garmin.com/xmlschemas/ActivityExtension/v2"><Speed>0.000000</Speed></TPX></Extensions></Trackpoint>
     <Trackpoint><Time>2026-03-31T19:49:03.487Z</Time><HeartRateBpm><Value>150</Value></HeartRateBpm><Extensions><TPX xmlns="http://www.garmin.com/xmlschemas/ActivityExtension/v2"><Speed>0.000000</Speed></TPX></Extensions></Trackpoint>
     <Trackpoint><Time>2026-03-31T19:49:04.626Z</Time><HeartRateBpm><Value>150</Value></HeartRateBpm><Extensions><TPX xmlns="http://www.garmin.com/xmlschemas/ActivityExtension/v2"><Speed>0.000000</Speed></TPX></Extensions></Trackpoint>
     <Trackpoint><Time>2026-03-31T19:49:06.487Z</Time><HeartRateBpm><Value>150</Value></HeartRateBpm><Extensions><TPX xmlns="http://www.garmin.com/xmlschemas/ActivityExtension/v2"><Speed>0.000000</Speed></TPX></Extensions></Trackpoint>
     <Trackpoint><Time>2026-03-31T19:49:08.487Z</Time><HeartRateBpm><Value>150</Value></HeartRateBpm><Extensions><TPX xmlns="http://www.garmin.com/xmlschemas/ActivityExtension/v2"><Speed>0.000000</Speed></TPX></Extensions></Trackpoint>
     <Trackpoint><Time>2026-03-31T19:49:09.488Z</Time><HeartRateBpm><Value>150</Value></HeartRateBpm><Extensions><TPX xmlns="http://www.garmin.com/xmlschemas/ActivityExtension/v2"><Speed>0.000000</Speed></TPX></Extensions></Trackpoint>
     <Trackpoint><Time>2026-03-31T19:49:10.488Z</Time><HeartRateBpm><Value>150</Value></HeartRateBpm><Extensions><TPX xmlns="http://www.garmin.com/xmlschemas/ActivityExtension/v2"><Speed>0.000000</Speed></TPX></Extensions></Trackpoint>
     <Trackpoint><Time>2026-03-31T19:49:12.275Z</Time><HeartRateBpm><Value>150</Value></HeartRateBpm><Extensions><TPX xmlns="http://www.garmin.com/xmlschemas/ActivityExtension/v2"><Speed>0.000000</Speed></TPX></Extensions></Trackpoint>
     <Trackpoint><Time>2026-03-31T19:49:13.487Z</Time><HeartRateBpm><Value>150</Value></HeartRateBpm><Extensions><TPX xmlns="http://www.garmin.com/xmlschemas/ActivityExtension/v2"><Speed>0.000000</Speed></TPX></Extensions></Trackpoint>
     <Trackpoint><Time>2026-03-31T19:49:14.487Z</Time><HeartRateBpm><Value>145</Value></HeartRateBpm><Extensions><TPX xmlns="http://www.garmin.com/xmlschemas/ActivityExtension/v2"><Speed>0.000000</Speed></TPX></Extensions></Trackpoint>
     <Trackpoint><Time>2026-03-31T19:49:16.487Z</Time><HeartRateBpm><Value>145</Value></HeartRateBpm><Extensions><TPX xmlns="http://www.garmin.com/xmlschemas/ActivityExtension/v2"><Speed>0.000000</Speed></TPX></Extensions></Trackpoint>
     <Trackpoint><Time>2026-03-31T19:49:18.487Z</Time><HeartRateBpm><Value>145</Value></HeartRateBpm><Extensions><TPX xmlns="http://www.garmin.com/xmlschemas/ActivityExtension/v2"><Speed>0.000000</Speed></TPX></Extensions></Trackpoint>
     <Trackpoint><Time>2026-03-31T19:49:19.917Z</Time><HeartRateBpm><Value>143</Value></HeartRateBpm><Extensions><TPX xmlns="http://www.garmin.com/xmlschemas/ActivityExtension/v2"><Speed>0.000000</Speed></TPX></Extensions></Trackpoint>
     <Trackpoint><Time>2026-03-31T19:49:21.487Z</Time><HeartRateBpm><Value>143</Value></HeartRateBpm><Extensions><TPX xmlns="http://www.garmin.com/xmlschemas/ActivityExtension/v2"><Speed>0.000000</Speed></TPX></Extensions></Trackpoint>
     <Trackpoint><Time>2026-03-31T19:49:22.487Z</Time><HeartRateBpm><Value>143</Value></HeartRateBpm><Extensions><TPX xmlns="http://www.garmin.com/xmlschemas/ActivityExtension/v2"><Speed>0.000000</Speed></TPX></Extensions></Trackpoint>
     <Trackpoint><Time>2026-03-31T19:49:24.387Z</Time><HeartRateBpm><Value>142</Value></HeartRateBpm><Extensions><TPX xmlns="http://www.garmin.com/xmlschemas/ActivityExtension/v2"><Speed>0.000000</Speed></TPX></Extensions></Trackpoint>
     <Trackpoint><Time>2026-03-31T19:49:25.487Z</Time><HeartRateBpm><Value>142</Value></HeartRateBpm><Extensions><TPX xmlns="http://www.garmin.com/xmlschemas/ActivityExtension/v2"><Speed>0.000000</Speed></TPX></Extensions></Trackpoint>
     <Trackpoint><Time>2026-03-31T19:49:27.487Z</Time><HeartRateBpm><Value>142</Value></HeartRateBpm><Extensions><TPX xmlns="http://www.garmin.com/xmlschemas/ActivityExtension/v2"><Speed>0.000000</Speed></TPX></Extensions></Trackpoint>
     <Trackpoint><Time>2026-03-31T19:49:29.379Z</Time><HeartRateBpm><Value>146</Value></HeartRateBpm><Extensions><TPX xmlns="http://www.garmin.com/xmlschemas/ActivityExtension/v2"><Speed>0.000000</Speed></TPX></Extensions></Trackpoint>
     <Trackpoint><Time>2026-03-31T19:49:30.487Z</Time><HeartRateBpm><Value>146</Value></HeartRateBpm><Extensions><TPX xmlns="http://www.garmin.com/xmlschemas/ActivityExtension/v2"><Speed>0.000000</Speed></TPX></Extensions></Trackpoint>
     <Trackpoint><Time>2026-03-31T19:49:32.487Z</Time><HeartRateBpm><Value>146</Value></HeartRateBpm><Extensions><TPX xmlns="http://www.garmin.com/xmlschemas/ActivityExtension/v2"><Speed>0.000000</Speed></TPX></Extensions></Trackpoint>
     <Trackpoint><Time>2026-03-31T19:49:33.487Z</Time><HeartRateBpm><Value>146</Value></HeartRateBpm><Extensions><TPX xmlns="http://www.garmin.com/xmlschemas/ActivityExtension/v2"><Speed>0.000000</Speed></TPX></Extensions></Trackpoint>
     <Trackpoint><Time>2026-03-31T19:49:35.230Z</Time><HeartRateBpm><Value>147</Value></HeartRateBpm><Extensions><TPX xmlns="http://www.garmin.com/xmlschemas/ActivityExtension/v2"><Speed>0.000000</Speed></TPX></Extensions></Trackpoint>
     <Trackpoint><Time>2026-03-31T19:49:36.487Z</Time><HeartRateBpm><Value>147</Value></HeartRateBpm><Extensions><TPX xmlns="http://www.garmin.com/xmlschemas/ActivityExtension/v2"><Speed>0.000000</Speed></TPX></Extensions></Trackpoint>
     <Trackpoint><Time>2026-03-31T19:49:37.762Z</Time><HeartRateBpm><Value>147</Value></HeartRateBpm><Extensions><TPX xmlns="http://www.garmin.com/xmlschemas/ActivityExtension/v2"><Speed>0.000000</Speed></TPX></Extensions></Trackpoint>
     <Trackpoint><Time>2026-03-31T19:49:38.927Z</Time><HeartRateBpm><Value>147</Value></HeartRateBpm><Extensions><TPX xmlns="http://www.garmin.com/xmlschemas/ActivityExtension/v2"><Speed>0.000000</Speed></TPX></Extensions></Trackpoint>
     <Trackpoint><Time>2026-03-31T19:49:40.314Z</Time><HeartRateBpm><Value>147</Value></HeartRateBpm><Extensions><TPX xmlns="http://www.garmin.com/xmlschemas/ActivityExtension/v2"><Speed>0.000000</Speed></TPX></Extensions></Trackpoint>
     <Trackpoint><Time>2026-03-31T19:49:41.487Z</Time><HeartRateBpm><Value>147</Value></HeartRateBpm><Extensions><TPX xmlns="http://www.garmin.com/xmlschemas/ActivityExtension/v2"><Speed>0.000000</Speed></TPX></Extensions></Trackpoint>
     <Trackpoint><Time>2026-03-31T19:49:42.487Z</Time><HeartRateBpm><Value>147</Value></HeartRateBpm><Extensions><TPX xmlns="http://www.garmin.com/xmlschemas/ActivityExtension/v2"><Speed>0.000000</Speed></TPX></Extensions></Trackpoint>
     <Trackpoint><Time>2026-03-31T19:49:44.383Z</Time><HeartRateBpm><Value>146</Value></HeartRateBpm><Extensions><TPX xmlns="http://www.garmin.com/xmlschemas/ActivityExtension/v2"><Speed>0.000000</Speed></TPX></Extensions></Trackpoint>
     <Trackpoint><Time>2026-03-31T19:49:45.412Z</Time><HeartRateBpm><Value>146</Value></HeartRateBpm><Extensions><TPX xmlns="http://www.garmin.com/xmlschemas/ActivityExtension/v2"><Speed>0.000000</Speed></TPX></Extensions></Trackpoint>
     <Trackpoint><Time>2026-03-31T19:49:46.487Z</Time><HeartRateBpm><Value>146</Value></HeartRateBpm><Extensions><TPX xmlns="http://www.garmin.com/xmlschemas/ActivityExtension/v2"><Speed>0.000000</Speed></TPX></Extensions></Trackpoint>
     <Trackpoint><Time>2026-03-31T19:49:47.958Z</Time><HeartRateBpm><Value>146</Value></HeartRateBpm><Extensions><TPX xmlns="http://www.garmin.com/xmlschemas/ActivityExtension/v2"><Speed>0.000000</Speed></TPX></Extensions></Trackpoint>
     <Trackpoint><Time>2026-03-31T19:49:49.487Z</Time><HeartRateBpm><Value>146</Value></HeartRateBpm><Extensions><TPX xmlns="http://www.garmin.com/xmlschemas/ActivityExtension/v2"><Speed>0.000000</Speed></TPX></Extensions></Trackpoint>
     <Trackpoint><Time>2026-03-31T19:49:50.487Z</Time><HeartRateBpm><Value>146</Value></HeartRateBpm><Extensions><TPX xmlns="http://www.garmin.com/xmlschemas/ActivityExtension/v2"><Speed>0.000000</Speed></TPX></Extensions></Trackpoint>
     <Trackpoint><Time>2026-03-31T19:49:52.487Z</Time><HeartRateBpm><Value>146</Value></HeartRateBpm><Extensions><TPX xmlns="http://www.garmin.com/xmlschemas/ActivityExtension/v2"><Speed>0.000000</Speed></TPX></Extensions></Trackpoint>
     <Trackpoint><Time>2026-03-31T19:49:53.487Z</Time><HeartRateBpm><Value>146</Value></HeartRateBpm><Extensions><TPX xmlns="http://www.garmin.com/xmlschemas/ActivityExtension/v2"><Speed>0.000000</Speed></TPX></Extensions></Trackpoint>
     <Trackpoint><Time>2026-03-31T19:49:55.487Z</Time><HeartRateBpm><Value>146</Value></HeartRateBpm><Extensions><TPX xmlns="http://www.garmin.com/xmlschemas/ActivityExtension/v2"><Speed>0.000000</Speed></TPX></Extensions></Trackpoint>
     <Trackpoint><Time>2026-03-31T19:49:56.487Z</Time><HeartRateBpm><Value>146</Value></HeartRateBpm><Extensions><TPX xmlns="http://www.garmin.com/xmlschemas/ActivityExtension/v2"><Speed>0.000000</Speed></TPX></Extensions></Trackpoint>
     <Trackpoint><Time>2026-03-31T19:49:57.487Z</Time><HeartRateBpm><Value>146</Value></HeartRateBpm><Extensions><TPX xmlns="http://www.garmin.com/xmlschemas/ActivityExtension/v2"><Speed>0.000000</Speed></TPX></Extensions></Trackpoint>
     <Trackpoint><Time>2026-03-31T19:49:59.487Z</Time><HeartRateBpm><Value>146</Value></HeartRateBpm><Extensions><TPX xmlns="http://www.garmin.com/xmlschemas/ActivityExtension/v2"><Speed>0.000000</Speed></TPX></Extensions></Trackpoint>
     <Trackpoint><Time>2026-03-31T19:50:00.707Z</Time><HeartRateBpm><Value>146</Value></HeartRateBpm><Extensions><TPX xmlns="http://www.garmin.com/xmlschemas/ActivityExtension/v2"><Speed>0.000000</Speed></TPX></Extensions></Trackpoint>
     <Trackpoint><Time>2026-03-31T19:50:02.487Z</Time><HeartRateBpm><Value>146</Value></HeartRateBpm><Extensions><TPX xmlns="http://www.garmin.com/xmlschemas/ActivityExtension/v2"><Speed>0.000000</Speed></TPX></Extensions></Trackpoint>
     <Trackpoint><Time>2026-03-31T19:50:04.487Z</Time><HeartRateBpm><Value>145</Value></HeartRateBpm><Extensions><TPX xmlns="http://www.garmin.com/xmlschemas/ActivityExtension/v2"><Speed>0.000000</Speed></TPX></Extensions></Trackpoint>
     <Trackpoint><Time>2026-03-31T19:50:05.805Z</Time><HeartRateBpm><Value>145</Value></HeartRateBpm><Extensions><TPX xmlns="http://www.garmin.com/xmlschemas/ActivityExtension/v2"><Speed>0.000000</Speed></TPX></Extensions></Trackpoint>
     <Trackpoint><Time>2026-03-31T19:50:07.487Z</Time><HeartRateBpm><Value>145</Value></HeartRateBpm><Extensions><TPX xmlns="http://www.garmin.com/xmlschemas/ActivityExtension/v2"><Speed>0.000000</Speed></TPX></Extensions></Trackpoint>
     <Trackpoint><Time>2026-03-31T19:50:08.487Z</Time><HeartRateBpm><Value>144</Value></HeartRateBpm><Extensions><TPX xmlns="http://www.garmin.com/xmlschemas/ActivityExtension/v2"><Speed>0.000000</Speed></TPX></Extensions></Trackpoint>
     <Trackpoint><Time>2026-03-31T19:50:09.487Z</Time><HeartRateBpm><Value>144</Value></HeartRateBpm><Extensions><TPX xmlns="http://www.garmin.com/xmlschemas/ActivityExtension/v2"><Speed>0.000000</Speed></TPX></Extensions></Trackpoint>
     <Trackpoint><Time>2026-03-31T19:50:10.907Z</Time><HeartRateBpm><Value>144</Value></HeartRateBpm><Extensions><TPX xmlns="http://www.garmin.com/xmlschemas/ActivityExtension/v2"><Speed>0.000000</Speed></TPX></Extensions></Trackpoint>
     <Trackpoint><Time>2026-03-31T19:50:12.487Z</Time><HeartRateBpm><Value>144</Value></HeartRateBpm><Extensions><TPX xmlns="http://www.garmin.com/xmlschemas/ActivityExtension/v2"><Speed>0.000000</Speed></TPX></Extensions></Trackpoint>
     <Trackpoint><Time>2026-03-31T19:50:13.487Z</Time><HeartRateBpm><Value>144</Value></HeartRateBpm><Extensions><TPX xmlns="http://www.garmin.com/xmlschemas/ActivityExtension/v2"><Speed>0.000000</Speed></TPX></Extensions></Trackpoint>
     <Trackpoint><Time>2026-03-31T19:50:15.487Z</Time><HeartRateBpm><Value>144</Value></HeartRateBpm><Extensions><TPX xmlns="http://www.garmin.com/xmlschemas/ActivityExtension/v2"><Speed>0.000000</Speed></TPX></Extensions></Trackpoint>
     <Trackpoint><Time>2026-03-31T19:50:17.487Z</Time><HeartRateBpm><Value>144</Value></HeartRateBpm><Extensions><TPX xmlns="http://www.garmin.com/xmlschemas/ActivityExtension/v2"><Speed>0.000000</Speed></TPX></Extensions></Trackpoint>
     <Trackpoint><Time>2026-03-31T19:50:18.487Z</Time><HeartRateBpm><Value>144</Value></HeartRateBpm><Extensions><TPX xmlns="http://www.garmin.com/xmlschemas/ActivityExtension/v2"><Speed>0.000000</Speed></TPX></Extensions></Trackpoint>
     <Trackpoint><Time>2026-03-31T19:50:20.487Z</Time><HeartRateBpm><Value>143</Value></HeartRateBpm><Extensions><TPX xmlns="http://www.garmin.com/xmlschemas/ActivityExtension/v2"><Speed>0.000000</Speed></TPX></Extensions></Trackpoint>
     <Trackpoint><Time>2026-03-31T19:50:22.487Z</Time><HeartRateBpm><Value>143</Value></HeartRateBpm><Extensions><TPX xmlns="http://www.garmin.com/xmlschemas/ActivityExtension/v2"><Speed>0.000000</Speed></TPX></Extensions></Trackpoint>
     <Trackpoint><Time>2026-03-31T19:50:23.487Z</Time><HeartRateBpm><Value>143</Value></HeartRateBpm><Extensions><TPX xmlns="http://www.garmin.com/xmlschemas/ActivityExtension/v2"><Speed>0.000000</Speed></TPX></Extensions></Trackpoint>
     <Trackpoint><Time>2026-03-31T19:50:25.487Z</Time><HeartRateBpm><Value>146</Value></HeartRateBpm><Extensions><TPX xmlns="http://www.garmin.com/xmlschemas/ActivityExtension/v2"><Speed>0.000000</Speed></TPX></Extensions></Trackpoint>
     <Trackpoint><Time>2026-03-31T19:50:26.487Z</Time><HeartRateBpm><Value>146</Value></HeartRateBpm><Extensions><TPX xmlns="http://www.garmin.com/xmlschemas/ActivityExtension/v2"><Speed>0.000000</Speed></TPX></Extensions></Trackpoint>
     <Trackpoint><Time>2026-03-31T19:50:27.487Z</Time><HeartRateBpm><Value>146</Value></HeartRateBpm><Extensions><TPX xmlns="http://www.garmin.com/xmlschemas/ActivityExtension/v2"><Speed>0.000000</Speed></TPX></Extensions></Trackpoint>
     <Trackpoint><Time>2026-03-31T19:50:28.748Z</Time><HeartRateBpm><Value>146</Value></HeartRateBpm><Extensions><TPX xmlns="http://www.garmin.com/xmlschemas/ActivityExtension/v2"><Speed>0.000000</Speed></TPX></Extensions></Trackpoint>
     <Trackpoint><Time>2026-03-31T19:50:30.487Z</Time><HeartRateBpm><Value>146</Value></HeartRateBpm><Extensions><TPX xmlns="http://www.garmin.com/xmlschemas/ActivityExtension/v2"><Speed>0.000000</Speed></TPX></Extensions></Trackpoint>
     <Trackpoint><Time>2026-03-31T19:50:32.487Z</Time><HeartRateBpm><Value>146</Value></HeartRateBpm><Extensions><TPX xmlns="http://www.garmin.com/xmlschemas/ActivityExtension/v2"><Speed>0.000000</Speed></TPX></Extensions></Trackpoint>
     <Trackpoint><Time>2026-03-31T19:50:33.487Z</Time><HeartRateBpm><Value>146</Value></HeartRateBpm><Extensions><TPX xmlns="http://www.garmin.com/xmlschemas/ActivityExtension/v2"><Speed>0.000000</Speed></TPX></Extensions></Trackpoint>
     <Trackpoint><Time>2026-03-31T19:50:34.487Z</Time><HeartRateBpm><Value>146</Value></HeartRateBpm><Extensions><TPX xmlns="http://www.garmin.com/xmlschemas/ActivityExtension/v2"><Speed>0.000000</Speed></TPX></Extensions></Trackpoint>
     <Trackpoint><Time>2026-03-31T19:50:36.388Z</Time><HeartRateBpm><Value>146</Value></HeartRateBpm><Extensions><TPX xmlns="http://www.garmin.com/xmlschemas/ActivityExtension/v2"><Speed>0.000000</Speed></TPX></Extensions></Trackpoint>
     <Trackpoint><Time>2026-03-31T19:50:37.487Z</Time><HeartRateBpm><Value>146</Value></HeartRateBpm><Extensions><TPX xmlns="http://www.garmin.com/xmlschemas/ActivityExtension/v2"><Speed>0.000000</Speed></TPX></Extensions></Trackpoint>
     <Trackpoint><Time>2026-03-31T19:50:38.487Z</Time><HeartRateBpm><Value>146</Value></HeartRateBpm><Extensions><TPX xmlns="http://www.garmin.com/xmlschemas/ActivityExtension/v2"><Speed>0.000000</Speed></TPX></Extensions></Trackpoint>
     <Trackpoint><Time>2026-03-31T19:50:40.487Z</Time><HeartRateBpm><Value>144</Value></HeartRateBpm><Extensions><TPX xmlns="http://www.garmin.com/xmlschemas/ActivityExtension/v2"><Speed>0.000000</Speed></TPX></Extensions></Trackpoint>
     <Trackpoint><Time>2026-03-31T19:50:41.487Z</Time><HeartRateBpm><Value>144</Value></HeartRateBpm><Extensions><TPX xmlns="http://www.garmin.com/xmlschemas/ActivityExtension/v2"><Speed>0.000000</Speed></TPX></Extensions></Trackpoint>
     <Trackpoint><Time>2026-03-31T19:50:43.487Z</Time><HeartRateBpm><Value>144</Value></HeartRateBpm><Extensions><TPX xmlns="http://www.garmin.com/xmlschemas/ActivityExtension/v2"><Speed>0.000000</Speed></TPX></Extensions></Trackpoint>
     <Trackpoint><Time>2026-03-31T19:50:44.487Z</Time><HeartRateBpm><Value>144</Value></HeartRateBpm><Extensions><TPX xmlns="http://www.garmin.com/xmlschemas/ActivityExtension/v2"><Speed>0.000000</Speed></TPX></Extensions></Trackpoint>
     <Trackpoint><Time>2026-03-31T19:50:46.487Z</Time><HeartRateBpm><Value>144</Value></HeartRateBpm><Extensions><TPX xmlns="http://www.garmin.com/xmlschemas/ActivityExtension/v2"><Speed>0.000000</Speed></TPX></Extensions></Trackpoint>
     <Trackpoint><Time>2026-03-31T19:50:48.487Z</Time><HeartRateBpm><Value>144</Value></HeartRateBpm><Extensions><TPX xmlns="http://www.garmin.com/xmlschemas/ActivityExtension/v2"><Speed>0.000000</Speed></TPX></Extensions></Trackpoint>
     <Trackpoint><Time>2026-03-31T19:50:50.487Z</Time><HeartRateBpm><Value>144</Value></HeartRateBpm><Extensions><TPX xmlns="http://www.garmin.com/xmlschemas/ActivityExtension/v2"><Speed>0.000000</Speed></TPX></Extensions></Trackpoint>
     <Trackpoint><Time>2026-03-31T19:50:51.487Z</Time><HeartRateBpm><Value>144</Value></HeartRateBpm><Extensions><TPX xmlns="http://www.garmin.com/xmlschemas/ActivityExtension/v2"><Speed>0.000000</Speed></TPX></Extensions></Trackpoint>
     <Trackpoint><Time>2026-03-31T19:50:53.487Z</Time><HeartRateBpm><Value>144</Value></HeartRateBpm><Extensions><TPX xmlns="http://www.garmin.com/xmlschemas/ActivityExtension/v2"><Speed>0.000000</Speed></TPX></Extensions></Trackpoint>
     <Trackpoint><Time>2026-03-31T19:50:54.487Z</Time><HeartRateBpm><Value>142</Value></HeartRateBpm><Extensions><TPX xmlns="http://www.garmin.com/xmlschemas/ActivityExtension/v2"><Speed>0.000000</Speed></TPX></Extensions></Trackpoint>
     <Trackpoint><Time>2026-03-31T19:50:56.487Z</Time><HeartRateBpm><Value>142</Value></HeartRateBpm><Extensions><TPX xmlns="http://www.garmin.com/xmlschemas/ActivityExtension/v2"><Speed>0.000000</Speed></TPX></Extensions></Trackpoint>
     <Trackpoint><Time>2026-03-31T19:50:58.487Z</Time><HeartRateBpm><Value>142</Value></HeartRateBpm><Extensions><TPX xmlns="http://www.garmin.com/xmlschemas/ActivityExtension/v2"><Speed>0.000000</Speed></TPX></Extensions></Trackpoint>
     <Trackpoint><Time>2026-03-31T19:51:00.487Z</Time><HeartRateBpm><Value>143</Value></HeartRateBpm><Extensions><TPX xmlns="http://www.garmin.com/xmlschemas/ActivityExtension/v2"><Speed>0.000000</Speed></TPX></Extensions></Trackpoint>
     <Trackpoint><Time>2026-03-31T19:51:01.881Z</Time><HeartRateBpm><Value>143</Value></HeartRateBpm><Extensions><TPX xmlns="http://www.garmin.com/xmlschemas/ActivityExtension/v2"><Speed>0.000000</Speed></TPX></Extensions></Trackpoint>
     <Trackpoint><Time>2026-03-31T19:51:03.487Z</Time><HeartRateBpm><Value>143</Value></HeartRateBpm><Extensions><TPX xmlns="http://www.garmin.com/xmlschemas/ActivityExtension/v2"><Speed>0.000000</Speed></TPX></Extensions></Trackpoint>
     <Trackpoint><Time>2026-03-31T19:51:05.487Z</Time><HeartRateBpm><Value>142</Value></HeartRateBpm><Extensions><TPX xmlns="http://www.garmin.com/xmlschemas/ActivityExtension/v2"><Speed>0.000000</Speed></TPX></Extensions></Trackpoint>
     <Trackpoint><Time>2026-03-31T19:51:06.978Z</Time><HeartRateBpm><Value>142</Value></HeartRateBpm><Extensions><TPX xmlns="http://www.garmin.com/xmlschemas/ActivityExtension/v2"><Speed>0.000000</Speed></TPX></Extensions></Trackpoint>
     <Trackpoint><Time>2026-03-31T19:51:08.487Z</Time><HeartRateBpm><Value>142</Value></HeartRateBpm><Extensions><TPX xmlns="http://www.garmin.com/xmlschemas/ActivityExtension/v2"><Speed>0.000000</Speed></TPX></Extensions></Trackpoint>
     <Trackpoint><Time>2026-03-31T19:51:09.487Z</Time><HeartRateBpm><Value>143</Value></HeartRateBpm><Extensions><TPX xmlns="http://www.garmin.com/xmlschemas/ActivityExtension/v2"><Speed>0.000000</Speed></TPX></Extensions></Trackpoint>
     <Trackpoint><Time>2026-03-31T19:51:11.487Z</Time><HeartRateBpm><Value>143</Value></HeartRateBpm><Extensions><TPX xmlns="http://www.garmin.com/xmlschemas/ActivityExtension/v2"><Speed>0.000000</Speed></TPX></Extensions></Trackpoint>
     <Trackpoint><Time>2026-03-31T19:51:13.487Z</Time><HeartRateBpm><Value>143</Value></HeartRateBpm><Extensions><TPX xmlns="http://www.garmin.com/xmlschemas/ActivityExtension/v2"><Speed>0.000000</Speed></TPX></Extensions></Trackpoint>
     <Trackpoint><Time>2026-03-31T19:51:14.491Z</Time><HeartRateBpm><Value>143</Value></HeartRateBpm><Extensions><TPX xmlns="http://www.garmin.com/xmlschemas/ActivityExtension/v2"><Speed>0.000000</Speed></TPX></Extensions></Trackpoint>
     <Trackpoint><Time>2026-03-31T19:51:16.487Z</Time><HeartRateBpm><Value>143</Value></HeartRateBpm><Extensions><TPX xmlns="http://www.garmin.com/xmlschemas/ActivityExtension/v2"><Speed>0.000000</Speed></TPX></Extensions></Trackpoint>
     <Trackpoint><Time>2026-03-31T19:51:18.487Z</Time><HeartRateBpm><Value>143</Value></HeartRateBpm><Extensions><TPX xmlns="http://www.garmin.com/xmlschemas/ActivityExtension/v2"><Speed>0.000000</Speed></TPX></Extensions></Trackpoint>
     <Trackpoint><Time>2026-03-31T19:51:19.724Z</Time><HeartRateBpm><Value>143</Value></HeartRateBpm><Extensions><TPX xmlns="http://www.garmin.com/xmlschemas/ActivityExtension/v2"><Speed>0.000000</Speed></TPX></Extensions></Trackpoint>
     <Trackpoint><Time>2026-03-31T19:51:21.487Z</Time><HeartRateBpm><Value>143</Value></HeartRateBpm><Extensions><TPX xmlns="http://www.garmin.com/xmlschemas/ActivityExtension/v2"><Speed>0.000000</Speed></TPX></Extensions></Trackpoint>
     <Trackpoint><Time>2026-03-31T19:51:23.487Z</Time><HeartRateBpm><Value>143</Value></HeartRateBpm><Extensions><TPX xmlns="http://www.garmin.com/xmlschemas/ActivityExtension/v2"><Speed>0.000000</Speed></TPX></Extensions></Trackpoint>
     <Trackpoint><Time>2026-03-31T19:51:24.827Z</Time><HeartRateBpm><Value>144</Value></HeartRateBpm><Extensions><TPX xmlns="http://www.garmin.com/xmlschemas/ActivityExtension/v2"><Speed>0.000000</Speed></TPX></Extensions></Trackpoint>
     <Trackpoint><Time>2026-03-31T19:51:26.487Z</Time><HeartRateBpm><Value>144</Value></HeartRateBpm><Extensions><TPX xmlns="http://www.garmin.com/xmlschemas/ActivityExtension/v2"><Speed>0.000000</Speed></TPX></Extensions></Trackpoint>
     <Trackpoint><Time>2026-03-31T19:51:28.487Z</Time><HeartRateBpm><Value>144</Value></HeartRateBpm><Extensions><TPX xmlns="http://www.garmin.com/xmlschemas/ActivityExtension/v2"><Speed>0.000000</Speed></TPX></Extensions></Trackpoint>
     <Trackpoint><Time>2026-03-31T19:51:29.487Z</Time><HeartRateBpm><Value>145</Value></HeartRateBpm><Extensions><TPX xmlns="http://www.garmin.com/xmlschemas/ActivityExtension/v2"><Speed>0.000000</Speed></TPX></Extensions></Trackpoint>
     <Trackpoint><Time>2026-03-31T19:51:30.487Z</Time><HeartRateBpm><Value>145</Value></HeartRateBpm><Extensions><TPX xmlns="http://www.garmin.com/xmlschemas/ActivityExtension/v2"><Speed>0.000000</Speed></TPX></Extensions></Trackpoint>
     <Trackpoint><Time>2026-03-31T19:51:31.487Z</Time><HeartRateBpm><Value>145</Value></HeartRateBpm><Extensions><TPX xmlns="http://www.garmin.com/xmlschemas/ActivityExtension/v2"><Speed>0.000000</Speed></TPX></Extensions></Trackpoint>
     <Trackpoint><Time>2026-03-31T19:51:33.487Z</Time><HeartRateBpm><Value>145</Value></HeartRateBpm><Extensions><TPX xmlns="http://www.garmin.com/xmlschemas/ActivityExtension/v2"><Speed>0.000000</Speed></TPX></Extensions></Trackpoint>
     <Trackpoint><Time>2026-03-31T19:51:35.023Z</Time><HeartRateBpm><Value>144</Value></HeartRateBpm><Extensions><TPX xmlns="http://www.garmin.com/xmlschemas/ActivityExtension/v2"><Speed>0.000000</Speed></TPX></Extensions></Trackpoint>
     <Trackpoint><Time>2026-03-31T19:51:36.487Z</Time><HeartRateBpm><Value>144</Value></HeartRateBpm><Extensions><TPX xmlns="http://www.garmin.com/xmlschemas/ActivityExtension/v2"><Speed>0.000000</Speed></TPX></Extensions></Trackpoint>
     <Trackpoint><Time>2026-03-31T19:51:37.487Z</Time><HeartRateBpm><Value>144</Value></HeartRateBpm><Extensions><TPX xmlns="http://www.garmin.com/xmlschemas/ActivityExtension/v2"><Speed>0.000000</Speed></TPX></Extensions></Trackpoint>
     <Trackpoint><Time>2026-03-31T19:51:39.376Z</Time><HeartRateBpm><Value>142</Value></HeartRateBpm><Extensions><TPX xmlns="http://www.garmin.com/xmlschemas/ActivityExtension/v2"><Speed>0.000000</Speed></TPX></Extensions></Trackpoint>
     <Trackpoint><Time>2026-03-31T19:51:40.487Z</Time><HeartRateBpm><Value>142</Value></HeartRateBpm><Extensions><TPX xmlns="http://www.garmin.com/xmlschemas/ActivityExtension/v2"><Speed>0.000000</Speed></TPX></Extensions></Trackpoint>
     <Trackpoint><Time>2026-03-31T19:51:42.487Z</Time><HeartRateBpm><Value>142</Value></HeartRateBpm><Extensions><TPX xmlns="http://www.garmin.com/xmlschemas/ActivityExtension/v2"><Speed>0.000000</Speed></TPX></Extensions></Trackpoint>
     <Trackpoint><Time>2026-03-31T19:51:43.487Z</Time><HeartRateBpm><Value>142</Value></HeartRateBpm><Extensions><TPX xmlns="http://www.garmin.com/xmlschemas/ActivityExtension/v2"><Speed>0.000000</Speed></TPX></Extensions></Trackpoint>
     <Trackpoint><Time>2026-03-31T19:51:44.487Z</Time><HeartRateBpm><Value>142</Value></HeartRateBpm><Extensions><TPX xmlns="http://www.garmin.com/xmlschemas/ActivityExtension/v2"><Speed>0.000000</Speed></TPX></Extensions></Trackpoint>
     <Trackpoint><Time>2026-03-31T19:51:46.487Z</Time><HeartRateBpm><Value>142</Value></HeartRateBpm><Extensions><TPX xmlns="http://www.garmin.com/xmlschemas/ActivityExtension/v2"><Speed>0.000000</Speed></TPX></Extensions></Trackpoint>
     <Trackpoint><Time>2026-03-31T19:51:47.767Z</Time><HeartRateBpm><Value>142</Value></HeartRateBpm><Extensions><TPX xmlns="http://www.garmin.com/xmlschemas/ActivityExtension/v2"><Speed>0.000000</Speed></TPX></Extensions></Trackpoint>
     <Trackpoint><Time>2026-03-31T19:51:49.372Z</Time><HeartRateBpm><Value>140</Value></HeartRateBpm><Extensions><TPX xmlns="http://www.garmin.com/xmlschemas/ActivityExtension/v2"><Speed>0.000000</Speed></TPX></Extensions></Trackpoint>
     <Trackpoint><Time>2026-03-31T19:51:50.487Z</Time><HeartRateBpm><Value>140</Value></HeartRateBpm><Extensions><TPX xmlns="http://www.garmin.com/xmlschemas/ActivityExtension/v2"><Speed>0.000000</Speed></TPX></Extensions></Trackpoint>
     <Trackpoint><Time>2026-03-31T19:51:51.487Z</Time><HeartRateBpm><Value>140</Value></HeartRateBpm><Extensions><TPX xmlns="http://www.garmin.com/xmlschemas/ActivityExtension/v2"><Speed>0.000000</Speed></TPX></Extensions></Trackpoint>
     <Trackpoint><Time>2026-03-31T19:51:52.862Z</Time><HeartRateBpm><Value>140</Value></HeartRateBpm><Extensions><TPX xmlns="http://www.garmin.com/xmlschemas/ActivityExtension/v2"><Speed>0.000000</Speed></TPX></Extensions></Trackpoint>
     <Trackpoint><Time>2026-03-31T19:51:53.893Z</Time><HeartRateBpm><Value>139</Value></HeartRateBpm><Extensions><TPX xmlns="http://www.garmin.com/xmlschemas/ActivityExtension/v2"><Speed>0.000000</Speed></TPX></Extensions></Trackpoint>
     <Trackpoint><Time>2026-03-31T19:51:55.412Z</Time><HeartRateBpm><Value>139</Value></HeartRateBpm><Extensions><TPX xmlns="http://www.garmin.com/xmlschemas/ActivityExtension/v2"><Speed>0.000000</Speed></TPX></Extensions></Trackpoint>
     <Trackpoint><Time>2026-03-31T19:51:56.487Z</Time><HeartRateBpm><Value>139</Value></HeartRateBpm><Extensions><TPX xmlns="http://www.garmin.com/xmlschemas/ActivityExtension/v2"><Speed>0.000000</Speed></TPX></Extensions></Trackpoint>
     <Trackpoint><Time>2026-03-31T19:51:57.964Z</Time><HeartRateBpm><Value>139</Value></HeartRateBpm><Extensions><TPX xmlns="http://www.garmin.com/xmlschemas/ActivityExtension/v2"><Speed>0.000000</Speed></TPX></Extensions></Trackpoint>
     <Trackpoint><Time>2026-03-31T19:51:59.394Z</Time><HeartRateBpm><Value>138</Value></HeartRateBpm><Extensions><TPX xmlns="http://www.garmin.com/xmlschemas/ActivityExtension/v2"><Speed>0.000000</Speed></TPX></Extensions></Trackpoint>
     <Trackpoint><Time>2026-03-31T19:52:00.487Z</Time><HeartRateBpm><Value>138</Value></HeartRateBpm><Extensions><TPX xmlns="http://www.garmin.com/xmlschemas/ActivityExtension/v2"><Speed>0.000000</Speed></TPX></Extensions></Trackpoint>
     <Trackpoint><Time>2026-03-31T19:52:02.487Z</Time><HeartRateBpm><Value>138</Value></HeartRateBpm><Extensions><TPX xmlns="http://www.garmin.com/xmlschemas/ActivityExtension/v2"><Speed>0.000000</Speed></TPX></Extensions></Trackpoint>
     <Trackpoint><Time>2026-03-31T19:52:04.486Z</Time><HeartRateBpm><Value>138</Value></HeartRateBpm><Extensions><TPX xmlns="http://www.garmin.com/xmlschemas/ActivityExtension/v2"><Speed>0.000000</Speed></TPX></Extensions></Trackpoint>
     <Trackpoint><Time>2026-03-31T19:52:05.487Z</Time><HeartRateBpm><Value>138</Value></HeartRateBpm><Extensions><TPX xmlns="http://www.garmin.com/xmlschemas/ActivityExtension/v2"><Speed>0.000000</Speed></TPX></Extensions></Trackpoint>
     <Trackpoint><Time>2026-03-31T19:52:07.487Z</Time><HeartRateBpm><Value>138</Value></HeartRateBpm><Extensions><TPX xmlns="http://www.garmin.com/xmlschemas/ActivityExtension/v2"><Speed>0.000000</Speed></TPX></Extensions></Trackpoint>
     <Trackpoint><Time>2026-03-31T19:52:08.487Z</Time><HeartRateBpm><Value>138</Value></HeartRateBpm><Extensions><TPX xmlns="http://www.garmin.com/xmlschemas/ActivityExtension/v2"><Speed>0.000000</Speed></TPX></Extensions></Trackpoint>
     <Trackpoint><Time>2026-03-31T19:52:10.487Z</Time><HeartRateBpm><Value>139</Value></HeartRateBpm><Extensions><TPX xmlns="http://www.garmin.com/xmlschemas/ActivityExtension/v2"><Speed>0.000000</Speed></TPX></Extensions></Trackpoint>
     <Trackpoint><Time>2026-03-31T19:52:12.487Z</Time><HeartRateBpm><Value>139</Value></HeartRateBpm><Extensions><TPX xmlns="http://www.garmin.com/xmlschemas/ActivityExtension/v2"><Speed>0.000000</Speed></TPX></Extensions></Trackpoint>
     <Trackpoint><Time>2026-03-31T19:52:13.487Z</Time><HeartRateBpm><Value>139</Value></HeartRateBpm><Extensions><TPX xmlns="http://www.garmin.com/xmlschemas/ActivityExtension/v2"><Speed>0.000000</Speed></TPX></Extensions></Trackpoint>
     <Trackpoint><Time>2026-03-31T19:52:15.487Z</Time><HeartRateBpm><Value>139</Value></HeartRateBpm><Extensions><TPX xmlns="http://www.garmin.com/xmlschemas/ActivityExtension/v2"><Speed>0.000000</Speed></TPX></Extensions></Trackpoint>
     <Trackpoint><Time>2026-03-31T19:52:16.487Z</Time><HeartRateBpm><Value>139</Value></HeartRateBpm><Extensions><TPX xmlns="http://www.garmin.com/xmlschemas/ActivityExtension/v2"><Speed>0.000000</Speed></TPX></Extensions></Trackpoint>
     <Trackpoint><Time>2026-03-31T19:52:18.350Z</Time><HeartRateBpm><Value>139</Value></HeartRateBpm><Extensions><TPX xmlns="http://www.garmin.com/xmlschemas/ActivityExtension/v2"><Speed>0.000000</Speed></TPX></Extensions></Trackpoint>
     <Trackpoint><Time>2026-03-31T19:52:19.494Z</Time><HeartRateBpm><Value>140</Value></HeartRateBpm><Extensions><TPX xmlns="http://www.garmin.com/xmlschemas/ActivityExtension/v2"><Speed>0.000000</Speed></TPX></Extensions></Trackpoint>
    </Track>
   </Lap>
   <Lap StartTime="2026-03-31T19:52:20.907Z">
    <TotalTimeSeconds>600</TotalTimeSeconds>
    <AverageHeartRateBpm><Value>140</Value></AverageHeartRateBpm>
    <MaximumHeartRateBpm><Value>148</Value></MaximumHeartRateBpm>
    <Calories>105</Calories>
    <Track>
     <Trackpoint><Time>2026-03-31T19:52:20.907Z</Time><HeartRateBpm><Value>140</Value></HeartRateBpm><Extensions><TPX xmlns="http://www.garmin.com/xmlschemas/ActivityExtension/v2"><Speed>0.000000</Speed></TPX></Extensions></Trackpoint>
     <Trackpoint><Time>2026-03-31T19:52:22.487Z</Time><HeartRateBpm><Value>140</Value></HeartRateBpm><Extensions><TPX xmlns="http://www.garmin.com/xmlschemas/ActivityExtension/v2"><Speed>0.000000</Speed></TPX></Extensions></Trackpoint>
     <Trackpoint><Time>2026-03-31T19:52:23.487Z</Time><HeartRateBpm><Value>139</Value></HeartRateBpm><Extensions><TPX xmlns="http://www.garmin.com/xmlschemas/ActivityExtension/v2"><Speed>0.000000</Speed></TPX></Extensions></Trackpoint>
     <Trackpoint><Time>2026-03-31T19:52:25.487Z</Time><HeartRateBpm><Value>139</Value></HeartRateBpm><Extensions><TPX xmlns="http://www.garmin.com/xmlschemas/ActivityExtension/v2"><Speed>0.000000</Speed></TPX></Extensions></Trackpoint>
     <Trackpoint><Time>2026-03-31T19:52:26.487Z</Time><HeartRateBpm><Value>139</Value></HeartRateBpm><Extensions><TPX xmlns="http://www.garmin.com/xmlschemas/ActivityExtension/v2"><Speed>0.000000</Speed></TPX></Extensions></Trackpoint>
     <Trackpoint><Time>2026-03-31T19:52:28.487Z</Time><HeartRateBpm><Value>139</Value></HeartRateBpm><Extensions><TPX xmlns="http://www.garmin.com/xmlschemas/ActivityExtension/v2"><Speed>0.000000</Speed></TPX></Extensions></Trackpoint>
     <Trackpoint><Time>2026-03-31T19:52:29.487Z</Time><HeartRateBpm><Value>139</Value></HeartRateBpm><Extensions><TPX xmlns="http://www.garmin.com/xmlschemas/ActivityExtension/v2"><Speed>0.000000</Speed></TPX></Extensions></Trackpoint>
     <Trackpoint><Time>2026-03-31T19:52:30.487Z</Time><HeartRateBpm><Value>139</Value></HeartRateBpm><Extensions><TPX xmlns="http://www.garmin.com/xmlschemas/ActivityExtension/v2"><Speed>0.000000</Speed></TPX></Extensions></Trackpoint>
     <Trackpoint><Time>2026-03-31T19:52:32.486Z</Time><HeartRateBpm><Value>139</Value></HeartRateBpm><Extensions><TPX xmlns="http://www.garmin.com/xmlschemas/ActivityExtension/v2"><Speed>0.000000</Speed></TPX></Extensions></Trackpoint>
     <Trackpoint><Time>2026-03-31T19:52:33.487Z</Time><HeartRateBpm><Value>139</Value></HeartRateBpm><Extensions><TPX xmlns="http://www.garmin.com/xmlschemas/ActivityExtension/v2"><Speed>0.000000</Speed></TPX></Extensions></Trackpoint>
     <Trackpoint><Time>2026-03-31T19:52:34.487Z</Time><HeartRateBpm><Value>139</Value></HeartRateBpm><Extensions><TPX xmlns="http://www.garmin.com/xmlschemas/ActivityExtension/v2"><Speed>0.000000</Speed></TPX></Extensions></Trackpoint>
     <Trackpoint><Time>2026-03-31T19:52:36.199Z</Time><HeartRateBpm><Value>139</Value></HeartRateBpm><Extensions><TPX xmlns="http://www.garmin.com/xmlschemas/ActivityExtension/v2"><Speed>0.000000</Speed></TPX></Extensions></Trackpoint>
     <Trackpoint><Time>2026-03-31T19:52:37.486Z</Time><HeartRateBpm><Value>139</Value></HeartRateBpm><Extensions><TPX xmlns="http://www.garmin.com/xmlschemas/ActivityExtension/v2"><Speed>0.000000</Speed></TPX></Extensions></Trackpoint>
     <Trackpoint><Time>2026-03-31T19:52:38.487Z</Time><HeartRateBpm><Value>139</Value></HeartRateBpm><Extensions><TPX xmlns="http://www.garmin.com/xmlschemas/ActivityExtension/v2"><Speed>0.000000</Speed></TPX></Extensions></Trackpoint>
     <Trackpoint><Time>2026-03-31T19:52:39.487Z</Time><HeartRateBpm><Value>139</Value></HeartRateBpm><Extensions><TPX xmlns="http://www.garmin.com/xmlschemas/ActivityExtension/v2"><Speed>0.000000</Speed></TPX></Extensions></Trackpoint>
     <Trackpoint><Time>2026-03-31T19:52:40.487Z</Time><HeartRateBpm><Value>139</Value></HeartRateBpm><Extensions><TPX xmlns="http://www.garmin.com/xmlschemas/ActivityExtension/v2"><Speed>0.000000</Speed></TPX></Extensions></Trackpoint>
     <Trackpoint><Time>2026-03-31T19:52:42.487Z</Time><HeartRateBpm><Value>139</Value></HeartRateBpm><Extensions><TPX xmlns="http://www.garmin.com/xmlschemas/ActivityExtension/v2"><Speed>0.000000</Speed></TPX></Extensions></Trackpoint>
     <Trackpoint><Time>2026-03-31T19:52:43.847Z</Time><HeartRateBpm><Value>139</Value></HeartRateBpm><Extensions><TPX xmlns="http://www.garmin.com/xmlschemas/ActivityExtension/v2"><Speed>0.000000</Speed></TPX></Extensions></Trackpoint>
     <Trackpoint><Time>2026-03-31T19:52:45.487Z</Time><HeartRateBpm><Value>139</Value></HeartRateBpm><Extensions><TPX xmlns="http://www.garmin.com/xmlschemas/ActivityExtension/v2"><Speed>0.000000</Speed></TPX></Extensions></Trackpoint>
     <Trackpoint><Time>2026-03-31T19:52:47.487Z</Time><HeartRateBpm><Value>139</Value></HeartRateBpm><Extensions><TPX xmlns="http://www.garmin.com/xmlschemas/ActivityExtension/v2"><Speed>0.000000</Speed></TPX></Extensions></Trackpoint>
     <Trackpoint><Time>2026-03-31T19:52:48.898Z</Time><HeartRateBpm><Value>139</Value></HeartRateBpm><Extensions><TPX xmlns="http://www.garmin.com/xmlschemas/ActivityExtension/v2"><Speed>0.000000</Speed></TPX></Extensions></Trackpoint>
     <Trackpoint><Time>2026-03-31T19:52:50.486Z</Time><HeartRateBpm><Value>139</Value></HeartRateBpm><Extensions><TPX xmlns="http://www.garmin.com/xmlschemas/ActivityExtension/v2"><Speed>0.000000</Speed></TPX></Extensions></Trackpoint>
     <Trackpoint><Time>2026-03-31T19:52:51.486Z</Time><HeartRateBpm><Value>139</Value></HeartRateBpm><Extensions><TPX xmlns="http://www.garmin.com/xmlschemas/ActivityExtension/v2"><Speed>0.000000</Speed></TPX></Extensions></Trackpoint>
     <Trackpoint><Time>2026-03-31T19:52:53.487Z</Time><HeartRateBpm><Value>139</Value></HeartRateBpm><Extensions><TPX xmlns="http://www.garmin.com/xmlschemas/ActivityExtension/v2"><Speed>0.000000</Speed></TPX></Extensions></Trackpoint>
     <Trackpoint><Time>2026-03-31T19:52:55.486Z</Time><HeartRateBpm><Value>140</Value></HeartRateBpm><Extensions><TPX xmlns="http://www.garmin.com/xmlschemas/ActivityExtension/v2"><Speed>0.000000</Speed></TPX></Extensions></Trackpoint>
     <Trackpoint><Time>2026-03-31T19:52:56.591Z</Time><HeartRateBpm><Value>140</Value></HeartRateBpm><Extensions><TPX xmlns="http://www.garmin.com/xmlschemas/ActivityExtension/v2"><Speed>0.000000</Speed></TPX></Extensions></Trackpoint>
     <Trackpoint><Time>2026-03-31T19:52:58.486Z</Time><HeartRateBpm><Value>140</Value></HeartRateBpm><Extensions><TPX xmlns="http://www.garmin.com/xmlschemas/ActivityExtension/v2"><Speed>0.000000</Speed></TPX></Extensions></Trackpoint>
     <Trackpoint><Time>2026-03-31T19:53:00.486Z</Time><HeartRateBpm><Value>142</Value></HeartRateBpm><Extensions><TPX xmlns="http://www.garmin.com/xmlschemas/ActivityExtension/v2"><Speed>0.000000</Speed></TPX></Extensions></Trackpoint>
     <Trackpoint><Time>2026-03-31T19:53:01.486Z</Time><HeartRateBpm><Value>142</Value></HeartRateBpm><Extensions><TPX xmlns="http://www.garmin.com/xmlschemas/ActivityExtension/v2"><Speed>0.000000</Speed></TPX></Extensions></Trackpoint>
     <Trackpoint><Time>2026-03-31T19:53:03.486Z</Time><HeartRateBpm><Value>142</Value></HeartRateBpm><Extensions><TPX xmlns="http://www.garmin.com/xmlschemas/ActivityExtension/v2"><Speed>0.000000</Speed></TPX></Extensions></Trackpoint>
     <Trackpoint><Time>2026-03-31T19:53:05.487Z</Time><HeartRateBpm><Value>140</Value></HeartRateBpm><Extensions><TPX xmlns="http://www.garmin.com/xmlschemas/ActivityExtension/v2"><Speed>0.000000</Speed></TPX></Extensions></Trackpoint>
     <Trackpoint><Time>2026-03-31T19:53:06.782Z</Time><HeartRateBpm><Value>140</Value></HeartRateBpm><Extensions><TPX xmlns="http://www.garmin.com/xmlschemas/ActivityExtension/v2"><Speed>0.000000</Speed></TPX></Extensions></Trackpoint>
     <Trackpoint><Time>2026-03-31T19:53:08.486Z</Time><HeartRateBpm><Value>140</Value></HeartRateBpm><Extensions><TPX xmlns="http://www.garmin.com/xmlschemas/ActivityExtension/v2"><Speed>0.000000</Speed></TPX></Extensions></Trackpoint>
     <Trackpoint><Time>2026-03-31T19:53:10.486Z</Time><HeartRateBpm><Value>141</Value></HeartRateBpm><Extensions><TPX xmlns="http://www.garmin.com/xmlschemas/ActivityExtension/v2"><Speed>0.000000</Speed></TPX></Extensions></Trackpoint>
     <Trackpoint><Time>2026-03-31T19:53:11.883Z</Time><HeartRateBpm><Value>141</Value></HeartRateBpm><Extensions><TPX xmlns="http://www.garmin.com/xmlschemas/ActivityExtension/v2"><Speed>0.000000</Speed></TPX></Extensions></Trackpoint>
     <Trackpoint><Time>2026-03-31T19:53:13.486Z</Time><HeartRateBpm><Value>141</Value></HeartRateBpm><Extensions><TPX xmlns="http://www.garmin.com/xmlschemas/ActivityExtension/v2"><Speed>0.000000</Speed></TPX></Extensions></Trackpoint>
     <Trackpoint><Time>2026-03-31T19:53:15.487Z</Time><HeartRateBpm><Value>140</Value></HeartRateBpm><Extensions><TPX xmlns="http://www.garmin.com/xmlschemas/ActivityExtension/v2"><Speed>0.000000</Speed></TPX></Extensions></Trackpoint>
     <Trackpoint><Time>2026-03-31T19:53:17.002Z</Time><HeartRateBpm><Value>140</Value></HeartRateBpm><Extensions><TPX xmlns="http://www.garmin.com/xmlschemas/ActivityExtension/v2"><Speed>0.000000</Speed></TPX></Extensions></Trackpoint>
     <Trackpoint><Time>2026-03-31T19:53:18.486Z</Time><HeartRateBpm><Value>140</Value></HeartRateBpm><Extensions><TPX xmlns="http://www.garmin.com/xmlschemas/ActivityExtension/v2"><Speed>0.000000</Speed></TPX></Extensions></Trackpoint>
     <Trackpoint><Time>2026-03-31T19:53:19.486Z</Time><HeartRateBpm><Value>140</Value></HeartRateBpm><Extensions><TPX xmlns="http://www.garmin.com/xmlschemas/ActivityExtension/v2"><Speed>0.000000</Speed></TPX></Extensions></Trackpoint>
     <Trackpoint><Time>2026-03-31T19:53:21.486Z</Time><HeartRateBpm><Value>140</Value></HeartRateBpm><Extensions><TPX xmlns="http://www.garmin.com/xmlschemas/ActivityExtension/v2"><Speed>0.000000</Speed></TPX></Extensions></Trackpoint>
     <Trackpoint><Time>2026-03-31T19:53:22.486Z</Time><HeartRateBpm><Value>140</Value></HeartRateBpm><Extensions><TPX xmlns="http://www.garmin.com/xmlschemas/ActivityExtension/v2"><Speed>0.000000</Speed></TPX></Extensions></Trackpoint>
     <Trackpoint><Time>2026-03-31T19:53:24.368Z</Time><HeartRateBpm><Value>139</Value></HeartRateBpm><Extensions><TPX xmlns="http://www.garmin.com/xmlschemas/ActivityExtension/v2"><Speed>0.000000</Speed></TPX></Extensions></Trackpoint>
     <Trackpoint><Time>2026-03-31T19:53:25.486Z</Time><HeartRateBpm><Value>139</Value></HeartRateBpm><Extensions><TPX xmlns="http://www.garmin.com/xmlschemas/ActivityExtension/v2"><Speed>0.000000</Speed></TPX></Extensions></Trackpoint>
     <Trackpoint><Time>2026-03-31T19:53:27.176Z</Time><HeartRateBpm><Value>139</Value></HeartRateBpm><Extensions><TPX xmlns="http://www.garmin.com/xmlschemas/ActivityExtension/v2"><Speed>0.000000</Speed></TPX></Extensions></Trackpoint>
     <Trackpoint><Time>2026-03-31T19:53:28.486Z</Time><HeartRateBpm><Value>139</Value></HeartRateBpm><Extensions><TPX xmlns="http://www.garmin.com/xmlschemas/ActivityExtension/v2"><Speed>0.000000</Speed></TPX></Extensions></Trackpoint>
     <Trackpoint><Time>2026-03-31T19:53:29.486Z</Time><HeartRateBpm><Value>139</Value></HeartRateBpm><Extensions><TPX xmlns="http://www.garmin.com/xmlschemas/ActivityExtension/v2"><Speed>0.000000</Speed></TPX></Extensions></Trackpoint>
     <Trackpoint><Time>2026-03-31T19:53:31.486Z</Time><HeartRateBpm><Value>139</Value></HeartRateBpm><Extensions><TPX xmlns="http://www.garmin.com/xmlschemas/ActivityExtension/v2"><Speed>0.000000</Speed></TPX></Extensions></Trackpoint>
     <Trackpoint><Time>2026-03-31T19:53:32.486Z</Time><HeartRateBpm><Value>139</Value></HeartRateBpm><Extensions><TPX xmlns="http://www.garmin.com/xmlschemas/ActivityExtension/v2"><Speed>0.000000</Speed></TPX></Extensions></Trackpoint>
     <Trackpoint><Time>2026-03-31T19:53:33.893Z</Time><HeartRateBpm><Value>139</Value></HeartRateBpm><Extensions><TPX xmlns="http://www.garmin.com/xmlschemas/ActivityExtension/v2"><Speed>0.000000</Speed></TPX></Extensions></Trackpoint>
     <Trackpoint><Time>2026-03-31T19:53:35.486Z</Time><HeartRateBpm><Value>139</Value></HeartRateBpm><Extensions><TPX xmlns="http://www.garmin.com/xmlschemas/ActivityExtension/v2"><Speed>0.000000</Speed></TPX></Extensions></Trackpoint>
     <Trackpoint><Time>2026-03-31T19:53:37.376Z</Time><HeartRateBpm><Value>139</Value></HeartRateBpm><Extensions><TPX xmlns="http://www.garmin.com/xmlschemas/ActivityExtension/v2"><Speed>0.000000</Speed></TPX></Extensions></Trackpoint>
     <Trackpoint><Time>2026-03-31T19:53:38.486Z</Time><HeartRateBpm><Value>139</Value></HeartRateBpm><Extensions><TPX xmlns="http://www.garmin.com/xmlschemas/ActivityExtension/v2"><Speed>0.000000</Speed></TPX></Extensions></Trackpoint>
     <Trackpoint><Time>2026-03-31T19:53:39.931Z</Time><HeartRateBpm><Value>141</Value></HeartRateBpm><Extensions><TPX xmlns="http://www.garmin.com/xmlschemas/ActivityExtension/v2"><Speed>0.000000</Speed></TPX></Extensions></Trackpoint>
     <Trackpoint><Time>2026-03-31T19:53:41.486Z</Time><HeartRateBpm><Value>141</Value></HeartRateBpm><Extensions><TPX xmlns="http://www.garmin.com/xmlschemas/ActivityExtension/v2"><Speed>0.000000</Speed></TPX></Extensions></Trackpoint>
     <Trackpoint><Time>2026-03-31T19:53:43.486Z</Time><HeartRateBpm><Value>141</Value></HeartRateBpm><Extensions><TPX xmlns="http://www.garmin.com/xmlschemas/ActivityExtension/v2"><Speed>0.000000</Speed></TPX></Extensions></Trackpoint>
     <Trackpoint><Time>2026-03-31T19:53:45.027Z</Time><HeartRateBpm><Value>141</Value></HeartRateBpm><Extensions><TPX xmlns="http://www.garmin.com/xmlschemas/ActivityExtension/v2"><Speed>0.000000</Speed></TPX></Extensions></Trackpoint>
     <Trackpoint><Time>2026-03-31T19:53:46.486Z</Time><HeartRateBpm><Value>141</Value></HeartRateBpm><Extensions><TPX xmlns="http://www.garmin.com/xmlschemas/ActivityExtension/v2"><Speed>0.000000</Speed></TPX></Extensions></Trackpoint>
     <Trackpoint><Time>2026-03-31T19:53:47.486Z</Time><HeartRateBpm><Value>141</Value></HeartRateBpm><Extensions><TPX xmlns="http://www.garmin.com/xmlschemas/ActivityExtension/v2"><Speed>0.000000</Speed></TPX></Extensions></Trackpoint>
     <Trackpoint><Time>2026-03-31T19:53:48.892Z</Time><HeartRateBpm><Value>142</Value></HeartRateBpm><Extensions><TPX xmlns="http://www.garmin.com/xmlschemas/ActivityExtension/v2"><Speed>0.000000</Speed></TPX></Extensions></Trackpoint>
     <Trackpoint><Time>2026-03-31T19:53:50.130Z</Time><HeartRateBpm><Value>142</Value></HeartRateBpm><Extensions><TPX xmlns="http://www.garmin.com/xmlschemas/ActivityExtension/v2"><Speed>0.000000</Speed></TPX></Extensions></Trackpoint>
     <Trackpoint><Time>2026-03-31T19:53:51.486Z</Time><HeartRateBpm><Value>142</Value></HeartRateBpm><Extensions><TPX xmlns="http://www.garmin.com/xmlschemas/ActivityExtension/v2"><Speed>0.000000</Speed></TPX></Extensions></Trackpoint>
     <Trackpoint><Time>2026-03-31T19:53:52.670Z</Time><HeartRateBpm><Value>142</Value></HeartRateBpm><Extensions><TPX xmlns="http://www.garmin.com/xmlschemas/ActivityExtension/v2"><Speed>0.000000</Speed></TPX></Extensions></Trackpoint>
     <Trackpoint><Time>2026-03-31T19:53:54.367Z</Time><HeartRateBpm><Value>139</Value></HeartRateBpm><Extensions><TPX xmlns="http://www.garmin.com/xmlschemas/ActivityExtension/v2"><Speed>0.000000</Speed></TPX></Extensions></Trackpoint>
     <Trackpoint><Time>2026-03-31T19:53:55.486Z</Time><HeartRateBpm><Value>139</Value></HeartRateBpm><Extensions><TPX xmlns="http://www.garmin.com/xmlschemas/ActivityExtension/v2"><Speed>0.000000</Speed></TPX></Extensions></Trackpoint>
     <Trackpoint><Time>2026-03-31T19:53:56.486Z</Time><HeartRateBpm><Value>139</Value></HeartRateBpm><Extensions><TPX xmlns="http://www.garmin.com/xmlschemas/ActivityExtension/v2"><Speed>0.000000</Speed></TPX></Extensions></Trackpoint>
     <Trackpoint><Time>2026-03-31T19:53:57.486Z</Time><HeartRateBpm><Value>139</Value></HeartRateBpm><Extensions><TPX xmlns="http://www.garmin.com/xmlschemas/ActivityExtension/v2"><Speed>0.000000</Speed></TPX></Extensions></Trackpoint>
     <Trackpoint><Time>2026-03-31T19:53:58.925Z</Time><HeartRateBpm><Value>139</Value></HeartRateBpm><Extensions><TPX xmlns="http://www.garmin.com/xmlschemas/ActivityExtension/v2"><Speed>0.000000</Speed></TPX></Extensions></Trackpoint>
     <Trackpoint><Time>2026-03-31T19:54:00.315Z</Time><HeartRateBpm><Value>139</Value></HeartRateBpm><Extensions><TPX xmlns="http://www.garmin.com/xmlschemas/ActivityExtension/v2"><Speed>0.000000</Speed></TPX></Extensions></Trackpoint>
     <Trackpoint><Time>2026-03-31T19:54:01.486Z</Time><HeartRateBpm><Value>139</Value></HeartRateBpm><Extensions><TPX xmlns="http://www.garmin.com/xmlschemas/ActivityExtension/v2"><Speed>0.000000</Speed></TPX></Extensions></Trackpoint>
     <Trackpoint><Time>2026-03-31T19:54:02.486Z</Time><HeartRateBpm><Value>139</Value></HeartRateBpm><Extensions><TPX xmlns="http://www.garmin.com/xmlschemas/ActivityExtension/v2"><Speed>0.000000</Speed></TPX></Extensions></Trackpoint>
     <Trackpoint><Time>2026-03-31T19:54:03.894Z</Time><HeartRateBpm><Value>136</Value></HeartRateBpm><Extensions><TPX xmlns="http://www.garmin.com/xmlschemas/ActivityExtension/v2"><Speed>0.000000</Speed></TPX></Extensions></Trackpoint>
     <Trackpoint><Time>2026-03-31T19:54:05.415Z</Time><HeartRateBpm><Value>136</Value></HeartRateBpm><Extensions><TPX xmlns="http://www.garmin.com/xmlschemas/ActivityExtension/v2"><Speed>0.000000</Speed></TPX></Extensions></Trackpoint>
     <Trackpoint><Time>2026-03-31T19:54:06.486Z</Time><HeartRateBpm><Value>136</Value></HeartRateBpm><Extensions><TPX xmlns="http://www.garmin.com/xmlschemas/ActivityExtension/v2"><Speed>0.000000</Speed></TPX></Extensions></Trackpoint>
     <Trackpoint><Time>2026-03-31T19:54:07.486Z</Time><HeartRateBpm><Value>136</Value></HeartRateBpm><Extensions><TPX xmlns="http://www.garmin.com/xmlschemas/ActivityExtension/v2"><Speed>0.000000</Speed></TPX></Extensions></Trackpoint>
     <Trackpoint><Time>2026-03-31T19:54:09.486Z</Time><HeartRateBpm><Value>135</Value></HeartRateBpm><Extensions><TPX xmlns="http://www.garmin.com/xmlschemas/ActivityExtension/v2"><Speed>0.000000</Speed></TPX></Extensions></Trackpoint>
     <Trackpoint><Time>2026-03-31T19:54:10.515Z</Time><HeartRateBpm><Value>135</Value></HeartRateBpm><Extensions><TPX xmlns="http://www.garmin.com/xmlschemas/ActivityExtension/v2"><Speed>0.000000</Speed></TPX></Extensions></Trackpoint>
     <Trackpoint><Time>2026-03-31T19:54:12.486Z</Time><HeartRateBpm><Value>135</Value></HeartRateBpm><Extensions><TPX xmlns="http://www.garmin.com/xmlschemas/ActivityExtension/v2"><Speed>0.000000</Speed></TPX></Extensions></Trackpoint>
     <Trackpoint><Time>2026-03-31T19:54:13.486Z</Time><HeartRateBpm><Value>138</Value></HeartRateBpm><Extensions><TPX xmlns="http://www.garmin.com/xmlschemas/ActivityExtension/v2"><Speed>0.000000</Speed></TPX></Extensions></Trackpoint>
     <Trackpoint><Time>2026-03-31T19:54:15.486Z</Time><HeartRateBpm><Value>138</Value></HeartRateBpm><Extensions><TPX xmlns="http://www.garmin.com/xmlschemas/ActivityExtension/v2"><Speed>0.000000</Speed></TPX></Extensions></Trackpoint>
     <Trackpoint><Time>2026-03-31T19:54:17.486Z</Time><HeartRateBpm><Value>138</Value></HeartRateBpm><Extensions><TPX xmlns="http://www.garmin.com/xmlschemas/ActivityExtension/v2"><Speed>0.000000</Speed></TPX></Extensions></Trackpoint>
     <Trackpoint><Time>2026-03-31T19:54:19.368Z</Time><HeartRateBpm><Value>141</Value></HeartRateBpm><Extensions><TPX xmlns="http://www.garmin.com/xmlschemas/ActivityExtension/v2"><Speed>0.000000</Speed></TPX></Extensions></Trackpoint>
     <Trackpoint><Time>2026-03-31T19:54:20.486Z</Time><HeartRateBpm><Value>141</Value></HeartRateBpm><Extensions><TPX xmlns="http://www.garmin.com/xmlschemas/ActivityExtension/v2"><Speed>0.000000</Speed></TPX></Extensions></Trackpoint>
     <Trackpoint><Time>2026-03-31T19:54:22.486Z</Time><HeartRateBpm><Value>141</Value></HeartRateBpm><Extensions><TPX xmlns="http://www.garmin.com/xmlschemas/ActivityExtension/v2"><Speed>0.000000</Speed></TPX></Extensions></Trackpoint>
     <Trackpoint><Time>2026-03-31T19:54:24.366Z</Time><HeartRateBpm><Value>143</Value></HeartRateBpm><Extensions><TPX xmlns="http://www.garmin.com/xmlschemas/ActivityExtension/v2"><Speed>0.000000</Speed></TPX></Extensions></Trackpoint>
     <Trackpoint><Time>2026-03-31T19:54:25.486Z</Time><HeartRateBpm><Value>143</Value></HeartRateBpm><Extensions><TPX xmlns="http://www.garmin.com/xmlschemas/ActivityExtension/v2"><Speed>0.000000</Speed></TPX></Extensions></Trackpoint>
     <Trackpoint><Time>2026-03-31T19:54:27.486Z</Time><HeartRateBpm><Value>143</Value></HeartRateBpm><Extensions><TPX xmlns="http://www.garmin.com/xmlschemas/ActivityExtension/v2"><Speed>0.000000</Speed></TPX></Extensions></Trackpoint>
     <Trackpoint><Time>2026-03-31T19:54:29.486Z</Time><HeartRateBpm><Value>144</Value></HeartRateBpm><Extensions><TPX xmlns="http://www.garmin.com/xmlschemas/ActivityExtension/v2"><Speed>0.000000</Speed></TPX></Extensions></Trackpoint>
     <Trackpoint><Time>2026-03-31T19:54:30.486Z</Time><HeartRateBpm><Value>144</Value></HeartRateBpm><Extensions><TPX xmlns="http://www.garmin.com/xmlschemas/ActivityExtension/v2"><Speed>0.000000</Speed></TPX></Extensions></Trackpoint>
     <Trackpoint><Time>2026-03-31T19:54:32.486Z</Time><HeartRateBpm><Value>144</Value></HeartRateBpm><Extensions><TPX xmlns="http://www.garmin.com/xmlschemas/ActivityExtension/v2"><Speed>0.000000</Speed></TPX></Extensions></Trackpoint>
     <Trackpoint><Time>2026-03-31T19:54:33.486Z</Time><HeartRateBpm><Value>146</Value></HeartRateBpm><Extensions><TPX xmlns="http://www.garmin.com/xmlschemas/ActivityExtension/v2"><Speed>0.000000</Speed></TPX></Extensions></Trackpoint>
     <Trackpoint><Time>2026-03-31T19:54:35.486Z</Time><HeartRateBpm><Value>146</Value></HeartRateBpm><Extensions><TPX xmlns="http://www.garmin.com/xmlschemas/ActivityExtension/v2"><Speed>0.000000</Speed></TPX></Extensions></Trackpoint>
     <Trackpoint><Time>2026-03-31T19:54:37.486Z</Time><HeartRateBpm><Value>146</Value></HeartRateBpm><Extensions><TPX xmlns="http://www.garmin.com/xmlschemas/ActivityExtension/v2"><Speed>0.000000</Speed></TPX></Extensions></Trackpoint>
     <Trackpoint><Time>2026-03-31T19:54:38.486Z</Time><HeartRateBpm><Value>146</Value></HeartRateBpm><Extensions><TPX xmlns="http://www.garmin.com/xmlschemas/ActivityExtension/v2"><Speed>0.000000</Speed></TPX></Extensions></Trackpoint>
     <Trackpoint><Time>2026-03-31T19:54:40.486Z</Time><HeartRateBpm><Value>143</Value></HeartRateBpm><Extensions><TPX xmlns="http://www.garmin.com/xmlschemas/ActivityExtension/v2"><Speed>0.000000</Speed></TPX></Extensions></Trackpoint>
     <Trackpoint><Time>2026-03-31T19:54:42.486Z</Time><HeartRateBpm><Value>143</Value></HeartRateBpm><Extensions><TPX xmlns="http://www.garmin.com/xmlschemas/ActivityExtension/v2"><Speed>0.000000</Speed></TPX></Extensions></Trackpoint>
     <Trackpoint><Time>2026-03-31T19:54:43.656Z</Time><HeartRateBpm><Value>143</Value></HeartRateBpm><Extensions><TPX xmlns="http://www.garmin.com/xmlschemas/ActivityExtension/v2"><Speed>0.000000</Speed></TPX></Extensions></Trackpoint>
     <Trackpoint><Time>2026-03-31T19:54:45.486Z</Time><HeartRateBpm><Value>141</Value></HeartRateBpm><Extensions><TPX xmlns="http://www.garmin.com/xmlschemas/ActivityExtension/v2"><Speed>0.000000</Speed></TPX></Extensions></Trackpoint>
     <Trackpoint><Time>2026-03-31T19:54:47.486Z</Time><HeartRateBpm><Value>141</Value></HeartRateBpm><Extensions><TPX xmlns="http://www.garmin.com/xmlschemas/ActivityExtension/v2"><Speed>0.000000</Speed></TPX></Extensions></Trackpoint>
     <Trackpoint><Time>2026-03-31T19:54:48.753Z</Time><HeartRateBpm><Value>141</Value></HeartRateBpm><Extensions><TPX xmlns="http://www.garmin.com/xmlschemas/ActivityExtension/v2"><Speed>0.000000</Speed></TPX></Extensions></Trackpoint>
     <Trackpoint><Time>2026-03-31T19:54:50.486Z</Time><HeartRateBpm><Value>141</Value></HeartRateBpm><Extensions><TPX xmlns="http://www.garmin.com/xmlschemas/ActivityExtension/v2"><Speed>0.000000</Speed></TPX></Extensions></Trackpoint>
     <Trackpoint><Time>2026-03-31T19:54:52.486Z</Time><HeartRateBpm><Value>141</Value></HeartRateBpm><Extensions><TPX xmlns="http://www.garmin.com/xmlschemas/ActivityExtension/v2"><Speed>0.000000</Speed></TPX></Extensions></Trackpoint>
     <Trackpoint><Time>2026-03-31T19:54:53.851Z</Time><HeartRateBpm><Value>141</Value></HeartRateBpm><Extensions><TPX xmlns="http://www.garmin.com/xmlschemas/ActivityExtension/v2"><Speed>0.000000</Speed></TPX></Extensions></Trackpoint>
     <Trackpoint><Time>2026-03-31T19:54:55.486Z</Time><HeartRateBpm><Value>141</Value></HeartRateBpm><Extensions><TPX xmlns="http://www.garmin.com/xmlschemas/ActivityExtension/v2"><Speed>0.000000</Speed></TPX></Extensions></Trackpoint>
     <Trackpoint><Time>2026-03-31T19:54:57.486Z</Time><HeartRateBpm><Value>141</Value></HeartRateBpm><Extensions><TPX xmlns="http://www.garmin.com/xmlschemas/ActivityExtension/v2"><Speed>0.000000</Speed></TPX></Extensions></Trackpoint>
     <Trackpoint><Time>2026-03-31T19:54:58.897Z</Time><HeartRateBpm><Value>141</Value></HeartRateBpm><Extensions><TPX xmlns="http://www.garmin.com/xmlschemas/ActivityExtension/v2"><Speed>0.000000</Speed></TPX></Extensions></Trackpoint>
     <Trackpoint><Time>2026-03-31T19:55:00.486Z</Time><HeartRateBpm><Value>139</Value></HeartRateBpm><Extensions><TPX xmlns="http://www.garmin.com/xmlschemas/ActivityExtension/v2"><Speed>0.000000</Speed></TPX></Extensions></Trackpoint>
     <Trackpoint><Time>2026-03-31T19:55:01.493Z</Time><HeartRateBpm><Value>139</Value></HeartRateBpm><Extensions><TPX xmlns="http://www.garmin.com/xmlschemas/ActivityExtension/v2"><Speed>0.000000</Speed></TPX></Extensions></Trackpoint>
     <Trackpoint><Time>2026-03-31T19:55:03.486Z</Time><HeartRateBpm><Value>139</Value></HeartRateBpm><Extensions><TPX xmlns="http://www.garmin.com/xmlschemas/ActivityExtension/v2"><Speed>0.000000</Speed></TPX></Extensions></Trackpoint>
     <Trackpoint><Time>2026-03-31T19:55:05.486Z</Time><HeartRateBpm><Value>138</Value></HeartRateBpm><Extensions><TPX xmlns="http://www.garmin.com/xmlschemas/ActivityExtension/v2"><Speed>0.000000</Speed></TPX></Extensions></Trackpoint>
     <Trackpoint><Time>2026-03-31T19:55:06.594Z</Time><HeartRateBpm><Value>138</Value></HeartRateBpm><Extensions><TPX xmlns="http://www.garmin.com/xmlschemas/ActivityExtension/v2"><Speed>0.000000</Speed></TPX></Extensions></Trackpoint>
     <Trackpoint><Time>2026-03-31T19:55:08.486Z</Time><HeartRateBpm><Value>138</Value></HeartRateBpm><Extensions><TPX xmlns="http://www.garmin.com/xmlschemas/ActivityExtension/v2"><Speed>0.000000</Speed></TPX></Extensions></Trackpoint>
     <Trackpoint><Time>2026-03-31T19:55:10.486Z</Time><HeartRateBpm><Value>139</Value></HeartRateBpm><Extensions><TPX xmlns="http://www.garmin.com/xmlschemas/ActivityExtension/v2"><Speed>0.000000</Speed></TPX></Extensions></Trackpoint>
     <Trackpoint><Time>2026-03-31T19:55:11.692Z</Time><HeartRateBpm><Value>139</Value></HeartRateBpm><Extensions><TPX xmlns="http://www.garmin.com/xmlschemas/ActivityExtension/v2"><Speed>0.000000</Speed></TPX></Extensions></Trackpoint>
     <Trackpoint><Time>2026-03-31T19:55:13.486Z</Time><HeartRateBpm><Value>139</Value></HeartRateBpm><Extensions><TPX xmlns="http://www.garmin.com/xmlschemas/ActivityExtension/v2"><Speed>0.000000</Speed></TPX></Extensions></Trackpoint>
     <Trackpoint><Time>2026-03-31T19:55:14.486Z</Time><HeartRateBpm><Value>138</Value></HeartRateBpm><Extensions><TPX xmlns="http://www.garmin.com/xmlschemas/ActivityExtension/v2"><Speed>0.000000</Speed></TPX></Extensions></Trackpoint>
     <Trackpoint><Time>2026-03-31T19:55:15.486Z</Time><HeartRateBpm><Value>138</Value></HeartRateBpm><Extensions><TPX xmlns="http://www.garmin.com/xmlschemas/ActivityExtension/v2"><Speed>0.000000</Speed></TPX></Extensions></Trackpoint>
     <Trackpoint><Time>2026-03-31T19:55:16.792Z</Time><HeartRateBpm><Value>138</Value></HeartRateBpm><Extensions><TPX xmlns="http://www.garmin.com/xmlschemas/ActivityExtension/v2"><Speed>0.000000</Speed></TPX></Extensions></Trackpoint>
     <Trackpoint><Time>2026-03-31T19:55:18.486Z</Time><HeartRateBpm><Value>138</Value></HeartRateBpm><Extensions><TPX xmlns="http://www.garmin.com/xmlschemas/ActivityExtension/v2"><Speed>0.000000</Speed></TPX></Extensions></Trackpoint>
     <Trackpoint><Time>2026-03-31T19:55:20.486Z</Time><HeartRateBpm><Value>138</Value></HeartRateBpm><Extensions><TPX xmlns="http://www.garmin.com/xmlschemas/ActivityExtension/v2"><Speed>0.000000</Speed></TPX></Extensions></Trackpoint>
     <Trackpoint><Time>2026-03-31T19:55:21.486Z</Time><HeartRateBpm><Value>138</Value></HeartRateBpm><Extensions><TPX xmlns="http://www.garmin.com/xmlschemas/ActivityExtension/v2"><Speed>0.000000</Speed></TPX></Extensions></Trackpoint>
     <Trackpoint><Time>2026-03-31T19:55:22.486Z</Time><HeartRateBpm><Value>138</Value></HeartRateBpm><Extensions><TPX xmlns="http://www.garmin.com/xmlschemas/ActivityExtension/v2"><Speed>0.000000</Speed></TPX></Extensions></Trackpoint>
     <Trackpoint><Time>2026-03-31T19:55:23.924Z</Time><HeartRateBpm><Value>136</Value></HeartRateBpm><Extensions><TPX xmlns="http://www.garmin.com/xmlschemas/ActivityExtension/v2"><Speed>0.000000</Speed></TPX></Extensions></Trackpoint>
     <Trackpoint><Time>2026-03-31T19:55:25.486Z</Time><HeartRateBpm><Value>136</Value></HeartRateBpm><Extensions><TPX xmlns="http://www.garmin.com/xmlschemas/ActivityExtension/v2"><Speed>0.000000</Speed></TPX></Extensions></Trackpoint>
     <Trackpoint><Time>2026-03-31T19:55:26.993Z</Time><HeartRateBpm><Value>136</Value></HeartRateBpm><Extensions><TPX xmlns="http://www.garmin.com/xmlschemas/ActivityExtension/v2"><Speed>0.000000</Speed></TPX></Extensions></Trackpoint>
     <Trackpoint><Time>2026-03-31T19:55:28.486Z</Time><HeartRateBpm><Value>136</Value></HeartRateBpm><Extensions><TPX xmlns="http://www.garmin.com/xmlschemas/ActivityExtension/v2"><Speed>0.000000</Speed></TPX></Extensions></Trackpoint>
     <Trackpoint><Time>2026-03-31T19:55:29.533Z</Time><HeartRateBpm><Value>136</Value></HeartRateBpm><Extensions><TPX xmlns="http://www.garmin.com/xmlschemas/ActivityExtension/v2"><Speed>0.000000</Speed></TPX></Extensions></Trackpoint>
     <Trackpoint><Time>2026-03-31T19:55:31.485Z</Time><HeartRateBpm><Value>136</Value></HeartRateBpm><Extensions><TPX xmlns="http://www.garmin.com/xmlschemas/ActivityExtension/v2"><Speed>0.000000</Speed></TPX></Extensions></Trackpoint>
     <Trackpoint><Time>2026-03-31T19:55:32.486Z</Time><HeartRateBpm><Value>136</Value></HeartRateBpm><Extensions><TPX xmlns="http://www.garmin.com/xmlschemas/ActivityExtension/v2"><Speed>0.000000</Speed></TPX></Extensions></Trackpoint>
     <Trackpoint><Time>2026-03-31T19:55:34.369Z</Time><HeartRateBpm><Value>139</Value></HeartRateBpm><Extensions><TPX xmlns="http://www.garmin.com/xmlschemas/ActivityExtension/v2"><Speed>0.000000</Speed></TPX></Extensions></Trackpoint>
     <Trackpoint><Time>2026-03-31T19:55:35.486Z</Time><HeartRateBpm><Value>139</Value></HeartRateBpm><Extensions><TPX xmlns="http://www.garmin.com/xmlschemas/ActivityExtension/v2"><Speed>0.000000</Speed></TPX></Extensions></Trackpoint>
     <Trackpoint><Time>2026-03-31T19:55:37.184Z</Time><HeartRateBpm><Value>139</Value></HeartRateBpm><Extensions><TPX xmlns="http://www.garmin.com/xmlschemas/ActivityExtension/v2"><Speed>0.000000</Speed></TPX></Extensions></Trackpoint>
     <Trackpoint><Time>2026-03-31T19:55:38.486Z</Time><HeartRateBpm><Value>139</Value></HeartRateBpm><Extensions><TPX xmlns="http://www.garmin.com/xmlschemas/ActivityExtension/v2"><Speed>0.000000</Speed></TPX></Extensions></Trackpoint>
     <Trackpoint><Time>2026-03-31T19:55:39.734Z</Time><HeartRateBpm><Value>140</Value></HeartRateBpm><Extensions><TPX xmlns="http://www.garmin.com/xmlschemas/ActivityExtension/v2"><Speed>0.000000</Speed></TPX></Extensions></Trackpoint>
     <Trackpoint><Time>2026-03-31T19:55:41.486Z</Time><HeartRateBpm><Value>140</Value></HeartRateBpm><Extensions><TPX xmlns="http://www.garmin.com/xmlschemas/ActivityExtension/v2"><Speed>0.000000</Speed></TPX></Extensions></Trackpoint>
     <Trackpoint><Time>2026-03-31T19:55:42.486Z</Time><HeartRateBpm><Value>140</Value></HeartRateBpm><Extensions><TPX xmlns="http://www.garmin.com/xmlschemas/ActivityExtension/v2"><Speed>0.000000</Speed></TPX></Extensions></Trackpoint>
     <Trackpoint><Time>2026-03-31T19:55:43.894Z</Time><HeartRateBpm><Value>140</Value></HeartRateBpm><Extensions><TPX xmlns="http://www.garmin.com/xmlschemas/ActivityExtension/v2"><Speed>0.000000</Speed></TPX></Extensions></Trackpoint>
     <Trackpoint><Time>2026-03-31T19:55:45.486Z</Time><HeartRateBpm><Value>140</Value></HeartRateBpm><Extensions><TPX xmlns="http://www.garmin.com/xmlschemas/ActivityExtension/v2"><Speed>0.000000</Speed></TPX></Extensions></Trackpoint>
     <Trackpoint><Time>2026-03-31T19:55:47.377Z</Time><HeartRateBpm><Value>140</Value></HeartRateBpm><Extensions><TPX xmlns="http://www.garmin.com/xmlschemas/ActivityExtension/v2"><Speed>0.000000</Speed></TPX></Extensions></Trackpoint>
     <Trackpoint><Time>2026-03-31T19:55:48.486Z</Time><HeartRateBpm><Value>140</Value></HeartRateBpm><Extensions><TPX xmlns="http://www.garmin.com/xmlschemas/ActivityExtension/v2"><Speed>0.000000</Speed></TPX></Extensions></Trackpoint>
     <Trackpoint><Time>2026-03-31T19:55:49.930Z</Time><HeartRateBpm><Value>141</Value></HeartRateBpm><Extensions><TPX xmlns="http://www.garmin.com/xmlschemas/ActivityExtension/v2"><Speed>0.000000</Speed></TPX></Extensions></Trackpoint>
     <Trackpoint><Time>2026-03-31T19:55:51.486Z</Time><HeartRateBpm><Value>141</Value></HeartRateBpm><Extensions><TPX xmlns="http://www.garmin.com/xmlschemas/ActivityExtension/v2"><Speed>0.000000</Speed></TPX></Extensions></Trackpoint>
     <Trackpoint><Time>2026-03-31T19:55:53.486Z</Time><HeartRateBpm><Value>141</Value></HeartRateBpm><Extensions><TPX xmlns="http://www.garmin.com/xmlschemas/ActivityExtension/v2"><Speed>0.000000</Speed></TPX></Extensions></Trackpoint>
     <Trackpoint><Time>2026-03-31T19:55:55.034Z</Time><HeartRateBpm><Value>142</Value></HeartRateBpm><Extensions><TPX xmlns="http://www.garmin.com/xmlschemas/ActivityExtension/v2"><Speed>0.000000</Speed></TPX></Extensions></Trackpoint>
     <Trackpoint><Time>2026-03-31T19:55:56.486Z</Time><HeartRateBpm><Value>142</Value></HeartRateBpm><Extensions><TPX xmlns="http://www.garmin.com/xmlschemas/ActivityExtension/v2"><Speed>0.000000</Speed></TPX></Extensions></Trackpoint>
     <Trackpoint><Time>2026-03-31T19:55:57.579Z</Time><HeartRateBpm><Value>142</Value></HeartRateBpm><Extensions><TPX xmlns="http://www.garmin.com/xmlschemas/ActivityExtension/v2"><Speed>0.000000</Speed></TPX></Extensions></Trackpoint>
     <Trackpoint><Time>2026-03-31T19:55:58.894Z</Time><HeartRateBpm><Value>142</Value></HeartRateBpm><Extensions><TPX xmlns="http://www.garmin.com/xmlschemas/ActivityExtension/v2"><Speed>0.000000</Speed></TPX></Extensions></Trackpoint>
     <Trackpoint><Time>2026-03-31T19:56:00.129Z</Time><HeartRateBpm><Value>142</Value></HeartRateBpm><Extensions><TPX xmlns="http://www.garmin.com/xmlschemas/ActivityExtension/v2"><Speed>0.000000</Speed></TPX></Extensions></Trackpoint>
     <Trackpoint><Time>2026-03-31T19:56:01.486Z</Time><HeartRateBpm><Value>142</Value></HeartRateBpm><Extensions><TPX xmlns="http://www.garmin.com/xmlschemas/ActivityExtension/v2"><Speed>0.000000</Speed></TPX></Extensions></Trackpoint>
     <Trackpoint><Time>2026-03-31T19:56:02.675Z</Time><HeartRateBpm><Value>142</Value></HeartRateBpm><Extensions><TPX xmlns="http://www.garmin.com/xmlschemas/ActivityExtension/v2"><Speed>0.000000</Speed></TPX></Extensions></Trackpoint>
     <Trackpoint><Time>2026-03-31T19:56:03.894Z</Time><HeartRateBpm><Value>143</Value></HeartRateBpm><Extensions><TPX xmlns="http://www.garmin.com/xmlschemas/ActivityExtension/v2"><Speed>0.000000</Speed></TPX></Extensions></Trackpoint>
     <Trackpoint><Time>2026-03-31T19:56:05.223Z</Time><HeartRateBpm><Value>143</Value></HeartRateBpm><Extensions><TPX xmlns="http://www.garmin.com/xmlschemas/ActivityExtension/v2"><Speed>0.000000</Speed></TPX></Extensions></Trackpoint>
     <Trackpoint><Time>2026-03-31T19:56:06.486Z</Time><HeartRateBpm><Value>143</Value></HeartRateBpm><Extensions><TPX xmlns="http://www.garmin.com/xmlschemas/ActivityExtension/v2"><Speed>0.000000</Speed></TPX></Extensions></Trackpoint>
     <Trackpoint><Time>2026-03-31T19:56:07.773Z</Time><HeartRateBpm><Value>143</Value></HeartRateBpm><Extensions><TPX xmlns="http://www.garmin.com/xmlschemas/ActivityExtension/v2"><Speed>0.000000</Speed></TPX></Extensions></Trackpoint>
     <Trackpoint><Time>2026-03-31T19:56:08.888Z</Time><HeartRateBpm><Value>143</Value></HeartRateBpm><Extensions><TPX xmlns="http://www.garmin.com/xmlschemas/ActivityExtension/v2"><Speed>0.000000</Speed></TPX></Extensions></Trackpoint>
     <Trackpoint><Time>2026-03-31T19:56:10.322Z</Time><HeartRateBpm><Value>143</Value></HeartRateBpm><Extensions><TPX xmlns="http://www.garmin.com/xmlschemas/ActivityExtension/v2"><Speed>0.000000</Speed></TPX></Extensions></Trackpoint>
     <Trackpoint><Time>2026-03-31T19:56:11.486Z</Time><HeartRateBpm><Value>143</Value></HeartRateBpm><Extensions><TPX xmlns="http://www.garmin.com/xmlschemas/ActivityExtension/v2"><Speed>0.000000</Speed></TPX></Extensions></Trackpoint>
     <Trackpoint><Time>2026-03-31T19:56:12.875Z</Time><HeartRateBpm><Value>143</Value></HeartRateBpm><Extensions><TPX xmlns="http://www.garmin.com/xmlschemas/ActivityExtension/v2"><Speed>0.000000</Speed></TPX></Extensions></Trackpoint>
     <Trackpoint><Time>2026-03-31T19:56:14.443Z</Time><HeartRateBpm><Value>144</Value></HeartRateBpm><Extensions><TPX xmlns="http://www.garmin.com/xmlschemas/ActivityExtension/v2"><Speed>0.000000</Speed></TPX></Extensions></Trackpoint>
     <Trackpoint><Time>2026-03-31T19:56:15.485Z</Time><HeartRateBpm><Value>144</Value></HeartRateBpm><Extensions><TPX xmlns="http://www.garmin.com/xmlschemas/ActivityExtension/v2"><Speed>0.000000</Speed></TPX></Extensions></Trackpoint>
     <Trackpoint><Time>2026-03-31T19:56:16.486Z</Time><HeartRateBpm><Value>144</Value></HeartRateBpm><Extensions><TPX xmlns="http://www.garmin.com/xmlschemas/ActivityExtension/v2"><Speed>0.000000</Speed></TPX></Extensions></Trackpoint>
     <Trackpoint><Time>2026-03-31T19:56:17.970Z</Time><HeartRateBpm><Value>144</Value></HeartRateBpm><Extensions><TPX xmlns="http://www.garmin.com/xmlschemas/ActivityExtension/v2"><Speed>0.000000</Speed></TPX></Extensions></Trackpoint>
     <Trackpoint><Time>2026-03-31T19:56:19.370Z</Time><HeartRateBpm><Value>144</Value></HeartRateBpm><Extensions><TPX xmlns="http://www.garmin.com/xmlschemas/ActivityExtension/v2"><Speed>0.000000</Speed></TPX></Extensions></Trackpoint>
     <Trackpoint><Time>2026-03-31T19:56:20.486Z</Time><HeartRateBpm><Value>144</Value></HeartRateBpm><Extensions><TPX xmlns="http://www.garmin.com/xmlschemas/ActivityExtension/v2"><Speed>0.000000</Speed></TPX></Extensions></Trackpoint>
     <Trackpoint><Time>2026-03-31T19:56:22.485Z</Time><HeartRateBpm><Value>144</Value></HeartRateBpm><Extensions><TPX xmlns="http://www.garmin.com/xmlschemas/ActivityExtension/v2"><Speed>0.000000</Speed></TPX></Extensions></Trackpoint>
     <Trackpoint><Time>2026-03-31T19:56:23.485Z</Time><HeartRateBpm><Value>144</Value></HeartRateBpm><Extensions><TPX xmlns="http://www.garmin.com/xmlschemas/ActivityExtension/v2"><Speed>0.000000</Speed></TPX></Extensions></Trackpoint>
     <Trackpoint><Time>2026-03-31T19:56:24.486Z</Time><HeartRateBpm><Value>144</Value></HeartRateBpm><Extensions><TPX xmlns="http://www.garmin.com/xmlschemas/ActivityExtension/v2"><Speed>0.000000</Speed></TPX></Extensions></Trackpoint>
     <Trackpoint><Time>2026-03-31T19:56:25.615Z</Time><HeartRateBpm><Value>144</Value></HeartRateBpm><Extensions><TPX xmlns="http://www.garmin.com/xmlschemas/ActivityExtension/v2"><Speed>0.000000</Speed></TPX></Extensions></Trackpoint>
     <Trackpoint><Time>2026-03-31T19:56:27.485Z</Time><HeartRateBpm><Value>144</Value></HeartRateBpm><Extensions><TPX xmlns="http://www.garmin.com/xmlschemas/ActivityExtension/v2"><Speed>0.000000</Speed></TPX></Extensions></Trackpoint>
     <Trackpoint><Time>2026-03-31T19:56:29.485Z</Time><HeartRateBpm><Value>143</Value></HeartRateBpm><Extensions><TPX xmlns="http://www.garmin.com/xmlschemas/ActivityExtension/v2"><Speed>0.000000</Speed></TPX></Extensions></Trackpoint>
     <Trackpoint><Time>2026-03-31T19:56:30.485Z</Time><HeartRateBpm><Value>143</Value></HeartRateBpm><Extensions><TPX xmlns="http://www.garmin.com/xmlschemas/ActivityExtension/v2"><Speed>0.000000</Speed></TPX></Extensions></Trackpoint>
     <Trackpoint><Time>2026-03-31T19:56:32.485Z</Time><HeartRateBpm><Value>143</Value></HeartRateBpm><Extensions><TPX xmlns="http://www.garmin.com/xmlschemas/ActivityExtension/v2"><Speed>0.000000</Speed></TPX></Extensions></Trackpoint>
     <Trackpoint><Time>2026-03-31T19:56:34.485Z</Time><HeartRateBpm><Value>145</Value></HeartRateBpm><Extensions><TPX xmlns="http://www.garmin.com/xmlschemas/ActivityExtension/v2"><Speed>0.000000</Speed></TPX></Extensions></Trackpoint>
     <Trackpoint><Time>2026-03-31T19:56:35.485Z</Time><HeartRateBpm><Value>145</Value></HeartRateBpm><Extensions><TPX xmlns="http://www.garmin.com/xmlschemas/ActivityExtension/v2"><Speed>0.000000</Speed></TPX></Extensions></Trackpoint>
     <Trackpoint><Time>2026-03-31T19:56:37.485Z</Time><HeartRateBpm><Value>145</Value></HeartRateBpm><Extensions><TPX xmlns="http://www.garmin.com/xmlschemas/ActivityExtension/v2"><Speed>0.000000</Speed></TPX></Extensions></Trackpoint>
     <Trackpoint><Time>2026-03-31T19:56:38.485Z</Time><HeartRateBpm><Value>146</Value></HeartRateBpm><Extensions><TPX xmlns="http://www.garmin.com/xmlschemas/ActivityExtension/v2"><Speed>0.000000</Speed></TPX></Extensions></Trackpoint>
     <Trackpoint><Time>2026-03-31T19:56:40.485Z</Time><HeartRateBpm><Value>146</Value></HeartRateBpm><Extensions><TPX xmlns="http://www.garmin.com/xmlschemas/ActivityExtension/v2"><Speed>0.000000</Speed></TPX></Extensions></Trackpoint>
     <Trackpoint><Time>2026-03-31T19:56:42.485Z</Time><HeartRateBpm><Value>146</Value></HeartRateBpm><Extensions><TPX xmlns="http://www.garmin.com/xmlschemas/ActivityExtension/v2"><Speed>0.000000</Speed></TPX></Extensions></Trackpoint>
     <Trackpoint><Time>2026-03-31T19:56:43.485Z</Time><HeartRateBpm><Value>147</Value></HeartRateBpm><Extensions><TPX xmlns="http://www.garmin.com/xmlschemas/ActivityExtension/v2"><Speed>0.000000</Speed></TPX></Extensions></Trackpoint>
     <Trackpoint><Time>2026-03-31T19:56:44.485Z</Time><HeartRateBpm><Value>147</Value></HeartRateBpm><Extensions><TPX xmlns="http://www.garmin.com/xmlschemas/ActivityExtension/v2"><Speed>0.000000</Speed></TPX></Extensions></Trackpoint>
     <Trackpoint><Time>2026-03-31T19:56:46.011Z</Time><HeartRateBpm><Value>147</Value></HeartRateBpm><Extensions><TPX xmlns="http://www.garmin.com/xmlschemas/ActivityExtension/v2"><Speed>0.000000</Speed></TPX></Extensions></Trackpoint>
     <Trackpoint><Time>2026-03-31T19:56:47.485Z</Time><HeartRateBpm><Value>147</Value></HeartRateBpm><Extensions><TPX xmlns="http://www.garmin.com/xmlschemas/ActivityExtension/v2"><Speed>0.000000</Speed></TPX></Extensions></Trackpoint>
     <Trackpoint><Time>2026-03-31T19:56:48.580Z</Time><HeartRateBpm><Value>147</Value></HeartRateBpm><Extensions><TPX xmlns="http://www.garmin.com/xmlschemas/ActivityExtension/v2"><Speed>0.000000</Speed></TPX></Extensions></Trackpoint>
     <Trackpoint><Time>2026-03-31T19:56:50.485Z</Time><HeartRateBpm><Value>147</Value></HeartRateBpm><Extensions><TPX xmlns="http://www.garmin.com/xmlschemas/ActivityExtension/v2"><Speed>0.000000</Speed></TPX></Extensions></Trackpoint>
     <Trackpoint><Time>2026-03-31T19:56:52.485Z</Time><HeartRateBpm><Value>147</Value></HeartRateBpm><Extensions><TPX xmlns="http://www.garmin.com/xmlschemas/ActivityExtension/v2"><Speed>0.000000</Speed></TPX></Extensions></Trackpoint>
     <Trackpoint><Time>2026-03-31T19:56:53.657Z</Time><HeartRateBpm><Value>147</Value></HeartRateBpm><Extensions><TPX xmlns="http://www.garmin.com/xmlschemas/ActivityExtension/v2"><Speed>0.000000</Speed></TPX></Extensions></Trackpoint>
     <Trackpoint><Time>2026-03-31T19:56:55.485Z</Time><HeartRateBpm><Value>147</Value></HeartRateBpm><Extensions><TPX xmlns="http://www.garmin.com/xmlschemas/ActivityExtension/v2"><Speed>0.000000</Speed></TPX></Extensions></Trackpoint>
     <Trackpoint><Time>2026-03-31T19:56:57.485Z</Time><HeartRateBpm><Value>147</Value></HeartRateBpm><Extensions><TPX xmlns="http://www.garmin.com/xmlschemas/ActivityExtension/v2"><Speed>0.000000</Speed></TPX></Extensions></Trackpoint>
     <Trackpoint><Time>2026-03-31T19:56:58.485Z</Time><HeartRateBpm><Value>147</Value></HeartRateBpm><Extensions><TPX xmlns="http://www.garmin.com/xmlschemas/ActivityExtension/v2"><Speed>0.000000</Speed></TPX></Extensions></Trackpoint>
     <Trackpoint><Time>2026-03-31T19:57:00.485Z</Time><HeartRateBpm><Value>143</Value></HeartRateBpm><Extensions><TPX xmlns="http://www.garmin.com/xmlschemas/ActivityExtension/v2"><Speed>0.000000</Speed></TPX></Extensions></Trackpoint>
     <Trackpoint><Time>2026-03-31T19:57:01.485Z</Time><HeartRateBpm><Value>143</Value></HeartRateBpm><Extensions><TPX xmlns="http://www.garmin.com/xmlschemas/ActivityExtension/v2"><Speed>0.000000</Speed></TPX></Extensions></Trackpoint>
     <Trackpoint><Time>2026-03-31T19:57:02.485Z</Time><HeartRateBpm><Value>143</Value></HeartRateBpm><Extensions><TPX xmlns="http://www.garmin.com/xmlschemas/ActivityExtension/v2"><Speed>0.000000</Speed></TPX></Extensions></Trackpoint>
     <Trackpoint><Time>2026-03-31T19:57:03.854Z</Time><HeartRateBpm><Value>143</Value></HeartRateBpm><Extensions><TPX xmlns="http://www.garmin.com/xmlschemas/ActivityExtension/v2"><Speed>0.000000</Speed></TPX></Extensions></Trackpoint>
     <Trackpoint><Time>2026-03-31T19:57:05.485Z</Time><HeartRateBpm><Value>143</Value></HeartRateBpm><Extensions><TPX xmlns="http://www.garmin.com/xmlschemas/ActivityExtension/v2"><Speed>0.000000</Speed></TPX></Extensions></Trackpoint>
     <Trackpoint><Time>2026-03-31T19:57:07.485Z</Time><HeartRateBpm><Value>143</Value></HeartRateBpm><Extensions><TPX xmlns="http://www.garmin.com/xmlschemas/ActivityExtension/v2"><Speed>0.000000</Speed></TPX></Extensions></Trackpoint>
     <Trackpoint><Time>2026-03-31T19:57:08.485Z</Time><HeartRateBpm><Value>143</Value></HeartRateBpm><Extensions><TPX xmlns="http://www.garmin.com/xmlschemas/ActivityExtension/v2"><Speed>0.000000</Speed></TPX></Extensions></Trackpoint>
     <Trackpoint><Time>2026-03-31T19:57:10.485Z</Time><HeartRateBpm><Value>138</Value></HeartRateBpm><Extensions><TPX xmlns="http://www.garmin.com/xmlschemas/ActivityExtension/v2"><Speed>0.000000</Speed></TPX></Extensions></Trackpoint>
     <Trackpoint><Time>2026-03-31T19:57:11.496Z</Time><HeartRateBpm><Value>138</Value></HeartRateBpm><Extensions><TPX xmlns="http://www.garmin.com/xmlschemas/ActivityExtension/v2"><Speed>0.000000</Speed></TPX></Extensions></Trackpoint>
     <Trackpoint><Time>2026-03-31T19:57:13.485Z</Time><HeartRateBpm><Value>138</Value></HeartRateBpm><Extensions><TPX xmlns="http://www.garmin.com/xmlschemas/ActivityExtension/v2"><Speed>0.000000</Speed></TPX></Extensions></Trackpoint>
     <Trackpoint><Time>2026-03-31T19:57:15.485Z</Time><HeartRateBpm><Value>137</Value></HeartRateBpm><Extensions><TPX xmlns="http://www.garmin.com/xmlschemas/ActivityExtension/v2"><Speed>0.000000</Speed></TPX></Extensions></Trackpoint>
     <Trackpoint><Time>2026-03-31T19:57:16.485Z</Time><HeartRateBpm><Value>137</Value></HeartRateBpm><Extensions><TPX xmlns="http://www.garmin.com/xmlschemas/ActivityExtension/v2"><Speed>0.000000</Speed></TPX></Extensions></Trackpoint>
     <Trackpoint><Time>2026-03-31T19:57:18.485Z</Time><HeartRateBpm><Value>137</Value></HeartRateBpm><Extensions><TPX xmlns="http://www.garmin.com/xmlschemas/ActivityExtension/v2"><Speed>0.000000</Speed></TPX></Extensions></Trackpoint>
     <Trackpoint><Time>2026-03-31T19:57:20.485Z</Time><HeartRateBpm><Value>133</Value></HeartRateBpm><Extensions><TPX xmlns="http://www.garmin.com/xmlschemas/ActivityExtension/v2"><Speed>0.000000</Speed></TPX></Extensions></Trackpoint>
     <Trackpoint><Time>2026-03-31T19:57:21.695Z</Time><HeartRateBpm><Value>133</Value></HeartRateBpm><Extensions><TPX xmlns="http://www.garmin.com/xmlschemas/ActivityExtension/v2"><Speed>0.000000</Speed></TPX></Extensions></Trackpoint>
     <Trackpoint><Time>2026-03-31T19:57:23.487Z</Time><HeartRateBpm><Value>133</Value></HeartRateBpm><Extensions><TPX xmlns="http://www.garmin.com/xmlschemas/ActivityExtension/v2"><Speed>0.000000</Speed></TPX></Extensions></Trackpoint>
     <Trackpoint><Time>2026-03-31T19:57:25.485Z</Time><HeartRateBpm><Value>134</Value></HeartRateBpm><Extensions><TPX xmlns="http://www.garmin.com/xmlschemas/ActivityExtension/v2"><Speed>0.000000</Speed></TPX></Extensions></Trackpoint>
     <Trackpoint><Time>2026-03-31T19:57:26.485Z</Time><HeartRateBpm><Value>134</Value></HeartRateBpm><Extensions><TPX xmlns="http://www.garmin.com/xmlschemas/ActivityExtension/v2"><Speed>0.000000</Speed></TPX></Extensions></Trackpoint>
     <Trackpoint><Time>2026-03-31T19:57:28.485Z</Time><HeartRateBpm><Value>134</Value></HeartRateBpm><Extensions><TPX xmlns="http://www.garmin.com/xmlschemas/ActivityExtension/v2"><Speed>0.000000</Speed></TPX></Extensions></Trackpoint>
     <Trackpoint><Time>2026-03-31T19:57:30.485Z</Time><HeartRateBpm><Value>136</Value></HeartRateBpm><Extensions><TPX xmlns="http://www.garmin.com/xmlschemas/ActivityExtension/v2"><Speed>0.000000</Speed></TPX></Extensions></Trackpoint>
     <Trackpoint><Time>2026-03-31T19:57:31.891Z</Time><HeartRateBpm><Value>136</Value></HeartRateBpm><Extensions><TPX xmlns="http://www.garmin.com/xmlschemas/ActivityExtension/v2"><Speed>0.000000</Speed></TPX></Extensions></Trackpoint>
     <Trackpoint><Time>2026-03-31T19:57:33.485Z</Time><HeartRateBpm><Value>136</Value></HeartRateBpm><Extensions><TPX xmlns="http://www.garmin.com/xmlschemas/ActivityExtension/v2"><Speed>0.000000</Speed></TPX></Extensions></Trackpoint>
     <Trackpoint><Time>2026-03-31T19:57:34.485Z</Time><HeartRateBpm><Value>138</Value></HeartRateBpm><Extensions><TPX xmlns="http://www.garmin.com/xmlschemas/ActivityExtension/v2"><Speed>0.000000</Speed></TPX></Extensions></Trackpoint>
     <Trackpoint><Time>2026-03-31T19:57:36.485Z</Time><HeartRateBpm><Value>138</Value></HeartRateBpm><Extensions><TPX xmlns="http://www.garmin.com/xmlschemas/ActivityExtension/v2"><Speed>0.000000</Speed></TPX></Extensions></Trackpoint>
     <Trackpoint><Time>2026-03-31T19:57:38.485Z</Time><HeartRateBpm><Value>138</Value></HeartRateBpm><Extensions><TPX xmlns="http://www.garmin.com/xmlschemas/ActivityExtension/v2"><Speed>0.000000</Speed></TPX></Extensions></Trackpoint>
     <Trackpoint><Time>2026-03-31T19:57:39.536Z</Time><HeartRateBpm><Value>139</Value></HeartRateBpm><Extensions><TPX xmlns="http://www.garmin.com/xmlschemas/ActivityExtension/v2"><Speed>0.000000</Speed></TPX></Extensions></Trackpoint>
     <Trackpoint><Time>2026-03-31T19:57:41.485Z</Time><HeartRateBpm><Value>139</Value></HeartRateBpm><Extensions><TPX xmlns="http://www.garmin.com/xmlschemas/ActivityExtension/v2"><Speed>0.000000</Speed></TPX></Extensions></Trackpoint>
     <Trackpoint><Time>2026-03-31T19:57:42.485Z</Time><HeartRateBpm><Value>139</Value></HeartRateBpm><Extensions><TPX xmlns="http://www.garmin.com/xmlschemas/ActivityExtension/v2"><Speed>0.000000</Speed></TPX></Extensions></Trackpoint>
     <Trackpoint><Time>2026-03-31T19:57:44.379Z</Time><HeartRateBpm><Value>138</Value></HeartRateBpm><Extensions><TPX xmlns="http://www.garmin.com/xmlschemas/ActivityExtension/v2"><Speed>0.000000</Speed></TPX></Extensions></Trackpoint>
     <Trackpoint><Time>2026-03-31T19:57:45.485Z</Time><HeartRateBpm><Value>138</Value></HeartRateBpm><Extensions><TPX xmlns="http://www.garmin.com/xmlschemas/ActivityExtension/v2"><Speed>0.000000</Speed></TPX></Extensions></Trackpoint>
     <Trackpoint><Time>2026-03-31T19:57:47.187Z</Time><HeartRateBpm><Value>138</Value></HeartRateBpm><Extensions><TPX xmlns="http://www.garmin.com/xmlschemas/ActivityExtension/v2"><Speed>0.000000</Speed></TPX></Extensions></Trackpoint>
     <Trackpoint><Time>2026-03-31T19:57:48.485Z</Time><HeartRateBpm><Value>138</Value></HeartRateBpm><Extensions><TPX xmlns="http://www.garmin.com/xmlschemas/ActivityExtension/v2"><Speed>0.000000</Speed></TPX></Extensions></Trackpoint>
     <Trackpoint><Time>2026-03-31T19:57:49.735Z</Time><HeartRateBpm><Value>138</Value></HeartRateBpm><Extensions><TPX xmlns="http://www.garmin.com/xmlschemas/ActivityExtension/v2"><Speed>0.000000</Speed></TPX></Extensions></Trackpoint>
     <Trackpoint><Time>2026-03-31T19:57:51.485Z</Time><HeartRateBpm><Value>138</Value></HeartRateBpm><Extensions><TPX xmlns="http://www.garmin.com/xmlschemas/ActivityExtension/v2"><Speed>0.000000</Speed></TPX></Extensions></Trackpoint>
     <Trackpoint><Time>2026-03-31T19:57:53.485Z</Time><HeartRateBpm><Value>138</Value></HeartRateBpm><Extensions><TPX xmlns="http://www.garmin.com/xmlschemas/ActivityExtension/v2"><Speed>0.000000</Speed></TPX></Extensions></Trackpoint>
     <Trackpoint><Time>2026-03-31T19:57:54.485Z</Time><HeartRateBpm><Value>139</Value></HeartRateBpm><Extensions><TPX xmlns="http://www.garmin.com/xmlschemas/ActivityExtension/v2"><Speed>0.000000</Speed></TPX></Extensions></Trackpoint>
     <Trackpoint><Time>2026-03-31T19:57:56.485Z</Time><HeartRateBpm><Value>139</Value></HeartRateBpm><Extensions><TPX xmlns="http://www.garmin.com/xmlschemas/ActivityExtension/v2"><Speed>0.000000</Speed></TPX></Extensions></Trackpoint>
     <Trackpoint><Time>2026-03-31T19:57:58.485Z</Time><HeartRateBpm><Value>139</Value></HeartRateBpm><Extensions><TPX xmlns="http://www.garmin.com/xmlschemas/ActivityExtension/v2"><Speed>0.000000</Speed></TPX></Extensions></Trackpoint>
     <Trackpoint><Time>2026-03-31T19:57:59.935Z</Time><HeartRateBpm><Value>137</Value></HeartRateBpm><Extensions><TPX xmlns="http://www.garmin.com/xmlschemas/ActivityExtension/v2"><Speed>0.000000</Speed></TPX></Extensions></Trackpoint>
     <Trackpoint><Time>2026-03-31T19:58:01.485Z</Time><HeartRateBpm><Value>137</Value></HeartRateBpm><Extensions><TPX xmlns="http://www.garmin.com/xmlschemas/ActivityExtension/v2"><Speed>0.000000</Speed></TPX></Extensions></Trackpoint>
     <Trackpoint><Time>2026-03-31T19:58:02.485Z</Time><HeartRateBpm><Value>137</Value></HeartRateBpm><Extensions><TPX xmlns="http://www.garmin.com/xmlschemas/ActivityExtension/v2"><Speed>0.000000</Speed></TPX></Extensions></Trackpoint>
     <Trackpoint><Time>2026-03-31T19:58:03.890Z</Time><HeartRateBpm><Value>138</Value></HeartRateBpm><Extensions><TPX xmlns="http://www.garmin.com/xmlschemas/ActivityExtension/v2"><Speed>0.000000</Speed></TPX></Extensions></Trackpoint>
     <Trackpoint><Time>2026-03-31T19:58:05.035Z</Time><HeartRateBpm><Value>138</Value></HeartRateBpm><Extensions><TPX xmlns="http://www.garmin.com/xmlschemas/ActivityExtension/v2"><Speed>0.000000</Speed></TPX></Extensions></Trackpoint>
     <Trackpoint><Time>2026-03-31T19:58:06.485Z</Time><HeartRateBpm><Value>138</Value></HeartRateBpm><Extensions><TPX xmlns="http://www.garmin.com/xmlschemas/ActivityExtension/v2"><Speed>0.000000</Speed></TPX></Extensions></Trackpoint>
     <Trackpoint><Time>2026-03-31T19:58:07.485Z</Time><HeartRateBpm><Value>138</Value></HeartRateBpm><Extensions><TPX xmlns="http://www.garmin.com/xmlschemas/ActivityExtension/v2"><Speed>0.000000</Speed></TPX></Extensions></Trackpoint>
     <Trackpoint><Time>2026-03-31T19:58:09.375Z</Time><HeartRateBpm><Value>136</Value></HeartRateBpm><Extensions><TPX xmlns="http://www.garmin.com/xmlschemas/ActivityExtension/v2"><Speed>0.000000</Speed></TPX></Extensions></Trackpoint>
     <Trackpoint><Time>2026-03-31T19:58:10.485Z</Time><HeartRateBpm><Value>136</Value></HeartRateBpm><Extensions><TPX xmlns="http://www.garmin.com/xmlschemas/ActivityExtension/v2"><Speed>0.000000</Speed></TPX></Extensions></Trackpoint>
     <Trackpoint><Time>2026-03-31T19:58:11.485Z</Time><HeartRateBpm><Value>136</Value></HeartRateBpm><Extensions><TPX xmlns="http://www.garmin.com/xmlschemas/ActivityExtension/v2"><Speed>0.000000</Speed></TPX></Extensions></Trackpoint>
     <Trackpoint><Time>2026-03-31T19:58:12.674Z</Time><HeartRateBpm><Value>136</Value></HeartRateBpm><Extensions><TPX xmlns="http://www.garmin.com/xmlschemas/ActivityExtension/v2"><Speed>0.000000</Speed></TPX></Extensions></Trackpoint>
     <Trackpoint><Time>2026-03-31T19:58:13.891Z</Time><HeartRateBpm><Value>136</Value></HeartRateBpm><Extensions><TPX xmlns="http://www.garmin.com/xmlschemas/ActivityExtension/v2"><Speed>0.000000</Speed></TPX></Extensions></Trackpoint>
     <Trackpoint><Time>2026-03-31T19:58:15.224Z</Time><HeartRateBpm><Value>136</Value></HeartRateBpm><Extensions><TPX xmlns="http://www.garmin.com/xmlschemas/ActivityExtension/v2"><Speed>0.000000</Speed></TPX></Extensions></Trackpoint>
     <Trackpoint><Time>2026-03-31T19:58:16.485Z</Time><HeartRateBpm><Value>136</Value></HeartRateBpm><Extensions><TPX xmlns="http://www.garmin.com/xmlschemas/ActivityExtension/v2"><Speed>0.000000</Speed></TPX></Extensions></Trackpoint>
     <Trackpoint><Time>2026-03-31T19:58:17.768Z</Time><HeartRateBpm><Value>136</Value></HeartRateBpm><Extensions><TPX xmlns="http://www.garmin.com/xmlschemas/ActivityExtension/v2"><Speed>0.000000</Speed></TPX></Extensions></Trackpoint>
     <Trackpoint><Time>2026-03-31T19:58:19.432Z</Time><HeartRateBpm><Value>139</Value></HeartRateBpm><Extensions><TPX xmlns="http://www.garmin.com/xmlschemas/ActivityExtension/v2"><Speed>0.000000</Speed></TPX></Extensions></Trackpoint>
     <Trackpoint><Time>2026-03-31T19:58:20.485Z</Time><HeartRateBpm><Value>139</Value></HeartRateBpm><Extensions><TPX xmlns="http://www.garmin.com/xmlschemas/ActivityExtension/v2"><Speed>0.000000</Speed></TPX></Extensions></Trackpoint>
     <Trackpoint><Time>2026-03-31T19:58:22.485Z</Time><HeartRateBpm><Value>139</Value></HeartRateBpm><Extensions><TPX xmlns="http://www.garmin.com/xmlschemas/ActivityExtension/v2"><Speed>0.000000</Speed></TPX></Extensions></Trackpoint>
     <Trackpoint><Time>2026-03-31T19:58:23.898Z</Time><HeartRateBpm><Value>139</Value></HeartRateBpm><Extensions><TPX xmlns="http://www.garmin.com/xmlschemas/ActivityExtension/v2"><Speed>0.000000</Speed></TPX></Extensions></Trackpoint>
     <Trackpoint><Time>2026-03-31T19:58:25.485Z</Time><HeartRateBpm><Value>139</Value></HeartRateBpm><Extensions><TPX xmlns="http://www.garmin.com/xmlschemas/ActivityExtension/v2"><Speed>0.000000</Speed></TPX></Extensions></Trackpoint>
     <Trackpoint><Time>2026-03-31T19:58:26.585Z</Time><HeartRateBpm><Value>139</Value></HeartRateBpm><Extensions><TPX xmlns="http://www.garmin.com/xmlschemas/ActivityExtension/v2"><Speed>0.000000</Speed></TPX></Extensions></Trackpoint>
     <Trackpoint><Time>2026-03-31T19:58:27.976Z</Time><HeartRateBpm><Value>139</Value></HeartRateBpm><Extensions><TPX xmlns="http://www.garmin.com/xmlschemas/ActivityExtension/v2"><Speed>0.000000</Speed></TPX></Extensions></Trackpoint>
     <Trackpoint><Time>2026-03-31T19:58:29.485Z</Time><HeartRateBpm><Value>137</Value></HeartRateBpm><Extensions><TPX xmlns="http://www.garmin.com/xmlschemas/ActivityExtension/v2"><Speed>0.000000</Speed></TPX></Extensions></Trackpoint>
     <Trackpoint><Time>2026-03-31T19:58:30.485Z</Time><HeartRateBpm><Value>137</Value></HeartRateBpm><Extensions><TPX xmlns="http://www.garmin.com/xmlschemas/ActivityExtension/v2"><Speed>0.000000</Speed></TPX></Extensions></Trackpoint>
     <Trackpoint><Time>2026-03-31T19:58:32.485Z</Time><HeartRateBpm><Value>137</Value></HeartRateBpm><Extensions><TPX xmlns="http://www.garmin.com/xmlschemas/ActivityExtension/v2"><Speed>0.000000</Speed></TPX></Extensions></Trackpoint>
     <Trackpoint><Time>2026-03-31T19:58:33.485Z</Time><HeartRateBpm><Value>138</Value></HeartRateBpm><Extensions><TPX xmlns="http://www.garmin.com/xmlschemas/ActivityExtension/v2"><Speed>0.000000</Speed></TPX></Extensions></Trackpoint>
     <Trackpoint><Time>2026-03-31T19:58:34.485Z</Time><HeartRateBpm><Value>138</Value></HeartRateBpm><Extensions><TPX xmlns="http://www.garmin.com/xmlschemas/ActivityExtension/v2"><Speed>0.000000</Speed></TPX></Extensions></Trackpoint>
     <Trackpoint><Time>2026-03-31T19:58:35.616Z</Time><HeartRateBpm><Value>138</Value></HeartRateBpm><Extensions><TPX xmlns="http://www.garmin.com/xmlschemas/ActivityExtension/v2"><Speed>0.000000</Speed></TPX></Extensions></Trackpoint>
     <Trackpoint><Time>2026-03-31T19:58:37.485Z</Time><HeartRateBpm><Value>138</Value></HeartRateBpm><Extensions><TPX xmlns="http://www.garmin.com/xmlschemas/ActivityExtension/v2"><Speed>0.000000</Speed></TPX></Extensions></Trackpoint>
     <Trackpoint><Time>2026-03-31T19:58:39.422Z</Time><HeartRateBpm><Value>141</Value></HeartRateBpm><Extensions><TPX xmlns="http://www.garmin.com/xmlschemas/ActivityExtension/v2"><Speed>0.000000</Speed></TPX></Extensions></Trackpoint>
     <Trackpoint><Time>2026-03-31T19:58:40.485Z</Time><HeartRateBpm><Value>141</Value></HeartRateBpm><Extensions><TPX xmlns="http://www.garmin.com/xmlschemas/ActivityExtension/v2"><Speed>0.000000</Speed></TPX></Extensions></Trackpoint>
     <Trackpoint><Time>2026-03-31T19:58:42.485Z</Time><HeartRateBpm><Value>141</Value></HeartRateBpm><Extensions><TPX xmlns="http://www.garmin.com/xmlschemas/ActivityExtension/v2"><Speed>0.000000</Speed></TPX></Extensions></Trackpoint>
     <Trackpoint><Time>2026-03-31T19:58:44.485Z</Time><HeartRateBpm><Value>141</Value></HeartRateBpm><Extensions><TPX xmlns="http://www.garmin.com/xmlschemas/ActivityExtension/v2"><Speed>0.000000</Speed></TPX></Extensions></Trackpoint>
     <Trackpoint><Time>2026-03-31T19:58:45.485Z</Time><HeartRateBpm><Value>141</Value></HeartRateBpm><Extensions><TPX xmlns="http://www.garmin.com/xmlschemas/ActivityExtension/v2"><Speed>0.000000</Speed></TPX></Extensions></Trackpoint>
     <Trackpoint><Time>2026-03-31T19:58:47.485Z</Time><HeartRateBpm><Value>141</Value></HeartRateBpm><Extensions><TPX xmlns="http://www.garmin.com/xmlschemas/ActivityExtension/v2"><Speed>0.000000</Speed></TPX></Extensions></Trackpoint>
     <Trackpoint><Time>2026-03-31T19:58:49.485Z</Time><HeartRateBpm><Value>140</Value></HeartRateBpm><Extensions><TPX xmlns="http://www.garmin.com/xmlschemas/ActivityExtension/v2"><Speed>0.000000</Speed></TPX></Extensions></Trackpoint>
     <Trackpoint><Time>2026-03-31T19:58:50.911Z</Time><HeartRateBpm><Value>140</Value></HeartRateBpm><Extensions><TPX xmlns="http://www.garmin.com/xmlschemas/ActivityExtension/v2"><Speed>0.000000</Speed></TPX></Extensions></Trackpoint>
     <Trackpoint><Time>2026-03-31T19:58:52.485Z</Time><HeartRateBpm><Value>140</Value></HeartRateBpm><Extensions><TPX xmlns="http://www.garmin.com/xmlschemas/ActivityExtension/v2"><Speed>0.000000</Speed></TPX></Extensions></Trackpoint>
     <Trackpoint><Time>2026-03-31T19:58:53.485Z</Time><HeartRateBpm><Value>137</Value></HeartRateBpm><Extensions><TPX xmlns="http://www.garmin.com/xmlschemas/ActivityExtension/v2"><Speed>0.000000</Speed></TPX></Extensions></Trackpoint>
     <Trackpoint><Time>2026-03-31T19:58:55.485Z</Time><HeartRateBpm><Value>137</Value></HeartRateBpm><Extensions><TPX xmlns="http://www.garmin.com/xmlschemas/ActivityExtension/v2"><Speed>0.000000</Speed></TPX></Extensions></Trackpoint>
     <Trackpoint><Time>2026-03-31T19:58:57.485Z</Time><HeartRateBpm><Value>137</Value></HeartRateBpm><Extensions><TPX xmlns="http://www.garmin.com/xmlschemas/ActivityExtension/v2"><Speed>0.000000</Speed></TPX></Extensions></Trackpoint>
     <Trackpoint><Time>2026-03-31T19:58:58.556Z</Time><HeartRateBpm><Value>137</Value></HeartRateBpm><Extensions><TPX xmlns="http://www.garmin.com/xmlschemas/ActivityExtension/v2"><Speed>0.000000</Speed></TPX></Extensions></Trackpoint>
     <Trackpoint><Time>2026-03-31T19:59:00.485Z</Time><HeartRateBpm><Value>136</Value></HeartRateBpm><Extensions><TPX xmlns="http://www.garmin.com/xmlschemas/ActivityExtension/v2"><Speed>0.000000</Speed></TPX></Extensions></Trackpoint>
     <Trackpoint><Time>2026-03-31T19:59:02.485Z</Time><HeartRateBpm><Value>136</Value></HeartRateBpm><Extensions><TPX xmlns="http://www.garmin.com/xmlschemas/ActivityExtension/v2"><Speed>0.000000</Speed></TPX></Extensions></Trackpoint>
     <Trackpoint><Time>2026-03-31T19:59:03.655Z</Time><HeartRateBpm><Value>136</Value></HeartRateBpm><Extensions><TPX xmlns="http://www.garmin.com/xmlschemas/ActivityExtension/v2"><Speed>0.000000</Speed></TPX></Extensions></Trackpoint>
     <Trackpoint><Time>2026-03-31T19:59:05.485Z</Time><HeartRateBpm><Value>133</Value></HeartRateBpm><Extensions><TPX xmlns="http://www.garmin.com/xmlschemas/ActivityExtension/v2"><Speed>0.000000</Speed></TPX></Extensions></Trackpoint>
     <Trackpoint><Time>2026-03-31T19:59:06.485Z</Time><HeartRateBpm><Value>133</Value></HeartRateBpm><Extensions><TPX xmlns="http://www.garmin.com/xmlschemas/ActivityExtension/v2"><Speed>0.000000</Speed></TPX></Extensions></Trackpoint>
     <Trackpoint><Time>2026-03-31T19:59:08.485Z</Time><HeartRateBpm><Value>133</Value></HeartRateBpm><Extensions><TPX xmlns="http://www.garmin.com/xmlschemas/ActivityExtension/v2"><Speed>0.000000</Speed></TPX></Extensions></Trackpoint>
     <Trackpoint><Time>2026-03-31T19:59:09.485Z</Time><HeartRateBpm><Value>135</Value></HeartRateBpm><Extensions><TPX xmlns="http://www.garmin.com/xmlschemas/ActivityExtension/v2"><Speed>0.000000</Speed></TPX></Extensions></Trackpoint>
     <Trackpoint><Time>2026-03-31T19:59:10.485Z</Time><HeartRateBpm><Value>135</Value></HeartRateBpm><Extensions><TPX xmlns="http://www.garmin.com/xmlschemas/ActivityExtension/v2"><Speed>0.000000</Speed></TPX></Extensions></Trackpoint>
     <Trackpoint><Time>2026-03-31T19:59:11.485Z</Time><HeartRateBpm><Value>135</Value></HeartRateBpm><Extensions><TPX xmlns="http://www.garmin.com/xmlschemas/ActivityExtension/v2"><Speed>0.000000</Speed></TPX></Extensions></Trackpoint>
     <Trackpoint><Time>2026-03-31T19:59:13.485Z</Time><HeartRateBpm><Value>135</Value></HeartRateBpm><Extensions><TPX xmlns="http://www.garmin.com/xmlschemas/ActivityExtension/v2"><Speed>0.000000</Speed></TPX></Extensions></Trackpoint>
     <Trackpoint><Time>2026-03-31T19:59:15.485Z</Time><HeartRateBpm><Value>135</Value></HeartRateBpm><Extensions><TPX xmlns="http://www.garmin.com/xmlschemas/ActivityExtension/v2"><Speed>0.000000</Speed></TPX></Extensions></Trackpoint>
     <Trackpoint><Time>2026-03-31T19:59:16.485Z</Time><HeartRateBpm><Value>135</Value></HeartRateBpm><Extensions><TPX xmlns="http://www.garmin.com/xmlschemas/ActivityExtension/v2"><Speed>0.000000</Speed></TPX></Extensions></Trackpoint>
     <Trackpoint><Time>2026-03-31T19:59:17.485Z</Time><HeartRateBpm><Value>135</Value></HeartRateBpm><Extensions><TPX xmlns="http://www.garmin.com/xmlschemas/ActivityExtension/v2"><Speed>0.000000</Speed></TPX></Extensions></Trackpoint>
     <Trackpoint><Time>2026-03-31T19:59:18.896Z</Time><HeartRateBpm><Value>135</Value></HeartRateBpm><Extensions><TPX xmlns="http://www.garmin.com/xmlschemas/ActivityExtension/v2"><Speed>0.000000</Speed></TPX></Extensions></Trackpoint>
     <Trackpoint><Time>2026-03-31T19:59:20.485Z</Time><HeartRateBpm><Value>137</Value></HeartRateBpm><Extensions><TPX xmlns="http://www.garmin.com/xmlschemas/ActivityExtension/v2"><Speed>0.000000</Speed></TPX></Extensions></Trackpoint>
     <Trackpoint><Time>2026-03-31T19:59:21.499Z</Time><HeartRateBpm><Value>137</Value></HeartRateBpm><Extensions><TPX xmlns="http://www.garmin.com/xmlschemas/ActivityExtension/v2"><Speed>0.000000</Speed></TPX></Extensions></Trackpoint>
     <Trackpoint><Time>2026-03-31T19:59:23.485Z</Time><HeartRateBpm><Value>137</Value></HeartRateBpm><Extensions><TPX xmlns="http://www.garmin.com/xmlschemas/ActivityExtension/v2"><Speed>0.000000</Speed></TPX></Extensions></Trackpoint>
     <Trackpoint><Time>2026-03-31T19:59:25.485Z</Time><HeartRateBpm><Value>142</Value></HeartRateBpm><Extensions><TPX xmlns="http://www.garmin.com/xmlschemas/ActivityExtension/v2"><Speed>0.000000</Speed></TPX></Extensions></Trackpoint>
     <Trackpoint><Time>2026-03-31T19:59:26.485Z</Time><HeartRateBpm><Value>142</Value></HeartRateBpm><Extensions><TPX xmlns="http://www.garmin.com/xmlschemas/ActivityExtension/v2"><Speed>0.000000</Speed></TPX></Extensions></Trackpoint>
     <Trackpoint><Time>2026-03-31T19:59:28.485Z</Time><HeartRateBpm><Value>142</Value></HeartRateBpm><Extensions><TPX xmlns="http://www.garmin.com/xmlschemas/ActivityExtension/v2"><Speed>0.000000</Speed></TPX></Extensions></Trackpoint>
     <Trackpoint><Time>2026-03-31T19:59:29.485Z</Time><HeartRateBpm><Value>144</Value></HeartRateBpm><Extensions><TPX xmlns="http://www.garmin.com/xmlschemas/ActivityExtension/v2"><Speed>0.000000</Speed></TPX></Extensions></Trackpoint>
     <Trackpoint><Time>2026-03-31T19:59:30.485Z</Time><HeartRateBpm><Value>144</Value></HeartRateBpm><Extensions><TPX xmlns="http://www.garmin.com/xmlschemas/ActivityExtension/v2"><Speed>0.000000</Speed></TPX></Extensions></Trackpoint>
     <Trackpoint><Time>2026-03-31T19:59:31.697Z</Time><HeartRateBpm><Value>144</Value></HeartRateBpm><Extensions><TPX xmlns="http://www.garmin.com/xmlschemas/ActivityExtension/v2"><Speed>0.000000</Speed></TPX></Extensions></Trackpoint>
     <Trackpoint><Time>2026-03-31T19:59:33.485Z</Time><HeartRateBpm><Value>144</Value></HeartRateBpm><Extensions><TPX xmlns="http://www.garmin.com/xmlschemas/ActivityExtension/v2"><Speed>0.000000</Speed></TPX></Extensions></Trackpoint>
     <Trackpoint><Time>2026-03-31T19:59:35.485Z</Time><HeartRateBpm><Value>148</Value></HeartRateBpm><Extensions><TPX xmlns="http://www.garmin.com/xmlschemas/ActivityExtension/v2"><Speed>0.000000</Speed></TPX></Extensions></Trackpoint>
     <Trackpoint><Time>2026-03-31T19:59:36.793Z</Time><HeartRateBpm><Value>148</Value></HeartRateBpm><Extensions><TPX xmlns="http://www.garmin.com/xmlschemas/ActivityExtension/v2"><Speed>0.000000</Speed></TPX></Extensions></Trackpoint>
     <Trackpoint><Time>2026-03-31T19:59:38.485Z</Time><HeartRateBpm><Value>148</Value></HeartRateBpm><Extensions><TPX xmlns="http://www.garmin.com/xmlschemas/ActivityExtension/v2"><Speed>0.000000</Speed></TPX></Extensions></Trackpoint>
     <Trackpoint><Time>2026-03-31T19:59:39.485Z</Time><HeartRateBpm><Value>148</Value></HeartRateBpm><Extensions><TPX xmlns="http://www.garmin.com/xmlschemas/ActivityExtension/v2"><Speed>0.000000</Speed></TPX></Extensions></Trackpoint>
     <Trackpoint><Time>2026-03-31T19:59:40.485Z</Time><HeartRateBpm><Value>148</Value></HeartRateBpm><Extensions><TPX xmlns="http://www.garmin.com/xmlschemas/ActivityExtension/v2"><Speed>0.000000</Speed></TPX></Extensions></Trackpoint>
     <Trackpoint><Time>2026-03-31T19:59:41.891Z</Time><HeartRateBpm><Value>148</Value></HeartRateBpm><Extensions><TPX xmlns="http://www.garmin.com/xmlschemas/ActivityExtension/v2"><Speed>0.000000</Speed></TPX></Extensions></Trackpoint>
     <Trackpoint><Time>2026-03-31T19:59:43.485Z</Time><HeartRateBpm><Value>148</Value></HeartRateBpm><Extensions><TPX xmlns="http://www.garmin.com/xmlschemas/ActivityExtension/v2"><Speed>0.000000</Speed></TPX></Extensions></Trackpoint>
     <Trackpoint><Time>2026-03-31T19:59:45.485Z</Time><HeartRateBpm><Value>142</Value></HeartRateBpm><Extensions><TPX xmlns="http://www.garmin.com/xmlschemas/ActivityExtension/v2"><Speed>0.000000</Speed></TPX></Extensions></Trackpoint>
     <Trackpoint><Time>2026-03-31T19:59:46.993Z</Time><HeartRateBpm><Value>142</Value></HeartRateBpm><Extensions><TPX xmlns="http://www.garmin.com/xmlschemas/ActivityExtension/v2"><Speed>0.000000</Speed></TPX></Extensions></Trackpoint>
     <Trackpoint><Time>2026-03-31T19:59:48.485Z</Time><HeartRateBpm><Value>142</Value></HeartRateBpm><Extensions><TPX xmlns="http://www.garmin.com/xmlschemas/ActivityExtension/v2"><Speed>0.000000</Speed></TPX></Extensions></Trackpoint>
     <Trackpoint><Time>2026-03-31T19:59:49.485Z</Time><HeartRateBpm><Value>139</Value></HeartRateBpm><Extensions><TPX xmlns="http://www.garmin.com/xmlschemas/ActivityExtension/v2"><Speed>0.000000</Speed></TPX></Extensions></Trackpoint>
     <Trackpoint><Time>2026-03-31T19:59:50.485Z</Time><HeartRateBpm><Value>139</Value></HeartRateBpm><Extensions><TPX xmlns="http://www.garmin.com/xmlschemas/ActivityExtension/v2"><Speed>0.000000</Speed></TPX></Extensions></Trackpoint>
     <Trackpoint><Time>2026-03-31T19:59:52.088Z</Time><HeartRateBpm><Value>139</Value></HeartRateBpm><Extensions><TPX xmlns="http://www.garmin.com/xmlschemas/ActivityExtension/v2"><Speed>0.000000</Speed></TPX></Extensions></Trackpoint>
     <Trackpoint><Time>2026-03-31T19:59:53.485Z</Time><HeartRateBpm><Value>139</Value></HeartRateBpm><Extensions><TPX xmlns="http://www.garmin.com/xmlschemas/ActivityExtension/v2"><Speed>0.000000</Speed></TPX></Extensions></Trackpoint>
     <Trackpoint><Time>2026-03-31T19:59:54.485Z</Time><HeartRateBpm><Value>136</Value></HeartRateBpm><Extensions><TPX xmlns="http://www.garmin.com/xmlschemas/ActivityExtension/v2"><Speed>0.000000</Speed></TPX></Extensions></Trackpoint>
     <Trackpoint><Time>2026-03-31T19:59:56.485Z</Time><HeartRateBpm><Value>136</Value></HeartRateBpm><Extensions><TPX xmlns="http://www.garmin.com/xmlschemas/ActivityExtension/v2"><Speed>0.000000</Speed></TPX></Extensions></Trackpoint>
     <Trackpoint><Time>2026-03-31T19:59:58.484Z</Time><HeartRateBpm><Value>136</Value></HeartRateBpm><Extensions><TPX xmlns="http://www.garmin.com/xmlschemas/ActivityExtension/v2"><Speed>0.000000</Speed></TPX></Extensions></Trackpoint>
     <Trackpoint><Time>2026-03-31T19:59:59.485Z</Time><HeartRateBpm><Value>135</Value></HeartRateBpm><Extensions><TPX xmlns="http://www.garmin.com/xmlschemas/ActivityExtension/v2"><Speed>0.000000</Speed></TPX></Extensions></Trackpoint>
     <Trackpoint><Time>2026-03-31T20:00:00.485Z</Time><HeartRateBpm><Value>135</Value></HeartRateBpm><Extensions><TPX xmlns="http://www.garmin.com/xmlschemas/ActivityExtension/v2"><Speed>0.000000</Speed></TPX></Extensions></Trackpoint>
     <Trackpoint><Time>2026-03-31T20:00:02.289Z</Time><HeartRateBpm><Value>135</Value></HeartRateBpm><Extensions><TPX xmlns="http://www.garmin.com/xmlschemas/ActivityExtension/v2"><Speed>0.000000</Speed></TPX></Extensions></Trackpoint>
     <Trackpoint><Time>2026-03-31T20:00:03.484Z</Time><HeartRateBpm><Value>135</Value></HeartRateBpm><Extensions><TPX xmlns="http://www.garmin.com/xmlschemas/ActivityExtension/v2"><Speed>0.000000</Speed></TPX></Extensions></Trackpoint>
     <Trackpoint><Time>2026-03-31T20:00:04.829Z</Time><HeartRateBpm><Value>135</Value></HeartRateBpm><Extensions><TPX xmlns="http://www.garmin.com/xmlschemas/ActivityExtension/v2"><Speed>0.000000</Speed></TPX></Extensions></Trackpoint>
     <Trackpoint><Time>2026-03-31T20:00:06.484Z</Time><HeartRateBpm><Value>135</Value></HeartRateBpm><Extensions><TPX xmlns="http://www.garmin.com/xmlschemas/ActivityExtension/v2"><Speed>0.000000</Speed></TPX></Extensions></Trackpoint>
     <Trackpoint><Time>2026-03-31T20:00:08.484Z</Time><HeartRateBpm><Value>135</Value></HeartRateBpm><Extensions><TPX xmlns="http://www.garmin.com/xmlschemas/ActivityExtension/v2"><Speed>0.000000</Speed></TPX></Extensions></Trackpoint>
     <Trackpoint><Time>2026-03-31T20:00:09.934Z</Time><HeartRateBpm><Value>141</Value></HeartRateBpm><Extensions><TPX xmlns="http://www.garmin.com/xmlschemas/ActivityExtension/v2"><Speed>0.000000</Speed></TPX></Extensions></Trackpoint>
     <Trackpoint><Time>2026-03-31T20:00:11.484Z</Time><HeartRateBpm><Value>141</Value></HeartRateBpm><Extensions><TPX xmlns="http://www.garmin.com/xmlschemas/ActivityExtension/v2"><Speed>0.000000</Speed></TPX></Extensions></Trackpoint>
     <Trackpoint><Time>2026-03-31T20:00:12.484Z</Time><HeartRateBpm><Value>141</Value></HeartRateBpm><Extensions><TPX xmlns="http://www.garmin.com/xmlschemas/ActivityExtension/v2"><Speed>0.000000</Speed></TPX></Extensions></Trackpoint>
     <Trackpoint><Time>2026-03-31T20:00:14.368Z</Time><HeartRateBpm><Value>140</Value></HeartRateBpm><Extensions><TPX xmlns="http://www.garmin.com/xmlschemas/ActivityExtension/v2"><Speed>0.000000</Speed></TPX></Extensions></Trackpoint>
     <Trackpoint><Time>2026-03-31T20:00:15.484Z</Time><HeartRateBpm><Value>140</Value></HeartRateBpm><Extensions><TPX xmlns="http://www.garmin.com/xmlschemas/ActivityExtension/v2"><Speed>0.000000</Speed></TPX></Extensions></Trackpoint>
     <Trackpoint><Time>2026-03-31T20:00:17.484Z</Time><HeartRateBpm><Value>140</Value></HeartRateBpm><Extensions><TPX xmlns="http://www.garmin.com/xmlschemas/ActivityExtension/v2"><Speed>0.000000</Speed></TPX></Extensions></Trackpoint>
     <Trackpoint><Time>2026-03-31T20:00:18.887Z</Time><HeartRateBpm><Value>140</Value></HeartRateBpm><Extensions><TPX xmlns="http://www.garmin.com/xmlschemas/ActivityExtension/v2"><Speed>0.000000</Speed></TPX></Extensions></Trackpoint>
     <Trackpoint><Time>2026-03-31T20:00:20.144Z</Time><HeartRateBpm><Value>140</Value></HeartRateBpm><Extensions><TPX xmlns="http://www.garmin.com/xmlschemas/ActivityExtension/v2"><Speed>0.000000</Speed></TPX></Extensions></Trackpoint>
     <Trackpoint><Time>2026-03-31T20:00:21.484Z</Time><HeartRateBpm><Value>140</Value></HeartRateBpm><Extensions><TPX xmlns="http://www.garmin.com/xmlschemas/ActivityExtension/v2"><Speed>0.000000</Speed></TPX></Extensions></Trackpoint>
     <Trackpoint><Time>2026-03-31T20:00:22.680Z</Time><HeartRateBpm><Value>140</Value></HeartRateBpm><Extensions><TPX xmlns="http://www.garmin.com/xmlschemas/ActivityExtension/v2"><Speed>0.000000</Speed></TPX></Extensions></Trackpoint>
     <Trackpoint><Time>2026-03-31T20:00:24.371Z</Time><HeartRateBpm><Value>139</Value></HeartRateBpm><Extensions><TPX xmlns="http://www.garmin.com/xmlschemas/ActivityExtension/v2"><Speed>0.000000</Speed></TPX></Extensions></Trackpoint>
     <Trackpoint><Time>2026-03-31T20:00:25.484Z</Time><HeartRateBpm><Value>139</Value></HeartRateBpm><Extensions><TPX xmlns="http://www.garmin.com/xmlschemas/ActivityExtension/v2"><Speed>0.000000</Speed></TPX></Extensions></Trackpoint>
     <Trackpoint><Time>2026-03-31T20:00:27.484Z</Time><HeartRateBpm><Value>139</Value></HeartRateBpm><Extensions><TPX xmlns="http://www.garmin.com/xmlschemas/ActivityExtension/v2"><Speed>0.000000</Speed></TPX></Extensions></Trackpoint>
     <Trackpoint><Time>2026-03-31T20:00:28.484Z</Time><HeartRateBpm><Value>139</Value></HeartRateBpm><Extensions><TPX xmlns="http://www.garmin.com/xmlschemas/ActivityExtension/v2"><Speed>0.000000</Speed></TPX></Extensions></Trackpoint>
     <Trackpoint><Time>2026-03-31T20:00:30.324Z</Time><HeartRateBpm><Value>139</Value></HeartRateBpm><Extensions><TPX xmlns="http://www.garmin.com/xmlschemas/ActivityExtension/v2"><Speed>0.000000</Speed></TPX></Extensions></Trackpoint>
     <Trackpoint><Time>2026-03-31T20:00:31.483Z</Time><HeartRateBpm><Value>139</Value></HeartRateBpm><Extensions><TPX xmlns="http://www.garmin.com/xmlschemas/ActivityExtension/v2"><Speed>0.000000</Speed></TPX></Extensions></Trackpoint>
     <Trackpoint><Time>2026-03-31T20:00:32.484Z</Time><HeartRateBpm><Value>139</Value></HeartRateBpm><Extensions><TPX xmlns="http://www.garmin.com/xmlschemas/ActivityExtension/v2"><Speed>0.000000</Speed></TPX></Extensions></Trackpoint>
     <Trackpoint><Time>2026-03-31T20:00:33.896Z</Time><HeartRateBpm><Value>140</Value></HeartRateBpm><Extensions><TPX xmlns="http://www.garmin.com/xmlschemas/ActivityExtension/v2"><Speed>0.000000</Speed></TPX></Extensions></Trackpoint>
     <Trackpoint><Time>2026-03-31T20:00:35.425Z</Time><HeartRateBpm><Value>140</Value></HeartRateBpm><Extensions><TPX xmlns="http://www.garmin.com/xmlschemas/ActivityExtension/v2"><Speed>0.000000</Speed></TPX></Extensions></Trackpoint>
     <Trackpoint><Time>2026-03-31T20:00:36.484Z</Time><HeartRateBpm><Value>140</Value></HeartRateBpm><Extensions><TPX xmlns="http://www.garmin.com/xmlschemas/ActivityExtension/v2"><Speed>0.000000</Speed></TPX></Extensions></Trackpoint>
     <Trackpoint><Time>2026-03-31T20:00:37.976Z</Time><HeartRateBpm><Value>140</Value></HeartRateBpm><Extensions><TPX xmlns="http://www.garmin.com/xmlschemas/ActivityExtension/v2"><Speed>0.000000</Speed></TPX></Extensions></Trackpoint>
     <Trackpoint><Time>2026-03-31T20:00:39.484Z</Time><HeartRateBpm><Value>139</Value></HeartRateBpm><Extensions><TPX xmlns="http://www.garmin.com/xmlschemas/ActivityExtension/v2"><Speed>0.000000</Speed></TPX></Extensions></Trackpoint>
     <Trackpoint><Time>2026-03-31T20:00:40.484Z</Time><HeartRateBpm><Value>139</Value></HeartRateBpm><Extensions><TPX xmlns="http://www.garmin.com/xmlschemas/ActivityExtension/v2"><Speed>0.000000</Speed></TPX></Extensions></Trackpoint>
     <Trackpoint><Time>2026-03-31T20:00:42.484Z</Time><HeartRateBpm><Value>139</Value></HeartRateBpm><Extensions><TPX xmlns="http://www.garmin.com/xmlschemas/ActivityExtension/v2"><Speed>0.000000</Speed></TPX></Extensions></Trackpoint>
     <Trackpoint><Time>2026-03-31T20:00:44.368Z</Time><HeartRateBpm><Value>136</Value></HeartRateBpm><Extensions><TPX xmlns="http://www.garmin.com/xmlschemas/ActivityExtension/v2"><Speed>0.000000</Speed></TPX></Extensions></Trackpoint>
     <Trackpoint><Time>2026-03-31T20:00:45.484Z</Time><HeartRateBpm><Value>136</Value></HeartRateBpm><Extensions><TPX xmlns="http://www.garmin.com/xmlschemas/ActivityExtension/v2"><Speed>0.000000</Speed></TPX></Extensions></Trackpoint>
     <Trackpoint><Time>2026-03-31T20:00:47.484Z</Time><HeartRateBpm><Value>136</Value></HeartRateBpm><Extensions><TPX xmlns="http://www.garmin.com/xmlschemas/ActivityExtension/v2"><Speed>0.000000</Speed></TPX></Extensions></Trackpoint>
     <Trackpoint><Time>2026-03-31T20:00:48.484Z</Time><HeartRateBpm><Value>136</Value></HeartRateBpm><Extensions><TPX xmlns="http://www.garmin.com/xmlschemas/ActivityExtension/v2"><Speed>0.000000</Speed></TPX></Extensions></Trackpoint>
     <Trackpoint><Time>2026-03-31T20:00:50.484Z</Time><HeartRateBpm><Value>138</Value></HeartRateBpm><Extensions><TPX xmlns="http://www.garmin.com/xmlschemas/ActivityExtension/v2"><Speed>0.000000</Speed></TPX></Extensions></Trackpoint>
     <Trackpoint><Time>2026-03-31T20:00:52.484Z</Time><HeartRateBpm><Value>138</Value></HeartRateBpm><Extensions><TPX xmlns="http://www.garmin.com/xmlschemas/ActivityExtension/v2"><Speed>0.000000</Speed></TPX></Extensions></Trackpoint>
     <Trackpoint><Time>2026-03-31T20:00:53.484Z</Time><HeartRateBpm><Value>139</Value></HeartRateBpm><Extensions><TPX xmlns="http://www.garmin.com/xmlschemas/ActivityExtension/v2"><Speed>0.000000</Speed></TPX></Extensions></Trackpoint>
     <Trackpoint><Time>2026-03-31T20:00:55.484Z</Time><HeartRateBpm><Value>139</Value></HeartRateBpm><Extensions><TPX xmlns="http://www.garmin.com/xmlschemas/ActivityExtension/v2"><Speed>0.000000</Speed></TPX></Extensions></Trackpoint>
     <Trackpoint><Time>2026-03-31T20:00:57.484Z</Time><HeartRateBpm><Value>139</Value></HeartRateBpm><Extensions><TPX xmlns="http://www.garmin.com/xmlschemas/ActivityExtension/v2"><Speed>0.000000</Speed></TPX></Extensions></Trackpoint>
     <Trackpoint><Time>2026-03-31T20:00:58.484Z</Time><HeartRateBpm><Value>143</Value></HeartRateBpm><Extensions><TPX xmlns="http://www.garmin.com/xmlschemas/ActivityExtension/v2"><Speed>0.000000</Speed></TPX></Extensions></Trackpoint>
     <Trackpoint><Time>2026-03-31T20:01:00.484Z</Time><HeartRateBpm><Value>143</Value></HeartRateBpm><Extensions><TPX xmlns="http://www.garmin.com/xmlschemas/ActivityExtension/v2"><Speed>0.000000</Speed></TPX></Extensions></Trackpoint>
     <Trackpoint><Time>2026-03-31T20:01:02.484Z</Time><HeartRateBpm><Value>143</Value></HeartRateBpm><Extensions><TPX xmlns="http://www.garmin.com/xmlschemas/ActivityExtension/v2"><Speed>0.000000</Speed></TPX></Extensions></Trackpoint>
     <Trackpoint><Time>2026-03-31T20:01:03.484Z</Time><HeartRateBpm><Value>144</Value></HeartRateBpm><Extensions><TPX xmlns="http://www.garmin.com/xmlschemas/ActivityExtension/v2"><Speed>0.000000</Speed></TPX></Extensions></Trackpoint>
     <Trackpoint><Time>2026-03-31T20:01:05.484Z</Time><HeartRateBpm><Value>144</Value></HeartRateBpm><Extensions><TPX xmlns="http://www.garmin.com/xmlschemas/ActivityExtension/v2"><Speed>0.000000</Speed></TPX></Extensions></Trackpoint>
     <Trackpoint><Time>2026-03-31T20:01:06.484Z</Time><HeartRateBpm><Value>144</Value></HeartRateBpm><Extensions><TPX xmlns="http://www.garmin.com/xmlschemas/ActivityExtension/v2"><Speed>0.000000</Speed></TPX></Extensions></Trackpoint>
     <Trackpoint><Time>2026-03-31T20:01:08.484Z</Time><HeartRateBpm><Value>144</Value></HeartRateBpm><Extensions><TPX xmlns="http://www.garmin.com/xmlschemas/ActivityExtension/v2"><Speed>0.000000</Speed></TPX></Extensions></Trackpoint>
     <Trackpoint><Time>2026-03-31T20:01:09.484Z</Time><HeartRateBpm><Value>146</Value></HeartRateBpm><Extensions><TPX xmlns="http://www.garmin.com/xmlschemas/ActivityExtension/v2"><Speed>0.000000</Speed></TPX></Extensions></Trackpoint>
     <Trackpoint><Time>2026-03-31T20:01:10.484Z</Time><HeartRateBpm><Value>146</Value></HeartRateBpm><Extensions><TPX xmlns="http://www.garmin.com/xmlschemas/ActivityExtension/v2"><Speed>0.000000</Speed></TPX></Extensions></Trackpoint>
     <Trackpoint><Time>2026-03-31T20:01:12.484Z</Time><HeartRateBpm><Value>146</Value></HeartRateBpm><Extensions><TPX xmlns="http://www.garmin.com/xmlschemas/ActivityExtension/v2"><Speed>0.000000</Speed></TPX></Extensions></Trackpoint>
     <Trackpoint><Time>2026-03-31T20:01:13.658Z</Time><HeartRateBpm><Value>146</Value></HeartRateBpm><Extensions><TPX xmlns="http://www.garmin.com/xmlschemas/ActivityExtension/v2"><Speed>0.000000</Speed></TPX></Extensions></Trackpoint>
     <Trackpoint><Time>2026-03-31T20:01:15.484Z</Time><HeartRateBpm><Value>145</Value></HeartRateBpm><Extensions><TPX xmlns="http://www.garmin.com/xmlschemas/ActivityExtension/v2"><Speed>0.000000</Speed></TPX></Extensions></Trackpoint>
     <Trackpoint><Time>2026-03-31T20:01:17.484Z</Time><HeartRateBpm><Value>145</Value></HeartRateBpm><Extensions><TPX xmlns="http://www.garmin.com/xmlschemas/ActivityExtension/v2"><Speed>0.000000</Speed></TPX></Extensions></Trackpoint>
     <Trackpoint><Time>2026-03-31T20:01:18.484Z</Time><HeartRateBpm><Value>145</Value></HeartRateBpm><Extensions><TPX xmlns="http://www.garmin.com/xmlschemas/ActivityExtension/v2"><Speed>0.000000</Speed></TPX></Extensions></Trackpoint>
     <Trackpoint><Time>2026-03-31T20:01:20.484Z</Time><HeartRateBpm><Value>147</Value></HeartRateBpm><Extensions><TPX xmlns="http://www.garmin.com/xmlschemas/ActivityExtension/v2"><Speed>0.000000</Speed></TPX></Extensions></Trackpoint>
     <Trackpoint><Time>2026-03-31T20:01:22.484Z</Time><HeartRateBpm><Value>147</Value></HeartRateBpm><Extensions><TPX xmlns="http://www.garmin.com/xmlschemas/ActivityExtension/v2"><Speed>0.000000</Speed></TPX></Extensions></Trackpoint>
     <Trackpoint><Time>2026-03-31T20:01:23.484Z</Time><HeartRateBpm><Value>147</Value></HeartRateBpm><Extensions><TPX xmlns="http://www.garmin.com/xmlschemas/ActivityExtension/v2"><Speed>0.000000</Speed></TPX></Extensions></Trackpoint>
     <Trackpoint><Time>2026-03-31T20:01:25.484Z</Time><HeartRateBpm><Value>144</Value></HeartRateBpm><Extensions><TPX xmlns="http://www.garmin.com/xmlschemas/ActivityExtension/v2"><Speed>0.000000</Speed></TPX></Extensions></Trackpoint>
     <Trackpoint><Time>2026-03-31T20:01:27.484Z</Time><HeartRateBpm><Value>144</Value></HeartRateBpm><Extensions><TPX xmlns="http://www.garmin.com/xmlschemas/ActivityExtension/v2"><Speed>0.000000</Speed></TPX></Extensions></Trackpoint>
     <Trackpoint><Time>2026-03-31T20:01:28.484Z</Time><HeartRateBpm><Value>144</Value></HeartRateBpm><Extensions><TPX xmlns="http://www.garmin.com/xmlschemas/ActivityExtension/v2"><Speed>0.000000</Speed></TPX></Extensions></Trackpoint>
     <Trackpoint><Time>2026-03-31T20:01:30.484Z</Time><HeartRateBpm><Value>144</Value></HeartRateBpm><Extensions><TPX xmlns="http://www.garmin.com/xmlschemas/ActivityExtension/v2"><Speed>0.000000</Speed></TPX></Extensions></Trackpoint>
     <Trackpoint><Time>2026-03-31T20:01:31.484Z</Time><HeartRateBpm><Value>144</Value></HeartRateBpm><Extensions><TPX xmlns="http://www.garmin.com/xmlschemas/ActivityExtension/v2"><Speed>0.000000</Speed></TPX></Extensions></Trackpoint>
     <Trackpoint><Time>2026-03-31T20:01:33.484Z</Time><HeartRateBpm><Value>144</Value></HeartRateBpm><Extensions><TPX xmlns="http://www.garmin.com/xmlschemas/ActivityExtension/v2"><Speed>0.000000</Speed></TPX></Extensions></Trackpoint>
     <Trackpoint><Time>2026-03-31T20:01:34.484Z</Time><HeartRateBpm><Value>142</Value></HeartRateBpm><Extensions><TPX xmlns="http://www.garmin.com/xmlschemas/ActivityExtension/v2"><Speed>0.000000</Speed></TPX></Extensions></Trackpoint>
     <Trackpoint><Time>2026-03-31T20:01:35.484Z</Time><HeartRateBpm><Value>142</Value></HeartRateBpm><Extensions><TPX xmlns="http://www.garmin.com/xmlschemas/ActivityExtension/v2"><Speed>0.000000</Speed></TPX></Extensions></Trackpoint>
     <Trackpoint><Time>2026-03-31T20:01:36.597Z</Time><HeartRateBpm><Value>142</Value></HeartRateBpm><Extensions><TPX xmlns="http://www.garmin.com/xmlschemas/ActivityExtension/v2"><Speed>0.000000</Speed></TPX></Extensions></Trackpoint>
     <Trackpoint><Time>2026-03-31T20:01:38.484Z</Time><HeartRateBpm><Value>142</Value></HeartRateBpm><Extensions><TPX xmlns="http://www.garmin.com/xmlschemas/ActivityExtension/v2"><Speed>0.000000</Speed></TPX></Extensions></Trackpoint>
     <Trackpoint><Time>2026-03-31T20:01:40.484Z</Time><HeartRateBpm><Value>143</Value></HeartRateBpm><Extensions><TPX xmlns="http://www.garmin.com/xmlschemas/ActivityExtension/v2"><Speed>0.000000</Speed></TPX></Extensions></Trackpoint>
     <Trackpoint><Time>2026-03-31T20:01:41.702Z</Time><HeartRateBpm><Value>143</Value></HeartRateBpm><Extensions><TPX xmlns="http://www.garmin.com/xmlschemas/ActivityExtension/v2"><Speed>0.000000</Speed></TPX></Extensions></Trackpoint>
     <Trackpoint><Time>2026-03-31T20:01:43.484Z</Time><HeartRateBpm><Value>143</Value></HeartRateBpm><Extensions><TPX xmlns="http://www.garmin.com/xmlschemas/ActivityExtension/v2"><Speed>0.000000</Speed></TPX></Extensions></Trackpoint>
     <Trackpoint><Time>2026-03-31T20:01:45.484Z</Time><HeartRateBpm><Value>145</Value></HeartRateBpm><Extensions><TPX xmlns="http://www.garmin.com/xmlschemas/ActivityExtension/v2"><Speed>0.000000</Speed></TPX></Extensions></Trackpoint>
     <Trackpoint><Time>2026-03-31T20:01:46.484Z</Time><HeartRateBpm><Value>145</Value></HeartRateBpm><Extensions><TPX xmlns="http://www.garmin.com/xmlschemas/ActivityExtension/v2"><Speed>0.000000</Speed></TPX></Extensions></Trackpoint>
     <Trackpoint><Time>2026-03-31T20:01:47.484Z</Time><HeartRateBpm><Value>145</Value></HeartRateBpm><Extensions><TPX xmlns="http://www.garmin.com/xmlschemas/ActivityExtension/v2"><Speed>0.000000</Speed></TPX></Extensions></Trackpoint>
     <Trackpoint><Time>2026-03-31T20:01:48.889Z</Time><HeartRateBpm><Value>146</Value></HeartRateBpm><Extensions><TPX xmlns="http://www.garmin.com/xmlschemas/ActivityExtension/v2"><Speed>0.000000</Speed></TPX></Extensions></Trackpoint>
     <Trackpoint><Time>2026-03-31T20:01:50.484Z</Time><HeartRateBpm><Value>146</Value></HeartRateBpm><Extensions><TPX xmlns="http://www.garmin.com/xmlschemas/ActivityExtension/v2"><Speed>0.000000</Speed></TPX></Extensions></Trackpoint>
     <Trackpoint><Time>2026-03-31T20:01:51.895Z</Time><HeartRateBpm><Value>146</Value></HeartRateBpm><Extensions><TPX xmlns="http://www.garmin.com/xmlschemas/ActivityExtension/v2"><Speed>0.000000</Speed></TPX></Extensions></Trackpoint>
     <Trackpoint><Time>2026-03-31T20:01:53.484Z</Time><HeartRateBpm><Value>146</Value></HeartRateBpm><Extensions><TPX xmlns="http://www.garmin.com/xmlschemas/ActivityExtension/v2"><Speed>0.000000</Speed></TPX></Extensions></Trackpoint>
     <Trackpoint><Time>2026-03-31T20:01:55.484Z</Time><HeartRateBpm><Value>148</Value></HeartRateBpm><Extensions><TPX xmlns="http://www.garmin.com/xmlschemas/ActivityExtension/v2"><Speed>0.000000</Speed></TPX></Extensions></Trackpoint>
     <Trackpoint><Time>2026-03-31T20:01:56.484Z</Time><HeartRateBpm><Value>148</Value></HeartRateBpm><Extensions><TPX xmlns="http://www.garmin.com/xmlschemas/ActivityExtension/v2"><Speed>0.000000</Speed></TPX></Extensions></Trackpoint>
     <Trackpoint><Time>2026-03-31T20:01:58.484Z</Time><HeartRateBpm><Value>148</Value></HeartRateBpm><Extensions><TPX xmlns="http://www.garmin.com/xmlschemas/ActivityExtension/v2"><Speed>0.000000</Speed></TPX></Extensions></Trackpoint>
     <Trackpoint><Time>2026-03-31T20:01:59.484Z</Time><HeartRateBpm><Value>140</Value></HeartRateBpm><Extensions><TPX xmlns="http://www.garmin.com/xmlschemas/ActivityExtension/v2"><Speed>0.000000</Speed></TPX></Extensions></Trackpoint>
     <Trackpoint><Time>2026-03-31T20:02:01.484Z</Time><HeartRateBpm><Value>140</Value></HeartRateBpm><Extensions><TPX xmlns="http://www.garmin.com/xmlschemas/ActivityExtension/v2"><Speed>0.000000</Speed></TPX></Extensions></Trackpoint>
     <Trackpoint><Time>2026-03-31T20:02:03.484Z</Time><HeartRateBpm><Value>140</Value></HeartRateBpm><Extensions><TPX xmlns="http://www.garmin.com/xmlschemas/ActivityExtension/v2"><Speed>0.000000</Speed></TPX></Extensions></Trackpoint>
     <Trackpoint><Time>2026-03-31T20:02:04.636Z</Time><HeartRateBpm><Value>138</Value></HeartRateBpm><Extensions><TPX xmlns="http://www.garmin.com/xmlschemas/ActivityExtension/v2"><Speed>0.000000</Speed></TPX></Extensions></Trackpoint>
     <Trackpoint><Time>2026-03-31T20:02:06.484Z</Time><HeartRateBpm><Value>138</Value></HeartRateBpm><Extensions><TPX xmlns="http://www.garmin.com/xmlschemas/ActivityExtension/v2"><Speed>0.000000</Speed></TPX></Extensions></Trackpoint>
     <Trackpoint><Time>2026-03-31T20:02:07.484Z</Time><HeartRateBpm><Value>138</Value></HeartRateBpm><Extensions><TPX xmlns="http://www.garmin.com/xmlschemas/ActivityExtension/v2"><Speed>0.000000</Speed></TPX></Extensions></Trackpoint>
     <Trackpoint><Time>2026-03-31T20:02:09.408Z</Time><HeartRateBpm><Value>135</Value></HeartRateBpm><Extensions><TPX xmlns="http://www.garmin.com/xmlschemas/ActivityExtension/v2"><Speed>0.000000</Speed></TPX></Extensions></Trackpoint>
     <Trackpoint><Time>2026-03-31T20:02:10.484Z</Time><HeartRateBpm><Value>135</Value></HeartRateBpm><Extensions><TPX xmlns="http://www.garmin.com/xmlschemas/ActivityExtension/v2"><Speed>0.000000</Speed></TPX></Extensions></Trackpoint>
     <Trackpoint><Time>2026-03-31T20:02:12.289Z</Time><HeartRateBpm><Value>135</Value></HeartRateBpm><Extensions><TPX xmlns="http://www.garmin.com/xmlschemas/ActivityExtension/v2"><Speed>0.000000</Speed></TPX></Extensions></Trackpoint>
     <Trackpoint><Time>2026-03-31T20:02:13.484Z</Time><HeartRateBpm><Value>135</Value></HeartRateBpm><Extensions><TPX xmlns="http://www.garmin.com/xmlschemas/ActivityExtension/v2"><Speed>0.000000</Speed></TPX></Extensions></Trackpoint>
     <Trackpoint><Time>2026-03-31T20:02:14.484Z</Time><HeartRateBpm><Value>135</Value></HeartRateBpm><Extensions><TPX xmlns="http://www.garmin.com/xmlschemas/ActivityExtension/v2"><Speed>0.000000</Speed></TPX></Extensions></Trackpoint>
     <Trackpoint><Time>2026-03-31T20:02:16.484Z</Time><HeartRateBpm><Value>135</Value></HeartRateBpm><Extensions><TPX xmlns="http://www.garmin.com/xmlschemas/ActivityExtension/v2"><Speed>0.000000</Speed></TPX></Extensions></Trackpoint>
     <Trackpoint><Time>2026-03-31T20:02:18.484Z</Time><HeartRateBpm><Value>135</Value></HeartRateBpm><Extensions><TPX xmlns="http://www.garmin.com/xmlschemas/ActivityExtension/v2"><Speed>0.000000</Speed></TPX></Extensions></Trackpoint>
     <Trackpoint><Time>2026-03-31T20:02:19.489Z</Time><HeartRateBpm><Value>137</Value></HeartRateBpm><Extensions><TPX xmlns="http://www.garmin.com/xmlschemas/ActivityExtension/v2"><Speed>0.000000</Speed></TPX></Extensions></Trackpoint>
    </Track>
   </Lap>
   <Lap StartTime="2026-03-31T20:02:21.484Z">
    <TotalTimeSeconds>252</TotalTimeSeconds>
    <AverageHeartRateBpm><Value>138</Value></AverageHeartRateBpm>
    <MaximumHeartRateBpm><Value>143</Value></MaximumHeartRateBpm>
    <Calories>43</Calories>
    <Track>
     <Trackpoint><Time>2026-03-31T20:02:21.484Z</Time><HeartRateBpm><Value>137</Value></HeartRateBpm><Extensions><TPX xmlns="http://www.garmin.com/xmlschemas/ActivityExtension/v2"><Speed>0.000000</Speed></TPX></Extensions></Trackpoint>
     <Trackpoint><Time>2026-03-31T20:02:23.484Z</Time><HeartRateBpm><Value>137</Value></HeartRateBpm><Extensions><TPX xmlns="http://www.garmin.com/xmlschemas/ActivityExtension/v2"><Speed>0.000000</Speed></TPX></Extensions></Trackpoint>
     <Trackpoint><Time>2026-03-31T20:02:25.031Z</Time><HeartRateBpm><Value>134</Value></HeartRateBpm><Extensions><TPX xmlns="http://www.garmin.com/xmlschemas/ActivityExtension/v2"><Speed>0.000000</Speed></TPX></Extensions></Trackpoint>
     <Trackpoint><Time>2026-03-31T20:02:26.484Z</Time><HeartRateBpm><Value>134</Value></HeartRateBpm><Extensions><TPX xmlns="http://www.garmin.com/xmlschemas/ActivityExtension/v2"><Speed>0.000000</Speed></TPX></Extensions></Trackpoint>
     <Trackpoint><Time>2026-03-31T20:02:27.484Z</Time><HeartRateBpm><Value>134</Value></HeartRateBpm><Extensions><TPX xmlns="http://www.garmin.com/xmlschemas/ActivityExtension/v2"><Speed>0.000000</Speed></TPX></Extensions></Trackpoint>
     <Trackpoint><Time>2026-03-31T20:02:28.889Z</Time><HeartRateBpm><Value>135</Value></HeartRateBpm><Extensions><TPX xmlns="http://www.garmin.com/xmlschemas/ActivityExtension/v2"><Speed>0.000000</Speed></TPX></Extensions></Trackpoint>
     <Trackpoint><Time>2026-03-31T20:02:30.134Z</Time><HeartRateBpm><Value>135</Value></HeartRateBpm><Extensions><TPX xmlns="http://www.garmin.com/xmlschemas/ActivityExtension/v2"><Speed>0.000000</Speed></TPX></Extensions></Trackpoint>
     <Trackpoint><Time>2026-03-31T20:02:31.484Z</Time><HeartRateBpm><Value>135</Value></HeartRateBpm><Extensions><TPX xmlns="http://www.garmin.com/xmlschemas/ActivityExtension/v2"><Speed>0.000000</Speed></TPX></Extensions></Trackpoint>
     <Trackpoint><Time>2026-03-31T20:02:32.484Z</Time><HeartRateBpm><Value>135</Value></HeartRateBpm><Extensions><TPX xmlns="http://www.garmin.com/xmlschemas/ActivityExtension/v2"><Speed>0.000000</Speed></TPX></Extensions></Trackpoint>
     <Trackpoint><Time>2026-03-31T20:02:34.363Z</Time><HeartRateBpm><Value>136</Value></HeartRateBpm><Extensions><TPX xmlns="http://www.garmin.com/xmlschemas/ActivityExtension/v2"><Speed>0.000000</Speed></TPX></Extensions></Trackpoint>
     <Trackpoint><Time>2026-03-31T20:02:35.484Z</Time><HeartRateBpm><Value>136</Value></HeartRateBpm><Extensions><TPX xmlns="http://www.garmin.com/xmlschemas/ActivityExtension/v2"><Speed>0.000000</Speed></TPX></Extensions></Trackpoint>
     <Trackpoint><Time>2026-03-31T20:02:37.484Z</Time><HeartRateBpm><Value>136</Value></HeartRateBpm><Extensions><TPX xmlns="http://www.garmin.com/xmlschemas/ActivityExtension/v2"><Speed>0.000000</Speed></TPX></Extensions></Trackpoint>
     <Trackpoint><Time>2026-03-31T20:02:38.887Z</Time><HeartRateBpm><Value>136</Value></HeartRateBpm><Extensions><TPX xmlns="http://www.garmin.com/xmlschemas/ActivityExtension/v2"><Speed>0.000000</Speed></TPX></Extensions></Trackpoint>
     <Trackpoint><Time>2026-03-31T20:02:40.327Z</Time><HeartRateBpm><Value>136</Value></HeartRateBpm><Extensions><TPX xmlns="http://www.garmin.com/xmlschemas/ActivityExtension/v2"><Speed>0.000000</Speed></TPX></Extensions></Trackpoint>
     <Trackpoint><Time>2026-03-31T20:02:41.484Z</Time><HeartRateBpm><Value>136</Value></HeartRateBpm><Extensions><TPX xmlns="http://www.garmin.com/xmlschemas/ActivityExtension/v2"><Speed>0.000000</Speed></TPX></Extensions></Trackpoint>
     <Trackpoint><Time>2026-03-31T20:02:42.484Z</Time><HeartRateBpm><Value>136</Value></HeartRateBpm><Extensions><TPX xmlns="http://www.garmin.com/xmlschemas/ActivityExtension/v2"><Speed>0.000000</Speed></TPX></Extensions></Trackpoint>
     <Trackpoint><Time>2026-03-31T20:02:43.898Z</Time><HeartRateBpm><Value>139</Value></HeartRateBpm><Extensions><TPX xmlns="http://www.garmin.com/xmlschemas/ActivityExtension/v2"><Speed>0.000000</Speed></TPX></Extensions></Trackpoint>
     <Trackpoint><Time>2026-03-31T20:02:45.426Z</Time><HeartRateBpm><Value>139</Value></HeartRateBpm><Extensions><TPX xmlns="http://www.garmin.com/xmlschemas/ActivityExtension/v2"><Speed>0.000000</Speed></TPX></Extensions></Trackpoint>
     <Trackpoint><Time>2026-03-31T20:02:46.484Z</Time><HeartRateBpm><Value>139</Value></HeartRateBpm><Extensions><TPX xmlns="http://www.garmin.com/xmlschemas/ActivityExtension/v2"><Speed>0.000000</Speed></TPX></Extensions></Trackpoint>
     <Trackpoint><Time>2026-03-31T20:02:47.973Z</Time><HeartRateBpm><Value>139</Value></HeartRateBpm><Extensions><TPX xmlns="http://www.garmin.com/xmlschemas/ActivityExtension/v2"><Speed>0.000000</Speed></TPX></Extensions></Trackpoint>
     <Trackpoint><Time>2026-03-31T20:02:49.484Z</Time><HeartRateBpm><Value>139</Value></HeartRateBpm><Extensions><TPX xmlns="http://www.garmin.com/xmlschemas/ActivityExtension/v2"><Speed>0.000000</Speed></TPX></Extensions></Trackpoint>
     <Trackpoint><Time>2026-03-31T20:02:50.484Z</Time><HeartRateBpm><Value>139</Value></HeartRateBpm><Extensions><TPX xmlns="http://www.garmin.com/xmlschemas/ActivityExtension/v2"><Speed>0.000000</Speed></TPX></Extensions></Trackpoint>
     <Trackpoint><Time>2026-03-31T20:02:52.484Z</Time><HeartRateBpm><Value>139</Value></HeartRateBpm><Extensions><TPX xmlns="http://www.garmin.com/xmlschemas/ActivityExtension/v2"><Speed>0.000000</Speed></TPX></Extensions></Trackpoint>
     <Trackpoint><Time>2026-03-31T20:02:54.484Z</Time><HeartRateBpm><Value>139</Value></HeartRateBpm><Extensions><TPX xmlns="http://www.garmin.com/xmlschemas/ActivityExtension/v2"><Speed>0.000000</Speed></TPX></Extensions></Trackpoint>
     <Trackpoint><Time>2026-03-31T20:02:55.619Z</Time><HeartRateBpm><Value>139</Value></HeartRateBpm><Extensions><TPX xmlns="http://www.garmin.com/xmlschemas/ActivityExtension/v2"><Speed>0.000000</Speed></TPX></Extensions></Trackpoint>
     <Trackpoint><Time>2026-03-31T20:02:57.484Z</Time><HeartRateBpm><Value>139</Value></HeartRateBpm><Extensions><TPX xmlns="http://www.garmin.com/xmlschemas/ActivityExtension/v2"><Speed>0.000000</Speed></TPX></Extensions></Trackpoint>
     <Trackpoint><Time>2026-03-31T20:02:59.363Z</Time><HeartRateBpm><Value>136</Value></HeartRateBpm><Extensions><TPX xmlns="http://www.garmin.com/xmlschemas/ActivityExtension/v2"><Speed>0.000000</Speed></TPX></Extensions></Trackpoint>
     <Trackpoint><Time>2026-03-31T20:03:00.484Z</Time><HeartRateBpm><Value>136</Value></HeartRateBpm><Extensions><TPX xmlns="http://www.garmin.com/xmlschemas/ActivityExtension/v2"><Speed>0.000000</Speed></TPX></Extensions></Trackpoint>
     <Trackpoint><Time>2026-03-31T20:03:02.484Z</Time><HeartRateBpm><Value>136</Value></HeartRateBpm><Extensions><TPX xmlns="http://www.garmin.com/xmlschemas/ActivityExtension/v2"><Speed>0.000000</Speed></TPX></Extensions></Trackpoint>
     <Trackpoint><Time>2026-03-31T20:03:03.484Z</Time><HeartRateBpm><Value>136</Value></HeartRateBpm><Extensions><TPX xmlns="http://www.garmin.com/xmlschemas/ActivityExtension/v2"><Speed>0.000000</Speed></TPX></Extensions></Trackpoint>
     <Trackpoint><Time>2026-03-31T20:03:04.484Z</Time><HeartRateBpm><Value>136</Value></HeartRateBpm><Extensions><TPX xmlns="http://www.garmin.com/xmlschemas/ActivityExtension/v2"><Speed>0.000000</Speed></TPX></Extensions></Trackpoint>
     <Trackpoint><Time>2026-03-31T20:03:05.818Z</Time><HeartRateBpm><Value>136</Value></HeartRateBpm><Extensions><TPX xmlns="http://www.garmin.com/xmlschemas/ActivityExtension/v2"><Speed>0.000000</Speed></TPX></Extensions></Trackpoint>
     <Trackpoint><Time>2026-03-31T20:03:07.484Z</Time><HeartRateBpm><Value>136</Value></HeartRateBpm><Extensions><TPX xmlns="http://www.garmin.com/xmlschemas/ActivityExtension/v2"><Speed>0.000000</Speed></TPX></Extensions></Trackpoint>
     <Trackpoint><Time>2026-03-31T20:03:08.484Z</Time><HeartRateBpm><Value>137</Value></HeartRateBpm><Extensions><TPX xmlns="http://www.garmin.com/xmlschemas/ActivityExtension/v2"><Speed>0.000000</Speed></TPX></Extensions></Trackpoint>
     <Trackpoint><Time>2026-03-31T20:03:10.484Z</Time><HeartRateBpm><Value>137</Value></HeartRateBpm><Extensions><TPX xmlns="http://www.garmin.com/xmlschemas/ActivityExtension/v2"><Speed>0.000000</Speed></TPX></Extensions></Trackpoint>
     <Trackpoint><Time>2026-03-31T20:03:12.484Z</Time><HeartRateBpm><Value>137</Value></HeartRateBpm><Extensions><TPX xmlns="http://www.garmin.com/xmlschemas/ActivityExtension/v2"><Speed>0.000000</Speed></TPX></Extensions></Trackpoint>
     <Trackpoint><Time>2026-03-31T20:03:14.484Z</Time><HeartRateBpm><Value>137</Value></HeartRateBpm><Extensions><TPX xmlns="http://www.garmin.com/xmlschemas/ActivityExtension/v2"><Speed>0.000000</Speed></TPX></Extensions></Trackpoint>
     <Trackpoint><Time>2026-03-31T20:03:16.028Z</Time><HeartRateBpm><Value>137</Value></HeartRateBpm><Extensions><TPX xmlns="http://www.garmin.com/xmlschemas/ActivityExtension/v2"><Speed>0.000000</Speed></TPX></Extensions></Trackpoint>
     <Trackpoint><Time>2026-03-31T20:03:17.484Z</Time><HeartRateBpm><Value>137</Value></HeartRateBpm><Extensions><TPX xmlns="http://www.garmin.com/xmlschemas/ActivityExtension/v2"><Speed>0.000000</Speed></TPX></Extensions></Trackpoint>
     <Trackpoint><Time>2026-03-31T20:03:18.563Z</Time><HeartRateBpm><Value>137</Value></HeartRateBpm><Extensions><TPX xmlns="http://www.garmin.com/xmlschemas/ActivityExtension/v2"><Speed>0.000000</Speed></TPX></Extensions></Trackpoint>
     <Trackpoint><Time>2026-03-31T20:03:20.484Z</Time><HeartRateBpm><Value>139</Value></HeartRateBpm><Extensions><TPX xmlns="http://www.garmin.com/xmlschemas/ActivityExtension/v2"><Speed>0.000000</Speed></TPX></Extensions></Trackpoint>
     <Trackpoint><Time>2026-03-31T20:03:22.484Z</Time><HeartRateBpm><Value>139</Value></HeartRateBpm><Extensions><TPX xmlns="http://www.garmin.com/xmlschemas/ActivityExtension/v2"><Speed>0.000000</Speed></TPX></Extensions></Trackpoint>
     <Trackpoint><Time>2026-03-31T20:03:23.660Z</Time><HeartRateBpm><Value>139</Value></HeartRateBpm><Extensions><TPX xmlns="http://www.garmin.com/xmlschemas/ActivityExtension/v2"><Speed>0.000000</Speed></TPX></Extensions></Trackpoint>
     <Trackpoint><Time>2026-03-31T20:03:25.484Z</Time><HeartRateBpm><Value>139</Value></HeartRateBpm><Extensions><TPX xmlns="http://www.garmin.com/xmlschemas/ActivityExtension/v2"><Speed>0.000000</Speed></TPX></Extensions></Trackpoint>
     <Trackpoint><Time>2026-03-31T20:03:26.484Z</Time><HeartRateBpm><Value>139</Value></HeartRateBpm><Extensions><TPX xmlns="http://www.garmin.com/xmlschemas/ActivityExtension/v2"><Speed>0.000000</Speed></TPX></Extensions></Trackpoint>
     <Trackpoint><Time>2026-03-31T20:03:28.484Z</Time><HeartRateBpm><Value>139</Value></HeartRateBpm><Extensions><TPX xmlns="http://www.garmin.com/xmlschemas/ActivityExtension/v2"><Speed>0.000000</Speed></TPX></Extensions></Trackpoint>
     <Trackpoint><Time>2026-03-31T20:03:29.484Z</Time><HeartRateBpm><Value>140</Value></HeartRateBpm><Extensions><TPX xmlns="http://www.garmin.com/xmlschemas/ActivityExtension/v2"><Speed>0.000000</Speed></TPX></Extensions></Trackpoint>
     <Trackpoint><Time>2026-03-31T20:03:30.484Z</Time><HeartRateBpm><Value>140</Value></HeartRateBpm><Extensions><TPX xmlns="http://www.garmin.com/xmlschemas/ActivityExtension/v2"><Speed>0.000000</Speed></TPX></Extensions></Trackpoint>
     <Trackpoint><Time>2026-03-31T20:03:32.484Z</Time><HeartRateBpm><Value>140</Value></HeartRateBpm><Extensions><TPX xmlns="http://www.garmin.com/xmlschemas/ActivityExtension/v2"><Speed>0.000000</Speed></TPX></Extensions></Trackpoint>
     <Trackpoint><Time>2026-03-31T20:03:33.877Z</Time><HeartRateBpm><Value>140</Value></HeartRateBpm><Extensions><TPX xmlns="http://www.garmin.com/xmlschemas/ActivityExtension/v2"><Speed>0.000000</Speed></TPX></Extensions></Trackpoint>
     <Trackpoint><Time>2026-03-31T20:03:35.484Z</Time><HeartRateBpm><Value>140</Value></HeartRateBpm><Extensions><TPX xmlns="http://www.garmin.com/xmlschemas/ActivityExtension/v2"><Speed>0.000000</Speed></TPX></Extensions></Trackpoint>
     <Trackpoint><Time>2026-03-31T20:03:37.484Z</Time><HeartRateBpm><Value>140</Value></HeartRateBpm><Extensions><TPX xmlns="http://www.garmin.com/xmlschemas/ActivityExtension/v2"><Speed>0.000000</Speed></TPX></Extensions></Trackpoint>
     <Trackpoint><Time>2026-03-31T20:03:38.484Z</Time><HeartRateBpm><Value>140</Value></HeartRateBpm><Extensions><TPX xmlns="http://www.garmin.com/xmlschemas/ActivityExtension/v2"><Speed>0.000000</Speed></TPX></Extensions></Trackpoint>
     <Trackpoint><Time>2026-03-31T20:03:40.484Z</Time><HeartRateBpm><Value>140</Value></HeartRateBpm><Extensions><TPX xmlns="http://www.garmin.com/xmlschemas/ActivityExtension/v2"><Speed>0.000000</Speed></TPX></Extensions></Trackpoint>
     <Trackpoint><Time>2026-03-31T20:03:41.502Z</Time><HeartRateBpm><Value>140</Value></HeartRateBpm><Extensions><TPX xmlns="http://www.garmin.com/xmlschemas/ActivityExtension/v2"><Speed>0.000000</Speed></TPX></Extensions></Trackpoint>
     <Trackpoint><Time>2026-03-31T20:03:43.483Z</Time><HeartRateBpm><Value>140</Value></HeartRateBpm><Extensions><TPX xmlns="http://www.garmin.com/xmlschemas/ActivityExtension/v2"><Speed>0.000000</Speed></TPX></Extensions></Trackpoint>
     <Trackpoint><Time>2026-03-31T20:03:45.483Z</Time><HeartRateBpm><Value>140</Value></HeartRateBpm><Extensions><TPX xmlns="http://www.garmin.com/xmlschemas/ActivityExtension/v2"><Speed>0.000000</Speed></TPX></Extensions></Trackpoint>
     <Trackpoint><Time>2026-03-31T20:03:46.484Z</Time><HeartRateBpm><Value>140</Value></HeartRateBpm><Extensions><TPX xmlns="http://www.garmin.com/xmlschemas/ActivityExtension/v2"><Speed>0.000000</Speed></TPX></Extensions></Trackpoint>
     <Trackpoint><Time>2026-03-31T20:03:48.483Z</Time><HeartRateBpm><Value>140</Value></HeartRateBpm><Extensions><TPX xmlns="http://www.garmin.com/xmlschemas/ActivityExtension/v2"><Speed>0.000000</Speed></TPX></Extensions></Trackpoint>
     <Trackpoint><Time>2026-03-31T20:03:50.483Z</Time><HeartRateBpm><Value>141</Value></HeartRateBpm><Extensions><TPX xmlns="http://www.garmin.com/xmlschemas/ActivityExtension/v2"><Speed>0.000000</Speed></TPX></Extensions></Trackpoint>
     <Trackpoint><Time>2026-03-31T20:03:51.695Z</Time><HeartRateBpm><Value>141</Value></HeartRateBpm><Extensions><TPX xmlns="http://www.garmin.com/xmlschemas/ActivityExtension/v2"><Speed>0.000000</Speed></TPX></Extensions></Trackpoint>
     <Trackpoint><Time>2026-03-31T20:03:53.484Z</Time><HeartRateBpm><Value>141</Value></HeartRateBpm><Extensions><TPX xmlns="http://www.garmin.com/xmlschemas/ActivityExtension/v2"><Speed>0.000000</Speed></TPX></Extensions></Trackpoint>
     <Trackpoint><Time>2026-03-31T20:03:55.483Z</Time><HeartRateBpm><Value>142</Value></HeartRateBpm><Extensions><TPX xmlns="http://www.garmin.com/xmlschemas/ActivityExtension/v2"><Speed>0.000000</Speed></TPX></Extensions></Trackpoint>
     <Trackpoint><Time>2026-03-31T20:03:56.791Z</Time><HeartRateBpm><Value>142</Value></HeartRateBpm><Extensions><TPX xmlns="http://www.garmin.com/xmlschemas/ActivityExtension/v2"><Speed>0.000000</Speed></TPX></Extensions></Trackpoint>
     <Trackpoint><Time>2026-03-31T20:03:58.483Z</Time><HeartRateBpm><Value>142</Value></HeartRateBpm><Extensions><TPX xmlns="http://www.garmin.com/xmlschemas/ActivityExtension/v2"><Speed>0.000000</Speed></TPX></Extensions></Trackpoint>
     <Trackpoint><Time>2026-03-31T20:03:59.483Z</Time><HeartRateBpm><Value>143</Value></HeartRateBpm><Extensions><TPX xmlns="http://www.garmin.com/xmlschemas/ActivityExtension/v2"><Speed>0.000000</Speed></TPX></Extensions></Trackpoint>
     <Trackpoint><Time>2026-03-31T20:04:00.483Z</Time><HeartRateBpm><Value>143</Value></HeartRateBpm><Extensions><TPX xmlns="http://www.garmin.com/xmlschemas/ActivityExtension/v2"><Speed>0.000000</Speed></TPX></Extensions></Trackpoint>
     <Trackpoint><Time>2026-03-31T20:04:01.891Z</Time><HeartRateBpm><Value>143</Value></HeartRateBpm><Extensions><TPX xmlns="http://www.garmin.com/xmlschemas/ActivityExtension/v2"><Speed>0.000000</Speed></TPX></Extensions></Trackpoint>
     <Trackpoint><Time>2026-03-31T20:04:03.483Z</Time><HeartRateBpm><Value>143</Value></HeartRateBpm><Extensions><TPX xmlns="http://www.garmin.com/xmlschemas/ActivityExtension/v2"><Speed>0.000000</Speed></TPX></Extensions></Trackpoint>
     <Trackpoint><Time>2026-03-31T20:04:04.483Z</Time><HeartRateBpm><Value>143</Value></HeartRateBpm><Extensions><TPX xmlns="http://www.garmin.com/xmlschemas/ActivityExtension/v2"><Speed>0.000000</Speed></TPX></Extensions></Trackpoint>
     <Trackpoint><Time>2026-03-31T20:04:06.483Z</Time><HeartRateBpm><Value>143</Value></HeartRateBpm><Extensions><TPX xmlns="http://www.garmin.com/xmlschemas/ActivityExtension/v2"><Speed>0.000000</Speed></TPX></Extensions></Trackpoint>
     <Trackpoint><Time>2026-03-31T20:04:08.483Z</Time><HeartRateBpm><Value>143</Value></HeartRateBpm><Extensions><TPX xmlns="http://www.garmin.com/xmlschemas/ActivityExtension/v2"><Speed>0.000000</Speed></TPX></Extensions></Trackpoint>
     <Trackpoint><Time>2026-03-31T20:04:09.483Z</Time><HeartRateBpm><Value>142</Value></HeartRateBpm><Extensions><TPX xmlns="http://www.garmin.com/xmlschemas/ActivityExtension/v2"><Speed>0.000000</Speed></TPX></Extensions></Trackpoint>
     <Trackpoint><Time>2026-03-31T20:04:10.483Z</Time><HeartRateBpm><Value>142</Value></HeartRateBpm><Extensions><TPX xmlns="http://www.garmin.com/xmlschemas/ActivityExtension/v2"><Speed>0.000000</Speed></TPX></Extensions></Trackpoint>
     <Trackpoint><Time>2026-03-31T20:04:12.096Z</Time><HeartRateBpm><Value>142</Value></HeartRateBpm><Extensions><TPX xmlns="http://www.garmin.com/xmlschemas/ActivityExtension/v2"><Speed>0.000000</Speed></TPX></Extensions></Trackpoint>
     <Trackpoint><Time>2026-03-31T20:04:13.483Z</Time><HeartRateBpm><Value>142</Value></HeartRateBpm><Extensions><TPX xmlns="http://www.garmin.com/xmlschemas/ActivityExtension/v2"><Speed>0.000000</Speed></TPX></Extensions></Trackpoint>
     <Trackpoint><Time>2026-03-31T20:04:14.483Z</Time><HeartRateBpm><Value>137</Value></HeartRateBpm><Extensions><TPX xmlns="http://www.garmin.com/xmlschemas/ActivityExtension/v2"><Speed>0.000000</Speed></TPX></Extensions></Trackpoint>
     <Trackpoint><Time>2026-03-31T20:04:16.483Z</Time><HeartRateBpm><Value>137</Value></HeartRateBpm><Extensions><TPX xmlns="http://www.garmin.com/xmlschemas/ActivityExtension/v2"><Speed>0.000000</Speed></TPX></Extensions></Trackpoint>
     <Trackpoint><Time>2026-03-31T20:04:17.483Z</Time><HeartRateBpm><Value>137</Value></HeartRateBpm><Extensions><TPX xmlns="http://www.garmin.com/xmlschemas/ActivityExtension/v2"><Speed>0.000000</Speed></TPX></Extensions></Trackpoint>
     <Trackpoint><Time>2026-03-31T20:04:19.363Z</Time><HeartRateBpm><Value>138</Value></HeartRateBpm><Extensions><TPX xmlns="http://www.garmin.com/xmlschemas/ActivityExtension/v2"><Speed>0.000000</Speed></TPX></Extensions></Trackpoint>
     <Trackpoint><Time>2026-03-31T20:04:20.483Z</Time><HeartRateBpm><Value>138</Value></HeartRateBpm><Extensions><TPX xmlns="http://www.garmin.com/xmlschemas/ActivityExtension/v2"><Speed>0.000000</Speed></TPX></Extensions></Trackpoint>
     <Trackpoint><Time>2026-03-31T20:04:22.286Z</Time><HeartRateBpm><Value>138</Value></HeartRateBpm><Extensions><TPX xmlns="http://www.garmin.com/xmlschemas/ActivityExtension/v2"><Speed>0.000000</Speed></TPX></Extensions></Trackpoint>
     <Trackpoint><Time>2026-03-31T20:04:23.483Z</Time><HeartRateBpm><Value>138</Value></HeartRateBpm><Extensions><TPX xmlns="http://www.garmin.com/xmlschemas/ActivityExtension/v2"><Speed>0.000000</Speed></TPX></Extensions></Trackpoint>
     <Trackpoint><Time>2026-03-31T20:04:24.833Z</Time><HeartRateBpm><Value>138</Value></HeartRateBpm><Extensions><TPX xmlns="http://www.garmin.com/xmlschemas/ActivityExtension/v2"><Speed>0.000000</Speed></TPX></Extensions></Trackpoint>
     <Trackpoint><Time>2026-03-31T20:04:26.483Z</Time><HeartRateBpm><Value>138</Value></HeartRateBpm><Extensions><TPX xmlns="http://www.garmin.com/xmlschemas/ActivityExtension/v2"><Speed>0.000000</Speed></TPX></Extensions></Trackpoint>
     <Trackpoint><Time>2026-03-31T20:04:27.483Z</Time><HeartRateBpm><Value>138</Value></HeartRateBpm><Extensions><TPX xmlns="http://www.garmin.com/xmlschemas/ActivityExtension/v2"><Speed>0.000000</Speed></TPX></Extensions></Trackpoint>
     <Trackpoint><Time>2026-03-31T20:04:28.972Z</Time><HeartRateBpm><Value>139</Value></HeartRateBpm><Extensions><TPX xmlns="http://www.garmin.com/xmlschemas/ActivityExtension/v2"><Speed>0.000000</Speed></TPX></Extensions></Trackpoint>
     <Trackpoint><Time>2026-03-31T20:04:30.007Z</Time><HeartRateBpm><Value>139</Value></HeartRateBpm><Extensions><TPX xmlns="http://www.garmin.com/xmlschemas/ActivityExtension/v2"><Speed>0.000000</Speed></TPX></Extensions></Trackpoint>
     <Trackpoint><Time>2026-03-31T20:04:31.483Z</Time><HeartRateBpm><Value>139</Value></HeartRateBpm><Extensions><TPX xmlns="http://www.garmin.com/xmlschemas/ActivityExtension/v2"><Speed>0.000000</Speed></TPX></Extensions></Trackpoint>
     <Trackpoint><Time>2026-03-31T20:04:32.483Z</Time><HeartRateBpm><Value>139</Value></HeartRateBpm><Extensions><TPX xmlns="http://www.garmin.com/xmlschemas/ActivityExtension/v2"><Speed>0.000000</Speed></TPX></Extensions></Trackpoint>
     <Trackpoint><Time>2026-03-31T20:04:33.918Z</Time><HeartRateBpm><Value>139</Value></HeartRateBpm><Extensions><TPX xmlns="http://www.garmin.com/xmlschemas/ActivityExtension/v2"><Speed>0.000000</Speed></TPX></Extensions></Trackpoint>
     <Trackpoint><Time>2026-03-31T20:04:35.034Z</Time><HeartRateBpm><Value>139</Value></HeartRateBpm><Extensions><TPX xmlns="http://www.garmin.com/xmlschemas/ActivityExtension/v2"><Speed>0.000000</Speed></TPX></Extensions></Trackpoint>
     <Trackpoint><Time>2026-03-31T20:04:36.483Z</Time><HeartRateBpm><Value>139</Value></HeartRateBpm><Extensions><TPX xmlns="http://www.garmin.com/xmlschemas/ActivityExtension/v2"><Speed>0.000000</Speed></TPX></Extensions></Trackpoint>
     <Trackpoint><Time>2026-03-31T20:04:37.483Z</Time><HeartRateBpm><Value>139</Value></HeartRateBpm><Extensions><TPX xmlns="http://www.garmin.com/xmlschemas/ActivityExtension/v2"><Speed>0.000000</Speed></TPX></Extensions></Trackpoint>
     <Trackpoint><Time>2026-03-31T20:04:38.483Z</Time><HeartRateBpm><Value>139</Value></HeartRateBpm><Extensions><TPX xmlns="http://www.garmin.com/xmlschemas/ActivityExtension/v2"><Speed>0.000000</Speed></TPX></Extensions></Trackpoint>
     <Trackpoint><Time>2026-03-31T20:04:40.138Z</Time><HeartRateBpm><Value>137</Value></HeartRateBpm><Extensions><TPX xmlns="http://www.garmin.com/xmlschemas/ActivityExtension/v2"><Speed>0.000000</Speed></TPX></Extensions></Trackpoint>
     <Trackpoint><Time>2026-03-31T20:04:41.483Z</Time><HeartRateBpm><Value>137</Value></HeartRateBpm><Extensions><TPX xmlns="http://www.garmin.com/xmlschemas/ActivityExtension/v2"><Speed>0.000000</Speed></TPX></Extensions></Trackpoint>
     <Trackpoint><Time>2026-03-31T20:04:42.483Z</Time><HeartRateBpm><Value>137</Value></HeartRateBpm><Extensions><TPX xmlns="http://www.garmin.com/xmlschemas/ActivityExtension/v2"><Speed>0.000000</Speed></TPX></Extensions></Trackpoint>
     <Trackpoint><Time>2026-03-31T20:04:43.923Z</Time><HeartRateBpm><Value>136</Value></HeartRateBpm><Extensions><TPX xmlns="http://www.garmin.com/xmlschemas/ActivityExtension/v2"><Speed>0.000000</Speed></TPX></Extensions></Trackpoint>
     <Trackpoint><Time>2026-03-31T20:04:45.232Z</Time><HeartRateBpm><Value>136</Value></HeartRateBpm><Extensions><TPX xmlns="http://www.garmin.com/xmlschemas/ActivityExtension/v2"><Speed>0.000000</Speed></TPX></Extensions></Trackpoint>
     <Trackpoint><Time>2026-03-31T20:04:46.483Z</Time><HeartRateBpm><Value>136</Value></HeartRateBpm><Extensions><TPX xmlns="http://www.garmin.com/xmlschemas/ActivityExtension/v2"><Speed>0.000000</Speed></TPX></Extensions></Trackpoint>
     <Trackpoint><Time>2026-03-31T20:04:47.483Z</Time><HeartRateBpm><Value>136</Value></HeartRateBpm><Extensions><TPX xmlns="http://www.garmin.com/xmlschemas/ActivityExtension/v2"><Speed>0.000000</Speed></TPX></Extensions></Trackpoint>
     <Trackpoint><Time>2026-03-31T20:04:48.886Z</Time><HeartRateBpm><Value>135</Value></HeartRateBpm><Extensions><TPX xmlns="http://www.garmin.com/xmlschemas/ActivityExtension/v2"><Speed>0.000000</Speed></TPX></Extensions></Trackpoint>
     <Trackpoint><Time>2026-03-31T20:04:50.327Z</Time><HeartRateBpm><Value>135</Value></HeartRateBpm><Extensions><TPX xmlns="http://www.garmin.com/xmlschemas/ActivityExtension/v2"><Speed>0.000000</Speed></TPX></Extensions></Trackpoint>
     <Trackpoint><Time>2026-03-31T20:04:51.483Z</Time><HeartRateBpm><Value>135</Value></HeartRateBpm><Extensions><TPX xmlns="http://www.garmin.com/xmlschemas/ActivityExtension/v2"><Speed>0.000000</Speed></TPX></Extensions></Trackpoint>
     <Trackpoint><Time>2026-03-31T20:04:52.483Z</Time><HeartRateBpm><Value>135</Value></HeartRateBpm><Extensions><TPX xmlns="http://www.garmin.com/xmlschemas/ActivityExtension/v2"><Speed>0.000000</Speed></TPX></Extensions></Trackpoint>
     <Trackpoint><Time>2026-03-31T20:04:53.916Z</Time><HeartRateBpm><Value>135</Value></HeartRateBpm><Extensions><TPX xmlns="http://www.garmin.com/xmlschemas/ActivityExtension/v2"><Speed>0.000000</Speed></TPX></Extensions></Trackpoint>
     <Trackpoint><Time>2026-03-31T20:04:55.420Z</Time><HeartRateBpm><Value>135</Value></HeartRateBpm><Extensions><TPX xmlns="http://www.garmin.com/xmlschemas/ActivityExtension/v2"><Speed>0.000000</Speed></TPX></Extensions></Trackpoint>
     <Trackpoint><Time>2026-03-31T20:04:56.483Z</Time><HeartRateBpm><Value>135</Value></HeartRateBpm><Extensions><TPX xmlns="http://www.garmin.com/xmlschemas/ActivityExtension/v2"><Speed>0.000000</Speed></TPX></Extensions></Trackpoint>
     <Trackpoint><Time>2026-03-31T20:04:57.483Z</Time><HeartRateBpm><Value>135</Value></HeartRateBpm><Extensions><TPX xmlns="http://www.garmin.com/xmlschemas/ActivityExtension/v2"><Speed>0.000000</Speed></TPX></Extensions></Trackpoint>
     <Trackpoint><Time>2026-03-31T20:04:59.483Z</Time><HeartRateBpm><Value>134</Value></HeartRateBpm><Extensions><TPX xmlns="http://www.garmin.com/xmlschemas/ActivityExtension/v2"><Speed>0.000000</Speed></TPX></Extensions></Trackpoint>
     <Trackpoint><Time>2026-03-31T20:05:00.483Z</Time><HeartRateBpm><Value>134</Value></HeartRateBpm><Extensions><TPX xmlns="http://www.garmin.com/xmlschemas/ActivityExtension/v2"><Speed>0.000000</Speed></TPX></Extensions></Trackpoint>
     <Trackpoint><Time>2026-03-31T20:05:02.483Z</Time><HeartRateBpm><Value>134</Value></HeartRateBpm><Extensions><TPX xmlns="http://www.garmin.com/xmlschemas/ActivityExtension/v2"><Speed>0.000000</Speed></TPX></Extensions></Trackpoint>
     <Trackpoint><Time>2026-03-31T20:05:04.483Z</Time><HeartRateBpm><Value>137</Value></HeartRateBpm><Extensions><TPX xmlns="http://www.garmin.com/xmlschemas/ActivityExtension/v2"><Speed>0.000000</Speed></TPX></Extensions></Trackpoint>
     <Trackpoint><Time>2026-03-31T20:05:05.624Z</Time><HeartRateBpm><Value>137</Value></HeartRateBpm><Extensions><TPX xmlns="http://www.garmin.com/xmlschemas/ActivityExtension/v2"><Speed>0.000000</Speed></TPX></Extensions></Trackpoint>
     <Trackpoint><Time>2026-03-31T20:05:07.483Z</Time><HeartRateBpm><Value>137</Value></HeartRateBpm><Extensions><TPX xmlns="http://www.garmin.com/xmlschemas/ActivityExtension/v2"><Speed>0.000000</Speed></TPX></Extensions></Trackpoint>
     <Trackpoint><Time>2026-03-31T20:05:08.483Z</Time><HeartRateBpm><Value>137</Value></HeartRateBpm><Extensions><TPX xmlns="http://www.garmin.com/xmlschemas/ActivityExtension/v2"><Speed>0.000000</Speed></TPX></Extensions></Trackpoint>
     <Trackpoint><Time>2026-03-31T20:05:10.483Z</Time><HeartRateBpm><Value>141</Value></HeartRateBpm><Extensions><TPX xmlns="http://www.garmin.com/xmlschemas/ActivityExtension/v2"><Speed>0.000000</Speed></TPX></Extensions></Trackpoint>
     <Trackpoint><Time>2026-03-31T20:05:12.483Z</Time><HeartRateBpm><Value>141</Value></HeartRateBpm><Extensions><TPX xmlns="http://www.garmin.com/xmlschemas/ActivityExtension/v2"><Speed>0.000000</Speed></TPX></Extensions></Trackpoint>
     <Trackpoint><Time>2026-03-31T20:05:13.483Z</Time><HeartRateBpm><Value>141</Value></HeartRateBpm><Extensions><TPX xmlns="http://www.garmin.com/xmlschemas/ActivityExtension/v2"><Speed>0.000000</Speed></TPX></Extensions></Trackpoint>
     <Trackpoint><Time>2026-03-31T20:05:14.483Z</Time><HeartRateBpm><Value>141</Value></HeartRateBpm><Extensions><TPX xmlns="http://www.garmin.com/xmlschemas/ActivityExtension/v2"><Speed>0.000000</Speed></TPX></Extensions></Trackpoint>
     <Trackpoint><Time>2026-03-31T20:05:15.483Z</Time><HeartRateBpm><Value>141</Value></HeartRateBpm><Extensions><TPX xmlns="http://www.garmin.com/xmlschemas/ActivityExtension/v2"><Speed>0.000000</Speed></TPX></Extensions></Trackpoint>
     <Trackpoint><Time>2026-03-31T20:05:17.483Z</Time><HeartRateBpm><Value>141</Value></HeartRateBpm><Extensions><TPX xmlns="http://www.garmin.com/xmlschemas/ActivityExtension/v2"><Speed>0.000000</Speed></TPX></Extensions></Trackpoint>
     <Trackpoint><Time>2026-03-31T20:05:19.483Z</Time><HeartRateBpm><Value>141</Value></HeartRateBpm><Extensions><TPX xmlns="http://www.garmin.com/xmlschemas/ActivityExtension/v2"><Speed>0.000000</Speed></TPX></Extensions></Trackpoint>
     <Trackpoint><Time>2026-03-31T20:05:20.917Z</Time><HeartRateBpm><Value>141</Value></HeartRateBpm><Extensions><TPX xmlns="http://www.garmin.com/xmlschemas/ActivityExtension/v2"><Speed>0.000000</Speed></TPX></Extensions></Trackpoint>
     <Trackpoint><Time>2026-03-31T20:05:22.483Z</Time><HeartRateBpm><Value>141</Value></HeartRateBpm><Extensions><TPX xmlns="http://www.garmin.com/xmlschemas/ActivityExtension/v2"><Speed>0.000000</Speed></TPX></Extensions></Trackpoint>
     <Trackpoint><Time>2026-03-31T20:05:23.483Z</Time><HeartRateBpm><Value>140</Value></HeartRateBpm><Extensions><TPX xmlns="http://www.garmin.com/xmlschemas/ActivityExtension/v2"><Speed>0.000000</Speed></TPX></Extensions></Trackpoint>
     <Trackpoint><Time>2026-03-31T20:05:25.483Z</Time><HeartRateBpm><Value>140</Value></HeartRateBpm><Extensions><TPX xmlns="http://www.garmin.com/xmlschemas/ActivityExtension/v2"><Speed>0.000000</Speed></TPX></Extensions></Trackpoint>
     <Trackpoint><Time>2026-03-31T20:05:27.483Z</Time><HeartRateBpm><Value>140</Value></HeartRateBpm><Extensions><TPX xmlns="http://www.garmin.com/xmlschemas/ActivityExtension/v2"><Speed>0.000000</Speed></TPX></Extensions></Trackpoint>
     <Trackpoint><Time>2026-03-31T20:05:28.483Z</Time><HeartRateBpm><Value>140</Value></HeartRateBpm><Extensions><TPX xmlns="http://www.garmin.com/xmlschemas/ActivityExtension/v2"><Speed>0.000000</Speed></TPX></Extensions></Trackpoint>
     <Trackpoint><Time>2026-03-31T20:05:30.483Z</Time><HeartRateBpm><Value>140</Value></HeartRateBpm><Extensions><TPX xmlns="http://www.garmin.com/xmlschemas/ActivityExtension/v2"><Speed>0.000000</Speed></TPX></Extensions></Trackpoint>
     <Trackpoint><Time>2026-03-31T20:05:32.483Z</Time><HeartRateBpm><Value>140</Value></HeartRateBpm><Extensions><TPX xmlns="http://www.garmin.com/xmlschemas/ActivityExtension/v2"><Speed>0.000000</Speed></TPX></Extensions></Trackpoint>
     <Trackpoint><Time>2026-03-31T20:05:33.664Z</Time><HeartRateBpm><Value>140</Value></HeartRateBpm><Extensions><TPX xmlns="http://www.garmin.com/xmlschemas/ActivityExtension/v2"><Speed>0.000000</Speed></TPX></Extensions></Trackpoint>
     <Trackpoint><Time>2026-03-31T20:05:35.483Z</Time><HeartRateBpm><Value>138</Value></HeartRateBpm><Extensions><TPX xmlns="http://www.garmin.com/xmlschemas/ActivityExtension/v2"><Speed>0.000000</Speed></TPX></Extensions></Trackpoint>
     <Trackpoint><Time>2026-03-31T20:05:37.483Z</Time><HeartRateBpm><Value>138</Value></HeartRateBpm><Extensions><TPX xmlns="http://www.garmin.com/xmlschemas/ActivityExtension/v2"><Speed>0.000000</Speed></TPX></Extensions></Trackpoint>
     <Trackpoint><Time>2026-03-31T20:05:38.761Z</Time><HeartRateBpm><Value>138</Value></HeartRateBpm><Extensions><TPX xmlns="http://www.garmin.com/xmlschemas/ActivityExtension/v2"><Speed>0.000000</Speed></TPX></Extensions></Trackpoint>
     <Trackpoint><Time>2026-03-31T20:05:40.483Z</Time><HeartRateBpm><Value>140</Value></HeartRateBpm><Extensions><TPX xmlns="http://www.garmin.com/xmlschemas/ActivityExtension/v2"><Speed>0.000000</Speed></TPX></Extensions></Trackpoint>
     <Trackpoint><Time>2026-03-31T20:05:41.483Z</Time><HeartRateBpm><Value>140</Value></HeartRateBpm><Extensions><TPX xmlns="http://www.garmin.com/xmlschemas/ActivityExtension/v2"><Speed>0.000000</Speed></TPX></Extensions></Trackpoint>
     <Trackpoint><Time>2026-03-31T20:05:43.483Z</Time><HeartRateBpm><Value>140</Value></HeartRateBpm><Extensions><TPX xmlns="http://www.garmin.com/xmlschemas/ActivityExtension/v2"><Speed>0.000000</Speed></TPX></Extensions></Trackpoint>
     <Trackpoint><Time>2026-03-31T20:05:45.483Z</Time><HeartRateBpm><Value>138</Value></HeartRateBpm><Extensions><TPX xmlns="http://www.garmin.com/xmlschemas/ActivityExtension/v2"><Speed>0.000000</Speed></TPX></Extensions></Trackpoint>
     <Trackpoint><Time>2026-03-31T20:05:46.483Z</Time><HeartRateBpm><Value>138</Value></HeartRateBpm><Extensions><TPX xmlns="http://www.garmin.com/xmlschemas/ActivityExtension/v2"><Speed>0.000000</Speed></TPX></Extensions></Trackpoint>
     <Trackpoint><Time>2026-03-31T20:05:48.483Z</Time><HeartRateBpm><Value>138</Value></HeartRateBpm><Extensions><TPX xmlns="http://www.garmin.com/xmlschemas/ActivityExtension/v2"><Speed>0.000000</Speed></TPX></Extensions></Trackpoint>
     <Trackpoint><Time>2026-03-31T20:05:49.483Z</Time><HeartRateBpm><Value>138</Value></HeartRateBpm><Extensions><TPX xmlns="http://www.garmin.com/xmlschemas/ActivityExtension/v2"><Speed>0.000000</Speed></TPX></Extensions></Trackpoint>
     <Trackpoint><Time>2026-03-31T20:05:50.483Z</Time><HeartRateBpm><Value>138</Value></HeartRateBpm><Extensions><TPX xmlns="http://www.garmin.com/xmlschemas/ActivityExtension/v2"><Speed>0.000000</Speed></TPX></Extensions></Trackpoint>
     <Trackpoint><Time>2026-03-31T20:05:51.509Z</Time><HeartRateBpm><Value>138</Value></HeartRateBpm><Extensions><TPX xmlns="http://www.garmin.com/xmlschemas/ActivityExtension/v2"><Speed>0.000000</Speed></TPX></Extensions></Trackpoint>
     <Trackpoint><Time>2026-03-31T20:05:53.483Z</Time><HeartRateBpm><Value>138</Value></HeartRateBpm><Extensions><TPX xmlns="http://www.garmin.com/xmlschemas/ActivityExtension/v2"><Speed>0.000000</Speed></TPX></Extensions></Trackpoint>
     <Trackpoint><Time>2026-03-31T20:05:54.483Z</Time><HeartRateBpm><Value>135</Value></HeartRateBpm><Extensions><TPX xmlns="http://www.garmin.com/xmlschemas/ActivityExtension/v2"><Speed>0.000000</Speed></TPX></Extensions></Trackpoint>
     <Trackpoint><Time>2026-03-31T20:05:55.483Z</Time><HeartRateBpm><Value>135</Value></HeartRateBpm><Extensions><TPX xmlns="http://www.garmin.com/xmlschemas/ActivityExtension/v2"><Speed>0.000000</Speed></TPX></Extensions></Trackpoint>
     <Trackpoint><Time>2026-03-31T20:05:56.604Z</Time><HeartRateBpm><Value>135</Value></HeartRateBpm><Extensions><TPX xmlns="http://www.garmin.com/xmlschemas/ActivityExtension/v2"><Speed>0.000000</Speed></TPX></Extensions></Trackpoint>
     <Trackpoint><Time>2026-03-31T20:05:58.483Z</Time><HeartRateBpm><Value>135</Value></HeartRateBpm><Extensions><TPX xmlns="http://www.garmin.com/xmlschemas/ActivityExtension/v2"><Speed>0.000000</Speed></TPX></Extensions></Trackpoint>
     <Trackpoint><Time>2026-03-31T20:06:00.483Z</Time><HeartRateBpm><Value>135</Value></HeartRateBpm><Extensions><TPX xmlns="http://www.garmin.com/xmlschemas/ActivityExtension/v2"><Speed>0.000000</Speed></TPX></Extensions></Trackpoint>
     <Trackpoint><Time>2026-03-31T20:06:01.699Z</Time><HeartRateBpm><Value>135</Value></HeartRateBpm><Extensions><TPX xmlns="http://www.garmin.com/xmlschemas/ActivityExtension/v2"><Speed>0.000000</Speed></TPX></Extensions></Trackpoint>
     <Trackpoint><Time>2026-03-31T20:06:03.483Z</Time><HeartRateBpm><Value>135</Value></HeartRateBpm><Extensions><TPX xmlns="http://www.garmin.com/xmlschemas/ActivityExtension/v2"><Speed>0.000000</Speed></TPX></Extensions></Trackpoint>
     <Trackpoint><Time>2026-03-31T20:06:04.483Z</Time><HeartRateBpm><Value>131</Value></HeartRateBpm><Extensions><TPX xmlns="http://www.garmin.com/xmlschemas/ActivityExtension/v2"><Speed>0.000000</Speed></TPX></Extensions></Trackpoint>
     <Trackpoint><Time>2026-03-31T20:06:06.483Z</Time><HeartRateBpm><Value>131</Value></HeartRateBpm><Extensions><TPX xmlns="http://www.garmin.com/xmlschemas/ActivityExtension/v2"><Speed>0.000000</Speed></TPX></Extensions></Trackpoint>
     <Trackpoint><Time>2026-03-31T20:06:08.483Z</Time><HeartRateBpm><Value>131</Value></HeartRateBpm><Extensions><TPX xmlns="http://www.garmin.com/xmlschemas/ActivityExtension/v2"><Speed>0.000000</Speed></TPX></Extensions></Trackpoint>
     <Trackpoint><Time>2026-03-31T20:06:09.483Z</Time><HeartRateBpm><Value>132</Value></HeartRateBpm><Extensions><TPX xmlns="http://www.garmin.com/xmlschemas/ActivityExtension/v2"><Speed>0.000000</Speed></TPX></Extensions></Trackpoint>
     <Trackpoint><Time>2026-03-31T20:06:10.483Z</Time><HeartRateBpm><Value>132</Value></HeartRateBpm><Extensions><TPX xmlns="http://www.garmin.com/xmlschemas/ActivityExtension/v2"><Speed>0.000000</Speed></TPX></Extensions></Trackpoint>
     <Trackpoint><Time>2026-03-31T20:06:11.899Z</Time><HeartRateBpm><Value>132</Value></HeartRateBpm><Extensions><TPX xmlns="http://www.garmin.com/xmlschemas/ActivityExtension/v2"><Speed>0.000000</Speed></TPX></Extensions></Trackpoint>
     <Trackpoint><Time>2026-03-31T20:06:13.483Z</Time><HeartRateBpm><Value>132</Value></HeartRateBpm><Extensions><TPX xmlns="http://www.garmin.com/xmlschemas/ActivityExtension/v2"><Speed>0.000000</Speed></TPX></Extensions></Trackpoint>
     <Trackpoint><Time>2026-03-31T20:06:14.483Z</Time><HeartRateBpm><Value>131</Value></HeartRateBpm><Extensions><TPX xmlns="http://www.garmin.com/xmlschemas/ActivityExtension/v2"><Speed>0.000000</Speed></TPX></Extensions></Trackpoint>
     <Trackpoint><Time>2026-03-31T20:06:16.483Z</Time><HeartRateBpm><Value>131</Value></HeartRateBpm><Extensions><TPX xmlns="http://www.garmin.com/xmlschemas/ActivityExtension/v2"><Speed>0.000000</Speed></TPX></Extensions></Trackpoint>
     <Trackpoint><Time>2026-03-31T20:06:18.483Z</Time><HeartRateBpm><Value>131</Value></HeartRateBpm><Extensions><TPX xmlns="http://www.garmin.com/xmlschemas/ActivityExtension/v2"><Speed>0.000000</Speed></TPX></Extensions></Trackpoint>
     <Trackpoint><Time>2026-03-31T20:06:19.483Z</Time><HeartRateBpm><Value>132</Value></HeartRateBpm><Extensions><TPX xmlns="http://www.garmin.com/xmlschemas/ActivityExtension/v2"><Speed>0.000000</Speed></TPX></Extensions></Trackpoint>
     <Trackpoint><Time>2026-03-31T20:06:20.483Z</Time><HeartRateBpm><Value>132</Value></HeartRateBpm><Extensions><TPX xmlns="http://www.garmin.com/xmlschemas/ActivityExtension/v2"><Speed>0.000000</Speed></TPX></Extensions></Trackpoint>
     <Trackpoint><Time>2026-03-31T20:06:21.483Z</Time><HeartRateBpm><Value>132</Value></HeartRateBpm><Extensions><TPX xmlns="http://www.garmin.com/xmlschemas/ActivityExtension/v2"><Speed>0.000000</Speed></TPX></Extensions></Trackpoint>
     <Trackpoint><Time>2026-03-31T20:06:23.483Z</Time><HeartRateBpm><Value>132</Value></HeartRateBpm><Extensions><TPX xmlns="http://www.garmin.com/xmlschemas/ActivityExtension/v2"><Speed>0.000000</Speed></TPX></Extensions></Trackpoint>
     <Trackpoint><Time>2026-03-31T20:06:24.645Z</Time><HeartRateBpm><Value>133</Value></HeartRateBpm><Extensions><TPX xmlns="http://www.garmin.com/xmlschemas/ActivityExtension/v2"><Speed>0.000000</Speed></TPX></Extensions></Trackpoint>
     <Trackpoint><Time>2026-03-31T20:06:26.483Z</Time><HeartRateBpm><Value>133</Value></HeartRateBpm><Extensions><TPX xmlns="http://www.garmin.com/xmlschemas/ActivityExtension/v2"><Speed>0.000000</Speed></TPX></Extensions></Trackpoint>
     <Trackpoint><Time>2026-03-31T20:06:28.482Z</Time><HeartRateBpm><Value>133</Value></HeartRateBpm><Extensions><TPX xmlns="http://www.garmin.com/xmlschemas/ActivityExtension/v2"><Speed>0.000000</Speed></TPX></Extensions></Trackpoint>
     <Trackpoint><Time>2026-03-31T20:06:29.483Z</Time><HeartRateBpm><Value>132</Value></HeartRateBpm><Extensions><TPX xmlns="http://www.garmin.com/xmlschemas/ActivityExtension/v2"><Speed>0.000000</Speed></TPX></Extensions></Trackpoint>
     <Trackpoint><Time>2026-03-31T20:06:30.483Z</Time><HeartRateBpm><Value>132</Value></HeartRateBpm><Extensions><TPX xmlns="http://www.garmin.com/xmlschemas/ActivityExtension/v2"><Speed>0.000000</Speed></TPX></Extensions></Trackpoint>
    </Track>
   </Lap>
  </Activity>
 </Activities>
</TrainingCenterDatabase>
