<?xml version="1.0" encoding="UTF-8"?>
<TrainingCenterDatabase xsi:schemaLocation="http://www.garmin.com/xmlschemas/TrainingCenterDatabase/v2 http://www.garmin.com/xmlschemas/TrainingCenterDatabasev2.xsd" xmlns:ns5="http://www.garmin.com/xmlschemas/ActivityGoals/v1" xmlns:ns4="http://www.garmin.com/xmlschemas/ProfileExtension/v1" xmlns:ns3="http://www.garmin.com/xmlschemas/ActivityExtension/v2" xmlns:ns2="http://www.garmin.com/xmlschemas/UserProfile/v2" xmlns="http://www.garmin.com/xmlschemas/TrainingCenterDatabase/v2" xmlns:xsi="http://www.w3.org/2001/XMLSchema-instance">
 <Creator>Apple Watch</Creator>
 <Activities>
  <Activity Sport="Biking">
   <Id>2026-01-28T21:17:32.434Z</Id>
   <Lap StartTime="2026-01-28T21:17:32.434Z">
    <TotalTimeSeconds>600</TotalTimeSeconds>
    <AverageHeartRateBpm><Value>119</Value></AverageHeartRateBpm>
    <MaximumHeartRateBpm><Value>145</Value></MaximumHeartRateBpm>
    <Calories>86</Calories>
    <Track>
     <Trackpoint><Time>2026-01-28T21:17:32.434Z</Time><HeartRateBpm><Value>0</Value></HeartRateBpm><Extensions><TPX xmlns="http://www.garmin.com/xmlschemas/ActivityExtension/v2"><Speed>0.000000</Speed></TPX></Extensions></Trackpoint>
     <Trackpoint><Time>2026-01-28T21:17:34.434Z</Time><HeartRateBpm><Value>0</Value></HeartRateBpm><Extensions><TPX xmlns="http://www.garmin.com/xmlschemas/ActivityExtension/v2"><Speed>0.000000</Speed></TPX></Extensions></Trackpoint>
     <Trackpoint><Time>2026-01-28T21:17:36.434Z</Time><HeartRateBpm><Value>0</Value></HeartRateBpm><Extensions><TPX xmlns="http://www.garmin.com/xmlschemas/ActivityExtension/v2"><Speed>0.000000</Speed></TPX></Extensions></Trackpoint>
     <Trackpoint><Time>2026-01-28T21:17:38.434Z</Time><HeartRateBpm><Value>76</Value></HeartRateBpm><Extensions><TPX xmlns="http://www.garmin.com/xmlschemas/ActivityExtension/v2"><Speed>0.000000</Speed></TPX></Extensions></Trackpoint>
     <Trackpoint><Time>2026-01-28T21:17:40.434Z</Time><HeartRateBpm><Value>76</Value></HeartRateBpm><Extensions><TPX xmlns="http://www.garmin.com/xmlschemas/ActivityExtension/v2"><Speed>0.000000</Speed></TPX></Extensions></Trackpoint>
     <Trackpoint><Time>2026-01-28T21:17:41.434Z</Time><HeartRateBpm><Value>76</Value></HeartRateBpm><Extensions><TPX xmlns="http://www.garmin.com/xmlschemas/ActivityExtension/v2"><Speed>0.000000</Speed></TPX></Extensions></Trackpoint>
     <Trackpoint><Time>2026-01-28T21:17:43.434Z</Time><HeartRateBpm><Value>80</Value></HeartRateBpm><Extensions><TPX xmlns="http://www.garmin.com/xmlschemas/ActivityExtension/v2"><Speed>0.000000</Speed></TPX></Extensions></Trackpoint>
     <Trackpoint><Time>2026-01-28T21:17:45.433Z</Time><HeartRateBpm><Value>80</Value></HeartRateBpm><Extensions><TPX xmlns="http://www.garmin.com/xmlschemas/ActivityExtension/v2"><Speed>0.000000</Speed></TPX></Extensions></Trackpoint>
     <Trackpoint><Time>2026-01-28T21:17:46.434Z</Time><HeartRateBpm><Value>80</Value></HeartRateBpm><Extensions><TPX xmlns="http://www.garmin.com/xmlschemas/ActivityExtension/v2"><Speed>0.000000</Speed></TPX></Extensions></Trackpoint>
     <Trackpoint><Time>2026-01-28T21:17:47.434Z</Time><HeartRateBpm><Value>93</Value></HeartRateBpm><Extensions><TPX xmlns="http://www.garmin.com/xmlschemas/ActivityExtension/v2"><Speed>0.000000</Speed></TPX></Extensions></Trackpoint>
     <Trackpoint><Time>2026-01-28T21:17:48.434Z</Time><HeartRateBpm><Value>93</Value></HeartRateBpm><Extensions><TPX xmlns="http://www.garmin.com/xmlschemas/ActivityExtension/v2"><Speed>0.000000</Speed></TPX></Extensions></Trackpoint>
     <Trackpoint><Time>2026-01-28T21:17:50.434Z</Time><HeartRateBpm><Value>93</Value></HeartRateBpm><Extensions><TPX xmlns="http://www.garmin.com/xmlschemas/ActivityExtension/v2"><Speed>0.000000</Speed></TPX></Extensions></Trackpoint>
     <Trackpoint><Time>2026-01-28T21:17:51.868Z</Time><HeartRateBpm><Value>98</Value></HeartRateBpm><Extensions><TPX xmlns="http://www.garmin.com/xmlschemas/ActivityExtension/v2"><Speed>0.000000</Speed></TPX></Extensions></Trackpoint>
     <Trackpoint><Time>2026-01-28T21:17:53.434Z</Time><HeartRateBpm><Value>98</Value></HeartRateBpm><Extensions><TPX xmlns="http://www.garmin.com/xmlschemas/ActivityExtension/v2"><Speed>0.000000</Speed></TPX></Extensions></Trackpoint>
     <Trackpoint><Time>2026-01-28T21:17:54.434Z</Time><HeartRateBpm><Value>98</Value></HeartRateBpm><Extensions><TPX xmlns="http://www.garmin.com/xmlschemas/ActivityExtension/v2"><Speed>0.000000</Speed></TPX></Extensions></Trackpoint>
     <Trackpoint><Time>2026-01-28T21:17:55.434Z</Time><HeartRateBpm><Value>98</Value></HeartRateBpm><Extensions><TPX xmlns="http://www.garmin.com/xmlschemas/ActivityExtension/v2"><Speed>0.000000</Speed></TPX></Extensions></Trackpoint>
     <Trackpoint><Time>2026-01-28T21:17:56.440Z</Time><HeartRateBpm><Value>100</Value></HeartRateBpm><Extensions><TPX xmlns="http://www.garmin.com/xmlschemas/ActivityExtension/v2"><Speed>0.000000</Speed></TPX></Extensions></Trackpoint>
     <Trackpoint><Time>2026-01-28T21:17:58.434Z</Time><HeartRateBpm><Value>100</Value></HeartRateBpm><Extensions><TPX xmlns="http://www.garmin.com/xmlschemas/ActivityExtension/v2"><Speed>0.000000</Speed></TPX></Extensions></Trackpoint>
     <Trackpoint><Time>2026-01-28T21:17:59.518Z</Time><HeartRateBpm><Value>100</Value></HeartRateBpm><Extensions><TPX xmlns="http://www.garmin.com/xmlschemas/ActivityExtension/v2"><Speed>0.000000</Speed></TPX></Extensions></Trackpoint>
     <Trackpoint><Time>2026-01-28T21:18:01.414Z</Time><HeartRateBpm><Value>101</Value></HeartRateBpm><Extensions><TPX xmlns="http://www.garmin.com/xmlschemas/ActivityExtension/v2"><Speed>0.000000</Speed></TPX></Extensions></Trackpoint>
     <Trackpoint><Time>2026-01-28T21:18:02.434Z</Time><HeartRateBpm><Value>101</Value></HeartRateBpm><Extensions><TPX xmlns="http://www.garmin.com/xmlschemas/ActivityExtension/v2"><Speed>0.000000</Speed></TPX></Extensions></Trackpoint>
     <Trackpoint><Time>2026-01-28T21:18:04.434Z</Time><HeartRateBpm><Value>101</Value></HeartRateBpm><Extensions><TPX xmlns="http://www.garmin.com/xmlschemas/ActivityExtension/v2"><Speed>0.000000</Speed></TPX></Extensions></Trackpoint>
     <Trackpoint><Time>2026-01-28T21:18:05.434Z</Time><HeartRateBpm><Value>101</Value></HeartRateBpm><Extensions><TPX xmlns="http://www.garmin.com/xmlschemas/ActivityExtension/v2"><Speed>0.000000</Speed></TPX></Extensions></Trackpoint>
     <Trackpoint><Time>2026-01-28T21:18:06.451Z</Time><HeartRateBpm><Value>102</Value></HeartRateBpm><Extensions><TPX xmlns="http://www.garmin.com/xmlschemas/ActivityExtension/v2"><Speed>0.000000</Speed></TPX></Extensions></Trackpoint>
     <Trackpoint><Time>2026-01-28T21:18:08.434Z</Time><HeartRateBpm><Value>102</Value></HeartRateBpm><Extensions><TPX xmlns="http://www.garmin.com/xmlschemas/ActivityExtension/v2"><Speed>0.000000</Speed></TPX></Extensions></Trackpoint>
     <Trackpoint><Time>2026-01-28T21:18:09.712Z</Time><HeartRateBpm><Value>102</Value></HeartRateBpm><Extensions><TPX xmlns="http://www.garmin.com/xmlschemas/ActivityExtension/v2"><Speed>0.000000</Speed></TPX></Extensions></Trackpoint>
     <Trackpoint><Time>2026-01-28T21:18:11.434Z</Time><HeartRateBpm><Value>102</Value></HeartRateBpm><Extensions><TPX xmlns="http://www.garmin.com/xmlschemas/ActivityExtension/v2"><Speed>0.000000</Speed></TPX></Extensions></Trackpoint>
     <Trackpoint><Time>2026-01-28T21:18:13.434Z</Time><HeartRateBpm><Value>99</Value></HeartRateBpm><Extensions><TPX xmlns="http://www.garmin.com/xmlschemas/ActivityExtension/v2"><Speed>0.000000</Speed></TPX></Extensions></Trackpoint>
     <Trackpoint><Time>2026-01-28T21:18:14.817Z</Time><HeartRateBpm><Value>99</Value></HeartRateBpm><Extensions><TPX xmlns="http://www.garmin.com/xmlschemas/ActivityExtension/v2"><Speed>0.000000</Speed></TPX></Extensions></Trackpoint>
     <Trackpoint><Time>2026-01-28T21:18:16.434Z</Time><HeartRateBpm><Value>99</Value></HeartRateBpm><Extensions><TPX xmlns="http://www.garmin.com/xmlschemas/ActivityExtension/v2"><Speed>0.000000</Speed></TPX></Extensions></Trackpoint>
     <Trackpoint><Time>2026-01-28T21:18:18.434Z</Time><HeartRateBpm><Value>100</Value></HeartRateBpm><Extensions><TPX xmlns="http://www.garmin.com/xmlschemas/ActivityExtension/v2"><Speed>0.000000</Speed></TPX></Extensions></Trackpoint>
     <Trackpoint><Time>2026-01-28T21:18:19.915Z</Time><HeartRateBpm><Value>100</Value></HeartRateBpm><Extensions><TPX xmlns="http://www.garmin.com/xmlschemas/ActivityExtension/v2"><Speed>0.000000</Speed></TPX></Extensions></Trackpoint>
     <Trackpoint><Time>2026-01-28T21:18:21.411Z</Time><HeartRateBpm><Value>104</Value></HeartRateBpm><Extensions><TPX xmlns="http://www.garmin.com/xmlschemas/ActivityExtension/v2"><Speed>0.000000</Speed></TPX></Extensions></Trackpoint>
     <Trackpoint><Time>2026-01-28T21:18:22.434Z</Time><HeartRateBpm><Value>104</Value></HeartRateBpm><Extensions><TPX xmlns="http://www.garmin.com/xmlschemas/ActivityExtension/v2"><Speed>0.000000</Speed></TPX></Extensions></Trackpoint>
     <Trackpoint><Time>2026-01-28T21:18:24.434Z</Time><HeartRateBpm><Value>104</Value></HeartRateBpm><Extensions><TPX xmlns="http://www.garmin.com/xmlschemas/ActivityExtension/v2"><Speed>0.000000</Speed></TPX></Extensions></Trackpoint>
     <Trackpoint><Time>2026-01-28T21:18:26.408Z</Time><HeartRateBpm><Value>106</Value></HeartRateBpm><Extensions><TPX xmlns="http://www.garmin.com/xmlschemas/ActivityExtension/v2"><Speed>0.000000</Speed></TPX></Extensions></Trackpoint>
     <Trackpoint><Time>2026-01-28T21:18:27.434Z</Time><HeartRateBpm><Value>106</Value></HeartRateBpm><Extensions><TPX xmlns="http://www.garmin.com/xmlschemas/ActivityExtension/v2"><Speed>0.000000</Speed></TPX></Extensions></Trackpoint>
     <Trackpoint><Time>2026-01-28T21:18:29.434Z</Time><HeartRateBpm><Value>106</Value></HeartRateBpm><Extensions><TPX xmlns="http://www.garmin.com/xmlschemas/ActivityExtension/v2"><Speed>0.000000</Speed></TPX></Extensions></Trackpoint>
     <Trackpoint><Time>2026-01-28T21:18:31.409Z</Time><HeartRateBpm><Value>105</Value></HeartRateBpm><Extensions><TPX xmlns="http://www.garmin.com/xmlschemas/ActivityExtension/v2"><Speed>0.000000</Speed></TPX></Extensions></Trackpoint>
     <Trackpoint><Time>2026-01-28T21:18:32.434Z</Time><HeartRateBpm><Value>105</Value></HeartRateBpm><Extensions><TPX xmlns="http://www.garmin.com/xmlschemas/ActivityExtension/v2"><Speed>0.000000</Speed></TPX></Extensions></Trackpoint>
     <Trackpoint><Time>2026-01-28T21:18:34.434Z</Time><HeartRateBpm><Value>105</Value></HeartRateBpm><Extensions><TPX xmlns="http://www.garmin.com/xmlschemas/ActivityExtension/v2"><Speed>0.000000</Speed></TPX></Extensions></Trackpoint>
     <Trackpoint><Time>2026-01-28T21:18:36.407Z</Time><HeartRateBpm><Value>102</Value></HeartRateBpm><Extensions><TPX xmlns="http://www.garmin.com/xmlschemas/ActivityExtension/v2"><Speed>0.000000</Speed></TPX></Extensions></Trackpoint>
     <Trackpoint><Time>2026-01-28T21:18:37.434Z</Time><HeartRateBpm><Value>102</Value></HeartRateBpm><Extensions><TPX xmlns="http://www.garmin.com/xmlschemas/ActivityExtension/v2"><Speed>0.000000</Speed></TPX></Extensions></Trackpoint>
     <Trackpoint><Time>2026-01-28T21:18:39.434Z</Time><HeartRateBpm><Value>102</Value></HeartRateBpm><Extensions><TPX xmlns="http://www.garmin.com/xmlschemas/ActivityExtension/v2"><Speed>0.000000</Speed></TPX></Extensions></Trackpoint>
     <Trackpoint><Time>2026-01-28T21:18:41.410Z</Time><HeartRateBpm><Value>113</Value></HeartRateBpm><Extensions><TPX xmlns="http://www.garmin.com/xmlschemas/ActivityExtension/v2"><Speed>0.000000</Speed></TPX></Extensions></Trackpoint>
     <Trackpoint><Time>2026-01-28T21:18:42.434Z</Time><HeartRateBpm><Value>113</Value></HeartRateBpm><Extensions><TPX xmlns="http://www.garmin.com/xmlschemas/ActivityExtension/v2"><Speed>0.000000</Speed></TPX></Extensions></Trackpoint>
     <Trackpoint><Time>2026-01-28T21:18:44.434Z</Time><HeartRateBpm><Value>113</Value></HeartRateBpm><Extensions><TPX xmlns="http://www.garmin.com/xmlschemas/ActivityExtension/v2"><Speed>0.000000</Speed></TPX></Extensions></Trackpoint>
     <Trackpoint><Time>2026-01-28T21:18:46.434Z</Time><HeartRateBpm><Value>113</Value></HeartRateBpm><Extensions><TPX xmlns="http://www.garmin.com/xmlschemas/ActivityExtension/v2"><Speed>0.000000</Speed></TPX></Extensions></Trackpoint>
     <Trackpoint><Time>2026-01-28T21:18:47.952Z</Time><HeartRateBpm><Value>105</Value></HeartRateBpm><Extensions><TPX xmlns="http://www.garmin.com/xmlschemas/ActivityExtension/v2"><Speed>0.000000</Speed></TPX></Extensions></Trackpoint>
     <Trackpoint><Time>2026-01-28T21:18:49.434Z</Time><HeartRateBpm><Value>105</Value></HeartRateBpm><Extensions><TPX xmlns="http://www.garmin.com/xmlschemas/ActivityExtension/v2"><Speed>0.000000</Speed></TPX></Extensions></Trackpoint>
     <Trackpoint><Time>2026-01-28T21:18:50.568Z</Time><HeartRateBpm><Value>105</Value></HeartRateBpm><Extensions><TPX xmlns="http://www.garmin.com/xmlschemas/ActivityExtension/v2"><Speed>0.000000</Speed></TPX></Extensions></Trackpoint>
     <Trackpoint><Time>2026-01-28T21:18:51.972Z</Time><HeartRateBpm><Value>106</Value></HeartRateBpm><Extensions><TPX xmlns="http://www.garmin.com/xmlschemas/ActivityExtension/v2"><Speed>0.000000</Speed></TPX></Extensions></Trackpoint>
     <Trackpoint><Time>2026-01-28T21:18:53.050Z</Time><HeartRateBpm><Value>106</Value></HeartRateBpm><Extensions><TPX xmlns="http://www.garmin.com/xmlschemas/ActivityExtension/v2"><Speed>0.000000</Speed></TPX></Extensions></Trackpoint>
     <Trackpoint><Time>2026-01-28T21:18:54.434Z</Time><HeartRateBpm><Value>106</Value></HeartRateBpm><Extensions><TPX xmlns="http://www.garmin.com/xmlschemas/ActivityExtension/v2"><Speed>0.000000</Speed></TPX></Extensions></Trackpoint>
     <Trackpoint><Time>2026-01-28T21:18:55.434Z</Time><HeartRateBpm><Value>106</Value></HeartRateBpm><Extensions><TPX xmlns="http://www.garmin.com/xmlschemas/ActivityExtension/v2"><Speed>0.000000</Speed></TPX></Extensions></Trackpoint>
     <Trackpoint><Time>2026-01-28T21:18:56.970Z</Time><HeartRateBpm><Value>112</Value></HeartRateBpm><Extensions><TPX xmlns="http://www.garmin.com/xmlschemas/ActivityExtension/v2"><Speed>0.000000</Speed></TPX></Extensions></Trackpoint>
     <Trackpoint><Time>2026-01-28T21:18:58.144Z</Time><HeartRateBpm><Value>112</Value></HeartRateBpm><Extensions><TPX xmlns="http://www.garmin.com/xmlschemas/ActivityExtension/v2"><Speed>0.000000</Speed></TPX></Extensions></Trackpoint>
     <Trackpoint><Time>2026-01-28T21:18:59.434Z</Time><HeartRateBpm><Value>112</Value></HeartRateBpm><Extensions><TPX xmlns="http://www.garmin.com/xmlschemas/ActivityExtension/v2"><Speed>0.000000</Speed></TPX></Extensions></Trackpoint>
     <Trackpoint><Time>2026-01-28T21:19:00.434Z</Time><HeartRateBpm><Value>112</Value></HeartRateBpm><Extensions><TPX xmlns="http://www.garmin.com/xmlschemas/ActivityExtension/v2"><Speed>0.000000</Speed></TPX></Extensions></Trackpoint>
     <Trackpoint><Time>2026-01-28T21:19:02.434Z</Time><HeartRateBpm><Value>113</Value></HeartRateBpm><Extensions><TPX xmlns="http://www.garmin.com/xmlschemas/ActivityExtension/v2"><Speed>0.000000</Speed></TPX></Extensions></Trackpoint>
     <Trackpoint><Time>2026-01-28T21:19:03.434Z</Time><HeartRateBpm><Value>113</Value></HeartRateBpm><Extensions><TPX xmlns="http://www.garmin.com/xmlschemas/ActivityExtension/v2"><Speed>0.000000</Speed></TPX></Extensions></Trackpoint>
     <Trackpoint><Time>2026-01-28T21:19:05.434Z</Time><HeartRateBpm><Value>113</Value></HeartRateBpm><Extensions><TPX xmlns="http://www.garmin.com/xmlschemas/ActivityExtension/v2"><Speed>0.000000</Speed></TPX></Extensions></Trackpoint>
     <Trackpoint><Time>2026-01-28T21:19:06.974Z</Time><HeartRateBpm><Value>111</Value></HeartRateBpm><Extensions><TPX xmlns="http://www.garmin.com/xmlschemas/ActivityExtension/v2"><Speed>0.000000</Speed></TPX></Extensions></Trackpoint>
     <Trackpoint><Time>2026-01-28T21:19:08.360Z</Time><HeartRateBpm><Value>111</Value></HeartRateBpm><Extensions><TPX xmlns="http://www.garmin.com/xmlschemas/ActivityExtension/v2"><Speed>0.000000</Speed></TPX></Extensions></Trackpoint>
     <Trackpoint><Time>2026-01-28T21:19:09.434Z</Time><HeartRateBpm><Value>111</Value></HeartRateBpm><Extensions><TPX xmlns="http://www.garmin.com/xmlschemas/ActivityExtension/v2"><Speed>0.000000</Speed></TPX></Extensions></Trackpoint>
     <Trackpoint><Time>2026-01-28T21:19:10.895Z</Time><HeartRateBpm><Value>111</Value></HeartRateBpm><Extensions><TPX xmlns="http://www.garmin.com/xmlschemas/ActivityExtension/v2"><Speed>0.000000</Speed></TPX></Extensions></Trackpoint>
     <Trackpoint><Time>2026-01-28T21:19:12.434Z</Time><HeartRateBpm><Value>110</Value></HeartRateBpm><Extensions><TPX xmlns="http://www.garmin.com/xmlschemas/ActivityExtension/v2"><Speed>0.000000</Speed></TPX></Extensions></Trackpoint>
     <Trackpoint><Time>2026-01-28T21:19:13.434Z</Time><HeartRateBpm><Value>110</Value></HeartRateBpm><Extensions><TPX xmlns="http://www.garmin.com/xmlschemas/ActivityExtension/v2"><Speed>0.000000</Speed></TPX></Extensions></Trackpoint>
     <Trackpoint><Time>2026-01-28T21:19:14.434Z</Time><HeartRateBpm><Value>110</Value></HeartRateBpm><Extensions><TPX xmlns="http://www.garmin.com/xmlschemas/ActivityExtension/v2"><Speed>0.000000</Speed></TPX></Extensions></Trackpoint>
     <Trackpoint><Time>2026-01-28T21:19:15.992Z</Time><HeartRateBpm><Value>110</Value></HeartRateBpm><Extensions><TPX xmlns="http://www.garmin.com/xmlschemas/ActivityExtension/v2"><Speed>0.000000</Speed></TPX></Extensions></Trackpoint>
     <Trackpoint><Time>2026-01-28T21:19:17.434Z</Time><HeartRateBpm><Value>108</Value></HeartRateBpm><Extensions><TPX xmlns="http://www.garmin.com/xmlschemas/ActivityExtension/v2"><Speed>0.000000</Speed></TPX></Extensions></Trackpoint>
     <Trackpoint><Time>2026-01-28T21:19:18.434Z</Time><HeartRateBpm><Value>108</Value></HeartRateBpm><Extensions><TPX xmlns="http://www.garmin.com/xmlschemas/ActivityExtension/v2"><Speed>0.000000</Speed></TPX></Extensions></Trackpoint>
     <Trackpoint><Time>2026-01-28T21:19:20.434Z</Time><HeartRateBpm><Value>108</Value></HeartRateBpm><Extensions><TPX xmlns="http://www.garmin.com/xmlschemas/ActivityExtension/v2"><Speed>0.000000</Speed></TPX></Extensions></Trackpoint>
     <Trackpoint><Time>2026-01-28T21:19:21.434Z</Time><HeartRateBpm><Value>101</Value></HeartRateBpm><Extensions><TPX xmlns="http://www.garmin.com/xmlschemas/ActivityExtension/v2"><Speed>0.000000</Speed></TPX></Extensions></Trackpoint>
     <Trackpoint><Time>2026-01-28T21:19:23.434Z</Time><HeartRateBpm><Value>101</Value></HeartRateBpm><Extensions><TPX xmlns="http://www.garmin.com/xmlschemas/ActivityExtension/v2"><Speed>0.000000</Speed></TPX></Extensions></Trackpoint>
     <Trackpoint><Time>2026-01-28T21:19:25.434Z</Time><HeartRateBpm><Value>101</Value></HeartRateBpm><Extensions><TPX xmlns="http://www.garmin.com/xmlschemas/ActivityExtension/v2"><Speed>0.000000</Speed></TPX></Extensions></Trackpoint>
     <Trackpoint><Time>2026-01-28T21:19:27.434Z</Time><HeartRateBpm><Value>101</Value></HeartRateBpm><Extensions><TPX xmlns="http://www.garmin.com/xmlschemas/ActivityExtension/v2"><Speed>0.000000</Speed></TPX></Extensions></Trackpoint>
     <Trackpoint><Time>2026-01-28T21:19:28.733Z</Time><HeartRateBpm><Value>101</Value></HeartRateBpm><Extensions><TPX xmlns="http://www.garmin.com/xmlschemas/ActivityExtension/v2"><Speed>0.000000</Speed></TPX></Extensions></Trackpoint>
     <Trackpoint><Time>2026-01-28T21:19:30.434Z</Time><HeartRateBpm><Value>101</Value></HeartRateBpm><Extensions><TPX xmlns="http://www.garmin.com/xmlschemas/ActivityExtension/v2"><Speed>0.000000</Speed></TPX></Extensions></Trackpoint>
     <Trackpoint><Time>2026-01-28T21:19:31.434Z</Time><HeartRateBpm><Value>104</Value></HeartRateBpm><Extensions><TPX xmlns="http://www.garmin.com/xmlschemas/ActivityExtension/v2"><Speed>0.000000</Speed></TPX></Extensions></Trackpoint>
     <Trackpoint><Time>2026-01-28T21:19:33.434Z</Time><HeartRateBpm><Value>104</Value></HeartRateBpm><Extensions><TPX xmlns="http://www.garmin.com/xmlschemas/ActivityExtension/v2"><Speed>0.000000</Speed></TPX></Extensions></Trackpoint>
     <Trackpoint><Time>2026-01-28T21:19:34.434Z</Time><HeartRateBpm><Value>104</Value></HeartRateBpm><Extensions><TPX xmlns="http://www.garmin.com/xmlschemas/ActivityExtension/v2"><Speed>0.000000</Speed></TPX></Extensions></Trackpoint>
     <Trackpoint><Time>2026-01-28T21:19:35.434Z</Time><HeartRateBpm><Value>104</Value></HeartRateBpm><Extensions><TPX xmlns="http://www.garmin.com/xmlschemas/ActivityExtension/v2"><Speed>0.000000</Speed></TPX></Extensions></Trackpoint>
     <Trackpoint><Time>2026-01-28T21:19:36.434Z</Time><HeartRateBpm><Value>104</Value></HeartRateBpm><Extensions><TPX xmlns="http://www.garmin.com/xmlschemas/ActivityExtension/v2"><Speed>0.000000</Speed></TPX></Extensions></Trackpoint>
     <Trackpoint><Time>2026-01-28T21:19:38.434Z</Time><HeartRateBpm><Value>104</Value></HeartRateBpm><Extensions><TPX xmlns="http://www.garmin.com/xmlschemas/ActivityExtension/v2"><Speed>0.000000</Speed></TPX></Extensions></Trackpoint>
     <Trackpoint><Time>2026-01-28T21:19:40.434Z</Time><HeartRateBpm><Value>104</Value></HeartRateBpm><Extensions><TPX xmlns="http://www.garmin.com/xmlschemas/ActivityExtension/v2"><Speed>0.000000</Speed></TPX></Extensions></Trackpoint>
     <Trackpoint><Time>2026-01-28T21:19:41.434Z</Time><HeartRateBpm><Value>104</Value></HeartRateBpm><Extensions><TPX xmlns="http://www.garmin.com/xmlschemas/ActivityExtension/v2"><Speed>0.000000</Speed></TPX></Extensions></Trackpoint>
     <Trackpoint><Time>2026-01-28T21:19:42.434Z</Time><HeartRateBpm><Value>103</Value></HeartRateBpm><Extensions><TPX xmlns="http://www.garmin.com/xmlschemas/ActivityExtension/v2"><Speed>0.000000</Speed></TPX></Extensions></Trackpoint>
     <Trackpoint><Time>2026-01-28T21:19:44.029Z</Time><HeartRateBpm><Value>103</Value></HeartRateBpm><Extensions><TPX xmlns="http://www.garmin.com/xmlschemas/ActivityExtension/v2"><Speed>0.000000</Speed></TPX></Extensions></Trackpoint>
     <Trackpoint><Time>2026-01-28T21:19:45.434Z</Time><HeartRateBpm><Value>103</Value></HeartRateBpm><Extensions><TPX xmlns="http://www.garmin.com/xmlschemas/ActivityExtension/v2"><Speed>0.000000</Speed></TPX></Extensions></Trackpoint>
     <Trackpoint><Time>2026-01-28T21:19:46.579Z</Time><HeartRateBpm><Value>103</Value></HeartRateBpm><Extensions><TPX xmlns="http://www.garmin.com/xmlschemas/ActivityExtension/v2"><Speed>0.000000</Speed></TPX></Extensions></Trackpoint>
     <Trackpoint><Time>2026-01-28T21:19:48.434Z</Time><HeartRateBpm><Value>105</Value></HeartRateBpm><Extensions><TPX xmlns="http://www.garmin.com/xmlschemas/ActivityExtension/v2"><Speed>0.000000</Speed></TPX></Extensions></Trackpoint>
     <Trackpoint><Time>2026-01-28T21:19:49.434Z</Time><HeartRateBpm><Value>105</Value></HeartRateBpm><Extensions><TPX xmlns="http://www.garmin.com/xmlschemas/ActivityExtension/v2"><Speed>0.000000</Speed></TPX></Extensions></Trackpoint>
     <Trackpoint><Time>2026-01-28T21:19:50.434Z</Time><HeartRateBpm><Value>105</Value></HeartRateBpm><Extensions><TPX xmlns="http://www.garmin.com/xmlschemas/ActivityExtension/v2"><Speed>0.000000</Speed></TPX></Extensions></Trackpoint>
     <Trackpoint><Time>2026-01-28T21:19:51.673Z</Time><HeartRateBpm><Value>105</Value></HeartRateBpm><Extensions><TPX xmlns="http://www.garmin.com/xmlschemas/ActivityExtension/v2"><Speed>0.000000</Speed></TPX></Extensions></Trackpoint>
     <Trackpoint><Time>2026-01-28T21:19:53.434Z</Time><HeartRateBpm><Value>104</Value></HeartRateBpm><Extensions><TPX xmlns="http://www.garmin.com/xmlschemas/ActivityExtension/v2"><Speed>0.000000</Speed></TPX></Extensions></Trackpoint>
     <Trackpoint><Time>2026-01-28T21:19:55.434Z</Time><HeartRateBpm><Value>104</Value></HeartRateBpm><Extensions><TPX xmlns="http://www.garmin.com/xmlschemas/ActivityExtension/v2"><Speed>0.000000</Speed></TPX></Extensions></Trackpoint>
     <Trackpoint><Time>2026-01-28T21:19:56.434Z</Time><HeartRateBpm><Value>104</Value></HeartRateBpm><Extensions><TPX xmlns="http://www.garmin.com/xmlschemas/ActivityExtension/v2"><Speed>0.000000</Speed></TPX></Extensions></Trackpoint>
     <Trackpoint><Time>2026-01-28T21:19:58.434Z</Time><HeartRateBpm><Value>109</Value></HeartRateBpm><Extensions><TPX xmlns="http://www.garmin.com/xmlschemas/ActivityExtension/v2"><Speed>0.000000</Speed></TPX></Extensions></Trackpoint>
     <Trackpoint><Time>2026-01-28T21:20:00.434Z</Time><HeartRateBpm><Value>109</Value></HeartRateBpm><Extensions><TPX xmlns="http://www.garmin.com/xmlschemas/ActivityExtension/v2"><Speed>0.000000</Speed></TPX></Extensions></Trackpoint>
     <Trackpoint><Time>2026-01-28T21:20:01.874Z</Time><HeartRateBpm><Value>109</Value></HeartRateBpm><Extensions><TPX xmlns="http://www.garmin.com/xmlschemas/ActivityExtension/v2"><Speed>0.000000</Speed></TPX></Extensions></Trackpoint>
     <Trackpoint><Time>2026-01-28T21:20:03.434Z</Time><HeartRateBpm><Value>109</Value></HeartRateBpm><Extensions><TPX xmlns="http://www.garmin.com/xmlschemas/ActivityExtension/v2"><Speed>0.000000</Speed></TPX></Extensions></Trackpoint>
     <Trackpoint><Time>2026-01-28T21:20:04.435Z</Time><HeartRateBpm><Value>109</Value></HeartRateBpm><Extensions><TPX xmlns="http://www.garmin.com/xmlschemas/ActivityExtension/v2"><Speed>0.000000</Speed></TPX></Extensions></Trackpoint>
     <Trackpoint><Time>2026-01-28T21:20:06.434Z</Time><HeartRateBpm><Value>109</Value></HeartRateBpm><Extensions><TPX xmlns="http://www.garmin.com/xmlschemas/ActivityExtension/v2"><Speed>0.000000</Speed></TPX></Extensions></Trackpoint>
     <Trackpoint><Time>2026-01-28T21:20:08.434Z</Time><HeartRateBpm><Value>106</Value></HeartRateBpm><Extensions><TPX xmlns="http://www.garmin.com/xmlschemas/ActivityExtension/v2"><Speed>0.000000</Speed></TPX></Extensions></Trackpoint>
     <Trackpoint><Time>2026-01-28T21:20:09.434Z</Time><HeartRateBpm><Value>106</Value></HeartRateBpm><Extensions><TPX xmlns="http://www.garmin.com/xmlschemas/ActivityExtension/v2"><Speed>0.000000</Speed></TPX></Extensions></Trackpoint>
     <Trackpoint><Time>2026-01-28T21:20:11.409Z</Time><HeartRateBpm><Value>110</Value></HeartRateBpm><Extensions><TPX xmlns="http://www.garmin.com/xmlschemas/ActivityExtension/v2"><Speed>0.000000</Speed></TPX></Extensions></Trackpoint>
     <Trackpoint><Time>2026-01-28T21:20:12.434Z</Time><HeartRateBpm><Value>110</Value></HeartRateBpm><Extensions><TPX xmlns="http://www.garmin.com/xmlschemas/ActivityExtension/v2"><Speed>0.000000</Speed></TPX></Extensions></Trackpoint>
     <Trackpoint><Time>2026-01-28T21:20:14.434Z</Time><HeartRateBpm><Value>110</Value></HeartRateBpm><Extensions><TPX xmlns="http://www.garmin.com/xmlschemas/ActivityExtension/v2"><Speed>0.000000</Speed></TPX></Extensions></Trackpoint>
     <Trackpoint><Time>2026-01-28T21:20:15.434Z</Time><HeartRateBpm><Value>110</Value></HeartRateBpm><Extensions><TPX xmlns="http://www.garmin.com/xmlschemas/ActivityExtension/v2"><Speed>0.000000</Speed></TPX></Extensions></Trackpoint>
     <Trackpoint><Time>2026-01-28T21:20:16.440Z</Time><HeartRateBpm><Value>108</Value></HeartRateBpm><Extensions><TPX xmlns="http://www.garmin.com/xmlschemas/ActivityExtension/v2"><Speed>0.000000</Speed></TPX></Extensions></Trackpoint>
     <Trackpoint><Time>2026-01-28T21:20:18.434Z</Time><HeartRateBpm><Value>108</Value></HeartRateBpm><Extensions><TPX xmlns="http://www.garmin.com/xmlschemas/ActivityExtension/v2"><Speed>0.000000</Speed></TPX></Extensions></Trackpoint>
     <Trackpoint><Time>2026-01-28T21:20:19.712Z</Time><HeartRateBpm><Value>108</Value></HeartRateBpm><Extensions><TPX xmlns="http://www.garmin.com/xmlschemas/ActivityExtension/v2"><Speed>0.000000</Speed></TPX></Extensions></Trackpoint>
     <Trackpoint><Time>2026-01-28T21:20:21.434Z</Time><HeartRateBpm><Value>108</Value></HeartRateBpm><Extensions><TPX xmlns="http://www.garmin.com/xmlschemas/ActivityExtension/v2"><Speed>0.000000</Speed></TPX></Extensions></Trackpoint>
     <Trackpoint><Time>2026-01-28T21:20:23.434Z</Time><HeartRateBpm><Value>111</Value></HeartRateBpm><Extensions><TPX xmlns="http://www.garmin.com/xmlschemas/ActivityExtension/v2"><Speed>0.000000</Speed></TPX></Extensions></Trackpoint>
     <Trackpoint><Time>2026-01-28T21:20:24.811Z</Time><HeartRateBpm><Value>111</Value></HeartRateBpm><Extensions><TPX xmlns="http://www.garmin.com/xmlschemas/ActivityExtension/v2"><Speed>0.000000</Speed></TPX></Extensions></Trackpoint>
     <Trackpoint><Time>2026-01-28T21:20:26.408Z</Time><HeartRateBpm><Value>110</Value></HeartRateBpm><Extensions><TPX xmlns="http://www.garmin.com/xmlschemas/ActivityExtension/v2"><Speed>0.000000</Speed></TPX></Extensions></Trackpoint>
     <Trackpoint><Time>2026-01-28T21:20:27.434Z</Time><HeartRateBpm><Value>110</Value></HeartRateBpm><Extensions><TPX xmlns="http://www.garmin.com/xmlschemas/ActivityExtension/v2"><Speed>0.000000</Speed></TPX></Extensions></Trackpoint>
     <Trackpoint><Time>2026-01-28T21:20:29.434Z</Time><HeartRateBpm><Value>110</Value></HeartRateBpm><Extensions><TPX xmlns="http://www.garmin.com/xmlschemas/ActivityExtension/v2"><Speed>0.000000</Speed></TPX></Extensions></Trackpoint>
     <Trackpoint><Time>2026-01-28T21:20:30.434Z</Time><HeartRateBpm><Value>110</Value></HeartRateBpm><Extensions><TPX xmlns="http://www.garmin.com/xmlschemas/ActivityExtension/v2"><Speed>0.000000</Speed></TPX></Extensions></Trackpoint>
     <Trackpoint><Time>2026-01-28T21:20:32.434Z</Time><HeartRateBpm><Value>110</Value></HeartRateBpm><Extensions><TPX xmlns="http://www.garmin.com/xmlschemas/ActivityExtension/v2"><Speed>0.000000</Speed></TPX></Extensions></Trackpoint>
     <Trackpoint><Time>2026-01-28T21:20:34.434Z</Time><HeartRateBpm><Value>110</Value></HeartRateBpm><Extensions><TPX xmlns="http://www.garmin.com/xmlschemas/ActivityExtension/v2"><Speed>0.000000</Speed></TPX></Extensions></Trackpoint>
     <Trackpoint><Time>2026-01-28T21:20:36.405Z</Time><HeartRateBpm><Value>113</Value></HeartRateBpm><Extensions><TPX xmlns="http://www.garmin.com/xmlschemas/ActivityExtension/v2"><Speed>0.000000</Speed></TPX></Extensions></Trackpoint>
     <Trackpoint><Time>2026-01-28T21:20:37.434Z</Time><HeartRateBpm><Value>113</Value></HeartRateBpm><Extensions><TPX xmlns="http://www.garmin.com/xmlschemas/ActivityExtension/v2"><Speed>0.000000</Speed></TPX></Extensions></Trackpoint>
     <Trackpoint><Time>2026-01-28T21:20:39.434Z</Time><HeartRateBpm><Value>113</Value></HeartRateBpm><Extensions><TPX xmlns="http://www.garmin.com/xmlschemas/ActivityExtension/v2"><Speed>0.000000</Speed></TPX></Extensions></Trackpoint>
     <Trackpoint><Time>2026-01-28T21:20:40.434Z</Time><HeartRateBpm><Value>113</Value></HeartRateBpm><Extensions><TPX xmlns="http://www.garmin.com/xmlschemas/ActivityExtension/v2"><Speed>0.000000</Speed></TPX></Extensions></Trackpoint>
     <Trackpoint><Time>2026-01-28T21:20:42.434Z</Time><HeartRateBpm><Value>110</Value></HeartRateBpm><Extensions><TPX xmlns="http://www.garmin.com/xmlschemas/ActivityExtension/v2"><Speed>0.000000</Speed></TPX></Extensions></Trackpoint>
     <Trackpoint><Time>2026-01-28T21:20:44.434Z</Time><HeartRateBpm><Value>110</Value></HeartRateBpm><Extensions><TPX xmlns="http://www.garmin.com/xmlschemas/ActivityExtension/v2"><Speed>0.000000</Speed></TPX></Extensions></Trackpoint>
     <Trackpoint><Time>2026-01-28T21:20:46.410Z</Time><HeartRateBpm><Value>112</Value></HeartRateBpm><Extensions><TPX xmlns="http://www.garmin.com/xmlschemas/ActivityExtension/v2"><Speed>0.000000</Speed></TPX></Extensions></Trackpoint>
     <Trackpoint><Time>2026-01-28T21:20:47.434Z</Time><HeartRateBpm><Value>112</Value></HeartRateBpm><Extensions><TPX xmlns="http://www.garmin.com/xmlschemas/ActivityExtension/v2"><Speed>0.000000</Speed></TPX></Extensions></Trackpoint>
     <Trackpoint><Time>2026-01-28T21:20:49.434Z</Time><HeartRateBpm><Value>112</Value></HeartRateBpm><Extensions><TPX xmlns="http://www.garmin.com/xmlschemas/ActivityExtension/v2"><Speed>0.000000</Speed></TPX></Extensions></Trackpoint>
     <Trackpoint><Time>2026-01-28T21:20:51.413Z</Time><HeartRateBpm><Value>112</Value></HeartRateBpm><Extensions><TPX xmlns="http://www.garmin.com/xmlschemas/ActivityExtension/v2"><Speed>0.000000</Speed></TPX></Extensions></Trackpoint>
     <Trackpoint><Time>2026-01-28T21:20:52.434Z</Time><HeartRateBpm><Value>112</Value></HeartRateBpm><Extensions><TPX xmlns="http://www.garmin.com/xmlschemas/ActivityExtension/v2"><Speed>0.000000</Speed></TPX></Extensions></Trackpoint>
     <Trackpoint><Time>2026-01-28T21:20:54.434Z</Time><HeartRateBpm><Value>112</Value></HeartRateBpm><Extensions><TPX xmlns="http://www.garmin.com/xmlschemas/ActivityExtension/v2"><Speed>0.000000</Speed></TPX></Extensions></Trackpoint>
     <Trackpoint><Time>2026-01-28T21:20:55.434Z</Time><HeartRateBpm><Value>112</Value></HeartRateBpm><Extensions><TPX xmlns="http://www.garmin.com/xmlschemas/ActivityExtension/v2"><Speed>0.000000</Speed></TPX></Extensions></Trackpoint>
     <Trackpoint><Time>2026-01-28T21:20:56.434Z</Time><HeartRateBpm><Value>112</Value></HeartRateBpm><Extensions><TPX xmlns="http://www.garmin.com/xmlschemas/ActivityExtension/v2"><Speed>0.000000</Speed></TPX></Extensions></Trackpoint>
     <Trackpoint><Time>2026-01-28T21:20:57.946Z</Time><HeartRateBpm><Value>115</Value></HeartRateBpm><Extensions><TPX xmlns="http://www.garmin.com/xmlschemas/ActivityExtension/v2"><Speed>0.000000</Speed></TPX></Extensions></Trackpoint>
     <Trackpoint><Time>2026-01-28T21:20:59.434Z</Time><HeartRateBpm><Value>115</Value></HeartRateBpm><Extensions><TPX xmlns="http://www.garmin.com/xmlschemas/ActivityExtension/v2"><Speed>0.000000</Speed></TPX></Extensions></Trackpoint>
     <Trackpoint><Time>2026-01-28T21:21:00.434Z</Time><HeartRateBpm><Value>115</Value></HeartRateBpm><Extensions><TPX xmlns="http://www.garmin.com/xmlschemas/ActivityExtension/v2"><Speed>0.000000</Speed></TPX></Extensions></Trackpoint>
     <Trackpoint><Time>2026-01-28T21:21:02.434Z</Time><HeartRateBpm><Value>112</Value></HeartRateBpm><Extensions><TPX xmlns="http://www.garmin.com/xmlschemas/ActivityExtension/v2"><Speed>0.000000</Speed></TPX></Extensions></Trackpoint>
     <Trackpoint><Time>2026-01-28T21:21:04.434Z</Time><HeartRateBpm><Value>112</Value></HeartRateBpm><Extensions><TPX xmlns="http://www.garmin.com/xmlschemas/ActivityExtension/v2"><Speed>0.000000</Speed></TPX></Extensions></Trackpoint>
     <Trackpoint><Time>2026-01-28T21:21:05.434Z</Time><HeartRateBpm><Value>112</Value></HeartRateBpm><Extensions><TPX xmlns="http://www.garmin.com/xmlschemas/ActivityExtension/v2"><Speed>0.000000</Speed></TPX></Extensions></Trackpoint>
     <Trackpoint><Time>2026-01-28T21:21:06.434Z</Time><HeartRateBpm><Value>113</Value></HeartRateBpm><Extensions><TPX xmlns="http://www.garmin.com/xmlschemas/ActivityExtension/v2"><Speed>0.000000</Speed></TPX></Extensions></Trackpoint>
     <Trackpoint><Time>2026-01-28T21:21:08.144Z</Time><HeartRateBpm><Value>113</Value></HeartRateBpm><Extensions><TPX xmlns="http://www.garmin.com/xmlschemas/ActivityExtension/v2"><Speed>0.000000</Speed></TPX></Extensions></Trackpoint>
     <Trackpoint><Time>2026-01-28T21:21:09.434Z</Time><HeartRateBpm><Value>113</Value></HeartRateBpm><Extensions><TPX xmlns="http://www.garmin.com/xmlschemas/ActivityExtension/v2"><Speed>0.000000</Speed></TPX></Extensions></Trackpoint>
     <Trackpoint><Time>2026-01-28T21:21:10.434Z</Time><HeartRateBpm><Value>113</Value></HeartRateBpm><Extensions><TPX xmlns="http://www.garmin.com/xmlschemas/ActivityExtension/v2"><Speed>0.000000</Speed></TPX></Extensions></Trackpoint>
     <Trackpoint><Time>2026-01-28T21:21:11.951Z</Time><HeartRateBpm><Value>106</Value></HeartRateBpm><Extensions><TPX xmlns="http://www.garmin.com/xmlschemas/ActivityExtension/v2"><Speed>0.000000</Speed></TPX></Extensions></Trackpoint>
     <Trackpoint><Time>2026-01-28T21:21:13.247Z</Time><HeartRateBpm><Value>106</Value></HeartRateBpm><Extensions><TPX xmlns="http://www.garmin.com/xmlschemas/ActivityExtension/v2"><Speed>0.000000</Speed></TPX></Extensions></Trackpoint>
     <Trackpoint><Time>2026-01-28T21:21:14.434Z</Time><HeartRateBpm><Value>106</Value></HeartRateBpm><Extensions><TPX xmlns="http://www.garmin.com/xmlschemas/ActivityExtension/v2"><Speed>0.000000</Speed></TPX></Extensions></Trackpoint>
     <Trackpoint><Time>2026-01-28T21:21:15.434Z</Time><HeartRateBpm><Value>106</Value></HeartRateBpm><Extensions><TPX xmlns="http://www.garmin.com/xmlschemas/ActivityExtension/v2"><Speed>0.000000</Speed></TPX></Extensions></Trackpoint>
     <Trackpoint><Time>2026-01-28T21:21:16.437Z</Time><HeartRateBpm><Value>108</Value></HeartRateBpm><Extensions><TPX xmlns="http://www.garmin.com/xmlschemas/ActivityExtension/v2"><Speed>0.000000</Speed></TPX></Extensions></Trackpoint>
     <Trackpoint><Time>2026-01-28T21:21:18.342Z</Time><HeartRateBpm><Value>108</Value></HeartRateBpm><Extensions><TPX xmlns="http://www.garmin.com/xmlschemas/ActivityExtension/v2"><Speed>0.000000</Speed></TPX></Extensions></Trackpoint>
     <Trackpoint><Time>2026-01-28T21:21:19.434Z</Time><HeartRateBpm><Value>108</Value></HeartRateBpm><Extensions><TPX xmlns="http://www.garmin.com/xmlschemas/ActivityExtension/v2"><Speed>0.000000</Speed></TPX></Extensions></Trackpoint>
     <Trackpoint><Time>2026-01-28T21:21:20.894Z</Time><HeartRateBpm><Value>108</Value></HeartRateBpm><Extensions><TPX xmlns="http://www.garmin.com/xmlschemas/ActivityExtension/v2"><Speed>0.000000</Speed></TPX></Extensions></Trackpoint>
     <Trackpoint><Time>2026-01-28T21:21:22.434Z</Time><HeartRateBpm><Value>110</Value></HeartRateBpm><Extensions><TPX xmlns="http://www.garmin.com/xmlschemas/ActivityExtension/v2"><Speed>0.000000</Speed></TPX></Extensions></Trackpoint>
     <Trackpoint><Time>2026-01-28T21:21:23.437Z</Time><HeartRateBpm><Value>110</Value></HeartRateBpm><Extensions><TPX xmlns="http://www.garmin.com/xmlschemas/ActivityExtension/v2"><Speed>0.000000</Speed></TPX></Extensions></Trackpoint>
     <Trackpoint><Time>2026-01-28T21:21:25.434Z</Time><HeartRateBpm><Value>110</Value></HeartRateBpm><Extensions><TPX xmlns="http://www.garmin.com/xmlschemas/ActivityExtension/v2"><Speed>0.000000</Speed></TPX></Extensions></Trackpoint>
     <Trackpoint><Time>2026-01-28T21:21:26.434Z</Time><HeartRateBpm><Value>108</Value></HeartRateBpm><Extensions><TPX xmlns="http://www.garmin.com/xmlschemas/ActivityExtension/v2"><Speed>0.000000</Speed></TPX></Extensions></Trackpoint>
     <Trackpoint><Time>2026-01-28T21:21:28.434Z</Time><HeartRateBpm><Value>108</Value></HeartRateBpm><Extensions><TPX xmlns="http://www.garmin.com/xmlschemas/ActivityExtension/v2"><Speed>0.000000</Speed></TPX></Extensions></Trackpoint>
     <Trackpoint><Time>2026-01-28T21:21:30.434Z</Time><HeartRateBpm><Value>108</Value></HeartRateBpm><Extensions><TPX xmlns="http://www.garmin.com/xmlschemas/ActivityExtension/v2"><Speed>0.000000</Speed></TPX></Extensions></Trackpoint>
     <Trackpoint><Time>2026-01-28T21:21:31.434Z</Time><HeartRateBpm><Value>110</Value></HeartRateBpm><Extensions><TPX xmlns="http://www.garmin.com/xmlschemas/ActivityExtension/v2"><Speed>0.000000</Speed></TPX></Extensions></Trackpoint>
     <Trackpoint><Time>2026-01-28T21:21:33.434Z</Time><HeartRateBpm><Value>110</Value></HeartRateBpm><Extensions><TPX xmlns="http://www.garmin.com/xmlschemas/ActivityExtension/v2"><Speed>0.000000</Speed></TPX></Extensions></Trackpoint>
     <Trackpoint><Time>2026-01-28T21:21:35.434Z</Time><HeartRateBpm><Value>110</Value></HeartRateBpm><Extensions><TPX xmlns="http://www.garmin.com/xmlschemas/ActivityExtension/v2"><Speed>0.000000</Speed></TPX></Extensions></Trackpoint>
     <Trackpoint><Time>2026-01-28T21:21:36.434Z</Time><HeartRateBpm><Value>113</Value></HeartRateBpm><Extensions><TPX xmlns="http://www.garmin.com/xmlschemas/ActivityExtension/v2"><Speed>0.000000</Speed></TPX></Extensions></Trackpoint>
     <Trackpoint><Time>2026-01-28T21:21:38.436Z</Time><HeartRateBpm><Value>113</Value></HeartRateBpm><Extensions><TPX xmlns="http://www.garmin.com/xmlschemas/ActivityExtension/v2"><Speed>0.000000</Speed></TPX></Extensions></Trackpoint>
     <Trackpoint><Time>2026-01-28T21:21:40.434Z</Time><HeartRateBpm><Value>113</Value></HeartRateBpm><Extensions><TPX xmlns="http://www.garmin.com/xmlschemas/ActivityExtension/v2"><Speed>0.000000</Speed></TPX></Extensions></Trackpoint>
     <Trackpoint><Time>2026-01-28T21:21:42.434Z</Time><HeartRateBpm><Value>117</Value></HeartRateBpm><Extensions><TPX xmlns="http://www.garmin.com/xmlschemas/ActivityExtension/v2"><Speed>0.000000</Speed></TPX></Extensions></Trackpoint>
     <Trackpoint><Time>2026-01-28T21:21:43.852Z</Time><HeartRateBpm><Value>117</Value></HeartRateBpm><Extensions><TPX xmlns="http://www.garmin.com/xmlschemas/ActivityExtension/v2"><Speed>0.000000</Speed></TPX></Extensions></Trackpoint>
     <Trackpoint><Time>2026-01-28T21:21:45.434Z</Time><HeartRateBpm><Value>117</Value></HeartRateBpm><Extensions><TPX xmlns="http://www.garmin.com/xmlschemas/ActivityExtension/v2"><Speed>0.000000</Speed></TPX></Extensions></Trackpoint>
     <Trackpoint><Time>2026-01-28T21:21:47.434Z</Time><HeartRateBpm><Value>116</Value></HeartRateBpm><Extensions><TPX xmlns="http://www.garmin.com/xmlschemas/ActivityExtension/v2"><Speed>0.000000</Speed></TPX></Extensions></Trackpoint>
     <Trackpoint><Time>2026-01-28T21:21:48.434Z</Time><HeartRateBpm><Value>116</Value></HeartRateBpm><Extensions><TPX xmlns="http://www.garmin.com/xmlschemas/ActivityExtension/v2"><Speed>0.000000</Speed></TPX></Extensions></Trackpoint>
     <Trackpoint><Time>2026-01-28T21:21:49.434Z</Time><HeartRateBpm><Value>116</Value></HeartRateBpm><Extensions><TPX xmlns="http://www.garmin.com/xmlschemas/ActivityExtension/v2"><Speed>0.000000</Speed></TPX></Extensions></Trackpoint>
     <Trackpoint><Time>2026-01-28T21:21:50.434Z</Time><HeartRateBpm><Value>116</Value></HeartRateBpm><Extensions><TPX xmlns="http://www.garmin.com/xmlschemas/ActivityExtension/v2"><Speed>0.000000</Speed></TPX></Extensions></Trackpoint>
     <Trackpoint><Time>2026-01-28T21:21:52.434Z</Time><HeartRateBpm><Value>116</Value></HeartRateBpm><Extensions><TPX xmlns="http://www.garmin.com/xmlschemas/ActivityExtension/v2"><Speed>0.000000</Speed></TPX></Extensions></Trackpoint>
     <Trackpoint><Time>2026-01-28T21:21:53.434Z</Time><HeartRateBpm><Value>116</Value></HeartRateBpm><Extensions><TPX xmlns="http://www.garmin.com/xmlschemas/ActivityExtension/v2"><Speed>0.000000</Speed></TPX></Extensions></Trackpoint>
     <Trackpoint><Time>2026-01-28T21:21:55.434Z</Time><HeartRateBpm><Value>116</Value></HeartRateBpm><Extensions><TPX xmlns="http://www.garmin.com/xmlschemas/ActivityExtension/v2"><Speed>0.000000</Speed></TPX></Extensions></Trackpoint>
     <Trackpoint><Time>2026-01-28T21:21:56.572Z</Time><HeartRateBpm><Value>124</Value></HeartRateBpm><Extensions><TPX xmlns="http://www.garmin.com/xmlschemas/ActivityExtension/v2"><Speed>0.000000</Speed></TPX></Extensions></Trackpoint>
     <Trackpoint><Time>2026-01-28T21:21:58.434Z</Time><HeartRateBpm><Value>124</Value></HeartRateBpm><Extensions><TPX xmlns="http://www.garmin.com/xmlschemas/ActivityExtension/v2"><Speed>0.000000</Speed></TPX></Extensions></Trackpoint>
     <Trackpoint><Time>2026-01-28T21:22:00.434Z</Time><HeartRateBpm><Value>124</Value></HeartRateBpm><Extensions><TPX xmlns="http://www.garmin.com/xmlschemas/ActivityExtension/v2"><Speed>0.000000</Speed></TPX></Extensions></Trackpoint>
     <Trackpoint><Time>2026-01-28T21:22:01.434Z</Time><HeartRateBpm><Value>124</Value></HeartRateBpm><Extensions><TPX xmlns="http://www.garmin.com/xmlschemas/ActivityExtension/v2"><Speed>0.000000</Speed></TPX></Extensions></Trackpoint>
     <Trackpoint><Time>2026-01-28T21:22:03.434Z</Time><HeartRateBpm><Value>124</Value></HeartRateBpm><Extensions><TPX xmlns="http://www.garmin.com/xmlschemas/ActivityExtension/v2"><Speed>0.000000</Speed></TPX></Extensions></Trackpoint>
     <Trackpoint><Time>2026-01-28T21:22:05.434Z</Time><HeartRateBpm><Value>124</Value></HeartRateBpm><Extensions><TPX xmlns="http://www.garmin.com/xmlschemas/ActivityExtension/v2"><Speed>0.000000</Speed></TPX></Extensions></Trackpoint>
     <Trackpoint><Time>2026-01-28T21:22:06.434Z</Time><HeartRateBpm><Value>124</Value></HeartRateBpm><Extensions><TPX xmlns="http://www.garmin.com/xmlschemas/ActivityExtension/v2"><Speed>0.000000</Speed></TPX></Extensions></Trackpoint>
     <Trackpoint><Time>2026-01-28T21:22:08.434Z</Time><HeartRateBpm><Value>128</Value></HeartRateBpm><Extensions><TPX xmlns="http://www.garmin.com/xmlschemas/ActivityExtension/v2"><Speed>0.000000</Speed></TPX></Extensions></Trackpoint>
     <Trackpoint><Time>2026-01-28T21:22:10.434Z</Time><HeartRateBpm><Value>128</Value></HeartRateBpm><Extensions><TPX xmlns="http://www.garmin.com/xmlschemas/ActivityExtension/v2"><Speed>0.000000</Speed></TPX></Extensions></Trackpoint>
     <Trackpoint><Time>2026-01-28T21:22:11.434Z</Time><HeartRateBpm><Value>124</Value></HeartRateBpm><Extensions><TPX xmlns="http://www.garmin.com/xmlschemas/ActivityExtension/v2"><Speed>0.000000</Speed></TPX></Extensions></Trackpoint>
     <Trackpoint><Time>2026-01-28T21:22:13.434Z</Time><HeartRateBpm><Value>124</Value></HeartRateBpm><Extensions><TPX xmlns="http://www.garmin.com/xmlschemas/ActivityExtension/v2"><Speed>0.000000</Speed></TPX></Extensions></Trackpoint>
     <Trackpoint><Time>2026-01-28T21:22:15.433Z</Time><HeartRateBpm><Value>124</Value></HeartRateBpm><Extensions><TPX xmlns="http://www.garmin.com/xmlschemas/ActivityExtension/v2"><Speed>0.000000</Speed></TPX></Extensions></Trackpoint>
     <Trackpoint><Time>2026-01-28T21:22:16.434Z</Time><HeartRateBpm><Value>124</Value></HeartRateBpm><Extensions><TPX xmlns="http://www.garmin.com/xmlschemas/ActivityExtension/v2"><Speed>0.000000</Speed></TPX></Extensions></Trackpoint>
     <Trackpoint><Time>2026-01-28T21:22:18.434Z</Time><HeartRateBpm><Value>125</Value></HeartRateBpm><Extensions><TPX xmlns="http://www.garmin.com/xmlschemas/ActivityExtension/v2"><Speed>0.000000</Speed></TPX></Extensions></Trackpoint>
     <Trackpoint><Time>2026-01-28T21:22:19.520Z</Time><HeartRateBpm><Value>125</Value></HeartRateBpm><Extensions><TPX xmlns="http://www.garmin.com/xmlschemas/ActivityExtension/v2"><Speed>0.000000</Speed></TPX></Extensions></Trackpoint>
     <Trackpoint><Time>2026-01-28T21:22:21.403Z</Time><HeartRateBpm><Value>125</Value></HeartRateBpm><Extensions><TPX xmlns="http://www.garmin.com/xmlschemas/ActivityExtension/v2"><Speed>0.000000</Speed></TPX></Extensions></Trackpoint>
     <Trackpoint><Time>2026-01-28T21:22:22.434Z</Time><HeartRateBpm><Value>125</Value></HeartRateBpm><Extensions><TPX xmlns="http://www.garmin.com/xmlschemas/ActivityExtension/v2"><Speed>0.000000</Speed></TPX></Extensions></Trackpoint>
     <Trackpoint><Time>2026-01-28T21:22:24.434Z</Time><HeartRateBpm><Value>125</Value></HeartRateBpm><Extensions><TPX xmlns="http://www.garmin.com/xmlschemas/ActivityExtension/v2"><Speed>0.000000</Speed></TPX></Extensions></Trackpoint>
     <Trackpoint><Time>2026-01-28T21:22:25.434Z</Time><HeartRateBpm><Value>125</Value></HeartRateBpm><Extensions><TPX xmlns="http://www.garmin.com/xmlschemas/ActivityExtension/v2"><Speed>0.000000</Speed></TPX></Extensions></Trackpoint>
     <Trackpoint><Time>2026-01-28T21:22:26.440Z</Time><HeartRateBpm><Value>126</Value></HeartRateBpm><Extensions><TPX xmlns="http://www.garmin.com/xmlschemas/ActivityExtension/v2"><Speed>0.000000</Speed></TPX></Extensions></Trackpoint>
     <Trackpoint><Time>2026-01-28T21:22:28.434Z</Time><HeartRateBpm><Value>126</Value></HeartRateBpm><Extensions><TPX xmlns="http://www.garmin.com/xmlschemas/ActivityExtension/v2"><Speed>0.000000</Speed></TPX></Extensions></Trackpoint>
     <Trackpoint><Time>2026-01-28T21:22:29.713Z</Time><HeartRateBpm><Value>126</Value></HeartRateBpm><Extensions><TPX xmlns="http://www.garmin.com/xmlschemas/ActivityExtension/v2"><Speed>0.000000</Speed></TPX></Extensions></Trackpoint>
     <Trackpoint><Time>2026-01-28T21:22:31.410Z</Time><HeartRateBpm><Value>129</Value></HeartRateBpm><Extensions><TPX xmlns="http://www.garmin.com/xmlschemas/ActivityExtension/v2"><Speed>0.000000</Speed></TPX></Extensions></Trackpoint>
     <Trackpoint><Time>2026-01-28T21:22:32.434Z</Time><HeartRateBpm><Value>129</Value></HeartRateBpm><Extensions><TPX xmlns="http://www.garmin.com/xmlschemas/ActivityExtension/v2"><Speed>0.000000</Speed></TPX></Extensions></Trackpoint>
     <Trackpoint><Time>2026-01-28T21:22:34.434Z</Time><HeartRateBpm><Value>129</Value></HeartRateBpm><Extensions><TPX xmlns="http://www.garmin.com/xmlschemas/ActivityExtension/v2"><Speed>0.000000</Speed></TPX></Extensions></Trackpoint>
     <Trackpoint><Time>2026-01-28T21:22:35.434Z</Time><HeartRateBpm><Value>129</Value></HeartRateBpm><Extensions><TPX xmlns="http://www.garmin.com/xmlschemas/ActivityExtension/v2"><Speed>0.000000</Speed></TPX></Extensions></Trackpoint>
     <Trackpoint><Time>2026-01-28T21:22:36.434Z</Time><HeartRateBpm><Value>129</Value></HeartRateBpm><Extensions><TPX xmlns="http://www.garmin.com/xmlschemas/ActivityExtension/v2"><Speed>0.000000</Speed></TPX></Extensions></Trackpoint>
     <Trackpoint><Time>2026-01-28T21:22:38.434Z</Time><HeartRateBpm><Value>129</Value></HeartRateBpm><Extensions><TPX xmlns="http://www.garmin.com/xmlschemas/ActivityExtension/v2"><Speed>0.000000</Speed></TPX></Extensions></Trackpoint>
     <Trackpoint><Time>2026-01-28T21:22:39.925Z</Time><HeartRateBpm><Value>129</Value></HeartRateBpm><Extensions><TPX xmlns="http://www.garmin.com/xmlschemas/ActivityExtension/v2"><Speed>0.000000</Speed></TPX></Extensions></Trackpoint>
     <Trackpoint><Time>2026-01-28T21:22:41.434Z</Time><HeartRateBpm><Value>129</Value></HeartRateBpm><Extensions><TPX xmlns="http://www.garmin.com/xmlschemas/ActivityExtension/v2"><Speed>0.000000</Speed></TPX></Extensions></Trackpoint>
     <Trackpoint><Time>2026-01-28T21:22:42.434Z</Time><HeartRateBpm><Value>131</Value></HeartRateBpm><Extensions><TPX xmlns="http://www.garmin.com/xmlschemas/ActivityExtension/v2"><Speed>0.000000</Speed></TPX></Extensions></Trackpoint>
     <Trackpoint><Time>2026-01-28T21:22:44.434Z</Time><HeartRateBpm><Value>131</Value></HeartRateBpm><Extensions><TPX xmlns="http://www.garmin.com/xmlschemas/ActivityExtension/v2"><Speed>0.000000</Speed></TPX></Extensions></Trackpoint>
     <Trackpoint><Time>2026-01-28T21:22:46.434Z</Time><HeartRateBpm><Value>131</Value></HeartRateBpm><Extensions><TPX xmlns="http://www.garmin.com/xmlschemas/ActivityExtension/v2"><Speed>0.000000</Speed></TPX></Extensions></Trackpoint>
     <Trackpoint><Time>2026-01-28T21:22:47.554Z</Time><HeartRateBpm><Value>124</Value></HeartRateBpm><Extensions><TPX xmlns="http://www.garmin.com/xmlschemas/ActivityExtension/v2"><Speed>0.000000</Speed></TPX></Extensions></Trackpoint>
     <Trackpoint><Time>2026-01-28T21:22:49.434Z</Time><HeartRateBpm><Value>124</Value></HeartRateBpm><Extensions><TPX xmlns="http://www.garmin.com/xmlschemas/ActivityExtension/v2"><Speed>0.000000</Speed></TPX></Extensions></Trackpoint>
     <Trackpoint><Time>2026-01-28T21:22:50.434Z</Time><HeartRateBpm><Value>124</Value></HeartRateBpm><Extensions><TPX xmlns="http://www.garmin.com/xmlschemas/ActivityExtension/v2"><Speed>0.000000</Speed></TPX></Extensions></Trackpoint>
     <Trackpoint><Time>2026-01-28T21:22:52.434Z</Time><HeartRateBpm><Value>123</Value></HeartRateBpm><Extensions><TPX xmlns="http://www.garmin.com/xmlschemas/ActivityExtension/v2"><Speed>0.000000</Speed></TPX></Extensions></Trackpoint>
     <Trackpoint><Time>2026-01-28T21:22:54.434Z</Time><HeartRateBpm><Value>123</Value></HeartRateBpm><Extensions><TPX xmlns="http://www.garmin.com/xmlschemas/ActivityExtension/v2"><Speed>0.000000</Speed></TPX></Extensions></Trackpoint>
     <Trackpoint><Time>2026-01-28T21:22:55.434Z</Time><HeartRateBpm><Value>123</Value></HeartRateBpm><Extensions><TPX xmlns="http://www.garmin.com/xmlschemas/ActivityExtension/v2"><Speed>0.000000</Speed></TPX></Extensions></Trackpoint>
     <Trackpoint><Time>2026-01-28T21:22:57.434Z</Time><HeartRateBpm><Value>121</Value></HeartRateBpm><Extensions><TPX xmlns="http://www.garmin.com/xmlschemas/ActivityExtension/v2"><Speed>0.000000</Speed></TPX></Extensions></Trackpoint>
     <Trackpoint><Time>2026-01-28T21:22:59.434Z</Time><HeartRateBpm><Value>121</Value></HeartRateBpm><Extensions><TPX xmlns="http://www.garmin.com/xmlschemas/ActivityExtension/v2"><Speed>0.000000</Speed></TPX></Extensions></Trackpoint>
     <Trackpoint><Time>2026-01-28T21:23:00.434Z</Time><HeartRateBpm><Value>121</Value></HeartRateBpm><Extensions><TPX xmlns="http://www.garmin.com/xmlschemas/ActivityExtension/v2"><Speed>0.000000</Speed></TPX></Extensions></Trackpoint>
     <Trackpoint><Time>2026-01-28T21:23:01.434Z</Time><HeartRateBpm><Value>121</Value></HeartRateBpm><Extensions><TPX xmlns="http://www.garmin.com/xmlschemas/ActivityExtension/v2"><Speed>0.000000</Speed></TPX></Extensions></Trackpoint>
     <Trackpoint><Time>2026-01-28T21:23:02.853Z</Time><HeartRateBpm><Value>118</Value></HeartRateBpm><Extensions><TPX xmlns="http://www.garmin.com/xmlschemas/ActivityExtension/v2"><Speed>0.000000</Speed></TPX></Extensions></Trackpoint>
     <Trackpoint><Time>2026-01-28T21:23:04.434Z</Time><HeartRateBpm><Value>118</Value></HeartRateBpm><Extensions><TPX xmlns="http://www.garmin.com/xmlschemas/ActivityExtension/v2"><Speed>0.000000</Speed></TPX></Extensions></Trackpoint>
     <Trackpoint><Time>2026-01-28T21:23:06.416Z</Time><HeartRateBpm><Value>119</Value></HeartRateBpm><Extensions><TPX xmlns="http://www.garmin.com/xmlschemas/ActivityExtension/v2"><Speed>0.000000</Speed></TPX></Extensions></Trackpoint>
     <Trackpoint><Time>2026-01-28T21:23:07.434Z</Time><HeartRateBpm><Value>119</Value></HeartRateBpm><Extensions><TPX xmlns="http://www.garmin.com/xmlschemas/ActivityExtension/v2"><Speed>0.000000</Speed></TPX></Extensions></Trackpoint>
     <Trackpoint><Time>2026-01-28T21:23:08.434Z</Time><HeartRateBpm><Value>119</Value></HeartRateBpm><Extensions><TPX xmlns="http://www.garmin.com/xmlschemas/ActivityExtension/v2"><Speed>0.000000</Speed></TPX></Extensions></Trackpoint>
     <Trackpoint><Time>2026-01-28T21:23:10.434Z</Time><HeartRateBpm><Value>119</Value></HeartRateBpm><Extensions><TPX xmlns="http://www.garmin.com/xmlschemas/ActivityExtension/v2"><Speed>0.000000</Speed></TPX></Extensions></Trackpoint>
     <Trackpoint><Time>2026-01-28T21:23:12.434Z</Time><HeartRateBpm><Value>119</Value></HeartRateBpm><Extensions><TPX xmlns="http://www.garmin.com/xmlschemas/ActivityExtension/v2"><Speed>0.000000</Speed></TPX></Extensions></Trackpoint>
     <Trackpoint><Time>2026-01-28T21:23:13.434Z</Time><HeartRateBpm><Value>119</Value></HeartRateBpm><Extensions><TPX xmlns="http://www.garmin.com/xmlschemas/ActivityExtension/v2"><Speed>0.000000</Speed></TPX></Extensions></Trackpoint>
     <Trackpoint><Time>2026-01-28T21:23:15.434Z</Time><HeartRateBpm><Value>119</Value></HeartRateBpm><Extensions><TPX xmlns="http://www.garmin.com/xmlschemas/ActivityExtension/v2"><Speed>0.000000</Speed></TPX></Extensions></Trackpoint>
     <Trackpoint><Time>2026-01-28T21:23:17.434Z</Time><HeartRateBpm><Value>123</Value></HeartRateBpm><Extensions><TPX xmlns="http://www.garmin.com/xmlschemas/ActivityExtension/v2"><Speed>0.000000</Speed></TPX></Extensions></Trackpoint>
     <Trackpoint><Time>2026-01-28T21:23:18.434Z</Time><HeartRateBpm><Value>123</Value></HeartRateBpm><Extensions><TPX xmlns="http://www.garmin.com/xmlschemas/ActivityExtension/v2"><Speed>0.000000</Speed></TPX></Extensions></Trackpoint>
     <Trackpoint><Time>2026-01-28T21:23:20.434Z</Time><HeartRateBpm><Value>123</Value></HeartRateBpm><Extensions><TPX xmlns="http://www.garmin.com/xmlschemas/ActivityExtension/v2"><Speed>0.000000</Speed></TPX></Extensions></Trackpoint>
     <Trackpoint><Time>2026-01-28T21:23:21.928Z</Time><HeartRateBpm><Value>115</Value></HeartRateBpm><Extensions><TPX xmlns="http://www.garmin.com/xmlschemas/ActivityExtension/v2"><Speed>0.000000</Speed></TPX></Extensions></Trackpoint>
     <Trackpoint><Time>2026-01-28T21:23:23.245Z</Time><HeartRateBpm><Value>115</Value></HeartRateBpm><Extensions><TPX xmlns="http://www.garmin.com/xmlschemas/ActivityExtension/v2"><Speed>0.000000</Speed></TPX></Extensions></Trackpoint>
     <Trackpoint><Time>2026-01-28T21:23:24.434Z</Time><HeartRateBpm><Value>115</Value></HeartRateBpm><Extensions><TPX xmlns="http://www.garmin.com/xmlschemas/ActivityExtension/v2"><Speed>0.000000</Speed></TPX></Extensions></Trackpoint>
     <Trackpoint><Time>2026-01-28T21:23:25.434Z</Time><HeartRateBpm><Value>115</Value></HeartRateBpm><Extensions><TPX xmlns="http://www.garmin.com/xmlschemas/ActivityExtension/v2"><Speed>0.000000</Speed></TPX></Extensions></Trackpoint>
     <Trackpoint><Time>2026-01-28T21:23:27.434Z</Time><HeartRateBpm><Value>115</Value></HeartRateBpm><Extensions><TPX xmlns="http://www.garmin.com/xmlschemas/ActivityExtension/v2"><Speed>0.000000</Speed></TPX></Extensions></Trackpoint>
     <Trackpoint><Time>2026-01-28T21:23:29.434Z</Time><HeartRateBpm><Value>115</Value></HeartRateBpm><Extensions><TPX xmlns="http://www.garmin.com/xmlschemas/ActivityExtension/v2"><Speed>0.000000</Speed></TPX></Extensions></Trackpoint>
     <Trackpoint><Time>2026-01-28T21:23:30.434Z</Time><HeartRateBpm><Value>115</Value></HeartRateBpm><Extensions><TPX xmlns="http://www.garmin.com/xmlschemas/ActivityExtension/v2"><Speed>0.000000</Speed></TPX></Extensions></Trackpoint>
     <Trackpoint><Time>2026-01-28T21:23:31.972Z</Time><HeartRateBpm><Value>117</Value></HeartRateBpm><Extensions><TPX xmlns="http://www.garmin.com/xmlschemas/ActivityExtension/v2"><Speed>0.000000</Speed></TPX></Extensions></Trackpoint>
     <Trackpoint><Time>2026-01-28T21:23:33.433Z</Time><HeartRateBpm><Value>117</Value></HeartRateBpm><Extensions><TPX xmlns="http://www.garmin.com/xmlschemas/ActivityExtension/v2"><Speed>0.000000</Speed></TPX></Extensions></Trackpoint>
     <Trackpoint><Time>2026-01-28T21:23:34.434Z</Time><HeartRateBpm><Value>117</Value></HeartRateBpm><Extensions><TPX xmlns="http://www.garmin.com/xmlschemas/ActivityExtension/v2"><Speed>0.000000</Speed></TPX></Extensions></Trackpoint>
     <Trackpoint><Time>2026-01-28T21:23:35.988Z</Time><HeartRateBpm><Value>117</Value></HeartRateBpm><Extensions><TPX xmlns="http://www.garmin.com/xmlschemas/ActivityExtension/v2"><Speed>0.000000</Speed></TPX></Extensions></Trackpoint>
     <Trackpoint><Time>2026-01-28T21:23:37.434Z</Time><HeartRateBpm><Value>120</Value></HeartRateBpm><Extensions><TPX xmlns="http://www.garmin.com/xmlschemas/ActivityExtension/v2"><Speed>0.000000</Speed></TPX></Extensions></Trackpoint>
     <Trackpoint><Time>2026-01-28T21:23:38.434Z</Time><HeartRateBpm><Value>120</Value></HeartRateBpm><Extensions><TPX xmlns="http://www.garmin.com/xmlschemas/ActivityExtension/v2"><Speed>0.000000</Speed></TPX></Extensions></Trackpoint>
     <Trackpoint><Time>2026-01-28T21:23:40.434Z</Time><HeartRateBpm><Value>120</Value></HeartRateBpm><Extensions><TPX xmlns="http://www.garmin.com/xmlschemas/ActivityExtension/v2"><Speed>0.000000</Speed></TPX></Extensions></Trackpoint>
     <Trackpoint><Time>2026-01-28T21:23:42.434Z</Time><HeartRateBpm><Value>121</Value></HeartRateBpm><Extensions><TPX xmlns="http://www.garmin.com/xmlschemas/ActivityExtension/v2"><Speed>0.000000</Speed></TPX></Extensions></Trackpoint>
     <Trackpoint><Time>2026-01-28T21:23:43.434Z</Time><HeartRateBpm><Value>121</Value></HeartRateBpm><Extensions><TPX xmlns="http://www.garmin.com/xmlschemas/ActivityExtension/v2"><Speed>0.000000</Speed></TPX></Extensions></Trackpoint>
     <Trackpoint><Time>2026-01-28T21:23:45.434Z</Time><HeartRateBpm><Value>121</Value></HeartRateBpm><Extensions><TPX xmlns="http://www.garmin.com/xmlschemas/ActivityExtension/v2"><Speed>0.000000</Speed></TPX></Extensions></Trackpoint>
     <Trackpoint><Time>2026-01-28T21:23:46.434Z</Time><HeartRateBpm><Value>121</Value></HeartRateBpm><Extensions><TPX xmlns="http://www.garmin.com/xmlschemas/ActivityExtension/v2"><Speed>0.000000</Speed></TPX></Extensions></Trackpoint>
     <Trackpoint><Time>2026-01-28T21:23:48.434Z</Time><HeartRateBpm><Value>121</Value></HeartRateBpm><Extensions><TPX xmlns="http://www.garmin.com/xmlschemas/ActivityExtension/v2"><Speed>0.000000</Speed></TPX></Extensions></Trackpoint>
     <Trackpoint><Time>2026-01-28T21:23:50.434Z</Time><HeartRateBpm><Value>121</Value></HeartRateBpm><Extensions><TPX xmlns="http://www.garmin.com/xmlschemas/ActivityExtension/v2"><Speed>0.000000</Speed></TPX></Extensions></Trackpoint>
     <Trackpoint><Time>2026-01-28T21:23:52.434Z</Time><HeartRateBpm><Value>122</Value></HeartRateBpm><Extensions><TPX xmlns="http://www.garmin.com/xmlschemas/ActivityExtension/v2"><Speed>0.000000</Speed></TPX></Extensions></Trackpoint>
     <Trackpoint><Time>2026-01-28T21:23:53.824Z</Time><HeartRateBpm><Value>122</Value></HeartRateBpm><Extensions><TPX xmlns="http://www.garmin.com/xmlschemas/ActivityExtension/v2"><Speed>0.000000</Speed></TPX></Extensions></Trackpoint>
     <Trackpoint><Time>2026-01-28T21:23:55.434Z</Time><HeartRateBpm><Value>122</Value></HeartRateBpm><Extensions><TPX xmlns="http://www.garmin.com/xmlschemas/ActivityExtension/v2"><Speed>0.000000</Speed></TPX></Extensions></Trackpoint>
     <Trackpoint><Time>2026-01-28T21:23:57.434Z</Time><HeartRateBpm><Value>128</Value></HeartRateBpm><Extensions><TPX xmlns="http://www.garmin.com/xmlschemas/ActivityExtension/v2"><Speed>0.000000</Speed></TPX></Extensions></Trackpoint>
     <Trackpoint><Time>2026-01-28T21:23:58.936Z</Time><HeartRateBpm><Value>128</Value></HeartRateBpm><Extensions><TPX xmlns="http://www.garmin.com/xmlschemas/ActivityExtension/v2"><Speed>0.000000</Speed></TPX></Extensions></Trackpoint>
     <Trackpoint><Time>2026-01-28T21:24:00.434Z</Time><HeartRateBpm><Value>128</Value></HeartRateBpm><Extensions><TPX xmlns="http://www.garmin.com/xmlschemas/ActivityExtension/v2"><Speed>0.000000</Speed></TPX></Extensions></Trackpoint>
     <Trackpoint><Time>2026-01-28T21:24:01.477Z</Time><HeartRateBpm><Value>128</Value></HeartRateBpm><Extensions><TPX xmlns="http://www.garmin.com/xmlschemas/ActivityExtension/v2"><Speed>0.000000</Speed></TPX></Extensions></Trackpoint>
     <Trackpoint><Time>2026-01-28T21:24:03.434Z</Time><HeartRateBpm><Value>130</Value></HeartRateBpm><Extensions><TPX xmlns="http://www.garmin.com/xmlschemas/ActivityExtension/v2"><Speed>0.000000</Speed></TPX></Extensions></Trackpoint>
     <Trackpoint><Time>2026-01-28T21:24:04.434Z</Time><HeartRateBpm><Value>130</Value></HeartRateBpm><Extensions><TPX xmlns="http://www.garmin.com/xmlschemas/ActivityExtension/v2"><Speed>0.000000</Speed></TPX></Extensions></Trackpoint>
     <Trackpoint><Time>2026-01-28T21:24:05.434Z</Time><HeartRateBpm><Value>130</Value></HeartRateBpm><Extensions><TPX xmlns="http://www.garmin.com/xmlschemas/ActivityExtension/v2"><Speed>0.000000</Speed></TPX></Extensions></Trackpoint>
     <Trackpoint><Time>2026-01-28T21:24:06.434Z</Time><HeartRateBpm><Value>130</Value></HeartRateBpm><Extensions><TPX xmlns="http://www.garmin.com/xmlschemas/ActivityExtension/v2"><Speed>0.000000</Speed></TPX></Extensions></Trackpoint>
     <Trackpoint><Time>2026-01-28T21:24:08.434Z</Time><HeartRateBpm><Value>131</Value></HeartRateBpm><Extensions><TPX xmlns="http://www.garmin.com/xmlschemas/ActivityExtension/v2"><Speed>0.000000</Speed></TPX></Extensions></Trackpoint>
     <Trackpoint><Time>2026-01-28T21:24:10.434Z</Time><HeartRateBpm><Value>131</Value></HeartRateBpm><Extensions><TPX xmlns="http://www.garmin.com/xmlschemas/ActivityExtension/v2"><Speed>0.000000</Speed></TPX></Extensions></Trackpoint>
     <Trackpoint><Time>2026-01-28T21:24:11.669Z</Time><HeartRateBpm><Value>131</Value></HeartRateBpm><Extensions><TPX xmlns="http://www.garmin.com/xmlschemas/ActivityExtension/v2"><Speed>0.000000</Speed></TPX></Extensions></Trackpoint>
     <Trackpoint><Time>2026-01-28T21:24:13.434Z</Time><HeartRateBpm><Value>136</Value></HeartRateBpm><Extensions><TPX xmlns="http://www.garmin.com/xmlschemas/ActivityExtension/v2"><Speed>0.000000</Speed></TPX></Extensions></Trackpoint>
     <Trackpoint><Time>2026-01-28T21:24:14.434Z</Time><HeartRateBpm><Value>136</Value></HeartRateBpm><Extensions><TPX xmlns="http://www.garmin.com/xmlschemas/ActivityExtension/v2"><Speed>0.000000</Speed></TPX></Extensions></Trackpoint>
     <Trackpoint><Time>2026-01-28T21:24:16.434Z</Time><HeartRateBpm><Value>136</Value></HeartRateBpm><Extensions><TPX xmlns="http://www.garmin.com/xmlschemas/ActivityExtension/v2"><Speed>0.000000</Speed></TPX></Extensions></Trackpoint>
     <Trackpoint><Time>2026-01-28T21:24:18.434Z</Time><HeartRateBpm><Value>135</Value></HeartRateBpm><Extensions><TPX xmlns="http://www.garmin.com/xmlschemas/ActivityExtension/v2"><Speed>0.000000</Speed></TPX></Extensions></Trackpoint>
     <Trackpoint><Time>2026-01-28T21:24:20.434Z</Time><HeartRateBpm><Value>135</Value></HeartRateBpm><Extensions><TPX xmlns="http://www.garmin.com/xmlschemas/ActivityExtension/v2"><Speed>0.000000</Speed></TPX></Extensions></Trackpoint>
     <Trackpoint><Time>2026-01-28T21:24:21.870Z</Time><HeartRateBpm><Value>137</Value></HeartRateBpm><Extensions><TPX xmlns="http://www.garmin.com/xmlschemas/ActivityExtension/v2"><Speed>0.000000</Speed></TPX></Extensions></Trackpoint>
     <Trackpoint><Time>2026-01-28T21:24:23.434Z</Time><HeartRateBpm><Value>137</Value></HeartRateBpm><Extensions><TPX xmlns="http://www.garmin.com/xmlschemas/ActivityExtension/v2"><Speed>0.000000</Speed></TPX></Extensions></Trackpoint>
     <Trackpoint><Time>2026-01-28T21:24:25.434Z</Time><HeartRateBpm><Value>137</Value></HeartRateBpm><Extensions><TPX xmlns="http://www.garmin.com/xmlschemas/ActivityExtension/v2"><Speed>0.000000</Speed></TPX></Extensions></Trackpoint>
     <Trackpoint><Time>2026-01-28T21:24:26.434Z</Time><HeartRateBpm><Value>137</Value></HeartRateBpm><Extensions><TPX xmlns="http://www.garmin.com/xmlschemas/ActivityExtension/v2"><Speed>0.000000</Speed></TPX></Extensions></Trackpoint>
     <Trackpoint><Time>2026-01-28T21:24:28.434Z</Time><HeartRateBpm><Value>137</Value></HeartRateBpm><Extensions><TPX xmlns="http://www.garmin.com/xmlschemas/ActivityExtension/v2"><Speed>0.000000</Speed></TPX></Extensions></Trackpoint>
     <Trackpoint><Time>2026-01-28T21:24:29.434Z</Time><HeartRateBpm><Value>137</Value></HeartRateBpm><Extensions><TPX xmlns="http://www.garmin.com/xmlschemas/ActivityExtension/v2"><Speed>0.000000</Speed></TPX></Extensions></Trackpoint>
     <Trackpoint><Time>2026-01-28T21:24:31.434Z</Time><HeartRateBpm><Value>137</Value></HeartRateBpm><Extensions><TPX xmlns="http://www.garmin.com/xmlschemas/ActivityExtension/v2"><Speed>0.000000</Speed></TPX></Extensions></Trackpoint>
     <Trackpoint><Time>2026-01-28T21:24:33.434Z</Time><HeartRateBpm><Value>136</Value></HeartRateBpm><Extensions><TPX xmlns="http://www.garmin.com/xmlschemas/ActivityExtension/v2"><Speed>0.000000</Speed></TPX></Extensions></Trackpoint>
     <Trackpoint><Time>2026-01-28T21:24:34.628Z</Time><HeartRateBpm><Value>136</Value></HeartRateBpm><Extensions><TPX xmlns="http://www.garmin.com/xmlschemas/ActivityExtension/v2"><Speed>0.000000</Speed></TPX></Extensions></Trackpoint>
     <Trackpoint><Time>2026-01-28T21:24:36.434Z</Time><HeartRateBpm><Value>136</Value></HeartRateBpm><Extensions><TPX xmlns="http://www.garmin.com/xmlschemas/ActivityExtension/v2"><Speed>0.000000</Speed></TPX></Extensions></Trackpoint>
     <Trackpoint><Time>2026-01-28T21:24:38.434Z</Time><HeartRateBpm><Value>136</Value></HeartRateBpm><Extensions><TPX xmlns="http://www.garmin.com/xmlschemas/ActivityExtension/v2"><Speed>0.000000</Speed></TPX></Extensions></Trackpoint>
     <Trackpoint><Time>2026-01-28T21:24:39.712Z</Time><HeartRateBpm><Value>136</Value></HeartRateBpm><Extensions><TPX xmlns="http://www.garmin.com/xmlschemas/ActivityExtension/v2"><Speed>0.000000</Speed></TPX></Extensions></Trackpoint>
     <Trackpoint><Time>2026-01-28T21:24:41.406Z</Time><HeartRateBpm><Value>137</Value></HeartRateBpm><Extensions><TPX xmlns="http://www.garmin.com/xmlschemas/ActivityExtension/v2"><Speed>0.000000</Speed></TPX></Extensions></Trackpoint>
     <Trackpoint><Time>2026-01-28T21:24:42.434Z</Time><HeartRateBpm><Value>137</Value></HeartRateBpm><Extensions><TPX xmlns="http://www.garmin.com/xmlschemas/ActivityExtension/v2"><Speed>0.000000</Speed></TPX></Extensions></Trackpoint>
     <Trackpoint><Time>2026-01-28T21:24:43.434Z</Time><HeartRateBpm><Value>137</Value></HeartRateBpm><Extensions><TPX xmlns="http://www.garmin.com/xmlschemas/ActivityExtension/v2"><Speed>0.000000</Speed></TPX></Extensions></Trackpoint>
     <Trackpoint><Time>2026-01-28T21:24:44.814Z</Time><HeartRateBpm><Value>137</Value></HeartRateBpm><Extensions><TPX xmlns="http://www.garmin.com/xmlschemas/ActivityExtension/v2"><Speed>0.000000</Speed></TPX></Extensions></Trackpoint>
     <Trackpoint><Time>2026-01-28T21:24:46.407Z</Time><HeartRateBpm><Value>140</Value></HeartRateBpm><Extensions><TPX xmlns="http://www.garmin.com/xmlschemas/ActivityExtension/v2"><Speed>0.000000</Speed></TPX></Extensions></Trackpoint>
     <Trackpoint><Time>2026-01-28T21:24:47.434Z</Time><HeartRateBpm><Value>140</Value></HeartRateBpm><Extensions><TPX xmlns="http://www.garmin.com/xmlschemas/ActivityExtension/v2"><Speed>0.000000</Speed></TPX></Extensions></Trackpoint>
     <Trackpoint><Time>2026-01-28T21:24:48.434Z</Time><HeartRateBpm><Value>140</Value></HeartRateBpm><Extensions><TPX xmlns="http://www.garmin.com/xmlschemas/ActivityExtension/v2"><Speed>0.000000</Speed></TPX></Extensions></Trackpoint>
     <Trackpoint><Time>2026-01-28T21:24:49.907Z</Time><HeartRateBpm><Value>140</Value></HeartRateBpm><Extensions><TPX xmlns="http://www.garmin.com/xmlschemas/ActivityExtension/v2"><Speed>0.000000</Speed></TPX></Extensions></Trackpoint>
     <Trackpoint><Time>2026-01-28T21:24:51.410Z</Time><HeartRateBpm><Value>138</Value></HeartRateBpm><Extensions><TPX xmlns="http://www.garmin.com/xmlschemas/ActivityExtension/v2"><Speed>0.000000</Speed></TPX></Extensions></Trackpoint>
     <Trackpoint><Time>2026-01-28T21:24:52.434Z</Time><HeartRateBpm><Value>138</Value></HeartRateBpm><Extensions><TPX xmlns="http://www.garmin.com/xmlschemas/ActivityExtension/v2"><Speed>0.000000</Speed></TPX></Extensions></Trackpoint>
     <Trackpoint><Time>2026-01-28T21:24:53.434Z</Time><HeartRateBpm><Value>138</Value></HeartRateBpm><Extensions><TPX xmlns="http://www.garmin.com/xmlschemas/ActivityExtension/v2"><Speed>0.000000</Speed></TPX></Extensions></Trackpoint>
     <Trackpoint><Time>2026-01-28T21:24:55.007Z</Time><HeartRateBpm><Value>138</Value></HeartRateBpm><Extensions><TPX xmlns="http://www.garmin.com/xmlschemas/ActivityExtension/v2"><Speed>0.000000</Speed></TPX></Extensions></Trackpoint>
     <Trackpoint><Time>2026-01-28T21:24:56.434Z</Time><HeartRateBpm><Value>138</Value></HeartRateBpm><Extensions><TPX xmlns="http://www.garmin.com/xmlschemas/ActivityExtension/v2"><Speed>0.000000</Speed></TPX></Extensions></Trackpoint>
     <Trackpoint><Time>2026-01-28T21:24:57.555Z</Time><HeartRateBpm><Value>128</Value></HeartRateBpm><Extensions><TPX xmlns="http://www.garmin.com/xmlschemas/ActivityExtension/v2"><Speed>0.000000</Speed></TPX></Extensions></Trackpoint>
     <Trackpoint><Time>2026-01-28T21:24:59.434Z</Time><HeartRateBpm><Value>128</Value></HeartRateBpm><Extensions><TPX xmlns="http://www.garmin.com/xmlschemas/ActivityExtension/v2"><Speed>0.000000</Speed></TPX></Extensions></Trackpoint>
     <Trackpoint><Time>2026-01-28T21:25:01.434Z</Time><HeartRateBpm><Value>128</Value></HeartRateBpm><Extensions><TPX xmlns="http://www.garmin.com/xmlschemas/ActivityExtension/v2"><Speed>0.000000</Speed></TPX></Extensions></Trackpoint>
     <Trackpoint><Time>2026-01-28T21:25:02.647Z</Time><HeartRateBpm><Value>127</Value></HeartRateBpm><Extensions><TPX xmlns="http://www.garmin.com/xmlschemas/ActivityExtension/v2"><Speed>0.000000</Speed></TPX></Extensions></Trackpoint>
     <Trackpoint><Time>2026-01-28T21:25:04.434Z</Time><HeartRateBpm><Value>127</Value></HeartRateBpm><Extensions><TPX xmlns="http://www.garmin.com/xmlschemas/ActivityExtension/v2"><Speed>0.000000</Speed></TPX></Extensions></Trackpoint>
     <Trackpoint><Time>2026-01-28T21:25:06.434Z</Time><HeartRateBpm><Value>127</Value></HeartRateBpm><Extensions><TPX xmlns="http://www.garmin.com/xmlschemas/ActivityExtension/v2"><Speed>0.000000</Speed></TPX></Extensions></Trackpoint>
     <Trackpoint><Time>2026-01-28T21:25:07.434Z</Time><HeartRateBpm><Value>124</Value></HeartRateBpm><Extensions><TPX xmlns="http://www.garmin.com/xmlschemas/ActivityExtension/v2"><Speed>0.000000</Speed></TPX></Extensions></Trackpoint>
     <Trackpoint><Time>2026-01-28T21:25:09.434Z</Time><HeartRateBpm><Value>124</Value></HeartRateBpm><Extensions><TPX xmlns="http://www.garmin.com/xmlschemas/ActivityExtension/v2"><Speed>0.000000</Speed></TPX></Extensions></Trackpoint>
     <Trackpoint><Time>2026-01-28T21:25:10.434Z</Time><HeartRateBpm><Value>124</Value></HeartRateBpm><Extensions><TPX xmlns="http://www.garmin.com/xmlschemas/ActivityExtension/v2"><Speed>0.000000</Speed></TPX></Extensions></Trackpoint>
     <Trackpoint><Time>2026-01-28T21:25:11.436Z</Time><HeartRateBpm><Value>124</Value></HeartRateBpm><Extensions><TPX xmlns="http://www.garmin.com/xmlschemas/ActivityExtension/v2"><Speed>0.000000</Speed></TPX></Extensions></Trackpoint>
     <Trackpoint><Time>2026-01-28T21:25:12.851Z</Time><HeartRateBpm><Value>124</Value></HeartRateBpm><Extensions><TPX xmlns="http://www.garmin.com/xmlschemas/ActivityExtension/v2"><Speed>0.000000</Speed></TPX></Extensions></Trackpoint>
     <Trackpoint><Time>2026-01-28T21:25:14.434Z</Time><HeartRateBpm><Value>124</Value></HeartRateBpm><Extensions><TPX xmlns="http://www.garmin.com/xmlschemas/ActivityExtension/v2"><Speed>0.000000</Speed></TPX></Extensions></Trackpoint>
     <Trackpoint><Time>2026-01-28T21:25:16.434Z</Time><HeartRateBpm><Value>124</Value></HeartRateBpm><Extensions><TPX xmlns="http://www.garmin.com/xmlschemas/ActivityExtension/v2"><Speed>0.000000</Speed></TPX></Extensions></Trackpoint>
     <Trackpoint><Time>2026-01-28T21:25:17.434Z</Time><HeartRateBpm><Value>124</Value></HeartRateBpm><Extensions><TPX xmlns="http://www.garmin.com/xmlschemas/ActivityExtension/v2"><Speed>0.000000</Speed></TPX></Extensions></Trackpoint>
     <Trackpoint><Time>2026-01-28T21:25:19.434Z</Time><HeartRateBpm><Value>124</Value></HeartRateBpm><Extensions><TPX xmlns="http://www.garmin.com/xmlschemas/ActivityExtension/v2"><Speed>0.000000</Speed></TPX></Extensions></Trackpoint>
     <Trackpoint><Time>2026-01-28T21:25:20.498Z</Time><HeartRateBpm><Value>124</Value></HeartRateBpm><Extensions><TPX xmlns="http://www.garmin.com/xmlschemas/ActivityExtension/v2"><Speed>0.000000</Speed></TPX></Extensions></Trackpoint>
     <Trackpoint><Time>2026-01-28T21:25:22.434Z</Time><HeartRateBpm><Value>125</Value></HeartRateBpm><Extensions><TPX xmlns="http://www.garmin.com/xmlschemas/ActivityExtension/v2"><Speed>0.000000</Speed></TPX></Extensions></Trackpoint>
     <Trackpoint><Time>2026-01-28T21:25:24.433Z</Time><HeartRateBpm><Value>125</Value></HeartRateBpm><Extensions><TPX xmlns="http://www.garmin.com/xmlschemas/ActivityExtension/v2"><Speed>0.000000</Speed></TPX></Extensions></Trackpoint>
     <Trackpoint><Time>2026-01-28T21:25:25.434Z</Time><HeartRateBpm><Value>125</Value></HeartRateBpm><Extensions><TPX xmlns="http://www.garmin.com/xmlschemas/ActivityExtension/v2"><Speed>0.000000</Speed></TPX></Extensions></Trackpoint>
     <Trackpoint><Time>2026-01-28T21:25:27.434Z</Time><HeartRateBpm><Value>126</Value></HeartRateBpm><Extensions><TPX xmlns="http://www.garmin.com/xmlschemas/ActivityExtension/v2"><Speed>0.000000</Speed></TPX></Extensions></Trackpoint>
     <Trackpoint><Time>2026-01-28T21:25:29.434Z</Time><HeartRateBpm><Value>126</Value></HeartRateBpm><Extensions><TPX xmlns="http://www.garmin.com/xmlschemas/ActivityExtension/v2"><Speed>0.000000</Speed></TPX></Extensions></Trackpoint>
     <Trackpoint><Time>2026-01-28T21:25:30.434Z</Time><HeartRateBpm><Value>126</Value></HeartRateBpm><Extensions><TPX xmlns="http://www.garmin.com/xmlschemas/ActivityExtension/v2"><Speed>0.000000</Speed></TPX></Extensions></Trackpoint>
     <Trackpoint><Time>2026-01-28T21:25:32.434Z</Time><HeartRateBpm><Value>125</Value></HeartRateBpm><Extensions><TPX xmlns="http://www.garmin.com/xmlschemas/ActivityExtension/v2"><Speed>0.000000</Speed></TPX></Extensions></Trackpoint>
     <Trackpoint><Time>2026-01-28T21:25:34.433Z</Time><HeartRateBpm><Value>125</Value></HeartRateBpm><Extensions><TPX xmlns="http://www.garmin.com/xmlschemas/ActivityExtension/v2"><Speed>0.000000</Speed></TPX></Extensions></Trackpoint>
     <Trackpoint><Time>2026-01-28T21:25:35.434Z</Time><HeartRateBpm><Value>125</Value></HeartRateBpm><Extensions><TPX xmlns="http://www.garmin.com/xmlschemas/ActivityExtension/v2"><Speed>0.000000</Speed></TPX></Extensions></Trackpoint>
     <Trackpoint><Time>2026-01-28T21:25:36.915Z</Time><HeartRateBpm><Value>125</Value></HeartRateBpm><Extensions><TPX xmlns="http://www.garmin.com/xmlschemas/ActivityExtension/v2"><Speed>0.000000</Speed></TPX></Extensions></Trackpoint>
     <Trackpoint><Time>2026-01-28T21:25:38.340Z</Time><HeartRateBpm><Value>125</Value></HeartRateBpm><Extensions><TPX xmlns="http://www.garmin.com/xmlschemas/ActivityExtension/v2"><Speed>0.000000</Speed></TPX></Extensions></Trackpoint>
     <Trackpoint><Time>2026-01-28T21:25:39.433Z</Time><HeartRateBpm><Value>125</Value></HeartRateBpm><Extensions><TPX xmlns="http://www.garmin.com/xmlschemas/ActivityExtension/v2"><Speed>0.000000</Speed></TPX></Extensions></Trackpoint>
     <Trackpoint><Time>2026-01-28T21:25:40.434Z</Time><HeartRateBpm><Value>125</Value></HeartRateBpm><Extensions><TPX xmlns="http://www.garmin.com/xmlschemas/ActivityExtension/v2"><Speed>0.000000</Speed></TPX></Extensions></Trackpoint>
     <Trackpoint><Time>2026-01-28T21:25:42.433Z</Time><HeartRateBpm><Value>124</Value></HeartRateBpm><Extensions><TPX xmlns="http://www.garmin.com/xmlschemas/ActivityExtension/v2"><Speed>0.000000</Speed></TPX></Extensions></Trackpoint>
     <Trackpoint><Time>2026-01-28T21:25:43.434Z</Time><HeartRateBpm><Value>124</Value></HeartRateBpm><Extensions><TPX xmlns="http://www.garmin.com/xmlschemas/ActivityExtension/v2"><Speed>0.000000</Speed></TPX></Extensions></Trackpoint>
     <Trackpoint><Time>2026-01-28T21:25:45.433Z</Time><HeartRateBpm><Value>124</Value></HeartRateBpm><Extensions><TPX xmlns="http://www.garmin.com/xmlschemas/ActivityExtension/v2"><Speed>0.000000</Speed></TPX></Extensions></Trackpoint>
     <Trackpoint><Time>2026-01-28T21:25:46.433Z</Time><HeartRateBpm><Value>124</Value></HeartRateBpm><Extensions><TPX xmlns="http://www.garmin.com/xmlschemas/ActivityExtension/v2"><Speed>0.000000</Speed></TPX></Extensions></Trackpoint>
     <Trackpoint><Time>2026-01-28T21:25:48.434Z</Time><HeartRateBpm><Value>124</Value></HeartRateBpm><Extensions><TPX xmlns="http://www.garmin.com/xmlschemas/ActivityExtension/v2"><Speed>0.000000</Speed></TPX></Extensions></Trackpoint>
     <Trackpoint><Time>2026-01-28T21:25:50.433Z</Time><HeartRateBpm><Value>124</Value></HeartRateBpm><Extensions><TPX xmlns="http://www.garmin.com/xmlschemas/ActivityExtension/v2"><Speed>0.000000</Speed></TPX></Extensions></Trackpoint>
     <Trackpoint><Time>2026-01-28T21:25:51.433Z</Time><HeartRateBpm><Value>124</Value></HeartRateBpm><Extensions><TPX xmlns="http://www.garmin.com/xmlschemas/ActivityExtension/v2"><Speed>0.000000</Speed></TPX></Extensions></Trackpoint>
     <Trackpoint><Time>2026-01-28T21:25:53.433Z</Time><HeartRateBpm><Value>124</Value></HeartRateBpm><Extensions><TPX xmlns="http://www.garmin.com/xmlschemas/ActivityExtension/v2"><Speed>0.000000</Speed></TPX></Extensions></Trackpoint>
     <Trackpoint><Time>2026-01-28T21:25:54.433Z</Time><HeartRateBpm><Value>124</Value></HeartRateBpm><Extensions><TPX xmlns="http://www.garmin.com/xmlschemas/ActivityExtension/v2"><Speed>0.000000</Speed></TPX></Extensions></Trackpoint>
     <Trackpoint><Time>2026-01-28T21:25:55.434Z</Time><HeartRateBpm><Value>124</Value></HeartRateBpm><Extensions><TPX xmlns="http://www.garmin.com/xmlschemas/ActivityExtension/v2"><Speed>0.000000</Speed></TPX></Extensions></Trackpoint>
     <Trackpoint><Time>2026-01-28T21:25:57.433Z</Time><HeartRateBpm><Value>125</Value></HeartRateBpm><Extensions><TPX xmlns="http://www.garmin.com/xmlschemas/ActivityExtension/v2"><Speed>0.000000</Speed></TPX></Extensions></Trackpoint>
     <Trackpoint><Time>2026-01-28T21:25:58.726Z</Time><HeartRateBpm><Value>125</Value></HeartRateBpm><Extensions><TPX xmlns="http://www.garmin.com/xmlschemas/ActivityExtension/v2"><Speed>0.000000</Speed></TPX></Extensions></Trackpoint>
     <Trackpoint><Time>2026-01-28T21:26:00.434Z</Time><HeartRateBpm><Value>125</Value></HeartRateBpm><Extensions><TPX xmlns="http://www.garmin.com/xmlschemas/ActivityExtension/v2"><Speed>0.000000</Speed></TPX></Extensions></Trackpoint>
     <Trackpoint><Time>2026-01-28T21:26:01.434Z</Time><HeartRateBpm><Value>135</Value></HeartRateBpm><Extensions><TPX xmlns="http://www.garmin.com/xmlschemas/ActivityExtension/v2"><Speed>0.000000</Speed></TPX></Extensions></Trackpoint>
     <Trackpoint><Time>2026-01-28T21:26:03.433Z</Time><HeartRateBpm><Value>135</Value></HeartRateBpm><Extensions><TPX xmlns="http://www.garmin.com/xmlschemas/ActivityExtension/v2"><Speed>0.000000</Speed></TPX></Extensions></Trackpoint>
     <Trackpoint><Time>2026-01-28T21:26:05.434Z</Time><HeartRateBpm><Value>135</Value></HeartRateBpm><Extensions><TPX xmlns="http://www.garmin.com/xmlschemas/ActivityExtension/v2"><Speed>0.000000</Speed></TPX></Extensions></Trackpoint>
     <Trackpoint><Time>2026-01-28T21:26:07.433Z</Time><HeartRateBpm><Value>135</Value></HeartRateBpm><Extensions><TPX xmlns="http://www.garmin.com/xmlschemas/ActivityExtension/v2"><Speed>0.000000</Speed></TPX></Extensions></Trackpoint>
     <Trackpoint><Time>2026-01-28T21:26:08.919Z</Time><HeartRateBpm><Value>135</Value></HeartRateBpm><Extensions><TPX xmlns="http://www.garmin.com/xmlschemas/ActivityExtension/v2"><Speed>0.000000</Speed></TPX></Extensions></Trackpoint>
     <Trackpoint><Time>2026-01-28T21:26:10.433Z</Time><HeartRateBpm><Value>135</Value></HeartRateBpm><Extensions><TPX xmlns="http://www.garmin.com/xmlschemas/ActivityExtension/v2"><Speed>0.000000</Speed></TPX></Extensions></Trackpoint>
     <Trackpoint><Time>2026-01-28T21:26:11.434Z</Time><HeartRateBpm><Value>136</Value></HeartRateBpm><Extensions><TPX xmlns="http://www.garmin.com/xmlschemas/ActivityExtension/v2"><Speed>0.000000</Speed></TPX></Extensions></Trackpoint>
     <Trackpoint><Time>2026-01-28T21:26:13.433Z</Time><HeartRateBpm><Value>136</Value></HeartRateBpm><Extensions><TPX xmlns="http://www.garmin.com/xmlschemas/ActivityExtension/v2"><Speed>0.000000</Speed></TPX></Extensions></Trackpoint>
     <Trackpoint><Time>2026-01-28T21:26:14.433Z</Time><HeartRateBpm><Value>136</Value></HeartRateBpm><Extensions><TPX xmlns="http://www.garmin.com/xmlschemas/ActivityExtension/v2"><Speed>0.000000</Speed></TPX></Extensions></Trackpoint>
     <Trackpoint><Time>2026-01-28T21:26:15.433Z</Time><HeartRateBpm><Value>136</Value></HeartRateBpm><Extensions><TPX xmlns="http://www.garmin.com/xmlschemas/ActivityExtension/v2"><Speed>0.000000</Speed></TPX></Extensions></Trackpoint>
     <Trackpoint><Time>2026-01-28T21:26:16.434Z</Time><HeartRateBpm><Value>138</Value></HeartRateBpm><Extensions><TPX xmlns="http://www.garmin.com/xmlschemas/ActivityExtension/v2"><Speed>0.000000</Speed></TPX></Extensions></Trackpoint>
     <Trackpoint><Time>2026-01-28T21:26:18.434Z</Time><HeartRateBpm><Value>138</Value></HeartRateBpm><Extensions><TPX xmlns="http://www.garmin.com/xmlschemas/ActivityExtension/v2"><Speed>0.000000</Speed></TPX></Extensions></Trackpoint>
     <Trackpoint><Time>2026-01-28T21:26:20.434Z</Time><HeartRateBpm><Value>138</Value></HeartRateBpm><Extensions><TPX xmlns="http://www.garmin.com/xmlschemas/ActivityExtension/v2"><Speed>0.000000</Speed></TPX></Extensions></Trackpoint>
     <Trackpoint><Time>2026-01-28T21:26:21.671Z</Time><HeartRateBpm><Value>138</Value></HeartRateBpm><Extensions><TPX xmlns="http://www.garmin.com/xmlschemas/ActivityExtension/v2"><Speed>0.000000</Speed></TPX></Extensions></Trackpoint>
     <Trackpoint><Time>2026-01-28T21:26:23.433Z</Time><HeartRateBpm><Value>138</Value></HeartRateBpm><Extensions><TPX xmlns="http://www.garmin.com/xmlschemas/ActivityExtension/v2"><Speed>0.000000</Speed></TPX></Extensions></Trackpoint>
     <Trackpoint><Time>2026-01-28T21:26:25.433Z</Time><HeartRateBpm><Value>138</Value></HeartRateBpm><Extensions><TPX xmlns="http://www.garmin.com/xmlschemas/ActivityExtension/v2"><Speed>0.000000</Speed></TPX></Extensions></Trackpoint>
     <Trackpoint><Time>2026-01-28T21:26:26.772Z</Time><HeartRateBpm><Value>138</Value></HeartRateBpm><Extensions><TPX xmlns="http://www.garmin.com/xmlschemas/ActivityExtension/v2"><Speed>0.000000</Speed></TPX></Extensions></Trackpoint>
     <Trackpoint><Time>2026-01-28T21:26:28.433Z</Time><HeartRateBpm><Value>142</Value></HeartRateBpm><Extensions><TPX xmlns="http://www.garmin.com/xmlschemas/ActivityExtension/v2"><Speed>0.000000</Speed></TPX></Extensions></Trackpoint>
     <Trackpoint><Time>2026-01-28T21:26:30.433Z</Time><HeartRateBpm><Value>142</Value></HeartRateBpm><Extensions><TPX xmlns="http://www.garmin.com/xmlschemas/ActivityExtension/v2"><Speed>0.000000</Speed></TPX></Extensions></Trackpoint>
     <Trackpoint><Time>2026-01-28T21:26:31.892Z</Time><HeartRateBpm><Value>142</Value></HeartRateBpm><Extensions><TPX xmlns="http://www.garmin.com/xmlschemas/ActivityExtension/v2"><Speed>0.000000</Speed></TPX></Extensions></Trackpoint>
     <Trackpoint><Time>2026-01-28T21:26:33.433Z</Time><HeartRateBpm><Value>143</Value></HeartRateBpm><Extensions><TPX xmlns="http://www.garmin.com/xmlschemas/ActivityExtension/v2"><Speed>0.000000</Speed></TPX></Extensions></Trackpoint>
     <Trackpoint><Time>2026-01-28T21:26:34.433Z</Time><HeartRateBpm><Value>143</Value></HeartRateBpm><Extensions><TPX xmlns="http://www.garmin.com/xmlschemas/ActivityExtension/v2"><Speed>0.000000</Speed></TPX></Extensions></Trackpoint>
     <Trackpoint><Time>2026-01-28T21:26:36.433Z</Time><HeartRateBpm><Value>143</Value></HeartRateBpm><Extensions><TPX xmlns="http://www.garmin.com/xmlschemas/ActivityExtension/v2"><Speed>0.000000</Speed></TPX></Extensions></Trackpoint>
     <Trackpoint><Time>2026-01-28T21:26:38.433Z</Time><HeartRateBpm><Value>144</Value></HeartRateBpm><Extensions><TPX xmlns="http://www.garmin.com/xmlschemas/ActivityExtension/v2"><Speed>0.000000</Speed></TPX></Extensions></Trackpoint>
     <Trackpoint><Time>2026-01-28T21:26:39.433Z</Time><HeartRateBpm><Value>144</Value></HeartRateBpm><Extensions><TPX xmlns="http://www.garmin.com/xmlschemas/ActivityExtension/v2"><Speed>0.000000</Speed></TPX></Extensions></Trackpoint>
     <Trackpoint><Time>2026-01-28T21:26:40.433Z</Time><HeartRateBpm><Value>144</Value></HeartRateBpm><Extensions><TPX xmlns="http://www.garmin.com/xmlschemas/ActivityExtension/v2"><Speed>0.000000</Speed></TPX></Extensions></Trackpoint>
     <Trackpoint><Time>2026-01-28T21:26:41.928Z</Time><HeartRateBpm><Value>144</Value></HeartRateBpm><Extensions><TPX xmlns="http://www.garmin.com/xmlschemas/ActivityExtension/v2"><Speed>0.000000</Speed></TPX></Extensions></Trackpoint>
     <Trackpoint><Time>2026-01-28T21:26:43.433Z</Time><HeartRateBpm><Value>144</Value></HeartRateBpm><Extensions><TPX xmlns="http://www.garmin.com/xmlschemas/ActivityExtension/v2"><Speed>0.000000</Speed></TPX></Extensions></Trackpoint>
     <Trackpoint><Time>2026-01-28T21:26:44.611Z</Time><HeartRateBpm><Value>144</Value></HeartRateBpm><Extensions><TPX xmlns="http://www.garmin.com/xmlschemas/ActivityExtension/v2"><Speed>0.000000</Speed></TPX></Extensions></Trackpoint>
     <Trackpoint><Time>2026-01-28T21:26:46.433Z</Time><HeartRateBpm><Value>144</Value></HeartRateBpm><Extensions><TPX xmlns="http://www.garmin.com/xmlschemas/ActivityExtension/v2"><Speed>0.000000</Speed></TPX></Extensions></Trackpoint>
     <Trackpoint><Time>2026-01-28T21:26:47.433Z</Time><HeartRateBpm><Value>145</Value></HeartRateBpm><Extensions><TPX xmlns="http://www.garmin.com/xmlschemas/ActivityExtension/v2"><Speed>0.000000</Speed></TPX></Extensions></Trackpoint>
     <Trackpoint><Time>2026-01-28T21:26:49.433Z</Time><HeartRateBpm><Value>145</Value></HeartRateBpm><Extensions><TPX xmlns="http://www.garmin.com/xmlschemas/ActivityExtension/v2"><Speed>0.000000</Speed></TPX></Extensions></Trackpoint>
     <Trackpoint><Time>2026-01-28T21:26:50.433Z</Time><HeartRateBpm><Value>145</Value></HeartRateBpm><Extensions><TPX xmlns="http://www.garmin.com/xmlschemas/ActivityExtension/v2"><Speed>0.000000</Speed></TPX></Extensions></Trackpoint>
     <Trackpoint><Time>2026-01-28T21:26:52.257Z</Time><HeartRateBpm><Value>142</Value></HeartRateBpm><Extensions><TPX xmlns="http://www.garmin.com/xmlschemas/ActivityExtension/v2"><Speed>0.000000</Speed></TPX></Extensions></Trackpoint>
     <Trackpoint><Time>2026-01-28T21:26:53.433Z</Time><HeartRateBpm><Value>142</Value></HeartRateBpm><Extensions><TPX xmlns="http://www.garmin.com/xmlschemas/ActivityExtension/v2"><Speed>0.000000</Speed></TPX></Extensions></Trackpoint>
     <Trackpoint><Time>2026-01-28T21:26:54.810Z</Time><HeartRateBpm><Value>142</Value></HeartRateBpm><Extensions><TPX xmlns="http://www.garmin.com/xmlschemas/ActivityExtension/v2"><Speed>0.000000</Speed></TPX></Extensions></Trackpoint>
     <Trackpoint><Time>2026-01-28T21:26:56.409Z</Time><HeartRateBpm><Value>134</Value></HeartRateBpm><Extensions><TPX xmlns="http://www.garmin.com/xmlschemas/ActivityExtension/v2"><Speed>0.000000</Speed></TPX></Extensions></Trackpoint>
     <Trackpoint><Time>2026-01-28T21:26:57.433Z</Time><HeartRateBpm><Value>134</Value></HeartRateBpm><Extensions><TPX xmlns="http://www.garmin.com/xmlschemas/ActivityExtension/v2"><Speed>0.000000</Speed></TPX></Extensions></Trackpoint>
     <Trackpoint><Time>2026-01-28T21:26:59.433Z</Time><HeartRateBpm><Value>134</Value></HeartRateBpm><Extensions><TPX xmlns="http://www.garmin.com/xmlschemas/ActivityExtension/v2"><Speed>0.000000</Speed></TPX></Extensions></Trackpoint>
     <Trackpoint><Time>2026-01-28T21:27:01.433Z</Time><HeartRateBpm><Value>134</Value></HeartRateBpm><Extensions><TPX xmlns="http://www.garmin.com/xmlschemas/ActivityExtension/v2"><Speed>0.000000</Speed></TPX></Extensions></Trackpoint>
     <Trackpoint><Time>2026-01-28T21:27:02.433Z</Time><HeartRateBpm><Value>131</Value></HeartRateBpm><Extensions><TPX xmlns="http://www.garmin.com/xmlschemas/ActivityExtension/v2"><Speed>0.000000</Speed></TPX></Extensions></Trackpoint>
     <Trackpoint><Time>2026-01-28T21:27:04.433Z</Time><HeartRateBpm><Value>131</Value></HeartRateBpm><Extensions><TPX xmlns="http://www.garmin.com/xmlschemas/ActivityExtension/v2"><Speed>0.000000</Speed></TPX></Extensions></Trackpoint>
     <Trackpoint><Time>2026-01-28T21:27:05.433Z</Time><HeartRateBpm><Value>131</Value></HeartRateBpm><Extensions><TPX xmlns="http://www.garmin.com/xmlschemas/ActivityExtension/v2"><Speed>0.000000</Speed></TPX></Extensions></Trackpoint>
     <Trackpoint><Time>2026-01-28T21:27:07.433Z</Time><HeartRateBpm><Value>130</Value></HeartRateBpm><Extensions><TPX xmlns="http://www.garmin.com/xmlschemas/ActivityExtension/v2"><Speed>0.000000</Speed></TPX></Extensions></Trackpoint>
     <Trackpoint><Time>2026-01-28T21:27:09.433Z</Time><HeartRateBpm><Value>130</Value></HeartRateBpm><Extensions><TPX xmlns="http://www.garmin.com/xmlschemas/ActivityExtension/v2"><Speed>0.000000</Speed></TPX></Extensions></Trackpoint>
     <Trackpoint><Time>2026-01-28T21:27:10.433Z</Time><HeartRateBpm><Value>130</Value></HeartRateBpm><Extensions><TPX xmlns="http://www.garmin.com/xmlschemas/ActivityExtension/v2"><Speed>0.000000</Speed></TPX></Extensions></Trackpoint>
     <Trackpoint><Time>2026-01-28T21:27:11.922Z</Time><HeartRateBpm><Value>130</Value></HeartRateBpm><Extensions><TPX xmlns="http://www.garmin.com/xmlschemas/ActivityExtension/v2"><Speed>0.000000</Speed></TPX></Extensions></Trackpoint>
     <Trackpoint><Time>2026-01-28T21:27:13.433Z</Time><HeartRateBpm><Value>130</Value></HeartRateBpm><Extensions><TPX xmlns="http://www.garmin.com/xmlschemas/ActivityExtension/v2"><Speed>0.000000</Speed></TPX></Extensions></Trackpoint>
     <Trackpoint><Time>2026-01-28T21:27:15.203Z</Time><HeartRateBpm><Value>130</Value></HeartRateBpm><Extensions><TPX xmlns="http://www.garmin.com/xmlschemas/ActivityExtension/v2"><Speed>0.000000</Speed></TPX></Extensions></Trackpoint>
     <Trackpoint><Time>2026-01-28T21:27:16.407Z</Time><HeartRateBpm><Value>129</Value></HeartRateBpm><Extensions><TPX xmlns="http://www.garmin.com/xmlschemas/ActivityExtension/v2"><Speed>0.000000</Speed></TPX></Extensions></Trackpoint>
     <Trackpoint><Time>2026-01-28T21:27:17.433Z</Time><HeartRateBpm><Value>129</Value></HeartRateBpm><Extensions><TPX xmlns="http://www.garmin.com/xmlschemas/ActivityExtension/v2"><Speed>0.000000</Speed></TPX></Extensions></Trackpoint>
     <Trackpoint><Time>2026-01-28T21:27:19.433Z</Time><HeartRateBpm><Value>129</Value></HeartRateBpm><Extensions><TPX xmlns="http://www.garmin.com/xmlschemas/ActivityExtension/v2"><Speed>0.000000</Speed></TPX></Extensions></Trackpoint>
     <Trackpoint><Time>2026-01-28T21:27:20.433Z</Time><HeartRateBpm><Value>129</Value></HeartRateBpm><Extensions><TPX xmlns="http://www.garmin.com/xmlschemas/ActivityExtension/v2"><Speed>0.000000</Speed></TPX></Extensions></Trackpoint>
     <Trackpoint><Time>2026-01-28T21:27:21.434Z</Time><HeartRateBpm><Value>128</Value></HeartRateBpm><Extensions><TPX xmlns="http://www.garmin.com/xmlschemas/ActivityExtension/v2"><Speed>0.000000</Speed></TPX></Extensions></Trackpoint>
     <Trackpoint><Time>2026-01-28T21:27:22.851Z</Time><HeartRateBpm><Value>128</Value></HeartRateBpm><Extensions><TPX xmlns="http://www.garmin.com/xmlschemas/ActivityExtension/v2"><Speed>0.000000</Speed></TPX></Extensions></Trackpoint>
     <Trackpoint><Time>2026-01-28T21:27:24.433Z</Time><HeartRateBpm><Value>128</Value></HeartRateBpm><Extensions><TPX xmlns="http://www.garmin.com/xmlschemas/ActivityExtension/v2"><Speed>0.000000</Speed></TPX></Extensions></Trackpoint>
     <Trackpoint><Time>2026-01-28T21:27:25.433Z</Time><HeartRateBpm><Value>128</Value></HeartRateBpm><Extensions><TPX xmlns="http://www.garmin.com/xmlschemas/ActivityExtension/v2"><Speed>0.000000</Speed></TPX></Extensions></Trackpoint>
     <Trackpoint><Time>2026-01-28T21:27:27.433Z</Time><HeartRateBpm><Value>130</Value></HeartRateBpm><Extensions><TPX xmlns="http://www.garmin.com/xmlschemas/ActivityExtension/v2"><Speed>0.000000</Speed></TPX></Extensions></Trackpoint>
     <Trackpoint><Time>2026-01-28T21:27:29.433Z</Time><HeartRateBpm><Value>130</Value></HeartRateBpm><Extensions><TPX xmlns="http://www.garmin.com/xmlschemas/ActivityExtension/v2"><Speed>0.000000</Speed></TPX></Extensions></Trackpoint>
     <Trackpoint><Time>2026-01-28T21:27:30.496Z</Time><HeartRateBpm><Value>130</Value></HeartRateBpm><Extensions><TPX xmlns="http://www.garmin.com/xmlschemas/ActivityExtension/v2"><Speed>0.000000</Speed></TPX></Extensions></Trackpoint>
     <Trackpoint><Time>2026-01-28T21:27:32.433Z</Time><HeartRateBpm><Value>132</Value></HeartRateBpm><Extensions><TPX xmlns="http://www.garmin.com/xmlschemas/ActivityExtension/v2"><Speed>0.000000</Speed></TPX></Extensions></Trackpoint>
    </Track>
   </Lap>
   <Lap StartTime="2026-01-28T21:27:34.433Z">
    <TotalTimeSeconds>600</TotalTimeSeconds>
    <AverageHeartRateBpm><Value>144</Value></AverageHeartRateBpm>
    <MaximumHeartRateBpm><Value>158</Value></MaximumHeartRateBpm>
    <Calories>116</Calories>
    <Track>
     <Trackpoint><Time>2026-01-28T21:27:34.433Z</Time><HeartRateBpm><Value>132</Value></HeartRateBpm><Extensions><TPX xmlns="http://www.garmin.com/xmlschemas/ActivityExtension/v2"><Speed>0.000000</Speed></TPX></Extensions></Trackpoint>
     <Trackpoint><Time>2026-01-28T21:27:35.433Z</Time><HeartRateBpm><Value>132</Value></HeartRateBpm><Extensions><TPX xmlns="http://www.garmin.com/xmlschemas/ActivityExtension/v2"><Speed>0.000000</Speed></TPX></Extensions></Trackpoint>
     <Trackpoint><Time>2026-01-28T21:27:37.434Z</Time><HeartRateBpm><Value>130</Value></HeartRateBpm><Extensions><TPX xmlns="http://www.garmin.com/xmlschemas/ActivityExtension/v2"><Speed>0.000000</Speed></TPX></Extensions></Trackpoint>
     <Trackpoint><Time>2026-01-28T21:27:39.433Z</Time><HeartRateBpm><Value>130</Value></HeartRateBpm><Extensions><TPX xmlns="http://www.garmin.com/xmlschemas/ActivityExtension/v2"><Speed>0.000000</Speed></TPX></Extensions></Trackpoint>
     <Trackpoint><Time>2026-01-28T21:27:40.689Z</Time><HeartRateBpm><Value>130</Value></HeartRateBpm><Extensions><TPX xmlns="http://www.garmin.com/xmlschemas/ActivityExtension/v2"><Speed>0.000000</Speed></TPX></Extensions></Trackpoint>
     <Trackpoint><Time>2026-01-28T21:27:41.969Z</Time><HeartRateBpm><Value>129</Value></HeartRateBpm><Extensions><TPX xmlns="http://www.garmin.com/xmlschemas/ActivityExtension/v2"><Speed>0.000000</Speed></TPX></Extensions></Trackpoint>
     <Trackpoint><Time>2026-01-28T21:27:43.240Z</Time><HeartRateBpm><Value>129</Value></HeartRateBpm><Extensions><TPX xmlns="http://www.garmin.com/xmlschemas/ActivityExtension/v2"><Speed>0.000000</Speed></TPX></Extensions></Trackpoint>
     <Trackpoint><Time>2026-01-28T21:27:44.433Z</Time><HeartRateBpm><Value>129</Value></HeartRateBpm><Extensions><TPX xmlns="http://www.garmin.com/xmlschemas/ActivityExtension/v2"><Speed>0.000000</Speed></TPX></Extensions></Trackpoint>
     <Trackpoint><Time>2026-01-28T21:27:45.790Z</Time><HeartRateBpm><Value>129</Value></HeartRateBpm><Extensions><TPX xmlns="http://www.garmin.com/xmlschemas/ActivityExtension/v2"><Speed>0.000000</Speed></TPX></Extensions></Trackpoint>
     <Trackpoint><Time>2026-01-28T21:27:47.433Z</Time><HeartRateBpm><Value>129</Value></HeartRateBpm><Extensions><TPX xmlns="http://www.garmin.com/xmlschemas/ActivityExtension/v2"><Speed>0.000000</Speed></TPX></Extensions></Trackpoint>
     <Trackpoint><Time>2026-01-28T21:27:48.433Z</Time><HeartRateBpm><Value>129</Value></HeartRateBpm><Extensions><TPX xmlns="http://www.garmin.com/xmlschemas/ActivityExtension/v2"><Speed>0.000000</Speed></TPX></Extensions></Trackpoint>
     <Trackpoint><Time>2026-01-28T21:27:50.433Z</Time><HeartRateBpm><Value>129</Value></HeartRateBpm><Extensions><TPX xmlns="http://www.garmin.com/xmlschemas/ActivityExtension/v2"><Speed>0.000000</Speed></TPX></Extensions></Trackpoint>
     <Trackpoint><Time>2026-01-28T21:27:51.972Z</Time><HeartRateBpm><Value>135</Value></HeartRateBpm><Extensions><TPX xmlns="http://www.garmin.com/xmlschemas/ActivityExtension/v2"><Speed>0.000000</Speed></TPX></Extensions></Trackpoint>
     <Trackpoint><Time>2026-01-28T21:27:53.433Z</Time><HeartRateBpm><Value>135</Value></HeartRateBpm><Extensions><TPX xmlns="http://www.garmin.com/xmlschemas/ActivityExtension/v2"><Speed>0.000000</Speed></TPX></Extensions></Trackpoint>
     <Trackpoint><Time>2026-01-28T21:27:54.433Z</Time><HeartRateBpm><Value>135</Value></HeartRateBpm><Extensions><TPX xmlns="http://www.garmin.com/xmlschemas/ActivityExtension/v2"><Speed>0.000000</Speed></TPX></Extensions></Trackpoint>
     <Trackpoint><Time>2026-01-28T21:27:55.984Z</Time><HeartRateBpm><Value>135</Value></HeartRateBpm><Extensions><TPX xmlns="http://www.garmin.com/xmlschemas/ActivityExtension/v2"><Speed>0.000000</Speed></TPX></Extensions></Trackpoint>
     <Trackpoint><Time>2026-01-28T21:27:57.433Z</Time><HeartRateBpm><Value>136</Value></HeartRateBpm><Extensions><TPX xmlns="http://www.garmin.com/xmlschemas/ActivityExtension/v2"><Speed>0.000000</Speed></TPX></Extensions></Trackpoint>
     <Trackpoint><Time>2026-01-28T21:27:58.433Z</Time><HeartRateBpm><Value>136</Value></HeartRateBpm><Extensions><TPX xmlns="http://www.garmin.com/xmlschemas/ActivityExtension/v2"><Speed>0.000000</Speed></TPX></Extensions></Trackpoint>
     <Trackpoint><Time>2026-01-28T21:27:59.433Z</Time><HeartRateBpm><Value>136</Value></HeartRateBpm><Extensions><TPX xmlns="http://www.garmin.com/xmlschemas/ActivityExtension/v2"><Speed>0.000000</Speed></TPX></Extensions></Trackpoint>
     <Trackpoint><Time>2026-01-28T21:28:01.083Z</Time><HeartRateBpm><Value>136</Value></HeartRateBpm><Extensions><TPX xmlns="http://www.garmin.com/xmlschemas/ActivityExtension/v2"><Speed>0.000000</Speed></TPX></Extensions></Trackpoint>
     <Trackpoint><Time>2026-01-28T21:28:02.433Z</Time><HeartRateBpm><Value>141</Value></HeartRateBpm><Extensions><TPX xmlns="http://www.garmin.com/xmlschemas/ActivityExtension/v2"><Speed>0.000000</Speed></TPX></Extensions></Trackpoint>
     <Trackpoint><Time>2026-01-28T21:28:03.628Z</Time><HeartRateBpm><Value>141</Value></HeartRateBpm><Extensions><TPX xmlns="http://www.garmin.com/xmlschemas/ActivityExtension/v2"><Speed>0.000000</Speed></TPX></Extensions></Trackpoint>
     <Trackpoint><Time>2026-01-28T21:28:05.433Z</Time><HeartRateBpm><Value>141</Value></HeartRateBpm><Extensions><TPX xmlns="http://www.garmin.com/xmlschemas/ActivityExtension/v2"><Speed>0.000000</Speed></TPX></Extensions></Trackpoint>
     <Trackpoint><Time>2026-01-28T21:28:06.433Z</Time><HeartRateBpm><Value>142</Value></HeartRateBpm><Extensions><TPX xmlns="http://www.garmin.com/xmlschemas/ActivityExtension/v2"><Speed>0.000000</Speed></TPX></Extensions></Trackpoint>
     <Trackpoint><Time>2026-01-28T21:28:08.433Z</Time><HeartRateBpm><Value>142</Value></HeartRateBpm><Extensions><TPX xmlns="http://www.garmin.com/xmlschemas/ActivityExtension/v2"><Speed>0.000000</Speed></TPX></Extensions></Trackpoint>
     <Trackpoint><Time>2026-01-28T21:28:09.433Z</Time><HeartRateBpm><Value>142</Value></HeartRateBpm><Extensions><TPX xmlns="http://www.garmin.com/xmlschemas/ActivityExtension/v2"><Speed>0.000000</Speed></TPX></Extensions></Trackpoint>
     <Trackpoint><Time>2026-01-28T21:28:11.288Z</Time><HeartRateBpm><Value>142</Value></HeartRateBpm><Extensions><TPX xmlns="http://www.garmin.com/xmlschemas/ActivityExtension/v2"><Speed>0.000000</Speed></TPX></Extensions></Trackpoint>
     <Trackpoint><Time>2026-01-28T21:28:12.433Z</Time><HeartRateBpm><Value>145</Value></HeartRateBpm><Extensions><TPX xmlns="http://www.garmin.com/xmlschemas/ActivityExtension/v2"><Speed>0.000000</Speed></TPX></Extensions></Trackpoint>
     <Trackpoint><Time>2026-01-28T21:28:13.433Z</Time><HeartRateBpm><Value>145</Value></HeartRateBpm><Extensions><TPX xmlns="http://www.garmin.com/xmlschemas/ActivityExtension/v2"><Speed>0.000000</Speed></TPX></Extensions></Trackpoint>
     <Trackpoint><Time>2026-01-28T21:28:14.433Z</Time><HeartRateBpm><Value>145</Value></HeartRateBpm><Extensions><TPX xmlns="http://www.garmin.com/xmlschemas/ActivityExtension/v2"><Speed>0.000000</Speed></TPX></Extensions></Trackpoint>
     <Trackpoint><Time>2026-01-28T21:28:15.433Z</Time><HeartRateBpm><Value>145</Value></HeartRateBpm><Extensions><TPX xmlns="http://www.garmin.com/xmlschemas/ActivityExtension/v2"><Speed>0.000000</Speed></TPX></Extensions></Trackpoint>
     <Trackpoint><Time>2026-01-28T21:28:16.433Z</Time><HeartRateBpm><Value>146</Value></HeartRateBpm><Extensions><TPX xmlns="http://www.garmin.com/xmlschemas/ActivityExtension/v2"><Speed>0.000000</Speed></TPX></Extensions></Trackpoint>
     <Trackpoint><Time>2026-01-28T21:28:18.434Z</Time><HeartRateBpm><Value>146</Value></HeartRateBpm><Extensions><TPX xmlns="http://www.garmin.com/xmlschemas/ActivityExtension/v2"><Speed>0.000000</Speed></TPX></Extensions></Trackpoint>
     <Trackpoint><Time>2026-01-28T21:28:20.433Z</Time><HeartRateBpm><Value>146</Value></HeartRateBpm><Extensions><TPX xmlns="http://www.garmin.com/xmlschemas/ActivityExtension/v2"><Speed>0.000000</Speed></TPX></Extensions></Trackpoint>
     <Trackpoint><Time>2026-01-28T21:28:22.433Z</Time><HeartRateBpm><Value>148</Value></HeartRateBpm><Extensions><TPX xmlns="http://www.garmin.com/xmlschemas/ActivityExtension/v2"><Speed>0.000000</Speed></TPX></Extensions></Trackpoint>
     <Trackpoint><Time>2026-01-28T21:28:24.028Z</Time><HeartRateBpm><Value>148</Value></HeartRateBpm><Extensions><TPX xmlns="http://www.garmin.com/xmlschemas/ActivityExtension/v2"><Speed>0.000000</Speed></TPX></Extensions></Trackpoint>
     <Trackpoint><Time>2026-01-28T21:28:25.433Z</Time><HeartRateBpm><Value>148</Value></HeartRateBpm><Extensions><TPX xmlns="http://www.garmin.com/xmlschemas/ActivityExtension/v2"><Speed>0.000000</Speed></TPX></Extensions></Trackpoint>
     <Trackpoint><Time>2026-01-28T21:28:26.433Z</Time><HeartRateBpm><Value>148</Value></HeartRateBpm><Extensions><TPX xmlns="http://www.garmin.com/xmlschemas/ActivityExtension/v2"><Speed>0.000000</Speed></TPX></Extensions></Trackpoint>
     <Trackpoint><Time>2026-01-28T21:28:28.433Z</Time><HeartRateBpm><Value>148</Value></HeartRateBpm><Extensions><TPX xmlns="http://www.garmin.com/xmlschemas/ActivityExtension/v2"><Speed>0.000000</Speed></TPX></Extensions></Trackpoint>
     <Trackpoint><Time>2026-01-28T21:28:30.433Z</Time><HeartRateBpm><Value>148</Value></HeartRateBpm><Extensions><TPX xmlns="http://www.garmin.com/xmlschemas/ActivityExtension/v2"><Speed>0.000000</Speed></TPX></Extensions></Trackpoint>
     <Trackpoint><Time>2026-01-28T21:28:31.670Z</Time><HeartRateBpm><Value>151</Value></HeartRateBpm><Extensions><TPX xmlns="http://www.garmin.com/xmlschemas/ActivityExtension/v2"><Speed>0.000000</Speed></TPX></Extensions></Trackpoint>
     <Trackpoint><Time>2026-01-28T21:28:33.433Z</Time><HeartRateBpm><Value>151</Value></HeartRateBpm><Extensions><TPX xmlns="http://www.garmin.com/xmlschemas/ActivityExtension/v2"><Speed>0.000000</Speed></TPX></Extensions></Trackpoint>
     <Trackpoint><Time>2026-01-28T21:28:34.433Z</Time><HeartRateBpm><Value>151</Value></HeartRateBpm><Extensions><TPX xmlns="http://www.garmin.com/xmlschemas/ActivityExtension/v2"><Speed>0.000000</Speed></TPX></Extensions></Trackpoint>
     <Trackpoint><Time>2026-01-28T21:28:35.433Z</Time><HeartRateBpm><Value>151</Value></HeartRateBpm><Extensions><TPX xmlns="http://www.garmin.com/xmlschemas/ActivityExtension/v2"><Speed>0.000000</Speed></TPX></Extensions></Trackpoint>
     <Trackpoint><Time>2026-01-28T21:28:36.439Z</Time><HeartRateBpm><Value>152</Value></HeartRateBpm><Extensions><TPX xmlns="http://www.garmin.com/xmlschemas/ActivityExtension/v2"><Speed>0.000000</Speed></TPX></Extensions></Trackpoint>
     <Trackpoint><Time>2026-01-28T21:28:38.433Z</Time><HeartRateBpm><Value>152</Value></HeartRateBpm><Extensions><TPX xmlns="http://www.garmin.com/xmlschemas/ActivityExtension/v2"><Speed>0.000000</Speed></TPX></Extensions></Trackpoint>
     <Trackpoint><Time>2026-01-28T21:28:39.433Z</Time><HeartRateBpm><Value>152</Value></HeartRateBpm><Extensions><TPX xmlns="http://www.garmin.com/xmlschemas/ActivityExtension/v2"><Speed>0.000000</Speed></TPX></Extensions></Trackpoint>
     <Trackpoint><Time>2026-01-28T21:28:41.410Z</Time><HeartRateBpm><Value>152</Value></HeartRateBpm><Extensions><TPX xmlns="http://www.garmin.com/xmlschemas/ActivityExtension/v2"><Speed>0.000000</Speed></TPX></Extensions></Trackpoint>
     <Trackpoint><Time>2026-01-28T21:28:42.433Z</Time><HeartRateBpm><Value>152</Value></HeartRateBpm><Extensions><TPX xmlns="http://www.garmin.com/xmlschemas/ActivityExtension/v2"><Speed>0.000000</Speed></TPX></Extensions></Trackpoint>
     <Trackpoint><Time>2026-01-28T21:28:44.414Z</Time><HeartRateBpm><Value>152</Value></HeartRateBpm><Extensions><TPX xmlns="http://www.garmin.com/xmlschemas/ActivityExtension/v2"><Speed>0.000000</Speed></TPX></Extensions></Trackpoint>
     <Trackpoint><Time>2026-01-28T21:28:45.433Z</Time><HeartRateBpm><Value>152</Value></HeartRateBpm><Extensions><TPX xmlns="http://www.garmin.com/xmlschemas/ActivityExtension/v2"><Speed>0.000000</Speed></TPX></Extensions></Trackpoint>
     <Trackpoint><Time>2026-01-28T21:28:46.968Z</Time><HeartRateBpm><Value>152</Value></HeartRateBpm><Extensions><TPX xmlns="http://www.garmin.com/xmlschemas/ActivityExtension/v2"><Speed>0.000000</Speed></TPX></Extensions></Trackpoint>
     <Trackpoint><Time>2026-01-28T21:28:48.433Z</Time><HeartRateBpm><Value>148</Value></HeartRateBpm><Extensions><TPX xmlns="http://www.garmin.com/xmlschemas/ActivityExtension/v2"><Speed>0.000000</Speed></TPX></Extensions></Trackpoint>
     <Trackpoint><Time>2026-01-28T21:28:49.604Z</Time><HeartRateBpm><Value>148</Value></HeartRateBpm><Extensions><TPX xmlns="http://www.garmin.com/xmlschemas/ActivityExtension/v2"><Speed>0.000000</Speed></TPX></Extensions></Trackpoint>
     <Trackpoint><Time>2026-01-28T21:28:51.404Z</Time><HeartRateBpm><Value>147</Value></HeartRateBpm><Extensions><TPX xmlns="http://www.garmin.com/xmlschemas/ActivityExtension/v2"><Speed>0.000000</Speed></TPX></Extensions></Trackpoint>
     <Trackpoint><Time>2026-01-28T21:28:52.433Z</Time><HeartRateBpm><Value>147</Value></HeartRateBpm><Extensions><TPX xmlns="http://www.garmin.com/xmlschemas/ActivityExtension/v2"><Speed>0.000000</Speed></TPX></Extensions></Trackpoint>
     <Trackpoint><Time>2026-01-28T21:28:54.433Z</Time><HeartRateBpm><Value>147</Value></HeartRateBpm><Extensions><TPX xmlns="http://www.garmin.com/xmlschemas/ActivityExtension/v2"><Speed>0.000000</Speed></TPX></Extensions></Trackpoint>
     <Trackpoint><Time>2026-01-28T21:28:55.433Z</Time><HeartRateBpm><Value>147</Value></HeartRateBpm><Extensions><TPX xmlns="http://www.garmin.com/xmlschemas/ActivityExtension/v2"><Speed>0.000000</Speed></TPX></Extensions></Trackpoint>
     <Trackpoint><Time>2026-01-28T21:28:56.974Z</Time><HeartRateBpm><Value>141</Value></HeartRateBpm><Extensions><TPX xmlns="http://www.garmin.com/xmlschemas/ActivityExtension/v2"><Speed>0.000000</Speed></TPX></Extensions></Trackpoint>
     <Trackpoint><Time>2026-01-28T21:28:58.433Z</Time><HeartRateBpm><Value>141</Value></HeartRateBpm><Extensions><TPX xmlns="http://www.garmin.com/xmlschemas/ActivityExtension/v2"><Speed>0.000000</Speed></TPX></Extensions></Trackpoint>
     <Trackpoint><Time>2026-01-28T21:28:59.710Z</Time><HeartRateBpm><Value>141</Value></HeartRateBpm><Extensions><TPX xmlns="http://www.garmin.com/xmlschemas/ActivityExtension/v2"><Speed>0.000000</Speed></TPX></Extensions></Trackpoint>
     <Trackpoint><Time>2026-01-28T21:29:01.408Z</Time><HeartRateBpm><Value>141</Value></HeartRateBpm><Extensions><TPX xmlns="http://www.garmin.com/xmlschemas/ActivityExtension/v2"><Speed>0.000000</Speed></TPX></Extensions></Trackpoint>
     <Trackpoint><Time>2026-01-28T21:29:02.432Z</Time><HeartRateBpm><Value>141</Value></HeartRateBpm><Extensions><TPX xmlns="http://www.garmin.com/xmlschemas/ActivityExtension/v2"><Speed>0.000000</Speed></TPX></Extensions></Trackpoint>
     <Trackpoint><Time>2026-01-28T21:29:03.433Z</Time><HeartRateBpm><Value>141</Value></HeartRateBpm><Extensions><TPX xmlns="http://www.garmin.com/xmlschemas/ActivityExtension/v2"><Speed>0.000000</Speed></TPX></Extensions></Trackpoint>
     <Trackpoint><Time>2026-01-28T21:29:04.433Z</Time><HeartRateBpm><Value>141</Value></HeartRateBpm><Extensions><TPX xmlns="http://www.garmin.com/xmlschemas/ActivityExtension/v2"><Speed>0.000000</Speed></TPX></Extensions></Trackpoint>
     <Trackpoint><Time>2026-01-28T21:29:06.418Z</Time><HeartRateBpm><Value>139</Value></HeartRateBpm><Extensions><TPX xmlns="http://www.garmin.com/xmlschemas/ActivityExtension/v2"><Speed>0.000000</Speed></TPX></Extensions></Trackpoint>
     <Trackpoint><Time>2026-01-28T21:29:07.433Z</Time><HeartRateBpm><Value>139</Value></HeartRateBpm><Extensions><TPX xmlns="http://www.garmin.com/xmlschemas/ActivityExtension/v2"><Speed>0.000000</Speed></TPX></Extensions></Trackpoint>
     <Trackpoint><Time>2026-01-28T21:29:09.433Z</Time><HeartRateBpm><Value>139</Value></HeartRateBpm><Extensions><TPX xmlns="http://www.garmin.com/xmlschemas/ActivityExtension/v2"><Speed>0.000000</Speed></TPX></Extensions></Trackpoint>
     <Trackpoint><Time>2026-01-28T21:29:10.433Z</Time><HeartRateBpm><Value>139</Value></HeartRateBpm><Extensions><TPX xmlns="http://www.garmin.com/xmlschemas/ActivityExtension/v2"><Speed>0.000000</Speed></TPX></Extensions></Trackpoint>
     <Trackpoint><Time>2026-01-28T21:29:11.971Z</Time><HeartRateBpm><Value>139</Value></HeartRateBpm><Extensions><TPX xmlns="http://www.garmin.com/xmlschemas/ActivityExtension/v2"><Speed>0.000000</Speed></TPX></Extensions></Trackpoint>
     <Trackpoint><Time>2026-01-28T21:29:13.433Z</Time><HeartRateBpm><Value>139</Value></HeartRateBpm><Extensions><TPX xmlns="http://www.garmin.com/xmlschemas/ActivityExtension/v2"><Speed>0.000000</Speed></TPX></Extensions></Trackpoint>
     <Trackpoint><Time>2026-01-28T21:29:14.433Z</Time><HeartRateBpm><Value>139</Value></HeartRateBpm><Extensions><TPX xmlns="http://www.garmin.com/xmlschemas/ActivityExtension/v2"><Speed>0.000000</Speed></TPX></Extensions></Trackpoint>
     <Trackpoint><Time>2026-01-28T21:29:15.433Z</Time><HeartRateBpm><Value>139</Value></HeartRateBpm><Extensions><TPX xmlns="http://www.garmin.com/xmlschemas/ActivityExtension/v2"><Speed>0.000000</Speed></TPX></Extensions></Trackpoint>
     <Trackpoint><Time>2026-01-28T21:29:16.971Z</Time><HeartRateBpm><Value>137</Value></HeartRateBpm><Extensions><TPX xmlns="http://www.garmin.com/xmlschemas/ActivityExtension/v2"><Speed>0.000000</Speed></TPX></Extensions></Trackpoint>
     <Trackpoint><Time>2026-01-28T21:29:18.433Z</Time><HeartRateBpm><Value>137</Value></HeartRateBpm><Extensions><TPX xmlns="http://www.garmin.com/xmlschemas/ActivityExtension/v2"><Speed>0.000000</Speed></TPX></Extensions></Trackpoint>
     <Trackpoint><Time>2026-01-28T21:29:20.102Z</Time><HeartRateBpm><Value>137</Value></HeartRateBpm><Extensions><TPX xmlns="http://www.garmin.com/xmlschemas/ActivityExtension/v2"><Speed>0.000000</Speed></TPX></Extensions></Trackpoint>
     <Trackpoint><Time>2026-01-28T21:29:21.433Z</Time><HeartRateBpm><Value>137</Value></HeartRateBpm><Extensions><TPX xmlns="http://www.garmin.com/xmlschemas/ActivityExtension/v2"><Speed>0.000000</Speed></TPX></Extensions></Trackpoint>
     <Trackpoint><Time>2026-01-28T21:29:22.649Z</Time><HeartRateBpm><Value>137</Value></HeartRateBpm><Extensions><TPX xmlns="http://www.garmin.com/xmlschemas/ActivityExtension/v2"><Speed>0.000000</Speed></TPX></Extensions></Trackpoint>
     <Trackpoint><Time>2026-01-28T21:29:24.433Z</Time><HeartRateBpm><Value>137</Value></HeartRateBpm><Extensions><TPX xmlns="http://www.garmin.com/xmlschemas/ActivityExtension/v2"><Speed>0.000000</Speed></TPX></Extensions></Trackpoint>
     <Trackpoint><Time>2026-01-28T21:29:25.433Z</Time><HeartRateBpm><Value>137</Value></HeartRateBpm><Extensions><TPX xmlns="http://www.garmin.com/xmlschemas/ActivityExtension/v2"><Speed>0.000000</Speed></TPX></Extensions></Trackpoint>
     <Trackpoint><Time>2026-01-28T21:29:26.433Z</Time><HeartRateBpm><Value>137</Value></HeartRateBpm><Extensions><TPX xmlns="http://www.garmin.com/xmlschemas/ActivityExtension/v2"><Speed>0.000000</Speed></TPX></Extensions></Trackpoint>
     <Trackpoint><Time>2026-01-28T21:29:27.745Z</Time><HeartRateBpm><Value>137</Value></HeartRateBpm><Extensions><TPX xmlns="http://www.garmin.com/xmlschemas/ActivityExtension/v2"><Speed>0.000000</Speed></TPX></Extensions></Trackpoint>
     <Trackpoint><Time>2026-01-28T21:29:29.433Z</Time><HeartRateBpm><Value>137</Value></HeartRateBpm><Extensions><TPX xmlns="http://www.garmin.com/xmlschemas/ActivityExtension/v2"><Speed>0.000000</Speed></TPX></Extensions></Trackpoint>
     <Trackpoint><Time>2026-01-28T21:29:31.433Z</Time><HeartRateBpm><Value>137</Value></HeartRateBpm><Extensions><TPX xmlns="http://www.garmin.com/xmlschemas/ActivityExtension/v2"><Speed>0.000000</Speed></TPX></Extensions></Trackpoint>
     <Trackpoint><Time>2026-01-28T21:29:32.850Z</Time><HeartRateBpm><Value>137</Value></HeartRateBpm><Extensions><TPX xmlns="http://www.garmin.com/xmlschemas/ActivityExtension/v2"><Speed>0.000000</Speed></TPX></Extensions></Trackpoint>
     <Trackpoint><Time>2026-01-28T21:29:34.433Z</Time><HeartRateBpm><Value>137</Value></HeartRateBpm><Extensions><TPX xmlns="http://www.garmin.com/xmlschemas/ActivityExtension/v2"><Speed>0.000000</Speed></TPX></Extensions></Trackpoint>
     <Trackpoint><Time>2026-01-28T21:29:36.433Z</Time><HeartRateBpm><Value>137</Value></HeartRateBpm><Extensions><TPX xmlns="http://www.garmin.com/xmlschemas/ActivityExtension/v2"><Speed>0.000000</Speed></TPX></Extensions></Trackpoint>
     <Trackpoint><Time>2026-01-28T21:29:37.939Z</Time><HeartRateBpm><Value>135</Value></HeartRateBpm><Extensions><TPX xmlns="http://www.garmin.com/xmlschemas/ActivityExtension/v2"><Speed>0.000000</Speed></TPX></Extensions></Trackpoint>
     <Trackpoint><Time>2026-01-28T21:29:39.433Z</Time><HeartRateBpm><Value>135</Value></HeartRateBpm><Extensions><TPX xmlns="http://www.garmin.com/xmlschemas/ActivityExtension/v2"><Speed>0.000000</Speed></TPX></Extensions></Trackpoint>
     <Trackpoint><Time>2026-01-28T21:29:40.433Z</Time><HeartRateBpm><Value>135</Value></HeartRateBpm><Extensions><TPX xmlns="http://www.garmin.com/xmlschemas/ActivityExtension/v2"><Speed>0.000000</Speed></TPX></Extensions></Trackpoint>
     <Trackpoint><Time>2026-01-28T21:29:41.433Z</Time><HeartRateBpm><Value>132</Value></HeartRateBpm><Extensions><TPX xmlns="http://www.garmin.com/xmlschemas/ActivityExtension/v2"><Speed>0.000000</Speed></TPX></Extensions></Trackpoint>
     <Trackpoint><Time>2026-01-28T21:29:43.055Z</Time><HeartRateBpm><Value>132</Value></HeartRateBpm><Extensions><TPX xmlns="http://www.garmin.com/xmlschemas/ActivityExtension/v2"><Speed>0.000000</Speed></TPX></Extensions></Trackpoint>
     <Trackpoint><Time>2026-01-28T21:29:44.433Z</Time><HeartRateBpm><Value>132</Value></HeartRateBpm><Extensions><TPX xmlns="http://www.garmin.com/xmlschemas/ActivityExtension/v2"><Speed>0.000000</Speed></TPX></Extensions></Trackpoint>
     <Trackpoint><Time>2026-01-28T21:29:45.433Z</Time><HeartRateBpm><Value>132</Value></HeartRateBpm><Extensions><TPX xmlns="http://www.garmin.com/xmlschemas/ActivityExtension/v2"><Speed>0.000000</Speed></TPX></Extensions></Trackpoint>
     <Trackpoint><Time>2026-01-28T21:29:47.433Z</Time><HeartRateBpm><Value>132</Value></HeartRateBpm><Extensions><TPX xmlns="http://www.garmin.com/xmlschemas/ActivityExtension/v2"><Speed>0.000000</Speed></TPX></Extensions></Trackpoint>
     <Trackpoint><Time>2026-01-28T21:29:48.433Z</Time><HeartRateBpm><Value>132</Value></HeartRateBpm><Extensions><TPX xmlns="http://www.garmin.com/xmlschemas/ActivityExtension/v2"><Speed>0.000000</Speed></TPX></Extensions></Trackpoint>
     <Trackpoint><Time>2026-01-28T21:29:50.433Z</Time><HeartRateBpm><Value>132</Value></HeartRateBpm><Extensions><TPX xmlns="http://www.garmin.com/xmlschemas/ActivityExtension/v2"><Speed>0.000000</Speed></TPX></Extensions></Trackpoint>
     <Trackpoint><Time>2026-01-28T21:29:52.433Z</Time><HeartRateBpm><Value>136</Value></HeartRateBpm><Extensions><TPX xmlns="http://www.garmin.com/xmlschemas/ActivityExtension/v2"><Speed>0.000000</Speed></TPX></Extensions></Trackpoint>
     <Trackpoint><Time>2026-01-28T21:29:53.433Z</Time><HeartRateBpm><Value>136</Value></HeartRateBpm><Extensions><TPX xmlns="http://www.garmin.com/xmlschemas/ActivityExtension/v2"><Speed>0.000000</Speed></TPX></Extensions></Trackpoint>
     <Trackpoint><Time>2026-01-28T21:29:54.433Z</Time><HeartRateBpm><Value>136</Value></HeartRateBpm><Extensions><TPX xmlns="http://www.garmin.com/xmlschemas/ActivityExtension/v2"><Speed>0.000000</Speed></TPX></Extensions></Trackpoint>
     <Trackpoint><Time>2026-01-28T21:29:55.433Z</Time><HeartRateBpm><Value>136</Value></HeartRateBpm><Extensions><TPX xmlns="http://www.garmin.com/xmlschemas/ActivityExtension/v2"><Speed>0.000000</Speed></TPX></Extensions></Trackpoint>
     <Trackpoint><Time>2026-01-28T21:29:56.925Z</Time><HeartRateBpm><Value>142</Value></HeartRateBpm><Extensions><TPX xmlns="http://www.garmin.com/xmlschemas/ActivityExtension/v2"><Speed>0.000000</Speed></TPX></Extensions></Trackpoint>
     <Trackpoint><Time>2026-01-28T21:29:58.336Z</Time><HeartRateBpm><Value>142</Value></HeartRateBpm><Extensions><TPX xmlns="http://www.garmin.com/xmlschemas/ActivityExtension/v2"><Speed>0.000000</Speed></TPX></Extensions></Trackpoint>
     <Trackpoint><Time>2026-01-28T21:29:59.433Z</Time><HeartRateBpm><Value>142</Value></HeartRateBpm><Extensions><TPX xmlns="http://www.garmin.com/xmlschemas/ActivityExtension/v2"><Speed>0.000000</Speed></TPX></Extensions></Trackpoint>
     <Trackpoint><Time>2026-01-28T21:30:00.433Z</Time><HeartRateBpm><Value>142</Value></HeartRateBpm><Extensions><TPX xmlns="http://www.garmin.com/xmlschemas/ActivityExtension/v2"><Speed>0.000000</Speed></TPX></Extensions></Trackpoint>
     <Trackpoint><Time>2026-01-28T21:30:02.433Z</Time><HeartRateBpm><Value>143</Value></HeartRateBpm><Extensions><TPX xmlns="http://www.garmin.com/xmlschemas/ActivityExtension/v2"><Speed>0.000000</Speed></TPX></Extensions></Trackpoint>
     <Trackpoint><Time>2026-01-28T21:30:03.433Z</Time><HeartRateBpm><Value>143</Value></HeartRateBpm><Extensions><TPX xmlns="http://www.garmin.com/xmlschemas/ActivityExtension/v2"><Speed>0.000000</Speed></TPX></Extensions></Trackpoint>
     <Trackpoint><Time>2026-01-28T21:30:05.433Z</Time><HeartRateBpm><Value>143</Value></HeartRateBpm><Extensions><TPX xmlns="http://www.garmin.com/xmlschemas/ActivityExtension/v2"><Speed>0.000000</Speed></TPX></Extensions></Trackpoint>
     <Trackpoint><Time>2026-01-28T21:30:07.433Z</Time><HeartRateBpm><Value>143</Value></HeartRateBpm><Extensions><TPX xmlns="http://www.garmin.com/xmlschemas/ActivityExtension/v2"><Speed>0.000000</Speed></TPX></Extensions></Trackpoint>
     <Trackpoint><Time>2026-01-28T21:30:08.532Z</Time><HeartRateBpm><Value>143</Value></HeartRateBpm><Extensions><TPX xmlns="http://www.garmin.com/xmlschemas/ActivityExtension/v2"><Speed>0.000000</Speed></TPX></Extensions></Trackpoint>
     <Trackpoint><Time>2026-01-28T21:30:10.433Z</Time><HeartRateBpm><Value>143</Value></HeartRateBpm><Extensions><TPX xmlns="http://www.garmin.com/xmlschemas/ActivityExtension/v2"><Speed>0.000000</Speed></TPX></Extensions></Trackpoint>
     <Trackpoint><Time>2026-01-28T21:30:12.433Z</Time><HeartRateBpm><Value>147</Value></HeartRateBpm><Extensions><TPX xmlns="http://www.garmin.com/xmlschemas/ActivityExtension/v2"><Speed>0.000000</Speed></TPX></Extensions></Trackpoint>
     <Trackpoint><Time>2026-01-28T21:30:13.433Z</Time><HeartRateBpm><Value>147</Value></HeartRateBpm><Extensions><TPX xmlns="http://www.garmin.com/xmlschemas/ActivityExtension/v2"><Speed>0.000000</Speed></TPX></Extensions></Trackpoint>
     <Trackpoint><Time>2026-01-28T21:30:15.433Z</Time><HeartRateBpm><Value>147</Value></HeartRateBpm><Extensions><TPX xmlns="http://www.garmin.com/xmlschemas/ActivityExtension/v2"><Speed>0.000000</Speed></TPX></Extensions></Trackpoint>
     <Trackpoint><Time>2026-01-28T21:30:17.433Z</Time><HeartRateBpm><Value>148</Value></HeartRateBpm><Extensions><TPX xmlns="http://www.garmin.com/xmlschemas/ActivityExtension/v2"><Speed>0.000000</Speed></TPX></Extensions></Trackpoint>
     <Trackpoint><Time>2026-01-28T21:30:18.433Z</Time><HeartRateBpm><Value>148</Value></HeartRateBpm><Extensions><TPX xmlns="http://www.garmin.com/xmlschemas/ActivityExtension/v2"><Speed>0.000000</Speed></TPX></Extensions></Trackpoint>
     <Trackpoint><Time>2026-01-28T21:30:19.433Z</Time><HeartRateBpm><Value>148</Value></HeartRateBpm><Extensions><TPX xmlns="http://www.garmin.com/xmlschemas/ActivityExtension/v2"><Speed>0.000000</Speed></TPX></Extensions></Trackpoint>
     <Trackpoint><Time>2026-01-28T21:30:21.293Z</Time><HeartRateBpm><Value>148</Value></HeartRateBpm><Extensions><TPX xmlns="http://www.garmin.com/xmlschemas/ActivityExtension/v2"><Speed>0.000000</Speed></TPX></Extensions></Trackpoint>
     <Trackpoint><Time>2026-01-28T21:30:22.433Z</Time><HeartRateBpm><Value>149</Value></HeartRateBpm><Extensions><TPX xmlns="http://www.garmin.com/xmlschemas/ActivityExtension/v2"><Speed>0.000000</Speed></TPX></Extensions></Trackpoint>
     <Trackpoint><Time>2026-01-28T21:30:23.433Z</Time><HeartRateBpm><Value>149</Value></HeartRateBpm><Extensions><TPX xmlns="http://www.garmin.com/xmlschemas/ActivityExtension/v2"><Speed>0.000000</Speed></TPX></Extensions></Trackpoint>
     <Trackpoint><Time>2026-01-28T21:30:25.433Z</Time><HeartRateBpm><Value>149</Value></HeartRateBpm><Extensions><TPX xmlns="http://www.garmin.com/xmlschemas/ActivityExtension/v2"><Speed>0.000000</Speed></TPX></Extensions></Trackpoint>
     <Trackpoint><Time>2026-01-28T21:30:26.433Z</Time><HeartRateBpm><Value>149</Value></HeartRateBpm><Extensions><TPX xmlns="http://www.garmin.com/xmlschemas/ActivityExtension/v2"><Speed>0.000000</Speed></TPX></Extensions></Trackpoint>
     <Trackpoint><Time>2026-01-28T21:30:28.433Z</Time><HeartRateBpm><Value>149</Value></HeartRateBpm><Extensions><TPX xmlns="http://www.garmin.com/xmlschemas/ActivityExtension/v2"><Speed>0.000000</Speed></TPX></Extensions></Trackpoint>
     <Trackpoint><Time>2026-01-28T21:30:29.433Z</Time><HeartRateBpm><Value>149</Value></HeartRateBpm><Extensions><TPX xmlns="http://www.garmin.com/xmlschemas/ActivityExtension/v2"><Speed>0.000000</Speed></TPX></Extensions></Trackpoint>
     <Trackpoint><Time>2026-01-28T21:30:30.433Z</Time><HeartRateBpm><Value>149</Value></HeartRateBpm><Extensions><TPX xmlns="http://www.garmin.com/xmlschemas/ActivityExtension/v2"><Speed>0.000000</Speed></TPX></Extensions></Trackpoint>
     <Trackpoint><Time>2026-01-28T21:30:32.433Z</Time><HeartRateBpm><Value>149</Value></HeartRateBpm><Extensions><TPX xmlns="http://www.garmin.com/xmlschemas/ActivityExtension/v2"><Speed>0.000000</Speed></TPX></Extensions></Trackpoint>
     <Trackpoint><Time>2026-01-28T21:30:33.433Z</Time><HeartRateBpm><Value>149</Value></HeartRateBpm><Extensions><TPX xmlns="http://www.garmin.com/xmlschemas/ActivityExtension/v2"><Speed>0.000000</Speed></TPX></Extensions></Trackpoint>
     <Trackpoint><Time>2026-01-28T21:30:35.433Z</Time><HeartRateBpm><Value>149</Value></HeartRateBpm><Extensions><TPX xmlns="http://www.garmin.com/xmlschemas/ActivityExtension/v2"><Speed>0.000000</Speed></TPX></Extensions></Trackpoint>
     <Trackpoint><Time>2026-01-28T21:30:36.433Z</Time><HeartRateBpm><Value>149</Value></HeartRateBpm><Extensions><TPX xmlns="http://www.garmin.com/xmlschemas/ActivityExtension/v2"><Speed>0.000000</Speed></TPX></Extensions></Trackpoint>
     <Trackpoint><Time>2026-01-28T21:30:38.433Z</Time><HeartRateBpm><Value>149</Value></HeartRateBpm><Extensions><TPX xmlns="http://www.garmin.com/xmlschemas/ActivityExtension/v2"><Speed>0.000000</Speed></TPX></Extensions></Trackpoint>
     <Trackpoint><Time>2026-01-28T21:30:40.433Z</Time><HeartRateBpm><Value>149</Value></HeartRateBpm><Extensions><TPX xmlns="http://www.garmin.com/xmlschemas/ActivityExtension/v2"><Speed>0.000000</Speed></TPX></Extensions></Trackpoint>
     <Trackpoint><Time>2026-01-28T21:30:41.665Z</Time><HeartRateBpm><Value>149</Value></HeartRateBpm><Extensions><TPX xmlns="http://www.garmin.com/xmlschemas/ActivityExtension/v2"><Speed>0.000000</Speed></TPX></Extensions></Trackpoint>
     <Trackpoint><Time>2026-01-28T21:30:43.433Z</Time><HeartRateBpm><Value>149</Value></HeartRateBpm><Extensions><TPX xmlns="http://www.garmin.com/xmlschemas/ActivityExtension/v2"><Speed>0.000000</Speed></TPX></Extensions></Trackpoint>
     <Trackpoint><Time>2026-01-28T21:30:45.433Z</Time><HeartRateBpm><Value>149</Value></HeartRateBpm><Extensions><TPX xmlns="http://www.garmin.com/xmlschemas/ActivityExtension/v2"><Speed>0.000000</Speed></TPX></Extensions></Trackpoint>
     <Trackpoint><Time>2026-01-28T21:30:46.433Z</Time><HeartRateBpm><Value>149</Value></HeartRateBpm><Extensions><TPX xmlns="http://www.garmin.com/xmlschemas/ActivityExtension/v2"><Speed>0.000000</Speed></TPX></Extensions></Trackpoint>
     <Trackpoint><Time>2026-01-28T21:30:48.433Z</Time><HeartRateBpm><Value>147</Value></HeartRateBpm><Extensions><TPX xmlns="http://www.garmin.com/xmlschemas/ActivityExtension/v2"><Speed>0.000000</Speed></TPX></Extensions></Trackpoint>
     <Trackpoint><Time>2026-01-28T21:30:50.433Z</Time><HeartRateBpm><Value>147</Value></HeartRateBpm><Extensions><TPX xmlns="http://www.garmin.com/xmlschemas/ActivityExtension/v2"><Speed>0.000000</Speed></TPX></Extensions></Trackpoint>
     <Trackpoint><Time>2026-01-28T21:30:51.871Z</Time><HeartRateBpm><Value>147</Value></HeartRateBpm><Extensions><TPX xmlns="http://www.garmin.com/xmlschemas/ActivityExtension/v2"><Speed>0.000000</Speed></TPX></Extensions></Trackpoint>
     <Trackpoint><Time>2026-01-28T21:30:53.433Z</Time><HeartRateBpm><Value>144</Value></HeartRateBpm><Extensions><TPX xmlns="http://www.garmin.com/xmlschemas/ActivityExtension/v2"><Speed>0.000000</Speed></TPX></Extensions></Trackpoint>
     <Trackpoint><Time>2026-01-28T21:30:54.433Z</Time><HeartRateBpm><Value>144</Value></HeartRateBpm><Extensions><TPX xmlns="http://www.garmin.com/xmlschemas/ActivityExtension/v2"><Speed>0.000000</Speed></TPX></Extensions></Trackpoint>
     <Trackpoint><Time>2026-01-28T21:30:55.433Z</Time><HeartRateBpm><Value>144</Value></HeartRateBpm><Extensions><TPX xmlns="http://www.garmin.com/xmlschemas/ActivityExtension/v2"><Speed>0.000000</Speed></TPX></Extensions></Trackpoint>
     <Trackpoint><Time>2026-01-28T21:30:56.433Z</Time><HeartRateBpm><Value>144</Value></HeartRateBpm><Extensions><TPX xmlns="http://www.garmin.com/xmlschemas/ActivityExtension/v2"><Speed>0.000000</Speed></TPX></Extensions></Trackpoint>
     <Trackpoint><Time>2026-01-28T21:30:58.433Z</Time><HeartRateBpm><Value>143</Value></HeartRateBpm><Extensions><TPX xmlns="http://www.garmin.com/xmlschemas/ActivityExtension/v2"><Speed>0.000000</Speed></TPX></Extensions></Trackpoint>
     <Trackpoint><Time>2026-01-28T21:30:59.433Z</Time><HeartRateBpm><Value>143</Value></HeartRateBpm><Extensions><TPX xmlns="http://www.garmin.com/xmlschemas/ActivityExtension/v2"><Speed>0.000000</Speed></TPX></Extensions></Trackpoint>
     <Trackpoint><Time>2026-01-28T21:31:01.408Z</Time><HeartRateBpm><Value>139</Value></HeartRateBpm><Extensions><TPX xmlns="http://www.garmin.com/xmlschemas/ActivityExtension/v2"><Speed>0.000000</Speed></TPX></Extensions></Trackpoint>
     <Trackpoint><Time>2026-01-28T21:31:02.433Z</Time><HeartRateBpm><Value>139</Value></HeartRateBpm><Extensions><TPX xmlns="http://www.garmin.com/xmlschemas/ActivityExtension/v2"><Speed>0.000000</Speed></TPX></Extensions></Trackpoint>
     <Trackpoint><Time>2026-01-28T21:31:03.433Z</Time><HeartRateBpm><Value>139</Value></HeartRateBpm><Extensions><TPX xmlns="http://www.garmin.com/xmlschemas/ActivityExtension/v2"><Speed>0.000000</Speed></TPX></Extensions></Trackpoint>
     <Trackpoint><Time>2026-01-28T21:31:04.433Z</Time><HeartRateBpm><Value>139</Value></HeartRateBpm><Extensions><TPX xmlns="http://www.garmin.com/xmlschemas/ActivityExtension/v2"><Speed>0.000000</Speed></TPX></Extensions></Trackpoint>
     <Trackpoint><Time>2026-01-28T21:31:05.433Z</Time><HeartRateBpm><Value>139</Value></HeartRateBpm><Extensions><TPX xmlns="http://www.garmin.com/xmlschemas/ActivityExtension/v2"><Speed>0.000000</Speed></TPX></Extensions></Trackpoint>
     <Trackpoint><Time>2026-01-28T21:31:06.433Z</Time><HeartRateBpm><Value>139</Value></HeartRateBpm><Extensions><TPX xmlns="http://www.garmin.com/xmlschemas/ActivityExtension/v2"><Speed>0.000000</Speed></TPX></Extensions></Trackpoint>
     <Trackpoint><Time>2026-01-28T21:31:08.433Z</Time><HeartRateBpm><Value>139</Value></HeartRateBpm><Extensions><TPX xmlns="http://www.garmin.com/xmlschemas/ActivityExtension/v2"><Speed>0.000000</Speed></TPX></Extensions></Trackpoint>
     <Trackpoint><Time>2026-01-28T21:31:09.713Z</Time><HeartRateBpm><Value>139</Value></HeartRateBpm><Extensions><TPX xmlns="http://www.garmin.com/xmlschemas/ActivityExtension/v2"><Speed>0.000000</Speed></TPX></Extensions></Trackpoint>
     <Trackpoint><Time>2026-01-28T21:31:11.416Z</Time><HeartRateBpm><Value>136</Value></HeartRateBpm><Extensions><TPX xmlns="http://www.garmin.com/xmlschemas/ActivityExtension/v2"><Speed>0.000000</Speed></TPX></Extensions></Trackpoint>
     <Trackpoint><Time>2026-01-28T21:31:12.433Z</Time><HeartRateBpm><Value>136</Value></HeartRateBpm><Extensions><TPX xmlns="http://www.garmin.com/xmlschemas/ActivityExtension/v2"><Speed>0.000000</Speed></TPX></Extensions></Trackpoint>
     <Trackpoint><Time>2026-01-28T21:31:14.433Z</Time><HeartRateBpm><Value>136</Value></HeartRateBpm><Extensions><TPX xmlns="http://www.garmin.com/xmlschemas/ActivityExtension/v2"><Speed>0.000000</Speed></TPX></Extensions></Trackpoint>
     <Trackpoint><Time>2026-01-28T21:31:16.409Z</Time><HeartRateBpm><Value>136</Value></HeartRateBpm><Extensions><TPX xmlns="http://www.garmin.com/xmlschemas/ActivityExtension/v2"><Speed>0.000000</Speed></TPX></Extensions></Trackpoint>
     <Trackpoint><Time>2026-01-28T21:31:17.433Z</Time><HeartRateBpm><Value>136</Value></HeartRateBpm><Extensions><TPX xmlns="http://www.garmin.com/xmlschemas/ActivityExtension/v2"><Speed>0.000000</Speed></TPX></Extensions></Trackpoint>
     <Trackpoint><Time>2026-01-28T21:31:18.433Z</Time><HeartRateBpm><Value>136</Value></HeartRateBpm><Extensions><TPX xmlns="http://www.garmin.com/xmlschemas/ActivityExtension/v2"><Speed>0.000000</Speed></TPX></Extensions></Trackpoint>
     <Trackpoint><Time>2026-01-28T21:31:19.433Z</Time><HeartRateBpm><Value>136</Value></HeartRateBpm><Extensions><TPX xmlns="http://www.garmin.com/xmlschemas/ActivityExtension/v2"><Speed>0.000000</Speed></TPX></Extensions></Trackpoint>
     <Trackpoint><Time>2026-01-28T21:31:21.409Z</Time><HeartRateBpm><Value>139</Value></HeartRateBpm><Extensions><TPX xmlns="http://www.garmin.com/xmlschemas/ActivityExtension/v2"><Speed>0.000000</Speed></TPX></Extensions></Trackpoint>
     <Trackpoint><Time>2026-01-28T21:31:22.433Z</Time><HeartRateBpm><Value>139</Value></HeartRateBpm><Extensions><TPX xmlns="http://www.garmin.com/xmlschemas/ActivityExtension/v2"><Speed>0.000000</Speed></TPX></Extensions></Trackpoint>
     <Trackpoint><Time>2026-01-28T21:31:24.433Z</Time><HeartRateBpm><Value>139</Value></HeartRateBpm><Extensions><TPX xmlns="http://www.garmin.com/xmlschemas/ActivityExtension/v2"><Speed>0.000000</Speed></TPX></Extensions></Trackpoint>
     <Trackpoint><Time>2026-01-28T21:31:26.408Z</Time><HeartRateBpm><Value>140</Value></HeartRateBpm><Extensions><TPX xmlns="http://www.garmin.com/xmlschemas/ActivityExtension/v2"><Speed>0.000000</Speed></TPX></Extensions></Trackpoint>
     <Trackpoint><Time>2026-01-28T21:31:27.433Z</Time><HeartRateBpm><Value>140</Value></HeartRateBpm><Extensions><TPX xmlns="http://www.garmin.com/xmlschemas/ActivityExtension/v2"><Speed>0.000000</Speed></TPX></Extensions></Trackpoint>
     <Trackpoint><Time>2026-01-28T21:31:29.433Z</Time><HeartRateBpm><Value>140</Value></HeartRateBpm><Extensions><TPX xmlns="http://www.garmin.com/xmlschemas/ActivityExtension/v2"><Speed>0.000000</Speed></TPX></Extensions></Trackpoint>
     <Trackpoint><Time>2026-01-28T21:31:31.404Z</Time><HeartRateBpm><Value>138</Value></HeartRateBpm><Extensions><TPX xmlns="http://www.garmin.com/xmlschemas/ActivityExtension/v2"><Speed>0.000000</Speed></TPX></Extensions></Trackpoint>
     <Trackpoint><Time>2026-01-28T21:31:32.433Z</Time><HeartRateBpm><Value>138</Value></HeartRateBpm><Extensions><TPX xmlns="http://www.garmin.com/xmlschemas/ActivityExtension/v2"><Speed>0.000000</Speed></TPX></Extensions></Trackpoint>
     <Trackpoint><Time>2026-01-28T21:31:34.433Z</Time><HeartRateBpm><Value>138</Value></HeartRateBpm><Extensions><TPX xmlns="http://www.garmin.com/xmlschemas/ActivityExtension/v2"><Speed>0.000000</Speed></TPX></Extensions></Trackpoint>
     <Trackpoint><Time>2026-01-28T21:31:36.404Z</Time><HeartRateBpm><Value>138</Value></HeartRateBpm><Extensions><TPX xmlns="http://www.garmin.com/xmlschemas/ActivityExtension/v2"><Speed>0.000000</Speed></TPX></Extensions></Trackpoint>
     <Trackpoint><Time>2026-01-28T21:31:37.433Z</Time><HeartRateBpm><Value>138</Value></HeartRateBpm><Extensions><TPX xmlns="http://www.garmin.com/xmlschemas/ActivityExtension/v2"><Speed>0.000000</Speed></TPX></Extensions></Trackpoint>
     <Trackpoint><Time>2026-01-28T21:31:38.433Z</Time><HeartRateBpm><Value>138</Value></HeartRateBpm><Extensions><TPX xmlns="http://www.garmin.com/xmlschemas/ActivityExtension/v2"><Speed>0.000000</Speed></TPX></Extensions></Trackpoint>
     <Trackpoint><Time>2026-01-28T21:31:39.433Z</Time><HeartRateBpm><Value>138</Value></HeartRateBpm><Extensions><TPX xmlns="http://www.garmin.com/xmlschemas/ActivityExtension/v2"><Speed>0.000000</Speed></TPX></Extensions></Trackpoint>
     <Trackpoint><Time>2026-01-28T21:31:41.433Z</Time><HeartRateBpm><Value>138</Value></HeartRateBpm><Extensions><TPX xmlns="http://www.garmin.com/xmlschemas/ActivityExtension/v2"><Speed>0.000000</Speed></TPX></Extensions></Trackpoint>
     <Trackpoint><Time>2026-01-28T21:31:42.855Z</Time><HeartRateBpm><Value>135</Value></HeartRateBpm><Extensions><TPX xmlns="http://www.garmin.com/xmlschemas/ActivityExtension/v2"><Speed>0.000000</Speed></TPX></Extensions></Trackpoint>
     <Trackpoint><Time>2026-01-28T21:31:44.433Z</Time><HeartRateBpm><Value>135</Value></HeartRateBpm><Extensions><TPX xmlns="http://www.garmin.com/xmlschemas/ActivityExtension/v2"><Speed>0.000000</Speed></TPX></Extensions></Trackpoint>
     <Trackpoint><Time>2026-01-28T21:31:45.433Z</Time><HeartRateBpm><Value>135</Value></HeartRateBpm><Extensions><TPX xmlns="http://www.garmin.com/xmlschemas/ActivityExtension/v2"><Speed>0.000000</Speed></TPX></Extensions></Trackpoint>
     <Trackpoint><Time>2026-01-28T21:31:46.433Z</Time><HeartRateBpm><Value>135</Value></HeartRateBpm><Extensions><TPX xmlns="http://www.garmin.com/xmlschemas/ActivityExtension/v2"><Speed>0.000000</Speed></TPX></Extensions></Trackpoint>
     <Trackpoint><Time>2026-01-28T21:31:47.963Z</Time><HeartRateBpm><Value>135</Value></HeartRateBpm><Extensions><TPX xmlns="http://www.garmin.com/xmlschemas/ActivityExtension/v2"><Speed>0.000000</Speed></TPX></Extensions></Trackpoint>
     <Trackpoint><Time>2026-01-28T21:31:49.433Z</Time><HeartRateBpm><Value>135</Value></HeartRateBpm><Extensions><TPX xmlns="http://www.garmin.com/xmlschemas/ActivityExtension/v2"><Speed>0.000000</Speed></TPX></Extensions></Trackpoint>
     <Trackpoint><Time>2026-01-28T21:31:50.493Z</Time><HeartRateBpm><Value>135</Value></HeartRateBpm><Extensions><TPX xmlns="http://www.garmin.com/xmlschemas/ActivityExtension/v2"><Speed>0.000000</Speed></TPX></Extensions></Trackpoint>
     <Trackpoint><Time>2026-01-28T21:31:52.433Z</Time><HeartRateBpm><Value>136</Value></HeartRateBpm><Extensions><TPX xmlns="http://www.garmin.com/xmlschemas/ActivityExtension/v2"><Speed>0.000000</Speed></TPX></Extensions></Trackpoint>
     <Trackpoint><Time>2026-01-28T21:31:54.433Z</Time><HeartRateBpm><Value>136</Value></HeartRateBpm><Extensions><TPX xmlns="http://www.garmin.com/xmlschemas/ActivityExtension/v2"><Speed>0.000000</Speed></TPX></Extensions></Trackpoint>
     <Trackpoint><Time>2026-01-28T21:31:55.433Z</Time><HeartRateBpm><Value>136</Value></HeartRateBpm><Extensions><TPX xmlns="http://www.garmin.com/xmlschemas/ActivityExtension/v2"><Speed>0.000000</Speed></TPX></Extensions></Trackpoint>
     <Trackpoint><Time>2026-01-28T21:31:57.433Z</Time><HeartRateBpm><Value>137</Value></HeartRateBpm><Extensions><TPX xmlns="http://www.garmin.com/xmlschemas/ActivityExtension/v2"><Speed>0.000000</Speed></TPX></Extensions></Trackpoint>
     <Trackpoint><Time>2026-01-28T21:31:58.433Z</Time><HeartRateBpm><Value>137</Value></HeartRateBpm><Extensions><TPX xmlns="http://www.garmin.com/xmlschemas/ActivityExtension/v2"><Speed>0.000000</Speed></TPX></Extensions></Trackpoint>
     <Trackpoint><Time>2026-01-28T21:32:00.433Z</Time><HeartRateBpm><Value>137</Value></HeartRateBpm><Extensions><TPX xmlns="http://www.garmin.com/xmlschemas/ActivityExtension/v2"><Speed>0.000000</Speed></TPX></Extensions></Trackpoint>
     <Trackpoint><Time>2026-01-28T21:32:01.981Z</Time><HeartRateBpm><Value>142</Value></HeartRateBpm><Extensions><TPX xmlns="http://www.garmin.com/xmlschemas/ActivityExtension/v2"><Speed>0.000000</Speed></TPX></Extensions></Trackpoint>
     <Trackpoint><Time>2026-01-28T21:32:03.239Z</Time><HeartRateBpm><Value>142</Value></HeartRateBpm><Extensions><TPX xmlns="http://www.garmin.com/xmlschemas/ActivityExtension/v2"><Speed>0.000000</Speed></TPX></Extensions></Trackpoint>
     <Trackpoint><Time>2026-01-28T21:32:04.433Z</Time><HeartRateBpm><Value>142</Value></HeartRateBpm><Extensions><TPX xmlns="http://www.garmin.com/xmlschemas/ActivityExtension/v2"><Speed>0.000000</Speed></TPX></Extensions></Trackpoint>
     <Trackpoint><Time>2026-01-28T21:32:05.433Z</Time><HeartRateBpm><Value>142</Value></HeartRateBpm><Extensions><TPX xmlns="http://www.garmin.com/xmlschemas/ActivityExtension/v2"><Speed>0.000000</Speed></TPX></Extensions></Trackpoint>
     <Trackpoint><Time>2026-01-28T21:32:07.432Z</Time><HeartRateBpm><Value>143</Value></HeartRateBpm><Extensions><TPX xmlns="http://www.garmin.com/xmlschemas/ActivityExtension/v2"><Speed>0.000000</Speed></TPX></Extensions></Trackpoint>
     <Trackpoint><Time>2026-01-28T21:32:08.433Z</Time><HeartRateBpm><Value>143</Value></HeartRateBpm><Extensions><TPX xmlns="http://www.garmin.com/xmlschemas/ActivityExtension/v2"><Speed>0.000000</Speed></TPX></Extensions></Trackpoint>
     <Trackpoint><Time>2026-01-28T21:32:09.433Z</Time><HeartRateBpm><Value>143</Value></HeartRateBpm><Extensions><TPX xmlns="http://www.garmin.com/xmlschemas/ActivityExtension/v2"><Speed>0.000000</Speed></TPX></Extensions></Trackpoint>
     <Trackpoint><Time>2026-01-28T21:32:10.433Z</Time><HeartRateBpm><Value>143</Value></HeartRateBpm><Extensions><TPX xmlns="http://www.garmin.com/xmlschemas/ActivityExtension/v2"><Speed>0.000000</Speed></TPX></Extensions></Trackpoint>
     <Trackpoint><Time>2026-01-28T21:32:12.433Z</Time><HeartRateBpm><Value>145</Value></HeartRateBpm><Extensions><TPX xmlns="http://www.garmin.com/xmlschemas/ActivityExtension/v2"><Speed>0.000000</Speed></TPX></Extensions></Trackpoint>
     <Trackpoint><Time>2026-01-28T21:32:13.433Z</Time><HeartRateBpm><Value>145</Value></HeartRateBpm><Extensions><TPX xmlns="http://www.garmin.com/xmlschemas/ActivityExtension/v2"><Speed>0.000000</Speed></TPX></Extensions></Trackpoint>
     <Trackpoint><Time>2026-01-28T21:32:15.433Z</Time><HeartRateBpm><Value>145</Value></HeartRateBpm><Extensions><TPX xmlns="http://www.garmin.com/xmlschemas/ActivityExtension/v2"><Speed>0.000000</Speed></TPX></Extensions></Trackpoint>
     <Trackpoint><Time>2026-01-28T21:32:17.433Z</Time><HeartRateBpm><Value>146</Value></HeartRateBpm><Extensions><TPX xmlns="http://www.garmin.com/xmlschemas/ActivityExtension/v2"><Speed>0.000000</Speed></TPX></Extensions></Trackpoint>
     <Trackpoint><Time>2026-01-28T21:32:18.531Z</Time><HeartRateBpm><Value>146</Value></HeartRateBpm><Extensions><TPX xmlns="http://www.garmin.com/xmlschemas/ActivityExtension/v2"><Speed>0.000000</Speed></TPX></Extensions></Trackpoint>
     <Trackpoint><Time>2026-01-28T21:32:20.433Z</Time><HeartRateBpm><Value>146</Value></HeartRateBpm><Extensions><TPX xmlns="http://www.garmin.com/xmlschemas/ActivityExtension/v2"><Speed>0.000000</Speed></TPX></Extensions></Trackpoint>
     <Trackpoint><Time>2026-01-28T21:32:22.433Z</Time><HeartRateBpm><Value>149</Value></HeartRateBpm><Extensions><TPX xmlns="http://www.garmin.com/xmlschemas/ActivityExtension/v2"><Speed>0.000000</Speed></TPX></Extensions></Trackpoint>
     <Trackpoint><Time>2026-01-28T21:32:23.433Z</Time><HeartRateBpm><Value>149</Value></HeartRateBpm><Extensions><TPX xmlns="http://www.garmin.com/xmlschemas/ActivityExtension/v2"><Speed>0.000000</Speed></TPX></Extensions></Trackpoint>
     <Trackpoint><Time>2026-01-28T21:32:24.441Z</Time><HeartRateBpm><Value>149</Value></HeartRateBpm><Extensions><TPX xmlns="http://www.garmin.com/xmlschemas/ActivityExtension/v2"><Speed>0.000000</Speed></TPX></Extensions></Trackpoint>
     <Trackpoint><Time>2026-01-28T21:32:26.176Z</Time><HeartRateBpm><Value>149</Value></HeartRateBpm><Extensions><TPX xmlns="http://www.garmin.com/xmlschemas/ActivityExtension/v2"><Speed>0.000000</Speed></TPX></Extensions></Trackpoint>
     <Trackpoint><Time>2026-01-28T21:32:27.433Z</Time><HeartRateBpm><Value>151</Value></HeartRateBpm><Extensions><TPX xmlns="http://www.garmin.com/xmlschemas/ActivityExtension/v2"><Speed>0.000000</Speed></TPX></Extensions></Trackpoint>
     <Trackpoint><Time>2026-01-28T21:32:28.738Z</Time><HeartRateBpm><Value>151</Value></HeartRateBpm><Extensions><TPX xmlns="http://www.garmin.com/xmlschemas/ActivityExtension/v2"><Speed>0.000000</Speed></TPX></Extensions></Trackpoint>
     <Trackpoint><Time>2026-01-28T21:32:30.433Z</Time><HeartRateBpm><Value>151</Value></HeartRateBpm><Extensions><TPX xmlns="http://www.garmin.com/xmlschemas/ActivityExtension/v2"><Speed>0.000000</Speed></TPX></Extensions></Trackpoint>
     <Trackpoint><Time>2026-01-28T21:32:32.444Z</Time><HeartRateBpm><Value>151</Value></HeartRateBpm><Extensions><TPX xmlns="http://www.garmin.com/xmlschemas/ActivityExtension/v2"><Speed>0.000000</Speed></TPX></Extensions></Trackpoint>
     <Trackpoint><Time>2026-01-28T21:32:33.828Z</Time><HeartRateBpm><Value>151</Value></HeartRateBpm><Extensions><TPX xmlns="http://www.garmin.com/xmlschemas/ActivityExtension/v2"><Speed>0.000000</Speed></TPX></Extensions></Trackpoint>
     <Trackpoint><Time>2026-01-28T21:32:35.433Z</Time><HeartRateBpm><Value>151</Value></HeartRateBpm><Extensions><TPX xmlns="http://www.garmin.com/xmlschemas/ActivityExtension/v2"><Speed>0.000000</Speed></TPX></Extensions></Trackpoint>
     <Trackpoint><Time>2026-01-28T21:32:36.433Z</Time><HeartRateBpm><Value>150</Value></HeartRateBpm><Extensions><TPX xmlns="http://www.garmin.com/xmlschemas/ActivityExtension/v2"><Speed>0.000000</Speed></TPX></Extensions></Trackpoint>
     <Trackpoint><Time>2026-01-28T21:32:37.444Z</Time><HeartRateBpm><Value>150</Value></HeartRateBpm><Extensions><TPX xmlns="http://www.garmin.com/xmlschemas/ActivityExtension/v2"><Speed>0.000000</Speed></TPX></Extensions></Trackpoint>
     <Trackpoint><Time>2026-01-28T21:32:38.923Z</Time><HeartRateBpm><Value>150</Value></HeartRateBpm><Extensions><TPX xmlns="http://www.garmin.com/xmlschemas/ActivityExtension/v2"><Speed>0.000000</Speed></TPX></Extensions></Trackpoint>
     <Trackpoint><Time>2026-01-28T21:32:40.444Z</Time><HeartRateBpm><Value>150</Value></HeartRateBpm><Extensions><TPX xmlns="http://www.garmin.com/xmlschemas/ActivityExtension/v2"><Speed>0.000000</Speed></TPX></Extensions></Trackpoint>
     <Trackpoint><Time>2026-01-28T21:32:42.433Z</Time><HeartRateBpm><Value>151</Value></HeartRateBpm><Extensions><TPX xmlns="http://www.garmin.com/xmlschemas/ActivityExtension/v2"><Speed>0.000000</Speed></TPX></Extensions></Trackpoint>
     <Trackpoint><Time>2026-01-28T21:32:43.444Z</Time><HeartRateBpm><Value>151</Value></HeartRateBpm><Extensions><TPX xmlns="http://www.garmin.com/xmlschemas/ActivityExtension/v2"><Speed>0.000000</Speed></TPX></Extensions></Trackpoint>
     <Trackpoint><Time>2026-01-28T21:32:45.433Z</Time><HeartRateBpm><Value>151</Value></HeartRateBpm><Extensions><TPX xmlns="http://www.garmin.com/xmlschemas/ActivityExtension/v2"><Speed>0.000000</Speed></TPX></Extensions></Trackpoint>
     <Trackpoint><Time>2026-01-28T21:32:46.445Z</Time><HeartRateBpm><Value>151</Value></HeartRateBpm><Extensions><TPX xmlns="http://www.garmin.com/xmlschemas/ActivityExtension/v2"><Speed>0.000000</Speed></TPX></Extensions></Trackpoint>
     <Trackpoint><Time>2026-01-28T21:32:48.433Z</Time><HeartRateBpm><Value>154</Value></HeartRateBpm><Extensions><TPX xmlns="http://www.garmin.com/xmlschemas/ActivityExtension/v2"><Speed>0.000000</Speed></TPX></Extensions></Trackpoint>
     <Trackpoint><Time>2026-01-28T21:32:49.444Z</Time><HeartRateBpm><Value>154</Value></HeartRateBpm><Extensions><TPX xmlns="http://www.garmin.com/xmlschemas/ActivityExtension/v2"><Speed>0.000000</Speed></TPX></Extensions></Trackpoint>
     <Trackpoint><Time>2026-01-28T21:32:51.405Z</Time><HeartRateBpm><Value>152</Value></HeartRateBpm><Extensions><TPX xmlns="http://www.garmin.com/xmlschemas/ActivityExtension/v2"><Speed>0.000000</Speed></TPX></Extensions></Trackpoint>
     <Trackpoint><Time>2026-01-28T21:32:52.433Z</Time><HeartRateBpm><Value>152</Value></HeartRateBpm><Extensions><TPX xmlns="http://www.garmin.com/xmlschemas/ActivityExtension/v2"><Speed>0.000000</Speed></TPX></Extensions></Trackpoint>
     <Trackpoint><Time>2026-01-28T21:32:53.444Z</Time><HeartRateBpm><Value>152</Value></HeartRateBpm><Extensions><TPX xmlns="http://www.garmin.com/xmlschemas/ActivityExtension/v2"><Speed>0.000000</Speed></TPX></Extensions></Trackpoint>
     <Trackpoint><Time>2026-01-28T21:32:55.438Z</Time><HeartRateBpm><Value>152</Value></HeartRateBpm><Extensions><TPX xmlns="http://www.garmin.com/xmlschemas/ActivityExtension/v2"><Speed>0.000000</Speed></TPX></Extensions></Trackpoint>
     <Trackpoint><Time>2026-01-28T21:32:56.458Z</Time><HeartRateBpm><Value>150</Value></HeartRateBpm><Extensions><TPX xmlns="http://www.garmin.com/xmlschemas/ActivityExtension/v2"><Speed>0.000000</Speed></TPX></Extensions></Trackpoint>
     <Trackpoint><Time>2026-01-28T21:32:58.433Z</Time><HeartRateBpm><Value>150</Value></HeartRateBpm><Extensions><TPX xmlns="http://www.garmin.com/xmlschemas/ActivityExtension/v2"><Speed>0.000000</Speed></TPX></Extensions></Trackpoint>
     <Trackpoint><Time>2026-01-28T21:33:00.443Z</Time><HeartRateBpm><Value>150</Value></HeartRateBpm><Extensions><TPX xmlns="http://www.garmin.com/xmlschemas/ActivityExtension/v2"><Speed>0.000000</Speed></TPX></Extensions></Trackpoint>
     <Trackpoint><Time>2026-01-28T21:33:01.869Z</Time><HeartRateBpm><Value>147</Value></HeartRateBpm><Extensions><TPX xmlns="http://www.garmin.com/xmlschemas/ActivityExtension/v2"><Speed>0.000000</Speed></TPX></Extensions></Trackpoint>
     <Trackpoint><Time>2026-01-28T21:33:03.448Z</Time><HeartRateBpm><Value>147</Value></HeartRateBpm><Extensions><TPX xmlns="http://www.garmin.com/xmlschemas/ActivityExtension/v2"><Speed>0.000000</Speed></TPX></Extensions></Trackpoint>
     <Trackpoint><Time>2026-01-28T21:33:05.437Z</Time><HeartRateBpm><Value>147</Value></HeartRateBpm><Extensions><TPX xmlns="http://www.garmin.com/xmlschemas/ActivityExtension/v2"><Speed>0.000000</Speed></TPX></Extensions></Trackpoint>
     <Trackpoint><Time>2026-01-28T21:33:06.991Z</Time><HeartRateBpm><Value>147</Value></HeartRateBpm><Extensions><TPX xmlns="http://www.garmin.com/xmlschemas/ActivityExtension/v2"><Speed>0.000000</Speed></TPX></Extensions></Trackpoint>
     <Trackpoint><Time>2026-01-28T21:33:08.443Z</Time><HeartRateBpm><Value>145</Value></HeartRateBpm><Extensions><TPX xmlns="http://www.garmin.com/xmlschemas/ActivityExtension/v2"><Speed>0.000000</Speed></TPX></Extensions></Trackpoint>
     <Trackpoint><Time>2026-01-28T21:33:09.512Z</Time><HeartRateBpm><Value>145</Value></HeartRateBpm><Extensions><TPX xmlns="http://www.garmin.com/xmlschemas/ActivityExtension/v2"><Speed>0.000000</Speed></TPX></Extensions></Trackpoint>
     <Trackpoint><Time>2026-01-28T21:33:11.408Z</Time><HeartRateBpm><Value>145</Value></HeartRateBpm><Extensions><TPX xmlns="http://www.garmin.com/xmlschemas/ActivityExtension/v2"><Speed>0.000000</Speed></TPX></Extensions></Trackpoint>
     <Trackpoint><Time>2026-01-28T21:33:12.434Z</Time><HeartRateBpm><Value>145</Value></HeartRateBpm><Extensions><TPX xmlns="http://www.garmin.com/xmlschemas/ActivityExtension/v2"><Speed>0.000000</Speed></TPX></Extensions></Trackpoint>
     <Trackpoint><Time>2026-01-28T21:33:14.443Z</Time><HeartRateBpm><Value>145</Value></HeartRateBpm><Extensions><TPX xmlns="http://www.garmin.com/xmlschemas/ActivityExtension/v2"><Speed>0.000000</Speed></TPX></Extensions></Trackpoint>
     <Trackpoint><Time>2026-01-28T21:33:15.447Z</Time><HeartRateBpm><Value>145</Value></HeartRateBpm><Extensions><TPX xmlns="http://www.garmin.com/xmlschemas/ActivityExtension/v2"><Speed>0.000000</Speed></TPX></Extensions></Trackpoint>
     <Trackpoint><Time>2026-01-28T21:33:17.157Z</Time><HeartRateBpm><Value>143</Value></HeartRateBpm><Extensions><TPX xmlns="http://www.garmin.com/xmlschemas/ActivityExtension/v2"><Speed>0.000000</Speed></TPX></Extensions></Trackpoint>
     <Trackpoint><Time>2026-01-28T21:33:18.441Z</Time><HeartRateBpm><Value>143</Value></HeartRateBpm><Extensions><TPX xmlns="http://www.garmin.com/xmlschemas/ActivityExtension/v2"><Speed>0.000000</Speed></TPX></Extensions></Trackpoint>
     <Trackpoint><Time>2026-01-28T21:33:19.709Z</Time><HeartRateBpm><Value>143</Value></HeartRateBpm><Extensions><TPX xmlns="http://www.garmin.com/xmlschemas/ActivityExtension/v2"><Speed>0.000000</Speed></TPX></Extensions></Trackpoint>
     <Trackpoint><Time>2026-01-28T21:33:21.435Z</Time><HeartRateBpm><Value>143</Value></HeartRateBpm><Extensions><TPX xmlns="http://www.garmin.com/xmlschemas/ActivityExtension/v2"><Speed>0.000000</Speed></TPX></Extensions></Trackpoint>
     <Trackpoint><Time>2026-01-28T21:33:22.446Z</Time><HeartRateBpm><Value>141</Value></HeartRateBpm><Extensions><TPX xmlns="http://www.garmin.com/xmlschemas/ActivityExtension/v2"><Speed>0.000000</Speed></TPX></Extensions></Trackpoint>
     <Trackpoint><Time>2026-01-28T21:33:24.448Z</Time><HeartRateBpm><Value>141</Value></HeartRateBpm><Extensions><TPX xmlns="http://www.garmin.com/xmlschemas/ActivityExtension/v2"><Speed>0.000000</Speed></TPX></Extensions></Trackpoint>
     <Trackpoint><Time>2026-01-28T21:33:26.407Z</Time><HeartRateBpm><Value>141</Value></HeartRateBpm><Extensions><TPX xmlns="http://www.garmin.com/xmlschemas/ActivityExtension/v2"><Speed>0.000000</Speed></TPX></Extensions></Trackpoint>
     <Trackpoint><Time>2026-01-28T21:33:27.433Z</Time><HeartRateBpm><Value>141</Value></HeartRateBpm><Extensions><TPX xmlns="http://www.garmin.com/xmlschemas/ActivityExtension/v2"><Speed>0.000000</Speed></TPX></Extensions></Trackpoint>
     <Trackpoint><Time>2026-01-28T21:33:28.433Z</Time><HeartRateBpm><Value>141</Value></HeartRateBpm><Extensions><TPX xmlns="http://www.garmin.com/xmlschemas/ActivityExtension/v2"><Speed>0.000000</Speed></TPX></Extensions></Trackpoint>
     <Trackpoint><Time>2026-01-28T21:33:29.446Z</Time><HeartRateBpm><Value>141</Value></HeartRateBpm><Extensions><TPX xmlns="http://www.garmin.com/xmlschemas/ActivityExtension/v2"><Speed>0.000000</Speed></TPX></Extensions></Trackpoint>
     <Trackpoint><Time>2026-01-28T21:33:31.403Z</Time><HeartRateBpm><Value>140</Value></HeartRateBpm><Extensions><TPX xmlns="http://www.garmin.com/xmlschemas/ActivityExtension/v2"><Speed>0.000000</Speed></TPX></Extensions></Trackpoint>
     <Trackpoint><Time>2026-01-28T21:33:32.444Z</Time><HeartRateBpm><Value>140</Value></HeartRateBpm><Extensions><TPX xmlns="http://www.garmin.com/xmlschemas/ActivityExtension/v2"><Speed>0.000000</Speed></TPX></Extensions></Trackpoint>
     <Trackpoint><Time>2026-01-28T21:33:33.444Z</Time><HeartRateBpm><Value>140</Value></HeartRateBpm><Extensions><TPX xmlns="http://www.garmin.com/xmlschemas/ActivityExtension/v2"><Speed>0.000000</Speed></TPX></Extensions></Trackpoint>
     <Trackpoint><Time>2026-01-28T21:33:35.011Z</Time><HeartRateBpm><Value>140</Value></HeartRateBpm><Extensions><TPX xmlns="http://www.garmin.com/xmlschemas/ActivityExtension/v2"><Speed>0.000000</Speed></TPX></Extensions></Trackpoint>
     <Trackpoint><Time>2026-01-28T21:33:36.445Z</Time><HeartRateBpm><Value>140</Value></HeartRateBpm><Extensions><TPX xmlns="http://www.garmin.com/xmlschemas/ActivityExtension/v2"><Speed>0.000000</Speed></TPX></Extensions></Trackpoint>
     <Trackpoint><Time>2026-01-28T21:33:37.555Z</Time><HeartRateBpm><Value>139</Value></HeartRateBpm><Extensions><TPX xmlns="http://www.garmin.com/xmlschemas/ActivityExtension/v2"><Speed>0.000000</Speed></TPX></Extensions></Trackpoint>
     <Trackpoint><Time>2026-01-28T21:33:39.433Z</Time><HeartRateBpm><Value>139</Value></HeartRateBpm><Extensions><TPX xmlns="http://www.garmin.com/xmlschemas/ActivityExtension/v2"><Speed>0.000000</Speed></TPX></Extensions></Trackpoint>
     <Trackpoint><Time>2026-01-28T21:33:40.433Z</Time><HeartRateBpm><Value>139</Value></HeartRateBpm><Extensions><TPX xmlns="http://www.garmin.com/xmlschemas/ActivityExtension/v2"><Speed>0.000000</Speed></TPX></Extensions></Trackpoint>
     <Trackpoint><Time>2026-01-28T21:33:41.439Z</Time><HeartRateBpm><Value>139</Value></HeartRateBpm><Extensions><TPX xmlns="http://www.garmin.com/xmlschemas/ActivityExtension/v2"><Speed>0.000000</Speed></TPX></Extensions></Trackpoint>
     <Trackpoint><Time>2026-01-28T21:33:42.647Z</Time><HeartRateBpm><Value>139</Value></HeartRateBpm><Extensions><TPX xmlns="http://www.garmin.com/xmlschemas/ActivityExtension/v2"><Speed>0.000000</Speed></TPX></Extensions></Trackpoint>
     <Trackpoint><Time>2026-01-28T21:33:44.444Z</Time><HeartRateBpm><Value>139</Value></HeartRateBpm><Extensions><TPX xmlns="http://www.garmin.com/xmlschemas/ActivityExtension/v2"><Speed>0.000000</Speed></TPX></Extensions></Trackpoint>
     <Trackpoint><Time>2026-01-28T21:33:46.407Z</Time><HeartRateBpm><Value>138</Value></HeartRateBpm><Extensions><TPX xmlns="http://www.garmin.com/xmlschemas/ActivityExtension/v2"><Speed>0.000000</Speed></TPX></Extensions></Trackpoint>
     <Trackpoint><Time>2026-01-28T21:33:47.433Z</Time><HeartRateBpm><Value>138</Value></HeartRateBpm><Extensions><TPX xmlns="http://www.garmin.com/xmlschemas/ActivityExtension/v2"><Speed>0.000000</Speed></TPX></Extensions></Trackpoint>
     <Trackpoint><Time>2026-01-28T21:33:48.433Z</Time><HeartRateBpm><Value>138</Value></HeartRateBpm><Extensions><TPX xmlns="http://www.garmin.com/xmlschemas/ActivityExtension/v2"><Speed>0.000000</Speed></TPX></Extensions></Trackpoint>
     <Trackpoint><Time>2026-01-28T21:33:49.444Z</Time><HeartRateBpm><Value>138</Value></HeartRateBpm><Extensions><TPX xmlns="http://www.garmin.com/xmlschemas/ActivityExtension/v2"><Speed>0.000000</Speed></TPX></Extensions></Trackpoint>
     <Trackpoint><Time>2026-01-28T21:33:51.433Z</Time><HeartRateBpm><Value>138</Value></HeartRateBpm><Extensions><TPX xmlns="http://www.garmin.com/xmlschemas/ActivityExtension/v2"><Speed>0.000000</Speed></TPX></Extensions></Trackpoint>
     <Trackpoint><Time>2026-01-28T21:33:52.433Z</Time><HeartRateBpm><Value>138</Value></HeartRateBpm><Extensions><TPX xmlns="http://www.garmin.com/xmlschemas/ActivityExtension/v2"><Speed>0.000000</Speed></TPX></Extensions></Trackpoint>
     <Trackpoint><Time>2026-01-28T21:33:53.443Z</Time><HeartRateBpm><Value>138</Value></HeartRateBpm><Extensions><TPX xmlns="http://www.garmin.com/xmlschemas/ActivityExtension/v2"><Speed>0.000000</Speed></TPX></Extensions></Trackpoint>
     <Trackpoint><Time>2026-01-28T21:33:55.403Z</Time><HeartRateBpm><Value>138</Value></HeartRateBpm><Extensions><TPX xmlns="http://www.garmin.com/xmlschemas/ActivityExtension/v2"><Speed>0.000000</Speed></TPX></Extensions></Trackpoint>
     <Trackpoint><Time>2026-01-28T21:33:56.433Z</Time><HeartRateBpm><Value>139</Value></HeartRateBpm><Extensions><TPX xmlns="http://www.garmin.com/xmlschemas/ActivityExtension/v2"><Speed>0.000000</Speed></TPX></Extensions></Trackpoint>
     <Trackpoint><Time>2026-01-28T21:33:57.947Z</Time><HeartRateBpm><Value>139</Value></HeartRateBpm><Extensions><TPX xmlns="http://www.garmin.com/xmlschemas/ActivityExtension/v2"><Speed>0.000000</Speed></TPX></Extensions></Trackpoint>
     <Trackpoint><Time>2026-01-28T21:33:59.444Z</Time><HeartRateBpm><Value>139</Value></HeartRateBpm><Extensions><TPX xmlns="http://www.garmin.com/xmlschemas/ActivityExtension/v2"><Speed>0.000000</Speed></TPX></Extensions></Trackpoint>
     <Trackpoint><Time>2026-01-28T21:34:00.490Z</Time><HeartRateBpm><Value>139</Value></HeartRateBpm><Extensions><TPX xmlns="http://www.garmin.com/xmlschemas/ActivityExtension/v2"><Speed>0.000000</Speed></TPX></Extensions></Trackpoint>
     <Trackpoint><Time>2026-01-28T21:34:01.971Z</Time><HeartRateBpm><Value>139</Value></HeartRateBpm><Extensions><TPX xmlns="http://www.garmin.com/xmlschemas/ActivityExtension/v2"><Speed>0.000000</Speed></TPX></Extensions></Trackpoint>
     <Trackpoint><Time>2026-01-28T21:34:03.045Z</Time><HeartRateBpm><Value>139</Value></HeartRateBpm><Extensions><TPX xmlns="http://www.garmin.com/xmlschemas/ActivityExtension/v2"><Speed>0.000000</Speed></TPX></Extensions></Trackpoint>
     <Trackpoint><Time>2026-01-28T21:34:04.443Z</Time><HeartRateBpm><Value>139</Value></HeartRateBpm><Extensions><TPX xmlns="http://www.garmin.com/xmlschemas/ActivityExtension/v2"><Speed>0.000000</Speed></TPX></Extensions></Trackpoint>
     <Trackpoint><Time>2026-01-28T21:34:05.591Z</Time><HeartRateBpm><Value>139</Value></HeartRateBpm><Extensions><TPX xmlns="http://www.garmin.com/xmlschemas/ActivityExtension/v2"><Speed>0.000000</Speed></TPX></Extensions></Trackpoint>
     <Trackpoint><Time>2026-01-28T21:34:07.433Z</Time><HeartRateBpm><Value>140</Value></HeartRateBpm><Extensions><TPX xmlns="http://www.garmin.com/xmlschemas/ActivityExtension/v2"><Speed>0.000000</Speed></TPX></Extensions></Trackpoint>
     <Trackpoint><Time>2026-01-28T21:34:08.433Z</Time><HeartRateBpm><Value>140</Value></HeartRateBpm><Extensions><TPX xmlns="http://www.garmin.com/xmlschemas/ActivityExtension/v2"><Speed>0.000000</Speed></TPX></Extensions></Trackpoint>
     <Trackpoint><Time>2026-01-28T21:34:10.443Z</Time><HeartRateBpm><Value>140</Value></HeartRateBpm><Extensions><TPX xmlns="http://www.garmin.com/xmlschemas/ActivityExtension/v2"><Speed>0.000000</Speed></TPX></Extensions></Trackpoint>
     <Trackpoint><Time>2026-01-28T21:34:11.445Z</Time><HeartRateBpm><Value>140</Value></HeartRateBpm><Extensions><TPX xmlns="http://www.garmin.com/xmlschemas/ActivityExtension/v2"><Speed>0.000000</Speed></TPX></Extensions></Trackpoint>
     <Trackpoint><Time>2026-01-28T21:34:13.235Z</Time><HeartRateBpm><Value>146</Value></HeartRateBpm><Extensions><TPX xmlns="http://www.garmin.com/xmlschemas/ActivityExtension/v2"><Speed>0.000000</Speed></TPX></Extensions></Trackpoint>
     <Trackpoint><Time>2026-01-28T21:34:14.433Z</Time><HeartRateBpm><Value>146</Value></HeartRateBpm><Extensions><TPX xmlns="http://www.garmin.com/xmlschemas/ActivityExtension/v2"><Speed>0.000000</Speed></TPX></Extensions></Trackpoint>
     <Trackpoint><Time>2026-01-28T21:34:15.438Z</Time><HeartRateBpm><Value>146</Value></HeartRateBpm><Extensions><TPX xmlns="http://www.garmin.com/xmlschemas/ActivityExtension/v2"><Speed>0.000000</Speed></TPX></Extensions></Trackpoint>
     <Trackpoint><Time>2026-01-28T21:34:17.445Z</Time><HeartRateBpm><Value>148</Value></HeartRateBpm><Extensions><TPX xmlns="http://www.garmin.com/xmlschemas/ActivityExtension/v2"><Speed>0.000000</Speed></TPX></Extensions></Trackpoint>
     <Trackpoint><Time>2026-01-28T21:34:19.446Z</Time><HeartRateBpm><Value>148</Value></HeartRateBpm><Extensions><TPX xmlns="http://www.garmin.com/xmlschemas/ActivityExtension/v2"><Speed>0.000000</Speed></TPX></Extensions></Trackpoint>
     <Trackpoint><Time>2026-01-28T21:34:20.887Z</Time><HeartRateBpm><Value>148</Value></HeartRateBpm><Extensions><TPX xmlns="http://www.garmin.com/xmlschemas/ActivityExtension/v2"><Speed>0.000000</Speed></TPX></Extensions></Trackpoint>
     <Trackpoint><Time>2026-01-28T21:34:22.433Z</Time><HeartRateBpm><Value>149</Value></HeartRateBpm><Extensions><TPX xmlns="http://www.garmin.com/xmlschemas/ActivityExtension/v2"><Speed>0.000000</Speed></TPX></Extensions></Trackpoint>
     <Trackpoint><Time>2026-01-28T21:34:23.436Z</Time><HeartRateBpm><Value>149</Value></HeartRateBpm><Extensions><TPX xmlns="http://www.garmin.com/xmlschemas/ActivityExtension/v2"><Speed>0.000000</Speed></TPX></Extensions></Trackpoint>
     <Trackpoint><Time>2026-01-28T21:34:24.446Z</Time><HeartRateBpm><Value>149</Value></HeartRateBpm><Extensions><TPX xmlns="http://www.garmin.com/xmlschemas/ActivityExtension/v2"><Speed>0.000000</Speed></TPX></Extensions></Trackpoint>
     <Trackpoint><Time>2026-01-28T21:34:25.984Z</Time><HeartRateBpm><Value>149</Value></HeartRateBpm><Extensions><TPX xmlns="http://www.garmin.com/xmlschemas/ActivityExtension/v2"><Speed>0.000000</Speed></TPX></Extensions></Trackpoint>
     <Trackpoint><Time>2026-01-28T21:34:27.433Z</Time><HeartRateBpm><Value>150</Value></HeartRateBpm><Extensions><TPX xmlns="http://www.garmin.com/xmlschemas/ActivityExtension/v2"><Speed>0.000000</Speed></TPX></Extensions></Trackpoint>
     <Trackpoint><Time>2026-01-28T21:34:28.547Z</Time><HeartRateBpm><Value>150</Value></HeartRateBpm><Extensions><TPX xmlns="http://www.garmin.com/xmlschemas/ActivityExtension/v2"><Speed>0.000000</Speed></TPX></Extensions></Trackpoint>
     <Trackpoint><Time>2026-01-28T21:34:30.433Z</Time><HeartRateBpm><Value>150</Value></HeartRateBpm><Extensions><TPX xmlns="http://www.garmin.com/xmlschemas/ActivityExtension/v2"><Speed>0.000000</Speed></TPX></Extensions></Trackpoint>
     <Trackpoint><Time>2026-01-28T21:34:32.433Z</Time><HeartRateBpm><Value>151</Value></HeartRateBpm><Extensions><TPX xmlns="http://www.garmin.com/xmlschemas/ActivityExtension/v2"><Speed>0.000000</Speed></TPX></Extensions></Trackpoint>
     <Trackpoint><Time>2026-01-28T21:34:33.634Z</Time><HeartRateBpm><Value>151</Value></HeartRateBpm><Extensions><TPX xmlns="http://www.garmin.com/xmlschemas/ActivityExtension/v2"><Speed>0.000000</Speed></TPX></Extensions></Trackpoint>
     <Trackpoint><Time>2026-01-28T21:34:35.433Z</Time><HeartRateBpm><Value>151</Value></HeartRateBpm><Extensions><TPX xmlns="http://www.garmin.com/xmlschemas/ActivityExtension/v2"><Speed>0.000000</Speed></TPX></Extensions></Trackpoint>
     <Trackpoint><Time>2026-01-28T21:34:36.445Z</Time><HeartRateBpm><Value>151</Value></HeartRateBpm><Extensions><TPX xmlns="http://www.garmin.com/xmlschemas/ActivityExtension/v2"><Speed>0.000000</Speed></TPX></Extensions></Trackpoint>
     <Trackpoint><Time>2026-01-28T21:34:38.433Z</Time><HeartRateBpm><Value>151</Value></HeartRateBpm><Extensions><TPX xmlns="http://www.garmin.com/xmlschemas/ActivityExtension/v2"><Speed>0.000000</Speed></TPX></Extensions></Trackpoint>
     <Trackpoint><Time>2026-01-28T21:34:39.440Z</Time><HeartRateBpm><Value>151</Value></HeartRateBpm><Extensions><TPX xmlns="http://www.garmin.com/xmlschemas/ActivityExtension/v2"><Speed>0.000000</Speed></TPX></Extensions></Trackpoint>
     <Trackpoint><Time>2026-01-28T21:34:41.282Z</Time><HeartRateBpm><Value>151</Value></HeartRateBpm><Extensions><TPX xmlns="http://www.garmin.com/xmlschemas/ActivityExtension/v2"><Speed>0.000000</Speed></TPX></Extensions></Trackpoint>
     <Trackpoint><Time>2026-01-28T21:34:42.444Z</Time><HeartRateBpm><Value>153</Value></HeartRateBpm><Extensions><TPX xmlns="http://www.garmin.com/xmlschemas/ActivityExtension/v2"><Speed>0.000000</Speed></TPX></Extensions></Trackpoint>
     <Trackpoint><Time>2026-01-28T21:34:43.828Z</Time><HeartRateBpm><Value>153</Value></HeartRateBpm><Extensions><TPX xmlns="http://www.garmin.com/xmlschemas/ActivityExtension/v2"><Speed>0.000000</Speed></TPX></Extensions></Trackpoint>
     <Trackpoint><Time>2026-01-28T21:34:45.433Z</Time><HeartRateBpm><Value>153</Value></HeartRateBpm><Extensions><TPX xmlns="http://www.garmin.com/xmlschemas/ActivityExtension/v2"><Speed>0.000000</Speed></TPX></Extensions></Trackpoint>
     <Trackpoint><Time>2026-01-28T21:34:46.433Z</Time><HeartRateBpm><Value>153</Value></HeartRateBpm><Extensions><TPX xmlns="http://www.garmin.com/xmlschemas/ActivityExtension/v2"><Speed>0.000000</Speed></TPX></Extensions></Trackpoint>
     <Trackpoint><Time>2026-01-28T21:34:48.433Z</Time><HeartRateBpm><Value>153</Value></HeartRateBpm><Extensions><TPX xmlns="http://www.garmin.com/xmlschemas/ActivityExtension/v2"><Speed>0.000000</Speed></TPX></Extensions></Trackpoint>
     <Trackpoint><Time>2026-01-28T21:34:50.433Z</Time><HeartRateBpm><Value>153</Value></HeartRateBpm><Extensions><TPX xmlns="http://www.garmin.com/xmlschemas/ActivityExtension/v2"><Speed>0.000000</Speed></TPX></Extensions></Trackpoint>
     <Trackpoint><Time>2026-01-28T21:34:51.476Z</Time><HeartRateBpm><Value>153</Value></HeartRateBpm><Extensions><TPX xmlns="http://www.garmin.com/xmlschemas/ActivityExtension/v2"><Speed>0.000000</Speed></TPX></Extensions></Trackpoint>
     <Trackpoint><Time>2026-01-28T21:34:53.433Z</Time><HeartRateBpm><Value>150</Value></HeartRateBpm><Extensions><TPX xmlns="http://www.garmin.com/xmlschemas/ActivityExtension/v2"><Speed>0.000000</Speed></TPX></Extensions></Trackpoint>
     <Trackpoint><Time>2026-01-28T21:34:55.433Z</Time><HeartRateBpm><Value>150</Value></HeartRateBpm><Extensions><TPX xmlns="http://www.garmin.com/xmlschemas/ActivityExtension/v2"><Speed>0.000000</Speed></TPX></Extensions></Trackpoint>
     <Trackpoint><Time>2026-01-28T21:34:56.570Z</Time><HeartRateBpm><Value>150</Value></HeartRateBpm><Extensions><TPX xmlns="http://www.garmin.com/xmlschemas/ActivityExtension/v2"><Speed>0.000000</Speed></TPX></Extensions></Trackpoint>
     <Trackpoint><Time>2026-01-28T21:34:58.433Z</Time><HeartRateBpm><Value>148</Value></HeartRateBpm><Extensions><TPX xmlns="http://www.garmin.com/xmlschemas/ActivityExtension/v2"><Speed>0.000000</Speed></TPX></Extensions></Trackpoint>
     <Trackpoint><Time>2026-01-28T21:34:59.433Z</Time><HeartRateBpm><Value>148</Value></HeartRateBpm><Extensions><TPX xmlns="http://www.garmin.com/xmlschemas/ActivityExtension/v2"><Speed>0.000000</Speed></TPX></Extensions></Trackpoint>
     <Trackpoint><Time>2026-01-28T21:35:00.433Z</Time><HeartRateBpm><Value>148</Value></HeartRateBpm><Extensions><TPX xmlns="http://www.garmin.com/xmlschemas/ActivityExtension/v2"><Speed>0.000000</Speed></TPX></Extensions></Trackpoint>
     <Trackpoint><Time>2026-01-28T21:35:01.667Z</Time><HeartRateBpm><Value>147</Value></HeartRateBpm><Extensions><TPX xmlns="http://www.garmin.com/xmlschemas/ActivityExtension/v2"><Speed>0.000000</Speed></TPX></Extensions></Trackpoint>
     <Trackpoint><Time>2026-01-28T21:35:03.433Z</Time><HeartRateBpm><Value>147</Value></HeartRateBpm><Extensions><TPX xmlns="http://www.garmin.com/xmlschemas/ActivityExtension/v2"><Speed>0.000000</Speed></TPX></Extensions></Trackpoint>
     <Trackpoint><Time>2026-01-28T21:35:04.433Z</Time><HeartRateBpm><Value>147</Value></HeartRateBpm><Extensions><TPX xmlns="http://www.garmin.com/xmlschemas/ActivityExtension/v2"><Speed>0.000000</Speed></TPX></Extensions></Trackpoint>
     <Trackpoint><Time>2026-01-28T21:35:06.433Z</Time><HeartRateBpm><Value>147</Value></HeartRateBpm><Extensions><TPX xmlns="http://www.garmin.com/xmlschemas/ActivityExtension/v2"><Speed>0.000000</Speed></TPX></Extensions></Trackpoint>
     <Trackpoint><Time>2026-01-28T21:35:08.433Z</Time><HeartRateBpm><Value>145</Value></HeartRateBpm><Extensions><TPX xmlns="http://www.garmin.com/xmlschemas/ActivityExtension/v2"><Speed>0.000000</Speed></TPX></Extensions></Trackpoint>
     <Trackpoint><Time>2026-01-28T21:35:10.433Z</Time><HeartRateBpm><Value>145</Value></HeartRateBpm><Extensions><TPX xmlns="http://www.garmin.com/xmlschemas/ActivityExtension/v2"><Speed>0.000000</Speed></TPX></Extensions></Trackpoint>
     <Trackpoint><Time>2026-01-28T21:35:11.861Z</Time><HeartRateBpm><Value>145</Value></HeartRateBpm><Extensions><TPX xmlns="http://www.garmin.com/xmlschemas/ActivityExtension/v2"><Speed>0.000000</Speed></TPX></Extensions></Trackpoint>
     <Trackpoint><Time>2026-01-28T21:35:13.433Z</Time><HeartRateBpm><Value>145</Value></HeartRateBpm><Extensions><TPX xmlns="http://www.garmin.com/xmlschemas/ActivityExtension/v2"><Speed>0.000000</Speed></TPX></Extensions></Trackpoint>
     <Trackpoint><Time>2026-01-28T21:35:15.433Z</Time><HeartRateBpm><Value>145</Value></HeartRateBpm><Extensions><TPX xmlns="http://www.garmin.com/xmlschemas/ActivityExtension/v2"><Speed>0.000000</Speed></TPX></Extensions></Trackpoint>
     <Trackpoint><Time>2026-01-28T21:35:16.963Z</Time><HeartRateBpm><Value>145</Value></HeartRateBpm><Extensions><TPX xmlns="http://www.garmin.com/xmlschemas/ActivityExtension/v2"><Speed>0.000000</Speed></TPX></Extensions></Trackpoint>
     <Trackpoint><Time>2026-01-28T21:35:18.433Z</Time><HeartRateBpm><Value>142</Value></HeartRateBpm><Extensions><TPX xmlns="http://www.garmin.com/xmlschemas/ActivityExtension/v2"><Speed>0.000000</Speed></TPX></Extensions></Trackpoint>
     <Trackpoint><Time>2026-01-28T21:35:19.509Z</Time><HeartRateBpm><Value>142</Value></HeartRateBpm><Extensions><TPX xmlns="http://www.garmin.com/xmlschemas/ActivityExtension/v2"><Speed>0.000000</Speed></TPX></Extensions></Trackpoint>
     <Trackpoint><Time>2026-01-28T21:35:21.408Z</Time><HeartRateBpm><Value>143</Value></HeartRateBpm><Extensions><TPX xmlns="http://www.garmin.com/xmlschemas/ActivityExtension/v2"><Speed>0.000000</Speed></TPX></Extensions></Trackpoint>
     <Trackpoint><Time>2026-01-28T21:35:22.433Z</Time><HeartRateBpm><Value>143</Value></HeartRateBpm><Extensions><TPX xmlns="http://www.garmin.com/xmlschemas/ActivityExtension/v2"><Speed>0.000000</Speed></TPX></Extensions></Trackpoint>
     <Trackpoint><Time>2026-01-28T21:35:24.433Z</Time><HeartRateBpm><Value>143</Value></HeartRateBpm><Extensions><TPX xmlns="http://www.garmin.com/xmlschemas/ActivityExtension/v2"><Speed>0.000000</Speed></TPX></Extensions></Trackpoint>
     <Trackpoint><Time>2026-01-28T21:35:25.433Z</Time><HeartRateBpm><Value>143</Value></HeartRateBpm><Extensions><TPX xmlns="http://www.garmin.com/xmlschemas/ActivityExtension/v2"><Speed>0.000000</Speed></TPX></Extensions></Trackpoint>
     <Trackpoint><Time>2026-01-28T21:35:26.433Z</Time><HeartRateBpm><Value>143</Value></HeartRateBpm><Extensions><TPX xmlns="http://www.garmin.com/xmlschemas/ActivityExtension/v2"><Speed>0.000000</Speed></TPX></Extensions></Trackpoint>
     <Trackpoint><Time>2026-01-28T21:35:28.433Z</Time><HeartRateBpm><Value>143</Value></HeartRateBpm><Extensions><TPX xmlns="http://www.garmin.com/xmlschemas/ActivityExtension/v2"><Speed>0.000000</Speed></TPX></Extensions></Trackpoint>
     <Trackpoint><Time>2026-01-28T21:35:29.433Z</Time><HeartRateBpm><Value>143</Value></HeartRateBpm><Extensions><TPX xmlns="http://www.garmin.com/xmlschemas/ActivityExtension/v2"><Speed>0.000000</Speed></TPX></Extensions></Trackpoint>
     <Trackpoint><Time>2026-01-28T21:35:31.406Z</Time><HeartRateBpm><Value>141</Value></HeartRateBpm><Extensions><TPX xmlns="http://www.garmin.com/xmlschemas/ActivityExtension/v2"><Speed>0.000000</Speed></TPX></Extensions></Trackpoint>
     <Trackpoint><Time>2026-01-28T21:35:32.433Z</Time><HeartRateBpm><Value>141</Value></HeartRateBpm><Extensions><TPX xmlns="http://www.garmin.com/xmlschemas/ActivityExtension/v2"><Speed>0.000000</Speed></TPX></Extensions></Trackpoint>
     <Trackpoint><Time>2026-01-28T21:35:34.433Z</Time><HeartRateBpm><Value>141</Value></HeartRateBpm><Extensions><TPX xmlns="http://www.garmin.com/xmlschemas/ActivityExtension/v2"><Speed>0.000000</Speed></TPX></Extensions></Trackpoint>
     <Trackpoint><Time>2026-01-28T21:35:35.433Z</Time><HeartRateBpm><Value>141</Value></HeartRateBpm><Extensions><TPX xmlns="http://www.garmin.com/xmlschemas/ActivityExtension/v2"><Speed>0.000000</Speed></TPX></Extensions></Trackpoint>
     <Trackpoint><Time>2026-01-28T21:35:37.354Z</Time><HeartRateBpm><Value>140</Value></HeartRateBpm><Extensions><TPX xmlns="http://www.garmin.com/xmlschemas/ActivityExtension/v2"><Speed>0.000000</Speed></TPX></Extensions></Trackpoint>
     <Trackpoint><Time>2026-01-28T21:35:38.433Z</Time><HeartRateBpm><Value>140</Value></HeartRateBpm><Extensions><TPX xmlns="http://www.garmin.com/xmlschemas/ActivityExtension/v2"><Speed>0.000000</Speed></TPX></Extensions></Trackpoint>
     <Trackpoint><Time>2026-01-28T21:35:39.433Z</Time><HeartRateBpm><Value>140</Value></HeartRateBpm><Extensions><TPX xmlns="http://www.garmin.com/xmlschemas/ActivityExtension/v2"><Speed>0.000000</Speed></TPX></Extensions></Trackpoint>
     <Trackpoint><Time>2026-01-28T21:35:40.433Z</Time><HeartRateBpm><Value>140</Value></HeartRateBpm><Extensions><TPX xmlns="http://www.garmin.com/xmlschemas/ActivityExtension/v2"><Speed>0.000000</Speed></TPX></Extensions></Trackpoint>
     <Trackpoint><Time>2026-01-28T21:35:42.433Z</Time><HeartRateBpm><Value>135</Value></HeartRateBpm><Extensions><TPX xmlns="http://www.garmin.com/xmlschemas/ActivityExtension/v2"><Speed>0.000000</Speed></TPX></Extensions></Trackpoint>
     <Trackpoint><Time>2026-01-28T21:35:44.433Z</Time><HeartRateBpm><Value>135</Value></HeartRateBpm><Extensions><TPX xmlns="http://www.garmin.com/xmlschemas/ActivityExtension/v2"><Speed>0.000000</Speed></TPX></Extensions></Trackpoint>
     <Trackpoint><Time>2026-01-28T21:35:45.433Z</Time><HeartRateBpm><Value>135</Value></HeartRateBpm><Extensions><TPX xmlns="http://www.garmin.com/xmlschemas/ActivityExtension/v2"><Speed>0.000000</Speed></TPX></Extensions></Trackpoint>
     <Trackpoint><Time>2026-01-28T21:35:47.433Z</Time><HeartRateBpm><Value>136</Value></HeartRateBpm><Extensions><TPX xmlns="http://www.garmin.com/xmlschemas/ActivityExtension/v2"><Speed>0.000000</Speed></TPX></Extensions></Trackpoint>
     <Trackpoint><Time>2026-01-28T21:35:49.433Z</Time><HeartRateBpm><Value>136</Value></HeartRateBpm><Extensions><TPX xmlns="http://www.garmin.com/xmlschemas/ActivityExtension/v2"><Speed>0.000000</Speed></TPX></Extensions></Trackpoint>
     <Trackpoint><Time>2026-01-28T21:35:50.433Z</Time><HeartRateBpm><Value>136</Value></HeartRateBpm><Extensions><TPX xmlns="http://www.garmin.com/xmlschemas/ActivityExtension/v2"><Speed>0.000000</Speed></TPX></Extensions></Trackpoint>
     <Trackpoint><Time>2026-01-28T21:35:52.433Z</Time><HeartRateBpm><Value>135</Value></HeartRateBpm><Extensions><TPX xmlns="http://www.garmin.com/xmlschemas/ActivityExtension/v2"><Speed>0.000000</Speed></TPX></Extensions></Trackpoint>
     <Trackpoint><Time>2026-01-28T21:35:53.433Z</Time><HeartRateBpm><Value>135</Value></HeartRateBpm><Extensions><TPX xmlns="http://www.garmin.com/xmlschemas/ActivityExtension/v2"><Speed>0.000000</Speed></TPX></Extensions></Trackpoint>
     <Trackpoint><Time>2026-01-28T21:35:55.197Z</Time><HeartRateBpm><Value>135</Value></HeartRateBpm><Extensions><TPX xmlns="http://www.garmin.com/xmlschemas/ActivityExtension/v2"><Speed>0.000000</Speed></TPX></Extensions></Trackpoint>
     <Trackpoint><Time>2026-01-28T21:35:56.405Z</Time><HeartRateBpm><Value>136</Value></HeartRateBpm><Extensions><TPX xmlns="http://www.garmin.com/xmlschemas/ActivityExtension/v2"><Speed>0.000000</Speed></TPX></Extensions></Trackpoint>
     <Trackpoint><Time>2026-01-28T21:35:57.433Z</Time><HeartRateBpm><Value>136</Value></HeartRateBpm><Extensions><TPX xmlns="http://www.garmin.com/xmlschemas/ActivityExtension/v2"><Speed>0.000000</Speed></TPX></Extensions></Trackpoint>
     <Trackpoint><Time>2026-01-28T21:35:58.433Z</Time><HeartRateBpm><Value>136</Value></HeartRateBpm><Extensions><TPX xmlns="http://www.garmin.com/xmlschemas/ActivityExtension/v2"><Speed>0.000000</Speed></TPX></Extensions></Trackpoint>
     <Trackpoint><Time>2026-01-28T21:36:00.295Z</Time><HeartRateBpm><Value>136</Value></HeartRateBpm><Extensions><TPX xmlns="http://www.garmin.com/xmlschemas/ActivityExtension/v2"><Speed>0.000000</Speed></TPX></Extensions></Trackpoint>
     <Trackpoint><Time>2026-01-28T21:36:01.433Z</Time><HeartRateBpm><Value>136</Value></HeartRateBpm><Extensions><TPX xmlns="http://www.garmin.com/xmlschemas/ActivityExtension/v2"><Speed>0.000000</Speed></TPX></Extensions></Trackpoint>
     <Trackpoint><Time>2026-01-28T21:36:02.846Z</Time><HeartRateBpm><Value>143</Value></HeartRateBpm><Extensions><TPX xmlns="http://www.garmin.com/xmlschemas/ActivityExtension/v2"><Speed>0.000000</Speed></TPX></Extensions></Trackpoint>
     <Trackpoint><Time>2026-01-28T21:36:04.433Z</Time><HeartRateBpm><Value>143</Value></HeartRateBpm><Extensions><TPX xmlns="http://www.garmin.com/xmlschemas/ActivityExtension/v2"><Speed>0.000000</Speed></TPX></Extensions></Trackpoint>
     <Trackpoint><Time>2026-01-28T21:36:06.433Z</Time><HeartRateBpm><Value>145</Value></HeartRateBpm><Extensions><TPX xmlns="http://www.garmin.com/xmlschemas/ActivityExtension/v2"><Speed>0.000000</Speed></TPX></Extensions></Trackpoint>
     <Trackpoint><Time>2026-01-28T21:36:07.949Z</Time><HeartRateBpm><Value>145</Value></HeartRateBpm><Extensions><TPX xmlns="http://www.garmin.com/xmlschemas/ActivityExtension/v2"><Speed>0.000000</Speed></TPX></Extensions></Trackpoint>
     <Trackpoint><Time>2026-01-28T21:36:09.433Z</Time><HeartRateBpm><Value>145</Value></HeartRateBpm><Extensions><TPX xmlns="http://www.garmin.com/xmlschemas/ActivityExtension/v2"><Speed>0.000000</Speed></TPX></Extensions></Trackpoint>
     <Trackpoint><Time>2026-01-28T21:36:10.493Z</Time><HeartRateBpm><Value>145</Value></HeartRateBpm><Extensions><TPX xmlns="http://www.garmin.com/xmlschemas/ActivityExtension/v2"><Speed>0.000000</Speed></TPX></Extensions></Trackpoint>
     <Trackpoint><Time>2026-01-28T21:36:12.433Z</Time><HeartRateBpm><Value>152</Value></HeartRateBpm><Extensions><TPX xmlns="http://www.garmin.com/xmlschemas/ActivityExtension/v2"><Speed>0.000000</Speed></TPX></Extensions></Trackpoint>
     <Trackpoint><Time>2026-01-28T21:36:13.433Z</Time><HeartRateBpm><Value>152</Value></HeartRateBpm><Extensions><TPX xmlns="http://www.garmin.com/xmlschemas/ActivityExtension/v2"><Speed>0.000000</Speed></TPX></Extensions></Trackpoint>
     <Trackpoint><Time>2026-01-28T21:36:15.433Z</Time><HeartRateBpm><Value>152</Value></HeartRateBpm><Extensions><TPX xmlns="http://www.garmin.com/xmlschemas/ActivityExtension/v2"><Speed>0.000000</Speed></TPX></Extensions></Trackpoint>
     <Trackpoint><Time>2026-01-28T21:36:16.433Z</Time><HeartRateBpm><Value>152</Value></HeartRateBpm><Extensions><TPX xmlns="http://www.garmin.com/xmlschemas/ActivityExtension/v2"><Speed>0.000000</Speed></TPX></Extensions></Trackpoint>
     <Trackpoint><Time>2026-01-28T21:36:18.157Z</Time><HeartRateBpm><Value>153</Value></HeartRateBpm><Extensions><TPX xmlns="http://www.garmin.com/xmlschemas/ActivityExtension/v2"><Speed>0.000000</Speed></TPX></Extensions></Trackpoint>
     <Trackpoint><Time>2026-01-28T21:36:19.433Z</Time><HeartRateBpm><Value>153</Value></HeartRateBpm><Extensions><TPX xmlns="http://www.garmin.com/xmlschemas/ActivityExtension/v2"><Speed>0.000000</Speed></TPX></Extensions></Trackpoint>
     <Trackpoint><Time>2026-01-28T21:36:20.433Z</Time><HeartRateBpm><Value>153</Value></HeartRateBpm><Extensions><TPX xmlns="http://www.garmin.com/xmlschemas/ActivityExtension/v2"><Speed>0.000000</Speed></TPX></Extensions></Trackpoint>
     <Trackpoint><Time>2026-01-28T21:36:22.433Z</Time><HeartRateBpm><Value>154</Value></HeartRateBpm><Extensions><TPX xmlns="http://www.garmin.com/xmlschemas/ActivityExtension/v2"><Speed>0.000000</Speed></TPX></Extensions></Trackpoint>
     <Trackpoint><Time>2026-01-28T21:36:24.433Z</Time><HeartRateBpm><Value>154</Value></HeartRateBpm><Extensions><TPX xmlns="http://www.garmin.com/xmlschemas/ActivityExtension/v2"><Speed>0.000000</Speed></TPX></Extensions></Trackpoint>
     <Trackpoint><Time>2026-01-28T21:36:25.787Z</Time><HeartRateBpm><Value>154</Value></HeartRateBpm><Extensions><TPX xmlns="http://www.garmin.com/xmlschemas/ActivityExtension/v2"><Speed>0.000000</Speed></TPX></Extensions></Trackpoint>
     <Trackpoint><Time>2026-01-28T21:36:26.972Z</Time><HeartRateBpm><Value>154</Value></HeartRateBpm><Extensions><TPX xmlns="http://www.garmin.com/xmlschemas/ActivityExtension/v2"><Speed>0.000000</Speed></TPX></Extensions></Trackpoint>
     <Trackpoint><Time>2026-01-28T21:36:28.346Z</Time><HeartRateBpm><Value>154</Value></HeartRateBpm><Extensions><TPX xmlns="http://www.garmin.com/xmlschemas/ActivityExtension/v2"><Speed>0.000000</Speed></TPX></Extensions></Trackpoint>
     <Trackpoint><Time>2026-01-28T21:36:29.433Z</Time><HeartRateBpm><Value>154</Value></HeartRateBpm><Extensions><TPX xmlns="http://www.garmin.com/xmlschemas/ActivityExtension/v2"><Speed>0.000000</Speed></TPX></Extensions></Trackpoint>
     <Trackpoint><Time>2026-01-28T21:36:30.433Z</Time><HeartRateBpm><Value>154</Value></HeartRateBpm><Extensions><TPX xmlns="http://www.garmin.com/xmlschemas/ActivityExtension/v2"><Speed>0.000000</Speed></TPX></Extensions></Trackpoint>
     <Trackpoint><Time>2026-01-28T21:36:32.432Z</Time><HeartRateBpm><Value>154</Value></HeartRateBpm><Extensions><TPX xmlns="http://www.garmin.com/xmlschemas/ActivityExtension/v2"><Speed>0.000000</Speed></TPX></Extensions></Trackpoint>
     <Trackpoint><Time>2026-01-28T21:36:33.433Z</Time><HeartRateBpm><Value>154</Value></HeartRateBpm><Extensions><TPX xmlns="http://www.garmin.com/xmlschemas/ActivityExtension/v2"><Speed>0.000000</Speed></TPX></Extensions></Trackpoint>
     <Trackpoint><Time>2026-01-28T21:36:34.433Z</Time><HeartRateBpm><Value>154</Value></HeartRateBpm><Extensions><TPX xmlns="http://www.garmin.com/xmlschemas/ActivityExtension/v2"><Speed>0.000000</Speed></TPX></Extensions></Trackpoint>
     <Trackpoint><Time>2026-01-28T21:36:35.984Z</Time><HeartRateBpm><Value>154</Value></HeartRateBpm><Extensions><TPX xmlns="http://www.garmin.com/xmlschemas/ActivityExtension/v2"><Speed>0.000000</Speed></TPX></Extensions></Trackpoint>
     <Trackpoint><Time>2026-01-28T21:36:37.435Z</Time><HeartRateBpm><Value>157</Value></HeartRateBpm><Extensions><TPX xmlns="http://www.garmin.com/xmlschemas/ActivityExtension/v2"><Speed>0.000000</Speed></TPX></Extensions></Trackpoint>
     <Trackpoint><Time>2026-01-28T21:36:38.530Z</Time><HeartRateBpm><Value>157</Value></HeartRateBpm><Extensions><TPX xmlns="http://www.garmin.com/xmlschemas/ActivityExtension/v2"><Speed>0.000000</Speed></TPX></Extensions></Trackpoint>
     <Trackpoint><Time>2026-01-28T21:36:40.433Z</Time><HeartRateBpm><Value>157</Value></HeartRateBpm><Extensions><TPX xmlns="http://www.garmin.com/xmlschemas/ActivityExtension/v2"><Speed>0.000000</Speed></TPX></Extensions></Trackpoint>
     <Trackpoint><Time>2026-01-28T21:36:42.433Z</Time><HeartRateBpm><Value>157</Value></HeartRateBpm><Extensions><TPX xmlns="http://www.garmin.com/xmlschemas/ActivityExtension/v2"><Speed>0.000000</Speed></TPX></Extensions></Trackpoint>
     <Trackpoint><Time>2026-01-28T21:36:43.433Z</Time><HeartRateBpm><Value>157</Value></HeartRateBpm><Extensions><TPX xmlns="http://www.garmin.com/xmlschemas/ActivityExtension/v2"><Speed>0.000000</Speed></TPX></Extensions></Trackpoint>
     <Trackpoint><Time>2026-01-28T21:36:45.433Z</Time><HeartRateBpm><Value>157</Value></HeartRateBpm><Extensions><TPX xmlns="http://www.garmin.com/xmlschemas/ActivityExtension/v2"><Speed>0.000000</Speed></TPX></Extensions></Trackpoint>
     <Trackpoint><Time>2026-01-28T21:36:47.433Z</Time><HeartRateBpm><Value>158</Value></HeartRateBpm><Extensions><TPX xmlns="http://www.garmin.com/xmlschemas/ActivityExtension/v2"><Speed>0.000000</Speed></TPX></Extensions></Trackpoint>
     <Trackpoint><Time>2026-01-28T21:36:48.727Z</Time><HeartRateBpm><Value>158</Value></HeartRateBpm><Extensions><TPX xmlns="http://www.garmin.com/xmlschemas/ActivityExtension/v2"><Speed>0.000000</Speed></TPX></Extensions></Trackpoint>
     <Trackpoint><Time>2026-01-28T21:36:50.432Z</Time><HeartRateBpm><Value>158</Value></HeartRateBpm><Extensions><TPX xmlns="http://www.garmin.com/xmlschemas/ActivityExtension/v2"><Speed>0.000000</Speed></TPX></Extensions></Trackpoint>
     <Trackpoint><Time>2026-01-28T21:36:51.432Z</Time><HeartRateBpm><Value>156</Value></HeartRateBpm><Extensions><TPX xmlns="http://www.garmin.com/xmlschemas/ActivityExtension/v2"><Speed>0.000000</Speed></TPX></Extensions></Trackpoint>
     <Trackpoint><Time>2026-01-28T21:36:52.433Z</Time><HeartRateBpm><Value>156</Value></HeartRateBpm><Extensions><TPX xmlns="http://www.garmin.com/xmlschemas/ActivityExtension/v2"><Speed>0.000000</Speed></TPX></Extensions></Trackpoint>
     <Trackpoint><Time>2026-01-28T21:36:53.433Z</Time><HeartRateBpm><Value>156</Value></HeartRateBpm><Extensions><TPX xmlns="http://www.garmin.com/xmlschemas/ActivityExtension/v2"><Speed>0.000000</Speed></TPX></Extensions></Trackpoint>
     <Trackpoint><Time>2026-01-28T21:36:55.433Z</Time><HeartRateBpm><Value>156</Value></HeartRateBpm><Extensions><TPX xmlns="http://www.garmin.com/xmlschemas/ActivityExtension/v2"><Speed>0.000000</Speed></TPX></Extensions></Trackpoint>
     <Trackpoint><Time>2026-01-28T21:36:57.433Z</Time><HeartRateBpm><Value>154</Value></HeartRateBpm><Extensions><TPX xmlns="http://www.garmin.com/xmlschemas/ActivityExtension/v2"><Speed>0.000000</Speed></TPX></Extensions></Trackpoint>
     <Trackpoint><Time>2026-01-28T21:36:58.921Z</Time><HeartRateBpm><Value>154</Value></HeartRateBpm><Extensions><TPX xmlns="http://www.garmin.com/xmlschemas/ActivityExtension/v2"><Speed>0.000000</Speed></TPX></Extensions></Trackpoint>
     <Trackpoint><Time>2026-01-28T21:37:00.433Z</Time><HeartRateBpm><Value>154</Value></HeartRateBpm><Extensions><TPX xmlns="http://www.garmin.com/xmlschemas/ActivityExtension/v2"><Speed>0.000000</Speed></TPX></Extensions></Trackpoint>
     <Trackpoint><Time>2026-01-28T21:37:01.433Z</Time><HeartRateBpm><Value>152</Value></HeartRateBpm><Extensions><TPX xmlns="http://www.garmin.com/xmlschemas/ActivityExtension/v2"><Speed>0.000000</Speed></TPX></Extensions></Trackpoint>
     <Trackpoint><Time>2026-01-28T21:37:03.433Z</Time><HeartRateBpm><Value>152</Value></HeartRateBpm><Extensions><TPX xmlns="http://www.garmin.com/xmlschemas/ActivityExtension/v2"><Speed>0.000000</Speed></TPX></Extensions></Trackpoint>
     <Trackpoint><Time>2026-01-28T21:37:05.433Z</Time><HeartRateBpm><Value>152</Value></HeartRateBpm><Extensions><TPX xmlns="http://www.garmin.com/xmlschemas/ActivityExtension/v2"><Speed>0.000000</Speed></TPX></Extensions></Trackpoint>
     <Trackpoint><Time>2026-01-28T21:37:06.441Z</Time><HeartRateBpm><Value>151</Value></HeartRateBpm><Extensions><TPX xmlns="http://www.garmin.com/xmlschemas/ActivityExtension/v2"><Speed>0.000000</Speed></TPX></Extensions></Trackpoint>
     <Trackpoint><Time>2026-01-28T21:37:08.433Z</Time><HeartRateBpm><Value>151</Value></HeartRateBpm><Extensions><TPX xmlns="http://www.garmin.com/xmlschemas/ActivityExtension/v2"><Speed>0.000000</Speed></TPX></Extensions></Trackpoint>
     <Trackpoint><Time>2026-01-28T21:37:09.433Z</Time><HeartRateBpm><Value>151</Value></HeartRateBpm><Extensions><TPX xmlns="http://www.garmin.com/xmlschemas/ActivityExtension/v2"><Speed>0.000000</Speed></TPX></Extensions></Trackpoint>
     <Trackpoint><Time>2026-01-28T21:37:10.433Z</Time><HeartRateBpm><Value>151</Value></HeartRateBpm><Extensions><TPX xmlns="http://www.garmin.com/xmlschemas/ActivityExtension/v2"><Speed>0.000000</Speed></TPX></Extensions></Trackpoint>
     <Trackpoint><Time>2026-01-28T21:37:11.670Z</Time><HeartRateBpm><Value>151</Value></HeartRateBpm><Extensions><TPX xmlns="http://www.garmin.com/xmlschemas/ActivityExtension/v2"><Speed>0.000000</Speed></TPX></Extensions></Trackpoint>
     <Trackpoint><Time>2026-01-28T21:37:13.433Z</Time><HeartRateBpm><Value>151</Value></HeartRateBpm><Extensions><TPX xmlns="http://www.garmin.com/xmlschemas/ActivityExtension/v2"><Speed>0.000000</Speed></TPX></Extensions></Trackpoint>
     <Trackpoint><Time>2026-01-28T21:37:14.433Z</Time><HeartRateBpm><Value>151</Value></HeartRateBpm><Extensions><TPX xmlns="http://www.garmin.com/xmlschemas/ActivityExtension/v2"><Speed>0.000000</Speed></TPX></Extensions></Trackpoint>
     <Trackpoint><Time>2026-01-28T21:37:16.433Z</Time><HeartRateBpm><Value>151</Value></HeartRateBpm><Extensions><TPX xmlns="http://www.garmin.com/xmlschemas/ActivityExtension/v2"><Speed>0.000000</Speed></TPX></Extensions></Trackpoint>
     <Trackpoint><Time>2026-01-28T21:37:17.433Z</Time><HeartRateBpm><Value>149</Value></HeartRateBpm><Extensions><TPX xmlns="http://www.garmin.com/xmlschemas/ActivityExtension/v2"><Speed>0.000000</Speed></TPX></Extensions></Trackpoint>
     <Trackpoint><Time>2026-01-28T21:37:18.433Z</Time><HeartRateBpm><Value>149</Value></HeartRateBpm><Extensions><TPX xmlns="http://www.garmin.com/xmlschemas/ActivityExtension/v2"><Speed>0.000000</Speed></TPX></Extensions></Trackpoint>
     <Trackpoint><Time>2026-01-28T21:37:20.433Z</Time><HeartRateBpm><Value>149</Value></HeartRateBpm><Extensions><TPX xmlns="http://www.garmin.com/xmlschemas/ActivityExtension/v2"><Speed>0.000000</Speed></TPX></Extensions></Trackpoint>
     <Trackpoint><Time>2026-01-28T21:37:21.868Z</Time><HeartRateBpm><Value>149</Value></HeartRateBpm><Extensions><TPX xmlns="http://www.garmin.com/xmlschemas/ActivityExtension/v2"><Speed>0.000000</Speed></TPX></Extensions></Trackpoint>
     <Trackpoint><Time>2026-01-28T21:37:23.433Z</Time><HeartRateBpm><Value>149</Value></HeartRateBpm><Extensions><TPX xmlns="http://www.garmin.com/xmlschemas/ActivityExtension/v2"><Speed>0.000000</Speed></TPX></Extensions></Trackpoint>
     <Trackpoint><Time>2026-01-28T21:37:24.433Z</Time><HeartRateBpm><Value>149</Value></HeartRateBpm><Extensions><TPX xmlns="http://www.garmin.com/xmlschemas/ActivityExtension/v2"><Speed>0.000000</Speed></TPX></Extensions></Trackpoint>
     <Trackpoint><Time>2026-01-28T21:37:25.433Z</Time><HeartRateBpm><Value>149</Value></HeartRateBpm><Extensions><TPX xmlns="http://www.garmin.com/xmlschemas/ActivityExtension/v2"><Speed>0.000000</Speed></TPX></Extensions></Trackpoint>
     <Trackpoint><Time>2026-01-28T21:37:26.437Z</Time><HeartRateBpm><Value>149</Value></HeartRateBpm><Extensions><TPX xmlns="http://www.garmin.com/xmlschemas/ActivityExtension/v2"><Speed>0.000000</Speed></TPX></Extensions></Trackpoint>
     <Trackpoint><Time>2026-01-28T21:37:28.433Z</Time><HeartRateBpm><Value>149</Value></HeartRateBpm><Extensions><TPX xmlns="http://www.garmin.com/xmlschemas/ActivityExtension/v2"><Speed>0.000000</Speed></TPX></Extensions></Trackpoint>
     <Trackpoint><Time>2026-01-28T21:37:29.433Z</Time><HeartRateBpm><Value>149</Value></HeartRateBpm><Extensions><TPX xmlns="http://www.garmin.com/xmlschemas/ActivityExtension/v2"><Speed>0.000000</Speed></TPX></Extensions></Trackpoint>
     <Trackpoint><Time>2026-01-28T21:37:31.437Z</Time><HeartRateBpm><Value>149</Value></HeartRateBpm><Extensions><TPX xmlns="http://www.garmin.com/xmlschemas/ActivityExtension/v2"><Speed>0.000000</Speed></TPX></Extensions></Trackpoint>
    </Track>
   </Lap>
   <Lap StartTime="2026-01-28T21:37:33.433Z">
    <TotalTimeSeconds>305</TotalTimeSeconds>
    <AverageHeartRateBpm><Value>141</Value></AverageHeartRateBpm>
    <MaximumHeartRateBpm><Value>158</Value></MaximumHeartRateBpm>
    <Calories>58</Calories>
    <Track>
     <Trackpoint><Time>2026-01-28T21:37:33.433Z</Time><HeartRateBpm><Value>146</Value></HeartRateBpm><Extensions><TPX xmlns="http://www.garmin.com/xmlschemas/ActivityExtension/v2"><Speed>0.000000</Speed></TPX></Extensions></Trackpoint>
     <Trackpoint><Time>2026-01-28T21:37:34.610Z</Time><HeartRateBpm><Value>146</Value></HeartRateBpm><Extensions><TPX xmlns="http://www.garmin.com/xmlschemas/ActivityExtension/v2"><Speed>0.000000</Speed></TPX></Extensions></Trackpoint>
     <Trackpoint><Time>2026-01-28T21:37:36.433Z</Time><HeartRateBpm><Value>146</Value></HeartRateBpm><Extensions><TPX xmlns="http://www.garmin.com/xmlschemas/ActivityExtension/v2"><Speed>0.000000</Speed></TPX></Extensions></Trackpoint>
     <Trackpoint><Time>2026-01-28T21:37:37.433Z</Time><HeartRateBpm><Value>144</Value></HeartRateBpm><Extensions><TPX xmlns="http://www.garmin.com/xmlschemas/ActivityExtension/v2"><Speed>0.000000</Speed></TPX></Extensions></Trackpoint>
     <Trackpoint><Time>2026-01-28T21:37:38.433Z</Time><HeartRateBpm><Value>144</Value></HeartRateBpm><Extensions><TPX xmlns="http://www.garmin.com/xmlschemas/ActivityExtension/v2"><Speed>0.000000</Speed></TPX></Extensions></Trackpoint>
     <Trackpoint><Time>2026-01-28T21:37:39.705Z</Time><HeartRateBpm><Value>144</Value></HeartRateBpm><Extensions><TPX xmlns="http://www.garmin.com/xmlschemas/ActivityExtension/v2"><Speed>0.000000</Speed></TPX></Extensions></Trackpoint>
     <Trackpoint><Time>2026-01-28T21:37:41.404Z</Time><HeartRateBpm><Value>143</Value></HeartRateBpm><Extensions><TPX xmlns="http://www.garmin.com/xmlschemas/ActivityExtension/v2"><Speed>0.000000</Speed></TPX></Extensions></Trackpoint>
     <Trackpoint><Time>2026-01-28T21:37:42.433Z</Time><HeartRateBpm><Value>143</Value></HeartRateBpm><Extensions><TPX xmlns="http://www.garmin.com/xmlschemas/ActivityExtension/v2"><Speed>0.000000</Speed></TPX></Extensions></Trackpoint>
     <Trackpoint><Time>2026-01-28T21:37:43.433Z</Time><HeartRateBpm><Value>143</Value></HeartRateBpm><Extensions><TPX xmlns="http://www.garmin.com/xmlschemas/ActivityExtension/v2"><Speed>0.000000</Speed></TPX></Extensions></Trackpoint>
     <Trackpoint><Time>2026-01-28T21:37:44.800Z</Time><HeartRateBpm><Value>143</Value></HeartRateBpm><Extensions><TPX xmlns="http://www.garmin.com/xmlschemas/ActivityExtension/v2"><Speed>0.000000</Speed></TPX></Extensions></Trackpoint>
     <Trackpoint><Time>2026-01-28T21:37:46.411Z</Time><HeartRateBpm><Value>148</Value></HeartRateBpm><Extensions><TPX xmlns="http://www.garmin.com/xmlschemas/ActivityExtension/v2"><Speed>0.000000</Speed></TPX></Extensions></Trackpoint>
     <Trackpoint><Time>2026-01-28T21:37:47.433Z</Time><HeartRateBpm><Value>148</Value></HeartRateBpm><Extensions><TPX xmlns="http://www.garmin.com/xmlschemas/ActivityExtension/v2"><Speed>0.000000</Speed></TPX></Extensions></Trackpoint>
     <Trackpoint><Time>2026-01-28T21:37:49.433Z</Time><HeartRateBpm><Value>148</Value></HeartRateBpm><Extensions><TPX xmlns="http://www.garmin.com/xmlschemas/ActivityExtension/v2"><Speed>0.000000</Speed></TPX></Extensions></Trackpoint>
     <Trackpoint><Time>2026-01-28T21:37:50.433Z</Time><HeartRateBpm><Value>148</Value></HeartRateBpm><Extensions><TPX xmlns="http://www.garmin.com/xmlschemas/ActivityExtension/v2"><Speed>0.000000</Speed></TPX></Extensions></Trackpoint>
     <Trackpoint><Time>2026-01-28T21:37:52.433Z</Time><HeartRateBpm><Value>149</Value></HeartRateBpm><Extensions><TPX xmlns="http://www.garmin.com/xmlschemas/ActivityExtension/v2"><Speed>0.000000</Speed></TPX></Extensions></Trackpoint>
     <Trackpoint><Time>2026-01-28T21:37:53.433Z</Time><HeartRateBpm><Value>149</Value></HeartRateBpm><Extensions><TPX xmlns="http://www.garmin.com/xmlschemas/ActivityExtension/v2"><Speed>0.000000</Speed></TPX></Extensions></Trackpoint>
     <Trackpoint><Time>2026-01-28T21:37:54.433Z</Time><HeartRateBpm><Value>149</Value></HeartRateBpm><Extensions><TPX xmlns="http://www.garmin.com/xmlschemas/ActivityExtension/v2"><Speed>0.000000</Speed></TPX></Extensions></Trackpoint>
     <Trackpoint><Time>2026-01-28T21:37:56.415Z</Time><HeartRateBpm><Value>146</Value></HeartRateBpm><Extensions><TPX xmlns="http://www.garmin.com/xmlschemas/ActivityExtension/v2"><Speed>0.000000</Speed></TPX></Extensions></Trackpoint>
     <Trackpoint><Time>2026-01-28T21:37:57.433Z</Time><HeartRateBpm><Value>146</Value></HeartRateBpm><Extensions><TPX xmlns="http://www.garmin.com/xmlschemas/ActivityExtension/v2"><Speed>0.000000</Speed></TPX></Extensions></Trackpoint>
     <Trackpoint><Time>2026-01-28T21:37:59.433Z</Time><HeartRateBpm><Value>146</Value></HeartRateBpm><Extensions><TPX xmlns="http://www.garmin.com/xmlschemas/ActivityExtension/v2"><Speed>0.000000</Speed></TPX></Extensions></Trackpoint>
     <Trackpoint><Time>2026-01-28T21:38:00.433Z</Time><HeartRateBpm><Value>146</Value></HeartRateBpm><Extensions><TPX xmlns="http://www.garmin.com/xmlschemas/ActivityExtension/v2"><Speed>0.000000</Speed></TPX></Extensions></Trackpoint>
     <Trackpoint><Time>2026-01-28T21:38:02.433Z</Time><HeartRateBpm><Value>146</Value></HeartRateBpm><Extensions><TPX xmlns="http://www.garmin.com/xmlschemas/ActivityExtension/v2"><Speed>0.000000</Speed></TPX></Extensions></Trackpoint>
     <Trackpoint><Time>2026-01-28T21:38:04.433Z</Time><HeartRateBpm><Value>146</Value></HeartRateBpm><Extensions><TPX xmlns="http://www.garmin.com/xmlschemas/ActivityExtension/v2"><Speed>0.000000</Speed></TPX></Extensions></Trackpoint>
     <Trackpoint><Time>2026-01-28T21:38:06.433Z</Time><HeartRateBpm><Value>146</Value></HeartRateBpm><Extensions><TPX xmlns="http://www.garmin.com/xmlschemas/ActivityExtension/v2"><Speed>0.000000</Speed></TPX></Extensions></Trackpoint>
     <Trackpoint><Time>2026-01-28T21:38:07.743Z</Time><HeartRateBpm><Value>152</Value></HeartRateBpm><Extensions><TPX xmlns="http://www.garmin.com/xmlschemas/ActivityExtension/v2"><Speed>0.000000</Speed></TPX></Extensions></Trackpoint>
     <Trackpoint><Time>2026-01-28T21:38:09.433Z</Time><HeartRateBpm><Value>152</Value></HeartRateBpm><Extensions><TPX xmlns="http://www.garmin.com/xmlschemas/ActivityExtension/v2"><Speed>0.000000</Speed></TPX></Extensions></Trackpoint>
     <Trackpoint><Time>2026-01-28T21:38:11.433Z</Time><HeartRateBpm><Value>152</Value></HeartRateBpm><Extensions><TPX xmlns="http://www.garmin.com/xmlschemas/ActivityExtension/v2"><Speed>0.000000</Speed></TPX></Extensions></Trackpoint>
     <Trackpoint><Time>2026-01-28T21:38:12.433Z</Time><HeartRateBpm><Value>153</Value></HeartRateBpm><Extensions><TPX xmlns="http://www.garmin.com/xmlschemas/ActivityExtension/v2"><Speed>0.000000</Speed></TPX></Extensions></Trackpoint>
     <Trackpoint><Time>2026-01-28T21:38:14.433Z</Time><HeartRateBpm><Value>153</Value></HeartRateBpm><Extensions><TPX xmlns="http://www.garmin.com/xmlschemas/ActivityExtension/v2"><Speed>0.000000</Speed></TPX></Extensions></Trackpoint>
     <Trackpoint><Time>2026-01-28T21:38:16.416Z</Time><HeartRateBpm><Value>153</Value></HeartRateBpm><Extensions><TPX xmlns="http://www.garmin.com/xmlschemas/ActivityExtension/v2"><Speed>0.000000</Speed></TPX></Extensions></Trackpoint>
     <Trackpoint><Time>2026-01-28T21:38:17.433Z</Time><HeartRateBpm><Value>153</Value></HeartRateBpm><Extensions><TPX xmlns="http://www.garmin.com/xmlschemas/ActivityExtension/v2"><Speed>0.000000</Speed></TPX></Extensions></Trackpoint>
     <Trackpoint><Time>2026-01-28T21:38:19.433Z</Time><HeartRateBpm><Value>153</Value></HeartRateBpm><Extensions><TPX xmlns="http://www.garmin.com/xmlschemas/ActivityExtension/v2"><Speed>0.000000</Speed></TPX></Extensions></Trackpoint>
     <Trackpoint><Time>2026-01-28T21:38:20.490Z</Time><HeartRateBpm><Value>153</Value></HeartRateBpm><Extensions><TPX xmlns="http://www.garmin.com/xmlschemas/ActivityExtension/v2"><Speed>0.000000</Speed></TPX></Extensions></Trackpoint>
     <Trackpoint><Time>2026-01-28T21:38:22.433Z</Time><HeartRateBpm><Value>153</Value></HeartRateBpm><Extensions><TPX xmlns="http://www.garmin.com/xmlschemas/ActivityExtension/v2"><Speed>0.000000</Speed></TPX></Extensions></Trackpoint>
     <Trackpoint><Time>2026-01-28T21:38:24.432Z</Time><HeartRateBpm><Value>153</Value></HeartRateBpm><Extensions><TPX xmlns="http://www.garmin.com/xmlschemas/ActivityExtension/v2"><Speed>0.000000</Speed></TPX></Extensions></Trackpoint>
     <Trackpoint><Time>2026-01-28T21:38:25.433Z</Time><HeartRateBpm><Value>153</Value></HeartRateBpm><Extensions><TPX xmlns="http://www.garmin.com/xmlschemas/ActivityExtension/v2"><Speed>0.000000</Speed></TPX></Extensions></Trackpoint>
     <Trackpoint><Time>2026-01-28T21:38:27.433Z</Time><HeartRateBpm><Value>153</Value></HeartRateBpm><Extensions><TPX xmlns="http://www.garmin.com/xmlschemas/ActivityExtension/v2"><Speed>0.000000</Speed></TPX></Extensions></Trackpoint>
     <Trackpoint><Time>2026-01-28T21:38:28.433Z</Time><HeartRateBpm><Value>153</Value></HeartRateBpm><Extensions><TPX xmlns="http://www.garmin.com/xmlschemas/ActivityExtension/v2"><Speed>0.000000</Speed></TPX></Extensions></Trackpoint>
     <Trackpoint><Time>2026-01-28T21:38:29.433Z</Time><HeartRateBpm><Value>153</Value></HeartRateBpm><Extensions><TPX xmlns="http://www.garmin.com/xmlschemas/ActivityExtension/v2"><Speed>0.000000</Speed></TPX></Extensions></Trackpoint>
     <Trackpoint><Time>2026-01-28T21:38:30.688Z</Time><HeartRateBpm><Value>153</Value></HeartRateBpm><Extensions><TPX xmlns="http://www.garmin.com/xmlschemas/ActivityExtension/v2"><Speed>0.000000</Speed></TPX></Extensions></Trackpoint>
     <Trackpoint><Time>2026-01-28T21:38:32.433Z</Time><HeartRateBpm><Value>155</Value></HeartRateBpm><Extensions><TPX xmlns="http://www.garmin.com/xmlschemas/ActivityExtension/v2"><Speed>0.000000</Speed></TPX></Extensions></Trackpoint>
     <Trackpoint><Time>2026-01-28T21:38:34.433Z</Time><HeartRateBpm><Value>155</Value></HeartRateBpm><Extensions><TPX xmlns="http://www.garmin.com/xmlschemas/ActivityExtension/v2"><Speed>0.000000</Speed></TPX></Extensions></Trackpoint>
     <Trackpoint><Time>2026-01-28T21:38:35.433Z</Time><HeartRateBpm><Value>155</Value></HeartRateBpm><Extensions><TPX xmlns="http://www.garmin.com/xmlschemas/ActivityExtension/v2"><Speed>0.000000</Speed></TPX></Extensions></Trackpoint>
     <Trackpoint><Time>2026-01-28T21:38:36.433Z</Time><HeartRateBpm><Value>155</Value></HeartRateBpm><Extensions><TPX xmlns="http://www.garmin.com/xmlschemas/ActivityExtension/v2"><Speed>0.000000</Speed></TPX></Extensions></Trackpoint>
     <Trackpoint><Time>2026-01-28T21:38:38.335Z</Time><HeartRateBpm><Value>157</Value></HeartRateBpm><Extensions><TPX xmlns="http://www.garmin.com/xmlschemas/ActivityExtension/v2"><Speed>0.000000</Speed></TPX></Extensions></Trackpoint>
     <Trackpoint><Time>2026-01-28T21:38:39.433Z</Time><HeartRateBpm><Value>157</Value></HeartRateBpm><Extensions><TPX xmlns="http://www.garmin.com/xmlschemas/ActivityExtension/v2"><Speed>0.000000</Speed></TPX></Extensions></Trackpoint>
     <Trackpoint><Time>2026-01-28T21:38:40.888Z</Time><HeartRateBpm><Value>157</Value></HeartRateBpm><Extensions><TPX xmlns="http://www.garmin.com/xmlschemas/ActivityExtension/v2"><Speed>0.000000</Speed></TPX></Extensions></Trackpoint>
     <Trackpoint><Time>2026-01-28T21:38:42.433Z</Time><HeartRateBpm><Value>158</Value></HeartRateBpm><Extensions><TPX xmlns="http://www.garmin.com/xmlschemas/ActivityExtension/v2"><Speed>0.000000</Speed></TPX></Extensions></Trackpoint>
     <Trackpoint><Time>2026-01-28T21:38:44.433Z</Time><HeartRateBpm><Value>158</Value></HeartRateBpm><Extensions><TPX xmlns="http://www.garmin.com/xmlschemas/ActivityExtension/v2"><Speed>0.000000</Speed></TPX></Extensions></Trackpoint>
     <Trackpoint><Time>2026-01-28T21:38:45.433Z</Time><HeartRateBpm><Value>158</Value></HeartRateBpm><Extensions><TPX xmlns="http://www.garmin.com/xmlschemas/ActivityExtension/v2"><Speed>0.000000</Speed></TPX></Extensions></Trackpoint>
     <Trackpoint><Time>2026-01-28T21:38:47.433Z</Time><HeartRateBpm><Value>158</Value></HeartRateBpm><Extensions><TPX xmlns="http://www.garmin.com/xmlschemas/ActivityExtension/v2"><Speed>0.000000</Speed></TPX></Extensions></Trackpoint>
     <Trackpoint><Time>2026-01-28T21:38:48.433Z</Time><HeartRateBpm><Value>158</Value></HeartRateBpm><Extensions><TPX xmlns="http://www.garmin.com/xmlschemas/ActivityExtension/v2"><Speed>0.000000</Speed></TPX></Extensions></Trackpoint>
     <Trackpoint><Time>2026-01-28T21:38:50.433Z</Time><HeartRateBpm><Value>158</Value></HeartRateBpm><Extensions><TPX xmlns="http://www.garmin.com/xmlschemas/ActivityExtension/v2"><Speed>0.000000</Speed></TPX></Extensions></Trackpoint>
     <Trackpoint><Time>2026-01-28T21:38:52.433Z</Time><HeartRateBpm><Value>157</Value></HeartRateBpm><Extensions><TPX xmlns="http://www.garmin.com/xmlschemas/ActivityExtension/v2"><Speed>0.000000</Speed></TPX></Extensions></Trackpoint>
     <Trackpoint><Time>2026-01-28T21:38:53.631Z</Time><HeartRateBpm><Value>157</Value></HeartRateBpm><Extensions><TPX xmlns="http://www.garmin.com/xmlschemas/ActivityExtension/v2"><Speed>0.000000</Speed></TPX></Extensions></Trackpoint>
     <Trackpoint><Time>2026-01-28T21:38:55.433Z</Time><HeartRateBpm><Value>157</Value></HeartRateBpm><Extensions><TPX xmlns="http://www.garmin.com/xmlschemas/ActivityExtension/v2"><Speed>0.000000</Speed></TPX></Extensions></Trackpoint>
     <Trackpoint><Time>2026-01-28T21:38:57.433Z</Time><HeartRateBpm><Value>153</Value></HeartRateBpm><Extensions><TPX xmlns="http://www.garmin.com/xmlschemas/ActivityExtension/v2"><Speed>0.000000</Speed></TPX></Extensions></Trackpoint>
     <Trackpoint><Time>2026-01-28T21:38:58.433Z</Time><HeartRateBpm><Value>153</Value></HeartRateBpm><Extensions><TPX xmlns="http://www.garmin.com/xmlschemas/ActivityExtension/v2"><Speed>0.000000</Speed></TPX></Extensions></Trackpoint>
     <Trackpoint><Time>2026-01-28T21:39:00.433Z</Time><HeartRateBpm><Value>153</Value></HeartRateBpm><Extensions><TPX xmlns="http://www.garmin.com/xmlschemas/ActivityExtension/v2"><Speed>0.000000</Speed></TPX></Extensions></Trackpoint>
     <Trackpoint><Time>2026-01-28T21:39:02.433Z</Time><HeartRateBpm><Value>149</Value></HeartRateBpm><Extensions><TPX xmlns="http://www.garmin.com/xmlschemas/ActivityExtension/v2"><Speed>0.000000</Speed></TPX></Extensions></Trackpoint>
     <Trackpoint><Time>2026-01-28T21:39:03.826Z</Time><HeartRateBpm><Value>149</Value></HeartRateBpm><Extensions><TPX xmlns="http://www.garmin.com/xmlschemas/ActivityExtension/v2"><Speed>0.000000</Speed></TPX></Extensions></Trackpoint>
     <Trackpoint><Time>2026-01-28T21:39:05.433Z</Time><HeartRateBpm><Value>149</Value></HeartRateBpm><Extensions><TPX xmlns="http://www.garmin.com/xmlschemas/ActivityExtension/v2"><Speed>0.000000</Speed></TPX></Extensions></Trackpoint>
     <Trackpoint><Time>2026-01-28T21:39:07.433Z</Time><HeartRateBpm><Value>147</Value></HeartRateBpm><Extensions><TPX xmlns="http://www.garmin.com/xmlschemas/ActivityExtension/v2"><Speed>0.000000</Speed></TPX></Extensions></Trackpoint>
     <Trackpoint><Time>2026-01-28T21:39:08.925Z</Time><HeartRateBpm><Value>147</Value></HeartRateBpm><Extensions><TPX xmlns="http://www.garmin.com/xmlschemas/ActivityExtension/v2"><Speed>0.000000</Speed></TPX></Extensions></Trackpoint>
     <Trackpoint><Time>2026-01-28T21:39:10.433Z</Time><HeartRateBpm><Value>147</Value></HeartRateBpm><Extensions><TPX xmlns="http://www.garmin.com/xmlschemas/ActivityExtension/v2"><Speed>0.000000</Speed></TPX></Extensions></Trackpoint>
     <Trackpoint><Time>2026-01-28T21:39:12.433Z</Time><HeartRateBpm><Value>146</Value></HeartRateBpm><Extensions><TPX xmlns="http://www.garmin.com/xmlschemas/ActivityExtension/v2"><Speed>0.000000</Speed></TPX></Extensions></Trackpoint>
     <Trackpoint><Time>2026-01-28T21:39:14.019Z</Time><HeartRateBpm><Value>146</Value></HeartRateBpm><Extensions><TPX xmlns="http://www.garmin.com/xmlschemas/ActivityExtension/v2"><Speed>0.000000</Speed></TPX></Extensions></Trackpoint>
     <Trackpoint><Time>2026-01-28T21:39:15.432Z</Time><HeartRateBpm><Value>146</Value></HeartRateBpm><Extensions><TPX xmlns="http://www.garmin.com/xmlschemas/ActivityExtension/v2"><Speed>0.000000</Speed></TPX></Extensions></Trackpoint>
     <Trackpoint><Time>2026-01-28T21:39:16.471Z</Time><HeartRateBpm><Value>143</Value></HeartRateBpm><Extensions><TPX xmlns="http://www.garmin.com/xmlschemas/ActivityExtension/v2"><Speed>0.000000</Speed></TPX></Extensions></Trackpoint>
     <Trackpoint><Time>2026-01-28T21:39:18.432Z</Time><HeartRateBpm><Value>143</Value></HeartRateBpm><Extensions><TPX xmlns="http://www.garmin.com/xmlschemas/ActivityExtension/v2"><Speed>0.000000</Speed></TPX></Extensions></Trackpoint>
     <Trackpoint><Time>2026-01-28T21:39:19.432Z</Time><HeartRateBpm><Value>143</Value></HeartRateBpm><Extensions><TPX xmlns="http://www.garmin.com/xmlschemas/ActivityExtension/v2"><Speed>0.000000</Speed></TPX></Extensions></Trackpoint>
     <Trackpoint><Time>2026-01-28T21:39:21.432Z</Time><HeartRateBpm><Value>143</Value></HeartRateBpm><Extensions><TPX xmlns="http://www.garmin.com/xmlschemas/ActivityExtension/v2"><Speed>0.000000</Speed></TPX></Extensions></Trackpoint>
     <Trackpoint><Time>2026-01-28T21:39:22.432Z</Time><HeartRateBpm><Value>142</Value></HeartRateBpm><Extensions><TPX xmlns="http://www.garmin.com/xmlschemas/ActivityExtension/v2"><Speed>0.000000</Speed></TPX></Extensions></Trackpoint>
     <Trackpoint><Time>2026-01-28T21:39:23.433Z</Time><HeartRateBpm><Value>142</Value></HeartRateBpm><Extensions><TPX xmlns="http://www.garmin.com/xmlschemas/ActivityExtension/v2"><Speed>0.000000</Speed></TPX></Extensions></Trackpoint>
     <Trackpoint><Time>2026-01-28T21:39:25.433Z</Time><HeartRateBpm><Value>142</Value></HeartRateBpm><Extensions><TPX xmlns="http://www.garmin.com/xmlschemas/ActivityExtension/v2"><Speed>0.000000</Speed></TPX></Extensions></Trackpoint>
     <Trackpoint><Time>2026-01-28T21:39:26.433Z</Time><HeartRateBpm><Value>142</Value></HeartRateBpm><Extensions><TPX xmlns="http://www.garmin.com/xmlschemas/ActivityExtension/v2"><Speed>0.000000</Speed></TPX></Extensions></Trackpoint>
     <Trackpoint><Time>2026-01-28T21:39:28.432Z</Time><HeartRateBpm><Value>143</Value></HeartRateBpm><Extensions><TPX xmlns="http://www.garmin.com/xmlschemas/ActivityExtension/v2"><Speed>0.000000</Speed></TPX></Extensions></Trackpoint>
     <Trackpoint><Time>2026-01-28T21:39:30.433Z</Time><HeartRateBpm><Value>143</Value></HeartRateBpm><Extensions><TPX xmlns="http://www.garmin.com/xmlschemas/ActivityExtension/v2"><Speed>0.000000</Speed></TPX></Extensions></Trackpoint>
     <Trackpoint><Time>2026-01-28T21:39:31.870Z</Time><HeartRateBpm><Value>144</Value></HeartRateBpm><Extensions><TPX xmlns="http://www.garmin.com/xmlschemas/ActivityExtension/v2"><Speed>0.000000</Speed></TPX></Extensions></Trackpoint>
     <Trackpoint><Time>2026-01-28T21:39:33.432Z</Time><HeartRateBpm><Value>144</Value></HeartRateBpm><Extensions><TPX xmlns="http://www.garmin.com/xmlschemas/ActivityExtension/v2"><Speed>0.000000</Speed></TPX></Extensions></Trackpoint>
     <Trackpoint><Time>2026-01-28T21:39:35.433Z</Time><HeartRateBpm><Value>144</Value></HeartRateBpm><Extensions><TPX xmlns="http://www.garmin.com/xmlschemas/ActivityExtension/v2"><Speed>0.000000</Speed></TPX></Extensions></Trackpoint>
     <Trackpoint><Time>2026-01-28T21:39:36.433Z</Time><HeartRateBpm><Value>144</Value></HeartRateBpm><Extensions><TPX xmlns="http://www.garmin.com/xmlschemas/ActivityExtension/v2"><Speed>0.000000</Speed></TPX></Extensions></Trackpoint>
     <Trackpoint><Time>2026-01-28T21:39:38.432Z</Time><HeartRateBpm><Value>145</Value></HeartRateBpm><Extensions><TPX xmlns="http://www.garmin.com/xmlschemas/ActivityExtension/v2"><Speed>0.000000</Speed></TPX></Extensions></Trackpoint>
     <Trackpoint><Time>2026-01-28T21:39:39.507Z</Time><HeartRateBpm><Value>145</Value></HeartRateBpm><Extensions><TPX xmlns="http://www.garmin.com/xmlschemas/ActivityExtension/v2"><Speed>0.000000</Speed></TPX></Extensions></Trackpoint>
     <Trackpoint><Time>2026-01-28T21:39:41.405Z</Time><HeartRateBpm><Value>146</Value></HeartRateBpm><Extensions><TPX xmlns="http://www.garmin.com/xmlschemas/ActivityExtension/v2"><Speed>0.000000</Speed></TPX></Extensions></Trackpoint>
     <Trackpoint><Time>2026-01-28T21:39:42.432Z</Time><HeartRateBpm><Value>146</Value></HeartRateBpm><Extensions><TPX xmlns="http://www.garmin.com/xmlschemas/ActivityExtension/v2"><Speed>0.000000</Speed></TPX></Extensions></Trackpoint>
     <Trackpoint><Time>2026-01-28T21:39:43.432Z</Time><HeartRateBpm><Value>146</Value></HeartRateBpm><Extensions><TPX xmlns="http://www.garmin.com/xmlschemas/ActivityExtension/v2"><Speed>0.000000</Speed></TPX></Extensions></Trackpoint>
     <Trackpoint><Time>2026-01-28T21:39:44.613Z</Time><HeartRateBpm><Value>146</Value></HeartRateBpm><Extensions><TPX xmlns="http://www.garmin.com/xmlschemas/ActivityExtension/v2"><Speed>0.000000</Speed></TPX></Extensions></Trackpoint>
     <Trackpoint><Time>2026-01-28T21:39:46.432Z</Time><HeartRateBpm><Value>146</Value></HeartRateBpm><Extensions><TPX xmlns="http://www.garmin.com/xmlschemas/ActivityExtension/v2"><Speed>0.000000</Speed></TPX></Extensions></Trackpoint>
     <Trackpoint><Time>2026-01-28T21:39:48.432Z</Time><HeartRateBpm><Value>140</Value></HeartRateBpm><Extensions><TPX xmlns="http://www.garmin.com/xmlschemas/ActivityExtension/v2"><Speed>0.000000</Speed></TPX></Extensions></Trackpoint>
     <Trackpoint><Time>2026-01-28T21:39:49.718Z</Time><HeartRateBpm><Value>140</Value></HeartRateBpm><Extensions><TPX xmlns="http://www.garmin.com/xmlschemas/ActivityExtension/v2"><Speed>0.000000</Speed></TPX></Extensions></Trackpoint>
     <Trackpoint><Time>2026-01-28T21:39:51.409Z</Time><HeartRateBpm><Value>140</Value></HeartRateBpm><Extensions><TPX xmlns="http://www.garmin.com/xmlschemas/ActivityExtension/v2"><Speed>0.000000</Speed></TPX></Extensions></Trackpoint>
     <Trackpoint><Time>2026-01-28T21:39:52.432Z</Time><HeartRateBpm><Value>140</Value></HeartRateBpm><Extensions><TPX xmlns="http://www.garmin.com/xmlschemas/ActivityExtension/v2"><Speed>0.000000</Speed></TPX></Extensions></Trackpoint>
     <Trackpoint><Time>2026-01-28T21:39:53.432Z</Time><HeartRateBpm><Value>140</Value></HeartRateBpm><Extensions><TPX xmlns="http://www.garmin.com/xmlschemas/ActivityExtension/v2"><Speed>0.000000</Speed></TPX></Extensions></Trackpoint>
     <Trackpoint><Time>2026-01-28T21:39:54.432Z</Time><HeartRateBpm><Value>140</Value></HeartRateBpm><Extensions><TPX xmlns="http://www.garmin.com/xmlschemas/ActivityExtension/v2"><Speed>0.000000</Speed></TPX></Extensions></Trackpoint>
     <Trackpoint><Time>2026-01-28T21:39:55.432Z</Time><HeartRateBpm><Value>140</Value></HeartRateBpm><Extensions><TPX xmlns="http://www.garmin.com/xmlschemas/ActivityExtension/v2"><Speed>0.000000</Speed></TPX></Extensions></Trackpoint>
     <Trackpoint><Time>2026-01-28T21:39:57.356Z</Time><HeartRateBpm><Value>139</Value></HeartRateBpm><Extensions><TPX xmlns="http://www.garmin.com/xmlschemas/ActivityExtension/v2"><Speed>0.000000</Speed></TPX></Extensions></Trackpoint>
     <Trackpoint><Time>2026-01-28T21:39:58.432Z</Time><HeartRateBpm><Value>139</Value></HeartRateBpm><Extensions><TPX xmlns="http://www.garmin.com/xmlschemas/ActivityExtension/v2"><Speed>0.000000</Speed></TPX></Extensions></Trackpoint>
     <Trackpoint><Time>2026-01-28T21:39:59.905Z</Time><HeartRateBpm><Value>139</Value></HeartRateBpm><Extensions><TPX xmlns="http://www.garmin.com/xmlschemas/ActivityExtension/v2"><Speed>0.000000</Speed></TPX></Extensions></Trackpoint>
     <Trackpoint><Time>2026-01-28T21:40:01.407Z</Time><HeartRateBpm><Value>139</Value></HeartRateBpm><Extensions><TPX xmlns="http://www.garmin.com/xmlschemas/ActivityExtension/v2"><Speed>0.000000</Speed></TPX></Extensions></Trackpoint>
     <Trackpoint><Time>2026-01-28T21:40:02.432Z</Time><HeartRateBpm><Value>139</Value></HeartRateBpm><Extensions><TPX xmlns="http://www.garmin.com/xmlschemas/ActivityExtension/v2"><Speed>0.000000</Speed></TPX></Extensions></Trackpoint>
     <Trackpoint><Time>2026-01-28T21:40:04.432Z</Time><HeartRateBpm><Value>139</Value></HeartRateBpm><Extensions><TPX xmlns="http://www.garmin.com/xmlschemas/ActivityExtension/v2"><Speed>0.000000</Speed></TPX></Extensions></Trackpoint>
     <Trackpoint><Time>2026-01-28T21:40:06.408Z</Time><HeartRateBpm><Value>140</Value></HeartRateBpm><Extensions><TPX xmlns="http://www.garmin.com/xmlschemas/ActivityExtension/v2"><Speed>0.000000</Speed></TPX></Extensions></Trackpoint>
     <Trackpoint><Time>2026-01-28T21:40:07.432Z</Time><HeartRateBpm><Value>140</Value></HeartRateBpm><Extensions><TPX xmlns="http://www.garmin.com/xmlschemas/ActivityExtension/v2"><Speed>0.000000</Speed></TPX></Extensions></Trackpoint>
     <Trackpoint><Time>2026-01-28T21:40:09.433Z</Time><HeartRateBpm><Value>140</Value></HeartRateBpm><Extensions><TPX xmlns="http://www.garmin.com/xmlschemas/ActivityExtension/v2"><Speed>0.000000</Speed></TPX></Extensions></Trackpoint>
     <Trackpoint><Time>2026-01-28T21:40:11.410Z</Time><HeartRateBpm><Value>140</Value></HeartRateBpm><Extensions><TPX xmlns="http://www.garmin.com/xmlschemas/ActivityExtension/v2"><Speed>0.000000</Speed></TPX></Extensions></Trackpoint>
     <Trackpoint><Time>2026-01-28T21:40:12.432Z</Time><HeartRateBpm><Value>140</Value></HeartRateBpm><Extensions><TPX xmlns="http://www.garmin.com/xmlschemas/ActivityExtension/v2"><Speed>0.000000</Speed></TPX></Extensions></Trackpoint>
     <Trackpoint><Time>2026-01-28T21:40:13.432Z</Time><HeartRateBpm><Value>140</Value></HeartRateBpm><Extensions><TPX xmlns="http://www.garmin.com/xmlschemas/ActivityExtension/v2"><Speed>0.000000</Speed></TPX></Extensions></Trackpoint>
     <Trackpoint><Time>2026-01-28T21:40:14.432Z</Time><HeartRateBpm><Value>140</Value></HeartRateBpm><Extensions><TPX xmlns="http://www.garmin.com/xmlschemas/ActivityExtension/v2"><Speed>0.000000</Speed></TPX></Extensions></Trackpoint>
     <Trackpoint><Time>2026-01-28T21:40:15.432Z</Time><HeartRateBpm><Value>140</Value></HeartRateBpm><Extensions><TPX xmlns="http://www.garmin.com/xmlschemas/ActivityExtension/v2"><Speed>0.000000</Speed></TPX></Extensions></Trackpoint>
     <Trackpoint><Time>2026-01-28T21:40:16.433Z</Time><HeartRateBpm><Value>140</Value></HeartRateBpm><Extensions><TPX xmlns="http://www.garmin.com/xmlschemas/ActivityExtension/v2"><Speed>0.000000</Speed></TPX></Extensions></Trackpoint>
     <Trackpoint><Time>2026-01-28T21:40:17.750Z</Time><HeartRateBpm><Value>140</Value></HeartRateBpm><Extensions><TPX xmlns="http://www.garmin.com/xmlschemas/ActivityExtension/v2"><Speed>0.000000</Speed></TPX></Extensions></Trackpoint>
     <Trackpoint><Time>2026-01-28T21:40:19.432Z</Time><HeartRateBpm><Value>140</Value></HeartRateBpm><Extensions><TPX xmlns="http://www.garmin.com/xmlschemas/ActivityExtension/v2"><Speed>0.000000</Speed></TPX></Extensions></Trackpoint>
     <Trackpoint><Time>2026-01-28T21:40:21.432Z</Time><HeartRateBpm><Value>140</Value></HeartRateBpm><Extensions><TPX xmlns="http://www.garmin.com/xmlschemas/ActivityExtension/v2"><Speed>0.000000</Speed></TPX></Extensions></Trackpoint>
     <Trackpoint><Time>2026-01-28T21:40:22.847Z</Time><HeartRateBpm><Value>139</Value></HeartRateBpm><Extensions><TPX xmlns="http://www.garmin.com/xmlschemas/ActivityExtension/v2"><Speed>0.000000</Speed></TPX></Extensions></Trackpoint>
     <Trackpoint><Time>2026-01-28T21:40:24.433Z</Time><HeartRateBpm><Value>139</Value></HeartRateBpm><Extensions><TPX xmlns="http://www.garmin.com/xmlschemas/ActivityExtension/v2"><Speed>0.000000</Speed></TPX></Extensions></Trackpoint>
     <Trackpoint><Time>2026-01-28T21:40:26.432Z</Time><HeartRateBpm><Value>139</Value></HeartRateBpm><Extensions><TPX xmlns="http://www.garmin.com/xmlschemas/ActivityExtension/v2"><Speed>0.000000</Speed></TPX></Extensions></Trackpoint>
     <Trackpoint><Time>2026-01-28T21:40:27.949Z</Time><HeartRateBpm><Value>138</Value></HeartRateBpm><Extensions><TPX xmlns="http://www.garmin.com/xmlschemas/ActivityExtension/v2"><Speed>0.000000</Speed></TPX></Extensions></Trackpoint>
     <Trackpoint><Time>2026-01-28T21:40:29.432Z</Time><HeartRateBpm><Value>138</Value></HeartRateBpm><Extensions><TPX xmlns="http://www.garmin.com/xmlschemas/ActivityExtension/v2"><Speed>0.000000</Speed></TPX></Extensions></Trackpoint>
     <Trackpoint><Time>2026-01-28T21:40:30.433Z</Time><HeartRateBpm><Value>138</Value></HeartRateBpm><Extensions><TPX xmlns="http://www.garmin.com/xmlschemas/ActivityExtension/v2"><Speed>0.000000</Speed></TPX></Extensions></Trackpoint>
     <Trackpoint><Time>2026-01-28T21:40:32.432Z</Time><HeartRateBpm><Value>138</Value></HeartRateBpm><Extensions><TPX xmlns="http://www.garmin.com/xmlschemas/ActivityExtension/v2"><Speed>0.000000</Speed></TPX></Extensions></Trackpoint>
     <Trackpoint><Time>2026-01-28T21:40:34.432Z</Time><HeartRateBpm><Value>138</Value></HeartRateBpm><Extensions><TPX xmlns="http://www.garmin.com/xmlschemas/ActivityExtension/v2"><Speed>0.000000</Speed></TPX></Extensions></Trackpoint>
     <Trackpoint><Time>2026-01-28T21:40:35.432Z</Time><HeartRateBpm><Value>138</Value></HeartRateBpm><Extensions><TPX xmlns="http://www.garmin.com/xmlschemas/ActivityExtension/v2"><Speed>0.000000</Speed></TPX></Extensions></Trackpoint>
     <Trackpoint><Time>2026-01-28T21:40:36.970Z</Time><HeartRateBpm><Value>138</Value></HeartRateBpm><Extensions><TPX xmlns="http://www.garmin.com/xmlschemas/ActivityExtension/v2"><Speed>0.000000</Speed></TPX></Extensions></Trackpoint>
     <Trackpoint><Time>2026-01-28T21:40:38.141Z</Time><HeartRateBpm><Value>138</Value></HeartRateBpm><Extensions><TPX xmlns="http://www.garmin.com/xmlschemas/ActivityExtension/v2"><Speed>0.000000</Speed></TPX></Extensions></Trackpoint>
     <Trackpoint><Time>2026-01-28T21:40:39.432Z</Time><HeartRateBpm><Value>138</Value></HeartRateBpm><Extensions><TPX xmlns="http://www.garmin.com/xmlschemas/ActivityExtension/v2"><Speed>0.000000</Speed></TPX></Extensions></Trackpoint>
     <Trackpoint><Time>2026-01-28T21:40:40.432Z</Time><HeartRateBpm><Value>138</Value></HeartRateBpm><Extensions><TPX xmlns="http://www.garmin.com/xmlschemas/ActivityExtension/v2"><Speed>0.000000</Speed></TPX></Extensions></Trackpoint>
     <Trackpoint><Time>2026-01-28T21:40:42.432Z</Time><HeartRateBpm><Value>139</Value></HeartRateBpm><Extensions><TPX xmlns="http://www.garmin.com/xmlschemas/ActivityExtension/v2"><Speed>0.000000</Speed></TPX></Extensions></Trackpoint>
     <Trackpoint><Time>2026-01-28T21:40:44.432Z</Time><HeartRateBpm><Value>139</Value></HeartRateBpm><Extensions><TPX xmlns="http://www.garmin.com/xmlschemas/ActivityExtension/v2"><Speed>0.000000</Speed></TPX></Extensions></Trackpoint>
     <Trackpoint><Time>2026-01-28T21:40:45.432Z</Time><HeartRateBpm><Value>139</Value></HeartRateBpm><Extensions><TPX xmlns="http://www.garmin.com/xmlschemas/ActivityExtension/v2"><Speed>0.000000</Speed></TPX></Extensions></Trackpoint>
     <Trackpoint><Time>2026-01-28T21:40:47.432Z</Time><HeartRateBpm><Value>137</Value></HeartRateBpm><Extensions><TPX xmlns="http://www.garmin.com/xmlschemas/ActivityExtension/v2"><Speed>0.000000</Speed></TPX></Extensions></Trackpoint>
     <Trackpoint><Time>2026-01-28T21:40:48.432Z</Time><HeartRateBpm><Value>137</Value></HeartRateBpm><Extensions><TPX xmlns="http://www.garmin.com/xmlschemas/ActivityExtension/v2"><Speed>0.000000</Speed></TPX></Extensions></Trackpoint>
     <Trackpoint><Time>2026-01-28T21:40:50.432Z</Time><HeartRateBpm><Value>137</Value></HeartRateBpm><Extensions><TPX xmlns="http://www.garmin.com/xmlschemas/ActivityExtension/v2"><Speed>0.000000</Speed></TPX></Extensions></Trackpoint>
     <Trackpoint><Time>2026-01-28T21:40:51.432Z</Time><HeartRateBpm><Value>137</Value></HeartRateBpm><Extensions><TPX xmlns="http://www.garmin.com/xmlschemas/ActivityExtension/v2"><Speed>0.000000</Speed></TPX></Extensions></Trackpoint>
     <Trackpoint><Time>2026-01-28T21:40:53.432Z</Time><HeartRateBpm><Value>137</Value></HeartRateBpm><Extensions><TPX xmlns="http://www.garmin.com/xmlschemas/ActivityExtension/v2"><Speed>0.000000</Speed></TPX></Extensions></Trackpoint>
     <Trackpoint><Time>2026-01-28T21:40:55.432Z</Time><HeartRateBpm><Value>137</Value></HeartRateBpm><Extensions><TPX xmlns="http://www.garmin.com/xmlschemas/ActivityExtension/v2"><Speed>0.000000</Speed></TPX></Extensions></Trackpoint>
     <Trackpoint><Time>2026-01-28T21:40:57.432Z</Time><HeartRateBpm><Value>136</Value></HeartRateBpm><Extensions><TPX xmlns="http://www.garmin.com/xmlschemas/ActivityExtension/v2"><Speed>0.000000</Speed></TPX></Extensions></Trackpoint>
     <Trackpoint><Time>2026-01-28T21:40:58.432Z</Time><HeartRateBpm><Value>136</Value></HeartRateBpm><Extensions><TPX xmlns="http://www.garmin.com/xmlschemas/ActivityExtension/v2"><Speed>0.000000</Speed></TPX></Extensions></Trackpoint>
     <Trackpoint><Time>2026-01-28T21:41:00.432Z</Time><HeartRateBpm><Value>136</Value></HeartRateBpm><Extensions><TPX xmlns="http://www.garmin.com/xmlschemas/ActivityExtension/v2"><Speed>0.000000</Speed></TPX></Extensions></Trackpoint>
     <Trackpoint><Time>2026-01-28T21:41:02.432Z</Time><HeartRateBpm><Value>135</Value></HeartRateBpm><Extensions><TPX xmlns="http://www.garmin.com/xmlschemas/ActivityExtension/v2"><Speed>0.000000</Speed></TPX></Extensions></Trackpoint>
     <Trackpoint><Time>2026-01-28T21:41:03.634Z</Time><HeartRateBpm><Value>135</Value></HeartRateBpm><Extensions><TPX xmlns="http://www.garmin.com/xmlschemas/ActivityExtension/v2"><Speed>0.000000</Speed></TPX></Extensions></Trackpoint>
     <Trackpoint><Time>2026-01-28T21:41:05.431Z</Time><HeartRateBpm><Value>135</Value></HeartRateBpm><Extensions><TPX xmlns="http://www.garmin.com/xmlschemas/ActivityExtension/v2"><Speed>0.000000</Speed></TPX></Extensions></Trackpoint>
     <Trackpoint><Time>2026-01-28T21:41:06.432Z</Time><HeartRateBpm><Value>135</Value></HeartRateBpm><Extensions><TPX xmlns="http://www.garmin.com/xmlschemas/ActivityExtension/v2"><Speed>0.000000</Speed></TPX></Extensions></Trackpoint>
     <Trackpoint><Time>2026-01-28T21:41:07.432Z</Time><HeartRateBpm><Value>135</Value></HeartRateBpm><Extensions><TPX xmlns="http://www.garmin.com/xmlschemas/ActivityExtension/v2"><Speed>0.000000</Speed></TPX></Extensions></Trackpoint>
     <Trackpoint><Time>2026-01-28T21:41:08.730Z</Time><HeartRateBpm><Value>135</Value></HeartRateBpm><Extensions><TPX xmlns="http://www.garmin.com/xmlschemas/ActivityExtension/v2"><Speed>0.000000</Speed></TPX></Extensions></Trackpoint>
     <Trackpoint><Time>2026-01-28T21:41:10.432Z</Time><HeartRateBpm><Value>135</Value></HeartRateBpm><Extensions><TPX xmlns="http://www.garmin.com/xmlschemas/ActivityExtension/v2"><Speed>0.000000</Speed></TPX></Extensions></Trackpoint>
     <Trackpoint><Time>2026-01-28T21:41:12.432Z</Time><HeartRateBpm><Value>134</Value></HeartRateBpm><Extensions><TPX xmlns="http://www.garmin.com/xmlschemas/ActivityExtension/v2"><Speed>0.000000</Speed></TPX></Extensions></Trackpoint>
     <Trackpoint><Time>2026-01-28T21:41:13.432Z</Time><HeartRateBpm><Value>134</Value></HeartRateBpm><Extensions><TPX xmlns="http://www.garmin.com/xmlschemas/ActivityExtension/v2"><Speed>0.000000</Speed></TPX></Extensions></Trackpoint>
     <Trackpoint><Time>2026-01-28T21:41:15.432Z</Time><HeartRateBpm><Value>134</Value></HeartRateBpm><Extensions><TPX xmlns="http://www.garmin.com/xmlschemas/ActivityExtension/v2"><Speed>0.000000</Speed></TPX></Extensions></Trackpoint>
     <Trackpoint><Time>2026-01-28T21:41:16.432Z</Time><HeartRateBpm><Value>136</Value></HeartRateBpm><Extensions><TPX xmlns="http://www.garmin.com/xmlschemas/ActivityExtension/v2"><Speed>0.000000</Speed></TPX></Extensions></Trackpoint>
     <Trackpoint><Time>2026-01-28T21:41:18.431Z</Time><HeartRateBpm><Value>136</Value></HeartRateBpm><Extensions><TPX xmlns="http://www.garmin.com/xmlschemas/ActivityExtension/v2"><Speed>0.000000</Speed></TPX></Extensions></Trackpoint>
     <Trackpoint><Time>2026-01-28T21:41:19.432Z</Time><HeartRateBpm><Value>136</Value></HeartRateBpm><Extensions><TPX xmlns="http://www.garmin.com/xmlschemas/ActivityExtension/v2"><Speed>0.000000</Speed></TPX></Extensions></Trackpoint>
     <Trackpoint><Time>2026-01-28T21:41:20.432Z</Time><HeartRateBpm><Value>136</Value></HeartRateBpm><Extensions><TPX xmlns="http://www.garmin.com/xmlschemas/ActivityExtension/v2"><Speed>0.000000</Speed></TPX></Extensions></Trackpoint>
     <Trackpoint><Time>2026-01-28T21:41:22.432Z</Time><HeartRateBpm><Value>136</Value></HeartRateBpm><Extensions><TPX xmlns="http://www.garmin.com/xmlschemas/ActivityExtension/v2"><Speed>0.000000</Speed></TPX></Extensions></Trackpoint>
     <Trackpoint><Time>2026-01-28T21:41:23.432Z</Time><HeartRateBpm><Value>136</Value></HeartRateBpm><Extensions><TPX xmlns="http://www.garmin.com/xmlschemas/ActivityExtension/v2"><Speed>0.000000</Speed></TPX></Extensions></Trackpoint>
     <Trackpoint><Time>2026-01-28T21:41:25.432Z</Time><HeartRateBpm><Value>136</Value></HeartRateBpm><Extensions><TPX xmlns="http://www.garmin.com/xmlschemas/ActivityExtension/v2"><Speed>0.000000</Speed></TPX></Extensions></Trackpoint>
     <Trackpoint><Time>2026-01-28T21:41:26.638Z</Time><HeartRateBpm><Value>136</Value></HeartRateBpm><Extensions><TPX xmlns="http://www.garmin.com/xmlschemas/ActivityExtension/v2"><Speed>0.000000</Speed></TPX></Extensions></Trackpoint>
     <Trackpoint><Time>2026-01-28T21:41:28.432Z</Time><HeartRateBpm><Value>135</Value></HeartRateBpm><Extensions><TPX xmlns="http://www.garmin.com/xmlschemas/ActivityExtension/v2"><Speed>0.000000</Speed></TPX></Extensions></Trackpoint>
     <Trackpoint><Time>2026-01-28T21:41:30.432Z</Time><HeartRateBpm><Value>135</Value></HeartRateBpm><Extensions><TPX xmlns="http://www.garmin.com/xmlschemas/ActivityExtension/v2"><Speed>0.000000</Speed></TPX></Extensions></Trackpoint>
     <Trackpoint><Time>2026-01-28T21:41:31.678Z</Time><HeartRateBpm><Value>135</Value></HeartRateBpm><Extensions><TPX xmlns="http://www.garmin.com/xmlschemas/ActivityExtension/v2"><Speed>0.000000</Speed></TPX></Extensions></Trackpoint>
     <Trackpoint><Time>2026-01-28T21:41:33.432Z</Time><HeartRateBpm><Value>135</Value></HeartRateBpm><Extensions><TPX xmlns="http://www.garmin.com/xmlschemas/ActivityExtension/v2"><Speed>0.000000</Speed></TPX></Extensions></Trackpoint>
     <Trackpoint><Time>2026-01-28T21:41:35.432Z</Time><HeartRateBpm><Value>135</Value></HeartRateBpm><Extensions><TPX xmlns="http://www.garmin.com/xmlschemas/ActivityExtension/v2"><Speed>0.000000</Speed></TPX></Extensions></Trackpoint>
     <Trackpoint><Time>2026-01-28T21:41:36.797Z</Time><HeartRateBpm><Value>135</Value></HeartRateBpm><Extensions><TPX xmlns="http://www.garmin.com/xmlschemas/ActivityExtension/v2"><Speed>0.000000</Speed></TPX></Extensions></Trackpoint>
     <Trackpoint><Time>2026-01-28T21:41:38.432Z</Time><HeartRateBpm><Value>134</Value></HeartRateBpm><Extensions><TPX xmlns="http://www.garmin.com/xmlschemas/ActivityExtension/v2"><Speed>0.000000</Speed></TPX></Extensions></Trackpoint>
     <Trackpoint><Time>2026-01-28T21:41:39.432Z</Time><HeartRateBpm><Value>134</Value></HeartRateBpm><Extensions><TPX xmlns="http://www.garmin.com/xmlschemas/ActivityExtension/v2"><Speed>0.000000</Speed></TPX></Extensions></Trackpoint>
     <Trackpoint><Time>2026-01-28T21:41:40.432Z</Time><HeartRateBpm><Value>134</Value></HeartRateBpm><Extensions><TPX xmlns="http://www.garmin.com/xmlschemas/ActivityExtension/v2"><Speed>0.000000</Speed></TPX></Extensions></Trackpoint>
     <Trackpoint><Time>2026-01-28T21:41:41.869Z</Time><HeartRateBpm><Value>134</Value></HeartRateBpm><Extensions><TPX xmlns="http://www.garmin.com/xmlschemas/ActivityExtension/v2"><Speed>0.000000</Speed></TPX></Extensions></Trackpoint>
     <Trackpoint><Time>2026-01-28T21:41:43.432Z</Time><HeartRateBpm><Value>134</Value></HeartRateBpm><Extensions><TPX xmlns="http://www.garmin.com/xmlschemas/ActivityExtension/v2"><Speed>0.000000</Speed></TPX></Extensions></Trackpoint>
     <Trackpoint><Time>2026-01-28T21:41:44.432Z</Time><HeartRateBpm><Value>134</Value></HeartRateBpm><Extensions><TPX xmlns="http://www.garmin.com/xmlschemas/ActivityExtension/v2"><Speed>0.000000</Speed></TPX></Extensions></Trackpoint>
     <Trackpoint><Time>2026-01-28T21:41:46.428Z</Time><HeartRateBpm><Value>130</Value></HeartRateBpm><Extensions><TPX xmlns="http://www.garmin.com/xmlschemas/ActivityExtension/v2"><Speed>0.000000</Speed></TPX></Extensions></Trackpoint>
     <Trackpoint><Time>2026-01-28T21:41:47.432Z</Time><HeartRateBpm><Value>130</Value></HeartRateBpm><Extensions><TPX xmlns="http://www.garmin.com/xmlschemas/ActivityExtension/v2"><Speed>0.000000</Speed></TPX></Extensions></Trackpoint>
     <Trackpoint><Time>2026-01-28T21:41:49.432Z</Time><HeartRateBpm><Value>130</Value></HeartRateBpm><Extensions><TPX xmlns="http://www.garmin.com/xmlschemas/ActivityExtension/v2"><Speed>0.000000</Speed></TPX></Extensions></Trackpoint>
     <Trackpoint><Time>2026-01-28T21:41:51.406Z</Time><HeartRateBpm><Value>132</Value></HeartRateBpm><Extensions><TPX xmlns="http://www.garmin.com/xmlschemas/ActivityExtension/v2"><Speed>0.000000</Speed></TPX></Extensions></Trackpoint>
     <Trackpoint><Time>2026-01-28T21:41:52.432Z</Time><HeartRateBpm><Value>132</Value></HeartRateBpm><Extensions><TPX xmlns="http://www.garmin.com/xmlschemas/ActivityExtension/v2"><Speed>0.000000</Speed></TPX></Extensions></Trackpoint>
     <Trackpoint><Time>2026-01-28T21:41:54.432Z</Time><HeartRateBpm><Value>132</Value></HeartRateBpm><Extensions><TPX xmlns="http://www.garmin.com/xmlschemas/ActivityExtension/v2"><Speed>0.000000</Speed></TPX></Extensions></Trackpoint>
     <Trackpoint><Time>2026-01-28T21:41:55.432Z</Time><HeartRateBpm><Value>132</Value></HeartRateBpm><Extensions><TPX xmlns="http://www.garmin.com/xmlschemas/ActivityExtension/v2"><Speed>0.000000</Speed></TPX></Extensions></Trackpoint>
     <Trackpoint><Time>2026-01-28T21:41:57.166Z</Time><HeartRateBpm><Value>132</Value></HeartRateBpm><Extensions><TPX xmlns="http://www.garmin.com/xmlschemas/ActivityExtension/v2"><Speed>0.000000</Speed></TPX></Extensions></Trackpoint>
     <Trackpoint><Time>2026-01-28T21:41:58.432Z</Time><HeartRateBpm><Value>132</Value></HeartRateBpm><Extensions><TPX xmlns="http://www.garmin.com/xmlschemas/ActivityExtension/v2"><Speed>0.000000</Speed></TPX></Extensions></Trackpoint>
     <Trackpoint><Time>2026-01-28T21:41:59.711Z</Time><HeartRateBpm><Value>132</Value></HeartRateBpm><Extensions><TPX xmlns="http://www.garmin.com/xmlschemas/ActivityExtension/v2"><Speed>0.000000</Speed></TPX></Extensions></Trackpoint>
     <Trackpoint><Time>2026-01-28T21:42:01.406Z</Time><HeartRateBpm><Value>129</Value></HeartRateBpm><Extensions><TPX xmlns="http://www.garmin.com/xmlschemas/ActivityExtension/v2"><Speed>0.000000</Speed></TPX></Extensions></Trackpoint>
     <Trackpoint><Time>2026-01-28T21:42:02.432Z</Time><HeartRateBpm><Value>129</Value></HeartRateBpm><Extensions><TPX xmlns="http://www.garmin.com/xmlschemas/ActivityExtension/v2"><Speed>0.000000</Speed></TPX></Extensions></Trackpoint>
     <Trackpoint><Time>2026-01-28T21:42:03.432Z</Time><HeartRateBpm><Value>129</Value></HeartRateBpm><Extensions><TPX xmlns="http://www.garmin.com/xmlschemas/ActivityExtension/v2"><Speed>0.000000</Speed></TPX></Extensions></Trackpoint>
     <Trackpoint><Time>2026-01-28T21:42:04.811Z</Time><HeartRateBpm><Value>129</Value></HeartRateBpm><Extensions><TPX xmlns="http://www.garmin.com/xmlschemas/ActivityExtension/v2"><Speed>0.000000</Speed></TPX></Extensions></Trackpoint>
     <Trackpoint><Time>2026-01-28T21:42:06.408Z</Time><HeartRateBpm><Value>129</Value></HeartRateBpm><Extensions><TPX xmlns="http://www.garmin.com/xmlschemas/ActivityExtension/v2"><Speed>0.000000</Speed></TPX></Extensions></Trackpoint>
     <Trackpoint><Time>2026-01-28T21:42:07.432Z</Time><HeartRateBpm><Value>129</Value></HeartRateBpm><Extensions><TPX xmlns="http://www.garmin.com/xmlschemas/ActivityExtension/v2"><Speed>0.000000</Speed></TPX></Extensions></Trackpoint>
     <Trackpoint><Time>2026-01-28T21:42:09.432Z</Time><HeartRateBpm><Value>129</Value></HeartRateBpm><Extensions><TPX xmlns="http://www.garmin.com/xmlschemas/ActivityExtension/v2"><Speed>0.000000</Speed></TPX></Extensions></Trackpoint>
     <Trackpoint><Time>2026-01-28T21:42:11.432Z</Time><HeartRateBpm><Value>129</Value></HeartRateBpm><Extensions><TPX xmlns="http://www.garmin.com/xmlschemas/ActivityExtension/v2"><Speed>0.000000</Speed></TPX></Extensions></Trackpoint>
     <Trackpoint><Time>2026-01-28T21:42:12.432Z</Time><HeartRateBpm><Value>129</Value></HeartRateBpm><Extensions><TPX xmlns="http://www.garmin.com/xmlschemas/ActivityExtension/v2"><Speed>0.000000</Speed></TPX></Extensions></Trackpoint>
     <Trackpoint><Time>2026-01-28T21:42:13.432Z</Time><HeartRateBpm><Value>129</Value></HeartRateBpm><Extensions><TPX xmlns="http://www.garmin.com/xmlschemas/ActivityExtension/v2"><Speed>0.000000</Speed></TPX></Extensions></Trackpoint>
     <Trackpoint><Time>2026-01-28T21:42:15.012Z</Time><HeartRateBpm><Value>129</Value></HeartRateBpm><Extensions><TPX xmlns="http://www.garmin.com/xmlschemas/ActivityExtension/v2"><Speed>0.000000</Speed></TPX></Extensions></Trackpoint>
     <Trackpoint><Time>2026-01-28T21:42:16.419Z</Time><HeartRateBpm><Value>129</Value></HeartRateBpm><Extensions><TPX xmlns="http://www.garmin.com/xmlschemas/ActivityExtension/v2"><Speed>0.000000</Speed></TPX></Extensions></Trackpoint>
     <Trackpoint><Time>2026-01-28T21:42:17.432Z</Time><HeartRateBpm><Value>129</Value></HeartRateBpm><Extensions><TPX xmlns="http://www.garmin.com/xmlschemas/ActivityExtension/v2"><Speed>0.000000</Speed></TPX></Extensions></Trackpoint>
     <Trackpoint><Time>2026-01-28T21:42:19.432Z</Time><HeartRateBpm><Value>129</Value></HeartRateBpm><Extensions><TPX xmlns="http://www.garmin.com/xmlschemas/ActivityExtension/v2"><Speed>0.000000</Speed></TPX></Extensions></Trackpoint>
     <Trackpoint><Time>2026-01-28T21:42:21.432Z</Time><HeartRateBpm><Value>129</Value></HeartRateBpm><Extensions><TPX xmlns="http://www.garmin.com/xmlschemas/ActivityExtension/v2"><Speed>0.000000</Speed></TPX></Extensions></Trackpoint>
     <Trackpoint><Time>2026-01-28T21:42:22.653Z</Time><HeartRateBpm><Value>129</Value></HeartRateBpm><Extensions><TPX xmlns="http://www.garmin.com/xmlschemas/ActivityExtension/v2"><Speed>0.000000</Speed></TPX></Extensions></Trackpoint>
     <Trackpoint><Time>2026-01-28T21:42:24.432Z</Time><HeartRateBpm><Value>129</Value></HeartRateBpm><Extensions><TPX xmlns="http://www.garmin.com/xmlschemas/ActivityExtension/v2"><Speed>0.000000</Speed></TPX></Extensions></Trackpoint>
     <Trackpoint><Time>2026-01-28T21:42:26.432Z</Time><HeartRateBpm><Value>129</Value></HeartRateBpm><Extensions><TPX xmlns="http://www.garmin.com/xmlschemas/ActivityExtension/v2"><Speed>0.000000</Speed></TPX></Extensions></Trackpoint>
     <Trackpoint><Time>2026-01-28T21:42:27.763Z</Time><HeartRateBpm><Value>128</Value></HeartRateBpm><Extensions><TPX xmlns="http://www.garmin.com/xmlschemas/ActivityExtension/v2"><Speed>0.000000</Speed></TPX></Extensions></Trackpoint>
     <Trackpoint><Time>2026-01-28T21:42:29.432Z</Time><HeartRateBpm><Value>128</Value></HeartRateBpm><Extensions><TPX xmlns="http://www.garmin.com/xmlschemas/ActivityExtension/v2"><Speed>0.000000</Speed></TPX></Extensions></Trackpoint>
     <Trackpoint><Time>2026-01-28T21:42:30.432Z</Time><HeartRateBpm><Value>128</Value></HeartRateBpm><Extensions><TPX xmlns="http://www.garmin.com/xmlschemas/ActivityExtension/v2"><Speed>0.000000</Speed></TPX></Extensions></Trackpoint>
     <Trackpoint><Time>2026-01-28T21:42:31.432Z</Time><HeartRateBpm><Value>130</Value></HeartRateBpm><Extensions><TPX xmlns="http://www.garmin.com/xmlschemas/ActivityExtension/v2"><Speed>0.000000</Speed></TPX></Extensions></Trackpoint>
     <Trackpoint><Time>2026-01-28T21:42:32.851Z</Time><HeartRateBpm><Value>130</Value></HeartRateBpm><Extensions><TPX xmlns="http://www.garmin.com/xmlschemas/ActivityExtension/v2"><Speed>0.000000</Speed></TPX></Extensions></Trackpoint>
     <Trackpoint><Time>2026-01-28T21:42:34.432Z</Time><HeartRateBpm><Value>130</Value></HeartRateBpm><Extensions><TPX xmlns="http://www.garmin.com/xmlschemas/ActivityExtension/v2"><Speed>0.000000</Speed></TPX></Extensions></Trackpoint>
    </Track>
   </Lap>
  </Activity>
 </Activities>
</TrainingCenterDatabase>
