<?xml version="1.0" encoding="UTF-8"?>
<TrainingCenterDatabase xsi:schemaLocation="http://www.garmin.com/xmlschemas/TrainingCenterDatabase/v2 http://www.garmin.com/xmlschemas/TrainingCenterDatabasev2.xsd" xmlns:ns5="http://www.garmin.com/xmlschemas/ActivityGoals/v1" xmlns:ns4="http://www.garmin.com/xmlschemas/ProfileExtension/v1" xmlns:ns3="http://www.garmin.com/xmlschemas/ActivityExtension/v2" xmlns:ns2="http://www.garmin.com/xmlschemas/UserProfile/v2" xmlns="http://www.garmin.com/xmlschemas/TrainingCenterDatabase/v2" xmlns:xsi="http://www.w3.org/2001/XMLSchema-instance">
 <Creator>Apple Watch</Creator>
 <Activities>
  <Activity Sport="Running">
   <Id>2026-01-31T13:50:06.857Z</Id>
   <Lap StartTime="2026-01-31T13:50:06.857Z">
    <TotalTimeSeconds>360</TotalTimeSeconds>
    <DistanceMeters>1000</DistanceMeters>
    <MaximumSpeed>3.4</MaximumSpeed>
    <AverageHeartRateBpm><Value>151</Value></AverageHeartRateBpm>
    <MaximumHeartRateBpm><Value>162</Value></MaximumHeartRateBpm>
    <Calories>81</Calories>
    <Cadence>75</Cadence>
    <Track>
     <Trackpoint><Time>2026-01-31T13:50:06.857Z</Time><Position><LatitudeDegrees>48.1932582</LatitudeDegrees><LongitudeDegrees>16.3205503</LongitudeDegrees></Position><AltitudeMeters>214</AltitudeMeters><DistanceMeters>0.0</DistanceMeters><HeartRateBpm><Value>103</Value></HeartRateBpm><Extensions><TPX xmlns="http://www.garmin.com/xmlschemas/ActivityExtension/v2"><RunCadence>69</RunCadence><Speed>0.000000</Speed><Watts>0</Watts></TPX></Extensions></Trackpoint>
     <Trackpoint><Time>2026-01-31T13:50:08.998Z</Time><Position><LatitudeDegrees>48.1932733</LatitudeDegrees><LongitudeDegrees>16.3205815</LongitudeDegrees></Position><AltitudeMeters>214</AltitudeMeters><DistanceMeters>3.5</DistanceMeters><HeartRateBpm><Value>103</Value></HeartRateBpm><Extensions><TPX xmlns="http://www.garmin.com/xmlschemas/ActivityExtension/v2"><RunCadence>69</RunCadence><Speed>0.000000</Speed><Watts>0</Watts></TPX></Extensions></Trackpoint>
     <Trackpoint><Time>2026-01-31T13:50:09.998Z</Time><Position><LatitudeDegrees>48.1932582</LatitudeDegrees><LongitudeDegrees>16.3205503</LongitudeDegrees></Position><AltitudeMeters>214</AltitudeMeters><DistanceMeters>5.1</DistanceMeters><HeartRateBpm><Value>103</Value></HeartRateBpm><Extensions><TPX xmlns="http://www.garmin.com/xmlschemas/ActivityExtension/v2"><RunCadence>73</RunCadence><Speed>0.000000</Speed><Watts>0</Watts></TPX></Extensions></Trackpoint>
     <Trackpoint><Time>2026-01-31T13:50:10.998Z</Time><Position><LatitudeDegrees>48.1932419</LatitudeDegrees><LongitudeDegrees>16.3205196</LongitudeDegrees></Position><AltitudeMeters>214</AltitudeMeters><DistanceMeters>7.9</DistanceMeters><HeartRateBpm><Value>103</Value></HeartRateBpm><Extensions><TPX xmlns="http://www.garmin.com/xmlschemas/ActivityExtension/v2"><RunCadence>73</RunCadence><Speed>0.000000</Speed><Watts>0</Watts></TPX></Extensions></Trackpoint>
     <Trackpoint><Time>2026-01-31T13:50:11.998Z</Time><Position><LatitudeDegrees>48.1932292</LatitudeDegrees><LongitudeDegrees>16.3204865</LongitudeDegrees></Position><AltitudeMeters>214</AltitudeMeters><DistanceMeters>10.8</DistanceMeters><HeartRateBpm><Value>103</Value></HeartRateBpm><Extensions><TPX xmlns="http://www.garmin.com/xmlschemas/ActivityExtension/v2"><RunCadence>71</RunCadence><Speed>0.000000</Speed><Watts>0</Watts></TPX></Extensions></Trackpoint>
     <Trackpoint><Time>2026-01-31T13:50:12.998Z</Time><Position><LatitudeDegrees>48.1932176</LatitudeDegrees><LongitudeDegrees>16.3204447</LongitudeDegrees></Position><AltitudeMeters>214</AltitudeMeters><DistanceMeters>13.8</DistanceMeters><HeartRateBpm><Value>103</Value></HeartRateBpm><Extensions><TPX xmlns="http://www.garmin.com/xmlschemas/ActivityExtension/v2"><RunCadence>71</RunCadence><Speed>0.000000</Speed><Watts>0</Watts></TPX></Extensions></Trackpoint>
     <Trackpoint><Time>2026-01-31T13:50:13.998Z</Time><Position><LatitudeDegrees>48.1932130</LatitudeDegrees><LongitudeDegrees>16.3204085</LongitudeDegrees></Position><AltitudeMeters>214</AltitudeMeters><DistanceMeters>16.8</DistanceMeters><HeartRateBpm><Value>103</Value></HeartRateBpm><Extensions><TPX xmlns="http://www.garmin.com/xmlschemas/ActivityExtension/v2"><RunCadence>70</RunCadence><Speed>0.000000</Speed><Watts>174</Watts></TPX></Extensions></Trackpoint>
     <Trackpoint><Time>2026-01-31T13:50:14.998Z</Time><Position><LatitudeDegrees>48.1932060</LatitudeDegrees><LongitudeDegrees>16.3203711</LongitudeDegrees></Position><AltitudeMeters>214</AltitudeMeters><DistanceMeters>19.8</DistanceMeters><HeartRateBpm><Value>103</Value></HeartRateBpm><Extensions><TPX xmlns="http://www.garmin.com/xmlschemas/ActivityExtension/v2"><RunCadence>70</RunCadence><Speed>0.000000</Speed><Watts>174</Watts></TPX></Extensions></Trackpoint>
     <Trackpoint><Time>2026-01-31T13:50:15.998Z</Time><Position><LatitudeDegrees>48.1931942</LatitudeDegrees><LongitudeDegrees>16.3203346</LongitudeDegrees></Position><AltitudeMeters>213</AltitudeMeters><DistanceMeters>22.7</DistanceMeters><HeartRateBpm><Value>103</Value></HeartRateBpm><Extensions><TPX xmlns="http://www.garmin.com/xmlschemas/ActivityExtension/v2"><RunCadence>70</RunCadence><Speed>2.386719</Speed><Watts>174</Watts></TPX></Extensions></Trackpoint>
     <Trackpoint><Time>2026-01-31T13:50:16.999Z</Time><Position><LatitudeDegrees>48.1931833</LatitudeDegrees><LongitudeDegrees>16.3203003</LongitudeDegrees></Position><AltitudeMeters>213</AltitudeMeters><DistanceMeters>25.3</DistanceMeters><HeartRateBpm><Value>103</Value></HeartRateBpm><Extensions><TPX xmlns="http://www.garmin.com/xmlschemas/ActivityExtension/v2"><RunCadence>70</RunCadence><Speed>2.386719</Speed><Watts>174</Watts></TPX></Extensions></Trackpoint>
     <Trackpoint><Time>2026-01-31T13:50:17.999Z</Time><Position><LatitudeDegrees>48.1931782</LatitudeDegrees><LongitudeDegrees>16.3202720</LongitudeDegrees></Position><AltitudeMeters>213</AltitudeMeters><DistanceMeters>27.8</DistanceMeters><HeartRateBpm><Value>103</Value></HeartRateBpm><Extensions><TPX xmlns="http://www.garmin.com/xmlschemas/ActivityExtension/v2"><RunCadence>70</RunCadence><Speed>2.386719</Speed><Watts>174</Watts></TPX></Extensions></Trackpoint>
     <Trackpoint><Time>2026-01-31T13:50:18.999Z</Time><Position><LatitudeDegrees>48.1931724</LatitudeDegrees><LongitudeDegrees>16.3202371</LongitudeDegrees></Position><AltitudeMeters>213</AltitudeMeters><DistanceMeters>30.3</DistanceMeters><HeartRateBpm><Value>103</Value></HeartRateBpm><Extensions><TPX xmlns="http://www.garmin.com/xmlschemas/ActivityExtension/v2"><RunCadence>72</RunCadence><Speed>2.386719</Speed><Watts>183</Watts></TPX></Extensions></Trackpoint>
     <Trackpoint><Time>2026-01-31T13:50:19.999Z</Time><Position><LatitudeDegrees>48.1931685</LatitudeDegrees><LongitudeDegrees>16.3202058</LongitudeDegrees></Position><AltitudeMeters>213</AltitudeMeters><DistanceMeters>33.0</DistanceMeters><HeartRateBpm><Value>103</Value></HeartRateBpm><Extensions><TPX xmlns="http://www.garmin.com/xmlschemas/ActivityExtension/v2"><RunCadence>72</RunCadence><Speed>2.386719</Speed><Watts>183</Watts></TPX></Extensions></Trackpoint>
     <Trackpoint><Time>2026-01-31T13:50:20.999Z</Time><Position><LatitudeDegrees>48.1931644</LatitudeDegrees><LongitudeDegrees>16.3201677</LongitudeDegrees></Position><AltitudeMeters>213</AltitudeMeters><DistanceMeters>35.6</DistanceMeters><HeartRateBpm><Value>103</Value></HeartRateBpm><Extensions><TPX xmlns="http://www.garmin.com/xmlschemas/ActivityExtension/v2"><RunCadence>75</RunCadence><Speed>2.378906</Speed><Watts>182</Watts></TPX></Extensions></Trackpoint>
     <Trackpoint><Time>2026-01-31T13:50:21.999Z</Time><Position><LatitudeDegrees>48.1931596</LatitudeDegrees><LongitudeDegrees>16.3201381</LongitudeDegrees></Position><AltitudeMeters>213</AltitudeMeters><DistanceMeters>37.7</DistanceMeters><HeartRateBpm><Value>103</Value></HeartRateBpm><Extensions><TPX xmlns="http://www.garmin.com/xmlschemas/ActivityExtension/v2"><RunCadence>75</RunCadence><Speed>2.378906</Speed><Watts>182</Watts></TPX></Extensions></Trackpoint>
     <Trackpoint><Time>2026-01-31T13:50:22.999Z</Time><Position><LatitudeDegrees>48.1931569</LatitudeDegrees><LongitudeDegrees>16.3201143</LongitudeDegrees></Position><AltitudeMeters>213</AltitudeMeters><DistanceMeters>39.9</DistanceMeters><HeartRateBpm><Value>103</Value></HeartRateBpm><Extensions><TPX xmlns="http://www.garmin.com/xmlschemas/ActivityExtension/v2"><RunCadence>75</RunCadence><Speed>2.378906</Speed><Watts>182</Watts></TPX></Extensions></Trackpoint>
     <Trackpoint><Time>2026-01-31T13:50:23.999Z</Time><Position><LatitudeDegrees>48.1931422</LatitudeDegrees><LongitudeDegrees>16.3200863</LongitudeDegrees></Position><AltitudeMeters>213</AltitudeMeters><DistanceMeters>42.1</DistanceMeters><HeartRateBpm><Value>103</Value></HeartRateBpm><Extensions><TPX xmlns="http://www.garmin.com/xmlschemas/ActivityExtension/v2"><RunCadence>77</RunCadence><Speed>2.378906</Speed><Watts>182</Watts></TPX></Extensions></Trackpoint>
     <Trackpoint><Time>2026-01-31T13:50:24.999Z</Time><Position><LatitudeDegrees>48.1931342</LatitudeDegrees><LongitudeDegrees>16.3200569</LongitudeDegrees></Position><AltitudeMeters>213</AltitudeMeters><DistanceMeters>44.8</DistanceMeters><HeartRateBpm><Value>103</Value></HeartRateBpm><Extensions><TPX xmlns="http://www.garmin.com/xmlschemas/ActivityExtension/v2"><RunCadence>77</RunCadence><Speed>2.378906</Speed><Watts>182</Watts></TPX></Extensions></Trackpoint>
     <Trackpoint><Time>2026-01-31T13:50:25.999Z</Time><Position><LatitudeDegrees>48.1931174</LatitudeDegrees><LongitudeDegrees>16.3200224</LongitudeDegrees></Position><AltitudeMeters>212</AltitudeMeters><DistanceMeters>47.6</DistanceMeters><HeartRateBpm><Value>103</Value></HeartRateBpm><Extensions><TPX xmlns="http://www.garmin.com/xmlschemas/ActivityExtension/v2"><RunCadence>78</RunCadence><Speed>2.378906</Speed><Watts>189</Watts></TPX></Extensions></Trackpoint>
     <Trackpoint><Time>2026-01-31T13:50:26.999Z</Time><Position><LatitudeDegrees>48.1931063</LatitudeDegrees><LongitudeDegrees>16.3199867</LongitudeDegrees></Position><AltitudeMeters>212</AltitudeMeters><DistanceMeters>50.2</DistanceMeters><HeartRateBpm><Value>103</Value></HeartRateBpm><Extensions><TPX xmlns="http://www.garmin.com/xmlschemas/ActivityExtension/v2"><RunCadence>78</RunCadence><Speed>2.378906</Speed><Watts>189</Watts></TPX></Extensions></Trackpoint>
     <Trackpoint><Time>2026-01-31T13:50:27.999Z</Time><Position><LatitudeDegrees>48.1930999</LatitudeDegrees><LongitudeDegrees>16.3199553</LongitudeDegrees></Position><AltitudeMeters>212</AltitudeMeters><DistanceMeters>52.9</DistanceMeters><HeartRateBpm><Value>103</Value></HeartRateBpm><Extensions><TPX xmlns="http://www.garmin.com/xmlschemas/ActivityExtension/v2"><RunCadence>79</RunCadence><Speed>2.441406</Speed><Watts>195</Watts></TPX></Extensions></Trackpoint>
     <Trackpoint><Time>2026-01-31T13:50:28.999Z</Time><Position><LatitudeDegrees>48.1930929</LatitudeDegrees><LongitudeDegrees>16.3199265</LongitudeDegrees></Position><AltitudeMeters>212</AltitudeMeters><DistanceMeters>55.2</DistanceMeters><HeartRateBpm><Value>103</Value></HeartRateBpm><Extensions><TPX xmlns="http://www.garmin.com/xmlschemas/ActivityExtension/v2"><RunCadence>79</RunCadence><Speed>2.441406</Speed><Watts>195</Watts></TPX></Extensions></Trackpoint>
     <Trackpoint><Time>2026-01-31T13:50:29.999Z</Time><Position><LatitudeDegrees>48.1930842</LatitudeDegrees><LongitudeDegrees>16.3198984</LongitudeDegrees></Position><AltitudeMeters>212</AltitudeMeters><DistanceMeters>57.4</DistanceMeters><HeartRateBpm><Value>103</Value></HeartRateBpm><Extensions><TPX xmlns="http://www.garmin.com/xmlschemas/ActivityExtension/v2"><RunCadence>79</RunCadence><Speed>2.441406</Speed><Watts>195</Watts></TPX></Extensions></Trackpoint>
     <Trackpoint><Time>2026-01-31T13:50:30.999Z</Time><Position><LatitudeDegrees>48.1930787</LatitudeDegrees><LongitudeDegrees>16.3198696</LongitudeDegrees></Position><AltitudeMeters>212</AltitudeMeters><DistanceMeters>59.7</DistanceMeters><HeartRateBpm><Value>103</Value></HeartRateBpm><Extensions><TPX xmlns="http://www.garmin.com/xmlschemas/ActivityExtension/v2"><RunCadence>78</RunCadence><Speed>2.441406</Speed><Watts>194</Watts></TPX></Extensions></Trackpoint>
     <Trackpoint><Time>2026-01-31T13:50:31.999Z</Time><Position><LatitudeDegrees>48.1930659</LatitudeDegrees><LongitudeDegrees>16.3198434</LongitudeDegrees></Position><AltitudeMeters>212</AltitudeMeters><DistanceMeters>62.3</DistanceMeters><HeartRateBpm><Value>103</Value></HeartRateBpm><Extensions><TPX xmlns="http://www.garmin.com/xmlschemas/ActivityExtension/v2"><RunCadence>78</RunCadence><Speed>2.441406</Speed><Watts>194</Watts></TPX></Extensions></Trackpoint>
     <Trackpoint><Time>2026-01-31T13:50:32.999Z</Time><Position><LatitudeDegrees>48.1930570</LatitudeDegrees><LongitudeDegrees>16.3198158</LongitudeDegrees></Position><AltitudeMeters>212</AltitudeMeters><DistanceMeters>64.8</DistanceMeters><HeartRateBpm><Value>103</Value></HeartRateBpm><Extensions><TPX xmlns="http://www.garmin.com/xmlschemas/ActivityExtension/v2"><RunCadence>78</RunCadence><Speed>2.441406</Speed><Watts>194</Watts></TPX></Extensions></Trackpoint>
     <Trackpoint><Time>2026-01-31T13:50:33.999Z</Time><Position><LatitudeDegrees>48.1930402</LatitudeDegrees><LongitudeDegrees>16.3197826</LongitudeDegrees></Position><AltitudeMeters>212</AltitudeMeters><DistanceMeters>67.4</DistanceMeters><HeartRateBpm><Value>103</Value></HeartRateBpm><Extensions><TPX xmlns="http://www.garmin.com/xmlschemas/ActivityExtension/v2"><RunCadence>78</RunCadence><Speed>2.492188</Speed><Watts>194</Watts></TPX></Extensions></Trackpoint>
     <Trackpoint><Time>2026-01-31T13:50:34.999Z</Time><Position><LatitudeDegrees>48.1930289</LatitudeDegrees><LongitudeDegrees>16.3197478</LongitudeDegrees></Position><AltitudeMeters>212</AltitudeMeters><DistanceMeters>70.5</DistanceMeters><HeartRateBpm><Value>103</Value></HeartRateBpm><Extensions><TPX xmlns="http://www.garmin.com/xmlschemas/ActivityExtension/v2"><RunCadence>78</RunCadence><Speed>2.492188</Speed><Watts>194</Watts></TPX></Extensions></Trackpoint>
     <Trackpoint><Time>2026-01-31T13:50:35.999Z</Time><Position><LatitudeDegrees>48.1930146</LatitudeDegrees><LongitudeDegrees>16.3197079</LongitudeDegrees></Position><AltitudeMeters>211</AltitudeMeters><DistanceMeters>73.7</DistanceMeters><HeartRateBpm><Value>103</Value></HeartRateBpm><Extensions><TPX xmlns="http://www.garmin.com/xmlschemas/ActivityExtension/v2"><RunCadence>80</RunCadence><Speed>2.492188</Speed><Watts>192</Watts></TPX></Extensions></Trackpoint>
     <Trackpoint><Time>2026-01-31T13:50:36.999Z</Time><Position><LatitudeDegrees>48.1930031</LatitudeDegrees><LongitudeDegrees>16.3196674</LongitudeDegrees></Position><AltitudeMeters>211</AltitudeMeters><DistanceMeters>76.7</DistanceMeters><HeartRateBpm><Value>103</Value></HeartRateBpm><Extensions><TPX xmlns="http://www.garmin.com/xmlschemas/ActivityExtension/v2"><RunCadence>80</RunCadence><Speed>2.492188</Speed><Watts>192</Watts></TPX></Extensions></Trackpoint>
     <Trackpoint><Time>2026-01-31T13:50:37.999Z</Time><Position><LatitudeDegrees>48.1929910</LatitudeDegrees><LongitudeDegrees>16.3196347</LongitudeDegrees></Position><AltitudeMeters>211</AltitudeMeters><DistanceMeters>79.7</DistanceMeters><HeartRateBpm><Value>127</Value></HeartRateBpm><Extensions><TPX xmlns="http://www.garmin.com/xmlschemas/ActivityExtension/v2"><RunCadence>79</RunCadence><Speed>2.492188</Speed><Watts>192</Watts></TPX></Extensions></Trackpoint>
     <Trackpoint><Time>2026-01-31T13:50:38.999Z</Time><Position><LatitudeDegrees>48.1929699</LatitudeDegrees><LongitudeDegrees>16.3195955</LongitudeDegrees></Position><AltitudeMeters>211</AltitudeMeters><DistanceMeters>89.6</DistanceMeters><HeartRateBpm><Value>127</Value></HeartRateBpm><Extensions><TPX xmlns="http://www.garmin.com/xmlschemas/ActivityExtension/v2"><RunCadence>79</RunCadence><Speed>2.492188</Speed><Watts>192</Watts></TPX></Extensions></Trackpoint>
     <Trackpoint><Time>2026-01-31T13:50:40.000Z</Time><Position><LatitudeDegrees>48.1929194</LatitudeDegrees><LongitudeDegrees>16.3193890</LongitudeDegrees></Position><AltitudeMeters>211</AltitudeMeters><DistanceMeters>99.6</DistanceMeters><HeartRateBpm><Value>127</Value></HeartRateBpm><Extensions><TPX xmlns="http://www.garmin.com/xmlschemas/ActivityExtension/v2"><RunCadence>76</RunCadence><Speed>2.554688</Speed><Watts>192</Watts></TPX></Extensions></Trackpoint>
     <Trackpoint><Time>2026-01-31T13:50:41.000Z</Time><Position><LatitudeDegrees>48.1929087</LatitudeDegrees><LongitudeDegrees>16.3193521</LongitudeDegrees></Position><AltitudeMeters>211</AltitudeMeters><DistanceMeters>102.3</DistanceMeters><HeartRateBpm><Value>127</Value></HeartRateBpm><Extensions><TPX xmlns="http://www.garmin.com/xmlschemas/ActivityExtension/v2"><RunCadence>76</RunCadence><Speed>2.554688</Speed><Watts>192</Watts></TPX></Extensions></Trackpoint>
     <Trackpoint><Time>2026-01-31T13:50:42.000Z</Time><Position><LatitudeDegrees>48.1929014</LatitudeDegrees><LongitudeDegrees>16.3193196</LongitudeDegrees></Position><AltitudeMeters>211</AltitudeMeters><DistanceMeters>105.1</DistanceMeters><HeartRateBpm><Value>127</Value></HeartRateBpm><Extensions><TPX xmlns="http://www.garmin.com/xmlschemas/ActivityExtension/v2"><RunCadence>77</RunCadence><Speed>2.554688</Speed><Watts>200</Watts></TPX></Extensions></Trackpoint>
     <Trackpoint><Time>2026-01-31T13:50:43.000Z</Time><Position><LatitudeDegrees>48.1928987</LatitudeDegrees><LongitudeDegrees>16.3193250</LongitudeDegrees></Position><AltitudeMeters>211</AltitudeMeters><DistanceMeters>106.9</DistanceMeters><HeartRateBpm><Value>127</Value></HeartRateBpm><Extensions><TPX xmlns="http://www.garmin.com/xmlschemas/ActivityExtension/v2"><RunCadence>77</RunCadence><Speed>2.554688</Speed><Watts>200</Watts></TPX></Extensions></Trackpoint>
     <Trackpoint><Time>2026-01-31T13:50:44.000Z</Time><Position><LatitudeDegrees>48.1928935</LatitudeDegrees><LongitudeDegrees>16.3192830</LongitudeDegrees></Position><AltitudeMeters>211</AltitudeMeters><DistanceMeters>108.7</DistanceMeters><HeartRateBpm><Value>127</Value></HeartRateBpm><Extensions><TPX xmlns="http://www.garmin.com/xmlschemas/ActivityExtension/v2"><RunCadence>77</RunCadence><Speed>2.554688</Speed><Watts>200</Watts></TPX></Extensions></Trackpoint>
     <Trackpoint><Time>2026-01-31T13:50:45.000Z</Time><Position><LatitudeDegrees>48.1928906</LatitudeDegrees><LongitudeDegrees>16.3192492</LongitudeDegrees></Position><AltitudeMeters>211</AltitudeMeters><DistanceMeters>110.4</DistanceMeters><HeartRateBpm><Value>130</Value></HeartRateBpm><Extensions><TPX xmlns="http://www.garmin.com/xmlschemas/ActivityExtension/v2"><RunCadence>83</RunCadence><Speed>2.636719</Speed><Watts>199</Watts></TPX></Extensions></Trackpoint>
     <Trackpoint><Time>2026-01-31T13:50:46.000Z</Time><Position><LatitudeDegrees>48.1928751</LatitudeDegrees><LongitudeDegrees>16.3192143</LongitudeDegrees></Position><AltitudeMeters>211</AltitudeMeters><DistanceMeters>114.1</DistanceMeters><HeartRateBpm><Value>130</Value></HeartRateBpm><Extensions><TPX xmlns="http://www.garmin.com/xmlschemas/ActivityExtension/v2"><RunCadence>83</RunCadence><Speed>2.636719</Speed><Watts>199</Watts></TPX></Extensions></Trackpoint>
     <Trackpoint><Time>2026-01-31T13:50:47.000Z</Time><Position><LatitudeDegrees>48.1928495</LatitudeDegrees><LongitudeDegrees>16.3191711</LongitudeDegrees></Position><AltitudeMeters>210</AltitudeMeters><DistanceMeters>117.8</DistanceMeters><HeartRateBpm><Value>130</Value></HeartRateBpm><Extensions><TPX xmlns="http://www.garmin.com/xmlschemas/ActivityExtension/v2"><RunCadence>81</RunCadence><Speed>2.636719</Speed><Watts>199</Watts></TPX></Extensions></Trackpoint>
     <Trackpoint><Time>2026-01-31T13:50:48.000Z</Time><Position><LatitudeDegrees>48.1928391</LatitudeDegrees><LongitudeDegrees>16.3191510</LongitudeDegrees></Position><AltitudeMeters>210</AltitudeMeters><DistanceMeters>120.5</DistanceMeters><HeartRateBpm><Value>130</Value></HeartRateBpm><Extensions><TPX xmlns="http://www.garmin.com/xmlschemas/ActivityExtension/v2"><RunCadence>81</RunCadence><Speed>2.636719</Speed><Watts>199</Watts></TPX></Extensions></Trackpoint>
     <Trackpoint><Time>2026-01-31T13:50:49.000Z</Time><Position><LatitudeDegrees>48.1928232</LatitudeDegrees><LongitudeDegrees>16.3191174</LongitudeDegrees></Position><AltitudeMeters>210</AltitudeMeters><DistanceMeters>123.1</DistanceMeters><HeartRateBpm><Value>130</Value></HeartRateBpm><Extensions><TPX xmlns="http://www.garmin.com/xmlschemas/ActivityExtension/v2"><RunCadence>81</RunCadence><Speed>2.636719</Speed><Watts>199</Watts></TPX></Extensions></Trackpoint>
     <Trackpoint><Time>2026-01-31T13:50:50.000Z</Time><Position><LatitudeDegrees>48.1928118</LatitudeDegrees><LongitudeDegrees>16.3190803</LongitudeDegrees></Position><AltitudeMeters>210</AltitudeMeters><DistanceMeters>125.7</DistanceMeters><HeartRateBpm><Value>135</Value></HeartRateBpm><Extensions><TPX xmlns="http://www.garmin.com/xmlschemas/ActivityExtension/v2"><RunCadence>81</RunCadence><Speed>2.636719</Speed><Watts>190</Watts></TPX></Extensions></Trackpoint>
     <Trackpoint><Time>2026-01-31T13:50:51.000Z</Time><Position><LatitudeDegrees>48.1928046</LatitudeDegrees><LongitudeDegrees>16.3190448</LongitudeDegrees></Position><AltitudeMeters>210</AltitudeMeters><DistanceMeters>128.4</DistanceMeters><HeartRateBpm><Value>135</Value></HeartRateBpm><Extensions><TPX xmlns="http://www.garmin.com/xmlschemas/ActivityExtension/v2"><RunCadence>81</RunCadence><Speed>2.636719</Speed><Watts>190</Watts></TPX></Extensions></Trackpoint>
     <Trackpoint><Time>2026-01-31T13:50:52.000Z</Time><Position><LatitudeDegrees>48.1927973</LatitudeDegrees><LongitudeDegrees>16.3190122</LongitudeDegrees></Position><AltitudeMeters>210</AltitudeMeters><DistanceMeters>131.1</DistanceMeters><HeartRateBpm><Value>135</Value></HeartRateBpm><Extensions><TPX xmlns="http://www.garmin.com/xmlschemas/ActivityExtension/v2"><RunCadence>81</RunCadence><Speed>2.621094</Speed><Watts>190</Watts></TPX></Extensions></Trackpoint>
     <Trackpoint><Time>2026-01-31T13:50:53.000Z</Time><Position><LatitudeDegrees>48.1927857</LatitudeDegrees><LongitudeDegrees>16.3189700</LongitudeDegrees></Position><AltitudeMeters>210</AltitudeMeters><DistanceMeters>134.7</DistanceMeters><HeartRateBpm><Value>135</Value></HeartRateBpm><Extensions><TPX xmlns="http://www.garmin.com/xmlschemas/ActivityExtension/v2"><RunCadence>81</RunCadence><Speed>2.621094</Speed><Watts>190</Watts></TPX></Extensions></Trackpoint>
     <Trackpoint><Time>2026-01-31T13:50:54.000Z</Time><Position><LatitudeDegrees>48.1927876</LatitudeDegrees><LongitudeDegrees>16.3189160</LongitudeDegrees></Position><AltitudeMeters>209</AltitudeMeters><DistanceMeters>138.3</DistanceMeters><HeartRateBpm><Value>136</Value></HeartRateBpm><Extensions><TPX xmlns="http://www.garmin.com/xmlschemas/ActivityExtension/v2"><RunCadence>78</RunCadence><Speed>2.621094</Speed><Watts>190</Watts></TPX></Extensions></Trackpoint>
     <Trackpoint><Time>2026-01-31T13:50:55.000Z</Time><Position><LatitudeDegrees>48.1927862</LatitudeDegrees><LongitudeDegrees>16.3188730</LongitudeDegrees></Position><AltitudeMeters>209</AltitudeMeters><DistanceMeters>141.2</DistanceMeters><HeartRateBpm><Value>136</Value></HeartRateBpm><Extensions><TPX xmlns="http://www.garmin.com/xmlschemas/ActivityExtension/v2"><RunCadence>78</RunCadence><Speed>2.621094</Speed><Watts>190</Watts></TPX></Extensions></Trackpoint>
     <Trackpoint><Time>2026-01-31T13:50:56.000Z</Time><Position><LatitudeDegrees>48.1927723</LatitudeDegrees><LongitudeDegrees>16.3188396</LongitudeDegrees></Position><AltitudeMeters>209</AltitudeMeters><DistanceMeters>144.2</DistanceMeters><HeartRateBpm><Value>136</Value></HeartRateBpm><Extensions><TPX xmlns="http://www.garmin.com/xmlschemas/ActivityExtension/v2"><RunCadence>76</RunCadence><Speed>2.621094</Speed><Watts>195</Watts></TPX></Extensions></Trackpoint>
     <Trackpoint><Time>2026-01-31T13:50:57.000Z</Time><Position><LatitudeDegrees>48.1927644</LatitudeDegrees><LongitudeDegrees>16.3188239</LongitudeDegrees></Position><AltitudeMeters>209</AltitudeMeters><DistanceMeters>147.1</DistanceMeters><HeartRateBpm><Value>136</Value></HeartRateBpm><Extensions><TPX xmlns="http://www.garmin.com/xmlschemas/ActivityExtension/v2"><RunCadence>76</RunCadence><Speed>2.621094</Speed><Watts>195</Watts></TPX></Extensions></Trackpoint>
     <Trackpoint><Time>2026-01-31T13:50:58.000Z</Time><Position><LatitudeDegrees>48.1927505</LatitudeDegrees><LongitudeDegrees>16.3187936</LongitudeDegrees></Position><AltitudeMeters>209</AltitudeMeters><DistanceMeters>150.0</DistanceMeters><HeartRateBpm><Value>136</Value></HeartRateBpm><Extensions><TPX xmlns="http://www.garmin.com/xmlschemas/ActivityExtension/v2"><RunCadence>76</RunCadence><Speed>2.621094</Speed><Watts>195</Watts></TPX></Extensions></Trackpoint>
     <Trackpoint><Time>2026-01-31T13:50:59.000Z</Time><Position><LatitudeDegrees>48.1927321</LatitudeDegrees><LongitudeDegrees>16.3187375</LongitudeDegrees></Position><AltitudeMeters>209</AltitudeMeters><DistanceMeters>153.0</DistanceMeters><HeartRateBpm><Value>138</Value></HeartRateBpm><Extensions><TPX xmlns="http://www.garmin.com/xmlschemas/ActivityExtension/v2"><RunCadence>77</RunCadence><Speed>2.648438</Speed><Watts>200</Watts></TPX></Extensions></Trackpoint>
     <Trackpoint><Time>2026-01-31T13:51:00.000Z</Time><Position><LatitudeDegrees>48.1927269</LatitudeDegrees><LongitudeDegrees>16.3186857</LongitudeDegrees></Position><AltitudeMeters>209</AltitudeMeters><DistanceMeters>157.3</DistanceMeters><HeartRateBpm><Value>138</Value></HeartRateBpm><Extensions><TPX xmlns="http://www.garmin.com/xmlschemas/ActivityExtension/v2"><RunCadence>77</RunCadence><Speed>2.648438</Speed><Watts>200</Watts></TPX></Extensions></Trackpoint>
     <Trackpoint><Time>2026-01-31T13:51:01.000Z</Time><Position><LatitudeDegrees>48.1927248</LatitudeDegrees><LongitudeDegrees>16.3186220</LongitudeDegrees></Position><AltitudeMeters>209</AltitudeMeters><DistanceMeters>161.6</DistanceMeters><HeartRateBpm><Value>138</Value></HeartRateBpm><Extensions><TPX xmlns="http://www.garmin.com/xmlschemas/ActivityExtension/v2"><RunCadence>80</RunCadence><Speed>2.648438</Speed><Watts>200</Watts></TPX></Extensions></Trackpoint>
     <Trackpoint><Time>2026-01-31T13:51:02.000Z</Time><Position><LatitudeDegrees>48.1927156</LatitudeDegrees><LongitudeDegrees>16.3185888</LongitudeDegrees></Position><AltitudeMeters>209</AltitudeMeters><DistanceMeters>164.4</DistanceMeters><HeartRateBpm><Value>138</Value></HeartRateBpm><Extensions><TPX xmlns="http://www.garmin.com/xmlschemas/ActivityExtension/v2"><RunCadence>80</RunCadence><Speed>2.648438</Speed><Watts>200</Watts></TPX></Extensions></Trackpoint>
     <Trackpoint><Time>2026-01-31T13:51:03.000Z</Time><Position><LatitudeDegrees>48.1927039</LatitudeDegrees><LongitudeDegrees>16.3185524</LongitudeDegrees></Position><AltitudeMeters>209</AltitudeMeters><DistanceMeters>167.2</DistanceMeters><HeartRateBpm><Value>138</Value></HeartRateBpm><Extensions><TPX xmlns="http://www.garmin.com/xmlschemas/ActivityExtension/v2"><RunCadence>79</RunCadence><Speed>2.660156</Speed><Watts>205</Watts></TPX></Extensions></Trackpoint>
     <Trackpoint><Time>2026-01-31T13:51:04.000Z</Time><Position><LatitudeDegrees>48.1926974</LatitudeDegrees><LongitudeDegrees>16.3184989</LongitudeDegrees></Position><AltitudeMeters>209</AltitudeMeters><DistanceMeters>171.3</DistanceMeters><HeartRateBpm><Value>138</Value></HeartRateBpm><Extensions><TPX xmlns="http://www.garmin.com/xmlschemas/ActivityExtension/v2"><RunCadence>79</RunCadence><Speed>2.660156</Speed><Watts>205</Watts></TPX></Extensions></Trackpoint>
     <Trackpoint><Time>2026-01-31T13:51:05.000Z</Time><Position><LatitudeDegrees>48.1926805</LatitudeDegrees><LongitudeDegrees>16.3184493</LongitudeDegrees></Position><AltitudeMeters>208</AltitudeMeters><DistanceMeters>175.3</DistanceMeters><HeartRateBpm><Value>140</Value></HeartRateBpm><Extensions><TPX xmlns="http://www.garmin.com/xmlschemas/ActivityExtension/v2"><RunCadence>81</RunCadence><Speed>2.660156</Speed><Watts>205</Watts></TPX></Extensions></Trackpoint>
     <Trackpoint><Time>2026-01-31T13:51:06.000Z</Time><Position><LatitudeDegrees>48.1926742</LatitudeDegrees><LongitudeDegrees>16.3183952</LongitudeDegrees></Position><AltitudeMeters>208</AltitudeMeters><DistanceMeters>179.1</DistanceMeters><HeartRateBpm><Value>140</Value></HeartRateBpm><Extensions><TPX xmlns="http://www.garmin.com/xmlschemas/ActivityExtension/v2"><RunCadence>81</RunCadence><Speed>2.660156</Speed><Watts>205</Watts></TPX></Extensions></Trackpoint>
     <Trackpoint><Time>2026-01-31T13:51:07.000Z</Time><Position><LatitudeDegrees>48.1926625</LatitudeDegrees><LongitudeDegrees>16.3183511</LongitudeDegrees></Position><AltitudeMeters>208</AltitudeMeters><DistanceMeters>182.9</DistanceMeters><HeartRateBpm><Value>140</Value></HeartRateBpm><Extensions><TPX xmlns="http://www.garmin.com/xmlschemas/ActivityExtension/v2"><RunCadence>84</RunCadence><Speed>2.660156</Speed><Watts>205</Watts></TPX></Extensions></Trackpoint>
     <Trackpoint><Time>2026-01-31T13:51:08.000Z</Time><Position><LatitudeDegrees>48.1926551</LatitudeDegrees><LongitudeDegrees>16.3183241</LongitudeDegrees></Position><AltitudeMeters>208</AltitudeMeters><DistanceMeters>185.6</DistanceMeters><HeartRateBpm><Value>140</Value></HeartRateBpm><Extensions><TPX xmlns="http://www.garmin.com/xmlschemas/ActivityExtension/v2"><RunCadence>84</RunCadence><Speed>2.660156</Speed><Watts>205</Watts></TPX></Extensions></Trackpoint>
     <Trackpoint><Time>2026-01-31T13:51:09.000Z</Time><Position><LatitudeDegrees>48.1926372</LatitudeDegrees><LongitudeDegrees>16.3182872</LongitudeDegrees></Position><AltitudeMeters>208</AltitudeMeters><DistanceMeters>188.4</DistanceMeters><HeartRateBpm><Value>145</Value></HeartRateBpm><Extensions><TPX xmlns="http://www.garmin.com/xmlschemas/ActivityExtension/v2"><RunCadence>84</RunCadence><Speed>2.648438</Speed><Watts>205</Watts></TPX></Extensions></Trackpoint>
     <Trackpoint><Time>2026-01-31T13:51:10.000Z</Time><Position><LatitudeDegrees>48.1926237</LatitudeDegrees><LongitudeDegrees>16.3182402</LongitudeDegrees></Position><AltitudeMeters>208</AltitudeMeters><DistanceMeters>191.6</DistanceMeters><HeartRateBpm><Value>145</Value></HeartRateBpm><Extensions><TPX xmlns="http://www.garmin.com/xmlschemas/ActivityExtension/v2"><RunCadence>84</RunCadence><Speed>2.648438</Speed><Watts>205</Watts></TPX></Extensions></Trackpoint>
     <Trackpoint><Time>2026-01-31T13:51:11.000Z</Time><Position><LatitudeDegrees>48.1926148</LatitudeDegrees><LongitudeDegrees>16.3182061</LongitudeDegrees></Position><AltitudeMeters>208</AltitudeMeters><DistanceMeters>194.9</DistanceMeters><HeartRateBpm><Value>145</Value></HeartRateBpm><Extensions><TPX xmlns="http://www.garmin.com/xmlschemas/ActivityExtension/v2"><RunCadence>83</RunCadence><Speed>2.648438</Speed><Watts>223</Watts></TPX></Extensions></Trackpoint>
     <Trackpoint><Time>2026-01-31T13:51:12.000Z</Time><Position><LatitudeDegrees>48.1926038</LatitudeDegrees><LongitudeDegrees>16.3181714</LongitudeDegrees></Position><AltitudeMeters>208</AltitudeMeters><DistanceMeters>197.9</DistanceMeters><HeartRateBpm><Value>145</Value></HeartRateBpm><Extensions><TPX xmlns="http://www.garmin.com/xmlschemas/ActivityExtension/v2"><RunCadence>83</RunCadence><Speed>2.648438</Speed><Watts>223</Watts></TPX></Extensions></Trackpoint>
     <Trackpoint><Time>2026-01-31T13:51:13.000Z</Time><Position><LatitudeDegrees>48.1925896</LatitudeDegrees><LongitudeDegrees>16.3181330</LongitudeDegrees></Position><AltitudeMeters>207</AltitudeMeters><DistanceMeters>201.0</DistanceMeters><HeartRateBpm><Value>146</Value></HeartRateBpm><Extensions><TPX xmlns="http://www.garmin.com/xmlschemas/ActivityExtension/v2"><RunCadence>79</RunCadence><Speed>2.660156</Speed><Watts>223</Watts></TPX></Extensions></Trackpoint>
     <Trackpoint><Time>2026-01-31T13:51:14.000Z</Time><Position><LatitudeDegrees>48.1925758</LatitudeDegrees><LongitudeDegrees>16.3180976</LongitudeDegrees></Position><AltitudeMeters>207</AltitudeMeters><DistanceMeters>204.5</DistanceMeters><HeartRateBpm><Value>146</Value></HeartRateBpm><Extensions><TPX xmlns="http://www.garmin.com/xmlschemas/ActivityExtension/v2"><RunCadence>79</RunCadence><Speed>2.660156</Speed><Watts>223</Watts></TPX></Extensions></Trackpoint>
     <Trackpoint><Time>2026-01-31T13:51:15.000Z</Time><Position><LatitudeDegrees>48.1925583</LatitudeDegrees><LongitudeDegrees>16.3180518</LongitudeDegrees></Position><AltitudeMeters>207</AltitudeMeters><DistanceMeters>207.9</DistanceMeters><HeartRateBpm><Value>146</Value></HeartRateBpm><Extensions><TPX xmlns="http://www.garmin.com/xmlschemas/ActivityExtension/v2"><RunCadence>77</RunCadence><Speed>2.660156</Speed><Watts>223</Watts></TPX></Extensions></Trackpoint>
     <Trackpoint><Time>2026-01-31T13:51:16.000Z</Time><Position><LatitudeDegrees>48.1925497</LatitudeDegrees><LongitudeDegrees>16.3180139</LongitudeDegrees></Position><AltitudeMeters>207</AltitudeMeters><DistanceMeters>210.9</DistanceMeters><HeartRateBpm><Value>146</Value></HeartRateBpm><Extensions><TPX xmlns="http://www.garmin.com/xmlschemas/ActivityExtension/v2"><RunCadence>77</RunCadence><Speed>2.660156</Speed><Watts>223</Watts></TPX></Extensions></Trackpoint>
     <Trackpoint><Time>2026-01-31T13:51:17.000Z</Time><Position><LatitudeDegrees>48.1925371</LatitudeDegrees><LongitudeDegrees>16.3179792</LongitudeDegrees></Position><AltitudeMeters>207</AltitudeMeters><DistanceMeters>213.8</DistanceMeters><HeartRateBpm><Value>146</Value></HeartRateBpm><Extensions><TPX xmlns="http://www.garmin.com/xmlschemas/ActivityExtension/v2"><RunCadence>80</RunCadence><Speed>2.660156</Speed><Watts>219</Watts></TPX></Extensions></Trackpoint>
     <Trackpoint><Time>2026-01-31T13:51:18.000Z</Time><Position><LatitudeDegrees>48.1925234</LatitudeDegrees><LongitudeDegrees>16.3179386</LongitudeDegrees></Position><AltitudeMeters>207</AltitudeMeters><DistanceMeters>216.8</DistanceMeters><HeartRateBpm><Value>146</Value></HeartRateBpm><Extensions><TPX xmlns="http://www.garmin.com/xmlschemas/ActivityExtension/v2"><RunCadence>80</RunCadence><Speed>2.660156</Speed><Watts>219</Watts></TPX></Extensions></Trackpoint>
     <Trackpoint><Time>2026-01-31T13:51:19.000Z</Time><Position><LatitudeDegrees>48.1925041</LatitudeDegrees><LongitudeDegrees>16.3179142</LongitudeDegrees></Position><AltitudeMeters>207</AltitudeMeters><DistanceMeters>219.9</DistanceMeters><HeartRateBpm><Value>140</Value></HeartRateBpm><Extensions><TPX xmlns="http://www.garmin.com/xmlschemas/ActivityExtension/v2"><RunCadence>81</RunCadence><Speed>2.722656</Speed><Watts>219</Watts></TPX></Extensions></Trackpoint>
     <Trackpoint><Time>2026-01-31T13:51:20.000Z</Time><Position><LatitudeDegrees>48.1924943</LatitudeDegrees><LongitudeDegrees>16.3178861</LongitudeDegrees></Position><AltitudeMeters>207</AltitudeMeters><DistanceMeters>223.2</DistanceMeters><HeartRateBpm><Value>140</Value></HeartRateBpm><Extensions><TPX xmlns="http://www.garmin.com/xmlschemas/ActivityExtension/v2"><RunCadence>81</RunCadence><Speed>2.722656</Speed><Watts>219</Watts></TPX></Extensions></Trackpoint>
     <Trackpoint><Time>2026-01-31T13:51:21.000Z</Time><Position><LatitudeDegrees>48.1924735</LatitudeDegrees><LongitudeDegrees>16.3178374</LongitudeDegrees></Position><AltitudeMeters>206</AltitudeMeters><DistanceMeters>226.5</DistanceMeters><HeartRateBpm><Value>140</Value></HeartRateBpm><Extensions><TPX xmlns="http://www.garmin.com/xmlschemas/ActivityExtension/v2"><RunCadence>78</RunCadence><Speed>2.722656</Speed><Watts>220</Watts></TPX></Extensions></Trackpoint>
     <Trackpoint><Time>2026-01-31T13:51:22.000Z</Time><Position><LatitudeDegrees>48.1924589</LatitudeDegrees><LongitudeDegrees>16.3177912</LongitudeDegrees></Position><AltitudeMeters>206</AltitudeMeters><DistanceMeters>230.2</DistanceMeters><HeartRateBpm><Value>140</Value></HeartRateBpm><Extensions><TPX xmlns="http://www.garmin.com/xmlschemas/ActivityExtension/v2"><RunCadence>78</RunCadence><Speed>2.722656</Speed><Watts>220</Watts></TPX></Extensions></Trackpoint>
     <Trackpoint><Time>2026-01-31T13:51:23.000Z</Time><Position><LatitudeDegrees>48.1924413</LatitudeDegrees><LongitudeDegrees>16.3177491</LongitudeDegrees></Position><AltitudeMeters>206</AltitudeMeters><DistanceMeters>234.0</DistanceMeters><HeartRateBpm><Value>147</Value></HeartRateBpm><Extensions><TPX xmlns="http://www.garmin.com/xmlschemas/ActivityExtension/v2"><RunCadence>80</RunCadence><Speed>2.785156</Speed><Watts>219</Watts></TPX></Extensions></Trackpoint>
     <Trackpoint><Time>2026-01-31T13:51:24.000Z</Time><Position><LatitudeDegrees>48.1924260</LatitudeDegrees><LongitudeDegrees>16.3176896</LongitudeDegrees></Position><AltitudeMeters>206</AltitudeMeters><DistanceMeters>237.9</DistanceMeters><HeartRateBpm><Value>147</Value></HeartRateBpm><Extensions><TPX xmlns="http://www.garmin.com/xmlschemas/ActivityExtension/v2"><RunCadence>80</RunCadence><Speed>2.785156</Speed><Watts>219</Watts></TPX></Extensions></Trackpoint>
     <Trackpoint><Time>2026-01-31T13:51:25.000Z</Time><Position><LatitudeDegrees>48.1924240</LatitudeDegrees><LongitudeDegrees>16.3176466</LongitudeDegrees></Position><AltitudeMeters>206</AltitudeMeters><DistanceMeters>241.8</DistanceMeters><HeartRateBpm><Value>147</Value></HeartRateBpm><Extensions><TPX xmlns="http://www.garmin.com/xmlschemas/ActivityExtension/v2"><RunCadence>81</RunCadence><Speed>2.785156</Speed><Watts>219</Watts></TPX></Extensions></Trackpoint>
     <Trackpoint><Time>2026-01-31T13:51:26.000Z</Time><Position><LatitudeDegrees>48.1924153</LatitudeDegrees><LongitudeDegrees>16.3176062</LongitudeDegrees></Position><AltitudeMeters>206</AltitudeMeters><DistanceMeters>244.9</DistanceMeters><HeartRateBpm><Value>147</Value></HeartRateBpm><Extensions><TPX xmlns="http://www.garmin.com/xmlschemas/ActivityExtension/v2"><RunCadence>81</RunCadence><Speed>2.785156</Speed><Watts>219</Watts></TPX></Extensions></Trackpoint>
     <Trackpoint><Time>2026-01-31T13:51:27.000Z</Time><Position><LatitudeDegrees>48.1924029</LatitudeDegrees><LongitudeDegrees>16.3175706</LongitudeDegrees></Position><AltitudeMeters>205</AltitudeMeters><DistanceMeters>247.9</DistanceMeters><HeartRateBpm><Value>147</Value></HeartRateBpm><Extensions><TPX xmlns="http://www.garmin.com/xmlschemas/ActivityExtension/v2"><RunCadence>76</RunCadence><Speed>2.785156</Speed><Watts>225</Watts></TPX></Extensions></Trackpoint>
     <Trackpoint><Time>2026-01-31T13:51:28.000Z</Time><Position><LatitudeDegrees>48.1923886</LatitudeDegrees><LongitudeDegrees>16.3175310</LongitudeDegrees></Position><AltitudeMeters>205</AltitudeMeters><DistanceMeters>250.9</DistanceMeters><HeartRateBpm><Value>147</Value></HeartRateBpm><Extensions><TPX xmlns="http://www.garmin.com/xmlschemas/ActivityExtension/v2"><RunCadence>76</RunCadence><Speed>2.785156</Speed><Watts>225</Watts></TPX></Extensions></Trackpoint>
     <Trackpoint><Time>2026-01-31T13:51:29.000Z</Time><Position><LatitudeDegrees>48.1923757</LatitudeDegrees><LongitudeDegrees>16.3175020</LongitudeDegrees></Position><AltitudeMeters>205</AltitudeMeters><DistanceMeters>253.8</DistanceMeters><HeartRateBpm><Value>147</Value></HeartRateBpm><Extensions><TPX xmlns="http://www.garmin.com/xmlschemas/ActivityExtension/v2"><RunCadence>75</RunCadence><Speed>2.781250</Speed><Watts>225</Watts></TPX></Extensions></Trackpoint>
     <Trackpoint><Time>2026-01-31T13:51:30.000Z</Time><Position><LatitudeDegrees>48.1923603</LatitudeDegrees><LongitudeDegrees>16.3174601</LongitudeDegrees></Position><AltitudeMeters>205</AltitudeMeters><DistanceMeters>257.4</DistanceMeters><HeartRateBpm><Value>147</Value></HeartRateBpm><Extensions><TPX xmlns="http://www.garmin.com/xmlschemas/ActivityExtension/v2"><RunCadence>75</RunCadence><Speed>2.781250</Speed><Watts>225</Watts></TPX></Extensions></Trackpoint>
     <Trackpoint><Time>2026-01-31T13:51:31.000Z</Time><Position><LatitudeDegrees>48.1923440</LatitudeDegrees><LongitudeDegrees>16.3174171</LongitudeDegrees></Position><AltitudeMeters>205</AltitudeMeters><DistanceMeters>261.1</DistanceMeters><HeartRateBpm><Value>147</Value></HeartRateBpm><Extensions><TPX xmlns="http://www.garmin.com/xmlschemas/ActivityExtension/v2"><RunCadence>78</RunCadence><Speed>2.781250</Speed><Watts>231</Watts></TPX></Extensions></Trackpoint>
     <Trackpoint><Time>2026-01-31T13:51:32.000Z</Time><Position><LatitudeDegrees>48.1923412</LatitudeDegrees><LongitudeDegrees>16.3173768</LongitudeDegrees></Position><AltitudeMeters>205</AltitudeMeters><DistanceMeters>263.5</DistanceMeters><HeartRateBpm><Value>147</Value></HeartRateBpm><Extensions><TPX xmlns="http://www.garmin.com/xmlschemas/ActivityExtension/v2"><RunCadence>78</RunCadence><Speed>2.781250</Speed><Watts>231</Watts></TPX></Extensions></Trackpoint>
     <Trackpoint><Time>2026-01-31T13:51:33.000Z</Time><Position><LatitudeDegrees>48.1923372</LatitudeDegrees><LongitudeDegrees>16.3173531</LongitudeDegrees></Position><AltitudeMeters>205</AltitudeMeters><DistanceMeters>265.9</DistanceMeters><HeartRateBpm><Value>147</Value></HeartRateBpm><Extensions><TPX xmlns="http://www.garmin.com/xmlschemas/ActivityExtension/v2"><RunCadence>78</RunCadence><Speed>2.781250</Speed><Watts>231</Watts></TPX></Extensions></Trackpoint>
     <Trackpoint><Time>2026-01-31T13:51:34.000Z</Time><Position><LatitudeDegrees>48.1923301</LatitudeDegrees><LongitudeDegrees>16.3173209</LongitudeDegrees></Position><AltitudeMeters>205</AltitudeMeters><DistanceMeters>268.3</DistanceMeters><HeartRateBpm><Value>147</Value></HeartRateBpm><Extensions><TPX xmlns="http://www.garmin.com/xmlschemas/ActivityExtension/v2"><RunCadence>79</RunCadence><Speed>2.683594</Speed><Watts>231</Watts></TPX></Extensions></Trackpoint>
     <Trackpoint><Time>2026-01-31T13:51:35.000Z</Time><Position><LatitudeDegrees>48.1923143</LatitudeDegrees><LongitudeDegrees>16.3172687</LongitudeDegrees></Position><AltitudeMeters>205</AltitudeMeters><DistanceMeters>272.2</DistanceMeters><HeartRateBpm><Value>147</Value></HeartRateBpm><Extensions><TPX xmlns="http://www.garmin.com/xmlschemas/ActivityExtension/v2"><RunCadence>79</RunCadence><Speed>2.683594</Speed><Watts>231</Watts></TPX></Extensions></Trackpoint>
     <Trackpoint><Time>2026-01-31T13:51:36.000Z</Time><Position><LatitudeDegrees>48.1923038</LatitudeDegrees><LongitudeDegrees>16.3172241</LongitudeDegrees></Position><AltitudeMeters>205</AltitudeMeters><DistanceMeters>276.1</DistanceMeters><HeartRateBpm><Value>148</Value></HeartRateBpm><Extensions><TPX xmlns="http://www.garmin.com/xmlschemas/ActivityExtension/v2"><RunCadence>78</RunCadence><Speed>2.683594</Speed><Watts>227</Watts></TPX></Extensions></Trackpoint>
     <Trackpoint><Time>2026-01-31T13:51:37.000Z</Time><Position><LatitudeDegrees>48.1922962</LatitudeDegrees><LongitudeDegrees>16.3171915</LongitudeDegrees></Position><AltitudeMeters>205</AltitudeMeters><DistanceMeters>279.0</DistanceMeters><HeartRateBpm><Value>148</Value></HeartRateBpm><Extensions><TPX xmlns="http://www.garmin.com/xmlschemas/ActivityExtension/v2"><RunCadence>78</RunCadence><Speed>2.683594</Speed><Watts>227</Watts></TPX></Extensions></Trackpoint>
     <Trackpoint><Time>2026-01-31T13:51:38.000Z</Time><Position><LatitudeDegrees>48.1922834</LatitudeDegrees><LongitudeDegrees>16.3171518</LongitudeDegrees></Position><AltitudeMeters>205</AltitudeMeters><DistanceMeters>281.9</DistanceMeters><HeartRateBpm><Value>148</Value></HeartRateBpm><Extensions><TPX xmlns="http://www.garmin.com/xmlschemas/ActivityExtension/v2"><RunCadence>79</RunCadence><Speed>2.683594</Speed><Watts>227</Watts></TPX></Extensions></Trackpoint>
     <Trackpoint><Time>2026-01-31T13:51:39.000Z</Time><Position><LatitudeDegrees>48.1922651</LatitudeDegrees><LongitudeDegrees>16.3171042</LongitudeDegrees></Position><AltitudeMeters>205</AltitudeMeters><DistanceMeters>285.3</DistanceMeters><HeartRateBpm><Value>148</Value></HeartRateBpm><Extensions><TPX xmlns="http://www.garmin.com/xmlschemas/ActivityExtension/v2"><RunCadence>79</RunCadence><Speed>2.683594</Speed><Watts>227</Watts></TPX></Extensions></Trackpoint>
     <Trackpoint><Time>2026-01-31T13:51:40.000Z</Time><Position><LatitudeDegrees>48.1922565</LatitudeDegrees><LongitudeDegrees>16.3170686</LongitudeDegrees></Position><AltitudeMeters>205</AltitudeMeters><DistanceMeters>288.8</DistanceMeters><HeartRateBpm><Value>148</Value></HeartRateBpm><Extensions><TPX xmlns="http://www.garmin.com/xmlschemas/ActivityExtension/v2"><RunCadence>83</RunCadence><Speed>2.730469</Speed><Watts>227</Watts></TPX></Extensions></Trackpoint>
     <Trackpoint><Time>2026-01-31T13:51:41.000Z</Time><Position><LatitudeDegrees>48.1922474</LatitudeDegrees><LongitudeDegrees>16.3170104</LongitudeDegrees></Position><AltitudeMeters>205</AltitudeMeters><DistanceMeters>292.5</DistanceMeters><HeartRateBpm><Value>148</Value></HeartRateBpm><Extensions><TPX xmlns="http://www.garmin.com/xmlschemas/ActivityExtension/v2"><RunCadence>83</RunCadence><Speed>2.730469</Speed><Watts>227</Watts></TPX></Extensions></Trackpoint>
     <Trackpoint><Time>2026-01-31T13:51:42.000Z</Time><Position><LatitudeDegrees>48.1922400</LatitudeDegrees><LongitudeDegrees>16.3169722</LongitudeDegrees></Position><AltitudeMeters>205</AltitudeMeters><DistanceMeters>296.2</DistanceMeters><HeartRateBpm><Value>148</Value></HeartRateBpm><Extensions><TPX xmlns="http://www.garmin.com/xmlschemas/ActivityExtension/v2"><RunCadence>81</RunCadence><Speed>2.730469</Speed><Watts>227</Watts></TPX></Extensions></Trackpoint>
     <Trackpoint><Time>2026-01-31T13:51:43.000Z</Time><Position><LatitudeDegrees>48.1922416</LatitudeDegrees><LongitudeDegrees>16.3169392</LongitudeDegrees></Position><AltitudeMeters>205</AltitudeMeters><DistanceMeters>299.0</DistanceMeters><HeartRateBpm><Value>148</Value></HeartRateBpm><Extensions><TPX xmlns="http://www.garmin.com/xmlschemas/ActivityExtension/v2"><RunCadence>81</RunCadence><Speed>2.730469</Speed><Watts>227</Watts></TPX></Extensions></Trackpoint>
     <Trackpoint><Time>2026-01-31T13:51:44.000Z</Time><Position><LatitudeDegrees>48.1922381</LatitudeDegrees><LongitudeDegrees>16.3168956</LongitudeDegrees></Position><AltitudeMeters>204</AltitudeMeters><DistanceMeters>301.8</DistanceMeters><HeartRateBpm><Value>148</Value></HeartRateBpm><Extensions><TPX xmlns="http://www.garmin.com/xmlschemas/ActivityExtension/v2"><RunCadence>76</RunCadence><Speed>2.730469</Speed><Watts>227</Watts></TPX></Extensions></Trackpoint>
     <Trackpoint><Time>2026-01-31T13:51:45.000Z</Time><Position><LatitudeDegrees>48.1922381</LatitudeDegrees><LongitudeDegrees>16.3168588</LongitudeDegrees></Position><AltitudeMeters>204</AltitudeMeters><DistanceMeters>304.6</DistanceMeters><HeartRateBpm><Value>148</Value></HeartRateBpm><Extensions><TPX xmlns="http://www.garmin.com/xmlschemas/ActivityExtension/v2"><RunCadence>76</RunCadence><Speed>2.730469</Speed><Watts>227</Watts></TPX></Extensions></Trackpoint>
     <Trackpoint><Time>2026-01-31T13:51:46.000Z</Time><Position><LatitudeDegrees>48.1922406</LatitudeDegrees><LongitudeDegrees>16.3168201</LongitudeDegrees></Position><AltitudeMeters>204</AltitudeMeters><DistanceMeters>307.4</DistanceMeters><HeartRateBpm><Value>148</Value></HeartRateBpm><Extensions><TPX xmlns="http://www.garmin.com/xmlschemas/ActivityExtension/v2"><RunCadence>79</RunCadence><Speed>2.730469</Speed><Watts>234</Watts></TPX></Extensions></Trackpoint>
     <Trackpoint><Time>2026-01-31T13:51:47.000Z</Time><Position><LatitudeDegrees>48.1922404</LatitudeDegrees><LongitudeDegrees>16.3167546</LongitudeDegrees></Position><AltitudeMeters>204</AltitudeMeters><DistanceMeters>311.6</DistanceMeters><HeartRateBpm><Value>148</Value></HeartRateBpm><Extensions><TPX xmlns="http://www.garmin.com/xmlschemas/ActivityExtension/v2"><RunCadence>79</RunCadence><Speed>2.730469</Speed><Watts>234</Watts></TPX></Extensions></Trackpoint>
     <Trackpoint><Time>2026-01-31T13:51:48.000Z</Time><Position><LatitudeDegrees>48.1922331</LatitudeDegrees><LongitudeDegrees>16.3167076</LongitudeDegrees></Position><AltitudeMeters>204</AltitudeMeters><DistanceMeters>315.8</DistanceMeters><HeartRateBpm><Value>148</Value></HeartRateBpm><Extensions><TPX xmlns="http://www.garmin.com/xmlschemas/ActivityExtension/v2"><RunCadence>81</RunCadence><Speed>2.730469</Speed><Watts>234</Watts></TPX></Extensions></Trackpoint>
     <Trackpoint><Time>2026-01-31T13:51:49.000Z</Time><Position><LatitudeDegrees>48.1922236</LatitudeDegrees><LongitudeDegrees>16.3166764</LongitudeDegrees></Position><AltitudeMeters>204</AltitudeMeters><DistanceMeters>317.8</DistanceMeters><HeartRateBpm><Value>148</Value></HeartRateBpm><Extensions><TPX xmlns="http://www.garmin.com/xmlschemas/ActivityExtension/v2"><RunCadence>81</RunCadence><Speed>2.730469</Speed><Watts>234</Watts></TPX></Extensions></Trackpoint>
     <Trackpoint><Time>2026-01-31T13:51:50.000Z</Time><Position><LatitudeDegrees>48.1922017</LatitudeDegrees><LongitudeDegrees>16.3166747</LongitudeDegrees></Position><AltitudeMeters>204</AltitudeMeters><DistanceMeters>319.9</DistanceMeters><HeartRateBpm><Value>148</Value></HeartRateBpm><Extensions><TPX xmlns="http://www.garmin.com/xmlschemas/ActivityExtension/v2"><RunCadence>81</RunCadence><Speed>2.730469</Speed><Watts>234</Watts></TPX></Extensions></Trackpoint>
     <Trackpoint><Time>2026-01-31T13:51:51.000Z</Time><Position><LatitudeDegrees>48.1921799</LatitudeDegrees><LongitudeDegrees>16.3166905</LongitudeDegrees></Position><AltitudeMeters>204</AltitudeMeters><DistanceMeters>321.9</DistanceMeters><HeartRateBpm><Value>147</Value></HeartRateBpm><Extensions><TPX xmlns="http://www.garmin.com/xmlschemas/ActivityExtension/v2"><RunCadence>81</RunCadence><Speed>2.734375</Speed><Watts>241</Watts></TPX></Extensions></Trackpoint>
     <Trackpoint><Time>2026-01-31T13:51:52.000Z</Time><Position><LatitudeDegrees>48.1921695</LatitudeDegrees><LongitudeDegrees>16.3167139</LongitudeDegrees></Position><AltitudeMeters>204</AltitudeMeters><DistanceMeters>324.5</DistanceMeters><HeartRateBpm><Value>147</Value></HeartRateBpm><Extensions><TPX xmlns="http://www.garmin.com/xmlschemas/ActivityExtension/v2"><RunCadence>81</RunCadence><Speed>2.734375</Speed><Watts>241</Watts></TPX></Extensions></Trackpoint>
     <Trackpoint><Time>2026-01-31T13:51:53.000Z</Time><Position><LatitudeDegrees>48.1921535</LatitudeDegrees><LongitudeDegrees>16.3167292</LongitudeDegrees></Position><AltitudeMeters>204</AltitudeMeters><DistanceMeters>327.1</DistanceMeters><HeartRateBpm><Value>147</Value></HeartRateBpm><Extensions><TPX xmlns="http://www.garmin.com/xmlschemas/ActivityExtension/v2"><RunCadence>81</RunCadence><Speed>2.734375</Speed><Watts>241</Watts></TPX></Extensions></Trackpoint>
     <Trackpoint><Time>2026-01-31T13:51:54.000Z</Time><Position><LatitudeDegrees>48.1921258</LatitudeDegrees><LongitudeDegrees>16.3167580</LongitudeDegrees></Position><AltitudeMeters>203</AltitudeMeters><DistanceMeters>329.7</DistanceMeters><HeartRateBpm><Value>151</Value></HeartRateBpm><Extensions><TPX xmlns="http://www.garmin.com/xmlschemas/ActivityExtension/v2"><RunCadence>81</RunCadence><Speed>2.734375</Speed><Watts>241</Watts></TPX></Extensions></Trackpoint>
     <Trackpoint><Time>2026-01-31T13:51:55.000Z</Time><Position><LatitudeDegrees>48.1921002</LatitudeDegrees><LongitudeDegrees>16.3167948</LongitudeDegrees></Position><AltitudeMeters>203</AltitudeMeters><DistanceMeters>332.7</DistanceMeters><HeartRateBpm><Value>151</Value></HeartRateBpm><Extensions><TPX xmlns="http://www.garmin.com/xmlschemas/ActivityExtension/v2"><RunCadence>81</RunCadence><Speed>2.734375</Speed><Watts>241</Watts></TPX></Extensions></Trackpoint>
     <Trackpoint><Time>2026-01-31T13:51:56.000Z</Time><Position><LatitudeDegrees>48.1920716</LatitudeDegrees><LongitudeDegrees>16.3167609</LongitudeDegrees></Position><AltitudeMeters>203</AltitudeMeters><DistanceMeters>335.7</DistanceMeters><HeartRateBpm><Value>151</Value></HeartRateBpm><Extensions><TPX xmlns="http://www.garmin.com/xmlschemas/ActivityExtension/v2"><RunCadence>81</RunCadence><Speed>2.734375</Speed><Watts>210</Watts></TPX></Extensions></Trackpoint>
     <Trackpoint><Time>2026-01-31T13:51:57.000Z</Time><Position><LatitudeDegrees>48.1920516</LatitudeDegrees><LongitudeDegrees>16.3167909</LongitudeDegrees></Position><AltitudeMeters>203</AltitudeMeters><DistanceMeters>339.0</DistanceMeters><HeartRateBpm><Value>151</Value></HeartRateBpm><Extensions><TPX xmlns="http://www.garmin.com/xmlschemas/ActivityExtension/v2"><RunCadence>81</RunCadence><Speed>2.734375</Speed><Watts>210</Watts></TPX></Extensions></Trackpoint>
     <Trackpoint><Time>2026-01-31T13:51:58.000Z</Time><Position><LatitudeDegrees>48.1920436</LatitudeDegrees><LongitudeDegrees>16.3168371</LongitudeDegrees></Position><AltitudeMeters>203</AltitudeMeters><DistanceMeters>342.2</DistanceMeters><HeartRateBpm><Value>151</Value></HeartRateBpm><Extensions><TPX xmlns="http://www.garmin.com/xmlschemas/ActivityExtension/v2"><RunCadence>79</RunCadence><Speed>2.800781</Speed><Watts>210</Watts></TPX></Extensions></Trackpoint>
     <Trackpoint><Time>2026-01-31T13:51:59.000Z</Time><Position><LatitudeDegrees>48.1920100</LatitudeDegrees><LongitudeDegrees>16.3168419</LongitudeDegrees></Position><AltitudeMeters>203</AltitudeMeters><DistanceMeters>346.0</DistanceMeters><HeartRateBpm><Value>151</Value></HeartRateBpm><Extensions><TPX xmlns="http://www.garmin.com/xmlschemas/ActivityExtension/v2"><RunCadence>79</RunCadence><Speed>2.800781</Speed><Watts>210</Watts></TPX></Extensions></Trackpoint>
     <Trackpoint><Time>2026-01-31T13:52:00.000Z</Time><Position><LatitudeDegrees>48.1919797</LatitudeDegrees><LongitudeDegrees>16.3168710</LongitudeDegrees></Position><AltitudeMeters>203</AltitudeMeters><DistanceMeters>349.7</DistanceMeters><HeartRateBpm><Value>154</Value></HeartRateBpm><Extensions><TPX xmlns="http://www.garmin.com/xmlschemas/ActivityExtension/v2"><RunCadence>89</RunCadence><Speed>2.800781</Speed><Watts>210</Watts></TPX></Extensions></Trackpoint>
     <Trackpoint><Time>2026-01-31T13:52:01.000Z</Time><Position><LatitudeDegrees>48.1919622</LatitudeDegrees><LongitudeDegrees>16.3169055</LongitudeDegrees></Position><AltitudeMeters>203</AltitudeMeters><DistanceMeters>353.5</DistanceMeters><HeartRateBpm><Value>154</Value></HeartRateBpm><Extensions><TPX xmlns="http://www.garmin.com/xmlschemas/ActivityExtension/v2"><RunCadence>89</RunCadence><Speed>2.800781</Speed><Watts>210</Watts></TPX></Extensions></Trackpoint>
     <Trackpoint><Time>2026-01-31T13:52:02.000Z</Time><Position><LatitudeDegrees>48.1919324</LatitudeDegrees><LongitudeDegrees>16.3169453</LongitudeDegrees></Position><AltitudeMeters>203</AltitudeMeters><DistanceMeters>357.3</DistanceMeters><HeartRateBpm><Value>154</Value></HeartRateBpm><Extensions><TPX xmlns="http://www.garmin.com/xmlschemas/ActivityExtension/v2"><RunCadence>84</RunCadence><Speed>2.769531</Speed><Watts>219</Watts></TPX></Extensions></Trackpoint>
     <Trackpoint><Time>2026-01-31T13:52:03.000Z</Time><Position><LatitudeDegrees>48.1919105</LatitudeDegrees><LongitudeDegrees>16.3169610</LongitudeDegrees></Position><AltitudeMeters>203</AltitudeMeters><DistanceMeters>360.3</DistanceMeters><HeartRateBpm><Value>154</Value></HeartRateBpm><Extensions><TPX xmlns="http://www.garmin.com/xmlschemas/ActivityExtension/v2"><RunCadence>84</RunCadence><Speed>2.769531</Speed><Watts>219</Watts></TPX></Extensions></Trackpoint>
     <Trackpoint><Time>2026-01-31T13:52:04.000Z</Time><Position><LatitudeDegrees>48.1918956</LatitudeDegrees><LongitudeDegrees>16.3170009</LongitudeDegrees></Position><AltitudeMeters>203</AltitudeMeters><DistanceMeters>363.2</DistanceMeters><HeartRateBpm><Value>155</Value></HeartRateBpm><Extensions><TPX xmlns="http://www.garmin.com/xmlschemas/ActivityExtension/v2"><RunCadence>79</RunCadence><Speed>2.769531</Speed><Watts>217</Watts></TPX></Extensions></Trackpoint>
     <Trackpoint><Time>2026-01-31T13:52:05.000Z</Time><Position><LatitudeDegrees>48.1918819</LatitudeDegrees><LongitudeDegrees>16.3170350</LongitudeDegrees></Position><AltitudeMeters>203</AltitudeMeters><DistanceMeters>366.9</DistanceMeters><HeartRateBpm><Value>155</Value></HeartRateBpm><Extensions><TPX xmlns="http://www.garmin.com/xmlschemas/ActivityExtension/v2"><RunCadence>79</RunCadence><Speed>2.769531</Speed><Watts>217</Watts></TPX></Extensions></Trackpoint>
     <Trackpoint><Time>2026-01-31T13:52:05.999Z</Time><Position><LatitudeDegrees>48.1918556</LatitudeDegrees><LongitudeDegrees>16.3170834</LongitudeDegrees></Position><AltitudeMeters>203</AltitudeMeters><DistanceMeters>370.7</DistanceMeters><HeartRateBpm><Value>155</Value></HeartRateBpm><Extensions><TPX xmlns="http://www.garmin.com/xmlschemas/ActivityExtension/v2"><RunCadence>77</RunCadence><Speed>2.769531</Speed><Watts>217</Watts></TPX></Extensions></Trackpoint>
     <Trackpoint><Time>2026-01-31T13:52:06.999Z</Time><Position><LatitudeDegrees>48.1918418</LatitudeDegrees><LongitudeDegrees>16.3171127</LongitudeDegrees></Position><AltitudeMeters>203</AltitudeMeters><DistanceMeters>373.8</DistanceMeters><HeartRateBpm><Value>155</Value></HeartRateBpm><Extensions><TPX xmlns="http://www.garmin.com/xmlschemas/ActivityExtension/v2"><RunCadence>77</RunCadence><Speed>2.769531</Speed><Watts>217</Watts></TPX></Extensions></Trackpoint>
     <Trackpoint><Time>2026-01-31T13:52:07.999Z</Time><Position><LatitudeDegrees>48.1918181</LatitudeDegrees><LongitudeDegrees>16.3171433</LongitudeDegrees></Position><AltitudeMeters>203</AltitudeMeters><DistanceMeters>376.8</DistanceMeters><HeartRateBpm><Value>155</Value></HeartRateBpm><Extensions><TPX xmlns="http://www.garmin.com/xmlschemas/ActivityExtension/v2"><RunCadence>77</RunCadence><Speed>2.859375</Speed><Watts>227</Watts></TPX></Extensions></Trackpoint>
     <Trackpoint><Time>2026-01-31T13:52:08.999Z</Time><Position><LatitudeDegrees>48.1917928</LatitudeDegrees><LongitudeDegrees>16.3171790</LongitudeDegrees></Position><AltitudeMeters>203</AltitudeMeters><DistanceMeters>380.7</DistanceMeters><HeartRateBpm><Value>155</Value></HeartRateBpm><Extensions><TPX xmlns="http://www.garmin.com/xmlschemas/ActivityExtension/v2"><RunCadence>77</RunCadence><Speed>2.859375</Speed><Watts>227</Watts></TPX></Extensions></Trackpoint>
     <Trackpoint><Time>2026-01-31T13:52:09.999Z</Time><Position><LatitudeDegrees>48.1917691</LatitudeDegrees><LongitudeDegrees>16.3172169</LongitudeDegrees></Position><AltitudeMeters>203</AltitudeMeters><DistanceMeters>384.5</DistanceMeters><HeartRateBpm><Value>154</Value></HeartRateBpm><Extensions><TPX xmlns="http://www.garmin.com/xmlschemas/ActivityExtension/v2"><RunCadence>82</RunCadence><Speed>2.859375</Speed><Watts>230</Watts></TPX></Extensions></Trackpoint>
     <Trackpoint><Time>2026-01-31T13:52:10.999Z</Time><Position><LatitudeDegrees>48.1917404</LatitudeDegrees><LongitudeDegrees>16.3172632</LongitudeDegrees></Position><AltitudeMeters>203</AltitudeMeters><DistanceMeters>388.1</DistanceMeters><HeartRateBpm><Value>154</Value></HeartRateBpm><Extensions><TPX xmlns="http://www.garmin.com/xmlschemas/ActivityExtension/v2"><RunCadence>82</RunCadence><Speed>2.859375</Speed><Watts>230</Watts></TPX></Extensions></Trackpoint>
     <Trackpoint><Time>2026-01-31T13:52:11.999Z</Time><Position><LatitudeDegrees>48.1917262</LatitudeDegrees><LongitudeDegrees>16.3172885</LongitudeDegrees></Position><AltitudeMeters>203</AltitudeMeters><DistanceMeters>391.7</DistanceMeters><HeartRateBpm><Value>154</Value></HeartRateBpm><Extensions><TPX xmlns="http://www.garmin.com/xmlschemas/ActivityExtension/v2"><RunCadence>83</RunCadence><Speed>2.933594</Speed><Watts>233</Watts></TPX></Extensions></Trackpoint>
     <Trackpoint><Time>2026-01-31T13:52:12.999Z</Time><Position><LatitudeDegrees>48.1917116</LatitudeDegrees><LongitudeDegrees>16.3173303</LongitudeDegrees></Position><AltitudeMeters>203</AltitudeMeters><DistanceMeters>395.5</DistanceMeters><HeartRateBpm><Value>154</Value></HeartRateBpm><Extensions><TPX xmlns="http://www.garmin.com/xmlschemas/ActivityExtension/v2"><RunCadence>83</RunCadence><Speed>2.933594</Speed><Watts>233</Watts></TPX></Extensions></Trackpoint>
     <Trackpoint><Time>2026-01-31T13:52:13.999Z</Time><Position><LatitudeDegrees>48.1916921</LatitudeDegrees><LongitudeDegrees>16.3173772</LongitudeDegrees></Position><AltitudeMeters>202</AltitudeMeters><DistanceMeters>399.3</DistanceMeters><HeartRateBpm><Value>157</Value></HeartRateBpm><Extensions><TPX xmlns="http://www.garmin.com/xmlschemas/ActivityExtension/v2"><RunCadence>79</RunCadence><Speed>2.933594</Speed><Watts>240</Watts></TPX></Extensions></Trackpoint>
     <Trackpoint><Time>2026-01-31T13:52:14.999Z</Time><Position><LatitudeDegrees>48.1916696</LatitudeDegrees><LongitudeDegrees>16.3174216</LongitudeDegrees></Position><AltitudeMeters>202</AltitudeMeters><DistanceMeters>402.6</DistanceMeters><HeartRateBpm><Value>157</Value></HeartRateBpm><Extensions><TPX xmlns="http://www.garmin.com/xmlschemas/ActivityExtension/v2"><RunCadence>79</RunCadence><Speed>2.933594</Speed><Watts>240</Watts></TPX></Extensions></Trackpoint>
     <Trackpoint><Time>2026-01-31T13:52:15.999Z</Time><Position><LatitudeDegrees>48.1916612</LatitudeDegrees><LongitudeDegrees>16.3174554</LongitudeDegrees></Position><AltitudeMeters>202</AltitudeMeters><DistanceMeters>406.0</DistanceMeters><HeartRateBpm><Value>157</Value></HeartRateBpm><Extensions><TPX xmlns="http://www.garmin.com/xmlschemas/ActivityExtension/v2"><RunCadence>81</RunCadence><Speed>2.933594</Speed><Watts>240</Watts></TPX></Extensions></Trackpoint>
     <Trackpoint><Time>2026-01-31T13:52:16.999Z</Time><Position><LatitudeDegrees>48.1916461</LatitudeDegrees><LongitudeDegrees>16.3174836</LongitudeDegrees></Position><AltitudeMeters>202</AltitudeMeters><DistanceMeters>408.7</DistanceMeters><HeartRateBpm><Value>157</Value></HeartRateBpm><Extensions><TPX xmlns="http://www.garmin.com/xmlschemas/ActivityExtension/v2"><RunCadence>81</RunCadence><Speed>2.933594</Speed><Watts>240</Watts></TPX></Extensions></Trackpoint>
     <Trackpoint><Time>2026-01-31T13:52:17.999Z</Time><Position><LatitudeDegrees>48.1916310</LatitudeDegrees><LongitudeDegrees>16.3175123</LongitudeDegrees></Position><AltitudeMeters>202</AltitudeMeters><DistanceMeters>411.4</DistanceMeters><HeartRateBpm><Value>157</Value></HeartRateBpm><Extensions><TPX xmlns="http://www.garmin.com/xmlschemas/ActivityExtension/v2"><RunCadence>81</RunCadence><Speed>3.007812</Speed><Watts>230</Watts></TPX></Extensions></Trackpoint>
     <Trackpoint><Time>2026-01-31T13:52:18.999Z</Time><Position><LatitudeDegrees>48.1916181</LatitudeDegrees><LongitudeDegrees>16.3175480</LongitudeDegrees></Position><AltitudeMeters>202</AltitudeMeters><DistanceMeters>414.5</DistanceMeters><HeartRateBpm><Value>157</Value></HeartRateBpm><Extensions><TPX xmlns="http://www.garmin.com/xmlschemas/ActivityExtension/v2"><RunCadence>81</RunCadence><Speed>3.007812</Speed><Watts>230</Watts></TPX></Extensions></Trackpoint>
     <Trackpoint><Time>2026-01-31T13:52:19.999Z</Time><Position><LatitudeDegrees>48.1916015</LatitudeDegrees><LongitudeDegrees>16.3175849</LongitudeDegrees></Position><AltitudeMeters>202</AltitudeMeters><DistanceMeters>417.7</DistanceMeters><HeartRateBpm><Value>157</Value></HeartRateBpm><Extensions><TPX xmlns="http://www.garmin.com/xmlschemas/ActivityExtension/v2"><RunCadence>85</RunCadence><Speed>3.007812</Speed><Watts>232</Watts></TPX></Extensions></Trackpoint>
     <Trackpoint><Time>2026-01-31T13:52:20.999Z</Time><Position><LatitudeDegrees>48.1915872</LatitudeDegrees><LongitudeDegrees>16.3176187</LongitudeDegrees></Position><AltitudeMeters>202</AltitudeMeters><DistanceMeters>421.1</DistanceMeters><HeartRateBpm><Value>157</Value></HeartRateBpm><Extensions><TPX xmlns="http://www.garmin.com/xmlschemas/ActivityExtension/v2"><RunCadence>85</RunCadence><Speed>3.007812</Speed><Watts>232</Watts></TPX></Extensions></Trackpoint>
     <Trackpoint><Time>2026-01-31T13:52:21.999Z</Time><Position><LatitudeDegrees>48.1915709</LatitudeDegrees><LongitudeDegrees>16.3176631</LongitudeDegrees></Position><AltitudeMeters>202</AltitudeMeters><DistanceMeters>424.4</DistanceMeters><HeartRateBpm><Value>157</Value></HeartRateBpm><Extensions><TPX xmlns="http://www.garmin.com/xmlschemas/ActivityExtension/v2"><RunCadence>84</RunCadence><Speed>3.074219</Speed><Watts>229</Watts></TPX></Extensions></Trackpoint>
     <Trackpoint><Time>2026-01-31T13:52:22.999Z</Time><Position><LatitudeDegrees>48.1915539</LatitudeDegrees><LongitudeDegrees>16.3177003</LongitudeDegrees></Position><AltitudeMeters>202</AltitudeMeters><DistanceMeters>427.6</DistanceMeters><HeartRateBpm><Value>157</Value></HeartRateBpm><Extensions><TPX xmlns="http://www.garmin.com/xmlschemas/ActivityExtension/v2"><RunCadence>84</RunCadence><Speed>3.074219</Speed><Watts>229</Watts></TPX></Extensions></Trackpoint>
     <Trackpoint><Time>2026-01-31T13:52:23.999Z</Time><Position><LatitudeDegrees>48.1915397</LatitudeDegrees><LongitudeDegrees>16.3177363</LongitudeDegrees></Position><AltitudeMeters>202</AltitudeMeters><DistanceMeters>430.9</DistanceMeters><HeartRateBpm><Value>158</Value></HeartRateBpm><Extensions><TPX xmlns="http://www.garmin.com/xmlschemas/ActivityExtension/v2"><RunCadence>72</RunCadence><Speed>3.074219</Speed><Watts>229</Watts></TPX></Extensions></Trackpoint>
     <Trackpoint><Time>2026-01-31T13:52:24.999Z</Time><Position><LatitudeDegrees>48.1915253</LatitudeDegrees><LongitudeDegrees>16.3177728</LongitudeDegrees></Position><AltitudeMeters>202</AltitudeMeters><DistanceMeters>434.0</DistanceMeters><HeartRateBpm><Value>158</Value></HeartRateBpm><Extensions><TPX xmlns="http://www.garmin.com/xmlschemas/ActivityExtension/v2"><RunCadence>72</RunCadence><Speed>3.074219</Speed><Watts>229</Watts></TPX></Extensions></Trackpoint>
     <Trackpoint><Time>2026-01-31T13:52:25.999Z</Time><Position><LatitudeDegrees>48.1915096</LatitudeDegrees><LongitudeDegrees>16.3178065</LongitudeDegrees></Position><AltitudeMeters>202</AltitudeMeters><DistanceMeters>437.0</DistanceMeters><HeartRateBpm><Value>158</Value></HeartRateBpm><Extensions><TPX xmlns="http://www.garmin.com/xmlschemas/ActivityExtension/v2"><RunCadence>75</RunCadence><Speed>3.074219</Speed><Watts>229</Watts></TPX></Extensions></Trackpoint>
     <Trackpoint><Time>2026-01-31T13:52:26.999Z</Time><Position><LatitudeDegrees>48.1914959</LatitudeDegrees><LongitudeDegrees>16.3178317</LongitudeDegrees></Position><AltitudeMeters>202</AltitudeMeters><DistanceMeters>439.6</DistanceMeters><HeartRateBpm><Value>158</Value></HeartRateBpm><Extensions><TPX xmlns="http://www.garmin.com/xmlschemas/ActivityExtension/v2"><RunCadence>75</RunCadence><Speed>3.074219</Speed><Watts>229</Watts></TPX></Extensions></Trackpoint>
     <Trackpoint><Time>2026-01-31T13:52:27.999Z</Time><Position><LatitudeDegrees>48.1914836</LatitudeDegrees><LongitudeDegrees>16.3178643</LongitudeDegrees></Position><AltitudeMeters>202</AltitudeMeters><DistanceMeters>442.2</DistanceMeters><HeartRateBpm><Value>158</Value></HeartRateBpm><Extensions><TPX xmlns="http://www.garmin.com/xmlschemas/ActivityExtension/v2"><RunCadence>78</RunCadence><Speed>3.046875</Speed><Watts>234</Watts></TPX></Extensions></Trackpoint>
     <Trackpoint><Time>2026-01-31T13:52:28.999Z</Time><Position><LatitudeDegrees>48.1914734</LatitudeDegrees><LongitudeDegrees>16.3178906</LongitudeDegrees></Position><AltitudeMeters>202</AltitudeMeters><DistanceMeters>444.9</DistanceMeters><HeartRateBpm><Value>158</Value></HeartRateBpm><Extensions><TPX xmlns="http://www.garmin.com/xmlschemas/ActivityExtension/v2"><RunCadence>78</RunCadence><Speed>3.046875</Speed><Watts>234</Watts></TPX></Extensions></Trackpoint>
     <Trackpoint><Time>2026-01-31T13:52:29.999Z</Time><Position><LatitudeDegrees>48.1914606</LatitudeDegrees><LongitudeDegrees>16.3179277</LongitudeDegrees></Position><AltitudeMeters>202</AltitudeMeters><DistanceMeters>447.6</DistanceMeters><HeartRateBpm><Value>157</Value></HeartRateBpm><Extensions><TPX xmlns="http://www.garmin.com/xmlschemas/ActivityExtension/v2"><RunCadence>80</RunCadence><Speed>3.046875</Speed><Watts>234</Watts></TPX></Extensions></Trackpoint>
     <Trackpoint><Time>2026-01-31T13:52:30.999Z</Time><Position><LatitudeDegrees>48.1914525</LatitudeDegrees><LongitudeDegrees>16.3179620</LongitudeDegrees></Position><AltitudeMeters>202</AltitudeMeters><DistanceMeters>450.4</DistanceMeters><HeartRateBpm><Value>157</Value></HeartRateBpm><Extensions><TPX xmlns="http://www.garmin.com/xmlschemas/ActivityExtension/v2"><RunCadence>80</RunCadence><Speed>3.046875</Speed><Watts>234</Watts></TPX></Extensions></Trackpoint>
     <Trackpoint><Time>2026-01-31T13:52:31.999Z</Time><Position><LatitudeDegrees>48.1914440</LatitudeDegrees><LongitudeDegrees>16.3180005</LongitudeDegrees></Position><AltitudeMeters>202</AltitudeMeters><DistanceMeters>453.3</DistanceMeters><HeartRateBpm><Value>157</Value></HeartRateBpm><Extensions><TPX xmlns="http://www.garmin.com/xmlschemas/ActivityExtension/v2"><RunCadence>82</RunCadence><Speed>3.035156</Speed><Watts>224</Watts></TPX></Extensions></Trackpoint>
     <Trackpoint><Time>2026-01-31T13:52:32.999Z</Time><Position><LatitudeDegrees>48.1914323</LatitudeDegrees><LongitudeDegrees>16.3180406</LongitudeDegrees></Position><AltitudeMeters>202</AltitudeMeters><DistanceMeters>456.4</DistanceMeters><HeartRateBpm><Value>157</Value></HeartRateBpm><Extensions><TPX xmlns="http://www.garmin.com/xmlschemas/ActivityExtension/v2"><RunCadence>82</RunCadence><Speed>3.035156</Speed><Watts>224</Watts></TPX></Extensions></Trackpoint>
     <Trackpoint><Time>2026-01-31T13:52:33.999Z</Time><Position><LatitudeDegrees>48.1914210</LatitudeDegrees><LongitudeDegrees>16.3180775</LongitudeDegrees></Position><AltitudeMeters>201</AltitudeMeters><DistanceMeters>459.5</DistanceMeters><HeartRateBpm><Value>157</Value></HeartRateBpm><Extensions><TPX xmlns="http://www.garmin.com/xmlschemas/ActivityExtension/v2"><RunCadence>82</RunCadence><Speed>3.035156</Speed><Watts>224</Watts></TPX></Extensions></Trackpoint>
     <Trackpoint><Time>2026-01-31T13:52:34.999Z</Time><Position><LatitudeDegrees>48.1914099</LatitudeDegrees><LongitudeDegrees>16.3181166</LongitudeDegrees></Position><AltitudeMeters>201</AltitudeMeters><DistanceMeters>462.8</DistanceMeters><HeartRateBpm><Value>157</Value></HeartRateBpm><Extensions><TPX xmlns="http://www.garmin.com/xmlschemas/ActivityExtension/v2"><RunCadence>82</RunCadence><Speed>3.035156</Speed><Watts>224</Watts></TPX></Extensions></Trackpoint>
     <Trackpoint><Time>2026-01-31T13:52:35.999Z</Time><Position><LatitudeDegrees>48.1913960</LatitudeDegrees><LongitudeDegrees>16.3181572</LongitudeDegrees></Position><AltitudeMeters>201</AltitudeMeters><DistanceMeters>466.1</DistanceMeters><HeartRateBpm><Value>158</Value></HeartRateBpm><Extensions><TPX xmlns="http://www.garmin.com/xmlschemas/ActivityExtension/v2"><RunCadence>82</RunCadence><Speed>3.035156</Speed><Watts>227</Watts></TPX></Extensions></Trackpoint>
     <Trackpoint><Time>2026-01-31T13:52:36.999Z</Time><Position><LatitudeDegrees>48.1913795</LatitudeDegrees><LongitudeDegrees>16.3181957</LongitudeDegrees></Position><AltitudeMeters>201</AltitudeMeters><DistanceMeters>468.8</DistanceMeters><HeartRateBpm><Value>158</Value></HeartRateBpm><Extensions><TPX xmlns="http://www.garmin.com/xmlschemas/ActivityExtension/v2"><RunCadence>82</RunCadence><Speed>3.035156</Speed><Watts>227</Watts></TPX></Extensions></Trackpoint>
     <Trackpoint><Time>2026-01-31T13:52:37.999Z</Time><Position><LatitudeDegrees>48.1913666</LatitudeDegrees><LongitudeDegrees>16.3182150</LongitudeDegrees></Position><AltitudeMeters>201</AltitudeMeters><DistanceMeters>471.5</DistanceMeters><HeartRateBpm><Value>158</Value></HeartRateBpm><Extensions><TPX xmlns="http://www.garmin.com/xmlschemas/ActivityExtension/v2"><RunCadence>82</RunCadence><Speed>3.058594</Speed><Watts>227</Watts></TPX></Extensions></Trackpoint>
     <Trackpoint><Time>2026-01-31T13:52:38.999Z</Time><Position><LatitudeDegrees>48.1913468</LatitudeDegrees><LongitudeDegrees>16.3182419</LongitudeDegrees></Position><AltitudeMeters>201</AltitudeMeters><DistanceMeters>474.1</DistanceMeters><HeartRateBpm><Value>158</Value></HeartRateBpm><Extensions><TPX xmlns="http://www.garmin.com/xmlschemas/ActivityExtension/v2"><RunCadence>82</RunCadence><Speed>3.058594</Speed><Watts>227</Watts></TPX></Extensions></Trackpoint>
     <Trackpoint><Time>2026-01-31T13:52:39.999Z</Time><Position><LatitudeDegrees>48.1913329</LatitudeDegrees><LongitudeDegrees>16.3182659</LongitudeDegrees></Position><AltitudeMeters>201</AltitudeMeters><DistanceMeters>476.8</DistanceMeters><HeartRateBpm><Value>159</Value></HeartRateBpm><Extensions><TPX xmlns="http://www.garmin.com/xmlschemas/ActivityExtension/v2"><RunCadence>82</RunCadence><Speed>3.058594</Speed><Watts>236</Watts></TPX></Extensions></Trackpoint>
     <Trackpoint><Time>2026-01-31T13:52:40.999Z</Time><Position><LatitudeDegrees>48.1913237</LatitudeDegrees><LongitudeDegrees>16.3182938</LongitudeDegrees></Position><AltitudeMeters>201</AltitudeMeters><DistanceMeters>479.4</DistanceMeters><HeartRateBpm><Value>159</Value></HeartRateBpm><Extensions><TPX xmlns="http://www.garmin.com/xmlschemas/ActivityExtension/v2"><RunCadence>82</RunCadence><Speed>3.058594</Speed><Watts>236</Watts></TPX></Extensions></Trackpoint>
     <Trackpoint><Time>2026-01-31T13:52:41.999Z</Time><Position><LatitudeDegrees>48.1913129</LatitudeDegrees><LongitudeDegrees>16.3183301</LongitudeDegrees></Position><AltitudeMeters>201</AltitudeMeters><DistanceMeters>482.0</DistanceMeters><HeartRateBpm><Value>159</Value></HeartRateBpm><Extensions><TPX xmlns="http://www.garmin.com/xmlschemas/ActivityExtension/v2"><RunCadence>82</RunCadence><Speed>3.058594</Speed><Watts>236</Watts></TPX></Extensions></Trackpoint>
     <Trackpoint><Time>2026-01-31T13:52:42.999Z</Time><Position><LatitudeDegrees>48.1912993</LatitudeDegrees><LongitudeDegrees>16.3183758</LongitudeDegrees></Position><AltitudeMeters>201</AltitudeMeters><DistanceMeters>485.3</DistanceMeters><HeartRateBpm><Value>159</Value></HeartRateBpm><Extensions><TPX xmlns="http://www.garmin.com/xmlschemas/ActivityExtension/v2"><RunCadence>82</RunCadence><Speed>3.058594</Speed><Watts>236</Watts></TPX></Extensions></Trackpoint>
     <Trackpoint><Time>2026-01-31T13:52:43.999Z</Time><Position><LatitudeDegrees>48.1912887</LatitudeDegrees><LongitudeDegrees>16.3184114</LongitudeDegrees></Position><AltitudeMeters>201</AltitudeMeters><DistanceMeters>488.6</DistanceMeters><HeartRateBpm><Value>161</Value></HeartRateBpm><Extensions><TPX xmlns="http://www.garmin.com/xmlschemas/ActivityExtension/v2"><RunCadence>82</RunCadence><Speed>3.054688</Speed><Watts>236</Watts></TPX></Extensions></Trackpoint>
     <Trackpoint><Time>2026-01-31T13:52:44.999Z</Time><Position><LatitudeDegrees>48.1912778</LatitudeDegrees><LongitudeDegrees>16.3184479</LongitudeDegrees></Position><AltitudeMeters>201</AltitudeMeters><DistanceMeters>491.5</DistanceMeters><HeartRateBpm><Value>161</Value></HeartRateBpm><Extensions><TPX xmlns="http://www.garmin.com/xmlschemas/ActivityExtension/v2"><RunCadence>82</RunCadence><Speed>3.054688</Speed><Watts>236</Watts></TPX></Extensions></Trackpoint>
     <Trackpoint><Time>2026-01-31T13:52:45.999Z</Time><Position><LatitudeDegrees>48.1912673</LatitudeDegrees><LongitudeDegrees>16.3184833</LongitudeDegrees></Position><AltitudeMeters>201</AltitudeMeters><DistanceMeters>494.5</DistanceMeters><HeartRateBpm><Value>161</Value></HeartRateBpm><Extensions><TPX xmlns="http://www.garmin.com/xmlschemas/ActivityExtension/v2"><RunCadence>82</RunCadence><Speed>3.054688</Speed><Watts>239</Watts></TPX></Extensions></Trackpoint>
     <Trackpoint><Time>2026-01-31T13:52:46.999Z</Time><Position><LatitudeDegrees>48.1912567</LatitudeDegrees><LongitudeDegrees>16.3185191</LongitudeDegrees></Position><AltitudeMeters>201</AltitudeMeters><DistanceMeters>497.2</DistanceMeters><HeartRateBpm><Value>161</Value></HeartRateBpm><Extensions><TPX xmlns="http://www.garmin.com/xmlschemas/ActivityExtension/v2"><RunCadence>82</RunCadence><Speed>3.054688</Speed><Watts>239</Watts></TPX></Extensions></Trackpoint>
     <Trackpoint><Time>2026-01-31T13:52:47.999Z</Time><Position><LatitudeDegrees>48.1912474</LatitudeDegrees><LongitudeDegrees>16.3185504</LongitudeDegrees></Position><AltitudeMeters>201</AltitudeMeters><DistanceMeters>499.9</DistanceMeters><HeartRateBpm><Value>161</Value></HeartRateBpm><Extensions><TPX xmlns="http://www.garmin.com/xmlschemas/ActivityExtension/v2"><RunCadence>81</RunCadence><Speed>3.031250</Speed><Watts>241</Watts></TPX></Extensions></Trackpoint>
     <Trackpoint><Time>2026-01-31T13:52:48.999Z</Time><Position><LatitudeDegrees>48.1912344</LatitudeDegrees><LongitudeDegrees>16.3185939</LongitudeDegrees></Position><AltitudeMeters>201</AltitudeMeters><DistanceMeters>503.8</DistanceMeters><HeartRateBpm><Value>161</Value></HeartRateBpm><Extensions><TPX xmlns="http://www.garmin.com/xmlschemas/ActivityExtension/v2"><RunCadence>81</RunCadence><Speed>3.031250</Speed><Watts>241</Watts></TPX></Extensions></Trackpoint>
     <Trackpoint><Time>2026-01-31T13:52:49.999Z</Time><Position><LatitudeDegrees>48.1912186</LatitudeDegrees><LongitudeDegrees>16.3186470</LongitudeDegrees></Position><AltitudeMeters>201</AltitudeMeters><DistanceMeters>507.8</DistanceMeters><HeartRateBpm><Value>161</Value></HeartRateBpm><Extensions><TPX xmlns="http://www.garmin.com/xmlschemas/ActivityExtension/v2"><RunCadence>82</RunCadence><Speed>3.031250</Speed><Watts>245</Watts></TPX></Extensions></Trackpoint>
     <Trackpoint><Time>2026-01-31T13:52:50.999Z</Time><Position><LatitudeDegrees>48.1912048</LatitudeDegrees><LongitudeDegrees>16.3186932</LongitudeDegrees></Position><AltitudeMeters>201</AltitudeMeters><DistanceMeters>511.5</DistanceMeters><HeartRateBpm><Value>161</Value></HeartRateBpm><Extensions><TPX xmlns="http://www.garmin.com/xmlschemas/ActivityExtension/v2"><RunCadence>82</RunCadence><Speed>3.031250</Speed><Watts>245</Watts></TPX></Extensions></Trackpoint>
     <Trackpoint><Time>2026-01-31T13:52:51.999Z</Time><Position><LatitudeDegrees>48.1911909</LatitudeDegrees><LongitudeDegrees>16.3187398</LongitudeDegrees></Position><AltitudeMeters>200</AltitudeMeters><DistanceMeters>515.3</DistanceMeters><HeartRateBpm><Value>161</Value></HeartRateBpm><Extensions><TPX xmlns="http://www.garmin.com/xmlschemas/ActivityExtension/v2"><RunCadence>85</RunCadence><Speed>3.031250</Speed><Watts>247</Watts></TPX></Extensions></Trackpoint>
     <Trackpoint><Time>2026-01-31T13:52:52.999Z</Time><Position><LatitudeDegrees>48.1911785</LatitudeDegrees><LongitudeDegrees>16.3187910</LongitudeDegrees></Position><AltitudeMeters>200</AltitudeMeters><DistanceMeters>519.2</DistanceMeters><HeartRateBpm><Value>161</Value></HeartRateBpm><Extensions><TPX xmlns="http://www.garmin.com/xmlschemas/ActivityExtension/v2"><RunCadence>85</RunCadence><Speed>3.031250</Speed><Watts>247</Watts></TPX></Extensions></Trackpoint>
     <Trackpoint><Time>2026-01-31T13:52:53.999Z</Time><Position><LatitudeDegrees>48.1911672</LatitudeDegrees><LongitudeDegrees>16.3188386</LongitudeDegrees></Position><AltitudeMeters>200</AltitudeMeters><DistanceMeters>523.1</DistanceMeters><HeartRateBpm><Value>160</Value></HeartRateBpm><Extensions><TPX xmlns="http://www.garmin.com/xmlschemas/ActivityExtension/v2"><RunCadence>81</RunCadence><Speed>3.117188</Speed><Watts>247</Watts></TPX></Extensions></Trackpoint>
     <Trackpoint><Time>2026-01-31T13:52:54.999Z</Time><Position><LatitudeDegrees>48.1911516</LatitudeDegrees><LongitudeDegrees>16.3188886</LongitudeDegrees></Position><AltitudeMeters>200</AltitudeMeters><DistanceMeters>526.4</DistanceMeters><HeartRateBpm><Value>160</Value></HeartRateBpm><Extensions><TPX xmlns="http://www.garmin.com/xmlschemas/ActivityExtension/v2"><RunCadence>81</RunCadence><Speed>3.117188</Speed><Watts>247</Watts></TPX></Extensions></Trackpoint>
     <Trackpoint><Time>2026-01-31T13:52:55.999Z</Time><Position><LatitudeDegrees>48.1911456</LatitudeDegrees><LongitudeDegrees>16.3189218</LongitudeDegrees></Position><AltitudeMeters>200</AltitudeMeters><DistanceMeters>529.7</DistanceMeters><HeartRateBpm><Value>160</Value></HeartRateBpm><Extensions><TPX xmlns="http://www.garmin.com/xmlschemas/ActivityExtension/v2"><RunCadence>78</RunCadence><Speed>3.117188</Speed><Watts>249</Watts></TPX></Extensions></Trackpoint>
     <Trackpoint><Time>2026-01-31T13:52:56.999Z</Time><Position><LatitudeDegrees>48.1911312</LatitudeDegrees><LongitudeDegrees>16.3189678</LongitudeDegrees></Position><AltitudeMeters>200</AltitudeMeters><DistanceMeters>533.5</DistanceMeters><HeartRateBpm><Value>160</Value></HeartRateBpm><Extensions><TPX xmlns="http://www.garmin.com/xmlschemas/ActivityExtension/v2"><RunCadence>78</RunCadence><Speed>3.117188</Speed><Watts>249</Watts></TPX></Extensions></Trackpoint>
     <Trackpoint><Time>2026-01-31T13:52:57.999Z</Time><Position><LatitudeDegrees>48.1911170</LatitudeDegrees><LongitudeDegrees>16.3190145</LongitudeDegrees></Position><AltitudeMeters>200</AltitudeMeters><DistanceMeters>537.3</DistanceMeters><HeartRateBpm><Value>160</Value></HeartRateBpm><Extensions><TPX xmlns="http://www.garmin.com/xmlschemas/ActivityExtension/v2"><RunCadence>84</RunCadence><Speed>3.187500</Speed><Watts>252</Watts></TPX></Extensions></Trackpoint>
     <Trackpoint><Time>2026-01-31T13:52:58.999Z</Time><Position><LatitudeDegrees>48.1911033</LatitudeDegrees><LongitudeDegrees>16.3190494</LongitudeDegrees></Position><AltitudeMeters>200</AltitudeMeters><DistanceMeters>540.3</DistanceMeters><HeartRateBpm><Value>160</Value></HeartRateBpm><Extensions><TPX xmlns="http://www.garmin.com/xmlschemas/ActivityExtension/v2"><RunCadence>84</RunCadence><Speed>3.187500</Speed><Watts>252</Watts></TPX></Extensions></Trackpoint>
     <Trackpoint><Time>2026-01-31T13:52:59.999Z</Time><Position><LatitudeDegrees>48.1910954</LatitudeDegrees><LongitudeDegrees>16.3190897</LongitudeDegrees></Position><AltitudeMeters>200</AltitudeMeters><DistanceMeters>543.3</DistanceMeters><HeartRateBpm><Value>158</Value></HeartRateBpm><Extensions><TPX xmlns="http://www.garmin.com/xmlschemas/ActivityExtension/v2"><RunCadence>84</RunCadence><Speed>3.187500</Speed><Watts>252</Watts></TPX></Extensions></Trackpoint>
     <Trackpoint><Time>2026-01-31T13:53:00.999Z</Time><Position><LatitudeDegrees>48.1910850</LatitudeDegrees><LongitudeDegrees>16.3191173</LongitudeDegrees></Position><AltitudeMeters>200</AltitudeMeters><DistanceMeters>546.2</DistanceMeters><HeartRateBpm><Value>158</Value></HeartRateBpm><Extensions><TPX xmlns="http://www.garmin.com/xmlschemas/ActivityExtension/v2"><RunCadence>84</RunCadence><Speed>3.187500</Speed><Watts>252</Watts></TPX></Extensions></Trackpoint>
     <Trackpoint><Time>2026-01-31T13:53:01.999Z</Time><Position><LatitudeDegrees>48.1910706</LatitudeDegrees><LongitudeDegrees>16.3191415</LongitudeDegrees></Position><AltitudeMeters>200</AltitudeMeters><DistanceMeters>549.0</DistanceMeters><HeartRateBpm><Value>158</Value></HeartRateBpm><Extensions><TPX xmlns="http://www.garmin.com/xmlschemas/ActivityExtension/v2"><RunCadence>84</RunCadence><Speed>3.187500</Speed><Watts>252</Watts></TPX></Extensions></Trackpoint>
     <Trackpoint><Time>2026-01-31T13:53:02.999Z</Time><Position><LatitudeDegrees>48.1910527</LatitudeDegrees><LongitudeDegrees>16.3191841</LongitudeDegrees></Position><AltitudeMeters>200</AltitudeMeters><DistanceMeters>551.8</DistanceMeters><HeartRateBpm><Value>158</Value></HeartRateBpm><Extensions><TPX xmlns="http://www.garmin.com/xmlschemas/ActivityExtension/v2"><RunCadence>84</RunCadence><Speed>3.187500</Speed><Watts>257</Watts></TPX></Extensions></Trackpoint>
     <Trackpoint><Time>2026-01-31T13:53:03.999Z</Time><Position><LatitudeDegrees>48.1910337</LatitudeDegrees><LongitudeDegrees>16.3192246</LongitudeDegrees></Position><AltitudeMeters>200</AltitudeMeters><DistanceMeters>555.3</DistanceMeters><HeartRateBpm><Value>158</Value></HeartRateBpm><Extensions><TPX xmlns="http://www.garmin.com/xmlschemas/ActivityExtension/v2"><RunCadence>84</RunCadence><Speed>3.187500</Speed><Watts>257</Watts></TPX></Extensions></Trackpoint>
     <Trackpoint><Time>2026-01-31T13:53:04.999Z</Time><Position><LatitudeDegrees>48.1910130</LatitudeDegrees><LongitudeDegrees>16.3192563</LongitudeDegrees></Position><AltitudeMeters>200</AltitudeMeters><DistanceMeters>558.7</DistanceMeters><HeartRateBpm><Value>159</Value></HeartRateBpm><Extensions><TPX xmlns="http://www.garmin.com/xmlschemas/ActivityExtension/v2"><RunCadence>81</RunCadence><Speed>3.183594</Speed><Watts>257</Watts></TPX></Extensions></Trackpoint>
     <Trackpoint><Time>2026-01-31T13:53:05.999Z</Time><Position><LatitudeDegrees>48.1909915</LatitudeDegrees><LongitudeDegrees>16.3192837</LongitudeDegrees></Position><AltitudeMeters>200</AltitudeMeters><DistanceMeters>561.8</DistanceMeters><HeartRateBpm><Value>159</Value></HeartRateBpm><Extensions><TPX xmlns="http://www.garmin.com/xmlschemas/ActivityExtension/v2"><RunCadence>81</RunCadence><Speed>3.183594</Speed><Watts>257</Watts></TPX></Extensions></Trackpoint>
     <Trackpoint><Time>2026-01-31T13:53:06.999Z</Time><Position><LatitudeDegrees>48.1909730</LatitudeDegrees><LongitudeDegrees>16.3193111</LongitudeDegrees></Position><AltitudeMeters>200</AltitudeMeters><DistanceMeters>564.8</DistanceMeters><HeartRateBpm><Value>159</Value></HeartRateBpm><Extensions><TPX xmlns="http://www.garmin.com/xmlschemas/ActivityExtension/v2"><RunCadence>85</RunCadence><Speed>3.183594</Speed><Watts>257</Watts></TPX></Extensions></Trackpoint>
     <Trackpoint><Time>2026-01-31T13:53:07.999Z</Time><Position><LatitudeDegrees>48.1909533</LatitudeDegrees><LongitudeDegrees>16.3193485</LongitudeDegrees></Position><AltitudeMeters>200</AltitudeMeters><DistanceMeters>568.4</DistanceMeters><HeartRateBpm><Value>159</Value></HeartRateBpm><Extensions><TPX xmlns="http://www.garmin.com/xmlschemas/ActivityExtension/v2"><RunCadence>85</RunCadence><Speed>3.183594</Speed><Watts>257</Watts></TPX></Extensions></Trackpoint>
     <Trackpoint><Time>2026-01-31T13:53:08.999Z</Time><Position><LatitudeDegrees>48.1909330</LatitudeDegrees><LongitudeDegrees>16.3193874</LongitudeDegrees></Position><AltitudeMeters>200</AltitudeMeters><DistanceMeters>572.0</DistanceMeters><HeartRateBpm><Value>159</Value></HeartRateBpm><Extensions><TPX xmlns="http://www.garmin.com/xmlschemas/ActivityExtension/v2"><RunCadence>84</RunCadence><Speed>3.148438</Speed><Watts>252</Watts></TPX></Extensions></Trackpoint>
     <Trackpoint><Time>2026-01-31T13:53:09.999Z</Time><Position><LatitudeDegrees>48.1909089</LatitudeDegrees><LongitudeDegrees>16.3194059</LongitudeDegrees></Position><AltitudeMeters>200</AltitudeMeters><DistanceMeters>575.7</DistanceMeters><HeartRateBpm><Value>159</Value></HeartRateBpm><Extensions><TPX xmlns="http://www.garmin.com/xmlschemas/ActivityExtension/v2"><RunCadence>84</RunCadence><Speed>3.148438</Speed><Watts>252</Watts></TPX></Extensions></Trackpoint>
     <Trackpoint><Time>2026-01-31T13:53:10.999Z</Time><Position><LatitudeDegrees>48.1908832</LatitudeDegrees><LongitudeDegrees>16.3194552</LongitudeDegrees></Position><AltitudeMeters>200</AltitudeMeters><DistanceMeters>579.5</DistanceMeters><HeartRateBpm><Value>159</Value></HeartRateBpm><Extensions><TPX xmlns="http://www.garmin.com/xmlschemas/ActivityExtension/v2"><RunCadence>81</RunCadence><Speed>3.148438</Speed><Watts>259</Watts></TPX></Extensions></Trackpoint>
     <Trackpoint><Time>2026-01-31T13:53:11.999Z</Time><Position><LatitudeDegrees>48.1908626</LatitudeDegrees><LongitudeDegrees>16.3194959</LongitudeDegrees></Position><AltitudeMeters>200</AltitudeMeters><DistanceMeters>583.0</DistanceMeters><HeartRateBpm><Value>159</Value></HeartRateBpm><Extensions><TPX xmlns="http://www.garmin.com/xmlschemas/ActivityExtension/v2"><RunCadence>81</RunCadence><Speed>3.148438</Speed><Watts>259</Watts></TPX></Extensions></Trackpoint>
     <Trackpoint><Time>2026-01-31T13:53:12.999Z</Time><Position><LatitudeDegrees>48.1908417</LatitudeDegrees><LongitudeDegrees>16.3195296</LongitudeDegrees></Position><AltitudeMeters>199</AltitudeMeters><DistanceMeters>586.6</DistanceMeters><HeartRateBpm><Value>159</Value></HeartRateBpm><Extensions><TPX xmlns="http://www.garmin.com/xmlschemas/ActivityExtension/v2"><RunCadence>81</RunCadence><Speed>3.148438</Speed><Watts>257</Watts></TPX></Extensions></Trackpoint>
     <Trackpoint><Time>2026-01-31T13:53:13.999Z</Time><Position><LatitudeDegrees>48.1908222</LatitudeDegrees><LongitudeDegrees>16.3195676</LongitudeDegrees></Position><AltitudeMeters>199</AltitudeMeters><DistanceMeters>589.6</DistanceMeters><HeartRateBpm><Value>159</Value></HeartRateBpm><Extensions><TPX xmlns="http://www.garmin.com/xmlschemas/ActivityExtension/v2"><RunCadence>81</RunCadence><Speed>3.148438</Speed><Watts>257</Watts></TPX></Extensions></Trackpoint>
     <Trackpoint><Time>2026-01-31T13:53:14.999Z</Time><Position><LatitudeDegrees>48.1908095</LatitudeDegrees><LongitudeDegrees>16.3195942</LongitudeDegrees></Position><AltitudeMeters>199</AltitudeMeters><DistanceMeters>592.6</DistanceMeters><HeartRateBpm><Value>159</Value></HeartRateBpm><Extensions><TPX xmlns="http://www.garmin.com/xmlschemas/ActivityExtension/v2"><RunCadence>84</RunCadence><Speed>3.136719</Speed><Watts>261</Watts></TPX></Extensions></Trackpoint>
     <Trackpoint><Time>2026-01-31T13:53:15.999Z</Time><Position><LatitudeDegrees>48.1907929</LatitudeDegrees><LongitudeDegrees>16.3196256</LongitudeDegrees></Position><AltitudeMeters>199</AltitudeMeters><DistanceMeters>595.9</DistanceMeters><HeartRateBpm><Value>159</Value></HeartRateBpm><Extensions><TPX xmlns="http://www.garmin.com/xmlschemas/ActivityExtension/v2"><RunCadence>84</RunCadence><Speed>3.136719</Speed><Watts>261</Watts></TPX></Extensions></Trackpoint>
     <Trackpoint><Time>2026-01-31T13:53:16.999Z</Time><Position><LatitudeDegrees>48.1907721</LatitudeDegrees><LongitudeDegrees>16.3196629</LongitudeDegrees></Position><AltitudeMeters>199</AltitudeMeters><DistanceMeters>599.2</DistanceMeters><HeartRateBpm><Value>159</Value></HeartRateBpm><Extensions><TPX xmlns="http://www.garmin.com/xmlschemas/ActivityExtension/v2"><RunCadence>79</RunCadence><Speed>3.136719</Speed><Watts>261</Watts></TPX></Extensions></Trackpoint>
     <Trackpoint><Time>2026-01-31T13:53:17.999Z</Time><Position><LatitudeDegrees>48.1907599</LatitudeDegrees><LongitudeDegrees>16.3196833</LongitudeDegrees></Position><AltitudeMeters>199</AltitudeMeters><DistanceMeters>602.1</DistanceMeters><HeartRateBpm><Value>159</Value></HeartRateBpm><Extensions><TPX xmlns="http://www.garmin.com/xmlschemas/ActivityExtension/v2"><RunCadence>79</RunCadence><Speed>3.136719</Speed><Watts>261</Watts></TPX></Extensions></Trackpoint>
     <Trackpoint><Time>2026-01-31T13:53:18.999Z</Time><Position><LatitudeDegrees>48.1907423</LatitudeDegrees><LongitudeDegrees>16.3197117</LongitudeDegrees></Position><AltitudeMeters>199</AltitudeMeters><DistanceMeters>604.9</DistanceMeters><HeartRateBpm><Value>159</Value></HeartRateBpm><Extensions><TPX xmlns="http://www.garmin.com/xmlschemas/ActivityExtension/v2"><RunCadence>79</RunCadence><Speed>3.136719</Speed><Watts>261</Watts></TPX></Extensions></Trackpoint>
     <Trackpoint><Time>2026-01-31T13:53:19.999Z</Time><Position><LatitudeDegrees>48.1907196</LatitudeDegrees><LongitudeDegrees>16.3197483</LongitudeDegrees></Position><AltitudeMeters>199</AltitudeMeters><DistanceMeters>607.8</DistanceMeters><HeartRateBpm><Value>160</Value></HeartRateBpm><Extensions><TPX xmlns="http://www.garmin.com/xmlschemas/ActivityExtension/v2"><RunCadence>80</RunCadence><Speed>3.136719</Speed><Watts>260</Watts></TPX></Extensions></Trackpoint>
     <Trackpoint><Time>2026-01-31T13:53:20.999Z</Time><Position><LatitudeDegrees>48.1906945</LatitudeDegrees><LongitudeDegrees>16.3197881</LongitudeDegrees></Position><AltitudeMeters>199</AltitudeMeters><DistanceMeters>611.7</DistanceMeters><HeartRateBpm><Value>160</Value></HeartRateBpm><Extensions><TPX xmlns="http://www.garmin.com/xmlschemas/ActivityExtension/v2"><RunCadence>80</RunCadence><Speed>3.136719</Speed><Watts>260</Watts></TPX></Extensions></Trackpoint>
     <Trackpoint><Time>2026-01-31T13:53:21.999Z</Time><Position><LatitudeDegrees>48.1906712</LatitudeDegrees><LongitudeDegrees>16.3198220</LongitudeDegrees></Position><AltitudeMeters>199</AltitudeMeters><DistanceMeters>615.5</DistanceMeters><HeartRateBpm><Value>160</Value></HeartRateBpm><Extensions><TPX xmlns="http://www.garmin.com/xmlschemas/ActivityExtension/v2"><RunCadence>84</RunCadence><Speed>3.136719</Speed><Watts>260</Watts></TPX></Extensions></Trackpoint>
     <Trackpoint><Time>2026-01-31T13:53:22.999Z</Time><Position><LatitudeDegrees>48.1906537</LatitudeDegrees><LongitudeDegrees>16.3198441</LongitudeDegrees></Position><AltitudeMeters>199</AltitudeMeters><DistanceMeters>618.7</DistanceMeters><HeartRateBpm><Value>160</Value></HeartRateBpm><Extensions><TPX xmlns="http://www.garmin.com/xmlschemas/ActivityExtension/v2"><RunCadence>84</RunCadence><Speed>3.136719</Speed><Watts>260</Watts></TPX></Extensions></Trackpoint>
     <Trackpoint><Time>2026-01-31T13:53:23.999Z</Time><Position><LatitudeDegrees>48.1906251</LatitudeDegrees><LongitudeDegrees>16.3198748</LongitudeDegrees></Position><AltitudeMeters>199</AltitudeMeters><DistanceMeters>621.9</DistanceMeters><HeartRateBpm><Value>161</Value></HeartRateBpm><Extensions><TPX xmlns="http://www.garmin.com/xmlschemas/ActivityExtension/v2"><RunCadence>81</RunCadence><Speed>3.136719</Speed><Watts>259</Watts></TPX></Extensions></Trackpoint>
     <Trackpoint><Time>2026-01-31T13:53:24.999Z</Time><Position><LatitudeDegrees>48.1905968</LatitudeDegrees><LongitudeDegrees>16.3199035</LongitudeDegrees></Position><AltitudeMeters>199</AltitudeMeters><DistanceMeters>625.2</DistanceMeters><HeartRateBpm><Value>161</Value></HeartRateBpm><Extensions><TPX xmlns="http://www.garmin.com/xmlschemas/ActivityExtension/v2"><RunCadence>81</RunCadence><Speed>3.136719</Speed><Watts>259</Watts></TPX></Extensions></Trackpoint>
     <Trackpoint><Time>2026-01-31T13:53:25.999Z</Time><Position><LatitudeDegrees>48.1905735</LatitudeDegrees><LongitudeDegrees>16.3199157</LongitudeDegrees></Position><AltitudeMeters>199</AltitudeMeters><DistanceMeters>628.4</DistanceMeters><HeartRateBpm><Value>161</Value></HeartRateBpm><Extensions><TPX xmlns="http://www.garmin.com/xmlschemas/ActivityExtension/v2"><RunCadence>78</RunCadence><Speed>3.136719</Speed><Watts>259</Watts></TPX></Extensions></Trackpoint>
     <Trackpoint><Time>2026-01-31T13:53:26.999Z</Time><Position><LatitudeDegrees>48.1905400</LatitudeDegrees><LongitudeDegrees>16.3199310</LongitudeDegrees></Position><AltitudeMeters>199</AltitudeMeters><DistanceMeters>632.4</DistanceMeters><HeartRateBpm><Value>161</Value></HeartRateBpm><Extensions><TPX xmlns="http://www.garmin.com/xmlschemas/ActivityExtension/v2"><RunCadence>78</RunCadence><Speed>3.136719</Speed><Watts>259</Watts></TPX></Extensions></Trackpoint>
     <Trackpoint><Time>2026-01-31T13:53:27.999Z</Time><Position><LatitudeDegrees>48.1905055</LatitudeDegrees><LongitudeDegrees>16.3199469</LongitudeDegrees></Position><AltitudeMeters>199</AltitudeMeters><DistanceMeters>636.3</DistanceMeters><HeartRateBpm><Value>162</Value></HeartRateBpm><Extensions><TPX xmlns="http://www.garmin.com/xmlschemas/ActivityExtension/v2"><RunCadence>71</RunCadence><Speed>3.136719</Speed><Watts>265</Watts></TPX></Extensions></Trackpoint>
     <Trackpoint><Time>2026-01-31T13:53:28.999Z</Time><Position><LatitudeDegrees>48.1904804</LatitudeDegrees><LongitudeDegrees>16.3199566</LongitudeDegrees></Position><AltitudeMeters>199</AltitudeMeters><DistanceMeters>639.3</DistanceMeters><HeartRateBpm><Value>162</Value></HeartRateBpm><Extensions><TPX xmlns="http://www.garmin.com/xmlschemas/ActivityExtension/v2"><RunCadence>71</RunCadence><Speed>3.136719</Speed><Watts>265</Watts></TPX></Extensions></Trackpoint>
     <Trackpoint><Time>2026-01-31T13:53:29.999Z</Time><Position><LatitudeDegrees>48.1904540</LatitudeDegrees><LongitudeDegrees>16.3199678</LongitudeDegrees></Position><AltitudeMeters>198</AltitudeMeters><DistanceMeters>642.3</DistanceMeters><HeartRateBpm><Value>162</Value></HeartRateBpm><Extensions><TPX xmlns="http://www.garmin.com/xmlschemas/ActivityExtension/v2"><RunCadence>71</RunCadence><Speed>3.207031</Speed><Watts>265</Watts></TPX></Extensions></Trackpoint>
     <Trackpoint><Time>2026-01-31T13:53:30.999Z</Time><Position><LatitudeDegrees>48.1904299</LatitudeDegrees><LongitudeDegrees>16.3199801</LongitudeDegrees></Position><AltitudeMeters>198</AltitudeMeters><DistanceMeters>645.2</DistanceMeters><HeartRateBpm><Value>162</Value></HeartRateBpm><Extensions><TPX xmlns="http://www.garmin.com/xmlschemas/ActivityExtension/v2"><RunCadence>71</RunCadence><Speed>3.207031</Speed><Watts>265</Watts></TPX></Extensions></Trackpoint>
     <Trackpoint><Time>2026-01-31T13:53:31.999Z</Time><Position><LatitudeDegrees>48.1904044</LatitudeDegrees><LongitudeDegrees>16.3199957</LongitudeDegrees></Position><AltitudeMeters>198</AltitudeMeters><DistanceMeters>648.2</DistanceMeters><HeartRateBpm><Value>162</Value></HeartRateBpm><Extensions><TPX xmlns="http://www.garmin.com/xmlschemas/ActivityExtension/v2"><RunCadence>71</RunCadence><Speed>3.207031</Speed><Watts>271</Watts></TPX></Extensions></Trackpoint>
     <Trackpoint><Time>2026-01-31T13:53:32.999Z</Time><Position><LatitudeDegrees>48.1903760</LatitudeDegrees><LongitudeDegrees>16.3200144</LongitudeDegrees></Position><AltitudeMeters>198</AltitudeMeters><DistanceMeters>651.3</DistanceMeters><HeartRateBpm><Value>162</Value></HeartRateBpm><Extensions><TPX xmlns="http://www.garmin.com/xmlschemas/ActivityExtension/v2"><RunCadence>71</RunCadence><Speed>3.207031</Speed><Watts>271</Watts></TPX></Extensions></Trackpoint>
     <Trackpoint><Time>2026-01-31T13:53:33.999Z</Time><Position><LatitudeDegrees>48.1903532</LatitudeDegrees><LongitudeDegrees>16.3200321</LongitudeDegrees></Position><AltitudeMeters>198</AltitudeMeters><DistanceMeters>654.5</DistanceMeters><HeartRateBpm><Value>162</Value></HeartRateBpm><Extensions><TPX xmlns="http://www.garmin.com/xmlschemas/ActivityExtension/v2"><RunCadence>74</RunCadence><Speed>3.207031</Speed><Watts>271</Watts></TPX></Extensions></Trackpoint>
     <Trackpoint><Time>2026-01-31T13:53:34.999Z</Time><Position><LatitudeDegrees>48.1903383</LatitudeDegrees><LongitudeDegrees>16.3200445</LongitudeDegrees></Position><AltitudeMeters>198</AltitudeMeters><DistanceMeters>657.0</DistanceMeters><HeartRateBpm><Value>162</Value></HeartRateBpm><Extensions><TPX xmlns="http://www.garmin.com/xmlschemas/ActivityExtension/v2"><RunCadence>74</RunCadence><Speed>3.207031</Speed><Watts>271</Watts></TPX></Extensions></Trackpoint>
     <Trackpoint><Time>2026-01-31T13:53:35.999Z</Time><Position><LatitudeDegrees>48.1903129</LatitudeDegrees><LongitudeDegrees>16.3200658</LongitudeDegrees></Position><AltitudeMeters>197</AltitudeMeters><DistanceMeters>659.6</DistanceMeters><HeartRateBpm><Value>162</Value></HeartRateBpm><Extensions><TPX xmlns="http://www.garmin.com/xmlschemas/ActivityExtension/v2"><RunCadence>58</RunCadence><Speed>3.222656</Speed><Watts>271</Watts></TPX></Extensions></Trackpoint>
     <Trackpoint><Time>2026-01-31T13:53:36.999Z</Time><Position><LatitudeDegrees>48.1902962</LatitudeDegrees><LongitudeDegrees>16.3200797</LongitudeDegrees></Position><AltitudeMeters>197</AltitudeMeters><DistanceMeters>661.9</DistanceMeters><HeartRateBpm><Value>162</Value></HeartRateBpm><Extensions><TPX xmlns="http://www.garmin.com/xmlschemas/ActivityExtension/v2"><RunCadence>58</RunCadence><Speed>3.222656</Speed><Watts>271</Watts></TPX></Extensions></Trackpoint>
     <Trackpoint><Time>2026-01-31T13:53:37.999Z</Time><Position><LatitudeDegrees>48.1902799</LatitudeDegrees><LongitudeDegrees>16.3200934</LongitudeDegrees></Position><AltitudeMeters>197</AltitudeMeters><DistanceMeters>664.1</DistanceMeters><HeartRateBpm><Value>162</Value></HeartRateBpm><Extensions><TPX xmlns="http://www.garmin.com/xmlschemas/ActivityExtension/v2"><RunCadence>58</RunCadence><Speed>3.222656</Speed><Watts>271</Watts></TPX></Extensions></Trackpoint>
     <Trackpoint><Time>2026-01-31T13:53:38.999Z</Time><Position><LatitudeDegrees>48.1902604</LatitudeDegrees><LongitudeDegrees>16.3201130</LongitudeDegrees></Position><AltitudeMeters>197</AltitudeMeters><DistanceMeters>666.4</DistanceMeters><HeartRateBpm><Value>162</Value></HeartRateBpm><Extensions><TPX xmlns="http://www.garmin.com/xmlschemas/ActivityExtension/v2"><RunCadence>58</RunCadence><Speed>3.222656</Speed><Watts>259</Watts></TPX></Extensions></Trackpoint>
     <Trackpoint><Time>2026-01-31T13:53:39.999Z</Time><Position><LatitudeDegrees>48.1902458</LatitudeDegrees><LongitudeDegrees>16.3201279</LongitudeDegrees></Position><AltitudeMeters>197</AltitudeMeters><DistanceMeters>668.2</DistanceMeters><HeartRateBpm><Value>162</Value></HeartRateBpm><Extensions><TPX xmlns="http://www.garmin.com/xmlschemas/ActivityExtension/v2"><RunCadence>58</RunCadence><Speed>3.222656</Speed><Watts>259</Watts></TPX></Extensions></Trackpoint>
     <Trackpoint><Time>2026-01-31T13:53:40.999Z</Time><Position><LatitudeDegrees>48.1902318</LatitudeDegrees><LongitudeDegrees>16.3201422</LongitudeDegrees></Position><AltitudeMeters>197</AltitudeMeters><DistanceMeters>669.9</DistanceMeters><HeartRateBpm><Value>162</Value></HeartRateBpm><Extensions><TPX xmlns="http://www.garmin.com/xmlschemas/ActivityExtension/v2"><RunCadence>58</RunCadence><Speed>3.222656</Speed><Watts>259</Watts></TPX></Extensions></Trackpoint>
     <Trackpoint><Time>2026-01-31T13:53:41.999Z</Time><Position><LatitudeDegrees>48.1902183</LatitudeDegrees><LongitudeDegrees>16.3201453</LongitudeDegrees></Position><AltitudeMeters>197</AltitudeMeters><DistanceMeters>671.7</DistanceMeters><HeartRateBpm><Value>162</Value></HeartRateBpm><Extensions><TPX xmlns="http://www.garmin.com/xmlschemas/ActivityExtension/v2"><RunCadence>56</RunCadence><Speed>3.222656</Speed><Watts>254</Watts></TPX></Extensions></Trackpoint>
     <Trackpoint><Time>2026-01-31T13:53:42.999Z</Time><Position><LatitudeDegrees>48.1902067</LatitudeDegrees><LongitudeDegrees>16.3201450</LongitudeDegrees></Position><AltitudeMeters>197</AltitudeMeters><DistanceMeters>672.0</DistanceMeters><HeartRateBpm><Value>162</Value></HeartRateBpm><Extensions><TPX xmlns="http://www.garmin.com/xmlschemas/ActivityExtension/v2"><RunCadence>56</RunCadence><Speed>3.222656</Speed><Watts>254</Watts></TPX></Extensions></Trackpoint>
     <Trackpoint><Time>2026-01-31T13:53:43.999Z</Time><Position><LatitudeDegrees>48.1902131</LatitudeDegrees><LongitudeDegrees>16.3201422</LongitudeDegrees></Position><AltitudeMeters>197</AltitudeMeters><DistanceMeters>672.4</DistanceMeters><HeartRateBpm><Value>162</Value></HeartRateBpm><Extensions><TPX xmlns="http://www.garmin.com/xmlschemas/ActivityExtension/v2"><RunCadence>56</RunCadence><Speed>3.222656</Speed><Watts>254</Watts></TPX></Extensions></Trackpoint>
     <Trackpoint><Time>2026-01-31T13:53:44.999Z</Time><Position><LatitudeDegrees>48.1902299</LatitudeDegrees><LongitudeDegrees>16.3201279</LongitudeDegrees></Position><AltitudeMeters>197</AltitudeMeters><DistanceMeters>672.8</DistanceMeters><HeartRateBpm><Value>162</Value></HeartRateBpm><Extensions><TPX xmlns="http://www.garmin.com/xmlschemas/ActivityExtension/v2"><RunCadence>56</RunCadence><Speed>3.222656</Speed><Watts>254</Watts></TPX></Extensions></Trackpoint>
     <Trackpoint><Time>2026-01-31T13:53:45.999Z</Time><Position><LatitudeDegrees>48.1902231</LatitudeDegrees><LongitudeDegrees>16.3201052</LongitudeDegrees></Position><AltitudeMeters>197</AltitudeMeters><DistanceMeters>673.1</DistanceMeters><HeartRateBpm><Value>162</Value></HeartRateBpm><Extensions><TPX xmlns="http://www.garmin.com/xmlschemas/ActivityExtension/v2"><RunCadence>56</RunCadence><Speed>3.222656</Speed><Watts>254</Watts></TPX></Extensions></Trackpoint>
     <Trackpoint><Time>2026-01-31T13:53:46.999Z</Time><Position><LatitudeDegrees>48.1902253</LatitudeDegrees><LongitudeDegrees>16.3201026</LongitudeDegrees></Position><AltitudeMeters>197</AltitudeMeters><DistanceMeters>673.5</DistanceMeters><HeartRateBpm><Value>162</Value></HeartRateBpm><Extensions><TPX xmlns="http://www.garmin.com/xmlschemas/ActivityExtension/v2"><RunCadence>56</RunCadence><Speed>3.222656</Speed><Watts>254</Watts></TPX></Extensions></Trackpoint>
     <Trackpoint><Time>2026-01-31T13:53:47.999Z</Time><Position><LatitudeDegrees>48.1902299</LatitudeDegrees><LongitudeDegrees>16.3201165</LongitudeDegrees></Position><AltitudeMeters>197</AltitudeMeters><DistanceMeters>673.9</DistanceMeters><HeartRateBpm><Value>162</Value></HeartRateBpm><Extensions><TPX xmlns="http://www.garmin.com/xmlschemas/ActivityExtension/v2"><RunCadence>56</RunCadence><Speed>3.222656</Speed><Watts>254</Watts></TPX></Extensions></Trackpoint>
     <Trackpoint><Time>2026-01-31T13:53:48.999Z</Time><Position><LatitudeDegrees>48.1902362</LatitudeDegrees><LongitudeDegrees>16.3201350</LongitudeDegrees></Position><AltitudeMeters>197</AltitudeMeters><DistanceMeters>674.2</DistanceMeters><HeartRateBpm><Value>162</Value></HeartRateBpm><Extensions><TPX xmlns="http://www.garmin.com/xmlschemas/ActivityExtension/v2"><RunCadence>56</RunCadence><Speed>3.222656</Speed><Watts>254</Watts></TPX></Extensions></Trackpoint>
     <Trackpoint><Time>2026-01-31T13:53:49.999Z</Time><Position><LatitudeDegrees>48.1902444</LatitudeDegrees><LongitudeDegrees>16.3201522</LongitudeDegrees></Position><AltitudeMeters>197</AltitudeMeters><DistanceMeters>674.6</DistanceMeters><HeartRateBpm><Value>162</Value></HeartRateBpm><Extensions><TPX xmlns="http://www.garmin.com/xmlschemas/ActivityExtension/v2"><RunCadence>56</RunCadence><Speed>3.222656</Speed><Watts>254</Watts></TPX></Extensions></Trackpoint>
     <Trackpoint><Time>2026-01-31T13:53:50.999Z</Time><Position><LatitudeDegrees>48.1902504</LatitudeDegrees><LongitudeDegrees>16.3201582</LongitudeDegrees></Position><AltitudeMeters>197</AltitudeMeters><DistanceMeters>674.9</DistanceMeters><HeartRateBpm><Value>162</Value></HeartRateBpm><Extensions><TPX xmlns="http://www.garmin.com/xmlschemas/ActivityExtension/v2"><RunCadence>56</RunCadence><Speed>3.222656</Speed><Watts>254</Watts></TPX></Extensions></Trackpoint>
     <Trackpoint><Time>2026-01-31T13:53:51.999Z</Time><Position><LatitudeDegrees>48.1902505</LatitudeDegrees><LongitudeDegrees>16.3201609</LongitudeDegrees></Position><AltitudeMeters>197</AltitudeMeters><DistanceMeters>675.3</DistanceMeters><HeartRateBpm><Value>162</Value></HeartRateBpm><Extensions><TPX xmlns="http://www.garmin.com/xmlschemas/ActivityExtension/v2"><RunCadence>56</RunCadence><Speed>3.222656</Speed><Watts>254</Watts></TPX></Extensions></Trackpoint>
     <Trackpoint><Time>2026-01-31T13:53:52.999Z</Time><Position><LatitudeDegrees>48.1902444</LatitudeDegrees><LongitudeDegrees>16.3201640</LongitudeDegrees></Position><AltitudeMeters>197</AltitudeMeters><DistanceMeters>675.7</DistanceMeters><HeartRateBpm><Value>162</Value></HeartRateBpm><Extensions><TPX xmlns="http://www.garmin.com/xmlschemas/ActivityExtension/v2"><RunCadence>56</RunCadence><Speed>3.222656</Speed><Watts>254</Watts></TPX></Extensions></Trackpoint>
     <Trackpoint><Time>2026-01-31T13:53:53.999Z</Time><Position><LatitudeDegrees>48.1902288</LatitudeDegrees><LongitudeDegrees>16.3201543</LongitudeDegrees></Position><AltitudeMeters>197</AltitudeMeters><DistanceMeters>676.0</DistanceMeters><HeartRateBpm><Value>162</Value></HeartRateBpm><Extensions><TPX xmlns="http://www.garmin.com/xmlschemas/ActivityExtension/v2"><RunCadence>56</RunCadence><Speed>3.222656</Speed><Watts>254</Watts></TPX></Extensions></Trackpoint>
     <Trackpoint><Time>2026-01-31T13:53:54.999Z</Time><Position><LatitudeDegrees>48.1902237</LatitudeDegrees><LongitudeDegrees>16.3201442</LongitudeDegrees></Position><AltitudeMeters>197</AltitudeMeters><DistanceMeters>676.4</DistanceMeters><HeartRateBpm><Value>162</Value></HeartRateBpm><Extensions><TPX xmlns="http://www.garmin.com/xmlschemas/ActivityExtension/v2"><RunCadence>56</RunCadence><Speed>3.222656</Speed><Watts>254</Watts></TPX></Extensions></Trackpoint>
     <Trackpoint><Time>2026-01-31T13:53:55.999Z</Time><Position><LatitudeDegrees>48.1902172</LatitudeDegrees><LongitudeDegrees>16.3201395</LongitudeDegrees></Position><AltitudeMeters>197</AltitudeMeters><DistanceMeters>676.8</DistanceMeters><HeartRateBpm><Value>162</Value></HeartRateBpm><Extensions><TPX xmlns="http://www.garmin.com/xmlschemas/ActivityExtension/v2"><RunCadence>56</RunCadence><Speed>3.222656</Speed><Watts>254</Watts></TPX></Extensions></Trackpoint>
     <Trackpoint><Time>2026-01-31T13:53:56.999Z</Time><Position><LatitudeDegrees>48.1902147</LatitudeDegrees><LongitudeDegrees>16.3201370</LongitudeDegrees></Position><AltitudeMeters>197</AltitudeMeters><DistanceMeters>677.1</DistanceMeters><HeartRateBpm><Value>162</Value></HeartRateBpm><Extensions><TPX xmlns="http://www.garmin.com/xmlschemas/ActivityExtension/v2"><RunCadence>56</RunCadence><Speed>3.222656</Speed><Watts>254</Watts></TPX></Extensions></Trackpoint>
     <Trackpoint><Time>2026-01-31T13:53:57.999Z</Time><Position><LatitudeDegrees>48.1902046</LatitudeDegrees><LongitudeDegrees>16.3201328</LongitudeDegrees></Position><AltitudeMeters>197</AltitudeMeters><DistanceMeters>677.5</DistanceMeters><HeartRateBpm><Value>162</Value></HeartRateBpm><Extensions><TPX xmlns="http://www.garmin.com/xmlschemas/ActivityExtension/v2"><RunCadence>56</RunCadence><Speed>3.222656</Speed><Watts>254</Watts></TPX></Extensions></Trackpoint>
     <Trackpoint><Time>2026-01-31T13:53:58.999Z</Time><Position><LatitudeDegrees>48.1902017</LatitudeDegrees><LongitudeDegrees>16.3201252</LongitudeDegrees></Position><AltitudeMeters>197</AltitudeMeters><DistanceMeters>677.9</DistanceMeters><HeartRateBpm><Value>162</Value></HeartRateBpm><Extensions><TPX xmlns="http://www.garmin.com/xmlschemas/ActivityExtension/v2"><RunCadence>56</RunCadence><Speed>3.222656</Speed><Watts>254</Watts></TPX></Extensions></Trackpoint>
     <Trackpoint><Time>2026-01-31T13:53:59.999Z</Time><Position><LatitudeDegrees>48.1902035</LatitudeDegrees><LongitudeDegrees>16.3201133</LongitudeDegrees></Position><AltitudeMeters>197</AltitudeMeters><DistanceMeters>678.2</DistanceMeters><HeartRateBpm><Value>162</Value></HeartRateBpm><Extensions><TPX xmlns="http://www.garmin.com/xmlschemas/ActivityExtension/v2"><RunCadence>56</RunCadence><Speed>3.222656</Speed><Watts>254</Watts></TPX></Extensions></Trackpoint>
     <Trackpoint><Time>2026-01-31T13:54:00.999Z</Time><Position><LatitudeDegrees>48.1902027</LatitudeDegrees><LongitudeDegrees>16.3200930</LongitudeDegrees></Position><AltitudeMeters>197</AltitudeMeters><DistanceMeters>678.6</DistanceMeters><HeartRateBpm><Value>162</Value></HeartRateBpm><Extensions><TPX xmlns="http://www.garmin.com/xmlschemas/ActivityExtension/v2"><RunCadence>56</RunCadence><Speed>3.222656</Speed><Watts>254</Watts></TPX></Extensions></Trackpoint>
     <Trackpoint><Time>2026-01-31T13:54:01.999Z</Time><Position><LatitudeDegrees>48.1901956</LatitudeDegrees><LongitudeDegrees>16.3200531</LongitudeDegrees></Position><AltitudeMeters>197</AltitudeMeters><DistanceMeters>679.0</DistanceMeters><HeartRateBpm><Value>153</Value></HeartRateBpm><Extensions><TPX xmlns="http://www.garmin.com/xmlschemas/ActivityExtension/v2"><RunCadence>55</RunCadence><Speed>3.222656</Speed><Watts>120</Watts></TPX></Extensions></Trackpoint>
     <Trackpoint><Time>2026-01-31T13:54:02.999Z</Time><Position><LatitudeDegrees>48.1901877</LatitudeDegrees><LongitudeDegrees>16.3200119</LongitudeDegrees></Position><AltitudeMeters>197</AltitudeMeters><DistanceMeters>681.0</DistanceMeters><HeartRateBpm><Value>153</Value></HeartRateBpm><Extensions><TPX xmlns="http://www.garmin.com/xmlschemas/ActivityExtension/v2"><RunCadence>55</RunCadence><Speed>3.222656</Speed><Watts>120</Watts></TPX></Extensions></Trackpoint>
     <Trackpoint><Time>2026-01-31T13:54:03.999Z</Time><Position><LatitudeDegrees>48.1901912</LatitudeDegrees><LongitudeDegrees>16.3199889</LongitudeDegrees></Position><AltitudeMeters>197</AltitudeMeters><DistanceMeters>683.0</DistanceMeters><HeartRateBpm><Value>153</Value></HeartRateBpm><Extensions><TPX xmlns="http://www.garmin.com/xmlschemas/ActivityExtension/v2"><RunCadence>55</RunCadence><Speed>3.222656</Speed><Watts>120</Watts></TPX></Extensions></Trackpoint>
     <Trackpoint><Time>2026-01-31T13:54:04.999Z</Time><Position><LatitudeDegrees>48.1901784</LatitudeDegrees><LongitudeDegrees>16.3199755</LongitudeDegrees></Position><AltitudeMeters>197</AltitudeMeters><DistanceMeters>685.0</DistanceMeters><HeartRateBpm><Value>149</Value></HeartRateBpm><Extensions><TPX xmlns="http://www.garmin.com/xmlschemas/ActivityExtension/v2"><RunCadence>57</RunCadence><Speed>3.222656</Speed><Watts>85</Watts></TPX></Extensions></Trackpoint>
     <Trackpoint><Time>2026-01-31T13:54:05.999Z</Time><Position><LatitudeDegrees>48.1901681</LatitudeDegrees><LongitudeDegrees>16.3200049</LongitudeDegrees></Position><AltitudeMeters>197</AltitudeMeters><DistanceMeters>687.6</DistanceMeters><HeartRateBpm><Value>149</Value></HeartRateBpm><Extensions><TPX xmlns="http://www.garmin.com/xmlschemas/ActivityExtension/v2"><RunCadence>57</RunCadence><Speed>3.222656</Speed><Watts>85</Watts></TPX></Extensions></Trackpoint>
     <Trackpoint><Time>2026-01-31T13:54:06.999Z</Time><Position><LatitudeDegrees>48.1901617</LatitudeDegrees><LongitudeDegrees>16.3200392</LongitudeDegrees></Position><AltitudeMeters>197</AltitudeMeters><DistanceMeters>690.1</DistanceMeters><HeartRateBpm><Value>149</Value></HeartRateBpm><Extensions><TPX xmlns="http://www.garmin.com/xmlschemas/ActivityExtension/v2"><RunCadence>57</RunCadence><Speed>3.304688</Speed><Watts>107</Watts></TPX></Extensions></Trackpoint>
     <Trackpoint><Time>2026-01-31T13:54:07.999Z</Time><Position><LatitudeDegrees>48.1901753</LatitudeDegrees><LongitudeDegrees>16.3200599</LongitudeDegrees></Position><AltitudeMeters>197</AltitudeMeters><DistanceMeters>691.6</DistanceMeters><HeartRateBpm><Value>149</Value></HeartRateBpm><Extensions><TPX xmlns="http://www.garmin.com/xmlschemas/ActivityExtension/v2"><RunCadence>57</RunCadence><Speed>3.304688</Speed><Watts>107</Watts></TPX></Extensions></Trackpoint>
     <Trackpoint><Time>2026-01-31T13:54:08.999Z</Time><Position><LatitudeDegrees>48.1901856</LatitudeDegrees><LongitudeDegrees>16.3200665</LongitudeDegrees></Position><AltitudeMeters>197</AltitudeMeters><DistanceMeters>693.0</DistanceMeters><HeartRateBpm><Value>149</Value></HeartRateBpm><Extensions><TPX xmlns="http://www.garmin.com/xmlschemas/ActivityExtension/v2"><RunCadence>57</RunCadence><Speed>3.304688</Speed><Watts>107</Watts></TPX></Extensions></Trackpoint>
     <Trackpoint><Time>2026-01-31T13:54:09.999Z</Time><Position><LatitudeDegrees>48.1901937</LatitudeDegrees><LongitudeDegrees>16.3200799</LongitudeDegrees></Position><AltitudeMeters>197</AltitudeMeters><DistanceMeters>694.5</DistanceMeters><HeartRateBpm><Value>149</Value></HeartRateBpm><Extensions><TPX xmlns="http://www.garmin.com/xmlschemas/ActivityExtension/v2"><RunCadence>57</RunCadence><Speed>3.304688</Speed><Watts>107</Watts></TPX></Extensions></Trackpoint>
     <Trackpoint><Time>2026-01-31T13:54:10.999Z</Time><Position><LatitudeDegrees>48.1901969</LatitudeDegrees><LongitudeDegrees>16.3200983</LongitudeDegrees></Position><AltitudeMeters>196</AltitudeMeters><DistanceMeters>696.0</DistanceMeters><HeartRateBpm><Value>147</Value></HeartRateBpm><Extensions><TPX xmlns="http://www.garmin.com/xmlschemas/ActivityExtension/v2"><RunCadence>57</RunCadence><Speed>3.304688</Speed><Watts>93</Watts></TPX></Extensions></Trackpoint>
     <Trackpoint><Time>2026-01-31T13:54:11.999Z</Time><Position><LatitudeDegrees>48.1901954</LatitudeDegrees><LongitudeDegrees>16.3201069</LongitudeDegrees></Position><AltitudeMeters>196</AltitudeMeters><DistanceMeters>696.4</DistanceMeters><HeartRateBpm><Value>147</Value></HeartRateBpm><Extensions><TPX xmlns="http://www.garmin.com/xmlschemas/ActivityExtension/v2"><RunCadence>57</RunCadence><Speed>3.304688</Speed><Watts>93</Watts></TPX></Extensions></Trackpoint>
     <Trackpoint><Time>2026-01-31T13:54:12.999Z</Time><Position><LatitudeDegrees>48.1901978</LatitudeDegrees><LongitudeDegrees>16.3201234</LongitudeDegrees></Position><AltitudeMeters>196</AltitudeMeters><DistanceMeters>696.8</DistanceMeters><HeartRateBpm><Value>147</Value></HeartRateBpm><Extensions><TPX xmlns="http://www.garmin.com/xmlschemas/ActivityExtension/v2"><RunCadence>57</RunCadence><Speed>3.304688</Speed><Watts>93</Watts></TPX></Extensions></Trackpoint>
     <Trackpoint><Time>2026-01-31T13:54:13.999Z</Time><Position><LatitudeDegrees>48.1901984</LatitudeDegrees><LongitudeDegrees>16.3201342</LongitudeDegrees></Position><AltitudeMeters>196</AltitudeMeters><DistanceMeters>697.2</DistanceMeters><HeartRateBpm><Value>147</Value></HeartRateBpm><Extensions><TPX xmlns="http://www.garmin.com/xmlschemas/ActivityExtension/v2"><RunCadence>57</RunCadence><Speed>3.304688</Speed><Watts>93</Watts></TPX></Extensions></Trackpoint>
     <Trackpoint><Time>2026-01-31T13:54:14.999Z</Time><Position><LatitudeDegrees>48.1902007</LatitudeDegrees><LongitudeDegrees>16.3201264</LongitudeDegrees></Position><AltitudeMeters>196</AltitudeMeters><DistanceMeters>697.6</DistanceMeters><HeartRateBpm><Value>147</Value></HeartRateBpm><Extensions><TPX xmlns="http://www.garmin.com/xmlschemas/ActivityExtension/v2"><RunCadence>57</RunCadence><Speed>3.304688</Speed><Watts>93</Watts></TPX></Extensions></Trackpoint>
     <Trackpoint><Time>2026-01-31T13:54:15.999Z</Time><Position><LatitudeDegrees>48.1901947</LatitudeDegrees><LongitudeDegrees>16.3201278</LongitudeDegrees></Position><AltitudeMeters>196</AltitudeMeters><DistanceMeters>698.0</DistanceMeters><HeartRateBpm><Value>147</Value></HeartRateBpm><Extensions><TPX xmlns="http://www.garmin.com/xmlschemas/ActivityExtension/v2"><RunCadence>57</RunCadence><Speed>3.304688</Speed><Watts>93</Watts></TPX></Extensions></Trackpoint>
     <Trackpoint><Time>2026-01-31T13:54:16.999Z</Time><Position><LatitudeDegrees>48.1901942</LatitudeDegrees><LongitudeDegrees>16.3201209</LongitudeDegrees></Position><AltitudeMeters>196</AltitudeMeters><DistanceMeters>698.4</DistanceMeters><HeartRateBpm><Value>147</Value></HeartRateBpm><Extensions><TPX xmlns="http://www.garmin.com/xmlschemas/ActivityExtension/v2"><RunCadence>57</RunCadence><Speed>3.304688</Speed><Watts>93</Watts></TPX></Extensions></Trackpoint>
     <Trackpoint><Time>2026-01-31T13:54:17.999Z</Time><Position><LatitudeDegrees>48.1901918</LatitudeDegrees><LongitudeDegrees>16.3201292</LongitudeDegrees></Position><AltitudeMeters>196</AltitudeMeters><DistanceMeters>698.7</DistanceMeters><HeartRateBpm><Value>147</Value></HeartRateBpm><Extensions><TPX xmlns="http://www.garmin.com/xmlschemas/ActivityExtension/v2"><RunCadence>57</RunCadence><Speed>3.304688</Speed><Watts>93</Watts></TPX></Extensions></Trackpoint>
     <Trackpoint><Time>2026-01-31T13:54:18.999Z</Time><Position><LatitudeDegrees>48.1901980</LatitudeDegrees><LongitudeDegrees>16.3201209</LongitudeDegrees></Position><AltitudeMeters>196</AltitudeMeters><DistanceMeters>699.1</DistanceMeters><HeartRateBpm><Value>147</Value></HeartRateBpm><Extensions><TPX xmlns="http://www.garmin.com/xmlschemas/ActivityExtension/v2"><RunCadence>57</RunCadence><Speed>3.304688</Speed><Watts>93</Watts></TPX></Extensions></Trackpoint>
     <Trackpoint><Time>2026-01-31T13:54:19.999Z</Time><Position><LatitudeDegrees>48.1901938</LatitudeDegrees><LongitudeDegrees>16.3201138</LongitudeDegrees></Position><AltitudeMeters>196</AltitudeMeters><DistanceMeters>699.5</DistanceMeters><HeartRateBpm><Value>147</Value></HeartRateBpm><Extensions><TPX xmlns="http://www.garmin.com/xmlschemas/ActivityExtension/v2"><RunCadence>57</RunCadence><Speed>3.304688</Speed><Watts>93</Watts></TPX></Extensions></Trackpoint>
     <Trackpoint><Time>2026-01-31T13:54:20.999Z</Time><Position><LatitudeDegrees>48.1901924</LatitudeDegrees><LongitudeDegrees>16.3201098</LongitudeDegrees></Position><AltitudeMeters>196</AltitudeMeters><DistanceMeters>699.9</DistanceMeters><HeartRateBpm><Value>147</Value></HeartRateBpm><Extensions><TPX xmlns="http://www.garmin.com/xmlschemas/ActivityExtension/v2"><RunCadence>57</RunCadence><Speed>3.304688</Speed><Watts>93</Watts></TPX></Extensions></Trackpoint>
     <Trackpoint><Time>2026-01-31T13:54:21.999Z</Time><Position><LatitudeDegrees>48.1901896</LatitudeDegrees><LongitudeDegrees>16.3201122</LongitudeDegrees></Position><AltitudeMeters>196</AltitudeMeters><DistanceMeters>700.3</DistanceMeters><HeartRateBpm><Value>147</Value></HeartRateBpm><Extensions><TPX xmlns="http://www.garmin.com/xmlschemas/ActivityExtension/v2"><RunCadence>57</RunCadence><Speed>3.304688</Speed><Watts>93</Watts></TPX></Extensions></Trackpoint>
     <Trackpoint><Time>2026-01-31T13:54:22.999Z</Time><Position><LatitudeDegrees>48.1901900</LatitudeDegrees><LongitudeDegrees>16.3201182</LongitudeDegrees></Position><AltitudeMeters>196</AltitudeMeters><DistanceMeters>700.7</DistanceMeters><HeartRateBpm><Value>147</Value></HeartRateBpm><Extensions><TPX xmlns="http://www.garmin.com/xmlschemas/ActivityExtension/v2"><RunCadence>57</RunCadence><Speed>3.304688</Speed><Watts>93</Watts></TPX></Extensions></Trackpoint>
     <Trackpoint><Time>2026-01-31T13:54:23.999Z</Time><Position><LatitudeDegrees>48.1901870</LatitudeDegrees><LongitudeDegrees>16.3201172</LongitudeDegrees></Position><AltitudeMeters>196</AltitudeMeters><DistanceMeters>701.1</DistanceMeters><HeartRateBpm><Value>147</Value></HeartRateBpm><Extensions><TPX xmlns="http://www.garmin.com/xmlschemas/ActivityExtension/v2"><RunCadence>57</RunCadence><Speed>3.304688</Speed><Watts>93</Watts></TPX></Extensions></Trackpoint>
     <Trackpoint><Time>2026-01-31T13:54:24.999Z</Time><Position><LatitudeDegrees>48.1901864</LatitudeDegrees><LongitudeDegrees>16.3201164</LongitudeDegrees></Position><AltitudeMeters>196</AltitudeMeters><DistanceMeters>701.5</DistanceMeters><HeartRateBpm><Value>147</Value></HeartRateBpm><Extensions><TPX xmlns="http://www.garmin.com/xmlschemas/ActivityExtension/v2"><RunCadence>57</RunCadence><Speed>3.304688</Speed><Watts>93</Watts></TPX></Extensions></Trackpoint>
     <Trackpoint><Time>2026-01-31T13:54:25.999Z</Time><Position><LatitudeDegrees>48.1901824</LatitudeDegrees><LongitudeDegrees>16.3201225</LongitudeDegrees></Position><AltitudeMeters>196</AltitudeMeters><DistanceMeters>701.9</DistanceMeters><HeartRateBpm><Value>147</Value></HeartRateBpm><Extensions><TPX xmlns="http://www.garmin.com/xmlschemas/ActivityExtension/v2"><RunCadence>57</RunCadence><Speed>3.304688</Speed><Watts>93</Watts></TPX></Extensions></Trackpoint>
     <Trackpoint><Time>2026-01-31T13:54:26.999Z</Time><Position><LatitudeDegrees>48.1901813</LatitudeDegrees><LongitudeDegrees>16.3201237</LongitudeDegrees></Position><AltitudeMeters>196</AltitudeMeters><DistanceMeters>702.3</DistanceMeters><HeartRateBpm><Value>147</Value></HeartRateBpm><Extensions><TPX xmlns="http://www.garmin.com/xmlschemas/ActivityExtension/v2"><RunCadence>57</RunCadence><Speed>3.304688</Speed><Watts>93</Watts></TPX></Extensions></Trackpoint>
     <Trackpoint><Time>2026-01-31T13:54:27.999Z</Time><Position><LatitudeDegrees>48.1901755</LatitudeDegrees><LongitudeDegrees>16.3201255</LongitudeDegrees></Position><AltitudeMeters>196</AltitudeMeters><DistanceMeters>702.7</DistanceMeters><HeartRateBpm><Value>147</Value></HeartRateBpm><Extensions><TPX xmlns="http://www.garmin.com/xmlschemas/ActivityExtension/v2"><RunCadence>57</RunCadence><Speed>3.304688</Speed><Watts>93</Watts></TPX></Extensions></Trackpoint>
     <Trackpoint><Time>2026-01-31T13:54:28.999Z</Time><Position><LatitudeDegrees>48.1901805</LatitudeDegrees><LongitudeDegrees>16.3201182</LongitudeDegrees></Position><AltitudeMeters>196</AltitudeMeters><DistanceMeters>703.1</DistanceMeters><HeartRateBpm><Value>147</Value></HeartRateBpm><Extensions><TPX xmlns="http://www.garmin.com/xmlschemas/ActivityExtension/v2"><RunCadence>57</RunCadence><Speed>3.304688</Speed><Watts>93</Watts></TPX></Extensions></Trackpoint>
     <Trackpoint><Time>2026-01-31T13:54:29.999Z</Time><Position><LatitudeDegrees>48.1901732</LatitudeDegrees><LongitudeDegrees>16.3201187</LongitudeDegrees></Position><AltitudeMeters>196</AltitudeMeters><DistanceMeters>703.5</DistanceMeters><HeartRateBpm><Value>147</Value></HeartRateBpm><Extensions><TPX xmlns="http://www.garmin.com/xmlschemas/ActivityExtension/v2"><RunCadence>57</RunCadence><Speed>3.304688</Speed><Watts>93</Watts></TPX></Extensions></Trackpoint>
     <Trackpoint><Time>2026-01-31T13:54:30.999Z</Time><Position><LatitudeDegrees>48.1901591</LatitudeDegrees><LongitudeDegrees>16.3201270</LongitudeDegrees></Position><AltitudeMeters>196</AltitudeMeters><DistanceMeters>703.9</DistanceMeters><HeartRateBpm><Value>147</Value></HeartRateBpm><Extensions><TPX xmlns="http://www.garmin.com/xmlschemas/ActivityExtension/v2"><RunCadence>57</RunCadence><Speed>3.304688</Speed><Watts>93</Watts></TPX></Extensions></Trackpoint>
     <Trackpoint><Time>2026-01-31T13:54:31.999Z</Time><Position><LatitudeDegrees>48.1901285</LatitudeDegrees><LongitudeDegrees>16.3201431</LongitudeDegrees></Position><AltitudeMeters>196</AltitudeMeters><DistanceMeters>704.3</DistanceMeters><HeartRateBpm><Value>139</Value></HeartRateBpm><Extensions><TPX xmlns="http://www.garmin.com/xmlschemas/ActivityExtension/v2"><RunCadence>56</RunCadence><Speed>3.304688</Speed><Watts>61</Watts></TPX></Extensions></Trackpoint>
     <Trackpoint><Time>2026-01-31T13:54:32.999Z</Time><Position><LatitudeDegrees>48.1900851</LatitudeDegrees><LongitudeDegrees>16.3201609</LongitudeDegrees></Position><AltitudeMeters>196</AltitudeMeters><DistanceMeters>709.3</DistanceMeters><HeartRateBpm><Value>139</Value></HeartRateBpm><Extensions><TPX xmlns="http://www.garmin.com/xmlschemas/ActivityExtension/v2"><RunCadence>57</RunCadence><Speed>3.128906</Speed><Watts>61</Watts></TPX></Extensions></Trackpoint>
     <Trackpoint><Time>2026-01-31T13:54:33.999Z</Time><Position><LatitudeDegrees>48.1900510</LatitudeDegrees><LongitudeDegrees>16.3201679</LongitudeDegrees></Position><AltitudeMeters>196</AltitudeMeters><DistanceMeters>712.0</DistanceMeters><HeartRateBpm><Value>139</Value></HeartRateBpm><Extensions><TPX xmlns="http://www.garmin.com/xmlschemas/ActivityExtension/v2"><RunCadence>57</RunCadence><Speed>3.128906</Speed><Watts>61</Watts></TPX></Extensions></Trackpoint>
     <Trackpoint><Time>2026-01-31T13:54:34.999Z</Time><Position><LatitudeDegrees>48.1900358</LatitudeDegrees><LongitudeDegrees>16.3201644</LongitudeDegrees></Position><AltitudeMeters>196</AltitudeMeters><DistanceMeters>714.8</DistanceMeters><HeartRateBpm><Value>138</Value></HeartRateBpm><Extensions><TPX xmlns="http://www.garmin.com/xmlschemas/ActivityExtension/v2"><RunCadence>60</RunCadence><Speed>3.128906</Speed><Watts>61</Watts></TPX></Extensions></Trackpoint>
     <Trackpoint><Time>2026-01-31T13:54:35.999Z</Time><Position><LatitudeDegrees>48.1900134</LatitudeDegrees><LongitudeDegrees>16.3201661</LongitudeDegrees></Position><AltitudeMeters>196</AltitudeMeters><DistanceMeters>717.2</DistanceMeters><HeartRateBpm><Value>138</Value></HeartRateBpm><Extensions><TPX xmlns="http://www.garmin.com/xmlschemas/ActivityExtension/v2"><RunCadence>60</RunCadence><Speed>3.128906</Speed><Watts>61</Watts></TPX></Extensions></Trackpoint>
     <Trackpoint><Time>2026-01-31T13:54:36.999Z</Time><Position><LatitudeDegrees>48.1899961</LatitudeDegrees><LongitudeDegrees>16.3201681</LongitudeDegrees></Position><AltitudeMeters>196</AltitudeMeters><DistanceMeters>719.7</DistanceMeters><HeartRateBpm><Value>138</Value></HeartRateBpm><Extensions><TPX xmlns="http://www.garmin.com/xmlschemas/ActivityExtension/v2"><RunCadence>60</RunCadence><Speed>3.128906</Speed><Watts>61</Watts></TPX></Extensions></Trackpoint>
     <Trackpoint><Time>2026-01-31T13:54:37.999Z</Time><Position><LatitudeDegrees>48.1899715</LatitudeDegrees><LongitudeDegrees>16.3201853</LongitudeDegrees></Position><AltitudeMeters>196</AltitudeMeters><DistanceMeters>722.1</DistanceMeters><HeartRateBpm><Value>138</Value></HeartRateBpm><Extensions><TPX xmlns="http://www.garmin.com/xmlschemas/ActivityExtension/v2"><RunCadence>57</RunCadence><Speed>2.925781</Speed><Watts>74</Watts></TPX></Extensions></Trackpoint>
     <Trackpoint><Time>2026-01-31T13:54:38.999Z</Time><Position><LatitudeDegrees>48.1899448</LatitudeDegrees><LongitudeDegrees>16.3202039</LongitudeDegrees></Position><AltitudeMeters>196</AltitudeMeters><DistanceMeters>725.4</DistanceMeters><HeartRateBpm><Value>138</Value></HeartRateBpm><Extensions><TPX xmlns="http://www.garmin.com/xmlschemas/ActivityExtension/v2"><RunCadence>57</RunCadence><Speed>2.925781</Speed><Watts>74</Watts></TPX></Extensions></Trackpoint>
     <Trackpoint><Time>2026-01-31T13:54:39.999Z</Time><Position><LatitudeDegrees>48.1899129</LatitudeDegrees><LongitudeDegrees>16.3202020</LongitudeDegrees></Position><AltitudeMeters>196</AltitudeMeters><DistanceMeters>728.7</DistanceMeters><HeartRateBpm><Value>136</Value></HeartRateBpm><Extensions><TPX xmlns="http://www.garmin.com/xmlschemas/ActivityExtension/v2"><RunCadence>55</RunCadence><Speed>2.925781</Speed><Watts>74</Watts></TPX></Extensions></Trackpoint>
     <Trackpoint><Time>2026-01-31T13:54:40.999Z</Time><Position><LatitudeDegrees>48.1898834</LatitudeDegrees><LongitudeDegrees>16.3201791</LongitudeDegrees></Position><AltitudeMeters>196</AltitudeMeters><DistanceMeters>731.5</DistanceMeters><HeartRateBpm><Value>136</Value></HeartRateBpm><Extensions><TPX xmlns="http://www.garmin.com/xmlschemas/ActivityExtension/v2"><RunCadence>55</RunCadence><Speed>2.925781</Speed><Watts>74</Watts></TPX></Extensions></Trackpoint>
     <Trackpoint><Time>2026-01-31T13:54:41.999Z</Time><Position><LatitudeDegrees>48.1898838</LatitudeDegrees><LongitudeDegrees>16.3201514</LongitudeDegrees></Position><AltitudeMeters>196</AltitudeMeters><DistanceMeters>734.3</DistanceMeters><HeartRateBpm><Value>136</Value></HeartRateBpm><Extensions><TPX xmlns="http://www.garmin.com/xmlschemas/ActivityExtension/v2"><RunCadence>55</RunCadence><Speed>2.925781</Speed><Watts>74</Watts></TPX></Extensions></Trackpoint>
     <Trackpoint><Time>2026-01-31T13:54:42.999Z</Time><Position><LatitudeDegrees>48.1898652</LatitudeDegrees><LongitudeDegrees>16.3201149</LongitudeDegrees></Position><AltitudeMeters>196</AltitudeMeters><DistanceMeters>737.1</DistanceMeters><HeartRateBpm><Value>136</Value></HeartRateBpm><Extensions><TPX xmlns="http://www.garmin.com/xmlschemas/ActivityExtension/v2"><RunCadence>53</RunCadence><Speed>2.925781</Speed><Watts>74</Watts></TPX></Extensions></Trackpoint>
     <Trackpoint><Time>2026-01-31T13:54:43.999Z</Time><Position><LatitudeDegrees>48.1898375</LatitudeDegrees><LongitudeDegrees>16.3200733</LongitudeDegrees></Position><AltitudeMeters>196</AltitudeMeters><DistanceMeters>741.1</DistanceMeters><HeartRateBpm><Value>136</Value></HeartRateBpm><Extensions><TPX xmlns="http://www.garmin.com/xmlschemas/ActivityExtension/v2"><RunCadence>53</RunCadence><Speed>2.925781</Speed><Watts>74</Watts></TPX></Extensions></Trackpoint>
     <Trackpoint><Time>2026-01-31T13:54:44.999Z</Time><Position><LatitudeDegrees>48.1898193</LatitudeDegrees><LongitudeDegrees>16.3200316</LongitudeDegrees></Position><AltitudeMeters>195</AltitudeMeters><DistanceMeters>745.1</DistanceMeters><HeartRateBpm><Value>140</Value></HeartRateBpm><Extensions><TPX xmlns="http://www.garmin.com/xmlschemas/ActivityExtension/v2"><RunCadence>54</RunCadence><Speed>3.027344</Speed><Watts>232</Watts></TPX></Extensions></Trackpoint>
     <Trackpoint><Time>2026-01-31T13:54:45.999Z</Time><Position><LatitudeDegrees>48.1898008</LatitudeDegrees><LongitudeDegrees>16.3199942</LongitudeDegrees></Position><AltitudeMeters>195</AltitudeMeters><DistanceMeters>747.8</DistanceMeters><HeartRateBpm><Value>140</Value></HeartRateBpm><Extensions><TPX xmlns="http://www.garmin.com/xmlschemas/ActivityExtension/v2"><RunCadence>54</RunCadence><Speed>3.027344</Speed><Watts>232</Watts></TPX></Extensions></Trackpoint>
     <Trackpoint><Time>2026-01-31T13:54:46.999Z</Time><Position><LatitudeDegrees>48.1897922</LatitudeDegrees><LongitudeDegrees>16.3199705</LongitudeDegrees></Position><AltitudeMeters>195</AltitudeMeters><DistanceMeters>750.5</DistanceMeters><HeartRateBpm><Value>140</Value></HeartRateBpm><Extensions><TPX xmlns="http://www.garmin.com/xmlschemas/ActivityExtension/v2"><RunCadence>80</RunCadence><Speed>3.027344</Speed><Watts>232</Watts></TPX></Extensions></Trackpoint>
     <Trackpoint><Time>2026-01-31T13:54:47.999Z</Time><Position><LatitudeDegrees>48.1897855</LatitudeDegrees><LongitudeDegrees>16.3199404</LongitudeDegrees></Position><AltitudeMeters>195</AltitudeMeters><DistanceMeters>753.2</DistanceMeters><HeartRateBpm><Value>140</Value></HeartRateBpm><Extensions><TPX xmlns="http://www.garmin.com/xmlschemas/ActivityExtension/v2"><RunCadence>80</RunCadence><Speed>3.027344</Speed><Watts>232</Watts></TPX></Extensions></Trackpoint>
     <Trackpoint><Time>2026-01-31T13:54:48.999Z</Time><Position><LatitudeDegrees>48.1897710</LatitudeDegrees><LongitudeDegrees>16.3199119</LongitudeDegrees></Position><AltitudeMeters>195</AltitudeMeters><DistanceMeters>755.8</DistanceMeters><HeartRateBpm><Value>140</Value></HeartRateBpm><Extensions><TPX xmlns="http://www.garmin.com/xmlschemas/ActivityExtension/v2"><RunCadence>80</RunCadence><Speed>3.027344</Speed><Watts>232</Watts></TPX></Extensions></Trackpoint>
     <Trackpoint><Time>2026-01-31T13:54:49.999Z</Time><Position><LatitudeDegrees>48.1897546</LatitudeDegrees><LongitudeDegrees>16.3198796</LongitudeDegrees></Position><AltitudeMeters>195</AltitudeMeters><DistanceMeters>758.5</DistanceMeters><HeartRateBpm><Value>140</Value></HeartRateBpm><Extensions><TPX xmlns="http://www.garmin.com/xmlschemas/ActivityExtension/v2"><RunCadence>80</RunCadence><Speed>3.011719</Speed><Watts>240</Watts></TPX></Extensions></Trackpoint>
     <Trackpoint><Time>2026-01-31T13:54:50.999Z</Time><Position><LatitudeDegrees>48.1897463</LatitudeDegrees><LongitudeDegrees>16.3198508</LongitudeDegrees></Position><AltitudeMeters>195</AltitudeMeters><DistanceMeters>761.4</DistanceMeters><HeartRateBpm><Value>140</Value></HeartRateBpm><Extensions><TPX xmlns="http://www.garmin.com/xmlschemas/ActivityExtension/v2"><RunCadence>80</RunCadence><Speed>3.011719</Speed><Watts>240</Watts></TPX></Extensions></Trackpoint>
     <Trackpoint><Time>2026-01-31T13:54:51.999Z</Time><Position><LatitudeDegrees>48.1897324</LatitudeDegrees><LongitudeDegrees>16.3198085</LongitudeDegrees></Position><AltitudeMeters>195</AltitudeMeters><DistanceMeters>764.3</DistanceMeters><HeartRateBpm><Value>140</Value></HeartRateBpm><Extensions><TPX xmlns="http://www.garmin.com/xmlschemas/ActivityExtension/v2"><RunCadence>81</RunCadence><Speed>3.011719</Speed><Watts>240</Watts></TPX></Extensions></Trackpoint>
     <Trackpoint><Time>2026-01-31T13:54:52.999Z</Time><Position><LatitudeDegrees>48.1897230</LatitudeDegrees><LongitudeDegrees>16.3197713</LongitudeDegrees></Position><AltitudeMeters>195</AltitudeMeters><DistanceMeters>767.0</DistanceMeters><HeartRateBpm><Value>140</Value></HeartRateBpm><Extensions><TPX xmlns="http://www.garmin.com/xmlschemas/ActivityExtension/v2"><RunCadence>81</RunCadence><Speed>3.011719</Speed><Watts>240</Watts></TPX></Extensions></Trackpoint>
     <Trackpoint><Time>2026-01-31T13:54:53.999Z</Time><Position><LatitudeDegrees>48.1897117</LatitudeDegrees><LongitudeDegrees>16.3197418</LongitudeDegrees></Position><AltitudeMeters>195</AltitudeMeters><DistanceMeters>769.8</DistanceMeters><HeartRateBpm><Value>148</Value></HeartRateBpm><Extensions><TPX xmlns="http://www.garmin.com/xmlschemas/ActivityExtension/v2"><RunCadence>79</RunCadence><Speed>3.011719</Speed><Watts>240</Watts></TPX></Extensions></Trackpoint>
     <Trackpoint><Time>2026-01-31T13:54:54.999Z</Time><Position><LatitudeDegrees>48.1896874</LatitudeDegrees><LongitudeDegrees>16.3197055</LongitudeDegrees></Position><AltitudeMeters>195</AltitudeMeters><DistanceMeters>773.2</DistanceMeters><HeartRateBpm><Value>148</Value></HeartRateBpm><Extensions><TPX xmlns="http://www.garmin.com/xmlschemas/ActivityExtension/v2"><RunCadence>79</RunCadence><Speed>3.011719</Speed><Watts>240</Watts></TPX></Extensions></Trackpoint>
     <Trackpoint><Time>2026-01-31T13:54:55.999Z</Time><Position><LatitudeDegrees>48.1896723</LatitudeDegrees><LongitudeDegrees>16.3196701</LongitudeDegrees></Position><AltitudeMeters>194</AltitudeMeters><DistanceMeters>776.6</DistanceMeters><HeartRateBpm><Value>148</Value></HeartRateBpm><Extensions><TPX xmlns="http://www.garmin.com/xmlschemas/ActivityExtension/v2"><RunCadence>83</RunCadence><Speed>3.089844</Speed><Watts>234</Watts></TPX></Extensions></Trackpoint>
     <Trackpoint><Time>2026-01-31T13:54:56.999Z</Time><Position><LatitudeDegrees>48.1896641</LatitudeDegrees><LongitudeDegrees>16.3196262</LongitudeDegrees></Position><AltitudeMeters>194</AltitudeMeters><DistanceMeters>780.6</DistanceMeters><HeartRateBpm><Value>148</Value></HeartRateBpm><Extensions><TPX xmlns="http://www.garmin.com/xmlschemas/ActivityExtension/v2"><RunCadence>83</RunCadence><Speed>3.089844</Speed><Watts>234</Watts></TPX></Extensions></Trackpoint>
     <Trackpoint><Time>2026-01-31T13:54:57.999Z</Time><Position><LatitudeDegrees>48.1896525</LatitudeDegrees><LongitudeDegrees>16.3195690</LongitudeDegrees></Position><AltitudeMeters>194</AltitudeMeters><DistanceMeters>784.5</DistanceMeters><HeartRateBpm><Value>148</Value></HeartRateBpm><Extensions><TPX xmlns="http://www.garmin.com/xmlschemas/ActivityExtension/v2"><RunCadence>81</RunCadence><Speed>3.089844</Speed><Watts>234</Watts></TPX></Extensions></Trackpoint>
     <Trackpoint><Time>2026-01-31T13:54:58.999Z</Time><Position><LatitudeDegrees>48.1896508</LatitudeDegrees><LongitudeDegrees>16.3195336</LongitudeDegrees></Position><AltitudeMeters>194</AltitudeMeters><DistanceMeters>787.1</DistanceMeters><HeartRateBpm><Value>148</Value></HeartRateBpm><Extensions><TPX xmlns="http://www.garmin.com/xmlschemas/ActivityExtension/v2"><RunCadence>81</RunCadence><Speed>3.089844</Speed><Watts>234</Watts></TPX></Extensions></Trackpoint>
     <Trackpoint><Time>2026-01-31T13:54:59.999Z</Time><Position><LatitudeDegrees>48.1896477</LatitudeDegrees><LongitudeDegrees>16.3194972</LongitudeDegrees></Position><AltitudeMeters>194</AltitudeMeters><DistanceMeters>789.8</DistanceMeters><HeartRateBpm><Value>149</Value></HeartRateBpm><Extensions><TPX xmlns="http://www.garmin.com/xmlschemas/ActivityExtension/v2"><RunCadence>83</RunCadence><Speed>3.125000</Speed><Watts>237</Watts></TPX></Extensions></Trackpoint>
     <Trackpoint><Time>2026-01-31T13:55:00.999Z</Time><Position><LatitudeDegrees>48.1896371</LatitudeDegrees><LongitudeDegrees>16.3194362</LongitudeDegrees></Position><AltitudeMeters>194</AltitudeMeters><DistanceMeters>794.1</DistanceMeters><HeartRateBpm><Value>149</Value></HeartRateBpm><Extensions><TPX xmlns="http://www.garmin.com/xmlschemas/ActivityExtension/v2"><RunCadence>83</RunCadence><Speed>3.125000</Speed><Watts>237</Watts></TPX></Extensions></Trackpoint>
     <Trackpoint><Time>2026-01-31T13:55:01.999Z</Time><Position><LatitudeDegrees>48.1896226</LatitudeDegrees><LongitudeDegrees>16.3193873</LongitudeDegrees></Position><AltitudeMeters>194</AltitudeMeters><DistanceMeters>798.4</DistanceMeters><HeartRateBpm><Value>149</Value></HeartRateBpm><Extensions><TPX xmlns="http://www.garmin.com/xmlschemas/ActivityExtension/v2"><RunCadence>79</RunCadence><Speed>3.125000</Speed><Watts>237</Watts></TPX></Extensions></Trackpoint>
     <Trackpoint><Time>2026-01-31T13:55:02.999Z</Time><Position><LatitudeDegrees>48.1896177</LatitudeDegrees><LongitudeDegrees>16.3193421</LongitudeDegrees></Position><AltitudeMeters>194</AltitudeMeters><DistanceMeters>801.8</DistanceMeters><HeartRateBpm><Value>149</Value></HeartRateBpm><Extensions><TPX xmlns="http://www.garmin.com/xmlschemas/ActivityExtension/v2"><RunCadence>79</RunCadence><Speed>3.125000</Speed><Watts>237</Watts></TPX></Extensions></Trackpoint>
     <Trackpoint><Time>2026-01-31T13:55:03.999Z</Time><Position><LatitudeDegrees>48.1896155</LatitudeDegrees><LongitudeDegrees>16.3192968</LongitudeDegrees></Position><AltitudeMeters>193</AltitudeMeters><DistanceMeters>805.2</DistanceMeters><HeartRateBpm><Value>151</Value></HeartRateBpm><Extensions><TPX xmlns="http://www.garmin.com/xmlschemas/ActivityExtension/v2"><RunCadence>74</RunCadence><Speed>3.125000</Speed><Watts>237</Watts></TPX></Extensions></Trackpoint>
     <Trackpoint><Time>2026-01-31T13:55:04.999Z</Time><Position><LatitudeDegrees>48.1896199</LatitudeDegrees><LongitudeDegrees>16.3192417</LongitudeDegrees></Position><AltitudeMeters>193</AltitudeMeters><DistanceMeters>808.9</DistanceMeters><HeartRateBpm><Value>151</Value></HeartRateBpm><Extensions><TPX xmlns="http://www.garmin.com/xmlschemas/ActivityExtension/v2"><RunCadence>74</RunCadence><Speed>3.125000</Speed><Watts>237</Watts></TPX></Extensions></Trackpoint>
     <Trackpoint><Time>2026-01-31T13:55:05.999Z</Time><Position><LatitudeDegrees>48.1896177</LatitudeDegrees><LongitudeDegrees>16.3191963</LongitudeDegrees></Position><AltitudeMeters>193</AltitudeMeters><DistanceMeters>812.6</DistanceMeters><HeartRateBpm><Value>151</Value></HeartRateBpm><Extensions><TPX xmlns="http://www.garmin.com/xmlschemas/ActivityExtension/v2"><RunCadence>79</RunCadence><Speed>3.156250</Speed><Watts>241</Watts></TPX></Extensions></Trackpoint>
     <Trackpoint><Time>2026-01-31T13:55:06.999Z</Time><Position><LatitudeDegrees>48.1896199</LatitudeDegrees><LongitudeDegrees>16.3191613</LongitudeDegrees></Position><AltitudeMeters>193</AltitudeMeters><DistanceMeters>815.4</DistanceMeters><HeartRateBpm><Value>151</Value></HeartRateBpm><Extensions><TPX xmlns="http://www.garmin.com/xmlschemas/ActivityExtension/v2"><RunCadence>79</RunCadence><Speed>3.156250</Speed><Watts>241</Watts></TPX></Extensions></Trackpoint>
     <Trackpoint><Time>2026-01-31T13:55:07.999Z</Time><Position><LatitudeDegrees>48.1896243</LatitudeDegrees><LongitudeDegrees>16.3191224</LongitudeDegrees></Position><AltitudeMeters>193</AltitudeMeters><DistanceMeters>818.2</DistanceMeters><HeartRateBpm><Value>151</Value></HeartRateBpm><Extensions><TPX xmlns="http://www.garmin.com/xmlschemas/ActivityExtension/v2"><RunCadence>83</RunCadence><Speed>3.156250</Speed><Watts>252</Watts></TPX></Extensions></Trackpoint>
     <Trackpoint><Time>2026-01-31T13:55:08.999Z</Time><Position><LatitudeDegrees>48.1896248</LatitudeDegrees><LongitudeDegrees>16.3190837</LongitudeDegrees></Position><AltitudeMeters>193</AltitudeMeters><DistanceMeters>821.3</DistanceMeters><HeartRateBpm><Value>151</Value></HeartRateBpm><Extensions><TPX xmlns="http://www.garmin.com/xmlschemas/ActivityExtension/v2"><RunCadence>83</RunCadence><Speed>3.156250</Speed><Watts>252</Watts></TPX></Extensions></Trackpoint>
     <Trackpoint><Time>2026-01-31T13:55:09.999Z</Time><Position><LatitudeDegrees>48.1896279</LatitudeDegrees><LongitudeDegrees>16.3190371</LongitudeDegrees></Position><AltitudeMeters>193</AltitudeMeters><DistanceMeters>824.5</DistanceMeters><HeartRateBpm><Value>152</Value></HeartRateBpm><Extensions><TPX xmlns="http://www.garmin.com/xmlschemas/ActivityExtension/v2"><RunCadence>79</RunCadence><Speed>3.156250</Speed><Watts>252</Watts></TPX></Extensions></Trackpoint>
     <Trackpoint><Time>2026-01-31T13:55:10.999Z</Time><Position><LatitudeDegrees>48.1896283</LatitudeDegrees><LongitudeDegrees>16.3189813</LongitudeDegrees></Position><AltitudeMeters>193</AltitudeMeters><DistanceMeters>828.5</DistanceMeters><HeartRateBpm><Value>152</Value></HeartRateBpm><Extensions><TPX xmlns="http://www.garmin.com/xmlschemas/ActivityExtension/v2"><RunCadence>79</RunCadence><Speed>3.156250</Speed><Watts>252</Watts></TPX></Extensions></Trackpoint>
     <Trackpoint><Time>2026-01-31T13:55:11.999Z</Time><Position><LatitudeDegrees>48.1896269</LatitudeDegrees><LongitudeDegrees>16.3189282</LongitudeDegrees></Position><AltitudeMeters>193</AltitudeMeters><DistanceMeters>832.6</DistanceMeters><HeartRateBpm><Value>152</Value></HeartRateBpm><Extensions><TPX xmlns="http://www.garmin.com/xmlschemas/ActivityExtension/v2"><RunCadence>79</RunCadence><Speed>3.261719</Speed><Watts>252</Watts></TPX></Extensions></Trackpoint>
     <Trackpoint><Time>2026-01-31T13:55:12.999Z</Time><Position><LatitudeDegrees>48.1896272</LatitudeDegrees><LongitudeDegrees>16.3188913</LongitudeDegrees></Position><AltitudeMeters>193</AltitudeMeters><DistanceMeters>835.5</DistanceMeters><HeartRateBpm><Value>152</Value></HeartRateBpm><Extensions><TPX xmlns="http://www.garmin.com/xmlschemas/ActivityExtension/v2"><RunCadence>79</RunCadence><Speed>3.261719</Speed><Watts>252</Watts></TPX></Extensions></Trackpoint>
     <Trackpoint><Time>2026-01-31T13:55:13.999Z</Time><Position><LatitudeDegrees>48.1896284</LatitudeDegrees><LongitudeDegrees>16.3188500</LongitudeDegrees></Position><AltitudeMeters>193</AltitudeMeters><DistanceMeters>838.4</DistanceMeters><HeartRateBpm><Value>153</Value></HeartRateBpm><Extensions><TPX xmlns="http://www.garmin.com/xmlschemas/ActivityExtension/v2"><RunCadence>79</RunCadence><Speed>3.261719</Speed><Watts>253</Watts></TPX></Extensions></Trackpoint>
     <Trackpoint><Time>2026-01-31T13:55:14.999Z</Time><Position><LatitudeDegrees>48.1896286</LatitudeDegrees><LongitudeDegrees>16.3188044</LongitudeDegrees></Position><AltitudeMeters>193</AltitudeMeters><DistanceMeters>841.6</DistanceMeters><HeartRateBpm><Value>153</Value></HeartRateBpm><Extensions><TPX xmlns="http://www.garmin.com/xmlschemas/ActivityExtension/v2"><RunCadence>79</RunCadence><Speed>3.261719</Speed><Watts>253</Watts></TPX></Extensions></Trackpoint>
     <Trackpoint><Time>2026-01-31T13:55:15.999Z</Time><Position><LatitudeDegrees>48.1896267</LatitudeDegrees><LongitudeDegrees>16.3187622</LongitudeDegrees></Position><AltitudeMeters>193</AltitudeMeters><DistanceMeters>844.9</DistanceMeters><HeartRateBpm><Value>153</Value></HeartRateBpm><Extensions><TPX xmlns="http://www.garmin.com/xmlschemas/ActivityExtension/v2"><RunCadence>84</RunCadence><Speed>3.261719</Speed><Watts>259</Watts></TPX></Extensions></Trackpoint>
     <Trackpoint><Time>2026-01-31T13:55:16.999Z</Time><Position><LatitudeDegrees>48.1896257</LatitudeDegrees><LongitudeDegrees>16.3187231</LongitudeDegrees></Position><AltitudeMeters>193</AltitudeMeters><DistanceMeters>848.1</DistanceMeters><HeartRateBpm><Value>153</Value></HeartRateBpm><Extensions><TPX xmlns="http://www.garmin.com/xmlschemas/ActivityExtension/v2"><RunCadence>84</RunCadence><Speed>3.261719</Speed><Watts>259</Watts></TPX></Extensions></Trackpoint>
     <Trackpoint><Time>2026-01-31T13:55:17.999Z</Time><Position><LatitudeDegrees>48.1896263</LatitudeDegrees><LongitudeDegrees>16.3186761</LongitudeDegrees></Position><AltitudeMeters>193</AltitudeMeters><DistanceMeters>851.3</DistanceMeters><HeartRateBpm><Value>153</Value></HeartRateBpm><Extensions><TPX xmlns="http://www.garmin.com/xmlschemas/ActivityExtension/v2"><RunCadence>81</RunCadence><Speed>3.261719</Speed><Watts>259</Watts></TPX></Extensions></Trackpoint>
     <Trackpoint><Time>2026-01-31T13:55:18.999Z</Time><Position><LatitudeDegrees>48.1896275</LatitudeDegrees><LongitudeDegrees>16.3186361</LongitudeDegrees></Position><AltitudeMeters>193</AltitudeMeters><DistanceMeters>854.4</DistanceMeters><HeartRateBpm><Value>153</Value></HeartRateBpm><Extensions><TPX xmlns="http://www.garmin.com/xmlschemas/ActivityExtension/v2"><RunCadence>81</RunCadence><Speed>3.261719</Speed><Watts>259</Watts></TPX></Extensions></Trackpoint>
     <Trackpoint><Time>2026-01-31T13:55:19.999Z</Time><Position><LatitudeDegrees>48.1896343</LatitudeDegrees><LongitudeDegrees>16.3185925</LongitudeDegrees></Position><AltitudeMeters>192</AltitudeMeters><DistanceMeters>857.5</DistanceMeters><HeartRateBpm><Value>154</Value></HeartRateBpm><Extensions><TPX xmlns="http://www.garmin.com/xmlschemas/ActivityExtension/v2"><RunCadence>81</RunCadence><Speed>3.261719</Speed><Watts>258</Watts></TPX></Extensions></Trackpoint>
     <Trackpoint><Time>2026-01-31T13:55:20.999Z</Time><Position><LatitudeDegrees>48.1896375</LatitudeDegrees><LongitudeDegrees>16.3185414</LongitudeDegrees></Position><AltitudeMeters>192</AltitudeMeters><DistanceMeters>860.8</DistanceMeters><HeartRateBpm><Value>154</Value></HeartRateBpm><Extensions><TPX xmlns="http://www.garmin.com/xmlschemas/ActivityExtension/v2"><RunCadence>81</RunCadence><Speed>3.261719</Speed><Watts>258</Watts></TPX></Extensions></Trackpoint>
     <Trackpoint><Time>2026-01-31T13:55:21.999Z</Time><Position><LatitudeDegrees>48.1896359</LatitudeDegrees><LongitudeDegrees>16.3185049</LongitudeDegrees></Position><AltitudeMeters>192</AltitudeMeters><DistanceMeters>864.0</DistanceMeters><HeartRateBpm><Value>154</Value></HeartRateBpm><Extensions><TPX xmlns="http://www.garmin.com/xmlschemas/ActivityExtension/v2"><RunCadence>81</RunCadence><Speed>3.128906</Speed><Watts>258</Watts></TPX></Extensions></Trackpoint>
     <Trackpoint><Time>2026-01-31T13:55:22.999Z</Time><Position><LatitudeDegrees>48.1896395</LatitudeDegrees><LongitudeDegrees>16.3184614</LongitudeDegrees></Position><AltitudeMeters>192</AltitudeMeters><DistanceMeters>867.3</DistanceMeters><HeartRateBpm><Value>154</Value></HeartRateBpm><Extensions><TPX xmlns="http://www.garmin.com/xmlschemas/ActivityExtension/v2"><RunCadence>81</RunCadence><Speed>3.128906</Speed><Watts>258</Watts></TPX></Extensions></Trackpoint>
     <Trackpoint><Time>2026-01-31T13:55:23.999Z</Time><Position><LatitudeDegrees>48.1896481</LatitudeDegrees><LongitudeDegrees>16.3184174</LongitudeDegrees></Position><AltitudeMeters>192</AltitudeMeters><DistanceMeters>870.7</DistanceMeters><HeartRateBpm><Value>154</Value></HeartRateBpm><Extensions><TPX xmlns="http://www.garmin.com/xmlschemas/ActivityExtension/v2"><RunCadence>82</RunCadence><Speed>3.128906</Speed><Watts>258</Watts></TPX></Extensions></Trackpoint>
     <Trackpoint><Time>2026-01-31T13:55:24.999Z</Time><Position><LatitudeDegrees>48.1896515</LatitudeDegrees><LongitudeDegrees>16.3183829</LongitudeDegrees></Position><AltitudeMeters>192</AltitudeMeters><DistanceMeters>873.8</DistanceMeters><HeartRateBpm><Value>154</Value></HeartRateBpm><Extensions><TPX xmlns="http://www.garmin.com/xmlschemas/ActivityExtension/v2"><RunCadence>82</RunCadence><Speed>3.128906</Speed><Watts>258</Watts></TPX></Extensions></Trackpoint>
     <Trackpoint><Time>2026-01-31T13:55:25.999Z</Time><Position><LatitudeDegrees>48.1896597</LatitudeDegrees><LongitudeDegrees>16.3183342</LongitudeDegrees></Position><AltitudeMeters>192</AltitudeMeters><DistanceMeters>877.0</DistanceMeters><HeartRateBpm><Value>154</Value></HeartRateBpm><Extensions><TPX xmlns="http://www.garmin.com/xmlschemas/ActivityExtension/v2"><RunCadence>82</RunCadence><Speed>3.148438</Speed><Watts>256</Watts></TPX></Extensions></Trackpoint>
     <Trackpoint><Time>2026-01-31T13:55:26.999Z</Time><Position><LatitudeDegrees>48.1896563</LatitudeDegrees><LongitudeDegrees>16.3182826</LongitudeDegrees></Position><AltitudeMeters>192</AltitudeMeters><DistanceMeters>880.5</DistanceMeters><HeartRateBpm><Value>154</Value></HeartRateBpm><Extensions><TPX xmlns="http://www.garmin.com/xmlschemas/ActivityExtension/v2"><RunCadence>82</RunCadence><Speed>3.148438</Speed><Watts>256</Watts></TPX></Extensions></Trackpoint>
     <Trackpoint><Time>2026-01-31T13:55:27.999Z</Time><Position><LatitudeDegrees>48.1896603</LatitudeDegrees><LongitudeDegrees>16.3182387</LongitudeDegrees></Position><AltitudeMeters>192</AltitudeMeters><DistanceMeters>884.1</DistanceMeters><HeartRateBpm><Value>154</Value></HeartRateBpm><Extensions><TPX xmlns="http://www.garmin.com/xmlschemas/ActivityExtension/v2"><RunCadence>82</RunCadence><Speed>3.148438</Speed><Watts>255</Watts></TPX></Extensions></Trackpoint>
     <Trackpoint><Time>2026-01-31T13:55:28.999Z</Time><Position><LatitudeDegrees>48.1896605</LatitudeDegrees><LongitudeDegrees>16.3181931</LongitudeDegrees></Position><AltitudeMeters>192</AltitudeMeters><DistanceMeters>886.9</DistanceMeters><HeartRateBpm><Value>154</Value></HeartRateBpm><Extensions><TPX xmlns="http://www.garmin.com/xmlschemas/ActivityExtension/v2"><RunCadence>82</RunCadence><Speed>3.148438</Speed><Watts>255</Watts></TPX></Extensions></Trackpoint>
     <Trackpoint><Time>2026-01-31T13:55:29.999Z</Time><Position><LatitudeDegrees>48.1896620</LatitudeDegrees><LongitudeDegrees>16.3181608</LongitudeDegrees></Position><AltitudeMeters>192</AltitudeMeters><DistanceMeters>889.8</DistanceMeters><HeartRateBpm><Value>156</Value></HeartRateBpm><Extensions><TPX xmlns="http://www.garmin.com/xmlschemas/ActivityExtension/v2"><RunCadence>82</RunCadence><Speed>3.148438</Speed><Watts>255</Watts></TPX></Extensions></Trackpoint>
     <Trackpoint><Time>2026-01-31T13:55:30.999Z</Time><Position><LatitudeDegrees>48.1896650</LatitudeDegrees><LongitudeDegrees>16.3181316</LongitudeDegrees></Position><AltitudeMeters>192</AltitudeMeters><DistanceMeters>893.2</DistanceMeters><HeartRateBpm><Value>156</Value></HeartRateBpm><Extensions><TPX xmlns="http://www.garmin.com/xmlschemas/ActivityExtension/v2"><RunCadence>82</RunCadence><Speed>3.148438</Speed><Watts>255</Watts></TPX></Extensions></Trackpoint>
     <Trackpoint><Time>2026-01-31T13:55:31.999Z</Time><Position><LatitudeDegrees>48.1896807</LatitudeDegrees><LongitudeDegrees>16.3180735</LongitudeDegrees></Position><AltitudeMeters>192</AltitudeMeters><DistanceMeters>896.6</DistanceMeters><HeartRateBpm><Value>156</Value></HeartRateBpm><Extensions><TPX xmlns="http://www.garmin.com/xmlschemas/ActivityExtension/v2"><RunCadence>82</RunCadence><Speed>3.101562</Speed><Watts>255</Watts></TPX></Extensions></Trackpoint>
     <Trackpoint><Time>2026-01-31T13:55:32.999Z</Time><Position><LatitudeDegrees>48.1896852</LatitudeDegrees><LongitudeDegrees>16.3180311</LongitudeDegrees></Position><AltitudeMeters>192</AltitudeMeters><DistanceMeters>899.9</DistanceMeters><HeartRateBpm><Value>156</Value></HeartRateBpm><Extensions><TPX xmlns="http://www.garmin.com/xmlschemas/ActivityExtension/v2"><RunCadence>82</RunCadence><Speed>3.101562</Speed><Watts>255</Watts></TPX></Extensions></Trackpoint>
     <Trackpoint><Time>2026-01-31T13:55:33.999Z</Time><Position><LatitudeDegrees>48.1896859</LatitudeDegrees><LongitudeDegrees>16.3179847</LongitudeDegrees></Position><AltitudeMeters>192</AltitudeMeters><DistanceMeters>903.2</DistanceMeters><HeartRateBpm><Value>158</Value></HeartRateBpm><Extensions><TPX xmlns="http://www.garmin.com/xmlschemas/ActivityExtension/v2"><RunCadence>82</RunCadence><Speed>3.101562</Speed><Watts>258</Watts></TPX></Extensions></Trackpoint>
     <Trackpoint><Time>2026-01-31T13:55:34.999Z</Time><Position><LatitudeDegrees>48.1897050</LatitudeDegrees><LongitudeDegrees>16.3179426</LongitudeDegrees></Position><AltitudeMeters>192</AltitudeMeters><DistanceMeters>906.7</DistanceMeters><HeartRateBpm><Value>158</Value></HeartRateBpm><Extensions><TPX xmlns="http://www.garmin.com/xmlschemas/ActivityExtension/v2"><RunCadence>82</RunCadence><Speed>3.101562</Speed><Watts>258</Watts></TPX></Extensions></Trackpoint>
     <Trackpoint><Time>2026-01-31T13:55:35.999Z</Time><Position><LatitudeDegrees>48.1897162</LatitudeDegrees><LongitudeDegrees>16.3179041</LongitudeDegrees></Position><AltitudeMeters>192</AltitudeMeters><DistanceMeters>910.1</DistanceMeters><HeartRateBpm><Value>158</Value></HeartRateBpm><Extensions><TPX xmlns="http://www.garmin.com/xmlschemas/ActivityExtension/v2"><RunCadence>84</RunCadence><Speed>3.109375</Speed><Watts>257</Watts></TPX></Extensions></Trackpoint>
     <Trackpoint><Time>2026-01-31T13:55:36.999Z</Time><Position><LatitudeDegrees>48.1897240</LatitudeDegrees><LongitudeDegrees>16.3178574</LongitudeDegrees></Position><AltitudeMeters>192</AltitudeMeters><DistanceMeters>913.1</DistanceMeters><HeartRateBpm><Value>158</Value></HeartRateBpm><Extensions><TPX xmlns="http://www.garmin.com/xmlschemas/ActivityExtension/v2"><RunCadence>84</RunCadence><Speed>3.109375</Speed><Watts>257</Watts></TPX></Extensions></Trackpoint>
     <Trackpoint><Time>2026-01-31T13:55:37.999Z</Time><Position><LatitudeDegrees>48.1897324</LatitudeDegrees><LongitudeDegrees>16.3178267</LongitudeDegrees></Position><AltitudeMeters>192</AltitudeMeters><DistanceMeters>916.1</DistanceMeters><HeartRateBpm><Value>158</Value></HeartRateBpm><Extensions><TPX xmlns="http://www.garmin.com/xmlschemas/ActivityExtension/v2"><RunCadence>87</RunCadence><Speed>3.109375</Speed><Watts>259</Watts></TPX></Extensions></Trackpoint>
     <Trackpoint><Time>2026-01-31T13:55:38.999Z</Time><Position><LatitudeDegrees>48.1897413</LatitudeDegrees><LongitudeDegrees>16.3177871</LongitudeDegrees></Position><AltitudeMeters>192</AltitudeMeters><DistanceMeters>919.3</DistanceMeters><HeartRateBpm><Value>158</Value></HeartRateBpm><Extensions><TPX xmlns="http://www.garmin.com/xmlschemas/ActivityExtension/v2"><RunCadence>87</RunCadence><Speed>3.109375</Speed><Watts>259</Watts></TPX></Extensions></Trackpoint>
     <Trackpoint><Time>2026-01-31T13:55:39.999Z</Time><Position><LatitudeDegrees>48.1897506</LatitudeDegrees><LongitudeDegrees>16.3177464</LongitudeDegrees></Position><AltitudeMeters>192</AltitudeMeters><DistanceMeters>922.4</DistanceMeters><HeartRateBpm><Value>158</Value></HeartRateBpm><Extensions><TPX xmlns="http://www.garmin.com/xmlschemas/ActivityExtension/v2"><RunCadence>81</RunCadence><Speed>3.109375</Speed><Watts>259</Watts></TPX></Extensions></Trackpoint>
     <Trackpoint><Time>2026-01-31T13:55:40.999Z</Time><Position><LatitudeDegrees>48.1897630</LatitudeDegrees><LongitudeDegrees>16.3177134</LongitudeDegrees></Position><AltitudeMeters>192</AltitudeMeters><DistanceMeters>925.5</DistanceMeters><HeartRateBpm><Value>158</Value></HeartRateBpm><Extensions><TPX xmlns="http://www.garmin.com/xmlschemas/ActivityExtension/v2"><RunCadence>81</RunCadence><Speed>3.109375</Speed><Watts>259</Watts></TPX></Extensions></Trackpoint>
     <Trackpoint><Time>2026-01-31T13:55:41.999Z</Time><Position><LatitudeDegrees>48.1897745</LatitudeDegrees><LongitudeDegrees>16.3176704</LongitudeDegrees></Position><AltitudeMeters>192</AltitudeMeters><DistanceMeters>928.6</DistanceMeters><HeartRateBpm><Value>158</Value></HeartRateBpm><Extensions><TPX xmlns="http://www.garmin.com/xmlschemas/ActivityExtension/v2"><RunCadence>78</RunCadence><Speed>3.140625</Speed><Watts>259</Watts></TPX></Extensions></Trackpoint>
     <Trackpoint><Time>2026-01-31T13:55:42.999Z</Time><Position><LatitudeDegrees>48.1897814</LatitudeDegrees><LongitudeDegrees>16.3176318</LongitudeDegrees></Position><AltitudeMeters>192</AltitudeMeters><DistanceMeters>931.5</DistanceMeters><HeartRateBpm><Value>158</Value></HeartRateBpm><Extensions><TPX xmlns="http://www.garmin.com/xmlschemas/ActivityExtension/v2"><RunCadence>78</RunCadence><Speed>3.140625</Speed><Watts>259</Watts></TPX></Extensions></Trackpoint>
     <Trackpoint><Time>2026-01-31T13:55:43.999Z</Time><Position><LatitudeDegrees>48.1897905</LatitudeDegrees><LongitudeDegrees>16.3175968</LongitudeDegrees></Position><AltitudeMeters>192</AltitudeMeters><DistanceMeters>934.4</DistanceMeters><HeartRateBpm><Value>155</Value></HeartRateBpm><Extensions><TPX xmlns="http://www.garmin.com/xmlschemas/ActivityExtension/v2"><RunCadence>73</RunCadence><Speed>3.140625</Speed><Watts>259</Watts></TPX></Extensions></Trackpoint>
     <Trackpoint><Time>2026-01-31T13:55:44.999Z</Time><Position><LatitudeDegrees>48.1897895</LatitudeDegrees><LongitudeDegrees>16.3175501</LongitudeDegrees></Position><AltitudeMeters>192</AltitudeMeters><DistanceMeters>938.0</DistanceMeters><HeartRateBpm><Value>155</Value></HeartRateBpm><Extensions><TPX xmlns="http://www.garmin.com/xmlschemas/ActivityExtension/v2"><RunCadence>73</RunCadence><Speed>3.140625</Speed><Watts>259</Watts></TPX></Extensions></Trackpoint>
     <Trackpoint><Time>2026-01-31T13:55:45.999Z</Time><Position><LatitudeDegrees>48.1898004</LatitudeDegrees><LongitudeDegrees>16.3175009</LongitudeDegrees></Position><AltitudeMeters>192</AltitudeMeters><DistanceMeters>941.6</DistanceMeters><HeartRateBpm><Value>155</Value></HeartRateBpm><Extensions><TPX xmlns="http://www.garmin.com/xmlschemas/ActivityExtension/v2"><RunCadence>78</RunCadence><Speed>3.132812</Speed><Watts>259</Watts></TPX></Extensions></Trackpoint>
     <Trackpoint><Time>2026-01-31T13:55:46.999Z</Time><Position><LatitudeDegrees>48.1898105</LatitudeDegrees><LongitudeDegrees>16.3174592</LongitudeDegrees></Position><AltitudeMeters>192</AltitudeMeters><DistanceMeters>944.9</DistanceMeters><HeartRateBpm><Value>155</Value></HeartRateBpm><Extensions><TPX xmlns="http://www.garmin.com/xmlschemas/ActivityExtension/v2"><RunCadence>78</RunCadence><Speed>3.132812</Speed><Watts>259</Watts></TPX></Extensions></Trackpoint>
     <Trackpoint><Time>2026-01-31T13:55:47.999Z</Time><Position><LatitudeDegrees>48.1898142</LatitudeDegrees><LongitudeDegrees>16.3174132</LongitudeDegrees></Position><AltitudeMeters>192</AltitudeMeters><DistanceMeters>948.3</DistanceMeters><HeartRateBpm><Value>155</Value></HeartRateBpm><Extensions><TPX xmlns="http://www.garmin.com/xmlschemas/ActivityExtension/v2"><RunCadence>81</RunCadence><Speed>3.132812</Speed><Watts>259</Watts></TPX></Extensions></Trackpoint>
     <Trackpoint><Time>2026-01-31T13:55:48.999Z</Time><Position><LatitudeDegrees>48.1898161</LatitudeDegrees><LongitudeDegrees>16.3173756</LongitudeDegrees></Position><AltitudeMeters>192</AltitudeMeters><DistanceMeters>951.2</DistanceMeters><HeartRateBpm><Value>155</Value></HeartRateBpm><Extensions><TPX xmlns="http://www.garmin.com/xmlschemas/ActivityExtension/v2"><RunCadence>81</RunCadence><Speed>3.132812</Speed><Watts>259</Watts></TPX></Extensions></Trackpoint>
     <Trackpoint><Time>2026-01-31T13:55:49.999Z</Time><Position><LatitudeDegrees>48.1898125</LatitudeDegrees><LongitudeDegrees>16.3173349</LongitudeDegrees></Position><AltitudeMeters>192</AltitudeMeters><DistanceMeters>954.1</DistanceMeters><HeartRateBpm><Value>158</Value></HeartRateBpm><Extensions><TPX xmlns="http://www.garmin.com/xmlschemas/ActivityExtension/v2"><RunCadence>77</RunCadence><Speed>3.132812</Speed><Watts>259</Watts></TPX></Extensions></Trackpoint>
     <Trackpoint><Time>2026-01-31T13:55:50.999Z</Time><Position><LatitudeDegrees>48.1898150</LatitudeDegrees><LongitudeDegrees>16.3173091</LongitudeDegrees></Position><AltitudeMeters>192</AltitudeMeters><DistanceMeters>956.8</DistanceMeters><HeartRateBpm><Value>158</Value></HeartRateBpm><Extensions><TPX xmlns="http://www.garmin.com/xmlschemas/ActivityExtension/v2"><RunCadence>77</RunCadence><Speed>3.132812</Speed><Watts>259</Watts></TPX></Extensions></Trackpoint>
     <Trackpoint><Time>2026-01-31T13:55:51.999Z</Time><Position><LatitudeDegrees>48.1898192</LatitudeDegrees><LongitudeDegrees>16.3172754</LongitudeDegrees></Position><AltitudeMeters>192</AltitudeMeters><DistanceMeters>959.6</DistanceMeters><HeartRateBpm><Value>158</Value></HeartRateBpm><Extensions><TPX xmlns="http://www.garmin.com/xmlschemas/ActivityExtension/v2"><RunCadence>77</RunCadence><Speed>3.132812</Speed><Watts>259</Watts></TPX></Extensions></Trackpoint>
     <Trackpoint><Time>2026-01-31T13:55:52.999Z</Time><Position><LatitudeDegrees>48.1898180</LatitudeDegrees><LongitudeDegrees>16.3172236</LongitudeDegrees></Position><AltitudeMeters>192</AltitudeMeters><DistanceMeters>962.3</DistanceMeters><HeartRateBpm><Value>159</Value></HeartRateBpm><Extensions><TPX xmlns="http://www.garmin.com/xmlschemas/ActivityExtension/v2"><RunCadence>74</RunCadence><Speed>3.007812</Speed><Watts>262</Watts></TPX></Extensions></Trackpoint>
     <Trackpoint><Time>2026-01-31T13:55:53.999Z</Time><Position><LatitudeDegrees>48.1898276</LatitudeDegrees><LongitudeDegrees>16.3171875</LongitudeDegrees></Position><AltitudeMeters>192</AltitudeMeters><DistanceMeters>965.3</DistanceMeters><HeartRateBpm><Value>159</Value></HeartRateBpm><Extensions><TPX xmlns="http://www.garmin.com/xmlschemas/ActivityExtension/v2"><RunCadence>74</RunCadence><Speed>3.007812</Speed><Watts>262</Watts></TPX></Extensions></Trackpoint>
     <Trackpoint><Time>2026-01-31T13:55:54.999Z</Time><Position><LatitudeDegrees>48.1898331</LatitudeDegrees><LongitudeDegrees>16.3171481</LongitudeDegrees></Position><AltitudeMeters>193</AltitudeMeters><DistanceMeters>968.2</DistanceMeters><HeartRateBpm><Value>159</Value></HeartRateBpm><Extensions><TPX xmlns="http://www.garmin.com/xmlschemas/ActivityExtension/v2"><RunCadence>81</RunCadence><Speed>3.007812</Speed><Watts>262</Watts></TPX></Extensions></Trackpoint>
     <Trackpoint><Time>2026-01-31T13:55:55.999Z</Time><Position><LatitudeDegrees>48.1898393</LatitudeDegrees><LongitudeDegrees>16.3171082</LongitudeDegrees></Position><AltitudeMeters>193</AltitudeMeters><DistanceMeters>970.9</DistanceMeters><HeartRateBpm><Value>159</Value></HeartRateBpm><Extensions><TPX xmlns="http://www.garmin.com/xmlschemas/ActivityExtension/v2"><RunCadence>81</RunCadence><Speed>3.007812</Speed><Watts>262</Watts></TPX></Extensions></Trackpoint>
     <Trackpoint><Time>2026-01-31T13:55:57.000Z</Time><Position><LatitudeDegrees>48.1898491</LatitudeDegrees><LongitudeDegrees>16.3170792</LongitudeDegrees></Position><AltitudeMeters>193</AltitudeMeters><DistanceMeters>973.6</DistanceMeters><HeartRateBpm><Value>159</Value></HeartRateBpm><Extensions><TPX xmlns="http://www.garmin.com/xmlschemas/ActivityExtension/v2"><RunCadence>80</RunCadence><Speed>3.031250</Speed><Watts>249</Watts></TPX></Extensions></Trackpoint>
     <Trackpoint><Time>2026-01-31T13:55:58.000Z</Time><Position><LatitudeDegrees>48.1898528</LatitudeDegrees><LongitudeDegrees>16.3170285</LongitudeDegrees></Position><AltitudeMeters>193</AltitudeMeters><DistanceMeters>977.2</DistanceMeters><HeartRateBpm><Value>159</Value></HeartRateBpm><Extensions><TPX xmlns="http://www.garmin.com/xmlschemas/ActivityExtension/v2"><RunCadence>80</RunCadence><Speed>3.031250</Speed><Watts>249</Watts></TPX></Extensions></Trackpoint>
     <Trackpoint><Time>2026-01-31T13:55:59.000Z</Time><Position><LatitudeDegrees>48.1898627</LatitudeDegrees><LongitudeDegrees>16.3169845</LongitudeDegrees></Position><AltitudeMeters>193</AltitudeMeters><DistanceMeters>980.8</DistanceMeters><HeartRateBpm><Value>159</Value></HeartRateBpm><Extensions><TPX xmlns="http://www.garmin.com/xmlschemas/ActivityExtension/v2"><RunCadence>78</RunCadence><Speed>3.031250</Speed><Watts>248</Watts></TPX></Extensions></Trackpoint>
     <Trackpoint><Time>2026-01-31T13:56:00.000Z</Time><Position><LatitudeDegrees>48.1898682</LatitudeDegrees><LongitudeDegrees>16.3169490</LongitudeDegrees></Position><AltitudeMeters>193</AltitudeMeters><DistanceMeters>983.7</DistanceMeters><HeartRateBpm><Value>159</Value></HeartRateBpm><Extensions><TPX xmlns="http://www.garmin.com/xmlschemas/ActivityExtension/v2"><RunCadence>78</RunCadence><Speed>3.031250</Speed><Watts>248</Watts></TPX></Extensions></Trackpoint>
     <Trackpoint><Time>2026-01-31T13:56:01.000Z</Time><Position><LatitudeDegrees>48.1898779</LatitudeDegrees><LongitudeDegrees>16.3169101</LongitudeDegrees></Position><AltitudeMeters>193</AltitudeMeters><DistanceMeters>986.5</DistanceMeters><HeartRateBpm><Value>159</Value></HeartRateBpm><Extensions><TPX xmlns="http://www.garmin.com/xmlschemas/ActivityExtension/v2"><RunCadence>74</RunCadence><Speed>3.031250</Speed><Watts>248</Watts></TPX></Extensions></Trackpoint>
     <Trackpoint><Time>2026-01-31T13:56:02.000Z</Time><Position><LatitudeDegrees>48.1898868</LatitudeDegrees><LongitudeDegrees>16.3168715</LongitudeDegrees></Position><AltitudeMeters>193</AltitudeMeters><DistanceMeters>989.5</DistanceMeters><HeartRateBpm><Value>159</Value></HeartRateBpm><Extensions><TPX xmlns="http://www.garmin.com/xmlschemas/ActivityExtension/v2"><RunCadence>74</RunCadence><Speed>3.031250</Speed><Watts>248</Watts></TPX></Extensions></Trackpoint>
     <Trackpoint><Time>2026-01-31T13:56:03.000Z</Time><Position><LatitudeDegrees>48.1898930</LatitudeDegrees><LongitudeDegrees>16.3168347</LongitudeDegrees></Position><AltitudeMeters>193</AltitudeMeters><DistanceMeters>992.4</DistanceMeters><HeartRateBpm><Value>159</Value></HeartRateBpm><Extensions><TPX xmlns="http://www.garmin.com/xmlschemas/ActivityExtension/v2"><RunCadence>74</RunCadence><Speed>3.054688</Speed><Watts>248</Watts></TPX></Extensions></Trackpoint>
     <Trackpoint><Time>2026-01-31T13:56:04.000Z</Time><Position><LatitudeDegrees>48.1898971</LatitudeDegrees><LongitudeDegrees>16.3167984</LongitudeDegrees></Position><AltitudeMeters>193</AltitudeMeters><DistanceMeters>995.0</DistanceMeters><HeartRateBpm><Value>159</Value></HeartRateBpm><Extensions><TPX xmlns="http://www.garmin.com/xmlschemas/ActivityExtension/v2"><RunCadence>74</RunCadence><Speed>3.054688</Speed><Watts>248</Watts></TPX></Extensions></Trackpoint>
     <Trackpoint><Time>2026-01-31T13:56:05.000Z</Time><Position><LatitudeDegrees>48.1899038</LatitudeDegrees><LongitudeDegrees>16.3167647</LongitudeDegrees></Position><AltitudeMeters>193</AltitudeMeters><DistanceMeters>997.7</DistanceMeters><HeartRateBpm><Value>161</Value></HeartRateBpm><Extensions><TPX xmlns="http://www.garmin.com/xmlschemas/ActivityExtension/v2"><RunCadence>76</RunCadence><Speed>3.054688</Speed><Watts>252</Watts></TPX></Extensions></Trackpoint>
     <Trackpoint><Time>2026-01-31T13:56:05.999Z</Time><Position><LatitudeDegrees>48.1899087</LatitudeDegrees><LongitudeDegrees>16.3167198</LongitudeDegrees></Position><AltitudeMeters>193</AltitudeMeters><DistanceMeters>1001.0</DistanceMeters><HeartRateBpm><Value>161</Value></HeartRateBpm><Extensions><TPX xmlns="http://www.garmin.com/xmlschemas/ActivityExtension/v2"><RunCadence>76</RunCadence><Speed>3.054688</Speed><Watts>252</Watts></TPX></Extensions></Trackpoint>
    </Track>
   </Lap>
   <Lap StartTime="2026-01-31T13:56:06.999Z">
    <TotalTimeSeconds>345</TotalTimeSeconds>
    <DistanceMeters>1000</DistanceMeters>
    <MaximumSpeed>3.3</MaximumSpeed>
    <AverageHeartRateBpm><Value>168</Value></AverageHeartRateBpm>
    <MaximumHeartRateBpm><Value>172</Value></MaximumHeartRateBpm>
    <Calories>86</Calories>
    <Cadence>80</Cadence>
    <Track>
     <Trackpoint><Time>2026-01-31T13:56:06.999Z</Time><Position><LatitudeDegrees>48.1899139</LatitudeDegrees><LongitudeDegrees>16.3166764</LongitudeDegrees></Position><AltitudeMeters>193</AltitudeMeters><DistanceMeters>1004.3</DistanceMeters><HeartRateBpm><Value>161</Value></HeartRateBpm><Extensions><TPX xmlns="http://www.garmin.com/xmlschemas/ActivityExtension/v2"><RunCadence>77</RunCadence><Speed>3.054688</Speed><Watts>275</Watts></TPX></Extensions></Trackpoint>
     <Trackpoint><Time>2026-01-31T13:56:07.999Z</Time><Position><LatitudeDegrees>48.1899178</LatitudeDegrees><LongitudeDegrees>16.3166349</LongitudeDegrees></Position><AltitudeMeters>193</AltitudeMeters><DistanceMeters>1007.5</DistanceMeters><HeartRateBpm><Value>161</Value></HeartRateBpm><Extensions><TPX xmlns="http://www.garmin.com/xmlschemas/ActivityExtension/v2"><RunCadence>77</RunCadence><Speed>3.054688</Speed><Watts>275</Watts></TPX></Extensions></Trackpoint>
     <Trackpoint><Time>2026-01-31T13:56:08.999Z</Time><Position><LatitudeDegrees>48.1899218</LatitudeDegrees><LongitudeDegrees>16.3165925</LongitudeDegrees></Position><AltitudeMeters>193</AltitudeMeters><DistanceMeters>1010.6</DistanceMeters><HeartRateBpm><Value>163</Value></HeartRateBpm><Extensions><TPX xmlns="http://www.garmin.com/xmlschemas/ActivityExtension/v2"><RunCadence>78</RunCadence><Speed>3.117188</Speed><Watts>275</Watts></TPX></Extensions></Trackpoint>
     <Trackpoint><Time>2026-01-31T13:56:09.999Z</Time><Position><LatitudeDegrees>48.1899229</LatitudeDegrees><LongitudeDegrees>16.3165556</LongitudeDegrees></Position><AltitudeMeters>193</AltitudeMeters><DistanceMeters>1014.0</DistanceMeters><HeartRateBpm><Value>163</Value></HeartRateBpm><Extensions><TPX xmlns="http://www.garmin.com/xmlschemas/ActivityExtension/v2"><RunCadence>78</RunCadence><Speed>3.117188</Speed><Watts>275</Watts></TPX></Extensions></Trackpoint>
     <Trackpoint><Time>2026-01-31T13:56:10.999Z</Time><Position><LatitudeDegrees>48.1899279</LatitudeDegrees><LongitudeDegrees>16.3165031</LongitudeDegrees></Position><AltitudeMeters>193</AltitudeMeters><DistanceMeters>1017.3</DistanceMeters><HeartRateBpm><Value>163</Value></HeartRateBpm><Extensions><TPX xmlns="http://www.garmin.com/xmlschemas/ActivityExtension/v2"><RunCadence>78</RunCadence><Speed>3.117188</Speed><Watts>280</Watts></TPX></Extensions></Trackpoint>
     <Trackpoint><Time>2026-01-31T13:56:11.999Z</Time><Position><LatitudeDegrees>48.1899307</LatitudeDegrees><LongitudeDegrees>16.3164584</LongitudeDegrees></Position><AltitudeMeters>193</AltitudeMeters><DistanceMeters>1020.5</DistanceMeters><HeartRateBpm><Value>163</Value></HeartRateBpm><Extensions><TPX xmlns="http://www.garmin.com/xmlschemas/ActivityExtension/v2"><RunCadence>78</RunCadence><Speed>3.117188</Speed><Watts>280</Watts></TPX></Extensions></Trackpoint>
     <Trackpoint><Time>2026-01-31T13:56:12.999Z</Time><Position><LatitudeDegrees>48.1899404</LatitudeDegrees><LongitudeDegrees>16.3164183</LongitudeDegrees></Position><AltitudeMeters>193</AltitudeMeters><DistanceMeters>1023.7</DistanceMeters><HeartRateBpm><Value>163</Value></HeartRateBpm><Extensions><TPX xmlns="http://www.garmin.com/xmlschemas/ActivityExtension/v2"><RunCadence>80</RunCadence><Speed>3.148438</Speed><Watts>280</Watts></TPX></Extensions></Trackpoint>
     <Trackpoint><Time>2026-01-31T13:56:13.999Z</Time><Position><LatitudeDegrees>48.1899425</LatitudeDegrees><LongitudeDegrees>16.3163694</LongitudeDegrees></Position><AltitudeMeters>193</AltitudeMeters><DistanceMeters>1027.0</DistanceMeters><HeartRateBpm><Value>163</Value></HeartRateBpm><Extensions><TPX xmlns="http://www.garmin.com/xmlschemas/ActivityExtension/v2"><RunCadence>80</RunCadence><Speed>3.148438</Speed><Watts>280</Watts></TPX></Extensions></Trackpoint>
     <Trackpoint><Time>2026-01-31T13:56:14.999Z</Time><Position><LatitudeDegrees>48.1899348</LatitudeDegrees><LongitudeDegrees>16.3163296</LongitudeDegrees></Position><AltitudeMeters>193</AltitudeMeters><DistanceMeters>1030.3</DistanceMeters><HeartRateBpm><Value>163</Value></HeartRateBpm><Extensions><TPX xmlns="http://www.garmin.com/xmlschemas/ActivityExtension/v2"><RunCadence>84</RunCadence><Speed>3.148438</Speed><Watts>281</Watts></TPX></Extensions></Trackpoint>
     <Trackpoint><Time>2026-01-31T13:56:15.999Z</Time><Position><LatitudeDegrees>48.1899351</LatitudeDegrees><LongitudeDegrees>16.3162848</LongitudeDegrees></Position><AltitudeMeters>193</AltitudeMeters><DistanceMeters>1033.7</DistanceMeters><HeartRateBpm><Value>163</Value></HeartRateBpm><Extensions><TPX xmlns="http://www.garmin.com/xmlschemas/ActivityExtension/v2"><RunCadence>84</RunCadence><Speed>3.148438</Speed><Watts>281</Watts></TPX></Extensions></Trackpoint>
     <Trackpoint><Time>2026-01-31T13:56:16.998Z</Time><Position><LatitudeDegrees>48.1899355</LatitudeDegrees><LongitudeDegrees>16.3162392</LongitudeDegrees></Position><AltitudeMeters>193</AltitudeMeters><DistanceMeters>1037.0</DistanceMeters><HeartRateBpm><Value>163</Value></HeartRateBpm><Extensions><TPX xmlns="http://www.garmin.com/xmlschemas/ActivityExtension/v2"><RunCadence>81</RunCadence><Speed>3.148438</Speed><Watts>281</Watts></TPX></Extensions></Trackpoint>
     <Trackpoint><Time>2026-01-31T13:56:17.998Z</Time><Position><LatitudeDegrees>48.1899419</LatitudeDegrees><LongitudeDegrees>16.3162048</LongitudeDegrees></Position><AltitudeMeters>193</AltitudeMeters><DistanceMeters>1039.6</DistanceMeters><HeartRateBpm><Value>163</Value></HeartRateBpm><Extensions><TPX xmlns="http://www.garmin.com/xmlschemas/ActivityExtension/v2"><RunCadence>81</RunCadence><Speed>3.148438</Speed><Watts>281</Watts></TPX></Extensions></Trackpoint>
     <Trackpoint><Time>2026-01-31T13:56:18.998Z</Time><Position><LatitudeDegrees>48.1899376</LatitudeDegrees><LongitudeDegrees>16.3161714</LongitudeDegrees></Position><AltitudeMeters>193</AltitudeMeters><DistanceMeters>1042.1</DistanceMeters><HeartRateBpm><Value>163</Value></HeartRateBpm><Extensions><TPX xmlns="http://www.garmin.com/xmlschemas/ActivityExtension/v2"><RunCadence>81</RunCadence><Speed>3.164062</Speed><Watts>285</Watts></TPX></Extensions></Trackpoint>
     <Trackpoint><Time>2026-01-31T13:56:19.998Z</Time><Position><LatitudeDegrees>48.1899318</LatitudeDegrees><LongitudeDegrees>16.3161300</LongitudeDegrees></Position><AltitudeMeters>193</AltitudeMeters><DistanceMeters>1045.0</DistanceMeters><HeartRateBpm><Value>163</Value></HeartRateBpm><Extensions><TPX xmlns="http://www.garmin.com/xmlschemas/ActivityExtension/v2"><RunCadence>81</RunCadence><Speed>3.164062</Speed><Watts>285</Watts></TPX></Extensions></Trackpoint>
     <Trackpoint><Time>2026-01-31T13:56:20.998Z</Time><Position><LatitudeDegrees>48.1899273</LatitudeDegrees><LongitudeDegrees>16.3160930</LongitudeDegrees></Position><AltitudeMeters>193</AltitudeMeters><DistanceMeters>1048.0</DistanceMeters><HeartRateBpm><Value>163</Value></HeartRateBpm><Extensions><TPX xmlns="http://www.garmin.com/xmlschemas/ActivityExtension/v2"><RunCadence>84</RunCadence><Speed>3.164062</Speed><Watts>287</Watts></TPX></Extensions></Trackpoint>
     <Trackpoint><Time>2026-01-31T13:56:21.998Z</Time><Position><LatitudeDegrees>48.1899226</LatitudeDegrees><LongitudeDegrees>16.3160535</LongitudeDegrees></Position><AltitudeMeters>193</AltitudeMeters><DistanceMeters>1050.8</DistanceMeters><HeartRateBpm><Value>163</Value></HeartRateBpm><Extensions><TPX xmlns="http://www.garmin.com/xmlschemas/ActivityExtension/v2"><RunCadence>84</RunCadence><Speed>3.164062</Speed><Watts>287</Watts></TPX></Extensions></Trackpoint>
     <Trackpoint><Time>2026-01-31T13:56:22.998Z</Time><Position><LatitudeDegrees>48.1899174</LatitudeDegrees><LongitudeDegrees>16.3160198</LongitudeDegrees></Position><AltitudeMeters>193</AltitudeMeters><DistanceMeters>1053.5</DistanceMeters><HeartRateBpm><Value>163</Value></HeartRateBpm><Extensions><TPX xmlns="http://www.garmin.com/xmlschemas/ActivityExtension/v2"><RunCadence>74</RunCadence><Speed>3.179688</Speed><Watts>287</Watts></TPX></Extensions></Trackpoint>
     <Trackpoint><Time>2026-01-31T13:56:23.998Z</Time><Position><LatitudeDegrees>48.1899262</LatitudeDegrees><LongitudeDegrees>16.3159855</LongitudeDegrees></Position><AltitudeMeters>193</AltitudeMeters><DistanceMeters>1056.3</DistanceMeters><HeartRateBpm><Value>163</Value></HeartRateBpm><Extensions><TPX xmlns="http://www.garmin.com/xmlschemas/ActivityExtension/v2"><RunCadence>74</RunCadence><Speed>3.179688</Speed><Watts>287</Watts></TPX></Extensions></Trackpoint>
     <Trackpoint><Time>2026-01-31T13:56:24.998Z</Time><Position><LatitudeDegrees>48.1899284</LatitudeDegrees><LongitudeDegrees>16.3159472</LongitudeDegrees></Position><AltitudeMeters>193</AltitudeMeters><DistanceMeters>1059.1</DistanceMeters><HeartRateBpm><Value>165</Value></HeartRateBpm><Extensions><TPX xmlns="http://www.garmin.com/xmlschemas/ActivityExtension/v2"><RunCadence>76</RunCadence><Speed>3.179688</Speed><Watts>281</Watts></TPX></Extensions></Trackpoint>
     <Trackpoint><Time>2026-01-31T13:56:25.998Z</Time><Position><LatitudeDegrees>48.1899297</LatitudeDegrees><LongitudeDegrees>16.3159143</LongitudeDegrees></Position><AltitudeMeters>193</AltitudeMeters><DistanceMeters>1061.6</DistanceMeters><HeartRateBpm><Value>165</Value></HeartRateBpm><Extensions><TPX xmlns="http://www.garmin.com/xmlschemas/ActivityExtension/v2"><RunCadence>76</RunCadence><Speed>3.179688</Speed><Watts>281</Watts></TPX></Extensions></Trackpoint>
     <Trackpoint><Time>2026-01-31T13:56:26.998Z</Time><Position><LatitudeDegrees>48.1899298</LatitudeDegrees><LongitudeDegrees>16.3158822</LongitudeDegrees></Position><AltitudeMeters>193</AltitudeMeters><DistanceMeters>1064.2</DistanceMeters><HeartRateBpm><Value>165</Value></HeartRateBpm><Extensions><TPX xmlns="http://www.garmin.com/xmlschemas/ActivityExtension/v2"><RunCadence>76</RunCadence><Speed>3.179688</Speed><Watts>281</Watts></TPX></Extensions></Trackpoint>
     <Trackpoint><Time>2026-01-31T13:56:27.998Z</Time><Position><LatitudeDegrees>48.1899361</LatitudeDegrees><LongitudeDegrees>16.3158440</LongitudeDegrees></Position><AltitudeMeters>193</AltitudeMeters><DistanceMeters>1066.8</DistanceMeters><HeartRateBpm><Value>165</Value></HeartRateBpm><Extensions><TPX xmlns="http://www.garmin.com/xmlschemas/ActivityExtension/v2"><RunCadence>80</RunCadence><Speed>3.179688</Speed><Watts>281</Watts></TPX></Extensions></Trackpoint>
     <Trackpoint><Time>2026-01-31T13:56:28.998Z</Time><Position><LatitudeDegrees>48.1899394</LatitudeDegrees><LongitudeDegrees>16.3158091</LongitudeDegrees></Position><AltitudeMeters>193</AltitudeMeters><DistanceMeters>1069.0</DistanceMeters><HeartRateBpm><Value>165</Value></HeartRateBpm><Extensions><TPX xmlns="http://www.garmin.com/xmlschemas/ActivityExtension/v2"><RunCadence>80</RunCadence><Speed>3.179688</Speed><Watts>281</Watts></TPX></Extensions></Trackpoint>
     <Trackpoint><Time>2026-01-31T13:56:29.998Z</Time><Position><LatitudeDegrees>48.1899291</LatitudeDegrees><LongitudeDegrees>16.3157851</LongitudeDegrees></Position><AltitudeMeters>193</AltitudeMeters><DistanceMeters>1071.3</DistanceMeters><HeartRateBpm><Value>165</Value></HeartRateBpm><Extensions><TPX xmlns="http://www.garmin.com/xmlschemas/ActivityExtension/v2"><RunCadence>80</RunCadence><Speed>3.179688</Speed><Watts>281</Watts></TPX></Extensions></Trackpoint>
     <Trackpoint><Time>2026-01-31T13:56:30.998Z</Time><Position><LatitudeDegrees>48.1899246</LatitudeDegrees><LongitudeDegrees>16.3157536</LongitudeDegrees></Position><AltitudeMeters>193</AltitudeMeters><DistanceMeters>1073.6</DistanceMeters><HeartRateBpm><Value>165</Value></HeartRateBpm><Extensions><TPX xmlns="http://www.garmin.com/xmlschemas/ActivityExtension/v2"><RunCadence>84</RunCadence><Speed>3.183594</Speed><Watts>277</Watts></TPX></Extensions></Trackpoint>
     <Trackpoint><Time>2026-01-31T13:56:31.998Z</Time><Position><LatitudeDegrees>48.1899182</LatitudeDegrees><LongitudeDegrees>16.3157056</LongitudeDegrees></Position><AltitudeMeters>193</AltitudeMeters><DistanceMeters>1077.2</DistanceMeters><HeartRateBpm><Value>165</Value></HeartRateBpm><Extensions><TPX xmlns="http://www.garmin.com/xmlschemas/ActivityExtension/v2"><RunCadence>84</RunCadence><Speed>3.183594</Speed><Watts>277</Watts></TPX></Extensions></Trackpoint>
     <Trackpoint><Time>2026-01-31T13:56:32.998Z</Time><Position><LatitudeDegrees>48.1899170</LatitudeDegrees><LongitudeDegrees>16.3156578</LongitudeDegrees></Position><AltitudeMeters>193</AltitudeMeters><DistanceMeters>1080.7</DistanceMeters><HeartRateBpm><Value>165</Value></HeartRateBpm><Extensions><TPX xmlns="http://www.garmin.com/xmlschemas/ActivityExtension/v2"><RunCadence>84</RunCadence><Speed>3.183594</Speed><Watts>274</Watts></TPX></Extensions></Trackpoint>
     <Trackpoint><Time>2026-01-31T13:56:33.998Z</Time><Position><LatitudeDegrees>48.1899177</LatitudeDegrees><LongitudeDegrees>16.3156195</LongitudeDegrees></Position><AltitudeMeters>193</AltitudeMeters><DistanceMeters>1082.1</DistanceMeters><HeartRateBpm><Value>165</Value></HeartRateBpm><Extensions><TPX xmlns="http://www.garmin.com/xmlschemas/ActivityExtension/v2"><RunCadence>84</RunCadence><Speed>3.183594</Speed><Watts>274</Watts></TPX></Extensions></Trackpoint>
     <Trackpoint><Time>2026-01-31T13:56:34.998Z</Time><Position><LatitudeDegrees>48.1899115</LatitudeDegrees><LongitudeDegrees>16.3156097</LongitudeDegrees></Position><AltitudeMeters>193</AltitudeMeters><DistanceMeters>1083.5</DistanceMeters><HeartRateBpm><Value>165</Value></HeartRateBpm><Extensions><TPX xmlns="http://www.garmin.com/xmlschemas/ActivityExtension/v2"><RunCadence>84</RunCadence><Speed>3.183594</Speed><Watts>274</Watts></TPX></Extensions></Trackpoint>
     <Trackpoint><Time>2026-01-31T13:56:35.998Z</Time><Position><LatitudeDegrees>48.1899017</LatitudeDegrees><LongitudeDegrees>16.3156129</LongitudeDegrees></Position><AltitudeMeters>193</AltitudeMeters><DistanceMeters>1084.9</DistanceMeters><HeartRateBpm><Value>165</Value></HeartRateBpm><Extensions><TPX xmlns="http://www.garmin.com/xmlschemas/ActivityExtension/v2"><RunCadence>84</RunCadence><Speed>3.183594</Speed><Watts>274</Watts></TPX></Extensions></Trackpoint>
     <Trackpoint><Time>2026-01-31T13:56:36.998Z</Time><Position><LatitudeDegrees>48.1898788</LatitudeDegrees><LongitudeDegrees>16.3156085</LongitudeDegrees></Position><AltitudeMeters>194</AltitudeMeters><DistanceMeters>1086.4</DistanceMeters><HeartRateBpm><Value>165</Value></HeartRateBpm><Extensions><TPX xmlns="http://www.garmin.com/xmlschemas/ActivityExtension/v2"><RunCadence>80</RunCadence><Speed>3.207031</Speed><Watts>263</Watts></TPX></Extensions></Trackpoint>
     <Trackpoint><Time>2026-01-31T13:56:37.998Z</Time><Position><LatitudeDegrees>48.1898602</LatitudeDegrees><LongitudeDegrees>16.3155731</LongitudeDegrees></Position><AltitudeMeters>194</AltitudeMeters><DistanceMeters>1089.6</DistanceMeters><HeartRateBpm><Value>165</Value></HeartRateBpm><Extensions><TPX xmlns="http://www.garmin.com/xmlschemas/ActivityExtension/v2"><RunCadence>80</RunCadence><Speed>3.207031</Speed><Watts>263</Watts></TPX></Extensions></Trackpoint>
     <Trackpoint><Time>2026-01-31T13:56:38.998Z</Time><Position><LatitudeDegrees>48.1898387</LatitudeDegrees><LongitudeDegrees>16.3155448</LongitudeDegrees></Position><AltitudeMeters>194</AltitudeMeters><DistanceMeters>1092.8</DistanceMeters><HeartRateBpm><Value>166</Value></HeartRateBpm><Extensions><TPX xmlns="http://www.garmin.com/xmlschemas/ActivityExtension/v2"><RunCadence>78</RunCadence><Speed>3.207031</Speed><Watts>266</Watts></TPX></Extensions></Trackpoint>
     <Trackpoint><Time>2026-01-31T13:56:39.998Z</Time><Position><LatitudeDegrees>48.1898219</LatitudeDegrees><LongitudeDegrees>16.3155163</LongitudeDegrees></Position><AltitudeMeters>194</AltitudeMeters><DistanceMeters>1095.8</DistanceMeters><HeartRateBpm><Value>166</Value></HeartRateBpm><Extensions><TPX xmlns="http://www.garmin.com/xmlschemas/ActivityExtension/v2"><RunCadence>78</RunCadence><Speed>3.207031</Speed><Watts>266</Watts></TPX></Extensions></Trackpoint>
     <Trackpoint><Time>2026-01-31T13:56:40.998Z</Time><Position><LatitudeDegrees>48.1898045</LatitudeDegrees><LongitudeDegrees>16.3154833</LongitudeDegrees></Position><AltitudeMeters>194</AltitudeMeters><DistanceMeters>1098.8</DistanceMeters><HeartRateBpm><Value>166</Value></HeartRateBpm><Extensions><TPX xmlns="http://www.garmin.com/xmlschemas/ActivityExtension/v2"><RunCadence>81</RunCadence><Speed>3.207031</Speed><Watts>266</Watts></TPX></Extensions></Trackpoint>
     <Trackpoint><Time>2026-01-31T13:56:41.998Z</Time><Position><LatitudeDegrees>48.1897876</LatitudeDegrees><LongitudeDegrees>16.3154618</LongitudeDegrees></Position><AltitudeMeters>194</AltitudeMeters><DistanceMeters>1101.5</DistanceMeters><HeartRateBpm><Value>166</Value></HeartRateBpm><Extensions><TPX xmlns="http://www.garmin.com/xmlschemas/ActivityExtension/v2"><RunCadence>81</RunCadence><Speed>3.207031</Speed><Watts>266</Watts></TPX></Extensions></Trackpoint>
     <Trackpoint><Time>2026-01-31T13:56:42.998Z</Time><Position><LatitudeDegrees>48.1897640</LatitudeDegrees><LongitudeDegrees>16.3154409</LongitudeDegrees></Position><AltitudeMeters>194</AltitudeMeters><DistanceMeters>1104.3</DistanceMeters><HeartRateBpm><Value>166</Value></HeartRateBpm><Extensions><TPX xmlns="http://www.garmin.com/xmlschemas/ActivityExtension/v2"><RunCadence>84</RunCadence><Speed>3.222656</Speed><Watts>266</Watts></TPX></Extensions></Trackpoint>
     <Trackpoint><Time>2026-01-31T13:56:43.998Z</Time><Position><LatitudeDegrees>48.1897465</LatitudeDegrees><LongitudeDegrees>16.3154086</LongitudeDegrees></Position><AltitudeMeters>194</AltitudeMeters><DistanceMeters>1107.4</DistanceMeters><HeartRateBpm><Value>166</Value></HeartRateBpm><Extensions><TPX xmlns="http://www.garmin.com/xmlschemas/ActivityExtension/v2"><RunCadence>84</RunCadence><Speed>3.222656</Speed><Watts>266</Watts></TPX></Extensions></Trackpoint>
     <Trackpoint><Time>2026-01-31T13:56:44.998Z</Time><Position><LatitudeDegrees>48.1897248</LatitudeDegrees><LongitudeDegrees>16.3153813</LongitudeDegrees></Position><AltitudeMeters>194</AltitudeMeters><DistanceMeters>1110.5</DistanceMeters><HeartRateBpm><Value>166</Value></HeartRateBpm><Extensions><TPX xmlns="http://www.garmin.com/xmlschemas/ActivityExtension/v2"><RunCadence>87</RunCadence><Speed>3.222656</Speed><Watts>249</Watts></TPX></Extensions></Trackpoint>
     <Trackpoint><Time>2026-01-31T13:56:45.998Z</Time><Position><LatitudeDegrees>48.1897044</LatitudeDegrees><LongitudeDegrees>16.3153459</LongitudeDegrees></Position><AltitudeMeters>194</AltitudeMeters><DistanceMeters>1113.7</DistanceMeters><HeartRateBpm><Value>166</Value></HeartRateBpm><Extensions><TPX xmlns="http://www.garmin.com/xmlschemas/ActivityExtension/v2"><RunCadence>87</RunCadence><Speed>3.222656</Speed><Watts>249</Watts></TPX></Extensions></Trackpoint>
     <Trackpoint><Time>2026-01-31T13:56:46.998Z</Time><Position><LatitudeDegrees>48.1896822</LatitudeDegrees><LongitudeDegrees>16.3153235</LongitudeDegrees></Position><AltitudeMeters>194</AltitudeMeters><DistanceMeters>1116.9</DistanceMeters><HeartRateBpm><Value>166</Value></HeartRateBpm><Extensions><TPX xmlns="http://www.garmin.com/xmlschemas/ActivityExtension/v2"><RunCadence>79</RunCadence><Speed>3.242188</Speed><Watts>253</Watts></TPX></Extensions></Trackpoint>
     <Trackpoint><Time>2026-01-31T13:56:47.998Z</Time><Position><LatitudeDegrees>48.1896517</LatitudeDegrees><LongitudeDegrees>16.3153187</LongitudeDegrees></Position><AltitudeMeters>194</AltitudeMeters><DistanceMeters>1119.8</DistanceMeters><HeartRateBpm><Value>166</Value></HeartRateBpm><Extensions><TPX xmlns="http://www.garmin.com/xmlschemas/ActivityExtension/v2"><RunCadence>79</RunCadence><Speed>3.242188</Speed><Watts>253</Watts></TPX></Extensions></Trackpoint>
     <Trackpoint><Time>2026-01-31T13:56:48.998Z</Time><Position><LatitudeDegrees>48.1896298</LatitudeDegrees><LongitudeDegrees>16.3153106</LongitudeDegrees></Position><AltitudeMeters>194</AltitudeMeters><DistanceMeters>1122.8</DistanceMeters><HeartRateBpm><Value>167</Value></HeartRateBpm><Extensions><TPX xmlns="http://www.garmin.com/xmlschemas/ActivityExtension/v2"><RunCadence>79</RunCadence><Speed>3.242188</Speed><Watts>257</Watts></TPX></Extensions></Trackpoint>
     <Trackpoint><Time>2026-01-31T13:56:49.998Z</Time><Position><LatitudeDegrees>48.1896073</LatitudeDegrees><LongitudeDegrees>16.3152841</LongitudeDegrees></Position><AltitudeMeters>194</AltitudeMeters><DistanceMeters>1126.4</DistanceMeters><HeartRateBpm><Value>167</Value></HeartRateBpm><Extensions><TPX xmlns="http://www.garmin.com/xmlschemas/ActivityExtension/v2"><RunCadence>79</RunCadence><Speed>3.242188</Speed><Watts>257</Watts></TPX></Extensions></Trackpoint>
     <Trackpoint><Time>2026-01-31T13:56:50.998Z</Time><Position><LatitudeDegrees>48.1895738</LatitudeDegrees><LongitudeDegrees>16.3152633</LongitudeDegrees></Position><AltitudeMeters>193</AltitudeMeters><DistanceMeters>1129.9</DistanceMeters><HeartRateBpm><Value>167</Value></HeartRateBpm><Extensions><TPX xmlns="http://www.garmin.com/xmlschemas/ActivityExtension/v2"><RunCadence>81</RunCadence><Speed>3.242188</Speed><Watts>257</Watts></TPX></Extensions></Trackpoint>
     <Trackpoint><Time>2026-01-31T13:56:51.998Z</Time><Position><LatitudeDegrees>48.1895460</LatitudeDegrees><LongitudeDegrees>16.3152403</LongitudeDegrees></Position><AltitudeMeters>193</AltitudeMeters><DistanceMeters>1133.7</DistanceMeters><HeartRateBpm><Value>167</Value></HeartRateBpm><Extensions><TPX xmlns="http://www.garmin.com/xmlschemas/ActivityExtension/v2"><RunCadence>81</RunCadence><Speed>3.242188</Speed><Watts>257</Watts></TPX></Extensions></Trackpoint>
     <Trackpoint><Time>2026-01-31T13:56:52.998Z</Time><Position><LatitudeDegrees>48.1895095</LatitudeDegrees><LongitudeDegrees>16.3152358</LongitudeDegrees></Position><AltitudeMeters>193</AltitudeMeters><DistanceMeters>1137.4</DistanceMeters><HeartRateBpm><Value>167</Value></HeartRateBpm><Extensions><TPX xmlns="http://www.garmin.com/xmlschemas/ActivityExtension/v2"><RunCadence>82</RunCadence><Speed>3.265625</Speed><Watts>257</Watts></TPX></Extensions></Trackpoint>
     <Trackpoint><Time>2026-01-31T13:56:53.998Z</Time><Position><LatitudeDegrees>48.1894835</LatitudeDegrees><LongitudeDegrees>16.3152173</LongitudeDegrees></Position><AltitudeMeters>193</AltitudeMeters><DistanceMeters>1140.1</DistanceMeters><HeartRateBpm><Value>167</Value></HeartRateBpm><Extensions><TPX xmlns="http://www.garmin.com/xmlschemas/ActivityExtension/v2"><RunCadence>82</RunCadence><Speed>3.265625</Speed><Watts>257</Watts></TPX></Extensions></Trackpoint>
     <Trackpoint><Time>2026-01-31T13:56:54.998Z</Time><Position><LatitudeDegrees>48.1894634</LatitudeDegrees><LongitudeDegrees>16.3152118</LongitudeDegrees></Position><AltitudeMeters>193</AltitudeMeters><DistanceMeters>1142.8</DistanceMeters><HeartRateBpm><Value>166</Value></HeartRateBpm><Extensions><TPX xmlns="http://www.garmin.com/xmlschemas/ActivityExtension/v2"><RunCadence>82</RunCadence><Speed>3.265625</Speed><Watts>257</Watts></TPX></Extensions></Trackpoint>
     <Trackpoint><Time>2026-01-31T13:56:55.998Z</Time><Position><LatitudeDegrees>48.1894311</LatitudeDegrees><LongitudeDegrees>16.3152139</LongitudeDegrees></Position><AltitudeMeters>193</AltitudeMeters><DistanceMeters>1146.6</DistanceMeters><HeartRateBpm><Value>166</Value></HeartRateBpm><Extensions><TPX xmlns="http://www.garmin.com/xmlschemas/ActivityExtension/v2"><RunCadence>82</RunCadence><Speed>3.265625</Speed><Watts>257</Watts></TPX></Extensions></Trackpoint>
     <Trackpoint><Time>2026-01-31T13:56:56.998Z</Time><Position><LatitudeDegrees>48.1893955</LatitudeDegrees><LongitudeDegrees>16.3152101</LongitudeDegrees></Position><AltitudeMeters>193</AltitudeMeters><DistanceMeters>1150.4</DistanceMeters><HeartRateBpm><Value>166</Value></HeartRateBpm><Extensions><TPX xmlns="http://www.garmin.com/xmlschemas/ActivityExtension/v2"><RunCadence>81</RunCadence><Speed>3.285156</Speed><Watts>262</Watts></TPX></Extensions></Trackpoint>
     <Trackpoint><Time>2026-01-31T13:56:57.998Z</Time><Position><LatitudeDegrees>48.1893670</LatitudeDegrees><LongitudeDegrees>16.3151984</LongitudeDegrees></Position><AltitudeMeters>193</AltitudeMeters><DistanceMeters>1153.1</DistanceMeters><HeartRateBpm><Value>166</Value></HeartRateBpm><Extensions><TPX xmlns="http://www.garmin.com/xmlschemas/ActivityExtension/v2"><RunCadence>81</RunCadence><Speed>3.285156</Speed><Watts>262</Watts></TPX></Extensions></Trackpoint>
     <Trackpoint><Time>2026-01-31T13:56:58.998Z</Time><Position><LatitudeDegrees>48.1893460</LatitudeDegrees><LongitudeDegrees>16.3152084</LongitudeDegrees></Position><AltitudeMeters>192</AltitudeMeters><DistanceMeters>1155.9</DistanceMeters><HeartRateBpm><Value>167</Value></HeartRateBpm><Extensions><TPX xmlns="http://www.garmin.com/xmlschemas/ActivityExtension/v2"><RunCadence>78</RunCadence><Speed>3.285156</Speed><Watts>262</Watts></TPX></Extensions></Trackpoint>
     <Trackpoint><Time>2026-01-31T13:56:59.998Z</Time><Position><LatitudeDegrees>48.1893215</LatitudeDegrees><LongitudeDegrees>16.3152142</LongitudeDegrees></Position><AltitudeMeters>192</AltitudeMeters><DistanceMeters>1159.4</DistanceMeters><HeartRateBpm><Value>167</Value></HeartRateBpm><Extensions><TPX xmlns="http://www.garmin.com/xmlschemas/ActivityExtension/v2"><RunCadence>78</RunCadence><Speed>3.285156</Speed><Watts>262</Watts></TPX></Extensions></Trackpoint>
     <Trackpoint><Time>2026-01-31T13:57:00.998Z</Time><Position><LatitudeDegrees>48.1892832</LatitudeDegrees><LongitudeDegrees>16.3152016</LongitudeDegrees></Position><AltitudeMeters>192</AltitudeMeters><DistanceMeters>1162.9</DistanceMeters><HeartRateBpm><Value>167</Value></HeartRateBpm><Extensions><TPX xmlns="http://www.garmin.com/xmlschemas/ActivityExtension/v2"><RunCadence>78</RunCadence><Speed>3.285156</Speed><Watts>267</Watts></TPX></Extensions></Trackpoint>
     <Trackpoint><Time>2026-01-31T13:57:01.998Z</Time><Position><LatitudeDegrees>48.1892515</LatitudeDegrees><LongitudeDegrees>16.3152054</LongitudeDegrees></Position><AltitudeMeters>192</AltitudeMeters><DistanceMeters>1165.6</DistanceMeters><HeartRateBpm><Value>167</Value></HeartRateBpm><Extensions><TPX xmlns="http://www.garmin.com/xmlschemas/ActivityExtension/v2"><RunCadence>78</RunCadence><Speed>3.285156</Speed><Watts>267</Watts></TPX></Extensions></Trackpoint>
     <Trackpoint><Time>2026-01-31T13:57:02.998Z</Time><Position><LatitudeDegrees>48.1892344</LatitudeDegrees><LongitudeDegrees>16.3152006</LongitudeDegrees></Position><AltitudeMeters>192</AltitudeMeters><DistanceMeters>1168.3</DistanceMeters><HeartRateBpm><Value>167</Value></HeartRateBpm><Extensions><TPX xmlns="http://www.garmin.com/xmlschemas/ActivityExtension/v2"><RunCadence>78</RunCadence><Speed>3.230469</Speed><Watts>267</Watts></TPX></Extensions></Trackpoint>
     <Trackpoint><Time>2026-01-31T13:57:03.998Z</Time><Position><LatitudeDegrees>48.1892074</LatitudeDegrees><LongitudeDegrees>16.3151998</LongitudeDegrees></Position><AltitudeMeters>192</AltitudeMeters><DistanceMeters>1171.4</DistanceMeters><HeartRateBpm><Value>167</Value></HeartRateBpm><Extensions><TPX xmlns="http://www.garmin.com/xmlschemas/ActivityExtension/v2"><RunCadence>78</RunCadence><Speed>3.230469</Speed><Watts>267</Watts></TPX></Extensions></Trackpoint>
     <Trackpoint><Time>2026-01-31T13:57:04.998Z</Time><Position><LatitudeDegrees>48.1891784</LatitudeDegrees><LongitudeDegrees>16.3151976</LongitudeDegrees></Position><AltitudeMeters>192</AltitudeMeters><DistanceMeters>1174.5</DistanceMeters><HeartRateBpm><Value>166</Value></HeartRateBpm><Extensions><TPX xmlns="http://www.garmin.com/xmlschemas/ActivityExtension/v2"><RunCadence>84</RunCadence><Speed>3.230469</Speed><Watts>267</Watts></TPX></Extensions></Trackpoint>
     <Trackpoint><Time>2026-01-31T13:57:05.998Z</Time><Position><LatitudeDegrees>48.1891462</LatitudeDegrees><LongitudeDegrees>16.3152037</LongitudeDegrees></Position><AltitudeMeters>192</AltitudeMeters><DistanceMeters>1178.1</DistanceMeters><HeartRateBpm><Value>166</Value></HeartRateBpm><Extensions><TPX xmlns="http://www.garmin.com/xmlschemas/ActivityExtension/v2"><RunCadence>84</RunCadence><Speed>3.230469</Speed><Watts>267</Watts></TPX></Extensions></Trackpoint>
     <Trackpoint><Time>2026-01-31T13:57:06.998Z</Time><Position><LatitudeDegrees>48.1891132</LatitudeDegrees><LongitudeDegrees>16.3151977</LongitudeDegrees></Position><AltitudeMeters>192</AltitudeMeters><DistanceMeters>1181.8</DistanceMeters><HeartRateBpm><Value>166</Value></HeartRateBpm><Extensions><TPX xmlns="http://www.garmin.com/xmlschemas/ActivityExtension/v2"><RunCadence>86</RunCadence><Speed>3.230469</Speed><Watts>271</Watts></TPX></Extensions></Trackpoint>
     <Trackpoint><Time>2026-01-31T13:57:07.998Z</Time><Position><LatitudeDegrees>48.1890896</LatitudeDegrees><LongitudeDegrees>16.3151921</LongitudeDegrees></Position><AltitudeMeters>192</AltitudeMeters><DistanceMeters>1184.9</DistanceMeters><HeartRateBpm><Value>166</Value></HeartRateBpm><Extensions><TPX xmlns="http://www.garmin.com/xmlschemas/ActivityExtension/v2"><RunCadence>86</RunCadence><Speed>3.230469</Speed><Watts>271</Watts></TPX></Extensions></Trackpoint>
     <Trackpoint><Time>2026-01-31T13:57:08.998Z</Time><Position><LatitudeDegrees>48.1890570</LatitudeDegrees><LongitudeDegrees>16.3151943</LongitudeDegrees></Position><AltitudeMeters>192</AltitudeMeters><DistanceMeters>1188.0</DistanceMeters><HeartRateBpm><Value>167</Value></HeartRateBpm><Extensions><TPX xmlns="http://www.garmin.com/xmlschemas/ActivityExtension/v2"><RunCadence>80</RunCadence><Speed>3.292969</Speed><Watts>271</Watts></TPX></Extensions></Trackpoint>
     <Trackpoint><Time>2026-01-31T13:57:09.998Z</Time><Position><LatitudeDegrees>48.1890277</LatitudeDegrees><LongitudeDegrees>16.3151906</LongitudeDegrees></Position><AltitudeMeters>192</AltitudeMeters><DistanceMeters>1190.8</DistanceMeters><HeartRateBpm><Value>167</Value></HeartRateBpm><Extensions><TPX xmlns="http://www.garmin.com/xmlschemas/ActivityExtension/v2"><RunCadence>80</RunCadence><Speed>3.292969</Speed><Watts>271</Watts></TPX></Extensions></Trackpoint>
     <Trackpoint><Time>2026-01-31T13:57:10.998Z</Time><Position><LatitudeDegrees>48.1890085</LatitudeDegrees><LongitudeDegrees>16.3151839</LongitudeDegrees></Position><AltitudeMeters>191</AltitudeMeters><DistanceMeters>1193.5</DistanceMeters><HeartRateBpm><Value>167</Value></HeartRateBpm><Extensions><TPX xmlns="http://www.garmin.com/xmlschemas/ActivityExtension/v2"><RunCadence>76</RunCadence><Speed>3.292969</Speed><Watts>267</Watts></TPX></Extensions></Trackpoint>
     <Trackpoint><Time>2026-01-31T13:57:11.998Z</Time><Position><LatitudeDegrees>48.1889944</LatitudeDegrees><LongitudeDegrees>16.3151896</LongitudeDegrees></Position><AltitudeMeters>191</AltitudeMeters><DistanceMeters>1195.9</DistanceMeters><HeartRateBpm><Value>167</Value></HeartRateBpm><Extensions><TPX xmlns="http://www.garmin.com/xmlschemas/ActivityExtension/v2"><RunCadence>76</RunCadence><Speed>3.292969</Speed><Watts>267</Watts></TPX></Extensions></Trackpoint>
     <Trackpoint><Time>2026-01-31T13:57:12.998Z</Time><Position><LatitudeDegrees>48.1889681</LatitudeDegrees><LongitudeDegrees>16.3151867</LongitudeDegrees></Position><AltitudeMeters>191</AltitudeMeters><DistanceMeters>1198.3</DistanceMeters><HeartRateBpm><Value>167</Value></HeartRateBpm><Extensions><TPX xmlns="http://www.garmin.com/xmlschemas/ActivityExtension/v2"><RunCadence>76</RunCadence><Speed>3.292969</Speed><Watts>267</Watts></TPX></Extensions></Trackpoint>
     <Trackpoint><Time>2026-01-31T13:57:13.998Z</Time><Position><LatitudeDegrees>48.1889433</LatitudeDegrees><LongitudeDegrees>16.3151778</LongitudeDegrees></Position><AltitudeMeters>191</AltitudeMeters><DistanceMeters>1200.7</DistanceMeters><HeartRateBpm><Value>167</Value></HeartRateBpm><Extensions><TPX xmlns="http://www.garmin.com/xmlschemas/ActivityExtension/v2"><RunCadence>80</RunCadence><Speed>3.265625</Speed><Watts>267</Watts></TPX></Extensions></Trackpoint>
     <Trackpoint><Time>2026-01-31T13:57:14.998Z</Time><Position><LatitudeDegrees>48.1889126</LatitudeDegrees><LongitudeDegrees>16.3151678</LongitudeDegrees></Position><AltitudeMeters>191</AltitudeMeters><DistanceMeters>1203.8</DistanceMeters><HeartRateBpm><Value>167</Value></HeartRateBpm><Extensions><TPX xmlns="http://www.garmin.com/xmlschemas/ActivityExtension/v2"><RunCadence>80</RunCadence><Speed>3.265625</Speed><Watts>267</Watts></TPX></Extensions></Trackpoint>
     <Trackpoint><Time>2026-01-31T13:57:15.998Z</Time><Position><LatitudeDegrees>48.1888891</LatitudeDegrees><LongitudeDegrees>16.3151590</LongitudeDegrees></Position><AltitudeMeters>191</AltitudeMeters><DistanceMeters>1206.9</DistanceMeters><HeartRateBpm><Value>167</Value></HeartRateBpm><Extensions><TPX xmlns="http://www.garmin.com/xmlschemas/ActivityExtension/v2"><RunCadence>80</RunCadence><Speed>3.265625</Speed><Watts>260</Watts></TPX></Extensions></Trackpoint>
     <Trackpoint><Time>2026-01-31T13:57:16.998Z</Time><Position><LatitudeDegrees>48.1888673</LatitudeDegrees><LongitudeDegrees>16.3151514</LongitudeDegrees></Position><AltitudeMeters>191</AltitudeMeters><DistanceMeters>1209.9</DistanceMeters><HeartRateBpm><Value>167</Value></HeartRateBpm><Extensions><TPX xmlns="http://www.garmin.com/xmlschemas/ActivityExtension/v2"><RunCadence>80</RunCadence><Speed>3.265625</Speed><Watts>260</Watts></TPX></Extensions></Trackpoint>
     <Trackpoint><Time>2026-01-31T13:57:17.998Z</Time><Position><LatitudeDegrees>48.1888365</LatitudeDegrees><LongitudeDegrees>16.3151401</LongitudeDegrees></Position><AltitudeMeters>191</AltitudeMeters><DistanceMeters>1212.9</DistanceMeters><HeartRateBpm><Value>167</Value></HeartRateBpm><Extensions><TPX xmlns="http://www.garmin.com/xmlschemas/ActivityExtension/v2"><RunCadence>80</RunCadence><Speed>3.265625</Speed><Watts>260</Watts></TPX></Extensions></Trackpoint>
     <Trackpoint><Time>2026-01-31T13:57:18.998Z</Time><Position><LatitudeDegrees>48.1888141</LatitudeDegrees><LongitudeDegrees>16.3151272</LongitudeDegrees></Position><AltitudeMeters>191</AltitudeMeters><DistanceMeters>1215.9</DistanceMeters><HeartRateBpm><Value>167</Value></HeartRateBpm><Extensions><TPX xmlns="http://www.garmin.com/xmlschemas/ActivityExtension/v2"><RunCadence>80</RunCadence><Speed>3.265625</Speed><Watts>260</Watts></TPX></Extensions></Trackpoint>
     <Trackpoint><Time>2026-01-31T13:57:19.998Z</Time><Position><LatitudeDegrees>48.1887876</LatitudeDegrees><LongitudeDegrees>16.3151105</LongitudeDegrees></Position><AltitudeMeters>191</AltitudeMeters><DistanceMeters>1218.8</DistanceMeters><HeartRateBpm><Value>167</Value></HeartRateBpm><Extensions><TPX xmlns="http://www.garmin.com/xmlschemas/ActivityExtension/v2"><RunCadence>78</RunCadence><Speed>3.246094</Speed><Watts>253</Watts></TPX></Extensions></Trackpoint>
     <Trackpoint><Time>2026-01-31T13:57:20.998Z</Time><Position><LatitudeDegrees>48.1887572</LatitudeDegrees><LongitudeDegrees>16.3151061</LongitudeDegrees></Position><AltitudeMeters>191</AltitudeMeters><DistanceMeters>1221.8</DistanceMeters><HeartRateBpm><Value>167</Value></HeartRateBpm><Extensions><TPX xmlns="http://www.garmin.com/xmlschemas/ActivityExtension/v2"><RunCadence>78</RunCadence><Speed>3.246094</Speed><Watts>253</Watts></TPX></Extensions></Trackpoint>
     <Trackpoint><Time>2026-01-31T13:57:21.998Z</Time><Position><LatitudeDegrees>48.1887360</LatitudeDegrees><LongitudeDegrees>16.3150877</LongitudeDegrees></Position><AltitudeMeters>191</AltitudeMeters><DistanceMeters>1224.8</DistanceMeters><HeartRateBpm><Value>167</Value></HeartRateBpm><Extensions><TPX xmlns="http://www.garmin.com/xmlschemas/ActivityExtension/v2"><RunCadence>76</RunCadence><Speed>3.246094</Speed><Watts>253</Watts></TPX></Extensions></Trackpoint>
     <Trackpoint><Time>2026-01-31T13:57:22.998Z</Time><Position><LatitudeDegrees>48.1887106</LatitudeDegrees><LongitudeDegrees>16.3150688</LongitudeDegrees></Position><AltitudeMeters>191</AltitudeMeters><DistanceMeters>1227.9</DistanceMeters><HeartRateBpm><Value>167</Value></HeartRateBpm><Extensions><TPX xmlns="http://www.garmin.com/xmlschemas/ActivityExtension/v2"><RunCadence>76</RunCadence><Speed>3.246094</Speed><Watts>253</Watts></TPX></Extensions></Trackpoint>
     <Trackpoint><Time>2026-01-31T13:57:23.998Z</Time><Position><LatitudeDegrees>48.1886852</LatitudeDegrees><LongitudeDegrees>16.3150530</LongitudeDegrees></Position><AltitudeMeters>191</AltitudeMeters><DistanceMeters>1231.0</DistanceMeters><HeartRateBpm><Value>167</Value></HeartRateBpm><Extensions><TPX xmlns="http://www.garmin.com/xmlschemas/ActivityExtension/v2"><RunCadence>79</RunCadence><Speed>3.304688</Speed><Watts>251</Watts></TPX></Extensions></Trackpoint>
     <Trackpoint><Time>2026-01-31T13:57:24.998Z</Time><Position><LatitudeDegrees>48.1886751</LatitudeDegrees><LongitudeDegrees>16.3150395</LongitudeDegrees></Position><AltitudeMeters>191</AltitudeMeters><DistanceMeters>1233.6</DistanceMeters><HeartRateBpm><Value>167</Value></HeartRateBpm><Extensions><TPX xmlns="http://www.garmin.com/xmlschemas/ActivityExtension/v2"><RunCadence>79</RunCadence><Speed>3.304688</Speed><Watts>251</Watts></TPX></Extensions></Trackpoint>
     <Trackpoint><Time>2026-01-31T13:57:25.998Z</Time><Position><LatitudeDegrees>48.1886476</LatitudeDegrees><LongitudeDegrees>16.3150198</LongitudeDegrees></Position><AltitudeMeters>191</AltitudeMeters><DistanceMeters>1236.1</DistanceMeters><HeartRateBpm><Value>167</Value></HeartRateBpm><Extensions><TPX xmlns="http://www.garmin.com/xmlschemas/ActivityExtension/v2"><RunCadence>79</RunCadence><Speed>3.304688</Speed><Watts>251</Watts></TPX></Extensions></Trackpoint>
     <Trackpoint><Time>2026-01-31T13:57:26.998Z</Time><Position><LatitudeDegrees>48.1886259</LatitudeDegrees><LongitudeDegrees>16.3150006</LongitudeDegrees></Position><AltitudeMeters>191</AltitudeMeters><DistanceMeters>1238.7</DistanceMeters><HeartRateBpm><Value>167</Value></HeartRateBpm><Extensions><TPX xmlns="http://www.garmin.com/xmlschemas/ActivityExtension/v2"><RunCadence>83</RunCadence><Speed>3.304688</Speed><Watts>251</Watts></TPX></Extensions></Trackpoint>
     <Trackpoint><Time>2026-01-31T13:57:27.998Z</Time><Position><LatitudeDegrees>48.1886191</LatitudeDegrees><LongitudeDegrees>16.3149929</LongitudeDegrees></Position><AltitudeMeters>191</AltitudeMeters><DistanceMeters>1240.9</DistanceMeters><HeartRateBpm><Value>167</Value></HeartRateBpm><Extensions><TPX xmlns="http://www.garmin.com/xmlschemas/ActivityExtension/v2"><RunCadence>83</RunCadence><Speed>3.304688</Speed><Watts>251</Watts></TPX></Extensions></Trackpoint>
     <Trackpoint><Time>2026-01-31T13:57:28.998Z</Time><Position><LatitudeDegrees>48.1885995</LatitudeDegrees><LongitudeDegrees>16.3149782</LongitudeDegrees></Position><AltitudeMeters>191</AltitudeMeters><DistanceMeters>1243.1</DistanceMeters><HeartRateBpm><Value>167</Value></HeartRateBpm><Extensions><TPX xmlns="http://www.garmin.com/xmlschemas/ActivityExtension/v2"><RunCadence>83</RunCadence><Speed>3.304688</Speed><Watts>251</Watts></TPX></Extensions></Trackpoint>
     <Trackpoint><Time>2026-01-31T13:57:29.998Z</Time><Position><LatitudeDegrees>48.1885721</LatitudeDegrees><LongitudeDegrees>16.3149620</LongitudeDegrees></Position><AltitudeMeters>191</AltitudeMeters><DistanceMeters>1245.3</DistanceMeters><HeartRateBpm><Value>167</Value></HeartRateBpm><Extensions><TPX xmlns="http://www.garmin.com/xmlschemas/ActivityExtension/v2"><RunCadence>83</RunCadence><Speed>3.304688</Speed><Watts>245</Watts></TPX></Extensions></Trackpoint>
     <Trackpoint><Time>2026-01-31T13:57:30.998Z</Time><Position><LatitudeDegrees>48.1885438</LatitudeDegrees><LongitudeDegrees>16.3149452</LongitudeDegrees></Position><AltitudeMeters>191</AltitudeMeters><DistanceMeters>1249.0</DistanceMeters><HeartRateBpm><Value>167</Value></HeartRateBpm><Extensions><TPX xmlns="http://www.garmin.com/xmlschemas/ActivityExtension/v2"><RunCadence>83</RunCadence><Speed>3.304688</Speed><Watts>245</Watts></TPX></Extensions></Trackpoint>
     <Trackpoint><Time>2026-01-31T13:57:31.998Z</Time><Position><LatitudeDegrees>48.1885109</LatitudeDegrees><LongitudeDegrees>16.3149257</LongitudeDegrees></Position><AltitudeMeters>191</AltitudeMeters><DistanceMeters>1252.6</DistanceMeters><HeartRateBpm><Value>167</Value></HeartRateBpm><Extensions><TPX xmlns="http://www.garmin.com/xmlschemas/ActivityExtension/v2"><RunCadence>80</RunCadence><Speed>3.308594</Speed><Watts>245</Watts></TPX></Extensions></Trackpoint>
     <Trackpoint><Time>2026-01-31T13:57:32.998Z</Time><Position><LatitudeDegrees>48.1884789</LatitudeDegrees><LongitudeDegrees>16.3149067</LongitudeDegrees></Position><AltitudeMeters>191</AltitudeMeters><DistanceMeters>1256.2</DistanceMeters><HeartRateBpm><Value>167</Value></HeartRateBpm><Extensions><TPX xmlns="http://www.garmin.com/xmlschemas/ActivityExtension/v2"><RunCadence>80</RunCadence><Speed>3.308594</Speed><Watts>245</Watts></TPX></Extensions></Trackpoint>
     <Trackpoint><Time>2026-01-31T13:57:33.998Z</Time><Position><LatitudeDegrees>48.1884492</LatitudeDegrees><LongitudeDegrees>16.3148952</LongitudeDegrees></Position><AltitudeMeters>191</AltitudeMeters><DistanceMeters>1259.8</DistanceMeters><HeartRateBpm><Value>166</Value></HeartRateBpm><Extensions><TPX xmlns="http://www.garmin.com/xmlschemas/ActivityExtension/v2"><RunCadence>80</RunCadence><Speed>3.308594</Speed><Watts>237</Watts></TPX></Extensions></Trackpoint>
     <Trackpoint><Time>2026-01-31T13:57:34.998Z</Time><Position><LatitudeDegrees>48.1884229</LatitudeDegrees><LongitudeDegrees>16.3148870</LongitudeDegrees></Position><AltitudeMeters>191</AltitudeMeters><DistanceMeters>1262.1</DistanceMeters><HeartRateBpm><Value>166</Value></HeartRateBpm><Extensions><TPX xmlns="http://www.garmin.com/xmlschemas/ActivityExtension/v2"><RunCadence>80</RunCadence><Speed>3.308594</Speed><Watts>237</Watts></TPX></Extensions></Trackpoint>
     <Trackpoint><Time>2026-01-31T13:57:35.998Z</Time><Position><LatitudeDegrees>48.1884109</LatitudeDegrees><LongitudeDegrees>16.3148833</LongitudeDegrees></Position><AltitudeMeters>191</AltitudeMeters><DistanceMeters>1264.4</DistanceMeters><HeartRateBpm><Value>166</Value></HeartRateBpm><Extensions><TPX xmlns="http://www.garmin.com/xmlschemas/ActivityExtension/v2"><RunCadence>80</RunCadence><Speed>3.308594</Speed><Watts>237</Watts></TPX></Extensions></Trackpoint>
     <Trackpoint><Time>2026-01-31T13:57:36.998Z</Time><Position><LatitudeDegrees>48.1883894</LatitudeDegrees><LongitudeDegrees>16.3148771</LongitudeDegrees></Position><AltitudeMeters>191</AltitudeMeters><DistanceMeters>1266.6</DistanceMeters><HeartRateBpm><Value>166</Value></HeartRateBpm><Extensions><TPX xmlns="http://www.garmin.com/xmlschemas/ActivityExtension/v2"><RunCadence>77</RunCadence><Speed>3.289062</Speed><Watts>237</Watts></TPX></Extensions></Trackpoint>
     <Trackpoint><Time>2026-01-31T13:57:37.998Z</Time><Position><LatitudeDegrees>48.1883464</LatitudeDegrees><LongitudeDegrees>16.3148677</LongitudeDegrees></Position><AltitudeMeters>191</AltitudeMeters><DistanceMeters>1270.4</DistanceMeters><HeartRateBpm><Value>166</Value></HeartRateBpm><Extensions><TPX xmlns="http://www.garmin.com/xmlschemas/ActivityExtension/v2"><RunCadence>77</RunCadence><Speed>3.289062</Speed><Watts>237</Watts></TPX></Extensions></Trackpoint>
     <Trackpoint><Time>2026-01-31T13:57:38.998Z</Time><Position><LatitudeDegrees>48.1883226</LatitudeDegrees><LongitudeDegrees>16.3148639</LongitudeDegrees></Position><AltitudeMeters>191</AltitudeMeters><DistanceMeters>1274.1</DistanceMeters><HeartRateBpm><Value>166</Value></HeartRateBpm><Extensions><TPX xmlns="http://www.garmin.com/xmlschemas/ActivityExtension/v2"><RunCadence>80</RunCadence><Speed>3.289062</Speed><Watts>243</Watts></TPX></Extensions></Trackpoint>
     <Trackpoint><Time>2026-01-31T13:57:39.998Z</Time><Position><LatitudeDegrees>48.1882962</LatitudeDegrees><LongitudeDegrees>16.3148596</LongitudeDegrees></Position><AltitudeMeters>191</AltitudeMeters><DistanceMeters>1277.1</DistanceMeters><HeartRateBpm><Value>166</Value></HeartRateBpm><Extensions><TPX xmlns="http://www.garmin.com/xmlschemas/ActivityExtension/v2"><RunCadence>80</RunCadence><Speed>3.289062</Speed><Watts>243</Watts></TPX></Extensions></Trackpoint>
     <Trackpoint><Time>2026-01-31T13:57:40.998Z</Time><Position><LatitudeDegrees>48.1882684</LatitudeDegrees><LongitudeDegrees>16.3148576</LongitudeDegrees></Position><AltitudeMeters>191</AltitudeMeters><DistanceMeters>1280.2</DistanceMeters><HeartRateBpm><Value>166</Value></HeartRateBpm><Extensions><TPX xmlns="http://www.garmin.com/xmlschemas/ActivityExtension/v2"><RunCadence>86</RunCadence><Speed>3.289062</Speed><Watts>237</Watts></TPX></Extensions></Trackpoint>
     <Trackpoint><Time>2026-01-31T13:57:41.998Z</Time><Position><LatitudeDegrees>48.1882630</LatitudeDegrees><LongitudeDegrees>16.3148574</LongitudeDegrees></Position><AltitudeMeters>191</AltitudeMeters><DistanceMeters>1282.7</DistanceMeters><HeartRateBpm><Value>166</Value></HeartRateBpm><Extensions><TPX xmlns="http://www.garmin.com/xmlschemas/ActivityExtension/v2"><RunCadence>86</RunCadence><Speed>3.289062</Speed><Watts>237</Watts></TPX></Extensions></Trackpoint>
     <Trackpoint><Time>2026-01-31T13:57:42.998Z</Time><Position><LatitudeDegrees>48.1882274</LatitudeDegrees><LongitudeDegrees>16.3148623</LongitudeDegrees></Position><AltitudeMeters>191</AltitudeMeters><DistanceMeters>1285.2</DistanceMeters><HeartRateBpm><Value>166</Value></HeartRateBpm><Extensions><TPX xmlns="http://www.garmin.com/xmlschemas/ActivityExtension/v2"><RunCadence>86</RunCadence><Speed>3.289062</Speed><Watts>237</Watts></TPX></Extensions></Trackpoint>
     <Trackpoint><Time>2026-01-31T13:57:43.998Z</Time><Position><LatitudeDegrees>48.1882021</LatitudeDegrees><LongitudeDegrees>16.3148749</LongitudeDegrees></Position><AltitudeMeters>191</AltitudeMeters><DistanceMeters>1287.6</DistanceMeters><HeartRateBpm><Value>166</Value></HeartRateBpm><Extensions><TPX xmlns="http://www.garmin.com/xmlschemas/ActivityExtension/v2"><RunCadence>79</RunCadence><Speed>3.265625</Speed><Watts>237</Watts></TPX></Extensions></Trackpoint>
     <Trackpoint><Time>2026-01-31T13:57:44.998Z</Time><Position><LatitudeDegrees>48.1881929</LatitudeDegrees><LongitudeDegrees>16.3148798</LongitudeDegrees></Position><AltitudeMeters>191</AltitudeMeters><DistanceMeters>1289.4</DistanceMeters><HeartRateBpm><Value>166</Value></HeartRateBpm><Extensions><TPX xmlns="http://www.garmin.com/xmlschemas/ActivityExtension/v2"><RunCadence>79</RunCadence><Speed>3.265625</Speed><Watts>237</Watts></TPX></Extensions></Trackpoint>
     <Trackpoint><Time>2026-01-31T13:57:45.998Z</Time><Position><LatitudeDegrees>48.1881805</LatitudeDegrees><LongitudeDegrees>16.3148859</LongitudeDegrees></Position><AltitudeMeters>191</AltitudeMeters><DistanceMeters>1291.1</DistanceMeters><HeartRateBpm><Value>166</Value></HeartRateBpm><Extensions><TPX xmlns="http://www.garmin.com/xmlschemas/ActivityExtension/v2"><RunCadence>79</RunCadence><Speed>3.265625</Speed><Watts>237</Watts></TPX></Extensions></Trackpoint>
     <Trackpoint><Time>2026-01-31T13:57:46.998Z</Time><Position><LatitudeDegrees>48.1881562</LatitudeDegrees><LongitudeDegrees>16.3148896</LongitudeDegrees></Position><AltitudeMeters>191</AltitudeMeters><DistanceMeters>1292.9</DistanceMeters><HeartRateBpm><Value>166</Value></HeartRateBpm><Extensions><TPX xmlns="http://www.garmin.com/xmlschemas/ActivityExtension/v2"><RunCadence>81</RunCadence><Speed>3.265625</Speed><Watts>242</Watts></TPX></Extensions></Trackpoint>
     <Trackpoint><Time>2026-01-31T13:57:47.998Z</Time><Position><LatitudeDegrees>48.1881374</LatitudeDegrees><LongitudeDegrees>16.3148903</LongitudeDegrees></Position><AltitudeMeters>191</AltitudeMeters><DistanceMeters>1295.8</DistanceMeters><HeartRateBpm><Value>166</Value></HeartRateBpm><Extensions><TPX xmlns="http://www.garmin.com/xmlschemas/ActivityExtension/v2"><RunCadence>81</RunCadence><Speed>3.265625</Speed><Watts>242</Watts></TPX></Extensions></Trackpoint>
     <Trackpoint><Time>2026-01-31T13:57:48.998Z</Time><Position><LatitudeDegrees>48.1881031</LatitudeDegrees><LongitudeDegrees>16.3148872</LongitudeDegrees></Position><AltitudeMeters>191</AltitudeMeters><DistanceMeters>1298.8</DistanceMeters><HeartRateBpm><Value>166</Value></HeartRateBpm><Extensions><TPX xmlns="http://www.garmin.com/xmlschemas/ActivityExtension/v2"><RunCadence>82</RunCadence><Speed>3.332031</Speed><Watts>229</Watts></TPX></Extensions></Trackpoint>
     <Trackpoint><Time>2026-01-31T13:57:49.998Z</Time><Position><LatitudeDegrees>48.1880794</LatitudeDegrees><LongitudeDegrees>16.3148850</LongitudeDegrees></Position><AltitudeMeters>191</AltitudeMeters><DistanceMeters>1301.2</DistanceMeters><HeartRateBpm><Value>166</Value></HeartRateBpm><Extensions><TPX xmlns="http://www.garmin.com/xmlschemas/ActivityExtension/v2"><RunCadence>82</RunCadence><Speed>3.332031</Speed><Watts>229</Watts></TPX></Extensions></Trackpoint>
     <Trackpoint><Time>2026-01-31T13:57:50.998Z</Time><Position><LatitudeDegrees>48.1880650</LatitudeDegrees><LongitudeDegrees>16.3148836</LongitudeDegrees></Position><AltitudeMeters>191</AltitudeMeters><DistanceMeters>1303.7</DistanceMeters><HeartRateBpm><Value>166</Value></HeartRateBpm><Extensions><TPX xmlns="http://www.garmin.com/xmlschemas/ActivityExtension/v2"><RunCadence>82</RunCadence><Speed>3.332031</Speed><Watts>229</Watts></TPX></Extensions></Trackpoint>
     <Trackpoint><Time>2026-01-31T13:57:51.998Z</Time><Position><LatitudeDegrees>48.1880374</LatitudeDegrees><LongitudeDegrees>16.3148850</LongitudeDegrees></Position><AltitudeMeters>191</AltitudeMeters><DistanceMeters>1306.1</DistanceMeters><HeartRateBpm><Value>166</Value></HeartRateBpm><Extensions><TPX xmlns="http://www.garmin.com/xmlschemas/ActivityExtension/v2"><RunCadence>82</RunCadence><Speed>3.332031</Speed><Watts>229</Watts></TPX></Extensions></Trackpoint>
     <Trackpoint><Time>2026-01-31T13:57:52.998Z</Time><Position><LatitudeDegrees>48.1880176</LatitudeDegrees><LongitudeDegrees>16.3148971</LongitudeDegrees></Position><AltitudeMeters>191</AltitudeMeters><DistanceMeters>1308.5</DistanceMeters><HeartRateBpm><Value>166</Value></HeartRateBpm><Extensions><TPX xmlns="http://www.garmin.com/xmlschemas/ActivityExtension/v2"><RunCadence>82</RunCadence><Speed>3.332031</Speed><Watts>229</Watts></TPX></Extensions></Trackpoint>
     <Trackpoint><Time>2026-01-31T13:57:53.998Z</Time><Position><LatitudeDegrees>48.1880013</LatitudeDegrees><LongitudeDegrees>16.3149158</LongitudeDegrees></Position><AltitudeMeters>191</AltitudeMeters><DistanceMeters>1310.9</DistanceMeters><HeartRateBpm><Value>166</Value></HeartRateBpm><Extensions><TPX xmlns="http://www.garmin.com/xmlschemas/ActivityExtension/v2"><RunCadence>82</RunCadence><Speed>3.332031</Speed><Watts>229</Watts></TPX></Extensions></Trackpoint>
     <Trackpoint><Time>2026-01-31T13:57:54.998Z</Time><Position><LatitudeDegrees>48.1879846</LatitudeDegrees><LongitudeDegrees>16.3149433</LongitudeDegrees></Position><AltitudeMeters>191</AltitudeMeters><DistanceMeters>1313.4</DistanceMeters><HeartRateBpm><Value>165</Value></HeartRateBpm><Extensions><TPX xmlns="http://www.garmin.com/xmlschemas/ActivityExtension/v2"><RunCadence>81</RunCadence><Speed>3.332031</Speed><Watts>228</Watts></TPX></Extensions></Trackpoint>
     <Trackpoint><Time>2026-01-31T13:57:55.998Z</Time><Position><LatitudeDegrees>48.1879693</LatitudeDegrees><LongitudeDegrees>16.3149771</LongitudeDegrees></Position><AltitudeMeters>191</AltitudeMeters><DistanceMeters>1316.5</DistanceMeters><HeartRateBpm><Value>165</Value></HeartRateBpm><Extensions><TPX xmlns="http://www.garmin.com/xmlschemas/ActivityExtension/v2"><RunCadence>81</RunCadence><Speed>3.332031</Speed><Watts>228</Watts></TPX></Extensions></Trackpoint>
     <Trackpoint><Time>2026-01-31T13:57:56.998Z</Time><Position><LatitudeDegrees>48.1879509</LatitudeDegrees><LongitudeDegrees>16.3150098</LongitudeDegrees></Position><AltitudeMeters>190</AltitudeMeters><DistanceMeters>1319.6</DistanceMeters><HeartRateBpm><Value>165</Value></HeartRateBpm><Extensions><TPX xmlns="http://www.garmin.com/xmlschemas/ActivityExtension/v2"><RunCadence>81</RunCadence><Speed>3.371094</Speed><Watts>226</Watts></TPX></Extensions></Trackpoint>
     <Trackpoint><Time>2026-01-31T13:57:57.998Z</Time><Position><LatitudeDegrees>48.1879124</LatitudeDegrees><LongitudeDegrees>16.3151326</LongitudeDegrees></Position><AltitudeMeters>190</AltitudeMeters><DistanceMeters>1329.6</DistanceMeters><HeartRateBpm><Value>165</Value></HeartRateBpm><Extensions><TPX xmlns="http://www.garmin.com/xmlschemas/ActivityExtension/v2"><RunCadence>79</RunCadence><Speed>3.371094</Speed><Watts>226</Watts></TPX></Extensions></Trackpoint>
     <Trackpoint><Time>2026-01-31T13:57:58.998Z</Time><Position><LatitudeDegrees>48.1878940</LatitudeDegrees><LongitudeDegrees>16.3151487</LongitudeDegrees></Position><AltitudeMeters>190</AltitudeMeters><DistanceMeters>1332.1</DistanceMeters><HeartRateBpm><Value>165</Value></HeartRateBpm><Extensions><TPX xmlns="http://www.garmin.com/xmlschemas/ActivityExtension/v2"><RunCadence>79</RunCadence><Speed>3.371094</Speed><Watts>226</Watts></TPX></Extensions></Trackpoint>
     <Trackpoint><Time>2026-01-31T13:57:59.998Z</Time><Position><LatitudeDegrees>48.1878804</LatitudeDegrees><LongitudeDegrees>16.3151617</LongitudeDegrees></Position><AltitudeMeters>190</AltitudeMeters><DistanceMeters>1334.6</DistanceMeters><HeartRateBpm><Value>165</Value></HeartRateBpm><Extensions><TPX xmlns="http://www.garmin.com/xmlschemas/ActivityExtension/v2"><RunCadence>79</RunCadence><Speed>3.371094</Speed><Watts>226</Watts></TPX></Extensions></Trackpoint>
     <Trackpoint><Time>2026-01-31T13:58:00.998Z</Time><Position><LatitudeDegrees>48.1878612</LatitudeDegrees><LongitudeDegrees>16.3151976</LongitudeDegrees></Position><AltitudeMeters>190</AltitudeMeters><DistanceMeters>1337.1</DistanceMeters><HeartRateBpm><Value>165</Value></HeartRateBpm><Extensions><TPX xmlns="http://www.garmin.com/xmlschemas/ActivityExtension/v2"><RunCadence>83</RunCadence><Speed>3.371094</Speed><Watts>226</Watts></TPX></Extensions></Trackpoint>
     <Trackpoint><Time>2026-01-31T13:58:01.998Z</Time><Position><LatitudeDegrees>48.1878446</LatitudeDegrees><LongitudeDegrees>16.3152224</LongitudeDegrees></Position><AltitudeMeters>190</AltitudeMeters><DistanceMeters>1339.6</DistanceMeters><HeartRateBpm><Value>165</Value></HeartRateBpm><Extensions><TPX xmlns="http://www.garmin.com/xmlschemas/ActivityExtension/v2"><RunCadence>83</RunCadence><Speed>3.371094</Speed><Watts>226</Watts></TPX></Extensions></Trackpoint>
     <Trackpoint><Time>2026-01-31T13:58:02.998Z</Time><Position><LatitudeDegrees>48.1878337</LatitudeDegrees><LongitudeDegrees>16.3152447</LongitudeDegrees></Position><AltitudeMeters>190</AltitudeMeters><DistanceMeters>1342.0</DistanceMeters><HeartRateBpm><Value>165</Value></HeartRateBpm><Extensions><TPX xmlns="http://www.garmin.com/xmlschemas/ActivityExtension/v2"><RunCadence>83</RunCadence><Speed>3.371094</Speed><Watts>226</Watts></TPX></Extensions></Trackpoint>
     <Trackpoint><Time>2026-01-31T13:58:03.998Z</Time><Position><LatitudeDegrees>48.1878192</LatitudeDegrees><LongitudeDegrees>16.3152743</LongitudeDegrees></Position><AltitudeMeters>190</AltitudeMeters><DistanceMeters>1344.5</DistanceMeters><HeartRateBpm><Value>165</Value></HeartRateBpm><Extensions><TPX xmlns="http://www.garmin.com/xmlschemas/ActivityExtension/v2"><RunCadence>82</RunCadence><Speed>3.398438</Speed><Watts>229</Watts></TPX></Extensions></Trackpoint>
     <Trackpoint><Time>2026-01-31T13:58:04.998Z</Time><Position><LatitudeDegrees>48.1878069</LatitudeDegrees><LongitudeDegrees>16.3152995</LongitudeDegrees></Position><AltitudeMeters>190</AltitudeMeters><DistanceMeters>1347.2</DistanceMeters><HeartRateBpm><Value>165</Value></HeartRateBpm><Extensions><TPX xmlns="http://www.garmin.com/xmlschemas/ActivityExtension/v2"><RunCadence>82</RunCadence><Speed>3.398438</Speed><Watts>229</Watts></TPX></Extensions></Trackpoint>
     <Trackpoint><Time>2026-01-31T13:58:05.998Z</Time><Position><LatitudeDegrees>48.1877939</LatitudeDegrees><LongitudeDegrees>16.3153296</LongitudeDegrees></Position><AltitudeMeters>190</AltitudeMeters><DistanceMeters>1350.0</DistanceMeters><HeartRateBpm><Value>165</Value></HeartRateBpm><Extensions><TPX xmlns="http://www.garmin.com/xmlschemas/ActivityExtension/v2"><RunCadence>82</RunCadence><Speed>3.398438</Speed><Watts>229</Watts></TPX></Extensions></Trackpoint>
     <Trackpoint><Time>2026-01-31T13:58:06.998Z</Time><Position><LatitudeDegrees>48.1877764</LatitudeDegrees><LongitudeDegrees>16.3153671</LongitudeDegrees></Position><AltitudeMeters>190</AltitudeMeters><DistanceMeters>1352.8</DistanceMeters><HeartRateBpm><Value>165</Value></HeartRateBpm><Extensions><TPX xmlns="http://www.garmin.com/xmlschemas/ActivityExtension/v2"><RunCadence>85</RunCadence><Speed>3.398438</Speed><Watts>224</Watts></TPX></Extensions></Trackpoint>
     <Trackpoint><Time>2026-01-31T13:58:07.999Z</Time><Position><LatitudeDegrees>48.1877621</LatitudeDegrees><LongitudeDegrees>16.3153950</LongitudeDegrees></Position><AltitudeMeters>190</AltitudeMeters><DistanceMeters>1355.3</DistanceMeters><HeartRateBpm><Value>165</Value></HeartRateBpm><Extensions><TPX xmlns="http://www.garmin.com/xmlschemas/ActivityExtension/v2"><RunCadence>85</RunCadence><Speed>3.398438</Speed><Watts>224</Watts></TPX></Extensions></Trackpoint>
     <Trackpoint><Time>2026-01-31T13:58:08.999Z</Time><Position><LatitudeDegrees>48.1877521</LatitudeDegrees><LongitudeDegrees>16.3154143</LongitudeDegrees></Position><AltitudeMeters>190</AltitudeMeters><DistanceMeters>1357.7</DistanceMeters><HeartRateBpm><Value>165</Value></HeartRateBpm><Extensions><TPX xmlns="http://www.garmin.com/xmlschemas/ActivityExtension/v2"><RunCadence>85</RunCadence><Speed>3.398438</Speed><Watts>224</Watts></TPX></Extensions></Trackpoint>
     <Trackpoint><Time>2026-01-31T13:58:09.999Z</Time><Position><LatitudeDegrees>48.1877360</LatitudeDegrees><LongitudeDegrees>16.3154455</LongitudeDegrees></Position><AltitudeMeters>190</AltitudeMeters><DistanceMeters>1360.2</DistanceMeters><HeartRateBpm><Value>164</Value></HeartRateBpm><Extensions><TPX xmlns="http://www.garmin.com/xmlschemas/ActivityExtension/v2"><RunCadence>83</RunCadence><Speed>3.375000</Speed><Watts>221</Watts></TPX></Extensions></Trackpoint>
     <Trackpoint><Time>2026-01-31T13:58:10.999Z</Time><Position><LatitudeDegrees>48.1877201</LatitudeDegrees><LongitudeDegrees>16.3154769</LongitudeDegrees></Position><AltitudeMeters>190</AltitudeMeters><DistanceMeters>1363.2</DistanceMeters><HeartRateBpm><Value>164</Value></HeartRateBpm><Extensions><TPX xmlns="http://www.garmin.com/xmlschemas/ActivityExtension/v2"><RunCadence>83</RunCadence><Speed>3.375000</Speed><Watts>221</Watts></TPX></Extensions></Trackpoint>
     <Trackpoint><Time>2026-01-31T13:58:11.999Z</Time><Position><LatitudeDegrees>48.1877036</LatitudeDegrees><LongitudeDegrees>16.3155103</LongitudeDegrees></Position><AltitudeMeters>190</AltitudeMeters><DistanceMeters>1366.2</DistanceMeters><HeartRateBpm><Value>164</Value></HeartRateBpm><Extensions><TPX xmlns="http://www.garmin.com/xmlschemas/ActivityExtension/v2"><RunCadence>82</RunCadence><Speed>3.375000</Speed><Watts>220</Watts></TPX></Extensions></Trackpoint>
     <Trackpoint><Time>2026-01-31T13:58:12.999Z</Time><Position><LatitudeDegrees>48.1876869</LatitudeDegrees><LongitudeDegrees>16.3155442</LongitudeDegrees></Position><AltitudeMeters>190</AltitudeMeters><DistanceMeters>1369.1</DistanceMeters><HeartRateBpm><Value>164</Value></HeartRateBpm><Extensions><TPX xmlns="http://www.garmin.com/xmlschemas/ActivityExtension/v2"><RunCadence>82</RunCadence><Speed>3.375000</Speed><Watts>220</Watts></TPX></Extensions></Trackpoint>
     <Trackpoint><Time>2026-01-31T13:58:13.999Z</Time><Position><LatitudeDegrees>48.1876735</LatitudeDegrees><LongitudeDegrees>16.3155737</LongitudeDegrees></Position><AltitudeMeters>190</AltitudeMeters><DistanceMeters>1371.9</DistanceMeters><HeartRateBpm><Value>164</Value></HeartRateBpm><Extensions><TPX xmlns="http://www.garmin.com/xmlschemas/ActivityExtension/v2"><RunCadence>81</RunCadence><Speed>3.375000</Speed><Watts>221</Watts></TPX></Extensions></Trackpoint>
     <Trackpoint><Time>2026-01-31T13:58:14.999Z</Time><Position><LatitudeDegrees>48.1876564</LatitudeDegrees><LongitudeDegrees>16.3156144</LongitudeDegrees></Position><AltitudeMeters>190</AltitudeMeters><DistanceMeters>1375.7</DistanceMeters><HeartRateBpm><Value>164</Value></HeartRateBpm><Extensions><TPX xmlns="http://www.garmin.com/xmlschemas/ActivityExtension/v2"><RunCadence>81</RunCadence><Speed>3.375000</Speed><Watts>221</Watts></TPX></Extensions></Trackpoint>
     <Trackpoint><Time>2026-01-31T13:58:15.999Z</Time><Position><LatitudeDegrees>48.1876396</LatitudeDegrees><LongitudeDegrees>16.3156607</LongitudeDegrees></Position><AltitudeMeters>190</AltitudeMeters><DistanceMeters>1379.4</DistanceMeters><HeartRateBpm><Value>164</Value></HeartRateBpm><Extensions><TPX xmlns="http://www.garmin.com/xmlschemas/ActivityExtension/v2"><RunCadence>83</RunCadence><Speed>3.332031</Speed><Watts>223</Watts></TPX></Extensions></Trackpoint>
     <Trackpoint><Time>2026-01-31T13:58:16.999Z</Time><Position><LatitudeDegrees>48.1876318</LatitudeDegrees><LongitudeDegrees>16.3156840</LongitudeDegrees></Position><AltitudeMeters>190</AltitudeMeters><DistanceMeters>1382.1</DistanceMeters><HeartRateBpm><Value>164</Value></HeartRateBpm><Extensions><TPX xmlns="http://www.garmin.com/xmlschemas/ActivityExtension/v2"><RunCadence>83</RunCadence><Speed>3.332031</Speed><Watts>223</Watts></TPX></Extensions></Trackpoint>
     <Trackpoint><Time>2026-01-31T13:58:17.999Z</Time><Position><LatitudeDegrees>48.1876218</LatitudeDegrees><LongitudeDegrees>16.3157178</LongitudeDegrees></Position><AltitudeMeters>190</AltitudeMeters><DistanceMeters>1384.9</DistanceMeters><HeartRateBpm><Value>164</Value></HeartRateBpm><Extensions><TPX xmlns="http://www.garmin.com/xmlschemas/ActivityExtension/v2"><RunCadence>83</RunCadence><Speed>3.332031</Speed><Watts>223</Watts></TPX></Extensions></Trackpoint>
     <Trackpoint><Time>2026-01-31T13:58:18.999Z</Time><Position><LatitudeDegrees>48.1876102</LatitudeDegrees><LongitudeDegrees>16.3157614</LongitudeDegrees></Position><AltitudeMeters>190</AltitudeMeters><DistanceMeters>1387.6</DistanceMeters><HeartRateBpm><Value>164</Value></HeartRateBpm><Extensions><TPX xmlns="http://www.garmin.com/xmlschemas/ActivityExtension/v2"><RunCadence>81</RunCadence><Speed>3.332031</Speed><Watts>227</Watts></TPX></Extensions></Trackpoint>
     <Trackpoint><Time>2026-01-31T13:58:19.999Z</Time><Position><LatitudeDegrees>48.1876023</LatitudeDegrees><LongitudeDegrees>16.3157932</LongitudeDegrees></Position><AltitudeMeters>190</AltitudeMeters><DistanceMeters>1390.5</DistanceMeters><HeartRateBpm><Value>164</Value></HeartRateBpm><Extensions><TPX xmlns="http://www.garmin.com/xmlschemas/ActivityExtension/v2"><RunCadence>81</RunCadence><Speed>3.332031</Speed><Watts>227</Watts></TPX></Extensions></Trackpoint>
     <Trackpoint><Time>2026-01-31T13:58:20.999Z</Time><Position><LatitudeDegrees>48.1875929</LatitudeDegrees><LongitudeDegrees>16.3158360</LongitudeDegrees></Position><AltitudeMeters>190</AltitudeMeters><DistanceMeters>1393.4</DistanceMeters><HeartRateBpm><Value>164</Value></HeartRateBpm><Extensions><TPX xmlns="http://www.garmin.com/xmlschemas/ActivityExtension/v2"><RunCadence>81</RunCadence><Speed>3.253906</Speed><Watts>227</Watts></TPX></Extensions></Trackpoint>
     <Trackpoint><Time>2026-01-31T13:58:21.999Z</Time><Position><LatitudeDegrees>48.1875849</LatitudeDegrees><LongitudeDegrees>16.3158747</LongitudeDegrees></Position><AltitudeMeters>190</AltitudeMeters><DistanceMeters>1396.3</DistanceMeters><HeartRateBpm><Value>164</Value></HeartRateBpm><Extensions><TPX xmlns="http://www.garmin.com/xmlschemas/ActivityExtension/v2"><RunCadence>81</RunCadence><Speed>3.253906</Speed><Watts>227</Watts></TPX></Extensions></Trackpoint>
     <Trackpoint><Time>2026-01-31T13:58:22.999Z</Time><Position><LatitudeDegrees>48.1875811</LatitudeDegrees><LongitudeDegrees>16.3159109</LongitudeDegrees></Position><AltitudeMeters>190</AltitudeMeters><DistanceMeters>1399.1</DistanceMeters><HeartRateBpm><Value>164</Value></HeartRateBpm><Extensions><TPX xmlns="http://www.garmin.com/xmlschemas/ActivityExtension/v2"><RunCadence>83</RunCadence><Speed>3.253906</Speed><Watts>227</Watts></TPX></Extensions></Trackpoint>
     <Trackpoint><Time>2026-01-31T13:58:23.999Z</Time><Position><LatitudeDegrees>48.1875788</LatitudeDegrees><LongitudeDegrees>16.3159453</LongitudeDegrees></Position><AltitudeMeters>190</AltitudeMeters><DistanceMeters>1402.0</DistanceMeters><HeartRateBpm><Value>164</Value></HeartRateBpm><Extensions><TPX xmlns="http://www.garmin.com/xmlschemas/ActivityExtension/v2"><RunCadence>83</RunCadence><Speed>3.253906</Speed><Watts>227</Watts></TPX></Extensions></Trackpoint>
     <Trackpoint><Time>2026-01-31T13:58:24.999Z</Time><Position><LatitudeDegrees>48.1875755</LatitudeDegrees><LongitudeDegrees>16.3159864</LongitudeDegrees></Position><AltitudeMeters>190</AltitudeMeters><DistanceMeters>1404.8</DistanceMeters><HeartRateBpm><Value>164</Value></HeartRateBpm><Extensions><TPX xmlns="http://www.garmin.com/xmlschemas/ActivityExtension/v2"><RunCadence>84</RunCadence><Speed>3.253906</Speed><Watts>228</Watts></TPX></Extensions></Trackpoint>
     <Trackpoint><Time>2026-01-31T13:58:25.999Z</Time><Position><LatitudeDegrees>48.1875644</LatitudeDegrees><LongitudeDegrees>16.3160143</LongitudeDegrees></Position><AltitudeMeters>190</AltitudeMeters><DistanceMeters>1407.9</DistanceMeters><HeartRateBpm><Value>164</Value></HeartRateBpm><Extensions><TPX xmlns="http://www.garmin.com/xmlschemas/ActivityExtension/v2"><RunCadence>84</RunCadence><Speed>3.253906</Speed><Watts>228</Watts></TPX></Extensions></Trackpoint>
     <Trackpoint><Time>2026-01-31T13:58:26.999Z</Time><Position><LatitudeDegrees>48.1875517</LatitudeDegrees><LongitudeDegrees>16.3160633</LongitudeDegrees></Position><AltitudeMeters>190</AltitudeMeters><DistanceMeters>1411.1</DistanceMeters><HeartRateBpm><Value>164</Value></HeartRateBpm><Extensions><TPX xmlns="http://www.garmin.com/xmlschemas/ActivityExtension/v2"><RunCadence>86</RunCadence><Speed>3.183594</Speed><Watts>228</Watts></TPX></Extensions></Trackpoint>
     <Trackpoint><Time>2026-01-31T13:58:27.999Z</Time><Position><LatitudeDegrees>48.1875425</LatitudeDegrees><LongitudeDegrees>16.3160916</LongitudeDegrees></Position><AltitudeMeters>190</AltitudeMeters><DistanceMeters>1413.6</DistanceMeters><HeartRateBpm><Value>164</Value></HeartRateBpm><Extensions><TPX xmlns="http://www.garmin.com/xmlschemas/ActivityExtension/v2"><RunCadence>86</RunCadence><Speed>3.183594</Speed><Watts>228</Watts></TPX></Extensions></Trackpoint>
     <Trackpoint><Time>2026-01-31T13:58:28.999Z</Time><Position><LatitudeDegrees>48.1875326</LatitudeDegrees><LongitudeDegrees>16.3161260</LongitudeDegrees></Position><AltitudeMeters>189</AltitudeMeters><DistanceMeters>1416.2</DistanceMeters><HeartRateBpm><Value>164</Value></HeartRateBpm><Extensions><TPX xmlns="http://www.garmin.com/xmlschemas/ActivityExtension/v2"><RunCadence>81</RunCadence><Speed>3.183594</Speed><Watts>228</Watts></TPX></Extensions></Trackpoint>
     <Trackpoint><Time>2026-01-31T13:58:29.999Z</Time><Position><LatitudeDegrees>48.1875169</LatitudeDegrees><LongitudeDegrees>16.3161664</LongitudeDegrees></Position><AltitudeMeters>189</AltitudeMeters><DistanceMeters>1419.0</DistanceMeters><HeartRateBpm><Value>164</Value></HeartRateBpm><Extensions><TPX xmlns="http://www.garmin.com/xmlschemas/ActivityExtension/v2"><RunCadence>81</RunCadence><Speed>3.183594</Speed><Watts>228</Watts></TPX></Extensions></Trackpoint>
     <Trackpoint><Time>2026-01-31T13:58:30.999Z</Time><Position><LatitudeDegrees>48.1875126</LatitudeDegrees><LongitudeDegrees>16.3161962</LongitudeDegrees></Position><AltitudeMeters>189</AltitudeMeters><DistanceMeters>1421.8</DistanceMeters><HeartRateBpm><Value>164</Value></HeartRateBpm><Extensions><TPX xmlns="http://www.garmin.com/xmlschemas/ActivityExtension/v2"><RunCadence>78</RunCadence><Speed>3.054688</Speed><Watts>230</Watts></TPX></Extensions></Trackpoint>
     <Trackpoint><Time>2026-01-31T13:58:31.999Z</Time><Position><LatitudeDegrees>48.1875062</LatitudeDegrees><LongitudeDegrees>16.3162329</LongitudeDegrees></Position><AltitudeMeters>189</AltitudeMeters><DistanceMeters>1424.8</DistanceMeters><HeartRateBpm><Value>164</Value></HeartRateBpm><Extensions><TPX xmlns="http://www.garmin.com/xmlschemas/ActivityExtension/v2"><RunCadence>78</RunCadence><Speed>3.054688</Speed><Watts>230</Watts></TPX></Extensions></Trackpoint>
     <Trackpoint><Time>2026-01-31T13:58:32.999Z</Time><Position><LatitudeDegrees>48.1874986</LatitudeDegrees><LongitudeDegrees>16.3162740</LongitudeDegrees></Position><AltitudeMeters>189</AltitudeMeters><DistanceMeters>1427.8</DistanceMeters><HeartRateBpm><Value>164</Value></HeartRateBpm><Extensions><TPX xmlns="http://www.garmin.com/xmlschemas/ActivityExtension/v2"><RunCadence>81</RunCadence><Speed>3.054688</Speed><Watts>230</Watts></TPX></Extensions></Trackpoint>
     <Trackpoint><Time>2026-01-31T13:58:33.999Z</Time><Position><LatitudeDegrees>48.1874929</LatitudeDegrees><LongitudeDegrees>16.3163072</LongitudeDegrees></Position><AltitudeMeters>189</AltitudeMeters><DistanceMeters>1431.0</DistanceMeters><HeartRateBpm><Value>164</Value></HeartRateBpm><Extensions><TPX xmlns="http://www.garmin.com/xmlschemas/ActivityExtension/v2"><RunCadence>81</RunCadence><Speed>3.054688</Speed><Watts>230</Watts></TPX></Extensions></Trackpoint>
     <Trackpoint><Time>2026-01-31T13:58:34.999Z</Time><Position><LatitudeDegrees>48.1874851</LatitudeDegrees><LongitudeDegrees>16.3163579</LongitudeDegrees></Position><AltitudeMeters>189</AltitudeMeters><DistanceMeters>1434.2</DistanceMeters><HeartRateBpm><Value>165</Value></HeartRateBpm><Extensions><TPX xmlns="http://www.garmin.com/xmlschemas/ActivityExtension/v2"><RunCadence>81</RunCadence><Speed>3.054688</Speed><Watts>231</Watts></TPX></Extensions></Trackpoint>
     <Trackpoint><Time>2026-01-31T13:58:35.999Z</Time><Position><LatitudeDegrees>48.1874835</LatitudeDegrees><LongitudeDegrees>16.3164080</LongitudeDegrees></Position><AltitudeMeters>189</AltitudeMeters><DistanceMeters>1437.5</DistanceMeters><HeartRateBpm><Value>165</Value></HeartRateBpm><Extensions><TPX xmlns="http://www.garmin.com/xmlschemas/ActivityExtension/v2"><RunCadence>81</RunCadence><Speed>3.054688</Speed><Watts>231</Watts></TPX></Extensions></Trackpoint>
     <Trackpoint><Time>2026-01-31T13:58:36.999Z</Time><Position><LatitudeDegrees>48.1874789</LatitudeDegrees><LongitudeDegrees>16.3164460</LongitudeDegrees></Position><AltitudeMeters>189</AltitudeMeters><DistanceMeters>1440.8</DistanceMeters><HeartRateBpm><Value>165</Value></HeartRateBpm><Extensions><TPX xmlns="http://www.garmin.com/xmlschemas/ActivityExtension/v2"><RunCadence>81</RunCadence><Speed>2.058594</Speed><Watts>231</Watts></TPX></Extensions></Trackpoint>
     <Trackpoint><Time>2026-01-31T13:58:37.999Z</Time><Position><LatitudeDegrees>48.1874775</LatitudeDegrees><LongitudeDegrees>16.3165013</LongitudeDegrees></Position><AltitudeMeters>189</AltitudeMeters><DistanceMeters>1444.2</DistanceMeters><HeartRateBpm><Value>165</Value></HeartRateBpm><Extensions><TPX xmlns="http://www.garmin.com/xmlschemas/ActivityExtension/v2"><RunCadence>81</RunCadence><Speed>2.058594</Speed><Watts>231</Watts></TPX></Extensions></Trackpoint>
     <Trackpoint><Time>2026-01-31T13:58:38.999Z</Time><Position><LatitudeDegrees>48.1874837</LatitudeDegrees><LongitudeDegrees>16.3165391</LongitudeDegrees></Position><AltitudeMeters>189</AltitudeMeters><DistanceMeters>1447.7</DistanceMeters><HeartRateBpm><Value>167</Value></HeartRateBpm><Extensions><TPX xmlns="http://www.garmin.com/xmlschemas/ActivityExtension/v2"><RunCadence>81</RunCadence><Speed>2.058594</Speed><Watts>231</Watts></TPX></Extensions></Trackpoint>
     <Trackpoint><Time>2026-01-31T13:58:39.999Z</Time><Position><LatitudeDegrees>48.1874909</LatitudeDegrees><LongitudeDegrees>16.3165704</LongitudeDegrees></Position><AltitudeMeters>189</AltitudeMeters><DistanceMeters>1450.6</DistanceMeters><HeartRateBpm><Value>167</Value></HeartRateBpm><Extensions><TPX xmlns="http://www.garmin.com/xmlschemas/ActivityExtension/v2"><RunCadence>81</RunCadence><Speed>2.058594</Speed><Watts>231</Watts></TPX></Extensions></Trackpoint>
     <Trackpoint><Time>2026-01-31T13:58:40.999Z</Time><Position><LatitudeDegrees>48.1875043</LatitudeDegrees><LongitudeDegrees>16.3166107</LongitudeDegrees></Position><AltitudeMeters>189</AltitudeMeters><DistanceMeters>1453.5</DistanceMeters><HeartRateBpm><Value>167</Value></HeartRateBpm><Extensions><TPX xmlns="http://www.garmin.com/xmlschemas/ActivityExtension/v2"><RunCadence>81</RunCadence><Speed>1.011719</Speed><Watts>231</Watts></TPX></Extensions></Trackpoint>
     <Trackpoint><Time>2026-01-31T13:58:41.999Z</Time><Position><LatitudeDegrees>48.1875160</LatitudeDegrees><LongitudeDegrees>16.3166399</LongitudeDegrees></Position><AltitudeMeters>189</AltitudeMeters><DistanceMeters>1456.0</DistanceMeters><HeartRateBpm><Value>167</Value></HeartRateBpm><Extensions><TPX xmlns="http://www.garmin.com/xmlschemas/ActivityExtension/v2"><RunCadence>81</RunCadence><Speed>1.011719</Speed><Watts>231</Watts></TPX></Extensions></Trackpoint>
     <Trackpoint><Time>2026-01-31T13:58:42.999Z</Time><Position><LatitudeDegrees>48.1875283</LatitudeDegrees><LongitudeDegrees>16.3166698</LongitudeDegrees></Position><AltitudeMeters>189</AltitudeMeters><DistanceMeters>1458.6</DistanceMeters><HeartRateBpm><Value>167</Value></HeartRateBpm><Extensions><TPX xmlns="http://www.garmin.com/xmlschemas/ActivityExtension/v2"><RunCadence>82</RunCadence><Speed>1.011719</Speed><Watts>236</Watts></TPX></Extensions></Trackpoint>
     <Trackpoint><Time>2026-01-31T13:58:43.999Z</Time><Position><LatitudeDegrees>48.1875453</LatitudeDegrees><LongitudeDegrees>16.3167080</LongitudeDegrees></Position><AltitudeMeters>189</AltitudeMeters><DistanceMeters>1461.6</DistanceMeters><HeartRateBpm><Value>167</Value></HeartRateBpm><Extensions><TPX xmlns="http://www.garmin.com/xmlschemas/ActivityExtension/v2"><RunCadence>82</RunCadence><Speed>1.011719</Speed><Watts>236</Watts></TPX></Extensions></Trackpoint>
     <Trackpoint><Time>2026-01-31T13:58:44.999Z</Time><Position><LatitudeDegrees>48.1875587</LatitudeDegrees><LongitudeDegrees>16.3167358</LongitudeDegrees></Position><AltitudeMeters>189</AltitudeMeters><DistanceMeters>1464.6</DistanceMeters><HeartRateBpm><Value>167</Value></HeartRateBpm><Extensions><TPX xmlns="http://www.garmin.com/xmlschemas/ActivityExtension/v2"><RunCadence>80</RunCadence><Speed>1.011719</Speed><Watts>239</Watts></TPX></Extensions></Trackpoint>
     <Trackpoint><Time>2026-01-31T13:58:45.999Z</Time><Position><LatitudeDegrees>48.1875700</LatitudeDegrees><LongitudeDegrees>16.3167592</LongitudeDegrees></Position><AltitudeMeters>189</AltitudeMeters><DistanceMeters>1467.1</DistanceMeters><HeartRateBpm><Value>167</Value></HeartRateBpm><Extensions><TPX xmlns="http://www.garmin.com/xmlschemas/ActivityExtension/v2"><RunCadence>80</RunCadence><Speed>1.011719</Speed><Watts>239</Watts></TPX></Extensions></Trackpoint>
     <Trackpoint><Time>2026-01-31T13:58:46.999Z</Time><Position><LatitudeDegrees>48.1875854</LatitudeDegrees><LongitudeDegrees>16.3167916</LongitudeDegrees></Position><AltitudeMeters>189</AltitudeMeters><DistanceMeters>1469.7</DistanceMeters><HeartRateBpm><Value>167</Value></HeartRateBpm><Extensions><TPX xmlns="http://www.garmin.com/xmlschemas/ActivityExtension/v2"><RunCadence>77</RunCadence><Speed>0.675781</Speed><Watts>239</Watts></TPX></Extensions></Trackpoint>
     <Trackpoint><Time>2026-01-31T13:58:47.999Z</Time><Position><LatitudeDegrees>48.1875986</LatitudeDegrees><LongitudeDegrees>16.3168193</LongitudeDegrees></Position><AltitudeMeters>189</AltitudeMeters><DistanceMeters>1472.6</DistanceMeters><HeartRateBpm><Value>167</Value></HeartRateBpm><Extensions><TPX xmlns="http://www.garmin.com/xmlschemas/ActivityExtension/v2"><RunCadence>77</RunCadence><Speed>0.675781</Speed><Watts>239</Watts></TPX></Extensions></Trackpoint>
     <Trackpoint><Time>2026-01-31T13:58:48.999Z</Time><Position><LatitudeDegrees>48.1876159</LatitudeDegrees><LongitudeDegrees>16.3168559</LongitudeDegrees></Position><AltitudeMeters>189</AltitudeMeters><DistanceMeters>1475.5</DistanceMeters><HeartRateBpm><Value>167</Value></HeartRateBpm><Extensions><TPX xmlns="http://www.garmin.com/xmlschemas/ActivityExtension/v2"><RunCadence>78</RunCadence><Speed>0.675781</Speed><Watts>239</Watts></TPX></Extensions></Trackpoint>
     <Trackpoint><Time>2026-01-31T13:58:49.999Z</Time><Position><LatitudeDegrees>48.1876333</LatitudeDegrees><LongitudeDegrees>16.3168934</LongitudeDegrees></Position><AltitudeMeters>189</AltitudeMeters><DistanceMeters>1478.7</DistanceMeters><HeartRateBpm><Value>167</Value></HeartRateBpm><Extensions><TPX xmlns="http://www.garmin.com/xmlschemas/ActivityExtension/v2"><RunCadence>78</RunCadence><Speed>0.675781</Speed><Watts>239</Watts></TPX></Extensions></Trackpoint>
     <Trackpoint><Time>2026-01-31T13:58:50.999Z</Time><Position><LatitudeDegrees>48.1876485</LatitudeDegrees><LongitudeDegrees>16.3169264</LongitudeDegrees></Position><AltitudeMeters>188</AltitudeMeters><DistanceMeters>1481.9</DistanceMeters><HeartRateBpm><Value>167</Value></HeartRateBpm><Extensions><TPX xmlns="http://www.garmin.com/xmlschemas/ActivityExtension/v2"><RunCadence>77</RunCadence><Speed>0.992188</Speed><Watts>239</Watts></TPX></Extensions></Trackpoint>
     <Trackpoint><Time>2026-01-31T13:58:51.999Z</Time><Position><LatitudeDegrees>48.1876615</LatitudeDegrees><LongitudeDegrees>16.3169565</LongitudeDegrees></Position><AltitudeMeters>188</AltitudeMeters><DistanceMeters>1484.9</DistanceMeters><HeartRateBpm><Value>167</Value></HeartRateBpm><Extensions><TPX xmlns="http://www.garmin.com/xmlschemas/ActivityExtension/v2"><RunCadence>77</RunCadence><Speed>0.992188</Speed><Watts>239</Watts></TPX></Extensions></Trackpoint>
     <Trackpoint><Time>2026-01-31T13:58:52.999Z</Time><Position><LatitudeDegrees>48.1876771</LatitudeDegrees><LongitudeDegrees>16.3169950</LongitudeDegrees></Position><AltitudeMeters>188</AltitudeMeters><DistanceMeters>1487.9</DistanceMeters><HeartRateBpm><Value>167</Value></HeartRateBpm><Extensions><TPX xmlns="http://www.garmin.com/xmlschemas/ActivityExtension/v2"><RunCadence>77</RunCadence><Speed>0.992188</Speed><Watts>237</Watts></TPX></Extensions></Trackpoint>
     <Trackpoint><Time>2026-01-31T13:58:54.000Z</Time><Position><LatitudeDegrees>48.1876872</LatitudeDegrees><LongitudeDegrees>16.3170213</LongitudeDegrees></Position><AltitudeMeters>188</AltitudeMeters><DistanceMeters>1490.7</DistanceMeters><HeartRateBpm><Value>167</Value></HeartRateBpm><Extensions><TPX xmlns="http://www.garmin.com/xmlschemas/ActivityExtension/v2"><RunCadence>77</RunCadence><Speed>0.992188</Speed><Watts>237</Watts></TPX></Extensions></Trackpoint>
     <Trackpoint><Time>2026-01-31T13:58:55.000Z</Time><Position><LatitudeDegrees>48.1877033</LatitudeDegrees><LongitudeDegrees>16.3170589</LongitudeDegrees></Position><AltitudeMeters>188</AltitudeMeters><DistanceMeters>1493.4</DistanceMeters><HeartRateBpm><Value>166</Value></HeartRateBpm><Extensions><TPX xmlns="http://www.garmin.com/xmlschemas/ActivityExtension/v2"><RunCadence>73</RunCadence><Speed>0.992188</Speed><Watts>237</Watts></TPX></Extensions></Trackpoint>
     <Trackpoint><Time>2026-01-31T13:58:56.000Z</Time><Position><LatitudeDegrees>48.1877170</LatitudeDegrees><LongitudeDegrees>16.3170905</LongitudeDegrees></Position><AltitudeMeters>188</AltitudeMeters><DistanceMeters>1496.2</DistanceMeters><HeartRateBpm><Value>166</Value></HeartRateBpm><Extensions><TPX xmlns="http://www.garmin.com/xmlschemas/ActivityExtension/v2"><RunCadence>73</RunCadence><Speed>0.992188</Speed><Watts>237</Watts></TPX></Extensions></Trackpoint>
     <Trackpoint><Time>2026-01-31T13:58:57.000Z</Time><Position><LatitudeDegrees>48.1877231</LatitudeDegrees><LongitudeDegrees>16.3171272</LongitudeDegrees></Position><AltitudeMeters>188</AltitudeMeters><DistanceMeters>1499.0</DistanceMeters><HeartRateBpm><Value>166</Value></HeartRateBpm><Extensions><TPX xmlns="http://www.garmin.com/xmlschemas/ActivityExtension/v2"><RunCadence>74</RunCadence><Speed>1.066406</Speed><Watts>240</Watts></TPX></Extensions></Trackpoint>
     <Trackpoint><Time>2026-01-31T13:58:58.000Z</Time><Position><LatitudeDegrees>48.1877348</LatitudeDegrees><LongitudeDegrees>16.3171652</LongitudeDegrees></Position><AltitudeMeters>188</AltitudeMeters><DistanceMeters>1501.7</DistanceMeters><HeartRateBpm><Value>166</Value></HeartRateBpm><Extensions><TPX xmlns="http://www.garmin.com/xmlschemas/ActivityExtension/v2"><RunCadence>74</RunCadence><Speed>1.066406</Speed><Watts>240</Watts></TPX></Extensions></Trackpoint>
     <Trackpoint><Time>2026-01-31T13:58:59.000Z</Time><Position><LatitudeDegrees>48.1877457</LatitudeDegrees><LongitudeDegrees>16.3171917</LongitudeDegrees></Position><AltitudeMeters>188</AltitudeMeters><DistanceMeters>1504.4</DistanceMeters><HeartRateBpm><Value>166</Value></HeartRateBpm><Extensions><TPX xmlns="http://www.garmin.com/xmlschemas/ActivityExtension/v2"><RunCadence>76</RunCadence><Speed>1.066406</Speed><Watts>239</Watts></TPX></Extensions></Trackpoint>
     <Trackpoint><Time>2026-01-31T13:59:00.000Z</Time><Position><LatitudeDegrees>48.1877560</LatitudeDegrees><LongitudeDegrees>16.3172200</LongitudeDegrees></Position><AltitudeMeters>188</AltitudeMeters><DistanceMeters>1506.9</DistanceMeters><HeartRateBpm><Value>166</Value></HeartRateBpm><Extensions><TPX xmlns="http://www.garmin.com/xmlschemas/ActivityExtension/v2"><RunCadence>76</RunCadence><Speed>1.066406</Speed><Watts>239</Watts></TPX></Extensions></Trackpoint>
     <Trackpoint><Time>2026-01-31T13:59:01.000Z</Time><Position><LatitudeDegrees>48.1877677</LatitudeDegrees><LongitudeDegrees>16.3172517</LongitudeDegrees></Position><AltitudeMeters>188</AltitudeMeters><DistanceMeters>1509.4</DistanceMeters><HeartRateBpm><Value>166</Value></HeartRateBpm><Extensions><TPX xmlns="http://www.garmin.com/xmlschemas/ActivityExtension/v2"><RunCadence>75</RunCadence><Speed>1.066406</Speed><Watts>239</Watts></TPX></Extensions></Trackpoint>
     <Trackpoint><Time>2026-01-31T13:59:02.000Z</Time><Position><LatitudeDegrees>48.1877751</LatitudeDegrees><LongitudeDegrees>16.3172813</LongitudeDegrees></Position><AltitudeMeters>188</AltitudeMeters><DistanceMeters>1512.2</DistanceMeters><HeartRateBpm><Value>166</Value></HeartRateBpm><Extensions><TPX xmlns="http://www.garmin.com/xmlschemas/ActivityExtension/v2"><RunCadence>75</RunCadence><Speed>1.066406</Speed><Watts>239</Watts></TPX></Extensions></Trackpoint>
     <Trackpoint><Time>2026-01-31T13:59:03.000Z</Time><Position><LatitudeDegrees>48.1877817</LatitudeDegrees><LongitudeDegrees>16.3173153</LongitudeDegrees></Position><AltitudeMeters>188</AltitudeMeters><DistanceMeters>1514.9</DistanceMeters><HeartRateBpm><Value>166</Value></HeartRateBpm><Extensions><TPX xmlns="http://www.garmin.com/xmlschemas/ActivityExtension/v2"><RunCadence>75</RunCadence><Speed>1.066406</Speed><Watts>239</Watts></TPX></Extensions></Trackpoint>
     <Trackpoint><Time>2026-01-31T13:59:04.000Z</Time><Position><LatitudeDegrees>48.1877896</LatitudeDegrees><LongitudeDegrees>16.3173567</LongitudeDegrees></Position><AltitudeMeters>188</AltitudeMeters><DistanceMeters>1517.6</DistanceMeters><HeartRateBpm><Value>167</Value></HeartRateBpm><Extensions><TPX xmlns="http://www.garmin.com/xmlschemas/ActivityExtension/v2"><RunCadence>76</RunCadence><Speed>1.820312</Speed><Watts>235</Watts></TPX></Extensions></Trackpoint>
     <Trackpoint><Time>2026-01-31T13:59:05.000Z</Time><Position><LatitudeDegrees>48.1877933</LatitudeDegrees><LongitudeDegrees>16.3173941</LongitudeDegrees></Position><AltitudeMeters>188</AltitudeMeters><DistanceMeters>1520.0</DistanceMeters><HeartRateBpm><Value>167</Value></HeartRateBpm><Extensions><TPX xmlns="http://www.garmin.com/xmlschemas/ActivityExtension/v2"><RunCadence>76</RunCadence><Speed>1.820312</Speed><Watts>235</Watts></TPX></Extensions></Trackpoint>
     <Trackpoint><Time>2026-01-31T13:59:06.000Z</Time><Position><LatitudeDegrees>48.1877976</LatitudeDegrees><LongitudeDegrees>16.3174147</LongitudeDegrees></Position><AltitudeMeters>188</AltitudeMeters><DistanceMeters>1522.3</DistanceMeters><HeartRateBpm><Value>167</Value></HeartRateBpm><Extensions><TPX xmlns="http://www.garmin.com/xmlschemas/ActivityExtension/v2"><RunCadence>76</RunCadence><Speed>1.820312</Speed><Watts>235</Watts></TPX></Extensions></Trackpoint>
     <Trackpoint><Time>2026-01-31T13:59:07.000Z</Time><Position><LatitudeDegrees>48.1878073</LatitudeDegrees><LongitudeDegrees>16.3174486</LongitudeDegrees></Position><AltitudeMeters>188</AltitudeMeters><DistanceMeters>1524.7</DistanceMeters><HeartRateBpm><Value>167</Value></HeartRateBpm><Extensions><TPX xmlns="http://www.garmin.com/xmlschemas/ActivityExtension/v2"><RunCadence>71</RunCadence><Speed>1.820312</Speed><Watts>233</Watts></TPX></Extensions></Trackpoint>
     <Trackpoint><Time>2026-01-31T13:59:08.000Z</Time><Position><LatitudeDegrees>48.1878139</LatitudeDegrees><LongitudeDegrees>16.3174962</LongitudeDegrees></Position><AltitudeMeters>188</AltitudeMeters><DistanceMeters>1528.1</DistanceMeters><HeartRateBpm><Value>167</Value></HeartRateBpm><Extensions><TPX xmlns="http://www.garmin.com/xmlschemas/ActivityExtension/v2"><RunCadence>71</RunCadence><Speed>1.820312</Speed><Watts>233</Watts></TPX></Extensions></Trackpoint>
     <Trackpoint><Time>2026-01-31T13:59:09.000Z</Time><Position><LatitudeDegrees>48.1878156</LatitudeDegrees><LongitudeDegrees>16.3175405</LongitudeDegrees></Position><AltitudeMeters>188</AltitudeMeters><DistanceMeters>1531.6</DistanceMeters><HeartRateBpm><Value>167</Value></HeartRateBpm><Extensions><TPX xmlns="http://www.garmin.com/xmlschemas/ActivityExtension/v2"><RunCadence>76</RunCadence><Speed>1.441406</Speed><Watts>233</Watts></TPX></Extensions></Trackpoint>
     <Trackpoint><Time>2026-01-31T13:59:10.000Z</Time><Position><LatitudeDegrees>48.1878157</LatitudeDegrees><LongitudeDegrees>16.3175815</LongitudeDegrees></Position><AltitudeMeters>188</AltitudeMeters><DistanceMeters>1534.7</DistanceMeters><HeartRateBpm><Value>167</Value></HeartRateBpm><Extensions><TPX xmlns="http://www.garmin.com/xmlschemas/ActivityExtension/v2"><RunCadence>76</RunCadence><Speed>1.441406</Speed><Watts>233</Watts></TPX></Extensions></Trackpoint>
     <Trackpoint><Time>2026-01-31T13:59:11.000Z</Time><Position><LatitudeDegrees>48.1878164</LatitudeDegrees><LongitudeDegrees>16.3176247</LongitudeDegrees></Position><AltitudeMeters>188</AltitudeMeters><DistanceMeters>1537.8</DistanceMeters><HeartRateBpm><Value>167</Value></HeartRateBpm><Extensions><TPX xmlns="http://www.garmin.com/xmlschemas/ActivityExtension/v2"><RunCadence>76</RunCadence><Speed>1.441406</Speed><Watts>233</Watts></TPX></Extensions></Trackpoint>
     <Trackpoint><Time>2026-01-31T13:59:12.000Z</Time><Position><LatitudeDegrees>48.1878160</LatitudeDegrees><LongitudeDegrees>16.3176628</LongitudeDegrees></Position><AltitudeMeters>188</AltitudeMeters><DistanceMeters>1541.1</DistanceMeters><HeartRateBpm><Value>167</Value></HeartRateBpm><Extensions><TPX xmlns="http://www.garmin.com/xmlschemas/ActivityExtension/v2"><RunCadence>76</RunCadence><Speed>1.441406</Speed><Watts>233</Watts></TPX></Extensions></Trackpoint>
     <Trackpoint><Time>2026-01-31T13:59:13.000Z</Time><Position><LatitudeDegrees>48.1878141</LatitudeDegrees><LongitudeDegrees>16.3177138</LongitudeDegrees></Position><AltitudeMeters>188</AltitudeMeters><DistanceMeters>1544.4</DistanceMeters><HeartRateBpm><Value>167</Value></HeartRateBpm><Extensions><TPX xmlns="http://www.garmin.com/xmlschemas/ActivityExtension/v2"><RunCadence>77</RunCadence><Speed>1.441406</Speed><Watts>235</Watts></TPX></Extensions></Trackpoint>
     <Trackpoint><Time>2026-01-31T13:59:14.000Z</Time><Position><LatitudeDegrees>48.1878124</LatitudeDegrees><LongitudeDegrees>16.3177449</LongitudeDegrees></Position><AltitudeMeters>188</AltitudeMeters><DistanceMeters>1547.0</DistanceMeters><HeartRateBpm><Value>167</Value></HeartRateBpm><Extensions><TPX xmlns="http://www.garmin.com/xmlschemas/ActivityExtension/v2"><RunCadence>77</RunCadence><Speed>1.441406</Speed><Watts>235</Watts></TPX></Extensions></Trackpoint>
     <Trackpoint><Time>2026-01-31T13:59:15.000Z</Time><Position><LatitudeDegrees>48.1878100</LatitudeDegrees><LongitudeDegrees>16.3177833</LongitudeDegrees></Position><AltitudeMeters>188</AltitudeMeters><DistanceMeters>1549.6</DistanceMeters><HeartRateBpm><Value>167</Value></HeartRateBpm><Extensions><TPX xmlns="http://www.garmin.com/xmlschemas/ActivityExtension/v2"><RunCadence>73</RunCadence><Speed>1.386719</Speed><Watts>238</Watts></TPX></Extensions></Trackpoint>
     <Trackpoint><Time>2026-01-31T13:59:16.000Z</Time><Position><LatitudeDegrees>48.1878045</LatitudeDegrees><LongitudeDegrees>16.3178288</LongitudeDegrees></Position><AltitudeMeters>188</AltitudeMeters><DistanceMeters>1552.5</DistanceMeters><HeartRateBpm><Value>167</Value></HeartRateBpm><Extensions><TPX xmlns="http://www.garmin.com/xmlschemas/ActivityExtension/v2"><RunCadence>73</RunCadence><Speed>1.386719</Speed><Watts>238</Watts></TPX></Extensions></Trackpoint>
     <Trackpoint><Time>2026-01-31T13:59:17.000Z</Time><Position><LatitudeDegrees>48.1878003</LatitudeDegrees><LongitudeDegrees>16.3178603</LongitudeDegrees></Position><AltitudeMeters>188</AltitudeMeters><DistanceMeters>1555.4</DistanceMeters><HeartRateBpm><Value>167</Value></HeartRateBpm><Extensions><TPX xmlns="http://www.garmin.com/xmlschemas/ActivityExtension/v2"><RunCadence>76</RunCadence><Speed>1.386719</Speed><Watts>238</Watts></TPX></Extensions></Trackpoint>
     <Trackpoint><Time>2026-01-31T13:59:18.000Z</Time><Position><LatitudeDegrees>48.1877939</LatitudeDegrees><LongitudeDegrees>16.3178962</LongitudeDegrees></Position><AltitudeMeters>188</AltitudeMeters><DistanceMeters>1558.4</DistanceMeters><HeartRateBpm><Value>167</Value></HeartRateBpm><Extensions><TPX xmlns="http://www.garmin.com/xmlschemas/ActivityExtension/v2"><RunCadence>76</RunCadence><Speed>1.386719</Speed><Watts>238</Watts></TPX></Extensions></Trackpoint>
     <Trackpoint><Time>2026-01-31T13:59:19.000Z</Time><Position><LatitudeDegrees>48.1877697</LatitudeDegrees><LongitudeDegrees>16.3179270</LongitudeDegrees></Position><AltitudeMeters>188</AltitudeMeters><DistanceMeters>1561.4</DistanceMeters><HeartRateBpm><Value>167</Value></HeartRateBpm><Extensions><TPX xmlns="http://www.garmin.com/xmlschemas/ActivityExtension/v2"><RunCadence>79</RunCadence><Speed>1.695312</Speed><Watts>238</Watts></TPX></Extensions></Trackpoint>
     <Trackpoint><Time>2026-01-31T13:59:20.000Z</Time><Position><LatitudeDegrees>48.1877607</LatitudeDegrees><LongitudeDegrees>16.3179562</LongitudeDegrees></Position><AltitudeMeters>188</AltitudeMeters><DistanceMeters>1564.3</DistanceMeters><HeartRateBpm><Value>167</Value></HeartRateBpm><Extensions><TPX xmlns="http://www.garmin.com/xmlschemas/ActivityExtension/v2"><RunCadence>79</RunCadence><Speed>1.695312</Speed><Watts>238</Watts></TPX></Extensions></Trackpoint>
     <Trackpoint><Time>2026-01-31T13:59:21.000Z</Time><Position><LatitudeDegrees>48.1877405</LatitudeDegrees><LongitudeDegrees>16.3179926</LongitudeDegrees></Position><AltitudeMeters>188</AltitudeMeters><DistanceMeters>1567.3</DistanceMeters><HeartRateBpm><Value>167</Value></HeartRateBpm><Extensions><TPX xmlns="http://www.garmin.com/xmlschemas/ActivityExtension/v2"><RunCadence>80</RunCadence><Speed>1.695312</Speed><Watts>240</Watts></TPX></Extensions></Trackpoint>
     <Trackpoint><Time>2026-01-31T13:59:22.000Z</Time><Position><LatitudeDegrees>48.1877199</LatitudeDegrees><LongitudeDegrees>16.3180378</LongitudeDegrees></Position><AltitudeMeters>188</AltitudeMeters><DistanceMeters>1570.4</DistanceMeters><HeartRateBpm><Value>167</Value></HeartRateBpm><Extensions><TPX xmlns="http://www.garmin.com/xmlschemas/ActivityExtension/v2"><RunCadence>80</RunCadence><Speed>1.695312</Speed><Watts>240</Watts></TPX></Extensions></Trackpoint>
     <Trackpoint><Time>2026-01-31T13:59:23.000Z</Time><Position><LatitudeDegrees>48.1877048</LatitudeDegrees><LongitudeDegrees>16.3180600</LongitudeDegrees></Position><AltitudeMeters>188</AltitudeMeters><DistanceMeters>1573.6</DistanceMeters><HeartRateBpm><Value>167</Value></HeartRateBpm><Extensions><TPX xmlns="http://www.garmin.com/xmlschemas/ActivityExtension/v2"><RunCadence>78</RunCadence><Speed>1.695312</Speed><Watts>241</Watts></TPX></Extensions></Trackpoint>
     <Trackpoint><Time>2026-01-31T13:59:24.000Z</Time><Position><LatitudeDegrees>48.1876877</LatitudeDegrees><LongitudeDegrees>16.3180986</LongitudeDegrees></Position><AltitudeMeters>188</AltitudeMeters><DistanceMeters>1577.1</DistanceMeters><HeartRateBpm><Value>167</Value></HeartRateBpm><Extensions><TPX xmlns="http://www.garmin.com/xmlschemas/ActivityExtension/v2"><RunCadence>78</RunCadence><Speed>1.695312</Speed><Watts>241</Watts></TPX></Extensions></Trackpoint>
     <Trackpoint><Time>2026-01-31T13:59:25.000Z</Time><Position><LatitudeDegrees>48.1876666</LatitudeDegrees><LongitudeDegrees>16.3181344</LongitudeDegrees></Position><AltitudeMeters>188</AltitudeMeters><DistanceMeters>1580.6</DistanceMeters><HeartRateBpm><Value>167</Value></HeartRateBpm><Extensions><TPX xmlns="http://www.garmin.com/xmlschemas/ActivityExtension/v2"><RunCadence>83</RunCadence><Speed>1.636719</Speed><Watts>245</Watts></TPX></Extensions></Trackpoint>
     <Trackpoint><Time>2026-01-31T13:59:26.000Z</Time><Position><LatitudeDegrees>48.1876523</LatitudeDegrees><LongitudeDegrees>16.3181616</LongitudeDegrees></Position><AltitudeMeters>188</AltitudeMeters><DistanceMeters>1583.8</DistanceMeters><HeartRateBpm><Value>167</Value></HeartRateBpm><Extensions><TPX xmlns="http://www.garmin.com/xmlschemas/ActivityExtension/v2"><RunCadence>83</RunCadence><Speed>1.636719</Speed><Watts>245</Watts></TPX></Extensions></Trackpoint>
     <Trackpoint><Time>2026-01-31T13:59:27.000Z</Time><Position><LatitudeDegrees>48.1876282</LatitudeDegrees><LongitudeDegrees>16.3181971</LongitudeDegrees></Position><AltitudeMeters>188</AltitudeMeters><DistanceMeters>1586.9</DistanceMeters><HeartRateBpm><Value>167</Value></HeartRateBpm><Extensions><TPX xmlns="http://www.garmin.com/xmlschemas/ActivityExtension/v2"><RunCadence>80</RunCadence><Speed>1.636719</Speed><Watts>248</Watts></TPX></Extensions></Trackpoint>
     <Trackpoint><Time>2026-01-31T13:59:28.000Z</Time><Position><LatitudeDegrees>48.1876025</LatitudeDegrees><LongitudeDegrees>16.3182200</LongitudeDegrees></Position><AltitudeMeters>188</AltitudeMeters><DistanceMeters>1590.3</DistanceMeters><HeartRateBpm><Value>167</Value></HeartRateBpm><Extensions><TPX xmlns="http://www.garmin.com/xmlschemas/ActivityExtension/v2"><RunCadence>80</RunCadence><Speed>1.636719</Speed><Watts>248</Watts></TPX></Extensions></Trackpoint>
     <Trackpoint><Time>2026-01-31T13:59:29.000Z</Time><Position><LatitudeDegrees>48.1875790</LatitudeDegrees><LongitudeDegrees>16.3182497</LongitudeDegrees></Position><AltitudeMeters>188</AltitudeMeters><DistanceMeters>1593.6</DistanceMeters><HeartRateBpm><Value>167</Value></HeartRateBpm><Extensions><TPX xmlns="http://www.garmin.com/xmlschemas/ActivityExtension/v2"><RunCadence>80</RunCadence><Speed>1.542969</Speed><Watts>248</Watts></TPX></Extensions></Trackpoint>
     <Trackpoint><Time>2026-01-31T13:59:30.000Z</Time><Position><LatitudeDegrees>48.1875511</LatitudeDegrees><LongitudeDegrees>16.3182791</LongitudeDegrees></Position><AltitudeMeters>188</AltitudeMeters><DistanceMeters>1596.9</DistanceMeters><HeartRateBpm><Value>167</Value></HeartRateBpm><Extensions><TPX xmlns="http://www.garmin.com/xmlschemas/ActivityExtension/v2"><RunCadence>80</RunCadence><Speed>1.542969</Speed><Watts>248</Watts></TPX></Extensions></Trackpoint>
     <Trackpoint><Time>2026-01-31T13:59:31.000Z</Time><Position><LatitudeDegrees>48.1875311</LatitudeDegrees><LongitudeDegrees>16.3182989</LongitudeDegrees></Position><AltitudeMeters>188</AltitudeMeters><DistanceMeters>1600.1</DistanceMeters><HeartRateBpm><Value>167</Value></HeartRateBpm><Extensions><TPX xmlns="http://www.garmin.com/xmlschemas/ActivityExtension/v2"><RunCadence>81</RunCadence><Speed>1.542969</Speed><Watts>252</Watts></TPX></Extensions></Trackpoint>
     <Trackpoint><Time>2026-01-31T13:59:32.000Z</Time><Position><LatitudeDegrees>48.1875033</LatitudeDegrees><LongitudeDegrees>16.3183212</LongitudeDegrees></Position><AltitudeMeters>188</AltitudeMeters><DistanceMeters>1604.0</DistanceMeters><HeartRateBpm><Value>167</Value></HeartRateBpm><Extensions><TPX xmlns="http://www.garmin.com/xmlschemas/ActivityExtension/v2"><RunCadence>81</RunCadence><Speed>1.542969</Speed><Watts>252</Watts></TPX></Extensions></Trackpoint>
     <Trackpoint><Time>2026-01-31T13:59:33.000Z</Time><Position><LatitudeDegrees>48.1874702</LatitudeDegrees><LongitudeDegrees>16.3183498</LongitudeDegrees></Position><AltitudeMeters>188</AltitudeMeters><DistanceMeters>1607.9</DistanceMeters><HeartRateBpm><Value>167</Value></HeartRateBpm><Extensions><TPX xmlns="http://www.garmin.com/xmlschemas/ActivityExtension/v2"><RunCadence>81</RunCadence><Speed>1.542969</Speed><Watts>252</Watts></TPX></Extensions></Trackpoint>
     <Trackpoint><Time>2026-01-31T13:59:34.000Z</Time><Position><LatitudeDegrees>48.1874471</LatitudeDegrees><LongitudeDegrees>16.3183733</LongitudeDegrees></Position><AltitudeMeters>188</AltitudeMeters><DistanceMeters>1610.8</DistanceMeters><HeartRateBpm><Value>167</Value></HeartRateBpm><Extensions><TPX xmlns="http://www.garmin.com/xmlschemas/ActivityExtension/v2"><RunCadence>81</RunCadence><Speed>1.542969</Speed><Watts>252</Watts></TPX></Extensions></Trackpoint>
     <Trackpoint><Time>2026-01-31T13:59:35.000Z</Time><Position><LatitudeDegrees>48.1874241</LatitudeDegrees><LongitudeDegrees>16.3183891</LongitudeDegrees></Position><AltitudeMeters>188</AltitudeMeters><DistanceMeters>1613.7</DistanceMeters><HeartRateBpm><Value>167</Value></HeartRateBpm><Extensions><TPX xmlns="http://www.garmin.com/xmlschemas/ActivityExtension/v2"><RunCadence>81</RunCadence><Speed>1.375000</Speed><Watts>252</Watts></TPX></Extensions></Trackpoint>
     <Trackpoint><Time>2026-01-31T13:59:36.000Z</Time><Position><LatitudeDegrees>48.1874041</LatitudeDegrees><LongitudeDegrees>16.3184212</LongitudeDegrees></Position><AltitudeMeters>188</AltitudeMeters><DistanceMeters>1616.3</DistanceMeters><HeartRateBpm><Value>167</Value></HeartRateBpm><Extensions><TPX xmlns="http://www.garmin.com/xmlschemas/ActivityExtension/v2"><RunCadence>81</RunCadence><Speed>1.375000</Speed><Watts>252</Watts></TPX></Extensions></Trackpoint>
     <Trackpoint><Time>2026-01-31T13:59:37.000Z</Time><Position><LatitudeDegrees>48.1873882</LatitudeDegrees><LongitudeDegrees>16.3184324</LongitudeDegrees></Position><AltitudeMeters>188</AltitudeMeters><DistanceMeters>1618.9</DistanceMeters><HeartRateBpm><Value>167</Value></HeartRateBpm><Extensions><TPX xmlns="http://www.garmin.com/xmlschemas/ActivityExtension/v2"><RunCadence>81</RunCadence><Speed>1.375000</Speed><Watts>252</Watts></TPX></Extensions></Trackpoint>
     <Trackpoint><Time>2026-01-31T13:59:38.000Z</Time><Position><LatitudeDegrees>48.1873670</LatitudeDegrees><LongitudeDegrees>16.3184494</LongitudeDegrees></Position><AltitudeMeters>188</AltitudeMeters><DistanceMeters>1621.8</DistanceMeters><HeartRateBpm><Value>167</Value></HeartRateBpm><Extensions><TPX xmlns="http://www.garmin.com/xmlschemas/ActivityExtension/v2"><RunCadence>81</RunCadence><Speed>1.375000</Speed><Watts>252</Watts></TPX></Extensions></Trackpoint>
     <Trackpoint><Time>2026-01-31T13:59:39.000Z</Time><Position><LatitudeDegrees>48.1873422</LatitudeDegrees><LongitudeDegrees>16.3184701</LongitudeDegrees></Position><AltitudeMeters>188</AltitudeMeters><DistanceMeters>1624.7</DistanceMeters><HeartRateBpm><Value>168</Value></HeartRateBpm><Extensions><TPX xmlns="http://www.garmin.com/xmlschemas/ActivityExtension/v2"><RunCadence>81</RunCadence><Speed>1.261719</Speed><Watts>259</Watts></TPX></Extensions></Trackpoint>
     <Trackpoint><Time>2026-01-31T13:59:40.000Z</Time><Position><LatitudeDegrees>48.1873221</LatitudeDegrees><LongitudeDegrees>16.3184810</LongitudeDegrees></Position><AltitudeMeters>188</AltitudeMeters><DistanceMeters>1627.3</DistanceMeters><HeartRateBpm><Value>168</Value></HeartRateBpm><Extensions><TPX xmlns="http://www.garmin.com/xmlschemas/ActivityExtension/v2"><RunCadence>81</RunCadence><Speed>1.261719</Speed><Watts>259</Watts></TPX></Extensions></Trackpoint>
     <Trackpoint><Time>2026-01-31T13:59:41.000Z</Time><Position><LatitudeDegrees>48.1872984</LatitudeDegrees><LongitudeDegrees>16.3184972</LongitudeDegrees></Position><AltitudeMeters>188</AltitudeMeters><DistanceMeters>1630.0</DistanceMeters><HeartRateBpm><Value>168</Value></HeartRateBpm><Extensions><TPX xmlns="http://www.garmin.com/xmlschemas/ActivityExtension/v2"><RunCadence>81</RunCadence><Speed>1.261719</Speed><Watts>263</Watts></TPX></Extensions></Trackpoint>
     <Trackpoint><Time>2026-01-31T13:59:42.000Z</Time><Position><LatitudeDegrees>48.1872769</LatitudeDegrees><LongitudeDegrees>16.3185150</LongitudeDegrees></Position><AltitudeMeters>188</AltitudeMeters><DistanceMeters>1632.5</DistanceMeters><HeartRateBpm><Value>168</Value></HeartRateBpm><Extensions><TPX xmlns="http://www.garmin.com/xmlschemas/ActivityExtension/v2"><RunCadence>81</RunCadence><Speed>1.261719</Speed><Watts>263</Watts></TPX></Extensions></Trackpoint>
     <Trackpoint><Time>2026-01-31T13:59:43.000Z</Time><Position><LatitudeDegrees>48.1872556</LatitudeDegrees><LongitudeDegrees>16.3185228</LongitudeDegrees></Position><AltitudeMeters>188</AltitudeMeters><DistanceMeters>1635.1</DistanceMeters><HeartRateBpm><Value>168</Value></HeartRateBpm><Extensions><TPX xmlns="http://www.garmin.com/xmlschemas/ActivityExtension/v2"><RunCadence>81</RunCadence><Speed>1.261719</Speed><Watts>261</Watts></TPX></Extensions></Trackpoint>
     <Trackpoint><Time>2026-01-31T13:59:44.000Z</Time><Position><LatitudeDegrees>48.1872307</LatitudeDegrees><LongitudeDegrees>16.3185481</LongitudeDegrees></Position><AltitudeMeters>188</AltitudeMeters><DistanceMeters>1638.3</DistanceMeters><HeartRateBpm><Value>168</Value></HeartRateBpm><Extensions><TPX xmlns="http://www.garmin.com/xmlschemas/ActivityExtension/v2"><RunCadence>81</RunCadence><Speed>1.261719</Speed><Watts>261</Watts></TPX></Extensions></Trackpoint>
     <Trackpoint><Time>2026-01-31T13:59:45.000Z</Time><Position><LatitudeDegrees>48.1872067</LatitudeDegrees><LongitudeDegrees>16.3185688</LongitudeDegrees></Position><AltitudeMeters>188</AltitudeMeters><DistanceMeters>1641.5</DistanceMeters><HeartRateBpm><Value>169</Value></HeartRateBpm><Extensions><TPX xmlns="http://www.garmin.com/xmlschemas/ActivityExtension/v2"><RunCadence>81</RunCadence><Speed>1.035156</Speed><Watts>257</Watts></TPX></Extensions></Trackpoint>
     <Trackpoint><Time>2026-01-31T13:59:46.000Z</Time><Position><LatitudeDegrees>48.1871826</LatitudeDegrees><LongitudeDegrees>16.3185809</LongitudeDegrees></Position><AltitudeMeters>188</AltitudeMeters><DistanceMeters>1644.8</DistanceMeters><HeartRateBpm><Value>169</Value></HeartRateBpm><Extensions><TPX xmlns="http://www.garmin.com/xmlschemas/ActivityExtension/v2"><RunCadence>81</RunCadence><Speed>1.035156</Speed><Watts>257</Watts></TPX></Extensions></Trackpoint>
     <Trackpoint><Time>2026-01-31T13:59:47.000Z</Time><Position><LatitudeDegrees>48.1871531</LatitudeDegrees><LongitudeDegrees>16.3186082</LongitudeDegrees></Position><AltitudeMeters>188</AltitudeMeters><DistanceMeters>1648.2</DistanceMeters><HeartRateBpm><Value>169</Value></HeartRateBpm><Extensions><TPX xmlns="http://www.garmin.com/xmlschemas/ActivityExtension/v2"><RunCadence>81</RunCadence><Speed>1.035156</Speed><Watts>257</Watts></TPX></Extensions></Trackpoint>
     <Trackpoint><Time>2026-01-31T13:59:48.000Z</Time><Position><LatitudeDegrees>48.1871340</LatitudeDegrees><LongitudeDegrees>16.3186267</LongitudeDegrees></Position><AltitudeMeters>188</AltitudeMeters><DistanceMeters>1650.7</DistanceMeters><HeartRateBpm><Value>169</Value></HeartRateBpm><Extensions><TPX xmlns="http://www.garmin.com/xmlschemas/ActivityExtension/v2"><RunCadence>81</RunCadence><Speed>1.035156</Speed><Watts>257</Watts></TPX></Extensions></Trackpoint>
     <Trackpoint><Time>2026-01-31T13:59:49.000Z</Time><Position><LatitudeDegrees>48.1871146</LatitudeDegrees><LongitudeDegrees>16.3186452</LongitudeDegrees></Position><AltitudeMeters>188</AltitudeMeters><DistanceMeters>1653.2</DistanceMeters><HeartRateBpm><Value>169</Value></HeartRateBpm><Extensions><TPX xmlns="http://www.garmin.com/xmlschemas/ActivityExtension/v2"><RunCadence>79</RunCadence><Speed>1.035156</Speed><Watts>258</Watts></TPX></Extensions></Trackpoint>
     <Trackpoint><Time>2026-01-31T13:59:50.000Z</Time><Position><LatitudeDegrees>48.1870940</LatitudeDegrees><LongitudeDegrees>16.3186755</LongitudeDegrees></Position><AltitudeMeters>188</AltitudeMeters><DistanceMeters>1655.9</DistanceMeters><HeartRateBpm><Value>169</Value></HeartRateBpm><Extensions><TPX xmlns="http://www.garmin.com/xmlschemas/ActivityExtension/v2"><RunCadence>79</RunCadence><Speed>1.035156</Speed><Watts>258</Watts></TPX></Extensions></Trackpoint>
     <Trackpoint><Time>2026-01-31T13:59:51.000Z</Time><Position><LatitudeDegrees>48.1870757</LatitudeDegrees><LongitudeDegrees>16.3186862</LongitudeDegrees></Position><AltitudeMeters>188</AltitudeMeters><DistanceMeters>1658.5</DistanceMeters><HeartRateBpm><Value>169</Value></HeartRateBpm><Extensions><TPX xmlns="http://www.garmin.com/xmlschemas/ActivityExtension/v2"><RunCadence>79</RunCadence><Speed>0.503906</Speed><Watts>258</Watts></TPX></Extensions></Trackpoint>
     <Trackpoint><Time>2026-01-31T13:59:52.000Z</Time><Position><LatitudeDegrees>48.1870455</LatitudeDegrees><LongitudeDegrees>16.3187066</LongitudeDegrees></Position><AltitudeMeters>188</AltitudeMeters><DistanceMeters>1662.4</DistanceMeters><HeartRateBpm><Value>169</Value></HeartRateBpm><Extensions><TPX xmlns="http://www.garmin.com/xmlschemas/ActivityExtension/v2"><RunCadence>79</RunCadence><Speed>0.503906</Speed><Watts>258</Watts></TPX></Extensions></Trackpoint>
     <Trackpoint><Time>2026-01-31T13:59:53.000Z</Time><Position><LatitudeDegrees>48.1870180</LatitudeDegrees><LongitudeDegrees>16.3187431</LongitudeDegrees></Position><AltitudeMeters>188</AltitudeMeters><DistanceMeters>1666.2</DistanceMeters><HeartRateBpm><Value>169</Value></HeartRateBpm><Extensions><TPX xmlns="http://www.garmin.com/xmlschemas/ActivityExtension/v2"><RunCadence>78</RunCadence><Speed>0.503906</Speed><Watts>258</Watts></TPX></Extensions></Trackpoint>
     <Trackpoint><Time>2026-01-31T13:59:54.000Z</Time><Position><LatitudeDegrees>48.1869976</LatitudeDegrees><LongitudeDegrees>16.3187735</LongitudeDegrees></Position><AltitudeMeters>188</AltitudeMeters><DistanceMeters>1669.6</DistanceMeters><HeartRateBpm><Value>169</Value></HeartRateBpm><Extensions><TPX xmlns="http://www.garmin.com/xmlschemas/ActivityExtension/v2"><RunCadence>78</RunCadence><Speed>0.503906</Speed><Watts>258</Watts></TPX></Extensions></Trackpoint>
     <Trackpoint><Time>2026-01-31T13:59:55.000Z</Time><Position><LatitudeDegrees>48.1869737</LatitudeDegrees><LongitudeDegrees>16.3188055</LongitudeDegrees></Position><AltitudeMeters>188</AltitudeMeters><DistanceMeters>1673.0</DistanceMeters><HeartRateBpm><Value>169</Value></HeartRateBpm><Extensions><TPX xmlns="http://www.garmin.com/xmlschemas/ActivityExtension/v2"><RunCadence>81</RunCadence><Speed>0.000000</Speed><Watts>259</Watts></TPX></Extensions></Trackpoint>
     <Trackpoint><Time>2026-01-31T13:59:56.000Z</Time><Position><LatitudeDegrees>48.1869565</LatitudeDegrees><LongitudeDegrees>16.3188330</LongitudeDegrees></Position><AltitudeMeters>188</AltitudeMeters><DistanceMeters>1675.6</DistanceMeters><HeartRateBpm><Value>169</Value></HeartRateBpm><Extensions><TPX xmlns="http://www.garmin.com/xmlschemas/ActivityExtension/v2"><RunCadence>81</RunCadence><Speed>0.000000</Speed><Watts>259</Watts></TPX></Extensions></Trackpoint>
     <Trackpoint><Time>2026-01-31T13:59:57.000Z</Time><Position><LatitudeDegrees>48.1869415</LatitudeDegrees><LongitudeDegrees>16.3188575</LongitudeDegrees></Position><AltitudeMeters>188</AltitudeMeters><DistanceMeters>1678.2</DistanceMeters><HeartRateBpm><Value>169</Value></HeartRateBpm><Extensions><TPX xmlns="http://www.garmin.com/xmlschemas/ActivityExtension/v2"><RunCadence>83</RunCadence><Speed>0.000000</Speed><Watts>259</Watts></TPX></Extensions></Trackpoint>
     <Trackpoint><Time>2026-01-31T13:59:58.000Z</Time><Position><LatitudeDegrees>48.1869264</LatitudeDegrees><LongitudeDegrees>16.3188902</LongitudeDegrees></Position><AltitudeMeters>188</AltitudeMeters><DistanceMeters>1681.0</DistanceMeters><HeartRateBpm><Value>169</Value></HeartRateBpm><Extensions><TPX xmlns="http://www.garmin.com/xmlschemas/ActivityExtension/v2"><RunCadence>83</RunCadence><Speed>0.000000</Speed><Watts>259</Watts></TPX></Extensions></Trackpoint>
     <Trackpoint><Time>2026-01-31T13:59:59.000Z</Time><Position><LatitudeDegrees>48.1869092</LatitudeDegrees><LongitudeDegrees>16.3189147</LongitudeDegrees></Position><AltitudeMeters>188</AltitudeMeters><DistanceMeters>1683.8</DistanceMeters><HeartRateBpm><Value>169</Value></HeartRateBpm><Extensions><TPX xmlns="http://www.garmin.com/xmlschemas/ActivityExtension/v2"><RunCadence>79</RunCadence><Speed>0.000000</Speed><Watts>264</Watts></TPX></Extensions></Trackpoint>
     <Trackpoint><Time>2026-01-31T14:00:00.000Z</Time><Position><LatitudeDegrees>48.1868959</LatitudeDegrees><LongitudeDegrees>16.3189319</LongitudeDegrees></Position><AltitudeMeters>188</AltitudeMeters><DistanceMeters>1686.6</DistanceMeters><HeartRateBpm><Value>169</Value></HeartRateBpm><Extensions><TPX xmlns="http://www.garmin.com/xmlschemas/ActivityExtension/v2"><RunCadence>79</RunCadence><Speed>0.000000</Speed><Watts>264</Watts></TPX></Extensions></Trackpoint>
     <Trackpoint><Time>2026-01-31T14:00:01.000Z</Time><Position><LatitudeDegrees>48.1868747</LatitudeDegrees><LongitudeDegrees>16.3189690</LongitudeDegrees></Position><AltitudeMeters>188</AltitudeMeters><DistanceMeters>1689.3</DistanceMeters><HeartRateBpm><Value>169</Value></HeartRateBpm><Extensions><TPX xmlns="http://www.garmin.com/xmlschemas/ActivityExtension/v2"><RunCadence>80</RunCadence><Speed>0.000000</Speed><Watts>264</Watts></TPX></Extensions></Trackpoint>
     <Trackpoint><Time>2026-01-31T14:00:02.000Z</Time><Position><LatitudeDegrees>48.1868673</LatitudeDegrees><LongitudeDegrees>16.3190007</LongitudeDegrees></Position><AltitudeMeters>188</AltitudeMeters><DistanceMeters>1691.9</DistanceMeters><HeartRateBpm><Value>169</Value></HeartRateBpm><Extensions><TPX xmlns="http://www.garmin.com/xmlschemas/ActivityExtension/v2"><RunCadence>80</RunCadence><Speed>0.000000</Speed><Watts>264</Watts></TPX></Extensions></Trackpoint>
     <Trackpoint><Time>2026-01-31T14:00:03.000Z</Time><Position><LatitudeDegrees>48.1868564</LatitudeDegrees><LongitudeDegrees>16.3190289</LongitudeDegrees></Position><AltitudeMeters>188</AltitudeMeters><DistanceMeters>1694.5</DistanceMeters><HeartRateBpm><Value>169</Value></HeartRateBpm><Extensions><TPX xmlns="http://www.garmin.com/xmlschemas/ActivityExtension/v2"><RunCadence>80</RunCadence><Speed>0.000000</Speed><Watts>264</Watts></TPX></Extensions></Trackpoint>
     <Trackpoint><Time>2026-01-31T14:00:04.000Z</Time><Position><LatitudeDegrees>48.1868445</LatitudeDegrees><LongitudeDegrees>16.3190621</LongitudeDegrees></Position><AltitudeMeters>188</AltitudeMeters><DistanceMeters>1697.0</DistanceMeters><HeartRateBpm><Value>169</Value></HeartRateBpm><Extensions><TPX xmlns="http://www.garmin.com/xmlschemas/ActivityExtension/v2"><RunCadence>83</RunCadence><Speed>0.000000</Speed><Watts>259</Watts></TPX></Extensions></Trackpoint>
     <Trackpoint><Time>2026-01-31T14:00:05.000Z</Time><Position><LatitudeDegrees>48.1868357</LatitudeDegrees><LongitudeDegrees>16.3190912</LongitudeDegrees></Position><AltitudeMeters>188</AltitudeMeters><DistanceMeters>1700.0</DistanceMeters><HeartRateBpm><Value>169</Value></HeartRateBpm><Extensions><TPX xmlns="http://www.garmin.com/xmlschemas/ActivityExtension/v2"><RunCadence>83</RunCadence><Speed>0.000000</Speed><Watts>259</Watts></TPX></Extensions></Trackpoint>
     <Trackpoint><Time>2026-01-31T14:00:06.000Z</Time><Position><LatitudeDegrees>48.1868354</LatitudeDegrees><LongitudeDegrees>16.3191406</LongitudeDegrees></Position><AltitudeMeters>188</AltitudeMeters><DistanceMeters>1702.9</DistanceMeters><HeartRateBpm><Value>169</Value></HeartRateBpm><Extensions><TPX xmlns="http://www.garmin.com/xmlschemas/ActivityExtension/v2"><RunCadence>80</RunCadence><Speed>0.000000</Speed><Watts>259</Watts></TPX></Extensions></Trackpoint>
     <Trackpoint><Time>2026-01-31T14:00:07.000Z</Time><Position><LatitudeDegrees>48.1868320</LatitudeDegrees><LongitudeDegrees>16.3191612</LongitudeDegrees></Position><AltitudeMeters>188</AltitudeMeters><DistanceMeters>1705.0</DistanceMeters><HeartRateBpm><Value>169</Value></HeartRateBpm><Extensions><TPX xmlns="http://www.garmin.com/xmlschemas/ActivityExtension/v2"><RunCadence>80</RunCadence><Speed>0.000000</Speed><Watts>259</Watts></TPX></Extensions></Trackpoint>
     <Trackpoint><Time>2026-01-31T14:00:08.000Z</Time><Position><LatitudeDegrees>48.1868279</LatitudeDegrees><LongitudeDegrees>16.3191764</LongitudeDegrees></Position><AltitudeMeters>188</AltitudeMeters><DistanceMeters>1707.0</DistanceMeters><HeartRateBpm><Value>169</Value></HeartRateBpm><Extensions><TPX xmlns="http://www.garmin.com/xmlschemas/ActivityExtension/v2"><RunCadence>80</RunCadence><Speed>0.000000</Speed><Watts>259</Watts></TPX></Extensions></Trackpoint>
     <Trackpoint><Time>2026-01-31T14:00:09.000Z</Time><Position><LatitudeDegrees>48.1868241</LatitudeDegrees><LongitudeDegrees>16.3192215</LongitudeDegrees></Position><AltitudeMeters>188</AltitudeMeters><DistanceMeters>1709.1</DistanceMeters><HeartRateBpm><Value>170</Value></HeartRateBpm><Extensions><TPX xmlns="http://www.garmin.com/xmlschemas/ActivityExtension/v2"><RunCadence>80</RunCadence><Speed>0.000000</Speed><Watts>255</Watts></TPX></Extensions></Trackpoint>
     <Trackpoint><Time>2026-01-31T14:00:10.000Z</Time><Position><LatitudeDegrees>48.1868270</LatitudeDegrees><LongitudeDegrees>16.3192605</LongitudeDegrees></Position><AltitudeMeters>188</AltitudeMeters><DistanceMeters>1712.2</DistanceMeters><HeartRateBpm><Value>170</Value></HeartRateBpm><Extensions><TPX xmlns="http://www.garmin.com/xmlschemas/ActivityExtension/v2"><RunCadence>80</RunCadence><Speed>0.000000</Speed><Watts>255</Watts></TPX></Extensions></Trackpoint>
     <Trackpoint><Time>2026-01-31T14:00:11.000Z</Time><Position><LatitudeDegrees>48.1868230</LatitudeDegrees><LongitudeDegrees>16.3193055</LongitudeDegrees></Position><AltitudeMeters>188</AltitudeMeters><DistanceMeters>1715.3</DistanceMeters><HeartRateBpm><Value>170</Value></HeartRateBpm><Extensions><TPX xmlns="http://www.garmin.com/xmlschemas/ActivityExtension/v2"><RunCadence>80</RunCadence><Speed>0.000000</Speed><Watts>252</Watts></TPX></Extensions></Trackpoint>
     <Trackpoint><Time>2026-01-31T14:00:12.000Z</Time><Position><LatitudeDegrees>48.1868275</LatitudeDegrees><LongitudeDegrees>16.3193458</LongitudeDegrees></Position><AltitudeMeters>188</AltitudeMeters><DistanceMeters>1718.2</DistanceMeters><HeartRateBpm><Value>170</Value></HeartRateBpm><Extensions><TPX xmlns="http://www.garmin.com/xmlschemas/ActivityExtension/v2"><RunCadence>80</RunCadence><Speed>0.000000</Speed><Watts>252</Watts></TPX></Extensions></Trackpoint>
     <Trackpoint><Time>2026-01-31T14:00:13.000Z</Time><Position><LatitudeDegrees>48.1868426</LatitudeDegrees><LongitudeDegrees>16.3193790</LongitudeDegrees></Position><AltitudeMeters>188</AltitudeMeters><DistanceMeters>1721.2</DistanceMeters><HeartRateBpm><Value>170</Value></HeartRateBpm><Extensions><TPX xmlns="http://www.garmin.com/xmlschemas/ActivityExtension/v2"><RunCadence>81</RunCadence><Speed>0.000000</Speed><Watts>249</Watts></TPX></Extensions></Trackpoint>
     <Trackpoint><Time>2026-01-31T14:00:14.000Z</Time><Position><LatitudeDegrees>48.1868547</LatitudeDegrees><LongitudeDegrees>16.3194226</LongitudeDegrees></Position><AltitudeMeters>188</AltitudeMeters><DistanceMeters>1724.2</DistanceMeters><HeartRateBpm><Value>170</Value></HeartRateBpm><Extensions><TPX xmlns="http://www.garmin.com/xmlschemas/ActivityExtension/v2"><RunCadence>81</RunCadence><Speed>0.000000</Speed><Watts>249</Watts></TPX></Extensions></Trackpoint>
     <Trackpoint><Time>2026-01-31T14:00:15.000Z</Time><Position><LatitudeDegrees>48.1868656</LatitudeDegrees><LongitudeDegrees>16.3194543</LongitudeDegrees></Position><AltitudeMeters>188</AltitudeMeters><DistanceMeters>1727.3</DistanceMeters><HeartRateBpm><Value>170</Value></HeartRateBpm><Extensions><TPX xmlns="http://www.garmin.com/xmlschemas/ActivityExtension/v2"><RunCadence>82</RunCadence><Speed>0.000000</Speed><Watts>249</Watts></TPX></Extensions></Trackpoint>
     <Trackpoint><Time>2026-01-31T14:00:16.000Z</Time><Position><LatitudeDegrees>48.1868788</LatitudeDegrees><LongitudeDegrees>16.3194818</LongitudeDegrees></Position><AltitudeMeters>188</AltitudeMeters><DistanceMeters>1729.8</DistanceMeters><HeartRateBpm><Value>170</Value></HeartRateBpm><Extensions><TPX xmlns="http://www.garmin.com/xmlschemas/ActivityExtension/v2"><RunCadence>82</RunCadence><Speed>0.000000</Speed><Watts>249</Watts></TPX></Extensions></Trackpoint>
     <Trackpoint><Time>2026-01-31T14:00:17.000Z</Time><Position><LatitudeDegrees>48.1868960</LatitudeDegrees><LongitudeDegrees>16.3195051</LongitudeDegrees></Position><AltitudeMeters>188</AltitudeMeters><DistanceMeters>1732.4</DistanceMeters><HeartRateBpm><Value>170</Value></HeartRateBpm><Extensions><TPX xmlns="http://www.garmin.com/xmlschemas/ActivityExtension/v2"><RunCadence>85</RunCadence><Speed>0.460938</Speed><Watts>252</Watts></TPX></Extensions></Trackpoint>
     <Trackpoint><Time>2026-01-31T14:00:18.000Z</Time><Position><LatitudeDegrees>48.1869216</LatitudeDegrees><LongitudeDegrees>16.3195199</LongitudeDegrees></Position><AltitudeMeters>188</AltitudeMeters><DistanceMeters>1735.3</DistanceMeters><HeartRateBpm><Value>170</Value></HeartRateBpm><Extensions><TPX xmlns="http://www.garmin.com/xmlschemas/ActivityExtension/v2"><RunCadence>85</RunCadence><Speed>0.460938</Speed><Watts>252</Watts></TPX></Extensions></Trackpoint>
     <Trackpoint><Time>2026-01-31T14:00:19.000Z</Time><Position><LatitudeDegrees>48.1869426</LatitudeDegrees><LongitudeDegrees>16.3195427</LongitudeDegrees></Position><AltitudeMeters>188</AltitudeMeters><DistanceMeters>1738.3</DistanceMeters><HeartRateBpm><Value>170</Value></HeartRateBpm><Extensions><TPX xmlns="http://www.garmin.com/xmlschemas/ActivityExtension/v2"><RunCadence>87</RunCadence><Speed>0.460938</Speed><Watts>252</Watts></TPX></Extensions></Trackpoint>
     <Trackpoint><Time>2026-01-31T14:00:20.000Z</Time><Position><LatitudeDegrees>48.1869602</LatitudeDegrees><LongitudeDegrees>16.3195497</LongitudeDegrees></Position><AltitudeMeters>188</AltitudeMeters><DistanceMeters>1740.3</DistanceMeters><HeartRateBpm><Value>170</Value></HeartRateBpm><Extensions><TPX xmlns="http://www.garmin.com/xmlschemas/ActivityExtension/v2"><RunCadence>87</RunCadence><Speed>0.460938</Speed><Watts>252</Watts></TPX></Extensions></Trackpoint>
     <Trackpoint><Time>2026-01-31T14:00:21.000Z</Time><Position><LatitudeDegrees>48.1869760</LatitudeDegrees><LongitudeDegrees>16.3195555</LongitudeDegrees></Position><AltitudeMeters>188</AltitudeMeters><DistanceMeters>1742.3</DistanceMeters><HeartRateBpm><Value>170</Value></HeartRateBpm><Extensions><TPX xmlns="http://www.garmin.com/xmlschemas/ActivityExtension/v2"><RunCadence>87</RunCadence><Speed>0.460938</Speed><Watts>252</Watts></TPX></Extensions></Trackpoint>
     <Trackpoint><Time>2026-01-31T14:00:22.000Z</Time><Position><LatitudeDegrees>48.1869966</LatitudeDegrees><LongitudeDegrees>16.3195460</LongitudeDegrees></Position><AltitudeMeters>188</AltitudeMeters><DistanceMeters>1744.3</DistanceMeters><HeartRateBpm><Value>170</Value></HeartRateBpm><Extensions><TPX xmlns="http://www.garmin.com/xmlschemas/ActivityExtension/v2"><RunCadence>81</RunCadence><Speed>0.460938</Speed><Watts>253</Watts></TPX></Extensions></Trackpoint>
     <Trackpoint><Time>2026-01-31T14:00:23.000Z</Time><Position><LatitudeDegrees>48.1870280</LatitudeDegrees><LongitudeDegrees>16.3195498</LongitudeDegrees></Position><AltitudeMeters>188</AltitudeMeters><DistanceMeters>1747.6</DistanceMeters><HeartRateBpm><Value>170</Value></HeartRateBpm><Extensions><TPX xmlns="http://www.garmin.com/xmlschemas/ActivityExtension/v2"><RunCadence>81</RunCadence><Speed>0.460938</Speed><Watts>253</Watts></TPX></Extensions></Trackpoint>
     <Trackpoint><Time>2026-01-31T14:00:24.000Z</Time><Position><LatitudeDegrees>48.1870568</LatitudeDegrees><LongitudeDegrees>16.3195557</LongitudeDegrees></Position><AltitudeMeters>188</AltitudeMeters><DistanceMeters>1751.0</DistanceMeters><HeartRateBpm><Value>170</Value></HeartRateBpm><Extensions><TPX xmlns="http://www.garmin.com/xmlschemas/ActivityExtension/v2"><RunCadence>81</RunCadence><Speed>1.242188</Speed><Watts>247</Watts></TPX></Extensions></Trackpoint>
     <Trackpoint><Time>2026-01-31T14:00:25.000Z</Time><Position><LatitudeDegrees>48.1870775</LatitudeDegrees><LongitudeDegrees>16.3195673</LongitudeDegrees></Position><AltitudeMeters>188</AltitudeMeters><DistanceMeters>1754.0</DistanceMeters><HeartRateBpm><Value>170</Value></HeartRateBpm><Extensions><TPX xmlns="http://www.garmin.com/xmlschemas/ActivityExtension/v2"><RunCadence>81</RunCadence><Speed>1.242188</Speed><Watts>247</Watts></TPX></Extensions></Trackpoint>
     <Trackpoint><Time>2026-01-31T14:00:26.000Z</Time><Position><LatitudeDegrees>48.1871105</LatitudeDegrees><LongitudeDegrees>16.3195601</LongitudeDegrees></Position><AltitudeMeters>188</AltitudeMeters><DistanceMeters>1757.0</DistanceMeters><HeartRateBpm><Value>170</Value></HeartRateBpm><Extensions><TPX xmlns="http://www.garmin.com/xmlschemas/ActivityExtension/v2"><RunCadence>81</RunCadence><Speed>1.242188</Speed><Watts>247</Watts></TPX></Extensions></Trackpoint>
     <Trackpoint><Time>2026-01-31T14:00:27.000Z</Time><Position><LatitudeDegrees>48.1871327</LatitudeDegrees><LongitudeDegrees>16.3195618</LongitudeDegrees></Position><AltitudeMeters>188</AltitudeMeters><DistanceMeters>1759.7</DistanceMeters><HeartRateBpm><Value>170</Value></HeartRateBpm><Extensions><TPX xmlns="http://www.garmin.com/xmlschemas/ActivityExtension/v2"><RunCadence>81</RunCadence><Speed>1.242188</Speed><Watts>247</Watts></TPX></Extensions></Trackpoint>
     <Trackpoint><Time>2026-01-31T14:00:28.000Z</Time><Position><LatitudeDegrees>48.1871538</LatitudeDegrees><LongitudeDegrees>16.3195645</LongitudeDegrees></Position><AltitudeMeters>188</AltitudeMeters><DistanceMeters>1762.5</DistanceMeters><HeartRateBpm><Value>170</Value></HeartRateBpm><Extensions><TPX xmlns="http://www.garmin.com/xmlschemas/ActivityExtension/v2"><RunCadence>81</RunCadence><Speed>1.242188</Speed><Watts>247</Watts></TPX></Extensions></Trackpoint>
     <Trackpoint><Time>2026-01-31T14:00:29.000Z</Time><Position><LatitudeDegrees>48.1871845</LatitudeDegrees><LongitudeDegrees>16.3195702</LongitudeDegrees></Position><AltitudeMeters>188</AltitudeMeters><DistanceMeters>1765.2</DistanceMeters><HeartRateBpm><Value>170</Value></HeartRateBpm><Extensions><TPX xmlns="http://www.garmin.com/xmlschemas/ActivityExtension/v2"><RunCadence>77</RunCadence><Speed>2.660156</Speed><Watts>243</Watts></TPX></Extensions></Trackpoint>
     <Trackpoint><Time>2026-01-31T14:00:30.000Z</Time><Position><LatitudeDegrees>48.1872085</LatitudeDegrees><LongitudeDegrees>16.3195714</LongitudeDegrees></Position><AltitudeMeters>188</AltitudeMeters><DistanceMeters>1768.0</DistanceMeters><HeartRateBpm><Value>170</Value></HeartRateBpm><Extensions><TPX xmlns="http://www.garmin.com/xmlschemas/ActivityExtension/v2"><RunCadence>77</RunCadence><Speed>2.660156</Speed><Watts>243</Watts></TPX></Extensions></Trackpoint>
     <Trackpoint><Time>2026-01-31T14:00:31.000Z</Time><Position><LatitudeDegrees>48.1872290</LatitudeDegrees><LongitudeDegrees>16.3195780</LongitudeDegrees></Position><AltitudeMeters>188</AltitudeMeters><DistanceMeters>1770.7</DistanceMeters><HeartRateBpm><Value>170</Value></HeartRateBpm><Extensions><TPX xmlns="http://www.garmin.com/xmlschemas/ActivityExtension/v2"><RunCadence>77</RunCadence><Speed>2.660156</Speed><Watts>243</Watts></TPX></Extensions></Trackpoint>
     <Trackpoint><Time>2026-01-31T14:00:32.000Z</Time><Position><LatitudeDegrees>48.1872584</LatitudeDegrees><LongitudeDegrees>16.3195767</LongitudeDegrees></Position><AltitudeMeters>188</AltitudeMeters><DistanceMeters>1773.5</DistanceMeters><HeartRateBpm><Value>170</Value></HeartRateBpm><Extensions><TPX xmlns="http://www.garmin.com/xmlschemas/ActivityExtension/v2"><RunCadence>77</RunCadence><Speed>2.660156</Speed><Watts>244</Watts></TPX></Extensions></Trackpoint>
     <Trackpoint><Time>2026-01-31T14:00:33.000Z</Time><Position><LatitudeDegrees>48.1872883</LatitudeDegrees><LongitudeDegrees>16.3195857</LongitudeDegrees></Position><AltitudeMeters>188</AltitudeMeters><DistanceMeters>1776.8</DistanceMeters><HeartRateBpm><Value>170</Value></HeartRateBpm><Extensions><TPX xmlns="http://www.garmin.com/xmlschemas/ActivityExtension/v2"><RunCadence>77</RunCadence><Speed>2.660156</Speed><Watts>244</Watts></TPX></Extensions></Trackpoint>
     <Trackpoint><Time>2026-01-31T14:00:34.000Z</Time><Position><LatitudeDegrees>48.1873178</LatitudeDegrees><LongitudeDegrees>16.3195877</LongitudeDegrees></Position><AltitudeMeters>188</AltitudeMeters><DistanceMeters>1780.1</DistanceMeters><HeartRateBpm><Value>170</Value></HeartRateBpm><Extensions><TPX xmlns="http://www.garmin.com/xmlschemas/ActivityExtension/v2"><RunCadence>80</RunCadence><Speed>2.660156</Speed><Watts>244</Watts></TPX></Extensions></Trackpoint>
     <Trackpoint><Time>2026-01-31T14:00:35.000Z</Time><Position><LatitudeDegrees>48.1873363</LatitudeDegrees><LongitudeDegrees>16.3195965</LongitudeDegrees></Position><AltitudeMeters>188</AltitudeMeters><DistanceMeters>1782.8</DistanceMeters><HeartRateBpm><Value>170</Value></HeartRateBpm><Extensions><TPX xmlns="http://www.garmin.com/xmlschemas/ActivityExtension/v2"><RunCadence>80</RunCadence><Speed>2.660156</Speed><Watts>244</Watts></TPX></Extensions></Trackpoint>
     <Trackpoint><Time>2026-01-31T14:00:36.000Z</Time><Position><LatitudeDegrees>48.1873557</LatitudeDegrees><LongitudeDegrees>16.3196074</LongitudeDegrees></Position><AltitudeMeters>188</AltitudeMeters><DistanceMeters>1785.4</DistanceMeters><HeartRateBpm><Value>170</Value></HeartRateBpm><Extensions><TPX xmlns="http://www.garmin.com/xmlschemas/ActivityExtension/v2"><RunCadence>80</RunCadence><Speed>2.660156</Speed><Watts>244</Watts></TPX></Extensions></Trackpoint>
     <Trackpoint><Time>2026-01-31T14:00:37.000Z</Time><Position><LatitudeDegrees>48.1873871</LatitudeDegrees><LongitudeDegrees>16.3196136</LongitudeDegrees></Position><AltitudeMeters>188</AltitudeMeters><DistanceMeters>1788.1</DistanceMeters><HeartRateBpm><Value>170</Value></HeartRateBpm><Extensions><TPX xmlns="http://www.garmin.com/xmlschemas/ActivityExtension/v2"><RunCadence>81</RunCadence><Speed>2.734375</Speed><Watts>246</Watts></TPX></Extensions></Trackpoint>
     <Trackpoint><Time>2026-01-31T14:00:38.000Z</Time><Position><LatitudeDegrees>48.1874189</LatitudeDegrees><LongitudeDegrees>16.3196186</LongitudeDegrees></Position><AltitudeMeters>188</AltitudeMeters><DistanceMeters>1790.9</DistanceMeters><HeartRateBpm><Value>170</Value></HeartRateBpm><Extensions><TPX xmlns="http://www.garmin.com/xmlschemas/ActivityExtension/v2"><RunCadence>81</RunCadence><Speed>2.734375</Speed><Watts>246</Watts></TPX></Extensions></Trackpoint>
     <Trackpoint><Time>2026-01-31T14:00:39.000Z</Time><Position><LatitudeDegrees>48.1874375</LatitudeDegrees><LongitudeDegrees>16.3196218</LongitudeDegrees></Position><AltitudeMeters>188</AltitudeMeters><DistanceMeters>1793.7</DistanceMeters><HeartRateBpm><Value>170</Value></HeartRateBpm><Extensions><TPX xmlns="http://www.garmin.com/xmlschemas/ActivityExtension/v2"><RunCadence>81</RunCadence><Speed>2.734375</Speed><Watts>246</Watts></TPX></Extensions></Trackpoint>
     <Trackpoint><Time>2026-01-31T14:00:40.000Z</Time><Position><LatitudeDegrees>48.1874656</LatitudeDegrees><LongitudeDegrees>16.3196259</LongitudeDegrees></Position><AltitudeMeters>188</AltitudeMeters><DistanceMeters>1796.7</DistanceMeters><HeartRateBpm><Value>170</Value></HeartRateBpm><Extensions><TPX xmlns="http://www.garmin.com/xmlschemas/ActivityExtension/v2"><RunCadence>81</RunCadence><Speed>2.734375</Speed><Watts>246</Watts></TPX></Extensions></Trackpoint>
     <Trackpoint><Time>2026-01-31T14:00:41.000Z</Time><Position><LatitudeDegrees>48.1874910</LatitudeDegrees><LongitudeDegrees>16.3196268</LongitudeDegrees></Position><AltitudeMeters>188</AltitudeMeters><DistanceMeters>1799.7</DistanceMeters><HeartRateBpm><Value>170</Value></HeartRateBpm><Extensions><TPX xmlns="http://www.garmin.com/xmlschemas/ActivityExtension/v2"><RunCadence>81</RunCadence><Speed>2.859375</Speed><Watts>251</Watts></TPX></Extensions></Trackpoint>
     <Trackpoint><Time>2026-01-31T14:00:42.000Z</Time><Position><LatitudeDegrees>48.1875114</LatitudeDegrees><LongitudeDegrees>16.3196297</LongitudeDegrees></Position><AltitudeMeters>188</AltitudeMeters><DistanceMeters>1802.4</DistanceMeters><HeartRateBpm><Value>170</Value></HeartRateBpm><Extensions><TPX xmlns="http://www.garmin.com/xmlschemas/ActivityExtension/v2"><RunCadence>81</RunCadence><Speed>2.859375</Speed><Watts>251</Watts></TPX></Extensions></Trackpoint>
     <Trackpoint><Time>2026-01-31T14:00:43.000Z</Time><Position><LatitudeDegrees>48.1875396</LatitudeDegrees><LongitudeDegrees>16.3196366</LongitudeDegrees></Position><AltitudeMeters>189</AltitudeMeters><DistanceMeters>1805.1</DistanceMeters><HeartRateBpm><Value>170</Value></HeartRateBpm><Extensions><TPX xmlns="http://www.garmin.com/xmlschemas/ActivityExtension/v2"><RunCadence>79</RunCadence><Speed>2.859375</Speed><Watts>251</Watts></TPX></Extensions></Trackpoint>
     <Trackpoint><Time>2026-01-31T14:00:44.000Z</Time><Position><LatitudeDegrees>48.1875675</LatitudeDegrees><LongitudeDegrees>16.3196459</LongitudeDegrees></Position><AltitudeMeters>189</AltitudeMeters><DistanceMeters>1808.5</DistanceMeters><HeartRateBpm><Value>170</Value></HeartRateBpm><Extensions><TPX xmlns="http://www.garmin.com/xmlschemas/ActivityExtension/v2"><RunCadence>79</RunCadence><Speed>2.859375</Speed><Watts>251</Watts></TPX></Extensions></Trackpoint>
     <Trackpoint><Time>2026-01-31T14:00:45.000Z</Time><Position><LatitudeDegrees>48.1875992</LatitudeDegrees><LongitudeDegrees>16.3196534</LongitudeDegrees></Position><AltitudeMeters>189</AltitudeMeters><DistanceMeters>1811.9</DistanceMeters><HeartRateBpm><Value>171</Value></HeartRateBpm><Extensions><TPX xmlns="http://www.garmin.com/xmlschemas/ActivityExtension/v2"><RunCadence>79</RunCadence><Speed>2.859375</Speed><Watts>251</Watts></TPX></Extensions></Trackpoint>
     <Trackpoint><Time>2026-01-31T14:00:46.000Z</Time><Position><LatitudeDegrees>48.1876246</LatitudeDegrees><LongitudeDegrees>16.3196587</LongitudeDegrees></Position><AltitudeMeters>189</AltitudeMeters><DistanceMeters>1814.3</DistanceMeters><HeartRateBpm><Value>171</Value></HeartRateBpm><Extensions><TPX xmlns="http://www.garmin.com/xmlschemas/ActivityExtension/v2"><RunCadence>79</RunCadence><Speed>2.859375</Speed><Watts>251</Watts></TPX></Extensions></Trackpoint>
     <Trackpoint><Time>2026-01-31T14:00:47.000Z</Time><Position><LatitudeDegrees>48.1876409</LatitudeDegrees><LongitudeDegrees>16.3196652</LongitudeDegrees></Position><AltitudeMeters>189</AltitudeMeters><DistanceMeters>1816.7</DistanceMeters><HeartRateBpm><Value>171</Value></HeartRateBpm><Extensions><TPX xmlns="http://www.garmin.com/xmlschemas/ActivityExtension/v2"><RunCadence>79</RunCadence><Speed>2.859375</Speed><Watts>251</Watts></TPX></Extensions></Trackpoint>
     <Trackpoint><Time>2026-01-31T14:00:48.000Z</Time><Position><LatitudeDegrees>48.1876631</LatitudeDegrees><LongitudeDegrees>16.3196721</LongitudeDegrees></Position><AltitudeMeters>189</AltitudeMeters><DistanceMeters>1819.1</DistanceMeters><HeartRateBpm><Value>171</Value></HeartRateBpm><Extensions><TPX xmlns="http://www.garmin.com/xmlschemas/ActivityExtension/v2"><RunCadence>81</RunCadence><Speed>2.855469</Speed><Watts>250</Watts></TPX></Extensions></Trackpoint>
     <Trackpoint><Time>2026-01-31T14:00:49.000Z</Time><Position><LatitudeDegrees>48.1876952</LatitudeDegrees><LongitudeDegrees>16.3196810</LongitudeDegrees></Position><AltitudeMeters>189</AltitudeMeters><DistanceMeters>1822.2</DistanceMeters><HeartRateBpm><Value>171</Value></HeartRateBpm><Extensions><TPX xmlns="http://www.garmin.com/xmlschemas/ActivityExtension/v2"><RunCadence>81</RunCadence><Speed>2.855469</Speed><Watts>250</Watts></TPX></Extensions></Trackpoint>
     <Trackpoint><Time>2026-01-31T14:00:50.000Z</Time><Position><LatitudeDegrees>48.1877172</LatitudeDegrees><LongitudeDegrees>16.3196872</LongitudeDegrees></Position><AltitudeMeters>189</AltitudeMeters><DistanceMeters>1825.2</DistanceMeters><HeartRateBpm><Value>172</Value></HeartRateBpm><Extensions><TPX xmlns="http://www.garmin.com/xmlschemas/ActivityExtension/v2"><RunCadence>71</RunCadence><Speed>2.855469</Speed><Watts>250</Watts></TPX></Extensions></Trackpoint>
     <Trackpoint><Time>2026-01-31T14:00:51.000Z</Time><Position><LatitudeDegrees>48.1877498</LatitudeDegrees><LongitudeDegrees>16.3197039</LongitudeDegrees></Position><AltitudeMeters>189</AltitudeMeters><DistanceMeters>1828.7</DistanceMeters><HeartRateBpm><Value>172</Value></HeartRateBpm><Extensions><TPX xmlns="http://www.garmin.com/xmlschemas/ActivityExtension/v2"><RunCadence>71</RunCadence><Speed>2.855469</Speed><Watts>250</Watts></TPX></Extensions></Trackpoint>
     <Trackpoint><Time>2026-01-31T14:00:52.000Z</Time><Position><LatitudeDegrees>48.1877784</LatitudeDegrees><LongitudeDegrees>16.3197100</LongitudeDegrees></Position><AltitudeMeters>189</AltitudeMeters><DistanceMeters>1832.3</DistanceMeters><HeartRateBpm><Value>172</Value></HeartRateBpm><Extensions><TPX xmlns="http://www.garmin.com/xmlschemas/ActivityExtension/v2"><RunCadence>77</RunCadence><Speed>2.855469</Speed><Watts>255</Watts></TPX></Extensions></Trackpoint>
     <Trackpoint><Time>2026-01-31T14:00:53.000Z</Time><Position><LatitudeDegrees>48.1878046</LatitudeDegrees><LongitudeDegrees>16.3197163</LongitudeDegrees></Position><AltitudeMeters>189</AltitudeMeters><DistanceMeters>1835.5</DistanceMeters><HeartRateBpm><Value>172</Value></HeartRateBpm><Extensions><TPX xmlns="http://www.garmin.com/xmlschemas/ActivityExtension/v2"><RunCadence>77</RunCadence><Speed>2.855469</Speed><Watts>255</Watts></TPX></Extensions></Trackpoint>
     <Trackpoint><Time>2026-01-31T14:00:54.000Z</Time><Position><LatitudeDegrees>48.1878354</LatitudeDegrees><LongitudeDegrees>16.3197223</LongitudeDegrees></Position><AltitudeMeters>189</AltitudeMeters><DistanceMeters>1838.7</DistanceMeters><HeartRateBpm><Value>172</Value></HeartRateBpm><Extensions><TPX xmlns="http://www.garmin.com/xmlschemas/ActivityExtension/v2"><RunCadence>78</RunCadence><Speed>2.878906</Speed><Watts>252</Watts></TPX></Extensions></Trackpoint>
     <Trackpoint><Time>2026-01-31T14:00:55.000Z</Time><Position><LatitudeDegrees>48.1878586</LatitudeDegrees><LongitudeDegrees>16.3197287</LongitudeDegrees></Position><AltitudeMeters>189</AltitudeMeters><DistanceMeters>1841.5</DistanceMeters><HeartRateBpm><Value>172</Value></HeartRateBpm><Extensions><TPX xmlns="http://www.garmin.com/xmlschemas/ActivityExtension/v2"><RunCadence>78</RunCadence><Speed>2.878906</Speed><Watts>252</Watts></TPX></Extensions></Trackpoint>
     <Trackpoint><Time>2026-01-31T14:00:56.000Z</Time><Position><LatitudeDegrees>48.1878848</LatitudeDegrees><LongitudeDegrees>16.3197361</LongitudeDegrees></Position><AltitudeMeters>189</AltitudeMeters><DistanceMeters>1844.3</DistanceMeters><HeartRateBpm><Value>172</Value></HeartRateBpm><Extensions><TPX xmlns="http://www.garmin.com/xmlschemas/ActivityExtension/v2"><RunCadence>77</RunCadence><Speed>2.878906</Speed><Watts>252</Watts></TPX></Extensions></Trackpoint>
     <Trackpoint><Time>2026-01-31T14:00:57.000Z</Time><Position><LatitudeDegrees>48.1879179</LatitudeDegrees><LongitudeDegrees>16.3197396</LongitudeDegrees></Position><AltitudeMeters>189</AltitudeMeters><DistanceMeters>1847.8</DistanceMeters><HeartRateBpm><Value>172</Value></HeartRateBpm><Extensions><TPX xmlns="http://www.garmin.com/xmlschemas/ActivityExtension/v2"><RunCadence>77</RunCadence><Speed>2.878906</Speed><Watts>252</Watts></TPX></Extensions></Trackpoint>
     <Trackpoint><Time>2026-01-31T14:00:58.000Z</Time><Position><LatitudeDegrees>48.1879470</LatitudeDegrees><LongitudeDegrees>16.3197502</LongitudeDegrees></Position><AltitudeMeters>189</AltitudeMeters><DistanceMeters>1851.2</DistanceMeters><HeartRateBpm><Value>172</Value></HeartRateBpm><Extensions><TPX xmlns="http://www.garmin.com/xmlschemas/ActivityExtension/v2"><RunCadence>81</RunCadence><Speed>2.878906</Speed><Watts>252</Watts></TPX></Extensions></Trackpoint>
     <Trackpoint><Time>2026-01-31T14:00:59.000Z</Time><Position><LatitudeDegrees>48.1879753</LatitudeDegrees><LongitudeDegrees>16.3197536</LongitudeDegrees></Position><AltitudeMeters>189</AltitudeMeters><DistanceMeters>1854.2</DistanceMeters><HeartRateBpm><Value>172</Value></HeartRateBpm><Extensions><TPX xmlns="http://www.garmin.com/xmlschemas/ActivityExtension/v2"><RunCadence>81</RunCadence><Speed>2.878906</Speed><Watts>252</Watts></TPX></Extensions></Trackpoint>
     <Trackpoint><Time>2026-01-31T14:01:00.000Z</Time><Position><LatitudeDegrees>48.1880002</LatitudeDegrees><LongitudeDegrees>16.3197544</LongitudeDegrees></Position><AltitudeMeters>189</AltitudeMeters><DistanceMeters>1857.2</DistanceMeters><HeartRateBpm><Value>172</Value></HeartRateBpm><Extensions><TPX xmlns="http://www.garmin.com/xmlschemas/ActivityExtension/v2"><RunCadence>82</RunCadence><Speed>2.878906</Speed><Watts>255</Watts></TPX></Extensions></Trackpoint>
     <Trackpoint><Time>2026-01-31T14:01:01.000Z</Time><Position><LatitudeDegrees>48.1880248</LatitudeDegrees><LongitudeDegrees>16.3197640</LongitudeDegrees></Position><AltitudeMeters>189</AltitudeMeters><DistanceMeters>1860.3</DistanceMeters><HeartRateBpm><Value>172</Value></HeartRateBpm><Extensions><TPX xmlns="http://www.garmin.com/xmlschemas/ActivityExtension/v2"><RunCadence>82</RunCadence><Speed>2.878906</Speed><Watts>255</Watts></TPX></Extensions></Trackpoint>
     <Trackpoint><Time>2026-01-31T14:01:02.000Z</Time><Position><LatitudeDegrees>48.1880549</LatitudeDegrees><LongitudeDegrees>16.3197771</LongitudeDegrees></Position><AltitudeMeters>189</AltitudeMeters><DistanceMeters>1863.5</DistanceMeters><HeartRateBpm><Value>172</Value></HeartRateBpm><Extensions><TPX xmlns="http://www.garmin.com/xmlschemas/ActivityExtension/v2"><RunCadence>84</RunCadence><Speed>2.878906</Speed><Watts>255</Watts></TPX></Extensions></Trackpoint>
     <Trackpoint><Time>2026-01-31T14:01:03.000Z</Time><Position><LatitudeDegrees>48.1880790</LatitudeDegrees><LongitudeDegrees>16.3197762</LongitudeDegrees></Position><AltitudeMeters>189</AltitudeMeters><DistanceMeters>1865.9</DistanceMeters><HeartRateBpm><Value>172</Value></HeartRateBpm><Extensions><TPX xmlns="http://www.garmin.com/xmlschemas/ActivityExtension/v2"><RunCadence>84</RunCadence><Speed>2.878906</Speed><Watts>255</Watts></TPX></Extensions></Trackpoint>
     <Trackpoint><Time>2026-01-31T14:01:04.000Z</Time><Position><LatitudeDegrees>48.1880958</LatitudeDegrees><LongitudeDegrees>16.3197753</LongitudeDegrees></Position><AltitudeMeters>189</AltitudeMeters><DistanceMeters>1868.3</DistanceMeters><HeartRateBpm><Value>172</Value></HeartRateBpm><Extensions><TPX xmlns="http://www.garmin.com/xmlschemas/ActivityExtension/v2"><RunCadence>84</RunCadence><Speed>2.878906</Speed><Watts>255</Watts></TPX></Extensions></Trackpoint>
     <Trackpoint><Time>2026-01-31T14:01:05.000Z</Time><Position><LatitudeDegrees>48.1881195</LatitudeDegrees><LongitudeDegrees>16.3197702</LongitudeDegrees></Position><AltitudeMeters>189</AltitudeMeters><DistanceMeters>1870.7</DistanceMeters><HeartRateBpm><Value>172</Value></HeartRateBpm><Extensions><TPX xmlns="http://www.garmin.com/xmlschemas/ActivityExtension/v2"><RunCadence>81</RunCadence><Speed>2.859375</Speed><Watts>260</Watts></TPX></Extensions></Trackpoint>
     <Trackpoint><Time>2026-01-31T14:01:06.000Z</Time><Position><LatitudeDegrees>48.1881396</LatitudeDegrees><LongitudeDegrees>16.3197700</LongitudeDegrees></Position><AltitudeMeters>189</AltitudeMeters><DistanceMeters>1873.4</DistanceMeters><HeartRateBpm><Value>172</Value></HeartRateBpm><Extensions><TPX xmlns="http://www.garmin.com/xmlschemas/ActivityExtension/v2"><RunCadence>81</RunCadence><Speed>2.859375</Speed><Watts>260</Watts></TPX></Extensions></Trackpoint>
     <Trackpoint><Time>2026-01-31T14:01:07.000Z</Time><Position><LatitudeDegrees>48.1881678</LatitudeDegrees><LongitudeDegrees>16.3197698</LongitudeDegrees></Position><AltitudeMeters>189</AltitudeMeters><DistanceMeters>1876.1</DistanceMeters><HeartRateBpm><Value>172</Value></HeartRateBpm><Extensions><TPX xmlns="http://www.garmin.com/xmlschemas/ActivityExtension/v2"><RunCadence>81</RunCadence><Speed>2.859375</Speed><Watts>260</Watts></TPX></Extensions></Trackpoint>
     <Trackpoint><Time>2026-01-31T14:01:08.000Z</Time><Position><LatitudeDegrees>48.1881973</LatitudeDegrees><LongitudeDegrees>16.3197657</LongitudeDegrees></Position><AltitudeMeters>189</AltitudeMeters><DistanceMeters>1878.6</DistanceMeters><HeartRateBpm><Value>172</Value></HeartRateBpm><Extensions><TPX xmlns="http://www.garmin.com/xmlschemas/ActivityExtension/v2"><RunCadence>81</RunCadence><Speed>2.859375</Speed><Watts>260</Watts></TPX></Extensions></Trackpoint>
     <Trackpoint><Time>2026-01-31T14:01:09.000Z</Time><Position><LatitudeDegrees>48.1882092</LatitudeDegrees><LongitudeDegrees>16.3197605</LongitudeDegrees></Position><AltitudeMeters>189</AltitudeMeters><DistanceMeters>1881.1</DistanceMeters><HeartRateBpm><Value>172</Value></HeartRateBpm><Extensions><TPX xmlns="http://www.garmin.com/xmlschemas/ActivityExtension/v2"><RunCadence>81</RunCadence><Speed>2.859375</Speed><Watts>260</Watts></TPX></Extensions></Trackpoint>
     <Trackpoint><Time>2026-01-31T14:01:10.000Z</Time><Position><LatitudeDegrees>48.1882352</LatitudeDegrees><LongitudeDegrees>16.3197554</LongitudeDegrees></Position><AltitudeMeters>189</AltitudeMeters><DistanceMeters>1883.6</DistanceMeters><HeartRateBpm><Value>171</Value></HeartRateBpm><Extensions><TPX xmlns="http://www.garmin.com/xmlschemas/ActivityExtension/v2"><RunCadence>78</RunCadence><Speed>2.855469</Speed><Watts>250</Watts></TPX></Extensions></Trackpoint>
     <Trackpoint><Time>2026-01-31T14:01:11.000Z</Time><Position><LatitudeDegrees>48.1882618</LatitudeDegrees><LongitudeDegrees>16.3197383</LongitudeDegrees></Position><AltitudeMeters>189</AltitudeMeters><DistanceMeters>1886.3</DistanceMeters><HeartRateBpm><Value>171</Value></HeartRateBpm><Extensions><TPX xmlns="http://www.garmin.com/xmlschemas/ActivityExtension/v2"><RunCadence>78</RunCadence><Speed>2.855469</Speed><Watts>250</Watts></TPX></Extensions></Trackpoint>
     <Trackpoint><Time>2026-01-31T14:01:12.000Z</Time><Position><LatitudeDegrees>48.1882825</LatitudeDegrees><LongitudeDegrees>16.3197454</LongitudeDegrees></Position><AltitudeMeters>190</AltitudeMeters><DistanceMeters>1888.9</DistanceMeters><HeartRateBpm><Value>171</Value></HeartRateBpm><Extensions><TPX xmlns="http://www.garmin.com/xmlschemas/ActivityExtension/v2"><RunCadence>75</RunCadence><Speed>2.855469</Speed><Watts>250</Watts></TPX></Extensions></Trackpoint>
     <Trackpoint><Time>2026-01-31T14:01:13.000Z</Time><Position><LatitudeDegrees>48.1883071</LatitudeDegrees><LongitudeDegrees>16.3197545</LongitudeDegrees></Position><AltitudeMeters>190</AltitudeMeters><DistanceMeters>1891.5</DistanceMeters><HeartRateBpm><Value>171</Value></HeartRateBpm><Extensions><TPX xmlns="http://www.garmin.com/xmlschemas/ActivityExtension/v2"><RunCadence>75</RunCadence><Speed>2.855469</Speed><Watts>250</Watts></TPX></Extensions></Trackpoint>
     <Trackpoint><Time>2026-01-31T14:01:14.000Z</Time><Position><LatitudeDegrees>48.1883276</LatitudeDegrees><LongitudeDegrees>16.3197520</LongitudeDegrees></Position><AltitudeMeters>190</AltitudeMeters><DistanceMeters>1894.0</DistanceMeters><HeartRateBpm><Value>171</Value></HeartRateBpm><Extensions><TPX xmlns="http://www.garmin.com/xmlschemas/ActivityExtension/v2"><RunCadence>75</RunCadence><Speed>2.855469</Speed><Watts>252</Watts></TPX></Extensions></Trackpoint>
     <Trackpoint><Time>2026-01-31T14:01:15.000Z</Time><Position><LatitudeDegrees>48.1883537</LatitudeDegrees><LongitudeDegrees>16.3197434</LongitudeDegrees></Position><AltitudeMeters>190</AltitudeMeters><DistanceMeters>1897.2</DistanceMeters><HeartRateBpm><Value>171</Value></HeartRateBpm><Extensions><TPX xmlns="http://www.garmin.com/xmlschemas/ActivityExtension/v2"><RunCadence>75</RunCadence><Speed>2.855469</Speed><Watts>252</Watts></TPX></Extensions></Trackpoint>
     <Trackpoint><Time>2026-01-31T14:01:16.000Z</Time><Position><LatitudeDegrees>48.1883828</LatitudeDegrees><LongitudeDegrees>16.3197296</LongitudeDegrees></Position><AltitudeMeters>190</AltitudeMeters><DistanceMeters>1900.3</DistanceMeters><HeartRateBpm><Value>171</Value></HeartRateBpm><Extensions><TPX xmlns="http://www.garmin.com/xmlschemas/ActivityExtension/v2"><RunCadence>76</RunCadence><Speed>2.906250</Speed><Watts>252</Watts></TPX></Extensions></Trackpoint>
     <Trackpoint><Time>2026-01-31T14:01:17.000Z</Time><Position><LatitudeDegrees>48.1884067</LatitudeDegrees><LongitudeDegrees>16.3197188</LongitudeDegrees></Position><AltitudeMeters>190</AltitudeMeters><DistanceMeters>1902.8</DistanceMeters><HeartRateBpm><Value>171</Value></HeartRateBpm><Extensions><TPX xmlns="http://www.garmin.com/xmlschemas/ActivityExtension/v2"><RunCadence>76</RunCadence><Speed>2.906250</Speed><Watts>252</Watts></TPX></Extensions></Trackpoint>
     <Trackpoint><Time>2026-01-31T14:01:18.000Z</Time><Position><LatitudeDegrees>48.1884245</LatitudeDegrees><LongitudeDegrees>16.3197178</LongitudeDegrees></Position><AltitudeMeters>190</AltitudeMeters><DistanceMeters>1905.2</DistanceMeters><HeartRateBpm><Value>171</Value></HeartRateBpm><Extensions><TPX xmlns="http://www.garmin.com/xmlschemas/ActivityExtension/v2"><RunCadence>76</RunCadence><Speed>2.906250</Speed><Watts>252</Watts></TPX></Extensions></Trackpoint>
     <Trackpoint><Time>2026-01-31T14:01:19.000Z</Time><Position><LatitudeDegrees>48.1884464</LatitudeDegrees><LongitudeDegrees>16.3197086</LongitudeDegrees></Position><AltitudeMeters>190</AltitudeMeters><DistanceMeters>1907.6</DistanceMeters><HeartRateBpm><Value>172</Value></HeartRateBpm><Extensions><TPX xmlns="http://www.garmin.com/xmlschemas/ActivityExtension/v2"><RunCadence>76</RunCadence><Speed>2.906250</Speed><Watts>252</Watts></TPX></Extensions></Trackpoint>
     <Trackpoint><Time>2026-01-31T14:01:20.000Z</Time><Position><LatitudeDegrees>48.1884694</LatitudeDegrees><LongitudeDegrees>16.3196983</LongitudeDegrees></Position><AltitudeMeters>190</AltitudeMeters><DistanceMeters>1910.2</DistanceMeters><HeartRateBpm><Value>172</Value></HeartRateBpm><Extensions><TPX xmlns="http://www.garmin.com/xmlschemas/ActivityExtension/v2"><RunCadence>76</RunCadence><Speed>2.906250</Speed><Watts>252</Watts></TPX></Extensions></Trackpoint>
     <Trackpoint><Time>2026-01-31T14:01:21.000Z</Time><Position><LatitudeDegrees>48.1884841</LatitudeDegrees><LongitudeDegrees>16.3196907</LongitudeDegrees></Position><AltitudeMeters>190</AltitudeMeters><DistanceMeters>1912.7</DistanceMeters><HeartRateBpm><Value>172</Value></HeartRateBpm><Extensions><TPX xmlns="http://www.garmin.com/xmlschemas/ActivityExtension/v2"><RunCadence>76</RunCadence><Speed>2.906250</Speed><Watts>252</Watts></TPX></Extensions></Trackpoint>
     <Trackpoint><Time>2026-01-31T14:01:22.000Z</Time><Position><LatitudeDegrees>48.1885098</LatitudeDegrees><LongitudeDegrees>16.3196660</LongitudeDegrees></Position><AltitudeMeters>190</AltitudeMeters><DistanceMeters>1915.3</DistanceMeters><HeartRateBpm><Value>172</Value></HeartRateBpm><Extensions><TPX xmlns="http://www.garmin.com/xmlschemas/ActivityExtension/v2"><RunCadence>79</RunCadence><Speed>2.949219</Speed><Watts>250</Watts></TPX></Extensions></Trackpoint>
     <Trackpoint><Time>2026-01-31T14:01:23.000Z</Time><Position><LatitudeDegrees>48.1885343</LatitudeDegrees><LongitudeDegrees>16.3196482</LongitudeDegrees></Position><AltitudeMeters>190</AltitudeMeters><DistanceMeters>1917.9</DistanceMeters><HeartRateBpm><Value>172</Value></HeartRateBpm><Extensions><TPX xmlns="http://www.garmin.com/xmlschemas/ActivityExtension/v2"><RunCadence>79</RunCadence><Speed>2.949219</Speed><Watts>250</Watts></TPX></Extensions></Trackpoint>
     <Trackpoint><Time>2026-01-31T14:01:24.000Z</Time><Position><LatitudeDegrees>48.1885515</LatitudeDegrees><LongitudeDegrees>16.3196337</LongitudeDegrees></Position><AltitudeMeters>190</AltitudeMeters><DistanceMeters>1920.5</DistanceMeters><HeartRateBpm><Value>172</Value></HeartRateBpm><Extensions><TPX xmlns="http://www.garmin.com/xmlschemas/ActivityExtension/v2"><RunCadence>81</RunCadence><Speed>2.949219</Speed><Watts>250</Watts></TPX></Extensions></Trackpoint>
     <Trackpoint><Time>2026-01-31T14:01:25.000Z</Time><Position><LatitudeDegrees>48.1885747</LatitudeDegrees><LongitudeDegrees>16.3196111</LongitudeDegrees></Position><AltitudeMeters>190</AltitudeMeters><DistanceMeters>1923.5</DistanceMeters><HeartRateBpm><Value>172</Value></HeartRateBpm><Extensions><TPX xmlns="http://www.garmin.com/xmlschemas/ActivityExtension/v2"><RunCadence>81</RunCadence><Speed>2.949219</Speed><Watts>250</Watts></TPX></Extensions></Trackpoint>
     <Trackpoint><Time>2026-01-31T14:01:26.000Z</Time><Position><LatitudeDegrees>48.1885966</LatitudeDegrees><LongitudeDegrees>16.3195930</LongitudeDegrees></Position><AltitudeMeters>190</AltitudeMeters><DistanceMeters>1926.4</DistanceMeters><HeartRateBpm><Value>172</Value></HeartRateBpm><Extensions><TPX xmlns="http://www.garmin.com/xmlschemas/ActivityExtension/v2"><RunCadence>83</RunCadence><Speed>2.949219</Speed><Watts>256</Watts></TPX></Extensions></Trackpoint>
     <Trackpoint><Time>2026-01-31T14:01:27.000Z</Time><Position><LatitudeDegrees>48.1886201</LatitudeDegrees><LongitudeDegrees>16.3195786</LongitudeDegrees></Position><AltitudeMeters>190</AltitudeMeters><DistanceMeters>1929.5</DistanceMeters><HeartRateBpm><Value>172</Value></HeartRateBpm><Extensions><TPX xmlns="http://www.garmin.com/xmlschemas/ActivityExtension/v2"><RunCadence>83</RunCadence><Speed>2.949219</Speed><Watts>256</Watts></TPX></Extensions></Trackpoint>
     <Trackpoint><Time>2026-01-31T14:01:28.000Z</Time><Position><LatitudeDegrees>48.1886452</LatitudeDegrees><LongitudeDegrees>16.3195520</LongitudeDegrees></Position><AltitudeMeters>190</AltitudeMeters><DistanceMeters>1932.6</DistanceMeters><HeartRateBpm><Value>172</Value></HeartRateBpm><Extensions><TPX xmlns="http://www.garmin.com/xmlschemas/ActivityExtension/v2"><RunCadence>80</RunCadence><Speed>3.031250</Speed><Watts>258</Watts></TPX></Extensions></Trackpoint>
     <Trackpoint><Time>2026-01-31T14:01:29.000Z</Time><Position><LatitudeDegrees>48.1886674</LatitudeDegrees><LongitudeDegrees>16.3195361</LongitudeDegrees></Position><AltitudeMeters>190</AltitudeMeters><DistanceMeters>1935.0</DistanceMeters><HeartRateBpm><Value>172</Value></HeartRateBpm><Extensions><TPX xmlns="http://www.garmin.com/xmlschemas/ActivityExtension/v2"><RunCadence>80</RunCadence><Speed>3.031250</Speed><Watts>258</Watts></TPX></Extensions></Trackpoint>
     <Trackpoint><Time>2026-01-31T14:01:30.000Z</Time><Position><LatitudeDegrees>48.1886858</LatitudeDegrees><LongitudeDegrees>16.3195242</LongitudeDegrees></Position><AltitudeMeters>190</AltitudeMeters><DistanceMeters>1937.4</DistanceMeters><HeartRateBpm><Value>172</Value></HeartRateBpm><Extensions><TPX xmlns="http://www.garmin.com/xmlschemas/ActivityExtension/v2"><RunCadence>80</RunCadence><Speed>3.031250</Speed><Watts>258</Watts></TPX></Extensions></Trackpoint>
     <Trackpoint><Time>2026-01-31T14:01:31.000Z</Time><Position><LatitudeDegrees>48.1886998</LatitudeDegrees><LongitudeDegrees>16.3194985</LongitudeDegrees></Position><AltitudeMeters>190</AltitudeMeters><DistanceMeters>1939.9</DistanceMeters><HeartRateBpm><Value>172</Value></HeartRateBpm><Extensions><TPX xmlns="http://www.garmin.com/xmlschemas/ActivityExtension/v2"><RunCadence>78</RunCadence><Speed>3.031250</Speed><Watts>260</Watts></TPX></Extensions></Trackpoint>
     <Trackpoint><Time>2026-01-31T14:01:32.000Z</Time><Position><LatitudeDegrees>48.1887173</LatitudeDegrees><LongitudeDegrees>16.3194823</LongitudeDegrees></Position><AltitudeMeters>190</AltitudeMeters><DistanceMeters>1942.6</DistanceMeters><HeartRateBpm><Value>172</Value></HeartRateBpm><Extensions><TPX xmlns="http://www.garmin.com/xmlschemas/ActivityExtension/v2"><RunCadence>78</RunCadence><Speed>3.031250</Speed><Watts>260</Watts></TPX></Extensions></Trackpoint>
     <Trackpoint><Time>2026-01-31T14:01:33.000Z</Time><Position><LatitudeDegrees>48.1887377</LatitudeDegrees><LongitudeDegrees>16.3194647</LongitudeDegrees></Position><AltitudeMeters>190</AltitudeMeters><DistanceMeters>1945.3</DistanceMeters><HeartRateBpm><Value>172</Value></HeartRateBpm><Extensions><TPX xmlns="http://www.garmin.com/xmlschemas/ActivityExtension/v2"><RunCadence>78</RunCadence><Speed>3.031250</Speed><Watts>260</Watts></TPX></Extensions></Trackpoint>
     <Trackpoint><Time>2026-01-31T14:01:34.000Z</Time><Position><LatitudeDegrees>48.1887618</LatitudeDegrees><LongitudeDegrees>16.3194408</LongitudeDegrees></Position><AltitudeMeters>190</AltitudeMeters><DistanceMeters>1948.0</DistanceMeters><HeartRateBpm><Value>172</Value></HeartRateBpm><Extensions><TPX xmlns="http://www.garmin.com/xmlschemas/ActivityExtension/v2"><RunCadence>79</RunCadence><Speed>3.085938</Speed><Watts>260</Watts></TPX></Extensions></Trackpoint>
     <Trackpoint><Time>2026-01-31T14:01:35.000Z</Time><Position><LatitudeDegrees>48.1887741</LatitudeDegrees><LongitudeDegrees>16.3194133</LongitudeDegrees></Position><AltitudeMeters>190</AltitudeMeters><DistanceMeters>1950.8</DistanceMeters><HeartRateBpm><Value>172</Value></HeartRateBpm><Extensions><TPX xmlns="http://www.garmin.com/xmlschemas/ActivityExtension/v2"><RunCadence>79</RunCadence><Speed>3.085938</Speed><Watts>260</Watts></TPX></Extensions></Trackpoint>
     <Trackpoint><Time>2026-01-31T14:01:36.000Z</Time><Position><LatitudeDegrees>48.1887912</LatitudeDegrees><LongitudeDegrees>16.3193774</LongitudeDegrees></Position><AltitudeMeters>191</AltitudeMeters><DistanceMeters>1953.7</DistanceMeters><HeartRateBpm><Value>172</Value></HeartRateBpm><Extensions><TPX xmlns="http://www.garmin.com/xmlschemas/ActivityExtension/v2"><RunCadence>80</RunCadence><Speed>3.085938</Speed><Watts>260</Watts></TPX></Extensions></Trackpoint>
     <Trackpoint><Time>2026-01-31T14:01:37.000Z</Time><Position><LatitudeDegrees>48.1888097</LatitudeDegrees><LongitudeDegrees>16.3193412</LongitudeDegrees></Position><AltitudeMeters>191</AltitudeMeters><DistanceMeters>1956.4</DistanceMeters><HeartRateBpm><Value>172</Value></HeartRateBpm><Extensions><TPX xmlns="http://www.garmin.com/xmlschemas/ActivityExtension/v2"><RunCadence>80</RunCadence><Speed>3.085938</Speed><Watts>260</Watts></TPX></Extensions></Trackpoint>
     <Trackpoint><Time>2026-01-31T14:01:38.000Z</Time><Position><LatitudeDegrees>48.1888214</LatitudeDegrees><LongitudeDegrees>16.3193214</LongitudeDegrees></Position><AltitudeMeters>191</AltitudeMeters><DistanceMeters>1959.0</DistanceMeters><HeartRateBpm><Value>172</Value></HeartRateBpm><Extensions><TPX xmlns="http://www.garmin.com/xmlschemas/ActivityExtension/v2"><RunCadence>77</RunCadence><Speed>3.085938</Speed><Watts>263</Watts></TPX></Extensions></Trackpoint>
     <Trackpoint><Time>2026-01-31T14:01:39.000Z</Time><Position><LatitudeDegrees>48.1888492</LatitudeDegrees><LongitudeDegrees>16.3192946</LongitudeDegrees></Position><AltitudeMeters>191</AltitudeMeters><DistanceMeters>1962.4</DistanceMeters><HeartRateBpm><Value>172</Value></HeartRateBpm><Extensions><TPX xmlns="http://www.garmin.com/xmlschemas/ActivityExtension/v2"><RunCadence>77</RunCadence><Speed>3.085938</Speed><Watts>263</Watts></TPX></Extensions></Trackpoint>
     <Trackpoint><Time>2026-01-31T14:01:40.000Z</Time><Position><LatitudeDegrees>48.1888664</LatitudeDegrees><LongitudeDegrees>16.3192614</LongitudeDegrees></Position><AltitudeMeters>191</AltitudeMeters><DistanceMeters>1965.7</DistanceMeters><HeartRateBpm><Value>172</Value></HeartRateBpm><Extensions><TPX xmlns="http://www.garmin.com/xmlschemas/ActivityExtension/v2"><RunCadence>76</RunCadence><Speed>3.121094</Speed><Watts>265</Watts></TPX></Extensions></Trackpoint>
     <Trackpoint><Time>2026-01-31T14:01:41.000Z</Time><Position><LatitudeDegrees>48.1888845</LatitudeDegrees><LongitudeDegrees>16.3192387</LongitudeDegrees></Position><AltitudeMeters>191</AltitudeMeters><DistanceMeters>1968.6</DistanceMeters><HeartRateBpm><Value>172</Value></HeartRateBpm><Extensions><TPX xmlns="http://www.garmin.com/xmlschemas/ActivityExtension/v2"><RunCadence>76</RunCadence><Speed>3.121094</Speed><Watts>265</Watts></TPX></Extensions></Trackpoint>
     <Trackpoint><Time>2026-01-31T14:01:42.000Z</Time><Position><LatitudeDegrees>48.1889005</LatitudeDegrees><LongitudeDegrees>16.3192025</LongitudeDegrees></Position><AltitudeMeters>191</AltitudeMeters><DistanceMeters>1971.5</DistanceMeters><HeartRateBpm><Value>172</Value></HeartRateBpm><Extensions><TPX xmlns="http://www.garmin.com/xmlschemas/ActivityExtension/v2"><RunCadence>79</RunCadence><Speed>3.121094</Speed><Watts>267</Watts></TPX></Extensions></Trackpoint>
     <Trackpoint><Time>2026-01-31T14:01:43.000Z</Time><Position><LatitudeDegrees>48.1889155</LatitudeDegrees><LongitudeDegrees>16.3191653</LongitudeDegrees></Position><AltitudeMeters>191</AltitudeMeters><DistanceMeters>1974.4</DistanceMeters><HeartRateBpm><Value>172</Value></HeartRateBpm><Extensions><TPX xmlns="http://www.garmin.com/xmlschemas/ActivityExtension/v2"><RunCadence>79</RunCadence><Speed>3.121094</Speed><Watts>267</Watts></TPX></Extensions></Trackpoint>
     <Trackpoint><Time>2026-01-31T14:01:44.000Z</Time><Position><LatitudeDegrees>48.1889334</LatitudeDegrees><LongitudeDegrees>16.3191432</LongitudeDegrees></Position><AltitudeMeters>191</AltitudeMeters><DistanceMeters>1977.2</DistanceMeters><HeartRateBpm><Value>172</Value></HeartRateBpm><Extensions><TPX xmlns="http://www.garmin.com/xmlschemas/ActivityExtension/v2"><RunCadence>82</RunCadence><Speed>3.109375</Speed><Watts>267</Watts></TPX></Extensions></Trackpoint>
     <Trackpoint><Time>2026-01-31T14:01:45.000Z</Time><Position><LatitudeDegrees>48.1889524</LatitudeDegrees><LongitudeDegrees>16.3191051</LongitudeDegrees></Position><AltitudeMeters>191</AltitudeMeters><DistanceMeters>1980.4</DistanceMeters><HeartRateBpm><Value>172</Value></HeartRateBpm><Extensions><TPX xmlns="http://www.garmin.com/xmlschemas/ActivityExtension/v2"><RunCadence>82</RunCadence><Speed>3.109375</Speed><Watts>267</Watts></TPX></Extensions></Trackpoint>
     <Trackpoint><Time>2026-01-31T14:01:46.000Z</Time><Position><LatitudeDegrees>48.1889694</LatitudeDegrees><LongitudeDegrees>16.3190779</LongitudeDegrees></Position><AltitudeMeters>191</AltitudeMeters><DistanceMeters>1983.5</DistanceMeters><HeartRateBpm><Value>172</Value></HeartRateBpm><Extensions><TPX xmlns="http://www.garmin.com/xmlschemas/ActivityExtension/v2"><RunCadence>86</RunCadence><Speed>3.109375</Speed><Watts>267</Watts></TPX></Extensions></Trackpoint>
     <Trackpoint><Time>2026-01-31T14:01:47.000Z</Time><Position><LatitudeDegrees>48.1889806</LatitudeDegrees><LongitudeDegrees>16.3190464</LongitudeDegrees></Position><AltitudeMeters>191</AltitudeMeters><DistanceMeters>1986.7</DistanceMeters><HeartRateBpm><Value>172</Value></HeartRateBpm><Extensions><TPX xmlns="http://www.garmin.com/xmlschemas/ActivityExtension/v2"><RunCadence>86</RunCadence><Speed>3.109375</Speed><Watts>267</Watts></TPX></Extensions></Trackpoint>
     <Trackpoint><Time>2026-01-31T14:01:48.000Z</Time><Position><LatitudeDegrees>48.1889956</LatitudeDegrees><LongitudeDegrees>16.3190014</LongitudeDegrees></Position><AltitudeMeters>191</AltitudeMeters><DistanceMeters>1989.9</DistanceMeters><HeartRateBpm><Value>172</Value></HeartRateBpm><Extensions><TPX xmlns="http://www.garmin.com/xmlschemas/ActivityExtension/v2"><RunCadence>87</RunCadence><Speed>3.109375</Speed><Watts>269</Watts></TPX></Extensions></Trackpoint>
     <Trackpoint><Time>2026-01-31T14:01:49.000Z</Time><Position><LatitudeDegrees>48.1890096</LatitudeDegrees><LongitudeDegrees>16.3189700</LongitudeDegrees></Position><AltitudeMeters>191</AltitudeMeters><DistanceMeters>1992.8</DistanceMeters><HeartRateBpm><Value>172</Value></HeartRateBpm><Extensions><TPX xmlns="http://www.garmin.com/xmlschemas/ActivityExtension/v2"><RunCadence>87</RunCadence><Speed>3.109375</Speed><Watts>269</Watts></TPX></Extensions></Trackpoint>
     <Trackpoint><Time>2026-01-31T14:01:50.000Z</Time><Position><LatitudeDegrees>48.1890244</LatitudeDegrees><LongitudeDegrees>16.3189357</LongitudeDegrees></Position><AltitudeMeters>191</AltitudeMeters><DistanceMeters>1995.7</DistanceMeters><HeartRateBpm><Value>171</Value></HeartRateBpm><Extensions><TPX xmlns="http://www.garmin.com/xmlschemas/ActivityExtension/v2"><RunCadence>86</RunCadence><Speed>3.187500</Speed><Watts>271</Watts></TPX></Extensions></Trackpoint>
     <Trackpoint><Time>2026-01-31T14:01:51.000Z</Time><Position><LatitudeDegrees>48.1890366</LatitudeDegrees><LongitudeDegrees>16.3188920</LongitudeDegrees></Position><AltitudeMeters>191</AltitudeMeters><DistanceMeters>1998.7</DistanceMeters><HeartRateBpm><Value>171</Value></HeartRateBpm><Extensions><TPX xmlns="http://www.garmin.com/xmlschemas/ActivityExtension/v2"><RunCadence>86</RunCadence><Speed>3.187500</Speed><Watts>271</Watts></TPX></Extensions></Trackpoint>
    </Track>
   </Lap>
   <Lap StartTime="2026-01-31T14:01:52.000Z">
    <TotalTimeSeconds>380</TotalTimeSeconds>
    <DistanceMeters>1000</DistanceMeters>
    <MaximumSpeed>3.1</MaximumSpeed>
    <AverageHeartRateBpm><Value>174</Value></AverageHeartRateBpm>
    <MaximumHeartRateBpm><Value>179</Value></MaximumHeartRateBpm>
    <Calories>93</Calories>
    <Cadence>78</Cadence>
    <Track>
     <Trackpoint><Time>2026-01-31T14:01:52.000Z</Time><Position><LatitudeDegrees>48.1890494</LatitudeDegrees><LongitudeDegrees>16.3188643</LongitudeDegrees></Position><AltitudeMeters>191</AltitudeMeters><DistanceMeters>2001.7</DistanceMeters><HeartRateBpm><Value>171</Value></HeartRateBpm><Extensions><TPX xmlns="http://www.garmin.com/xmlschemas/ActivityExtension/v2"><RunCadence>83</RunCadence><Speed>3.187500</Speed><Watts>271</Watts></TPX></Extensions></Trackpoint>
     <Trackpoint><Time>2026-01-31T14:01:53.000Z</Time><Position><LatitudeDegrees>48.1890638</LatitudeDegrees><LongitudeDegrees>16.3188240</LongitudeDegrees></Position><AltitudeMeters>191</AltitudeMeters><DistanceMeters>2005.1</DistanceMeters><HeartRateBpm><Value>171</Value></HeartRateBpm><Extensions><TPX xmlns="http://www.garmin.com/xmlschemas/ActivityExtension/v2"><RunCadence>83</RunCadence><Speed>3.187500</Speed><Watts>271</Watts></TPX></Extensions></Trackpoint>
     <Trackpoint><Time>2026-01-31T14:01:54.000Z</Time><Position><LatitudeDegrees>48.1890779</LatitudeDegrees><LongitudeDegrees>16.3187843</LongitudeDegrees></Position><AltitudeMeters>191</AltitudeMeters><DistanceMeters>2008.4</DistanceMeters><HeartRateBpm><Value>171</Value></HeartRateBpm><Extensions><TPX xmlns="http://www.garmin.com/xmlschemas/ActivityExtension/v2"><RunCadence>80</RunCadence><Speed>3.187500</Speed><Watts>274</Watts></TPX></Extensions></Trackpoint>
     <Trackpoint><Time>2026-01-31T14:01:55.000Z</Time><Position><LatitudeDegrees>48.1890921</LatitudeDegrees><LongitudeDegrees>16.3187581</LongitudeDegrees></Position><AltitudeMeters>191</AltitudeMeters><DistanceMeters>2011.0</DistanceMeters><HeartRateBpm><Value>171</Value></HeartRateBpm><Extensions><TPX xmlns="http://www.garmin.com/xmlschemas/ActivityExtension/v2"><RunCadence>80</RunCadence><Speed>3.187500</Speed><Watts>274</Watts></TPX></Extensions></Trackpoint>
     <Trackpoint><Time>2026-01-31T14:01:56.000Z</Time><Position><LatitudeDegrees>48.1891011</LatitudeDegrees><LongitudeDegrees>16.3187256</LongitudeDegrees></Position><AltitudeMeters>191</AltitudeMeters><DistanceMeters>2013.5</DistanceMeters><HeartRateBpm><Value>171</Value></HeartRateBpm><Extensions><TPX xmlns="http://www.garmin.com/xmlschemas/ActivityExtension/v2"><RunCadence>80</RunCadence><Speed>3.175781</Speed><Watts>276</Watts></TPX></Extensions></Trackpoint>
     <Trackpoint><Time>2026-01-31T14:01:57.000Z</Time><Position><LatitudeDegrees>48.1891142</LatitudeDegrees><LongitudeDegrees>16.3186975</LongitudeDegrees></Position><AltitudeMeters>191</AltitudeMeters><DistanceMeters>2016.1</DistanceMeters><HeartRateBpm><Value>171</Value></HeartRateBpm><Extensions><TPX xmlns="http://www.garmin.com/xmlschemas/ActivityExtension/v2"><RunCadence>80</RunCadence><Speed>3.175781</Speed><Watts>276</Watts></TPX></Extensions></Trackpoint>
     <Trackpoint><Time>2026-01-31T14:01:58.000Z</Time><Position><LatitudeDegrees>48.1891310</LatitudeDegrees><LongitudeDegrees>16.3186703</LongitudeDegrees></Position><AltitudeMeters>191</AltitudeMeters><DistanceMeters>2018.8</DistanceMeters><HeartRateBpm><Value>171</Value></HeartRateBpm><Extensions><TPX xmlns="http://www.garmin.com/xmlschemas/ActivityExtension/v2"><RunCadence>83</RunCadence><Speed>3.175781</Speed><Watts>277</Watts></TPX></Extensions></Trackpoint>
     <Trackpoint><Time>2026-01-31T14:01:59.000Z</Time><Position><LatitudeDegrees>48.1891492</LatitudeDegrees><LongitudeDegrees>16.3186301</LongitudeDegrees></Position><AltitudeMeters>191</AltitudeMeters><DistanceMeters>2021.7</DistanceMeters><HeartRateBpm><Value>171</Value></HeartRateBpm><Extensions><TPX xmlns="http://www.garmin.com/xmlschemas/ActivityExtension/v2"><RunCadence>83</RunCadence><Speed>3.175781</Speed><Watts>277</Watts></TPX></Extensions></Trackpoint>
     <Trackpoint><Time>2026-01-31T14:02:00.000Z</Time><Position><LatitudeDegrees>48.1891607</LatitudeDegrees><LongitudeDegrees>16.3186050</LongitudeDegrees></Position><AltitudeMeters>191</AltitudeMeters><DistanceMeters>2024.6</DistanceMeters><HeartRateBpm><Value>172</Value></HeartRateBpm><Extensions><TPX xmlns="http://www.garmin.com/xmlschemas/ActivityExtension/v2"><RunCadence>86</RunCadence><Speed>3.167969</Speed><Watts>277</Watts></TPX></Extensions></Trackpoint>
     <Trackpoint><Time>2026-01-31T14:02:01.000Z</Time><Position><LatitudeDegrees>48.1891767</LatitudeDegrees><LongitudeDegrees>16.3185847</LongitudeDegrees></Position><AltitudeMeters>191</AltitudeMeters><DistanceMeters>2027.4</DistanceMeters><HeartRateBpm><Value>172</Value></HeartRateBpm><Extensions><TPX xmlns="http://www.garmin.com/xmlschemas/ActivityExtension/v2"><RunCadence>86</RunCadence><Speed>3.167969</Speed><Watts>277</Watts></TPX></Extensions></Trackpoint>
     <Trackpoint><Time>2026-01-31T14:02:02.000Z</Time><Position><LatitudeDegrees>48.1891998</LatitudeDegrees><LongitudeDegrees>16.3185598</LongitudeDegrees></Position><AltitudeMeters>191</AltitudeMeters><DistanceMeters>2030.1</DistanceMeters><HeartRateBpm><Value>172</Value></HeartRateBpm><Extensions><TPX xmlns="http://www.garmin.com/xmlschemas/ActivityExtension/v2"><RunCadence>79</RunCadence><Speed>3.167969</Speed><Watts>277</Watts></TPX></Extensions></Trackpoint>
     <Trackpoint><Time>2026-01-31T14:02:03.000Z</Time><Position><LatitudeDegrees>48.1892155</LatitudeDegrees><LongitudeDegrees>16.3185515</LongitudeDegrees></Position><AltitudeMeters>191</AltitudeMeters><DistanceMeters>2032.6</DistanceMeters><HeartRateBpm><Value>172</Value></HeartRateBpm><Extensions><TPX xmlns="http://www.garmin.com/xmlschemas/ActivityExtension/v2"><RunCadence>79</RunCadence><Speed>3.167969</Speed><Watts>277</Watts></TPX></Extensions></Trackpoint>
     <Trackpoint><Time>2026-01-31T14:02:04.000Z</Time><Position><LatitudeDegrees>48.1892412</LatitudeDegrees><LongitudeDegrees>16.3185455</LongitudeDegrees></Position><AltitudeMeters>191</AltitudeMeters><DistanceMeters>2035.0</DistanceMeters><HeartRateBpm><Value>172</Value></HeartRateBpm><Extensions><TPX xmlns="http://www.garmin.com/xmlschemas/ActivityExtension/v2"><RunCadence>79</RunCadence><Speed>3.167969</Speed><Watts>277</Watts></TPX></Extensions></Trackpoint>
     <Trackpoint><Time>2026-01-31T14:02:05.000Z</Time><Position><LatitudeDegrees>48.1892635</LatitudeDegrees><LongitudeDegrees>16.3185354</LongitudeDegrees></Position><AltitudeMeters>191</AltitudeMeters><DistanceMeters>2037.4</DistanceMeters><HeartRateBpm><Value>173</Value></HeartRateBpm><Extensions><TPX xmlns="http://www.garmin.com/xmlschemas/ActivityExtension/v2"><RunCadence>77</RunCadence><Speed>3.167969</Speed><Watts>273</Watts></TPX></Extensions></Trackpoint>
     <Trackpoint><Time>2026-01-31T14:02:06.000Z</Time><Position><LatitudeDegrees>48.1892826</LatitudeDegrees><LongitudeDegrees>16.3185290</LongitudeDegrees></Position><AltitudeMeters>191</AltitudeMeters><DistanceMeters>2040.1</DistanceMeters><HeartRateBpm><Value>173</Value></HeartRateBpm><Extensions><TPX xmlns="http://www.garmin.com/xmlschemas/ActivityExtension/v2"><RunCadence>77</RunCadence><Speed>3.167969</Speed><Watts>273</Watts></TPX></Extensions></Trackpoint>
     <Trackpoint><Time>2026-01-31T14:02:07.000Z</Time><Position><LatitudeDegrees>48.1893048</LatitudeDegrees><LongitudeDegrees>16.3185156</LongitudeDegrees></Position><AltitudeMeters>191</AltitudeMeters><DistanceMeters>2042.8</DistanceMeters><HeartRateBpm><Value>173</Value></HeartRateBpm><Extensions><TPX xmlns="http://www.garmin.com/xmlschemas/ActivityExtension/v2"><RunCadence>77</RunCadence><Speed>3.167969</Speed><Watts>273</Watts></TPX></Extensions></Trackpoint>
     <Trackpoint><Time>2026-01-31T14:02:08.000Z</Time><Position><LatitudeDegrees>48.1893305</LatitudeDegrees><LongitudeDegrees>16.3184941</LongitudeDegrees></Position><AltitudeMeters>191</AltitudeMeters><DistanceMeters>2045.5</DistanceMeters><HeartRateBpm><Value>174</Value></HeartRateBpm><Extensions><TPX xmlns="http://www.garmin.com/xmlschemas/ActivityExtension/v2"><RunCadence>83</RunCadence><Speed>3.164062</Speed><Watts>265</Watts></TPX></Extensions></Trackpoint>
     <Trackpoint><Time>2026-01-31T14:02:09.000Z</Time><Position><LatitudeDegrees>48.1893482</LatitudeDegrees><LongitudeDegrees>16.3184879</LongitudeDegrees></Position><AltitudeMeters>191</AltitudeMeters><DistanceMeters>2048.2</DistanceMeters><HeartRateBpm><Value>174</Value></HeartRateBpm><Extensions><TPX xmlns="http://www.garmin.com/xmlschemas/ActivityExtension/v2"><RunCadence>83</RunCadence><Speed>3.164062</Speed><Watts>265</Watts></TPX></Extensions></Trackpoint>
     <Trackpoint><Time>2026-01-31T14:02:10.000Z</Time><Position><LatitudeDegrees>48.1893700</LatitudeDegrees><LongitudeDegrees>16.3184735</LongitudeDegrees></Position><AltitudeMeters>191</AltitudeMeters><DistanceMeters>2051.0</DistanceMeters><HeartRateBpm><Value>174</Value></HeartRateBpm><Extensions><TPX xmlns="http://www.garmin.com/xmlschemas/ActivityExtension/v2"><RunCadence>83</RunCadence><Speed>3.164062</Speed><Watts>265</Watts></TPX></Extensions></Trackpoint>
     <Trackpoint><Time>2026-01-31T14:02:11.000Z</Time><Position><LatitudeDegrees>48.1893996</LatitudeDegrees><LongitudeDegrees>16.3184535</LongitudeDegrees></Position><AltitudeMeters>191</AltitudeMeters><DistanceMeters>2053.7</DistanceMeters><HeartRateBpm><Value>174</Value></HeartRateBpm><Extensions><TPX xmlns="http://www.garmin.com/xmlschemas/ActivityExtension/v2"><RunCadence>82</RunCadence><Speed>3.164062</Speed><Watts>262</Watts></TPX></Extensions></Trackpoint>
     <Trackpoint><Time>2026-01-31T14:02:12.000Z</Time><Position><LatitudeDegrees>48.1894215</LatitudeDegrees><LongitudeDegrees>16.3184487</LongitudeDegrees></Position><AltitudeMeters>191</AltitudeMeters><DistanceMeters>2056.3</DistanceMeters><HeartRateBpm><Value>174</Value></HeartRateBpm><Extensions><TPX xmlns="http://www.garmin.com/xmlschemas/ActivityExtension/v2"><RunCadence>82</RunCadence><Speed>3.164062</Speed><Watts>262</Watts></TPX></Extensions></Trackpoint>
     <Trackpoint><Time>2026-01-31T14:02:13.000Z</Time><Position><LatitudeDegrees>48.1894426</LatitudeDegrees><LongitudeDegrees>16.3184303</LongitudeDegrees></Position><AltitudeMeters>191</AltitudeMeters><DistanceMeters>2058.8</DistanceMeters><HeartRateBpm><Value>174</Value></HeartRateBpm><Extensions><TPX xmlns="http://www.garmin.com/xmlschemas/ActivityExtension/v2"><RunCadence>80</RunCadence><Speed>3.167969</Speed><Watts>262</Watts></TPX></Extensions></Trackpoint>
     <Trackpoint><Time>2026-01-31T14:02:14.000Z</Time><Position><LatitudeDegrees>48.1894635</LatitudeDegrees><LongitudeDegrees>16.3184163</LongitudeDegrees></Position><AltitudeMeters>191</AltitudeMeters><DistanceMeters>2061.4</DistanceMeters><HeartRateBpm><Value>174</Value></HeartRateBpm><Extensions><TPX xmlns="http://www.garmin.com/xmlschemas/ActivityExtension/v2"><RunCadence>80</RunCadence><Speed>3.167969</Speed><Watts>262</Watts></TPX></Extensions></Trackpoint>
     <Trackpoint><Time>2026-01-31T14:02:15.000Z</Time><Position><LatitudeDegrees>48.1894834</LatitudeDegrees><LongitudeDegrees>16.3183953</LongitudeDegrees></Position><AltitudeMeters>191</AltitudeMeters><DistanceMeters>2064.1</DistanceMeters><HeartRateBpm><Value>174</Value></HeartRateBpm><Extensions><TPX xmlns="http://www.garmin.com/xmlschemas/ActivityExtension/v2"><RunCadence>78</RunCadence><Speed>3.167969</Speed><Watts>262</Watts></TPX></Extensions></Trackpoint>
     <Trackpoint><Time>2026-01-31T14:02:16.000Z</Time><Position><LatitudeDegrees>48.1895066</LatitudeDegrees><LongitudeDegrees>16.3183702</LongitudeDegrees></Position><AltitudeMeters>191</AltitudeMeters><DistanceMeters>2067.3</DistanceMeters><HeartRateBpm><Value>174</Value></HeartRateBpm><Extensions><TPX xmlns="http://www.garmin.com/xmlschemas/ActivityExtension/v2"><RunCadence>78</RunCadence><Speed>3.167969</Speed><Watts>262</Watts></TPX></Extensions></Trackpoint>
     <Trackpoint><Time>2026-01-31T14:02:17.000Z</Time><Position><LatitudeDegrees>48.1895305</LatitudeDegrees><LongitudeDegrees>16.3183430</LongitudeDegrees></Position><AltitudeMeters>192</AltitudeMeters><DistanceMeters>2070.6</DistanceMeters><HeartRateBpm><Value>174</Value></HeartRateBpm><Extensions><TPX xmlns="http://www.garmin.com/xmlschemas/ActivityExtension/v2"><RunCadence>80</RunCadence><Speed>3.167969</Speed><Watts>262</Watts></TPX></Extensions></Trackpoint>
     <Trackpoint><Time>2026-01-31T14:02:18.000Z</Time><Position><LatitudeDegrees>48.1895535</LatitudeDegrees><LongitudeDegrees>16.3183236</LongitudeDegrees></Position><AltitudeMeters>192</AltitudeMeters><DistanceMeters>2073.6</DistanceMeters><HeartRateBpm><Value>174</Value></HeartRateBpm><Extensions><TPX xmlns="http://www.garmin.com/xmlschemas/ActivityExtension/v2"><RunCadence>80</RunCadence><Speed>3.167969</Speed><Watts>262</Watts></TPX></Extensions></Trackpoint>
     <Trackpoint><Time>2026-01-31T14:02:19.000Z</Time><Position><LatitudeDegrees>48.1895726</LatitudeDegrees><LongitudeDegrees>16.3182933</LongitudeDegrees></Position><AltitudeMeters>192</AltitudeMeters><DistanceMeters>2076.5</DistanceMeters><HeartRateBpm><Value>174</Value></HeartRateBpm><Extensions><TPX xmlns="http://www.garmin.com/xmlschemas/ActivityExtension/v2"><RunCadence>82</RunCadence><Speed>3.160156</Speed><Watts>263</Watts></TPX></Extensions></Trackpoint>
     <Trackpoint><Time>2026-01-31T14:02:20.000Z</Time><Position><LatitudeDegrees>48.1895871</LatitudeDegrees><LongitudeDegrees>16.3182709</LongitudeDegrees></Position><AltitudeMeters>192</AltitudeMeters><DistanceMeters>2079.1</DistanceMeters><HeartRateBpm><Value>174</Value></HeartRateBpm><Extensions><TPX xmlns="http://www.garmin.com/xmlschemas/ActivityExtension/v2"><RunCadence>82</RunCadence><Speed>3.160156</Speed><Watts>263</Watts></TPX></Extensions></Trackpoint>
     <Trackpoint><Time>2026-01-31T14:02:21.000Z</Time><Position><LatitudeDegrees>48.1896084</LatitudeDegrees><LongitudeDegrees>16.3182510</LongitudeDegrees></Position><AltitudeMeters>192</AltitudeMeters><DistanceMeters>2081.6</DistanceMeters><HeartRateBpm><Value>174</Value></HeartRateBpm><Extensions><TPX xmlns="http://www.garmin.com/xmlschemas/ActivityExtension/v2"><RunCadence>82</RunCadence><Speed>3.160156</Speed><Watts>264</Watts></TPX></Extensions></Trackpoint>
     <Trackpoint><Time>2026-01-31T14:02:22.000Z</Time><Position><LatitudeDegrees>48.1896308</LatitudeDegrees><LongitudeDegrees>16.3182149</LongitudeDegrees></Position><AltitudeMeters>192</AltitudeMeters><DistanceMeters>2085.0</DistanceMeters><HeartRateBpm><Value>174</Value></HeartRateBpm><Extensions><TPX xmlns="http://www.garmin.com/xmlschemas/ActivityExtension/v2"><RunCadence>82</RunCadence><Speed>3.160156</Speed><Watts>264</Watts></TPX></Extensions></Trackpoint>
     <Trackpoint><Time>2026-01-31T14:02:23.000Z</Time><Position><LatitudeDegrees>48.1896511</LatitudeDegrees><LongitudeDegrees>16.3181866</LongitudeDegrees></Position><AltitudeMeters>192</AltitudeMeters><DistanceMeters>2088.3</DistanceMeters><HeartRateBpm><Value>174</Value></HeartRateBpm><Extensions><TPX xmlns="http://www.garmin.com/xmlschemas/ActivityExtension/v2"><RunCadence>83</RunCadence><Speed>3.207031</Speed><Watts>264</Watts></TPX></Extensions></Trackpoint>
     <Trackpoint><Time>2026-01-31T14:02:24.000Z</Time><Position><LatitudeDegrees>48.1896644</LatitudeDegrees><LongitudeDegrees>16.3181524</LongitudeDegrees></Position><AltitudeMeters>192</AltitudeMeters><DistanceMeters>2091.2</DistanceMeters><HeartRateBpm><Value>174</Value></HeartRateBpm><Extensions><TPX xmlns="http://www.garmin.com/xmlschemas/ActivityExtension/v2"><RunCadence>83</RunCadence><Speed>3.207031</Speed><Watts>264</Watts></TPX></Extensions></Trackpoint>
     <Trackpoint><Time>2026-01-31T14:02:25.000Z</Time><Position><LatitudeDegrees>48.1896738</LatitudeDegrees><LongitudeDegrees>16.3181184</LongitudeDegrees></Position><AltitudeMeters>192</AltitudeMeters><DistanceMeters>2094.0</DistanceMeters><HeartRateBpm><Value>174</Value></HeartRateBpm><Extensions><TPX xmlns="http://www.garmin.com/xmlschemas/ActivityExtension/v2"><RunCadence>83</RunCadence><Speed>3.207031</Speed><Watts>264</Watts></TPX></Extensions></Trackpoint>
     <Trackpoint><Time>2026-01-31T14:02:26.000Z</Time><Position><LatitudeDegrees>48.1896811</LatitudeDegrees><LongitudeDegrees>16.3180823</LongitudeDegrees></Position><AltitudeMeters>192</AltitudeMeters><DistanceMeters>2097.2</DistanceMeters><HeartRateBpm><Value>174</Value></HeartRateBpm><Extensions><TPX xmlns="http://www.garmin.com/xmlschemas/ActivityExtension/v2"><RunCadence>83</RunCadence><Speed>3.207031</Speed><Watts>264</Watts></TPX></Extensions></Trackpoint>
     <Trackpoint><Time>2026-01-31T14:02:27.000Z</Time><Position><LatitudeDegrees>48.1896815</LatitudeDegrees><LongitudeDegrees>16.3180321</LongitudeDegrees></Position><AltitudeMeters>192</AltitudeMeters><DistanceMeters>2100.4</DistanceMeters><HeartRateBpm><Value>174</Value></HeartRateBpm><Extensions><TPX xmlns="http://www.garmin.com/xmlschemas/ActivityExtension/v2"><RunCadence>83</RunCadence><Speed>3.207031</Speed><Watts>263</Watts></TPX></Extensions></Trackpoint>
     <Trackpoint><Time>2026-01-31T14:02:28.000Z</Time><Position><LatitudeDegrees>48.1896877</LatitudeDegrees><LongitudeDegrees>16.3179917</LongitudeDegrees></Position><AltitudeMeters>192</AltitudeMeters><DistanceMeters>2103.4</DistanceMeters><HeartRateBpm><Value>174</Value></HeartRateBpm><Extensions><TPX xmlns="http://www.garmin.com/xmlschemas/ActivityExtension/v2"><RunCadence>83</RunCadence><Speed>3.207031</Speed><Watts>263</Watts></TPX></Extensions></Trackpoint>
     <Trackpoint><Time>2026-01-31T14:02:29.000Z</Time><Position><LatitudeDegrees>48.1897006</LatitudeDegrees><LongitudeDegrees>16.3179569</LongitudeDegrees></Position><AltitudeMeters>192</AltitudeMeters><DistanceMeters>2106.4</DistanceMeters><HeartRateBpm><Value>174</Value></HeartRateBpm><Extensions><TPX xmlns="http://www.garmin.com/xmlschemas/ActivityExtension/v2"><RunCadence>79</RunCadence><Speed>3.199219</Speed><Watts>259</Watts></TPX></Extensions></Trackpoint>
     <Trackpoint><Time>2026-01-31T14:02:30.000Z</Time><Position><LatitudeDegrees>48.1897078</LatitudeDegrees><LongitudeDegrees>16.3179262</LongitudeDegrees></Position><AltitudeMeters>192</AltitudeMeters><DistanceMeters>2109.2</DistanceMeters><HeartRateBpm><Value>174</Value></HeartRateBpm><Extensions><TPX xmlns="http://www.garmin.com/xmlschemas/ActivityExtension/v2"><RunCadence>79</RunCadence><Speed>3.199219</Speed><Watts>259</Watts></TPX></Extensions></Trackpoint>
     <Trackpoint><Time>2026-01-31T14:02:31.000Z</Time><Position><LatitudeDegrees>48.1897193</LatitudeDegrees><LongitudeDegrees>16.3178871</LongitudeDegrees></Position><AltitudeMeters>192</AltitudeMeters><DistanceMeters>2112.0</DistanceMeters><HeartRateBpm><Value>174</Value></HeartRateBpm><Extensions><TPX xmlns="http://www.garmin.com/xmlschemas/ActivityExtension/v2"><RunCadence>80</RunCadence><Speed>3.199219</Speed><Watts>259</Watts></TPX></Extensions></Trackpoint>
     <Trackpoint><Time>2026-01-31T14:02:32.000Z</Time><Position><LatitudeDegrees>48.1897229</LatitudeDegrees><LongitudeDegrees>16.3178434</LongitudeDegrees></Position><AltitudeMeters>192</AltitudeMeters><DistanceMeters>2115.2</DistanceMeters><HeartRateBpm><Value>174</Value></HeartRateBpm><Extensions><TPX xmlns="http://www.garmin.com/xmlschemas/ActivityExtension/v2"><RunCadence>80</RunCadence><Speed>3.199219</Speed><Watts>259</Watts></TPX></Extensions></Trackpoint>
     <Trackpoint><Time>2026-01-31T14:02:33.000Z</Time><Position><LatitudeDegrees>48.1897231</LatitudeDegrees><LongitudeDegrees>16.3178010</LongitudeDegrees></Position><AltitudeMeters>192</AltitudeMeters><DistanceMeters>2118.4</DistanceMeters><HeartRateBpm><Value>174</Value></HeartRateBpm><Extensions><TPX xmlns="http://www.garmin.com/xmlschemas/ActivityExtension/v2"><RunCadence>84</RunCadence><Speed>3.218750</Speed><Watts>262</Watts></TPX></Extensions></Trackpoint>
     <Trackpoint><Time>2026-01-31T14:02:34.000Z</Time><Position><LatitudeDegrees>48.1897324</LatitudeDegrees><LongitudeDegrees>16.3177710</LongitudeDegrees></Position><AltitudeMeters>192</AltitudeMeters><DistanceMeters>2120.9</DistanceMeters><HeartRateBpm><Value>174</Value></HeartRateBpm><Extensions><TPX xmlns="http://www.garmin.com/xmlschemas/ActivityExtension/v2"><RunCadence>84</RunCadence><Speed>3.218750</Speed><Watts>262</Watts></TPX></Extensions></Trackpoint>
     <Trackpoint><Time>2026-01-31T14:02:35.000Z</Time><Position><LatitudeDegrees>48.1897439</LatitudeDegrees><LongitudeDegrees>16.3177411</LongitudeDegrees></Position><AltitudeMeters>192</AltitudeMeters><DistanceMeters>2123.4</DistanceMeters><HeartRateBpm><Value>174</Value></HeartRateBpm><Extensions><TPX xmlns="http://www.garmin.com/xmlschemas/ActivityExtension/v2"><RunCadence>82</RunCadence><Speed>3.218750</Speed><Watts>262</Watts></TPX></Extensions></Trackpoint>
     <Trackpoint><Time>2026-01-31T14:02:36.000Z</Time><Position><LatitudeDegrees>48.1897572</LatitudeDegrees><LongitudeDegrees>16.3177147</LongitudeDegrees></Position><AltitudeMeters>192</AltitudeMeters><DistanceMeters>2125.9</DistanceMeters><HeartRateBpm><Value>174</Value></HeartRateBpm><Extensions><TPX xmlns="http://www.garmin.com/xmlschemas/ActivityExtension/v2"><RunCadence>82</RunCadence><Speed>3.218750</Speed><Watts>262</Watts></TPX></Extensions></Trackpoint>
     <Trackpoint><Time>2026-01-31T14:02:37.000Z</Time><Position><LatitudeDegrees>48.1897704</LatitudeDegrees><LongitudeDegrees>16.3176911</LongitudeDegrees></Position><AltitudeMeters>192</AltitudeMeters><DistanceMeters>2128.4</DistanceMeters><HeartRateBpm><Value>174</Value></HeartRateBpm><Extensions><TPX xmlns="http://www.garmin.com/xmlschemas/ActivityExtension/v2"><RunCadence>82</RunCadence><Speed>3.218750</Speed><Watts>262</Watts></TPX></Extensions></Trackpoint>
     <Trackpoint><Time>2026-01-31T14:02:38.000Z</Time><Position><LatitudeDegrees>48.1897809</LatitudeDegrees><LongitudeDegrees>16.3176574</LongitudeDegrees></Position><AltitudeMeters>192</AltitudeMeters><DistanceMeters>2130.8</DistanceMeters><HeartRateBpm><Value>174</Value></HeartRateBpm><Extensions><TPX xmlns="http://www.garmin.com/xmlschemas/ActivityExtension/v2"><RunCadence>80</RunCadence><Speed>3.218750</Speed><Watts>262</Watts></TPX></Extensions></Trackpoint>
     <Trackpoint><Time>2026-01-31T14:02:39.000Z</Time><Position><LatitudeDegrees>48.1897978</LatitudeDegrees><LongitudeDegrees>16.3176422</LongitudeDegrees></Position><AltitudeMeters>192</AltitudeMeters><DistanceMeters>2133.6</DistanceMeters><HeartRateBpm><Value>174</Value></HeartRateBpm><Extensions><TPX xmlns="http://www.garmin.com/xmlschemas/ActivityExtension/v2"><RunCadence>80</RunCadence><Speed>3.218750</Speed><Watts>262</Watts></TPX></Extensions></Trackpoint>
     <Trackpoint><Time>2026-01-31T14:02:40.000Z</Time><Position><LatitudeDegrees>48.1898053</LatitudeDegrees><LongitudeDegrees>16.3176069</LongitudeDegrees></Position><AltitudeMeters>192</AltitudeMeters><DistanceMeters>2136.4</DistanceMeters><HeartRateBpm><Value>174</Value></HeartRateBpm><Extensions><TPX xmlns="http://www.garmin.com/xmlschemas/ActivityExtension/v2"><RunCadence>80</RunCadence><Speed>3.218750</Speed><Watts>262</Watts></TPX></Extensions></Trackpoint>
     <Trackpoint><Time>2026-01-31T14:02:41.000Z</Time><Position><LatitudeDegrees>48.1898058</LatitudeDegrees><LongitudeDegrees>16.3175508</LongitudeDegrees></Position><AltitudeMeters>192</AltitudeMeters><DistanceMeters>2139.2</DistanceMeters><HeartRateBpm><Value>174</Value></HeartRateBpm><Extensions><TPX xmlns="http://www.garmin.com/xmlschemas/ActivityExtension/v2"><RunCadence>78</RunCadence><Speed>3.246094</Speed><Watts>262</Watts></TPX></Extensions></Trackpoint>
     <Trackpoint><Time>2026-01-31T14:02:42.000Z</Time><Position><LatitudeDegrees>48.1898051</LatitudeDegrees><LongitudeDegrees>16.3175038</LongitudeDegrees></Position><AltitudeMeters>192</AltitudeMeters><DistanceMeters>2142.1</DistanceMeters><HeartRateBpm><Value>174</Value></HeartRateBpm><Extensions><TPX xmlns="http://www.garmin.com/xmlschemas/ActivityExtension/v2"><RunCadence>78</RunCadence><Speed>3.246094</Speed><Watts>262</Watts></TPX></Extensions></Trackpoint>
     <Trackpoint><Time>2026-01-31T14:02:43.000Z</Time><Position><LatitudeDegrees>48.1898065</LatitudeDegrees><LongitudeDegrees>16.3174725</LongitudeDegrees></Position><AltitudeMeters>192</AltitudeMeters><DistanceMeters>2145.0</DistanceMeters><HeartRateBpm><Value>174</Value></HeartRateBpm><Extensions><TPX xmlns="http://www.garmin.com/xmlschemas/ActivityExtension/v2"><RunCadence>81</RunCadence><Speed>3.246094</Speed><Watts>262</Watts></TPX></Extensions></Trackpoint>
     <Trackpoint><Time>2026-01-31T14:02:44.000Z</Time><Position><LatitudeDegrees>48.1898122</LatitudeDegrees><LongitudeDegrees>16.3174312</LongitudeDegrees></Position><AltitudeMeters>192</AltitudeMeters><DistanceMeters>2147.9</DistanceMeters><HeartRateBpm><Value>174</Value></HeartRateBpm><Extensions><TPX xmlns="http://www.garmin.com/xmlschemas/ActivityExtension/v2"><RunCadence>81</RunCadence><Speed>3.246094</Speed><Watts>262</Watts></TPX></Extensions></Trackpoint>
     <Trackpoint><Time>2026-01-31T14:02:45.000Z</Time><Position><LatitudeDegrees>48.1898190</LatitudeDegrees><LongitudeDegrees>16.3173972</LongitudeDegrees></Position><AltitudeMeters>192</AltitudeMeters><DistanceMeters>2150.8</DistanceMeters><HeartRateBpm><Value>174</Value></HeartRateBpm><Extensions><TPX xmlns="http://www.garmin.com/xmlschemas/ActivityExtension/v2"><RunCadence>77</RunCadence><Speed>3.257812</Speed><Watts>262</Watts></TPX></Extensions></Trackpoint>
     <Trackpoint><Time>2026-01-31T14:02:46.000Z</Time><Position><LatitudeDegrees>48.1898212</LatitudeDegrees><LongitudeDegrees>16.3173543</LongitudeDegrees></Position><AltitudeMeters>192</AltitudeMeters><DistanceMeters>2154.1</DistanceMeters><HeartRateBpm><Value>174</Value></HeartRateBpm><Extensions><TPX xmlns="http://www.garmin.com/xmlschemas/ActivityExtension/v2"><RunCadence>77</RunCadence><Speed>3.257812</Speed><Watts>262</Watts></TPX></Extensions></Trackpoint>
     <Trackpoint><Time>2026-01-31T14:02:47.000Z</Time><Position><LatitudeDegrees>48.1898224</LatitudeDegrees><LongitudeDegrees>16.3173076</LongitudeDegrees></Position><AltitudeMeters>192</AltitudeMeters><DistanceMeters>2157.4</DistanceMeters><HeartRateBpm><Value>174</Value></HeartRateBpm><Extensions><TPX xmlns="http://www.garmin.com/xmlschemas/ActivityExtension/v2"><RunCadence>77</RunCadence><Speed>3.257812</Speed><Watts>262</Watts></TPX></Extensions></Trackpoint>
     <Trackpoint><Time>2026-01-31T14:02:48.000Z</Time><Position><LatitudeDegrees>48.1898237</LatitudeDegrees><LongitudeDegrees>16.3172650</LongitudeDegrees></Position><AltitudeMeters>192</AltitudeMeters><DistanceMeters>2160.6</DistanceMeters><HeartRateBpm><Value>174</Value></HeartRateBpm><Extensions><TPX xmlns="http://www.garmin.com/xmlschemas/ActivityExtension/v2"><RunCadence>77</RunCadence><Speed>3.257812</Speed><Watts>262</Watts></TPX></Extensions></Trackpoint>
     <Trackpoint><Time>2026-01-31T14:02:49.000Z</Time><Position><LatitudeDegrees>48.1898298</LatitudeDegrees><LongitudeDegrees>16.3172242</LongitudeDegrees></Position><AltitudeMeters>192</AltitudeMeters><DistanceMeters>2163.7</DistanceMeters><HeartRateBpm><Value>175</Value></HeartRateBpm><Extensions><TPX xmlns="http://www.garmin.com/xmlschemas/ActivityExtension/v2"><RunCadence>74</RunCadence><Speed>3.257812</Speed><Watts>265</Watts></TPX></Extensions></Trackpoint>
     <Trackpoint><Time>2026-01-31T14:02:50.000Z</Time><Position><LatitudeDegrees>48.1898369</LatitudeDegrees><LongitudeDegrees>16.3171854</LongitudeDegrees></Position><AltitudeMeters>192</AltitudeMeters><DistanceMeters>2166.4</DistanceMeters><HeartRateBpm><Value>175</Value></HeartRateBpm><Extensions><TPX xmlns="http://www.garmin.com/xmlschemas/ActivityExtension/v2"><RunCadence>74</RunCadence><Speed>3.257812</Speed><Watts>265</Watts></TPX></Extensions></Trackpoint>
     <Trackpoint><Time>2026-01-31T14:02:51.000Z</Time><Position><LatitudeDegrees>48.1898423</LatitudeDegrees><LongitudeDegrees>16.3171522</LongitudeDegrees></Position><AltitudeMeters>192</AltitudeMeters><DistanceMeters>2169.2</DistanceMeters><HeartRateBpm><Value>175</Value></HeartRateBpm><Extensions><TPX xmlns="http://www.garmin.com/xmlschemas/ActivityExtension/v2"><RunCadence>76</RunCadence><Speed>3.222656</Speed><Watts>269</Watts></TPX></Extensions></Trackpoint>
     <Trackpoint><Time>2026-01-31T14:02:52.000Z</Time><Position><LatitudeDegrees>48.1898432</LatitudeDegrees><LongitudeDegrees>16.3171148</LongitudeDegrees></Position><AltitudeMeters>192</AltitudeMeters><DistanceMeters>2172.3</DistanceMeters><HeartRateBpm><Value>175</Value></HeartRateBpm><Extensions><TPX xmlns="http://www.garmin.com/xmlschemas/ActivityExtension/v2"><RunCadence>76</RunCadence><Speed>3.222656</Speed><Watts>269</Watts></TPX></Extensions></Trackpoint>
     <Trackpoint><Time>2026-01-31T14:02:53.000Z</Time><Position><LatitudeDegrees>48.1898517</LatitudeDegrees><LongitudeDegrees>16.3170694</LongitudeDegrees></Position><AltitudeMeters>192</AltitudeMeters><DistanceMeters>2175.4</DistanceMeters><HeartRateBpm><Value>175</Value></HeartRateBpm><Extensions><TPX xmlns="http://www.garmin.com/xmlschemas/ActivityExtension/v2"><RunCadence>75</RunCadence><Speed>3.222656</Speed><Watts>269</Watts></TPX></Extensions></Trackpoint>
     <Trackpoint><Time>2026-01-31T14:02:54.000Z</Time><Position><LatitudeDegrees>48.1898548</LatitudeDegrees><LongitudeDegrees>16.3170327</LongitudeDegrees></Position><AltitudeMeters>192</AltitudeMeters><DistanceMeters>2178.3</DistanceMeters><HeartRateBpm><Value>175</Value></HeartRateBpm><Extensions><TPX xmlns="http://www.garmin.com/xmlschemas/ActivityExtension/v2"><RunCadence>75</RunCadence><Speed>3.222656</Speed><Watts>269</Watts></TPX></Extensions></Trackpoint>
     <Trackpoint><Time>2026-01-31T14:02:55.000Z</Time><Position><LatitudeDegrees>48.1898561</LatitudeDegrees><LongitudeDegrees>16.3169917</LongitudeDegrees></Position><AltitudeMeters>192</AltitudeMeters><DistanceMeters>2181.2</DistanceMeters><HeartRateBpm><Value>174</Value></HeartRateBpm><Extensions><TPX xmlns="http://www.garmin.com/xmlschemas/ActivityExtension/v2"><RunCadence>74</RunCadence><Speed>3.222656</Speed><Watts>269</Watts></TPX></Extensions></Trackpoint>
     <Trackpoint><Time>2026-01-31T14:02:56.000Z</Time><Position><LatitudeDegrees>48.1898640</LatitudeDegrees><LongitudeDegrees>16.3169603</LongitudeDegrees></Position><AltitudeMeters>192</AltitudeMeters><DistanceMeters>2183.8</DistanceMeters><HeartRateBpm><Value>174</Value></HeartRateBpm><Extensions><TPX xmlns="http://www.garmin.com/xmlschemas/ActivityExtension/v2"><RunCadence>74</RunCadence><Speed>3.222656</Speed><Watts>269</Watts></TPX></Extensions></Trackpoint>
     <Trackpoint><Time>2026-01-31T14:02:57.000Z</Time><Position><LatitudeDegrees>48.1898773</LatitudeDegrees><LongitudeDegrees>16.3169278</LongitudeDegrees></Position><AltitudeMeters>192</AltitudeMeters><DistanceMeters>2186.5</DistanceMeters><HeartRateBpm><Value>174</Value></HeartRateBpm><Extensions><TPX xmlns="http://www.garmin.com/xmlschemas/ActivityExtension/v2"><RunCadence>74</RunCadence><Speed>3.226562</Speed><Watts>270</Watts></TPX></Extensions></Trackpoint>
     <Trackpoint><Time>2026-01-31T14:02:58.000Z</Time><Position><LatitudeDegrees>48.1898842</LatitudeDegrees><LongitudeDegrees>16.3168815</LongitudeDegrees></Position><AltitudeMeters>192</AltitudeMeters><DistanceMeters>2189.5</DistanceMeters><HeartRateBpm><Value>174</Value></HeartRateBpm><Extensions><TPX xmlns="http://www.garmin.com/xmlschemas/ActivityExtension/v2"><RunCadence>74</RunCadence><Speed>3.226562</Speed><Watts>270</Watts></TPX></Extensions></Trackpoint>
     <Trackpoint><Time>2026-01-31T14:02:59.000Z</Time><Position><LatitudeDegrees>48.1898874</LatitudeDegrees><LongitudeDegrees>16.3168470</LongitudeDegrees></Position><AltitudeMeters>192</AltitudeMeters><DistanceMeters>2192.6</DistanceMeters><HeartRateBpm><Value>174</Value></HeartRateBpm><Extensions><TPX xmlns="http://www.garmin.com/xmlschemas/ActivityExtension/v2"><RunCadence>76</RunCadence><Speed>3.226562</Speed><Watts>270</Watts></TPX></Extensions></Trackpoint>
     <Trackpoint><Time>2026-01-31T14:03:00.000Z</Time><Position><LatitudeDegrees>48.1898924</LatitudeDegrees><LongitudeDegrees>16.3168076</LongitudeDegrees></Position><AltitudeMeters>192</AltitudeMeters><DistanceMeters>2195.7</DistanceMeters><HeartRateBpm><Value>174</Value></HeartRateBpm><Extensions><TPX xmlns="http://www.garmin.com/xmlschemas/ActivityExtension/v2"><RunCadence>76</RunCadence><Speed>3.226562</Speed><Watts>270</Watts></TPX></Extensions></Trackpoint>
     <Trackpoint><Time>2026-01-31T14:03:01.000Z</Time><Position><LatitudeDegrees>48.1899013</LatitudeDegrees><LongitudeDegrees>16.3167666</LongitudeDegrees></Position><AltitudeMeters>193</AltitudeMeters><DistanceMeters>2198.7</DistanceMeters><HeartRateBpm><Value>174</Value></HeartRateBpm><Extensions><TPX xmlns="http://www.garmin.com/xmlschemas/ActivityExtension/v2"><RunCadence>75</RunCadence><Speed>3.222656</Speed><Watts>269</Watts></TPX></Extensions></Trackpoint>
     <Trackpoint><Time>2026-01-31T14:03:02.000Z</Time><Position><LatitudeDegrees>48.1899129</LatitudeDegrees><LongitudeDegrees>16.3167463</LongitudeDegrees></Position><AltitudeMeters>193</AltitudeMeters><DistanceMeters>2201.4</DistanceMeters><HeartRateBpm><Value>174</Value></HeartRateBpm><Extensions><TPX xmlns="http://www.garmin.com/xmlschemas/ActivityExtension/v2"><RunCadence>75</RunCadence><Speed>3.222656</Speed><Watts>269</Watts></TPX></Extensions></Trackpoint>
     <Trackpoint><Time>2026-01-31T14:03:03.000Z</Time><Position><LatitudeDegrees>48.1899148</LatitudeDegrees><LongitudeDegrees>16.3167128</LongitudeDegrees></Position><AltitudeMeters>193</AltitudeMeters><DistanceMeters>2204.0</DistanceMeters><HeartRateBpm><Value>174</Value></HeartRateBpm><Extensions><TPX xmlns="http://www.garmin.com/xmlschemas/ActivityExtension/v2"><RunCadence>75</RunCadence><Speed>3.222656</Speed><Watts>269</Watts></TPX></Extensions></Trackpoint>
     <Trackpoint><Time>2026-01-31T14:03:04.000Z</Time><Position><LatitudeDegrees>48.1899187</LatitudeDegrees><LongitudeDegrees>16.3166643</LongitudeDegrees></Position><AltitudeMeters>193</AltitudeMeters><DistanceMeters>2206.6</DistanceMeters><HeartRateBpm><Value>173</Value></HeartRateBpm><Extensions><TPX xmlns="http://www.garmin.com/xmlschemas/ActivityExtension/v2"><RunCadence>72</RunCadence><Speed>3.222656</Speed><Watts>269</Watts></TPX></Extensions></Trackpoint>
     <Trackpoint><Time>2026-01-31T14:03:05.000Z</Time><Position><LatitudeDegrees>48.1899258</LatitudeDegrees><LongitudeDegrees>16.3166268</LongitudeDegrees></Position><AltitudeMeters>193</AltitudeMeters><DistanceMeters>2209.6</DistanceMeters><HeartRateBpm><Value>173</Value></HeartRateBpm><Extensions><TPX xmlns="http://www.garmin.com/xmlschemas/ActivityExtension/v2"><RunCadence>72</RunCadence><Speed>3.222656</Speed><Watts>269</Watts></TPX></Extensions></Trackpoint>
     <Trackpoint><Time>2026-01-31T14:03:06.000Z</Time><Position><LatitudeDegrees>48.1899287</LatitudeDegrees><LongitudeDegrees>16.3165831</LongitudeDegrees></Position><AltitudeMeters>193</AltitudeMeters><DistanceMeters>2212.7</DistanceMeters><HeartRateBpm><Value>173</Value></HeartRateBpm><Extensions><TPX xmlns="http://www.garmin.com/xmlschemas/ActivityExtension/v2"><RunCadence>73</RunCadence><Speed>3.222656</Speed><Watts>269</Watts></TPX></Extensions></Trackpoint>
     <Trackpoint><Time>2026-01-31T14:03:07.000Z</Time><Position><LatitudeDegrees>48.1899292</LatitudeDegrees><LongitudeDegrees>16.3165471</LongitudeDegrees></Position><AltitudeMeters>193</AltitudeMeters><DistanceMeters>2215.1</DistanceMeters><HeartRateBpm><Value>173</Value></HeartRateBpm><Extensions><TPX xmlns="http://www.garmin.com/xmlschemas/ActivityExtension/v2"><RunCadence>73</RunCadence><Speed>3.222656</Speed><Watts>269</Watts></TPX></Extensions></Trackpoint>
     <Trackpoint><Time>2026-01-31T14:03:08.000Z</Time><Position><LatitudeDegrees>48.1899333</LatitudeDegrees><LongitudeDegrees>16.3165258</LongitudeDegrees></Position><AltitudeMeters>193</AltitudeMeters><DistanceMeters>2217.4</DistanceMeters><HeartRateBpm><Value>173</Value></HeartRateBpm><Extensions><TPX xmlns="http://www.garmin.com/xmlschemas/ActivityExtension/v2"><RunCadence>73</RunCadence><Speed>3.222656</Speed><Watts>269</Watts></TPX></Extensions></Trackpoint>
     <Trackpoint><Time>2026-01-31T14:03:09.000Z</Time><Position><LatitudeDegrees>48.1899387</LatitudeDegrees><LongitudeDegrees>16.3164888</LongitudeDegrees></Position><AltitudeMeters>193</AltitudeMeters><DistanceMeters>2219.8</DistanceMeters><HeartRateBpm><Value>173</Value></HeartRateBpm><Extensions><TPX xmlns="http://www.garmin.com/xmlschemas/ActivityExtension/v2"><RunCadence>78</RunCadence><Speed>3.265625</Speed><Watts>263</Watts></TPX></Extensions></Trackpoint>
     <Trackpoint><Time>2026-01-31T14:03:10.000Z</Time><Position><LatitudeDegrees>48.1899409</LatitudeDegrees><LongitudeDegrees>16.3164568</LongitudeDegrees></Position><AltitudeMeters>193</AltitudeMeters><DistanceMeters>2222.3</DistanceMeters><HeartRateBpm><Value>173</Value></HeartRateBpm><Extensions><TPX xmlns="http://www.garmin.com/xmlschemas/ActivityExtension/v2"><RunCadence>78</RunCadence><Speed>3.265625</Speed><Watts>263</Watts></TPX></Extensions></Trackpoint>
     <Trackpoint><Time>2026-01-31T14:03:11.000Z</Time><Position><LatitudeDegrees>48.1899462</LatitudeDegrees><LongitudeDegrees>16.3164298</LongitudeDegrees></Position><AltitudeMeters>193</AltitudeMeters><DistanceMeters>2224.9</DistanceMeters><HeartRateBpm><Value>173</Value></HeartRateBpm><Extensions><TPX xmlns="http://www.garmin.com/xmlschemas/ActivityExtension/v2"><RunCadence>78</RunCadence><Speed>3.265625</Speed><Watts>263</Watts></TPX></Extensions></Trackpoint>
     <Trackpoint><Time>2026-01-31T14:03:12.000Z</Time><Position><LatitudeDegrees>48.1899443</LatitudeDegrees><LongitudeDegrees>16.3163861</LongitudeDegrees></Position><AltitudeMeters>193</AltitudeMeters><DistanceMeters>2227.4</DistanceMeters><HeartRateBpm><Value>173</Value></HeartRateBpm><Extensions><TPX xmlns="http://www.garmin.com/xmlschemas/ActivityExtension/v2"><RunCadence>80</RunCadence><Speed>3.265625</Speed><Watts>269</Watts></TPX></Extensions></Trackpoint>
     <Trackpoint><Time>2026-01-31T14:03:13.000Z</Time><Position><LatitudeDegrees>48.1899400</LatitudeDegrees><LongitudeDegrees>16.3163381</LongitudeDegrees></Position><AltitudeMeters>193</AltitudeMeters><DistanceMeters>2230.4</DistanceMeters><HeartRateBpm><Value>173</Value></HeartRateBpm><Extensions><TPX xmlns="http://www.garmin.com/xmlschemas/ActivityExtension/v2"><RunCadence>80</RunCadence><Speed>3.265625</Speed><Watts>269</Watts></TPX></Extensions></Trackpoint>
     <Trackpoint><Time>2026-01-31T14:03:14.000Z</Time><Position><LatitudeDegrees>48.1899461</LatitudeDegrees><LongitudeDegrees>16.3163061</LongitudeDegrees></Position><AltitudeMeters>193</AltitudeMeters><DistanceMeters>2233.4</DistanceMeters><HeartRateBpm><Value>173</Value></HeartRateBpm><Extensions><TPX xmlns="http://www.garmin.com/xmlschemas/ActivityExtension/v2"><RunCadence>80</RunCadence><Speed>3.222656</Speed><Watts>266</Watts></TPX></Extensions></Trackpoint>
     <Trackpoint><Time>2026-01-31T14:03:15.000Z</Time><Position><LatitudeDegrees>48.1899452</LatitudeDegrees><LongitudeDegrees>16.3162610</LongitudeDegrees></Position><AltitudeMeters>193</AltitudeMeters><DistanceMeters>2236.3</DistanceMeters><HeartRateBpm><Value>173</Value></HeartRateBpm><Extensions><TPX xmlns="http://www.garmin.com/xmlschemas/ActivityExtension/v2"><RunCadence>80</RunCadence><Speed>3.222656</Speed><Watts>266</Watts></TPX></Extensions></Trackpoint>
     <Trackpoint><Time>2026-01-31T14:03:16.000Z</Time><Position><LatitudeDegrees>48.1899459</LatitudeDegrees><LongitudeDegrees>16.3162257</LongitudeDegrees></Position><AltitudeMeters>193</AltitudeMeters><DistanceMeters>2239.3</DistanceMeters><HeartRateBpm><Value>173</Value></HeartRateBpm><Extensions><TPX xmlns="http://www.garmin.com/xmlschemas/ActivityExtension/v2"><RunCadence>79</RunCadence><Speed>3.222656</Speed><Watts>266</Watts></TPX></Extensions></Trackpoint>
     <Trackpoint><Time>2026-01-31T14:03:17.000Z</Time><Position><LatitudeDegrees>48.1899460</LatitudeDegrees><LongitudeDegrees>16.3161823</LongitudeDegrees></Position><AltitudeMeters>193</AltitudeMeters><DistanceMeters>2242.6</DistanceMeters><HeartRateBpm><Value>173</Value></HeartRateBpm><Extensions><TPX xmlns="http://www.garmin.com/xmlschemas/ActivityExtension/v2"><RunCadence>79</RunCadence><Speed>3.222656</Speed><Watts>266</Watts></TPX></Extensions></Trackpoint>
     <Trackpoint><Time>2026-01-31T14:03:18.000Z</Time><Position><LatitudeDegrees>48.1899461</LatitudeDegrees><LongitudeDegrees>16.3161383</LongitudeDegrees></Position><AltitudeMeters>193</AltitudeMeters><DistanceMeters>2245.8</DistanceMeters><HeartRateBpm><Value>173</Value></HeartRateBpm><Extensions><TPX xmlns="http://www.garmin.com/xmlschemas/ActivityExtension/v2"><RunCadence>78</RunCadence><Speed>3.222656</Speed><Watts>266</Watts></TPX></Extensions></Trackpoint>
     <Trackpoint><Time>2026-01-31T14:03:19.000Z</Time><Position><LatitudeDegrees>48.1899484</LatitudeDegrees><LongitudeDegrees>16.3161043</LongitudeDegrees></Position><AltitudeMeters>193</AltitudeMeters><DistanceMeters>2248.0</DistanceMeters><HeartRateBpm><Value>173</Value></HeartRateBpm><Extensions><TPX xmlns="http://www.garmin.com/xmlschemas/ActivityExtension/v2"><RunCadence>78</RunCadence><Speed>3.222656</Speed><Watts>266</Watts></TPX></Extensions></Trackpoint>
     <Trackpoint><Time>2026-01-31T14:03:20.000Z</Time><Position><LatitudeDegrees>48.1899475</LatitudeDegrees><LongitudeDegrees>16.3160865</LongitudeDegrees></Position><AltitudeMeters>193</AltitudeMeters><DistanceMeters>2250.2</DistanceMeters><HeartRateBpm><Value>173</Value></HeartRateBpm><Extensions><TPX xmlns="http://www.garmin.com/xmlschemas/ActivityExtension/v2"><RunCadence>78</RunCadence><Speed>3.222656</Speed><Watts>266</Watts></TPX></Extensions></Trackpoint>
     <Trackpoint><Time>2026-01-31T14:03:21.000Z</Time><Position><LatitudeDegrees>48.1899395</LatitudeDegrees><LongitudeDegrees>16.3160489</LongitudeDegrees></Position><AltitudeMeters>193</AltitudeMeters><DistanceMeters>2252.5</DistanceMeters><HeartRateBpm><Value>173</Value></HeartRateBpm><Extensions><TPX xmlns="http://www.garmin.com/xmlschemas/ActivityExtension/v2"><RunCadence>76</RunCadence><Speed>3.109375</Speed><Watts>264</Watts></TPX></Extensions></Trackpoint>
     <Trackpoint><Time>2026-01-31T14:03:22.000Z</Time><Position><LatitudeDegrees>48.1899360</LatitudeDegrees><LongitudeDegrees>16.3160098</LongitudeDegrees></Position><AltitudeMeters>193</AltitudeMeters><DistanceMeters>2255.4</DistanceMeters><HeartRateBpm><Value>173</Value></HeartRateBpm><Extensions><TPX xmlns="http://www.garmin.com/xmlschemas/ActivityExtension/v2"><RunCadence>76</RunCadence><Speed>3.109375</Speed><Watts>264</Watts></TPX></Extensions></Trackpoint>
     <Trackpoint><Time>2026-01-31T14:03:23.000Z</Time><Position><LatitudeDegrees>48.1899310</LatitudeDegrees><LongitudeDegrees>16.3159711</LongitudeDegrees></Position><AltitudeMeters>193</AltitudeMeters><DistanceMeters>2258.3</DistanceMeters><HeartRateBpm><Value>173</Value></HeartRateBpm><Extensions><TPX xmlns="http://www.garmin.com/xmlschemas/ActivityExtension/v2"><RunCadence>77</RunCadence><Speed>3.109375</Speed><Watts>268</Watts></TPX></Extensions></Trackpoint>
     <Trackpoint><Time>2026-01-31T14:03:24.000Z</Time><Position><LatitudeDegrees>48.1899284</LatitudeDegrees><LongitudeDegrees>16.3159237</LongitudeDegrees></Position><AltitudeMeters>193</AltitudeMeters><DistanceMeters>2261.4</DistanceMeters><HeartRateBpm><Value>173</Value></HeartRateBpm><Extensions><TPX xmlns="http://www.garmin.com/xmlschemas/ActivityExtension/v2"><RunCadence>77</RunCadence><Speed>3.109375</Speed><Watts>268</Watts></TPX></Extensions></Trackpoint>
     <Trackpoint><Time>2026-01-31T14:03:25.000Z</Time><Position><LatitudeDegrees>48.1899364</LatitudeDegrees><LongitudeDegrees>16.3158885</LongitudeDegrees></Position><AltitudeMeters>193</AltitudeMeters><DistanceMeters>2264.5</DistanceMeters><HeartRateBpm><Value>173</Value></HeartRateBpm><Extensions><TPX xmlns="http://www.garmin.com/xmlschemas/ActivityExtension/v2"><RunCadence>86</RunCadence><Speed>3.089844</Speed><Watts>265</Watts></TPX></Extensions></Trackpoint>
     <Trackpoint><Time>2026-01-31T14:03:26.000Z</Time><Position><LatitudeDegrees>48.1899432</LatitudeDegrees><LongitudeDegrees>16.3158524</LongitudeDegrees></Position><AltitudeMeters>193</AltitudeMeters><DistanceMeters>2267.2</DistanceMeters><HeartRateBpm><Value>173</Value></HeartRateBpm><Extensions><TPX xmlns="http://www.garmin.com/xmlschemas/ActivityExtension/v2"><RunCadence>86</RunCadence><Speed>3.089844</Speed><Watts>265</Watts></TPX></Extensions></Trackpoint>
     <Trackpoint><Time>2026-01-31T14:03:27.000Z</Time><Position><LatitudeDegrees>48.1899403</LatitudeDegrees><LongitudeDegrees>16.3158157</LongitudeDegrees></Position><AltitudeMeters>193</AltitudeMeters><DistanceMeters>2269.9</DistanceMeters><HeartRateBpm><Value>173</Value></HeartRateBpm><Extensions><TPX xmlns="http://www.garmin.com/xmlschemas/ActivityExtension/v2"><RunCadence>83</RunCadence><Speed>3.089844</Speed><Watts>265</Watts></TPX></Extensions></Trackpoint>
     <Trackpoint><Time>2026-01-31T14:03:28.000Z</Time><Position><LatitudeDegrees>48.1899359</LatitudeDegrees><LongitudeDegrees>16.3157819</LongitudeDegrees></Position><AltitudeMeters>193</AltitudeMeters><DistanceMeters>2272.7</DistanceMeters><HeartRateBpm><Value>173</Value></HeartRateBpm><Extensions><TPX xmlns="http://www.garmin.com/xmlschemas/ActivityExtension/v2"><RunCadence>83</RunCadence><Speed>3.089844</Speed><Watts>265</Watts></TPX></Extensions></Trackpoint>
     <Trackpoint><Time>2026-01-31T14:03:29.000Z</Time><Position><LatitudeDegrees>48.1899300</LatitudeDegrees><LongitudeDegrees>16.3157400</LongitudeDegrees></Position><AltitudeMeters>193</AltitudeMeters><DistanceMeters>2275.6</DistanceMeters><HeartRateBpm><Value>173</Value></HeartRateBpm><Extensions><TPX xmlns="http://www.garmin.com/xmlschemas/ActivityExtension/v2"><RunCadence>79</RunCadence><Speed>3.089844</Speed><Watts>265</Watts></TPX></Extensions></Trackpoint>
     <Trackpoint><Time>2026-01-31T14:03:30.000Z</Time><Position><LatitudeDegrees>48.1899217</LatitudeDegrees><LongitudeDegrees>16.3156965</LongitudeDegrees></Position><AltitudeMeters>193</AltitudeMeters><DistanceMeters>2278.7</DistanceMeters><HeartRateBpm><Value>173</Value></HeartRateBpm><Extensions><TPX xmlns="http://www.garmin.com/xmlschemas/ActivityExtension/v2"><RunCadence>79</RunCadence><Speed>3.089844</Speed><Watts>265</Watts></TPX></Extensions></Trackpoint>
     <Trackpoint><Time>2026-01-31T14:03:31.000Z</Time><Position><LatitudeDegrees>48.1899273</LatitudeDegrees><LongitudeDegrees>16.3156578</LongitudeDegrees></Position><AltitudeMeters>193</AltitudeMeters><DistanceMeters>2281.7</DistanceMeters><HeartRateBpm><Value>173</Value></HeartRateBpm><Extensions><TPX xmlns="http://www.garmin.com/xmlschemas/ActivityExtension/v2"><RunCadence>83</RunCadence><Speed>3.070312</Speed><Watts>265</Watts></TPX></Extensions></Trackpoint>
     <Trackpoint><Time>2026-01-31T14:03:32.000Z</Time><Position><LatitudeDegrees>48.1899221</LatitudeDegrees><LongitudeDegrees>16.3156179</LongitudeDegrees></Position><AltitudeMeters>193</AltitudeMeters><DistanceMeters>2284.3</DistanceMeters><HeartRateBpm><Value>173</Value></HeartRateBpm><Extensions><TPX xmlns="http://www.garmin.com/xmlschemas/ActivityExtension/v2"><RunCadence>83</RunCadence><Speed>3.070312</Speed><Watts>265</Watts></TPX></Extensions></Trackpoint>
     <Trackpoint><Time>2026-01-31T14:03:33.000Z</Time><Position><LatitudeDegrees>48.1899176</LatitudeDegrees><LongitudeDegrees>16.3155890</LongitudeDegrees></Position><AltitudeMeters>193</AltitudeMeters><DistanceMeters>2286.9</DistanceMeters><HeartRateBpm><Value>173</Value></HeartRateBpm><Extensions><TPX xmlns="http://www.garmin.com/xmlschemas/ActivityExtension/v2"><RunCadence>85</RunCadence><Speed>3.070312</Speed><Watts>270</Watts></TPX></Extensions></Trackpoint>
     <Trackpoint><Time>2026-01-31T14:03:34.000Z</Time><Position><LatitudeDegrees>48.1899127</LatitudeDegrees><LongitudeDegrees>16.3155768</LongitudeDegrees></Position><AltitudeMeters>193</AltitudeMeters><DistanceMeters>2289.1</DistanceMeters><HeartRateBpm><Value>173</Value></HeartRateBpm><Extensions><TPX xmlns="http://www.garmin.com/xmlschemas/ActivityExtension/v2"><RunCadence>85</RunCadence><Speed>3.070312</Speed><Watts>270</Watts></TPX></Extensions></Trackpoint>
     <Trackpoint><Time>2026-01-31T14:03:35.000Z</Time><Position><LatitudeDegrees>48.1898906</LatitudeDegrees><LongitudeDegrees>16.3155712</LongitudeDegrees></Position><AltitudeMeters>193</AltitudeMeters><DistanceMeters>2291.3</DistanceMeters><HeartRateBpm><Value>173</Value></HeartRateBpm><Extensions><TPX xmlns="http://www.garmin.com/xmlschemas/ActivityExtension/v2"><RunCadence>85</RunCadence><Speed>3.070312</Speed><Watts>270</Watts></TPX></Extensions></Trackpoint>
     <Trackpoint><Time>2026-01-31T14:03:36.000Z</Time><Position><LatitudeDegrees>48.1898674</LatitudeDegrees><LongitudeDegrees>16.3155417</LongitudeDegrees></Position><AltitudeMeters>194</AltitudeMeters><DistanceMeters>2293.5</DistanceMeters><HeartRateBpm><Value>173</Value></HeartRateBpm><Extensions><TPX xmlns="http://www.garmin.com/xmlschemas/ActivityExtension/v2"><RunCadence>84</RunCadence><Speed>3.125000</Speed><Watts>270</Watts></TPX></Extensions></Trackpoint>
     <Trackpoint><Time>2026-01-31T14:03:37.000Z</Time><Position><LatitudeDegrees>48.1898471</LatitudeDegrees><LongitudeDegrees>16.3155096</LongitudeDegrees></Position><AltitudeMeters>194</AltitudeMeters><DistanceMeters>2297.6</DistanceMeters><HeartRateBpm><Value>173</Value></HeartRateBpm><Extensions><TPX xmlns="http://www.garmin.com/xmlschemas/ActivityExtension/v2"><RunCadence>84</RunCadence><Speed>3.125000</Speed><Watts>270</Watts></TPX></Extensions></Trackpoint>
     <Trackpoint><Time>2026-01-31T14:03:38.000Z</Time><Position><LatitudeDegrees>48.1898130</LatitudeDegrees><LongitudeDegrees>16.3154683</LongitudeDegrees></Position><AltitudeMeters>194</AltitudeMeters><DistanceMeters>2301.7</DistanceMeters><HeartRateBpm><Value>173</Value></HeartRateBpm><Extensions><TPX xmlns="http://www.garmin.com/xmlschemas/ActivityExtension/v2"><RunCadence>81</RunCadence><Speed>3.125000</Speed><Watts>270</Watts></TPX></Extensions></Trackpoint>
     <Trackpoint><Time>2026-01-31T14:03:39.000Z</Time><Position><LatitudeDegrees>48.1897901</LatitudeDegrees><LongitudeDegrees>16.3154499</LongitudeDegrees></Position><AltitudeMeters>194</AltitudeMeters><DistanceMeters>2304.3</DistanceMeters><HeartRateBpm><Value>173</Value></HeartRateBpm><Extensions><TPX xmlns="http://www.garmin.com/xmlschemas/ActivityExtension/v2"><RunCadence>81</RunCadence><Speed>3.125000</Speed><Watts>270</Watts></TPX></Extensions></Trackpoint>
     <Trackpoint><Time>2026-01-31T14:03:40.000Z</Time><Position><LatitudeDegrees>48.1897749</LatitudeDegrees><LongitudeDegrees>16.3154245</LongitudeDegrees></Position><AltitudeMeters>194</AltitudeMeters><DistanceMeters>2307.0</DistanceMeters><HeartRateBpm><Value>172</Value></HeartRateBpm><Extensions><TPX xmlns="http://www.garmin.com/xmlschemas/ActivityExtension/v2"><RunCadence>83</RunCadence><Speed>3.125000</Speed><Watts>264</Watts></TPX></Extensions></Trackpoint>
     <Trackpoint><Time>2026-01-31T14:03:41.000Z</Time><Position><LatitudeDegrees>48.1897618</LatitudeDegrees><LongitudeDegrees>16.3154122</LongitudeDegrees></Position><AltitudeMeters>194</AltitudeMeters><DistanceMeters>2309.8</DistanceMeters><HeartRateBpm><Value>172</Value></HeartRateBpm><Extensions><TPX xmlns="http://www.garmin.com/xmlschemas/ActivityExtension/v2"><RunCadence>83</RunCadence><Speed>3.125000</Speed><Watts>264</Watts></TPX></Extensions></Trackpoint>
     <Trackpoint><Time>2026-01-31T14:03:42.000Z</Time><Position><LatitudeDegrees>48.1897502</LatitudeDegrees><LongitudeDegrees>16.3153905</LongitudeDegrees></Position><AltitudeMeters>194</AltitudeMeters><DistanceMeters>2312.6</DistanceMeters><HeartRateBpm><Value>172</Value></HeartRateBpm><Extensions><TPX xmlns="http://www.garmin.com/xmlschemas/ActivityExtension/v2"><RunCadence>83</RunCadence><Speed>3.125000</Speed><Watts>264</Watts></TPX></Extensions></Trackpoint>
     <Trackpoint><Time>2026-01-31T14:03:43.000Z</Time><Position><LatitudeDegrees>48.1897159</LatitudeDegrees><LongitudeDegrees>16.3153533</LongitudeDegrees></Position><AltitudeMeters>194</AltitudeMeters><DistanceMeters>2315.4</DistanceMeters><HeartRateBpm><Value>172</Value></HeartRateBpm><Extensions><TPX xmlns="http://www.garmin.com/xmlschemas/ActivityExtension/v2"><RunCadence>82</RunCadence><Speed>3.148438</Speed><Watts>266</Watts></TPX></Extensions></Trackpoint>
     <Trackpoint><Time>2026-01-31T14:03:44.000Z</Time><Position><LatitudeDegrees>48.1896865</LatitudeDegrees><LongitudeDegrees>16.3153176</LongitudeDegrees></Position><AltitudeMeters>194</AltitudeMeters><DistanceMeters>2318.8</DistanceMeters><HeartRateBpm><Value>172</Value></HeartRateBpm><Extensions><TPX xmlns="http://www.garmin.com/xmlschemas/ActivityExtension/v2"><RunCadence>82</RunCadence><Speed>3.148438</Speed><Watts>266</Watts></TPX></Extensions></Trackpoint>
     <Trackpoint><Time>2026-01-31T14:03:45.000Z</Time><Position><LatitudeDegrees>48.1896680</LatitudeDegrees><LongitudeDegrees>16.3152955</LongitudeDegrees></Position><AltitudeMeters>194</AltitudeMeters><DistanceMeters>2322.3</DistanceMeters><HeartRateBpm><Value>174</Value></HeartRateBpm><Extensions><TPX xmlns="http://www.garmin.com/xmlschemas/ActivityExtension/v2"><RunCadence>78</RunCadence><Speed>3.148438</Speed><Watts>266</Watts></TPX></Extensions></Trackpoint>
     <Trackpoint><Time>2026-01-31T14:03:46.000Z</Time><Position><LatitudeDegrees>48.1896343</LatitudeDegrees><LongitudeDegrees>16.3152752</LongitudeDegrees></Position><AltitudeMeters>194</AltitudeMeters><DistanceMeters>2326.2</DistanceMeters><HeartRateBpm><Value>174</Value></HeartRateBpm><Extensions><TPX xmlns="http://www.garmin.com/xmlschemas/ActivityExtension/v2"><RunCadence>78</RunCadence><Speed>3.148438</Speed><Watts>266</Watts></TPX></Extensions></Trackpoint>
     <Trackpoint><Time>2026-01-31T14:03:47.000Z</Time><Position><LatitudeDegrees>48.1896040</LatitudeDegrees><LongitudeDegrees>16.3152529</LongitudeDegrees></Position><AltitudeMeters>194</AltitudeMeters><DistanceMeters>2330.0</DistanceMeters><HeartRateBpm><Value>174</Value></HeartRateBpm><Extensions><TPX xmlns="http://www.garmin.com/xmlschemas/ActivityExtension/v2"><RunCadence>79</RunCadence><Speed>3.148438</Speed><Watts>261</Watts></TPX></Extensions></Trackpoint>
     <Trackpoint><Time>2026-01-31T14:03:48.000Z</Time><Position><LatitudeDegrees>48.1895854</LatitudeDegrees><LongitudeDegrees>16.3152396</LongitudeDegrees></Position><AltitudeMeters>194</AltitudeMeters><DistanceMeters>2332.8</DistanceMeters><HeartRateBpm><Value>174</Value></HeartRateBpm><Extensions><TPX xmlns="http://www.garmin.com/xmlschemas/ActivityExtension/v2"><RunCadence>79</RunCadence><Speed>3.148438</Speed><Watts>261</Watts></TPX></Extensions></Trackpoint>
     <Trackpoint><Time>2026-01-31T14:03:49.000Z</Time><Position><LatitudeDegrees>48.1895606</LatitudeDegrees><LongitudeDegrees>16.3152182</LongitudeDegrees></Position><AltitudeMeters>193</AltitudeMeters><DistanceMeters>2335.5</DistanceMeters><HeartRateBpm><Value>174</Value></HeartRateBpm><Extensions><TPX xmlns="http://www.garmin.com/xmlschemas/ActivityExtension/v2"><RunCadence>83</RunCadence><Speed>3.199219</Speed><Watts>261</Watts></TPX></Extensions></Trackpoint>
     <Trackpoint><Time>2026-01-31T14:03:50.000Z</Time><Position><LatitudeDegrees>48.1895378</LatitudeDegrees><LongitudeDegrees>16.3152128</LongitudeDegrees></Position><AltitudeMeters>193</AltitudeMeters><DistanceMeters>2338.1</DistanceMeters><HeartRateBpm><Value>174</Value></HeartRateBpm><Extensions><TPX xmlns="http://www.garmin.com/xmlschemas/ActivityExtension/v2"><RunCadence>83</RunCadence><Speed>3.199219</Speed><Watts>261</Watts></TPX></Extensions></Trackpoint>
     <Trackpoint><Time>2026-01-31T14:03:51.000Z</Time><Position><LatitudeDegrees>48.1895162</LatitudeDegrees><LongitudeDegrees>16.3151997</LongitudeDegrees></Position><AltitudeMeters>193</AltitudeMeters><DistanceMeters>2340.6</DistanceMeters><HeartRateBpm><Value>174</Value></HeartRateBpm><Extensions><TPX xmlns="http://www.garmin.com/xmlschemas/ActivityExtension/v2"><RunCadence>84</RunCadence><Speed>3.199219</Speed><Watts>261</Watts></TPX></Extensions></Trackpoint>
     <Trackpoint><Time>2026-01-31T14:03:52.000Z</Time><Position><LatitudeDegrees>48.1894893</LatitudeDegrees><LongitudeDegrees>16.3151907</LongitudeDegrees></Position><AltitudeMeters>193</AltitudeMeters><DistanceMeters>2343.6</DistanceMeters><HeartRateBpm><Value>174</Value></HeartRateBpm><Extensions><TPX xmlns="http://www.garmin.com/xmlschemas/ActivityExtension/v2"><RunCadence>84</RunCadence><Speed>3.199219</Speed><Watts>261</Watts></TPX></Extensions></Trackpoint>
     <Trackpoint><Time>2026-01-31T14:03:53.000Z</Time><Position><LatitudeDegrees>48.1894631</LatitudeDegrees><LongitudeDegrees>16.3151875</LongitudeDegrees></Position><AltitudeMeters>193</AltitudeMeters><DistanceMeters>2346.6</DistanceMeters><HeartRateBpm><Value>174</Value></HeartRateBpm><Extensions><TPX xmlns="http://www.garmin.com/xmlschemas/ActivityExtension/v2"><RunCadence>72</RunCadence><Speed>3.199219</Speed><Watts>275</Watts></TPX></Extensions></Trackpoint>
     <Trackpoint><Time>2026-01-31T14:03:54.000Z</Time><Position><LatitudeDegrees>48.1894381</LatitudeDegrees><LongitudeDegrees>16.3151947</LongitudeDegrees></Position><AltitudeMeters>193</AltitudeMeters><DistanceMeters>2349.8</DistanceMeters><HeartRateBpm><Value>174</Value></HeartRateBpm><Extensions><TPX xmlns="http://www.garmin.com/xmlschemas/ActivityExtension/v2"><RunCadence>72</RunCadence><Speed>3.199219</Speed><Watts>275</Watts></TPX></Extensions></Trackpoint>
     <Trackpoint><Time>2026-01-31T14:03:55.000Z</Time><Position><LatitudeDegrees>48.1894065</LatitudeDegrees><LongitudeDegrees>16.3151998</LongitudeDegrees></Position><AltitudeMeters>193</AltitudeMeters><DistanceMeters>2353.0</DistanceMeters><HeartRateBpm><Value>174</Value></HeartRateBpm><Extensions><TPX xmlns="http://www.garmin.com/xmlschemas/ActivityExtension/v2"><RunCadence>71</RunCadence><Speed>3.199219</Speed><Watts>272</Watts></TPX></Extensions></Trackpoint>
     <Trackpoint><Time>2026-01-31T14:03:56.000Z</Time><Position><LatitudeDegrees>48.1893816</LatitudeDegrees><LongitudeDegrees>16.3151998</LongitudeDegrees></Position><AltitudeMeters>193</AltitudeMeters><DistanceMeters>2355.8</DistanceMeters><HeartRateBpm><Value>174</Value></HeartRateBpm><Extensions><TPX xmlns="http://www.garmin.com/xmlschemas/ActivityExtension/v2"><RunCadence>71</RunCadence><Speed>3.199219</Speed><Watts>272</Watts></TPX></Extensions></Trackpoint>
     <Trackpoint><Time>2026-01-31T14:03:57.000Z</Time><Position><LatitudeDegrees>48.1893564</LatitudeDegrees><LongitudeDegrees>16.3151965</LongitudeDegrees></Position><AltitudeMeters>193</AltitudeMeters><DistanceMeters>2358.6</DistanceMeters><HeartRateBpm><Value>174</Value></HeartRateBpm><Extensions><TPX xmlns="http://www.garmin.com/xmlschemas/ActivityExtension/v2"><RunCadence>77</RunCadence><Speed>3.199219</Speed><Watts>272</Watts></TPX></Extensions></Trackpoint>
     <Trackpoint><Time>2026-01-31T14:03:58.000Z</Time><Position><LatitudeDegrees>48.1893282</LatitudeDegrees><LongitudeDegrees>16.3151989</LongitudeDegrees></Position><AltitudeMeters>193</AltitudeMeters><DistanceMeters>2361.8</DistanceMeters><HeartRateBpm><Value>174</Value></HeartRateBpm><Extensions><TPX xmlns="http://www.garmin.com/xmlschemas/ActivityExtension/v2"><RunCadence>77</RunCadence><Speed>3.199219</Speed><Watts>272</Watts></TPX></Extensions></Trackpoint>
     <Trackpoint><Time>2026-01-31T14:03:59.000Z</Time><Position><LatitudeDegrees>48.1892981</LatitudeDegrees><LongitudeDegrees>16.3151960</LongitudeDegrees></Position><AltitudeMeters>192</AltitudeMeters><DistanceMeters>2365.0</DistanceMeters><HeartRateBpm><Value>174</Value></HeartRateBpm><Extensions><TPX xmlns="http://www.garmin.com/xmlschemas/ActivityExtension/v2"><RunCadence>81</RunCadence><Speed>3.214844</Speed><Watts>272</Watts></TPX></Extensions></Trackpoint>
     <Trackpoint><Time>2026-01-31T14:04:00.000Z</Time><Position><LatitudeDegrees>48.1892722</LatitudeDegrees><LongitudeDegrees>16.3151960</LongitudeDegrees></Position><AltitudeMeters>192</AltitudeMeters><DistanceMeters>2368.5</DistanceMeters><HeartRateBpm><Value>174</Value></HeartRateBpm><Extensions><TPX xmlns="http://www.garmin.com/xmlschemas/ActivityExtension/v2"><RunCadence>81</RunCadence><Speed>3.214844</Speed><Watts>272</Watts></TPX></Extensions></Trackpoint>
     <Trackpoint><Time>2026-01-31T14:04:01.000Z</Time><Position><LatitudeDegrees>48.1892362</LatitudeDegrees><LongitudeDegrees>16.3152041</LongitudeDegrees></Position><AltitudeMeters>192</AltitudeMeters><DistanceMeters>2372.0</DistanceMeters><HeartRateBpm><Value>174</Value></HeartRateBpm><Extensions><TPX xmlns="http://www.garmin.com/xmlschemas/ActivityExtension/v2"><RunCadence>81</RunCadence><Speed>3.214844</Speed><Watts>269</Watts></TPX></Extensions></Trackpoint>
     <Trackpoint><Time>2026-01-31T14:04:02.000Z</Time><Position><LatitudeDegrees>48.1892094</LatitudeDegrees><LongitudeDegrees>16.3152168</LongitudeDegrees></Position><AltitudeMeters>192</AltitudeMeters><DistanceMeters>2375.1</DistanceMeters><HeartRateBpm><Value>174</Value></HeartRateBpm><Extensions><TPX xmlns="http://www.garmin.com/xmlschemas/ActivityExtension/v2"><RunCadence>81</RunCadence><Speed>3.214844</Speed><Watts>269</Watts></TPX></Extensions></Trackpoint>
     <Trackpoint><Time>2026-01-31T14:04:03.000Z</Time><Position><LatitudeDegrees>48.1891811</LatitudeDegrees><LongitudeDegrees>16.3152240</LongitudeDegrees></Position><AltitudeMeters>192</AltitudeMeters><DistanceMeters>2378.3</DistanceMeters><HeartRateBpm><Value>174</Value></HeartRateBpm><Extensions><TPX xmlns="http://www.garmin.com/xmlschemas/ActivityExtension/v2"><RunCadence>83</RunCadence><Speed>3.261719</Speed><Watts>269</Watts></TPX></Extensions></Trackpoint>
     <Trackpoint><Time>2026-01-31T14:04:04.000Z</Time><Position><LatitudeDegrees>48.1891472</LatitudeDegrees><LongitudeDegrees>16.3152440</LongitudeDegrees></Position><AltitudeMeters>192</AltitudeMeters><DistanceMeters>2381.6</DistanceMeters><HeartRateBpm><Value>174</Value></HeartRateBpm><Extensions><TPX xmlns="http://www.garmin.com/xmlschemas/ActivityExtension/v2"><RunCadence>83</RunCadence><Speed>3.261719</Speed><Watts>269</Watts></TPX></Extensions></Trackpoint>
     <Trackpoint><Time>2026-01-31T14:04:05.000Z</Time><Position><LatitudeDegrees>48.1891233</LatitudeDegrees><LongitudeDegrees>16.3152452</LongitudeDegrees></Position><AltitudeMeters>192</AltitudeMeters><DistanceMeters>2384.9</DistanceMeters><HeartRateBpm><Value>174</Value></HeartRateBpm><Extensions><TPX xmlns="http://www.garmin.com/xmlschemas/ActivityExtension/v2"><RunCadence>85</RunCadence><Speed>3.261719</Speed><Watts>216</Watts></TPX></Extensions></Trackpoint>
     <Trackpoint><Time>2026-01-31T14:04:06.000Z</Time><Position><LatitudeDegrees>48.1891027</LatitudeDegrees><LongitudeDegrees>16.3152604</LongitudeDegrees></Position><AltitudeMeters>192</AltitudeMeters><DistanceMeters>2388.2</DistanceMeters><HeartRateBpm><Value>174</Value></HeartRateBpm><Extensions><TPX xmlns="http://www.garmin.com/xmlschemas/ActivityExtension/v2"><RunCadence>85</RunCadence><Speed>3.261719</Speed><Watts>216</Watts></TPX></Extensions></Trackpoint>
     <Trackpoint><Time>2026-01-31T14:04:07.000Z</Time><Position><LatitudeDegrees>48.1890726</LatitudeDegrees><LongitudeDegrees>16.3152922</LongitudeDegrees></Position><AltitudeMeters>192</AltitudeMeters><DistanceMeters>2391.5</DistanceMeters><HeartRateBpm><Value>174</Value></HeartRateBpm><Extensions><TPX xmlns="http://www.garmin.com/xmlschemas/ActivityExtension/v2"><RunCadence>80</RunCadence><Speed>3.261719</Speed><Watts>216</Watts></TPX></Extensions></Trackpoint>
     <Trackpoint><Time>2026-01-31T14:04:08.000Z</Time><Position><LatitudeDegrees>48.1890517</LatitudeDegrees><LongitudeDegrees>16.3153065</LongitudeDegrees></Position><AltitudeMeters>192</AltitudeMeters><DistanceMeters>2394.6</DistanceMeters><HeartRateBpm><Value>174</Value></HeartRateBpm><Extensions><TPX xmlns="http://www.garmin.com/xmlschemas/ActivityExtension/v2"><RunCadence>80</RunCadence><Speed>3.261719</Speed><Watts>216</Watts></TPX></Extensions></Trackpoint>
     <Trackpoint><Time>2026-01-31T14:04:09.000Z</Time><Position><LatitudeDegrees>48.1890221</LatitudeDegrees><LongitudeDegrees>16.3153281</LongitudeDegrees></Position><AltitudeMeters>191</AltitudeMeters><DistanceMeters>2397.7</DistanceMeters><HeartRateBpm><Value>174</Value></HeartRateBpm><Extensions><TPX xmlns="http://www.garmin.com/xmlschemas/ActivityExtension/v2"><RunCadence>77</RunCadence><Speed>3.281250</Speed><Watts>217</Watts></TPX></Extensions></Trackpoint>
     <Trackpoint><Time>2026-01-31T14:04:10.000Z</Time><Position><LatitudeDegrees>48.1890061</LatitudeDegrees><LongitudeDegrees>16.3153531</LongitudeDegrees></Position><AltitudeMeters>191</AltitudeMeters><DistanceMeters>2400.4</DistanceMeters><HeartRateBpm><Value>174</Value></HeartRateBpm><Extensions><TPX xmlns="http://www.garmin.com/xmlschemas/ActivityExtension/v2"><RunCadence>77</RunCadence><Speed>3.281250</Speed><Watts>217</Watts></TPX></Extensions></Trackpoint>
     <Trackpoint><Time>2026-01-31T14:04:11.000Z</Time><Position><LatitudeDegrees>48.1889820</LatitudeDegrees><LongitudeDegrees>16.3153659</LongitudeDegrees></Position><AltitudeMeters>191</AltitudeMeters><DistanceMeters>2403.0</DistanceMeters><HeartRateBpm><Value>174</Value></HeartRateBpm><Extensions><TPX xmlns="http://www.garmin.com/xmlschemas/ActivityExtension/v2"><RunCadence>76</RunCadence><Speed>3.281250</Speed><Watts>222</Watts></TPX></Extensions></Trackpoint>
     <Trackpoint><Time>2026-01-31T14:04:12.000Z</Time><Position><LatitudeDegrees>48.1889587</LatitudeDegrees><LongitudeDegrees>16.3153963</LongitudeDegrees></Position><AltitudeMeters>191</AltitudeMeters><DistanceMeters>2406.2</DistanceMeters><HeartRateBpm><Value>174</Value></HeartRateBpm><Extensions><TPX xmlns="http://www.garmin.com/xmlschemas/ActivityExtension/v2"><RunCadence>76</RunCadence><Speed>3.281250</Speed><Watts>222</Watts></TPX></Extensions></Trackpoint>
     <Trackpoint><Time>2026-01-31T14:04:13.000Z</Time><Position><LatitudeDegrees>48.1889371</LatitudeDegrees><LongitudeDegrees>16.3154198</LongitudeDegrees></Position><AltitudeMeters>191</AltitudeMeters><DistanceMeters>2409.4</DistanceMeters><HeartRateBpm><Value>174</Value></HeartRateBpm><Extensions><TPX xmlns="http://www.garmin.com/xmlschemas/ActivityExtension/v2"><RunCadence>80</RunCadence><Speed>3.265625</Speed><Watts>223</Watts></TPX></Extensions></Trackpoint>
     <Trackpoint><Time>2026-01-31T14:04:14.000Z</Time><Position><LatitudeDegrees>48.1889161</LatitudeDegrees><LongitudeDegrees>16.3154345</LongitudeDegrees></Position><AltitudeMeters>191</AltitudeMeters><DistanceMeters>2412.0</DistanceMeters><HeartRateBpm><Value>174</Value></HeartRateBpm><Extensions><TPX xmlns="http://www.garmin.com/xmlschemas/ActivityExtension/v2"><RunCadence>80</RunCadence><Speed>3.265625</Speed><Watts>223</Watts></TPX></Extensions></Trackpoint>
     <Trackpoint><Time>2026-01-31T14:04:15.000Z</Time><Position><LatitudeDegrees>48.1889027</LatitudeDegrees><LongitudeDegrees>16.3154692</LongitudeDegrees></Position><AltitudeMeters>191</AltitudeMeters><DistanceMeters>2414.7</DistanceMeters><HeartRateBpm><Value>174</Value></HeartRateBpm><Extensions><TPX xmlns="http://www.garmin.com/xmlschemas/ActivityExtension/v2"><RunCadence>83</RunCadence><Speed>3.265625</Speed><Watts>223</Watts></TPX></Extensions></Trackpoint>
     <Trackpoint><Time>2026-01-31T14:04:16.000Z</Time><Position><LatitudeDegrees>48.1888878</LatitudeDegrees><LongitudeDegrees>16.3155038</LongitudeDegrees></Position><AltitudeMeters>191</AltitudeMeters><DistanceMeters>2417.8</DistanceMeters><HeartRateBpm><Value>174</Value></HeartRateBpm><Extensions><TPX xmlns="http://www.garmin.com/xmlschemas/ActivityExtension/v2"><RunCadence>83</RunCadence><Speed>3.265625</Speed><Watts>223</Watts></TPX></Extensions></Trackpoint>
     <Trackpoint><Time>2026-01-31T14:04:17.000Z</Time><Position><LatitudeDegrees>48.1888710</LatitudeDegrees><LongitudeDegrees>16.3155381</LongitudeDegrees></Position><AltitudeMeters>191</AltitudeMeters><DistanceMeters>2420.9</DistanceMeters><HeartRateBpm><Value>174</Value></HeartRateBpm><Extensions><TPX xmlns="http://www.garmin.com/xmlschemas/ActivityExtension/v2"><RunCadence>80</RunCadence><Speed>3.265625</Speed><Watts>223</Watts></TPX></Extensions></Trackpoint>
     <Trackpoint><Time>2026-01-31T14:04:18.000Z</Time><Position><LatitudeDegrees>48.1888506</LatitudeDegrees><LongitudeDegrees>16.3155591</LongitudeDegrees></Position><AltitudeMeters>191</AltitudeMeters><DistanceMeters>2423.1</DistanceMeters><HeartRateBpm><Value>174</Value></HeartRateBpm><Extensions><TPX xmlns="http://www.garmin.com/xmlschemas/ActivityExtension/v2"><RunCadence>80</RunCadence><Speed>3.265625</Speed><Watts>223</Watts></TPX></Extensions></Trackpoint>
     <Trackpoint><Time>2026-01-31T14:04:19.000Z</Time><Position><LatitudeDegrees>48.1888359</LatitudeDegrees><LongitudeDegrees>16.3155733</LongitudeDegrees></Position><AltitudeMeters>191</AltitudeMeters><DistanceMeters>2425.4</DistanceMeters><HeartRateBpm><Value>174</Value></HeartRateBpm><Extensions><TPX xmlns="http://www.garmin.com/xmlschemas/ActivityExtension/v2"><RunCadence>80</RunCadence><Speed>3.265625</Speed><Watts>223</Watts></TPX></Extensions></Trackpoint>
     <Trackpoint><Time>2026-01-31T14:04:20.000Z</Time><Position><LatitudeDegrees>48.1888240</LatitudeDegrees><LongitudeDegrees>16.3155954</LongitudeDegrees></Position><AltitudeMeters>190</AltitudeMeters><DistanceMeters>2427.6</DistanceMeters><HeartRateBpm><Value>173</Value></HeartRateBpm><Extensions><TPX xmlns="http://www.garmin.com/xmlschemas/ActivityExtension/v2"><RunCadence>78</RunCadence><Speed>3.214844</Speed><Watts>221</Watts></TPX></Extensions></Trackpoint>
     <Trackpoint><Time>2026-01-31T14:04:21.000Z</Time><Position><LatitudeDegrees>48.1888049</LatitudeDegrees><LongitudeDegrees>16.3156470</LongitudeDegrees></Position><AltitudeMeters>190</AltitudeMeters><DistanceMeters>2431.7</DistanceMeters><HeartRateBpm><Value>173</Value></HeartRateBpm><Extensions><TPX xmlns="http://www.garmin.com/xmlschemas/ActivityExtension/v2"><RunCadence>78</RunCadence><Speed>3.214844</Speed><Watts>221</Watts></TPX></Extensions></Trackpoint>
     <Trackpoint><Time>2026-01-31T14:04:22.000Z</Time><Position><LatitudeDegrees>48.1887844</LatitudeDegrees><LongitudeDegrees>16.3156888</LongitudeDegrees></Position><AltitudeMeters>190</AltitudeMeters><DistanceMeters>2435.8</DistanceMeters><HeartRateBpm><Value>173</Value></HeartRateBpm><Extensions><TPX xmlns="http://www.garmin.com/xmlschemas/ActivityExtension/v2"><RunCadence>81</RunCadence><Speed>3.214844</Speed><Watts>221</Watts></TPX></Extensions></Trackpoint>
     <Trackpoint><Time>2026-01-31T14:04:23.000Z</Time><Position><LatitudeDegrees>48.1887630</LatitudeDegrees><LongitudeDegrees>16.3157270</LongitudeDegrees></Position><AltitudeMeters>190</AltitudeMeters><DistanceMeters>2438.8</DistanceMeters><HeartRateBpm><Value>173</Value></HeartRateBpm><Extensions><TPX xmlns="http://www.garmin.com/xmlschemas/ActivityExtension/v2"><RunCadence>81</RunCadence><Speed>3.214844</Speed><Watts>221</Watts></TPX></Extensions></Trackpoint>
     <Trackpoint><Time>2026-01-31T14:04:24.000Z</Time><Position><LatitudeDegrees>48.1887490</LatitudeDegrees><LongitudeDegrees>16.3157479</LongitudeDegrees></Position><AltitudeMeters>190</AltitudeMeters><DistanceMeters>2441.7</DistanceMeters><HeartRateBpm><Value>173</Value></HeartRateBpm><Extensions><TPX xmlns="http://www.garmin.com/xmlschemas/ActivityExtension/v2"><RunCadence>85</RunCadence><Speed>3.171875</Speed><Watts>223</Watts></TPX></Extensions></Trackpoint>
     <Trackpoint><Time>2026-01-31T14:04:25.000Z</Time><Position><LatitudeDegrees>48.1887328</LatitudeDegrees><LongitudeDegrees>16.3157675</LongitudeDegrees></Position><AltitudeMeters>190</AltitudeMeters><DistanceMeters>2443.6</DistanceMeters><HeartRateBpm><Value>173</Value></HeartRateBpm><Extensions><TPX xmlns="http://www.garmin.com/xmlschemas/ActivityExtension/v2"><RunCadence>85</RunCadence><Speed>3.171875</Speed><Watts>223</Watts></TPX></Extensions></Trackpoint>
     <Trackpoint><Time>2026-01-31T14:04:26.000Z</Time><Position><LatitudeDegrees>48.1887208</LatitudeDegrees><LongitudeDegrees>16.3157777</LongitudeDegrees></Position><AltitudeMeters>190</AltitudeMeters><DistanceMeters>2445.4</DistanceMeters><HeartRateBpm><Value>173</Value></HeartRateBpm><Extensions><TPX xmlns="http://www.garmin.com/xmlschemas/ActivityExtension/v2"><RunCadence>85</RunCadence><Speed>3.171875</Speed><Watts>223</Watts></TPX></Extensions></Trackpoint>
     <Trackpoint><Time>2026-01-31T14:04:27.000Z</Time><Position><LatitudeDegrees>48.1887151</LatitudeDegrees><LongitudeDegrees>16.3158035</LongitudeDegrees></Position><AltitudeMeters>190</AltitudeMeters><DistanceMeters>2447.3</DistanceMeters><HeartRateBpm><Value>173</Value></HeartRateBpm><Extensions><TPX xmlns="http://www.garmin.com/xmlschemas/ActivityExtension/v2"><RunCadence>80</RunCadence><Speed>3.171875</Speed><Watts>226</Watts></TPX></Extensions></Trackpoint>
     <Trackpoint><Time>2026-01-31T14:04:28.000Z</Time><Position><LatitudeDegrees>48.1887029</LatitudeDegrees><LongitudeDegrees>16.3158446</LongitudeDegrees></Position><AltitudeMeters>190</AltitudeMeters><DistanceMeters>2450.3</DistanceMeters><HeartRateBpm><Value>173</Value></HeartRateBpm><Extensions><TPX xmlns="http://www.garmin.com/xmlschemas/ActivityExtension/v2"><RunCadence>80</RunCadence><Speed>3.171875</Speed><Watts>226</Watts></TPX></Extensions></Trackpoint>
     <Trackpoint><Time>2026-01-31T14:04:29.000Z</Time><Position><LatitudeDegrees>48.1887035</LatitudeDegrees><LongitudeDegrees>16.3158818</LongitudeDegrees></Position><AltitudeMeters>190</AltitudeMeters><DistanceMeters>2453.3</DistanceMeters><HeartRateBpm><Value>173</Value></HeartRateBpm><Extensions><TPX xmlns="http://www.garmin.com/xmlschemas/ActivityExtension/v2"><RunCadence>79</RunCadence><Speed>3.171875</Speed><Watts>226</Watts></TPX></Extensions></Trackpoint>
     <Trackpoint><Time>2026-01-31T14:04:30.000Z</Time><Position><LatitudeDegrees>48.1887102</LatitudeDegrees><LongitudeDegrees>16.3159187</LongitudeDegrees></Position><AltitudeMeters>190</AltitudeMeters><DistanceMeters>2456.3</DistanceMeters><HeartRateBpm><Value>173</Value></HeartRateBpm><Extensions><TPX xmlns="http://www.garmin.com/xmlschemas/ActivityExtension/v2"><RunCadence>79</RunCadence><Speed>3.171875</Speed><Watts>226</Watts></TPX></Extensions></Trackpoint>
     <Trackpoint><Time>2026-01-31T14:04:31.000Z</Time><Position><LatitudeDegrees>48.1887167</LatitudeDegrees><LongitudeDegrees>16.3159616</LongitudeDegrees></Position><AltitudeMeters>190</AltitudeMeters><DistanceMeters>2459.4</DistanceMeters><HeartRateBpm><Value>173</Value></HeartRateBpm><Extensions><TPX xmlns="http://www.garmin.com/xmlschemas/ActivityExtension/v2"><RunCadence>77</RunCadence><Speed>3.136719</Speed><Watts>228</Watts></TPX></Extensions></Trackpoint>
     <Trackpoint><Time>2026-01-31T14:04:32.000Z</Time><Position><LatitudeDegrees>48.1887569</LatitudeDegrees><LongitudeDegrees>16.3160870</LongitudeDegrees></Position><AltitudeMeters>190</AltitudeMeters><DistanceMeters>2469.7</DistanceMeters><HeartRateBpm><Value>173</Value></HeartRateBpm><Extensions><TPX xmlns="http://www.garmin.com/xmlschemas/ActivityExtension/v2"><RunCadence>77</RunCadence><Speed>3.136719</Speed><Watts>228</Watts></TPX></Extensions></Trackpoint>
     <Trackpoint><Time>2026-01-31T14:04:33.000Z</Time><Position><LatitudeDegrees>48.1887604</LatitudeDegrees><LongitudeDegrees>16.3161272</LongitudeDegrees></Position><AltitudeMeters>190</AltitudeMeters><DistanceMeters>2472.3</DistanceMeters><HeartRateBpm><Value>173</Value></HeartRateBpm><Extensions><TPX xmlns="http://www.garmin.com/xmlschemas/ActivityExtension/v2"><RunCadence>77</RunCadence><Speed>3.136719</Speed><Watts>228</Watts></TPX></Extensions></Trackpoint>
     <Trackpoint><Time>2026-01-31T14:04:34.000Z</Time><Position><LatitudeDegrees>48.1887623</LatitudeDegrees><LongitudeDegrees>16.3161574</LongitudeDegrees></Position><AltitudeMeters>190</AltitudeMeters><DistanceMeters>2474.9</DistanceMeters><HeartRateBpm><Value>173</Value></HeartRateBpm><Extensions><TPX xmlns="http://www.garmin.com/xmlschemas/ActivityExtension/v2"><RunCadence>78</RunCadence><Speed>3.097656</Speed><Watts>225</Watts></TPX></Extensions></Trackpoint>
     <Trackpoint><Time>2026-01-31T14:04:35.000Z</Time><Position><LatitudeDegrees>48.1887661</LatitudeDegrees><LongitudeDegrees>16.3162004</LongitudeDegrees></Position><AltitudeMeters>190</AltitudeMeters><DistanceMeters>2478.1</DistanceMeters><HeartRateBpm><Value>173</Value></HeartRateBpm><Extensions><TPX xmlns="http://www.garmin.com/xmlschemas/ActivityExtension/v2"><RunCadence>78</RunCadence><Speed>3.097656</Speed><Watts>225</Watts></TPX></Extensions></Trackpoint>
     <Trackpoint><Time>2026-01-31T14:04:36.000Z</Time><Position><LatitudeDegrees>48.1887685</LatitudeDegrees><LongitudeDegrees>16.3162425</LongitudeDegrees></Position><AltitudeMeters>190</AltitudeMeters><DistanceMeters>2481.3</DistanceMeters><HeartRateBpm><Value>173</Value></HeartRateBpm><Extensions><TPX xmlns="http://www.garmin.com/xmlschemas/ActivityExtension/v2"><RunCadence>84</RunCadence><Speed>3.097656</Speed><Watts>225</Watts></TPX></Extensions></Trackpoint>
     <Trackpoint><Time>2026-01-31T14:04:37.000Z</Time><Position><LatitudeDegrees>48.1887726</LatitudeDegrees><LongitudeDegrees>16.3162830</LongitudeDegrees></Position><AltitudeMeters>190</AltitudeMeters><DistanceMeters>2484.3</DistanceMeters><HeartRateBpm><Value>173</Value></HeartRateBpm><Extensions><TPX xmlns="http://www.garmin.com/xmlschemas/ActivityExtension/v2"><RunCadence>84</RunCadence><Speed>3.097656</Speed><Watts>225</Watts></TPX></Extensions></Trackpoint>
     <Trackpoint><Time>2026-01-31T14:04:38.000Z</Time><Position><LatitudeDegrees>48.1887781</LatitudeDegrees><LongitudeDegrees>16.3163227</LongitudeDegrees></Position><AltitudeMeters>190</AltitudeMeters><DistanceMeters>2487.3</DistanceMeters><HeartRateBpm><Value>172</Value></HeartRateBpm><Extensions><TPX xmlns="http://www.garmin.com/xmlschemas/ActivityExtension/v2"><RunCadence>83</RunCadence><Speed>3.097656</Speed><Watts>225</Watts></TPX></Extensions></Trackpoint>
     <Trackpoint><Time>2026-01-31T14:04:39.000Z</Time><Position><LatitudeDegrees>48.1887821</LatitudeDegrees><LongitudeDegrees>16.3163500</LongitudeDegrees></Position><AltitudeMeters>190</AltitudeMeters><DistanceMeters>2489.9</DistanceMeters><HeartRateBpm><Value>172</Value></HeartRateBpm><Extensions><TPX xmlns="http://www.garmin.com/xmlschemas/ActivityExtension/v2"><RunCadence>83</RunCadence><Speed>3.097656</Speed><Watts>225</Watts></TPX></Extensions></Trackpoint>
     <Trackpoint><Time>2026-01-31T14:04:40.000Z</Time><Position><LatitudeDegrees>48.1887880</LatitudeDegrees><LongitudeDegrees>16.3163905</LongitudeDegrees></Position><AltitudeMeters>190</AltitudeMeters><DistanceMeters>2492.5</DistanceMeters><HeartRateBpm><Value>172</Value></HeartRateBpm><Extensions><TPX xmlns="http://www.garmin.com/xmlschemas/ActivityExtension/v2"><RunCadence>86</RunCadence><Speed>3.007812</Speed><Watts>225</Watts></TPX></Extensions></Trackpoint>
     <Trackpoint><Time>2026-01-31T14:04:41.000Z</Time><Position><LatitudeDegrees>48.1887952</LatitudeDegrees><LongitudeDegrees>16.3164418</LongitudeDegrees></Position><AltitudeMeters>190</AltitudeMeters><DistanceMeters>2495.8</DistanceMeters><HeartRateBpm><Value>172</Value></HeartRateBpm><Extensions><TPX xmlns="http://www.garmin.com/xmlschemas/ActivityExtension/v2"><RunCadence>86</RunCadence><Speed>3.007812</Speed><Watts>225</Watts></TPX></Extensions></Trackpoint>
     <Trackpoint><Time>2026-01-31T14:04:42.000Z</Time><Position><LatitudeDegrees>48.1888001</LatitudeDegrees><LongitudeDegrees>16.3164776</LongitudeDegrees></Position><AltitudeMeters>190</AltitudeMeters><DistanceMeters>2499.1</DistanceMeters><HeartRateBpm><Value>172</Value></HeartRateBpm><Extensions><TPX xmlns="http://www.garmin.com/xmlschemas/ActivityExtension/v2"><RunCadence>82</RunCadence><Speed>3.007812</Speed><Watts>225</Watts></TPX></Extensions></Trackpoint>
     <Trackpoint><Time>2026-01-31T14:04:43.000Z</Time><Position><LatitudeDegrees>48.1888053</LatitudeDegrees><LongitudeDegrees>16.3165156</LongitudeDegrees></Position><AltitudeMeters>190</AltitudeMeters><DistanceMeters>2502.3</DistanceMeters><HeartRateBpm><Value>172</Value></HeartRateBpm><Extensions><TPX xmlns="http://www.garmin.com/xmlschemas/ActivityExtension/v2"><RunCadence>82</RunCadence><Speed>3.007812</Speed><Watts>225</Watts></TPX></Extensions></Trackpoint>
     <Trackpoint><Time>2026-01-31T14:04:44.000Z</Time><Position><LatitudeDegrees>48.1888118</LatitudeDegrees><LongitudeDegrees>16.3165627</LongitudeDegrees></Position><AltitudeMeters>190</AltitudeMeters><DistanceMeters>2505.5</DistanceMeters><HeartRateBpm><Value>172</Value></HeartRateBpm><Extensions><TPX xmlns="http://www.garmin.com/xmlschemas/ActivityExtension/v2"><RunCadence>82</RunCadence><Speed>3.007812</Speed><Watts>225</Watts></TPX></Extensions></Trackpoint>
     <Trackpoint><Time>2026-01-31T14:04:45.000Z</Time><Position><LatitudeDegrees>48.1888131</LatitudeDegrees><LongitudeDegrees>16.3165911</LongitudeDegrees></Position><AltitudeMeters>190</AltitudeMeters><DistanceMeters>2507.7</DistanceMeters><HeartRateBpm><Value>172</Value></HeartRateBpm><Extensions><TPX xmlns="http://www.garmin.com/xmlschemas/ActivityExtension/v2"><RunCadence>82</RunCadence><Speed>3.007812</Speed><Watts>225</Watts></TPX></Extensions></Trackpoint>
     <Trackpoint><Time>2026-01-31T14:04:46.000Z</Time><Position><LatitudeDegrees>48.1888160</LatitudeDegrees><LongitudeDegrees>16.3166208</LongitudeDegrees></Position><AltitudeMeters>190</AltitudeMeters><DistanceMeters>2509.9</DistanceMeters><HeartRateBpm><Value>172</Value></HeartRateBpm><Extensions><TPX xmlns="http://www.garmin.com/xmlschemas/ActivityExtension/v2"><RunCadence>82</RunCadence><Speed>3.007812</Speed><Watts>225</Watts></TPX></Extensions></Trackpoint>
     <Trackpoint><Time>2026-01-31T14:04:47.000Z</Time><Position><LatitudeDegrees>48.1888197</LatitudeDegrees><LongitudeDegrees>16.3166515</LongitudeDegrees></Position><AltitudeMeters>190</AltitudeMeters><DistanceMeters>2512.1</DistanceMeters><HeartRateBpm><Value>172</Value></HeartRateBpm><Extensions><TPX xmlns="http://www.garmin.com/xmlschemas/ActivityExtension/v2"><RunCadence>80</RunCadence><Speed>3.042969</Speed><Watts>225</Watts></TPX></Extensions></Trackpoint>
     <Trackpoint><Time>2026-01-31T14:04:48.000Z</Time><Position><LatitudeDegrees>48.1888228</LatitudeDegrees><LongitudeDegrees>16.3166875</LongitudeDegrees></Position><AltitudeMeters>190</AltitudeMeters><DistanceMeters>2515.1</DistanceMeters><HeartRateBpm><Value>172</Value></HeartRateBpm><Extensions><TPX xmlns="http://www.garmin.com/xmlschemas/ActivityExtension/v2"><RunCadence>80</RunCadence><Speed>3.042969</Speed><Watts>225</Watts></TPX></Extensions></Trackpoint>
     <Trackpoint><Time>2026-01-31T14:04:49.000Z</Time><Position><LatitudeDegrees>48.1888267</LatitudeDegrees><LongitudeDegrees>16.3167311</LongitudeDegrees></Position><AltitudeMeters>190</AltitudeMeters><DistanceMeters>2518.1</DistanceMeters><HeartRateBpm><Value>173</Value></HeartRateBpm><Extensions><TPX xmlns="http://www.garmin.com/xmlschemas/ActivityExtension/v2"><RunCadence>79</RunCadence><Speed>3.042969</Speed><Watts>232</Watts></TPX></Extensions></Trackpoint>
     <Trackpoint><Time>2026-01-31T14:04:50.000Z</Time><Position><LatitudeDegrees>48.1888307</LatitudeDegrees><LongitudeDegrees>16.3167702</LongitudeDegrees></Position><AltitudeMeters>190</AltitudeMeters><DistanceMeters>2520.7</DistanceMeters><HeartRateBpm><Value>173</Value></HeartRateBpm><Extensions><TPX xmlns="http://www.garmin.com/xmlschemas/ActivityExtension/v2"><RunCadence>79</RunCadence><Speed>3.042969</Speed><Watts>232</Watts></TPX></Extensions></Trackpoint>
     <Trackpoint><Time>2026-01-31T14:04:51.000Z</Time><Position><LatitudeDegrees>48.1888339</LatitudeDegrees><LongitudeDegrees>16.3168015</LongitudeDegrees></Position><AltitudeMeters>190</AltitudeMeters><DistanceMeters>2523.4</DistanceMeters><HeartRateBpm><Value>173</Value></HeartRateBpm><Extensions><TPX xmlns="http://www.garmin.com/xmlschemas/ActivityExtension/v2"><RunCadence>77</RunCadence><Speed>2.867188</Speed><Watts>234</Watts></TPX></Extensions></Trackpoint>
     <Trackpoint><Time>2026-01-31T14:04:52.000Z</Time><Position><LatitudeDegrees>48.1888369</LatitudeDegrees><LongitudeDegrees>16.3168312</LongitudeDegrees></Position><AltitudeMeters>190</AltitudeMeters><DistanceMeters>2525.7</DistanceMeters><HeartRateBpm><Value>173</Value></HeartRateBpm><Extensions><TPX xmlns="http://www.garmin.com/xmlschemas/ActivityExtension/v2"><RunCadence>77</RunCadence><Speed>2.867188</Speed><Watts>234</Watts></TPX></Extensions></Trackpoint>
     <Trackpoint><Time>2026-01-31T14:04:53.000Z</Time><Position><LatitudeDegrees>48.1888405</LatitudeDegrees><LongitudeDegrees>16.3168664</LongitudeDegrees></Position><AltitudeMeters>190</AltitudeMeters><DistanceMeters>2528.1</DistanceMeters><HeartRateBpm><Value>173</Value></HeartRateBpm><Extensions><TPX xmlns="http://www.garmin.com/xmlschemas/ActivityExtension/v2"><RunCadence>77</RunCadence><Speed>2.867188</Speed><Watts>234</Watts></TPX></Extensions></Trackpoint>
     <Trackpoint><Time>2026-01-31T14:04:54.000Z</Time><Position><LatitudeDegrees>48.1888432</LatitudeDegrees><LongitudeDegrees>16.3168952</LongitudeDegrees></Position><AltitudeMeters>190</AltitudeMeters><DistanceMeters>2530.4</DistanceMeters><HeartRateBpm><Value>173</Value></HeartRateBpm><Extensions><TPX xmlns="http://www.garmin.com/xmlschemas/ActivityExtension/v2"><RunCadence>78</RunCadence><Speed>2.867188</Speed><Watts>234</Watts></TPX></Extensions></Trackpoint>
     <Trackpoint><Time>2026-01-31T14:04:55.000Z</Time><Position><LatitudeDegrees>48.1888462</LatitudeDegrees><LongitudeDegrees>16.3169288</LongitudeDegrees></Position><AltitudeMeters>190</AltitudeMeters><DistanceMeters>2533.1</DistanceMeters><HeartRateBpm><Value>173</Value></HeartRateBpm><Extensions><TPX xmlns="http://www.garmin.com/xmlschemas/ActivityExtension/v2"><RunCadence>78</RunCadence><Speed>2.867188</Speed><Watts>234</Watts></TPX></Extensions></Trackpoint>
     <Trackpoint><Time>2026-01-31T14:04:56.000Z</Time><Position><LatitudeDegrees>48.1888550</LatitudeDegrees><LongitudeDegrees>16.3169653</LongitudeDegrees></Position><AltitudeMeters>190</AltitudeMeters><DistanceMeters>2535.8</DistanceMeters><HeartRateBpm><Value>173</Value></HeartRateBpm><Extensions><TPX xmlns="http://www.garmin.com/xmlschemas/ActivityExtension/v2"><RunCadence>83</RunCadence><Speed>2.867188</Speed><Watts>233</Watts></TPX></Extensions></Trackpoint>
     <Trackpoint><Time>2026-01-31T14:04:57.000Z</Time><Position><LatitudeDegrees>48.1888622</LatitudeDegrees><LongitudeDegrees>16.3170017</LongitudeDegrees></Position><AltitudeMeters>190</AltitudeMeters><DistanceMeters>2538.7</DistanceMeters><HeartRateBpm><Value>173</Value></HeartRateBpm><Extensions><TPX xmlns="http://www.garmin.com/xmlschemas/ActivityExtension/v2"><RunCadence>83</RunCadence><Speed>2.867188</Speed><Watts>233</Watts></TPX></Extensions></Trackpoint>
     <Trackpoint><Time>2026-01-31T14:04:58.000Z</Time><Position><LatitudeDegrees>48.1888702</LatitudeDegrees><LongitudeDegrees>16.3170422</LongitudeDegrees></Position><AltitudeMeters>190</AltitudeMeters><DistanceMeters>2541.7</DistanceMeters><HeartRateBpm><Value>173</Value></HeartRateBpm><Extensions><TPX xmlns="http://www.garmin.com/xmlschemas/ActivityExtension/v2"><RunCadence>85</RunCadence><Speed>2.839844</Speed><Watts>233</Watts></TPX></Extensions></Trackpoint>
     <Trackpoint><Time>2026-01-31T14:04:59.000Z</Time><Position><LatitudeDegrees>48.1888779</LatitudeDegrees><LongitudeDegrees>16.3170815</LongitudeDegrees></Position><AltitudeMeters>190</AltitudeMeters><DistanceMeters>2544.5</DistanceMeters><HeartRateBpm><Value>173</Value></HeartRateBpm><Extensions><TPX xmlns="http://www.garmin.com/xmlschemas/ActivityExtension/v2"><RunCadence>85</RunCadence><Speed>2.839844</Speed><Watts>233</Watts></TPX></Extensions></Trackpoint>
     <Trackpoint><Time>2026-01-31T14:05:00.000Z</Time><Position><LatitudeDegrees>48.1888825</LatitudeDegrees><LongitudeDegrees>16.3171046</LongitudeDegrees></Position><AltitudeMeters>190</AltitudeMeters><DistanceMeters>2547.2</DistanceMeters><HeartRateBpm><Value>173</Value></HeartRateBpm><Extensions><TPX xmlns="http://www.garmin.com/xmlschemas/ActivityExtension/v2"><RunCadence>85</RunCadence><Speed>2.839844</Speed><Watts>233</Watts></TPX></Extensions></Trackpoint>
     <Trackpoint><Time>2026-01-31T14:05:01.000Z</Time><Position><LatitudeDegrees>48.1888911</LatitudeDegrees><LongitudeDegrees>16.3171484</LongitudeDegrees></Position><AltitudeMeters>190</AltitudeMeters><DistanceMeters>2549.9</DistanceMeters><HeartRateBpm><Value>173</Value></HeartRateBpm><Extensions><TPX xmlns="http://www.garmin.com/xmlschemas/ActivityExtension/v2"><RunCadence>84</RunCadence><Speed>2.839844</Speed><Watts>226</Watts></TPX></Extensions></Trackpoint>
     <Trackpoint><Time>2026-01-31T14:05:02.000Z</Time><Position><LatitudeDegrees>48.1888987</LatitudeDegrees><LongitudeDegrees>16.3171879</LongitudeDegrees></Position><AltitudeMeters>190</AltitudeMeters><DistanceMeters>2553.0</DistanceMeters><HeartRateBpm><Value>173</Value></HeartRateBpm><Extensions><TPX xmlns="http://www.garmin.com/xmlschemas/ActivityExtension/v2"><RunCadence>84</RunCadence><Speed>2.839844</Speed><Watts>226</Watts></TPX></Extensions></Trackpoint>
     <Trackpoint><Time>2026-01-31T14:05:03.000Z</Time><Position><LatitudeDegrees>48.1889010</LatitudeDegrees><LongitudeDegrees>16.3172307</LongitudeDegrees></Position><AltitudeMeters>190</AltitudeMeters><DistanceMeters>2556.1</DistanceMeters><HeartRateBpm><Value>173</Value></HeartRateBpm><Extensions><TPX xmlns="http://www.garmin.com/xmlschemas/ActivityExtension/v2"><RunCadence>81</RunCadence><Speed>2.878906</Speed><Watts>226</Watts></TPX></Extensions></Trackpoint>
     <Trackpoint><Time>2026-01-31T14:05:04.000Z</Time><Position><LatitudeDegrees>48.1889052</LatitudeDegrees><LongitudeDegrees>16.3172697</LongitudeDegrees></Position><AltitudeMeters>190</AltitudeMeters><DistanceMeters>2558.9</DistanceMeters><HeartRateBpm><Value>173</Value></HeartRateBpm><Extensions><TPX xmlns="http://www.garmin.com/xmlschemas/ActivityExtension/v2"><RunCadence>81</RunCadence><Speed>2.878906</Speed><Watts>226</Watts></TPX></Extensions></Trackpoint>
     <Trackpoint><Time>2026-01-31T14:05:05.000Z</Time><Position><LatitudeDegrees>48.1889117</LatitudeDegrees><LongitudeDegrees>16.3173030</LongitudeDegrees></Position><AltitudeMeters>190</AltitudeMeters><DistanceMeters>2561.6</DistanceMeters><HeartRateBpm><Value>174</Value></HeartRateBpm><Extensions><TPX xmlns="http://www.garmin.com/xmlschemas/ActivityExtension/v2"><RunCadence>81</RunCadence><Speed>2.878906</Speed><Watts>226</Watts></TPX></Extensions></Trackpoint>
     <Trackpoint><Time>2026-01-31T14:05:06.000Z</Time><Position><LatitudeDegrees>48.1889178</LatitudeDegrees><LongitudeDegrees>16.3173346</LongitudeDegrees></Position><AltitudeMeters>190</AltitudeMeters><DistanceMeters>2564.3</DistanceMeters><HeartRateBpm><Value>174</Value></HeartRateBpm><Extensions><TPX xmlns="http://www.garmin.com/xmlschemas/ActivityExtension/v2"><RunCadence>81</RunCadence><Speed>2.878906</Speed><Watts>226</Watts></TPX></Extensions></Trackpoint>
     <Trackpoint><Time>2026-01-31T14:05:07.000Z</Time><Position><LatitudeDegrees>48.1889236</LatitudeDegrees><LongitudeDegrees>16.3173635</LongitudeDegrees></Position><AltitudeMeters>190</AltitudeMeters><DistanceMeters>2566.9</DistanceMeters><HeartRateBpm><Value>174</Value></HeartRateBpm><Extensions><TPX xmlns="http://www.garmin.com/xmlschemas/ActivityExtension/v2"><RunCadence>81</RunCadence><Speed>2.878906</Speed><Watts>226</Watts></TPX></Extensions></Trackpoint>
     <Trackpoint><Time>2026-01-31T14:05:08.000Z</Time><Position><LatitudeDegrees>48.1889319</LatitudeDegrees><LongitudeDegrees>16.3174056</LongitudeDegrees></Position><AltitudeMeters>190</AltitudeMeters><DistanceMeters>2569.6</DistanceMeters><HeartRateBpm><Value>174</Value></HeartRateBpm><Extensions><TPX xmlns="http://www.garmin.com/xmlschemas/ActivityExtension/v2"><RunCadence>76</RunCadence><Speed>2.878906</Speed><Watts>227</Watts></TPX></Extensions></Trackpoint>
     <Trackpoint><Time>2026-01-31T14:05:09.000Z</Time><Position><LatitudeDegrees>48.1889389</LatitudeDegrees><LongitudeDegrees>16.3174405</LongitudeDegrees></Position><AltitudeMeters>190</AltitudeMeters><DistanceMeters>2572.3</DistanceMeters><HeartRateBpm><Value>174</Value></HeartRateBpm><Extensions><TPX xmlns="http://www.garmin.com/xmlschemas/ActivityExtension/v2"><RunCadence>76</RunCadence><Speed>2.878906</Speed><Watts>227</Watts></TPX></Extensions></Trackpoint>
     <Trackpoint><Time>2026-01-31T14:05:10.000Z</Time><Position><LatitudeDegrees>48.1889488</LatitudeDegrees><LongitudeDegrees>16.3174756</LongitudeDegrees></Position><AltitudeMeters>190</AltitudeMeters><DistanceMeters>2575.1</DistanceMeters><HeartRateBpm><Value>174</Value></HeartRateBpm><Extensions><TPX xmlns="http://www.garmin.com/xmlschemas/ActivityExtension/v2"><RunCadence>78</RunCadence><Speed>2.890625</Speed><Watts>232</Watts></TPX></Extensions></Trackpoint>
     <Trackpoint><Time>2026-01-31T14:05:11.000Z</Time><Position><LatitudeDegrees>48.1889571</LatitudeDegrees><LongitudeDegrees>16.3174851</LongitudeDegrees></Position><AltitudeMeters>190</AltitudeMeters><DistanceMeters>2576.9</DistanceMeters><HeartRateBpm><Value>174</Value></HeartRateBpm><Extensions><TPX xmlns="http://www.garmin.com/xmlschemas/ActivityExtension/v2"><RunCadence>78</RunCadence><Speed>2.890625</Speed><Watts>232</Watts></TPX></Extensions></Trackpoint>
     <Trackpoint><Time>2026-01-31T14:05:12.000Z</Time><Position><LatitudeDegrees>48.1889605</LatitudeDegrees><LongitudeDegrees>16.3175023</LongitudeDegrees></Position><AltitudeMeters>190</AltitudeMeters><DistanceMeters>2578.7</DistanceMeters><HeartRateBpm><Value>174</Value></HeartRateBpm><Extensions><TPX xmlns="http://www.garmin.com/xmlschemas/ActivityExtension/v2"><RunCadence>78</RunCadence><Speed>2.890625</Speed><Watts>232</Watts></TPX></Extensions></Trackpoint>
     <Trackpoint><Time>2026-01-31T14:05:13.000Z</Time><Position><LatitudeDegrees>48.1889671</LatitudeDegrees><LongitudeDegrees>16.3175354</LongitudeDegrees></Position><AltitudeMeters>190</AltitudeMeters><DistanceMeters>2580.6</DistanceMeters><HeartRateBpm><Value>174</Value></HeartRateBpm><Extensions><TPX xmlns="http://www.garmin.com/xmlschemas/ActivityExtension/v2"><RunCadence>78</RunCadence><Speed>2.890625</Speed><Watts>232</Watts></TPX></Extensions></Trackpoint>
     <Trackpoint><Time>2026-01-31T14:05:14.000Z</Time><Position><LatitudeDegrees>48.1889733</LatitudeDegrees><LongitudeDegrees>16.3175672</LongitudeDegrees></Position><AltitudeMeters>190</AltitudeMeters><DistanceMeters>2582.4</DistanceMeters><HeartRateBpm><Value>174</Value></HeartRateBpm><Extensions><TPX xmlns="http://www.garmin.com/xmlschemas/ActivityExtension/v2"><RunCadence>76</RunCadence><Speed>2.890625</Speed><Watts>232</Watts></TPX></Extensions></Trackpoint>
     <Trackpoint><Time>2026-01-31T14:05:15.000Z</Time><Position><LatitudeDegrees>48.1889809</LatitudeDegrees><LongitudeDegrees>16.3176060</LongitudeDegrees></Position><AltitudeMeters>190</AltitudeMeters><DistanceMeters>2585.7</DistanceMeters><HeartRateBpm><Value>174</Value></HeartRateBpm><Extensions><TPX xmlns="http://www.garmin.com/xmlschemas/ActivityExtension/v2"><RunCadence>76</RunCadence><Speed>2.890625</Speed><Watts>232</Watts></TPX></Extensions></Trackpoint>
     <Trackpoint><Time>2026-01-31T14:05:16.000Z</Time><Position><LatitudeDegrees>48.1889922</LatitudeDegrees><LongitudeDegrees>16.3176506</LongitudeDegrees></Position><AltitudeMeters>190</AltitudeMeters><DistanceMeters>2588.9</DistanceMeters><HeartRateBpm><Value>174</Value></HeartRateBpm><Extensions><TPX xmlns="http://www.garmin.com/xmlschemas/ActivityExtension/v2"><RunCadence>81</RunCadence><Speed>2.933594</Speed><Watts>230</Watts></TPX></Extensions></Trackpoint>
     <Trackpoint><Time>2026-01-31T14:05:17.000Z</Time><Position><LatitudeDegrees>48.1890004</LatitudeDegrees><LongitudeDegrees>16.3176814</LongitudeDegrees></Position><AltitudeMeters>190</AltitudeMeters><DistanceMeters>2591.9</DistanceMeters><HeartRateBpm><Value>174</Value></HeartRateBpm><Extensions><TPX xmlns="http://www.garmin.com/xmlschemas/ActivityExtension/v2"><RunCadence>81</RunCadence><Speed>2.933594</Speed><Watts>230</Watts></TPX></Extensions></Trackpoint>
     <Trackpoint><Time>2026-01-31T14:05:18.000Z</Time><Position><LatitudeDegrees>48.1890121</LatitudeDegrees><LongitudeDegrees>16.3177239</LongitudeDegrees></Position><AltitudeMeters>190</AltitudeMeters><DistanceMeters>2594.8</DistanceMeters><HeartRateBpm><Value>174</Value></HeartRateBpm><Extensions><TPX xmlns="http://www.garmin.com/xmlschemas/ActivityExtension/v2"><RunCadence>82</RunCadence><Speed>2.933594</Speed><Watts>230</Watts></TPX></Extensions></Trackpoint>
     <Trackpoint><Time>2026-01-31T14:05:19.000Z</Time><Position><LatitudeDegrees>48.1890237</LatitudeDegrees><LongitudeDegrees>16.3177660</LongitudeDegrees></Position><AltitudeMeters>190</AltitudeMeters><DistanceMeters>2598.0</DistanceMeters><HeartRateBpm><Value>174</Value></HeartRateBpm><Extensions><TPX xmlns="http://www.garmin.com/xmlschemas/ActivityExtension/v2"><RunCadence>82</RunCadence><Speed>2.933594</Speed><Watts>230</Watts></TPX></Extensions></Trackpoint>
     <Trackpoint><Time>2026-01-31T14:05:20.000Z</Time><Position><LatitudeDegrees>48.1890343</LatitudeDegrees><LongitudeDegrees>16.3178042</LongitudeDegrees></Position><AltitudeMeters>190</AltitudeMeters><DistanceMeters>2601.2</DistanceMeters><HeartRateBpm><Value>173</Value></HeartRateBpm><Extensions><TPX xmlns="http://www.garmin.com/xmlschemas/ActivityExtension/v2"><RunCadence>83</RunCadence><Speed>2.933594</Speed><Watts>230</Watts></TPX></Extensions></Trackpoint>
     <Trackpoint><Time>2026-01-31T14:05:21.000Z</Time><Position><LatitudeDegrees>48.1890442</LatitudeDegrees><LongitudeDegrees>16.3178402</LongitudeDegrees></Position><AltitudeMeters>190</AltitudeMeters><DistanceMeters>2604.0</DistanceMeters><HeartRateBpm><Value>173</Value></HeartRateBpm><Extensions><TPX xmlns="http://www.garmin.com/xmlschemas/ActivityExtension/v2"><RunCadence>83</RunCadence><Speed>2.933594</Speed><Watts>230</Watts></TPX></Extensions></Trackpoint>
     <Trackpoint><Time>2026-01-31T14:05:22.000Z</Time><Position><LatitudeDegrees>48.1890534</LatitudeDegrees><LongitudeDegrees>16.3178742</LongitudeDegrees></Position><AltitudeMeters>190</AltitudeMeters><DistanceMeters>2606.8</DistanceMeters><HeartRateBpm><Value>173</Value></HeartRateBpm><Extensions><TPX xmlns="http://www.garmin.com/xmlschemas/ActivityExtension/v2"><RunCadence>83</RunCadence><Speed>2.933594</Speed><Watts>225</Watts></TPX></Extensions></Trackpoint>
     <Trackpoint><Time>2026-01-31T14:05:23.000Z</Time><Position><LatitudeDegrees>48.1890594</LatitudeDegrees><LongitudeDegrees>16.3178959</LongitudeDegrees></Position><AltitudeMeters>190</AltitudeMeters><DistanceMeters>2608.5</DistanceMeters><HeartRateBpm><Value>173</Value></HeartRateBpm><Extensions><TPX xmlns="http://www.garmin.com/xmlschemas/ActivityExtension/v2"><RunCadence>83</RunCadence><Speed>2.933594</Speed><Watts>225</Watts></TPX></Extensions></Trackpoint>
     <Trackpoint><Time>2026-01-31T14:05:24.000Z</Time><Position><LatitudeDegrees>48.1890629</LatitudeDegrees><LongitudeDegrees>16.3179089</LongitudeDegrees></Position><AltitudeMeters>190</AltitudeMeters><DistanceMeters>2610.2</DistanceMeters><HeartRateBpm><Value>173</Value></HeartRateBpm><Extensions><TPX xmlns="http://www.garmin.com/xmlschemas/ActivityExtension/v2"><RunCadence>83</RunCadence><Speed>2.933594</Speed><Watts>225</Watts></TPX></Extensions></Trackpoint>
     <Trackpoint><Time>2026-01-31T14:05:25.000Z</Time><Position><LatitudeDegrees>48.1890695</LatitudeDegrees><LongitudeDegrees>16.3179332</LongitudeDegrees></Position><AltitudeMeters>190</AltitudeMeters><DistanceMeters>2611.9</DistanceMeters><HeartRateBpm><Value>173</Value></HeartRateBpm><Extensions><TPX xmlns="http://www.garmin.com/xmlschemas/ActivityExtension/v2"><RunCadence>83</RunCadence><Speed>2.933594</Speed><Watts>225</Watts></TPX></Extensions></Trackpoint>
     <Trackpoint><Time>2026-01-31T14:05:26.000Z</Time><Position><LatitudeDegrees>48.1890763</LatitudeDegrees><LongitudeDegrees>16.3179582</LongitudeDegrees></Position><AltitudeMeters>190</AltitudeMeters><DistanceMeters>2613.6</DistanceMeters><HeartRateBpm><Value>172</Value></HeartRateBpm><Extensions><TPX xmlns="http://www.garmin.com/xmlschemas/ActivityExtension/v2"><RunCadence>86</RunCadence><Speed>2.933594</Speed><Watts>235</Watts></TPX></Extensions></Trackpoint>
     <Trackpoint><Time>2026-01-31T14:05:27.000Z</Time><Position><LatitudeDegrees>48.1890852</LatitudeDegrees><LongitudeDegrees>16.3179906</LongitudeDegrees></Position><AltitudeMeters>190</AltitudeMeters><DistanceMeters>2616.4</DistanceMeters><HeartRateBpm><Value>172</Value></HeartRateBpm><Extensions><TPX xmlns="http://www.garmin.com/xmlschemas/ActivityExtension/v2"><RunCadence>86</RunCadence><Speed>2.933594</Speed><Watts>235</Watts></TPX></Extensions></Trackpoint>
     <Trackpoint><Time>2026-01-31T14:05:28.000Z</Time><Position><LatitudeDegrees>48.1890958</LatitudeDegrees><LongitudeDegrees>16.3180294</LongitudeDegrees></Position><AltitudeMeters>190</AltitudeMeters><DistanceMeters>2619.3</DistanceMeters><HeartRateBpm><Value>172</Value></HeartRateBpm><Extensions><TPX xmlns="http://www.garmin.com/xmlschemas/ActivityExtension/v2"><RunCadence>84</RunCadence><Speed>2.996094</Speed><Watts>235</Watts></TPX></Extensions></Trackpoint>
     <Trackpoint><Time>2026-01-31T14:05:29.000Z</Time><Position><LatitudeDegrees>48.1891045</LatitudeDegrees><LongitudeDegrees>16.3180608</LongitudeDegrees></Position><AltitudeMeters>190</AltitudeMeters><DistanceMeters>2621.7</DistanceMeters><HeartRateBpm><Value>172</Value></HeartRateBpm><Extensions><TPX xmlns="http://www.garmin.com/xmlschemas/ActivityExtension/v2"><RunCadence>84</RunCadence><Speed>2.996094</Speed><Watts>235</Watts></TPX></Extensions></Trackpoint>
     <Trackpoint><Time>2026-01-31T14:05:30.000Z</Time><Position><LatitudeDegrees>48.1891130</LatitudeDegrees><LongitudeDegrees>16.3180916</LongitudeDegrees></Position><AltitudeMeters>190</AltitudeMeters><DistanceMeters>2624.1</DistanceMeters><HeartRateBpm><Value>172</Value></HeartRateBpm><Extensions><TPX xmlns="http://www.garmin.com/xmlschemas/ActivityExtension/v2"><RunCadence>84</RunCadence><Speed>2.996094</Speed><Watts>235</Watts></TPX></Extensions></Trackpoint>
     <Trackpoint><Time>2026-01-31T14:05:31.000Z</Time><Position><LatitudeDegrees>48.1891205</LatitudeDegrees><LongitudeDegrees>16.3181189</LongitudeDegrees></Position><AltitudeMeters>190</AltitudeMeters><DistanceMeters>2626.5</DistanceMeters><HeartRateBpm><Value>171</Value></HeartRateBpm><Extensions><TPX xmlns="http://www.garmin.com/xmlschemas/ActivityExtension/v2"><RunCadence>79</RunCadence><Speed>2.996094</Speed><Watts>230</Watts></TPX></Extensions></Trackpoint>
     <Trackpoint><Time>2026-01-31T14:05:32.000Z</Time><Position><LatitudeDegrees>48.1891280</LatitudeDegrees><LongitudeDegrees>16.3181461</LongitudeDegrees></Position><AltitudeMeters>190</AltitudeMeters><DistanceMeters>2628.8</DistanceMeters><HeartRateBpm><Value>171</Value></HeartRateBpm><Extensions><TPX xmlns="http://www.garmin.com/xmlschemas/ActivityExtension/v2"><RunCadence>79</RunCadence><Speed>2.996094</Speed><Watts>230</Watts></TPX></Extensions></Trackpoint>
     <Trackpoint><Time>2026-01-31T14:05:33.000Z</Time><Position><LatitudeDegrees>48.1891368</LatitudeDegrees><LongitudeDegrees>16.3181778</LongitudeDegrees></Position><AltitudeMeters>190</AltitudeMeters><DistanceMeters>2631.1</DistanceMeters><HeartRateBpm><Value>171</Value></HeartRateBpm><Extensions><TPX xmlns="http://www.garmin.com/xmlschemas/ActivityExtension/v2"><RunCadence>79</RunCadence><Speed>2.996094</Speed><Watts>230</Watts></TPX></Extensions></Trackpoint>
     <Trackpoint><Time>2026-01-31T14:05:34.000Z</Time><Position><LatitudeDegrees>48.1891445</LatitudeDegrees><LongitudeDegrees>16.3182063</LongitudeDegrees></Position><AltitudeMeters>190</AltitudeMeters><DistanceMeters>2633.5</DistanceMeters><HeartRateBpm><Value>173</Value></HeartRateBpm><Extensions><TPX xmlns="http://www.garmin.com/xmlschemas/ActivityExtension/v2"><RunCadence>75</RunCadence><Speed>2.996094</Speed><Watts>226</Watts></TPX></Extensions></Trackpoint>
     <Trackpoint><Time>2026-01-31T14:05:35.000Z</Time><Position><LatitudeDegrees>48.1891528</LatitudeDegrees><LongitudeDegrees>16.3182367</LongitudeDegrees></Position><AltitudeMeters>190</AltitudeMeters><DistanceMeters>2636.1</DistanceMeters><HeartRateBpm><Value>173</Value></HeartRateBpm><Extensions><TPX xmlns="http://www.garmin.com/xmlschemas/ActivityExtension/v2"><RunCadence>75</RunCadence><Speed>2.996094</Speed><Watts>226</Watts></TPX></Extensions></Trackpoint>
     <Trackpoint><Time>2026-01-31T14:05:36.000Z</Time><Position><LatitudeDegrees>48.1891623</LatitudeDegrees><LongitudeDegrees>16.3182719</LongitudeDegrees></Position><AltitudeMeters>190</AltitudeMeters><DistanceMeters>2638.7</DistanceMeters><HeartRateBpm><Value>173</Value></HeartRateBpm><Extensions><TPX xmlns="http://www.garmin.com/xmlschemas/ActivityExtension/v2"><RunCadence>77</RunCadence><Speed>3.046875</Speed><Watts>226</Watts></TPX></Extensions></Trackpoint>
     <Trackpoint><Time>2026-01-31T14:05:37.000Z</Time><Position><LatitudeDegrees>48.1891712</LatitudeDegrees><LongitudeDegrees>16.3183047</LongitudeDegrees></Position><AltitudeMeters>190</AltitudeMeters><DistanceMeters>2641.4</DistanceMeters><HeartRateBpm><Value>173</Value></HeartRateBpm><Extensions><TPX xmlns="http://www.garmin.com/xmlschemas/ActivityExtension/v2"><RunCadence>77</RunCadence><Speed>3.046875</Speed><Watts>226</Watts></TPX></Extensions></Trackpoint>
     <Trackpoint><Time>2026-01-31T14:05:38.000Z</Time><Position><LatitudeDegrees>48.1891787</LatitudeDegrees><LongitudeDegrees>16.3183323</LongitudeDegrees></Position><AltitudeMeters>190</AltitudeMeters><DistanceMeters>2644.0</DistanceMeters><HeartRateBpm><Value>173</Value></HeartRateBpm><Extensions><TPX xmlns="http://www.garmin.com/xmlschemas/ActivityExtension/v2"><RunCadence>77</RunCadence><Speed>3.046875</Speed><Watts>226</Watts></TPX></Extensions></Trackpoint>
     <Trackpoint><Time>2026-01-31T14:05:39.000Z</Time><Position><LatitudeDegrees>48.1891891</LatitudeDegrees><LongitudeDegrees>16.3183703</LongitudeDegrees></Position><AltitudeMeters>190</AltitudeMeters><DistanceMeters>2646.6</DistanceMeters><HeartRateBpm><Value>173</Value></HeartRateBpm><Extensions><TPX xmlns="http://www.garmin.com/xmlschemas/ActivityExtension/v2"><RunCadence>78</RunCadence><Speed>3.046875</Speed><Watts>224</Watts></TPX></Extensions></Trackpoint>
     <Trackpoint><Time>2026-01-31T14:05:40.000Z</Time><Position><LatitudeDegrees>48.1891974</LatitudeDegrees><LongitudeDegrees>16.3184006</LongitudeDegrees></Position><AltitudeMeters>190</AltitudeMeters><DistanceMeters>2649.2</DistanceMeters><HeartRateBpm><Value>173</Value></HeartRateBpm><Extensions><TPX xmlns="http://www.garmin.com/xmlschemas/ActivityExtension/v2"><RunCadence>78</RunCadence><Speed>3.046875</Speed><Watts>224</Watts></TPX></Extensions></Trackpoint>
     <Trackpoint><Time>2026-01-31T14:05:41.000Z</Time><Position><LatitudeDegrees>48.1892067</LatitudeDegrees><LongitudeDegrees>16.3184205</LongitudeDegrees></Position><AltitudeMeters>190</AltitudeMeters><DistanceMeters>2651.8</DistanceMeters><HeartRateBpm><Value>173</Value></HeartRateBpm><Extensions><TPX xmlns="http://www.garmin.com/xmlschemas/ActivityExtension/v2"><RunCadence>78</RunCadence><Speed>3.046875</Speed><Watts>224</Watts></TPX></Extensions></Trackpoint>
     <Trackpoint><Time>2026-01-31T14:05:42.000Z</Time><Position><LatitudeDegrees>48.1892101</LatitudeDegrees><LongitudeDegrees>16.3184707</LongitudeDegrees></Position><AltitudeMeters>190</AltitudeMeters><DistanceMeters>2654.4</DistanceMeters><HeartRateBpm><Value>173</Value></HeartRateBpm><Extensions><TPX xmlns="http://www.garmin.com/xmlschemas/ActivityExtension/v2"><RunCadence>82</RunCadence><Speed>3.046875</Speed><Watts>225</Watts></TPX></Extensions></Trackpoint>
     <Trackpoint><Time>2026-01-31T14:05:43.000Z</Time><Position><LatitudeDegrees>48.1892203</LatitudeDegrees><LongitudeDegrees>16.3184976</LongitudeDegrees></Position><AltitudeMeters>190</AltitudeMeters><DistanceMeters>2657.1</DistanceMeters><HeartRateBpm><Value>173</Value></HeartRateBpm><Extensions><TPX xmlns="http://www.garmin.com/xmlschemas/ActivityExtension/v2"><RunCadence>82</RunCadence><Speed>3.046875</Speed><Watts>225</Watts></TPX></Extensions></Trackpoint>
     <Trackpoint><Time>2026-01-31T14:05:44.000Z</Time><Position><LatitudeDegrees>48.1892342</LatitudeDegrees><LongitudeDegrees>16.3185340</LongitudeDegrees></Position><AltitudeMeters>190</AltitudeMeters><DistanceMeters>2659.8</DistanceMeters><HeartRateBpm><Value>173</Value></HeartRateBpm><Extensions><TPX xmlns="http://www.garmin.com/xmlschemas/ActivityExtension/v2"><RunCadence>82</RunCadence><Speed>3.046875</Speed><Watts>225</Watts></TPX></Extensions></Trackpoint>
     <Trackpoint><Time>2026-01-31T14:05:45.000Z</Time><Position><LatitudeDegrees>48.1892470</LatitudeDegrees><LongitudeDegrees>16.3185676</LongitudeDegrees></Position><AltitudeMeters>190</AltitudeMeters><DistanceMeters>2662.4</DistanceMeters><HeartRateBpm><Value>173</Value></HeartRateBpm><Extensions><TPX xmlns="http://www.garmin.com/xmlschemas/ActivityExtension/v2"><RunCadence>82</RunCadence><Speed>3.046875</Speed><Watts>225</Watts></TPX></Extensions></Trackpoint>
     <Trackpoint><Time>2026-01-31T14:05:46.000Z</Time><Position><LatitudeDegrees>48.1892574</LatitudeDegrees><LongitudeDegrees>16.3185952</LongitudeDegrees></Position><AltitudeMeters>191</AltitudeMeters><DistanceMeters>2665.0</DistanceMeters><HeartRateBpm><Value>173</Value></HeartRateBpm><Extensions><TPX xmlns="http://www.garmin.com/xmlschemas/ActivityExtension/v2"><RunCadence>82</RunCadence><Speed>3.046875</Speed><Watts>223</Watts></TPX></Extensions></Trackpoint>
     <Trackpoint><Time>2026-01-31T14:05:47.000Z</Time><Position><LatitudeDegrees>48.1892693</LatitudeDegrees><LongitudeDegrees>16.3186263</LongitudeDegrees></Position><AltitudeMeters>191</AltitudeMeters><DistanceMeters>2667.9</DistanceMeters><HeartRateBpm><Value>173</Value></HeartRateBpm><Extensions><TPX xmlns="http://www.garmin.com/xmlschemas/ActivityExtension/v2"><RunCadence>82</RunCadence><Speed>3.046875</Speed><Watts>223</Watts></TPX></Extensions></Trackpoint>
     <Trackpoint><Time>2026-01-31T14:05:48.000Z</Time><Position><LatitudeDegrees>48.1892831</LatitudeDegrees><LongitudeDegrees>16.3186626</LongitudeDegrees></Position><AltitudeMeters>191</AltitudeMeters><DistanceMeters>2670.8</DistanceMeters><HeartRateBpm><Value>173</Value></HeartRateBpm><Extensions><TPX xmlns="http://www.garmin.com/xmlschemas/ActivityExtension/v2"><RunCadence>77</RunCadence><Speed>3.050781</Speed><Watts>223</Watts></TPX></Extensions></Trackpoint>
     <Trackpoint><Time>2026-01-31T14:05:49.000Z</Time><Position><LatitudeDegrees>48.1892920</LatitudeDegrees><LongitudeDegrees>16.3186860</LongitudeDegrees></Position><AltitudeMeters>191</AltitudeMeters><DistanceMeters>2673.5</DistanceMeters><HeartRateBpm><Value>173</Value></HeartRateBpm><Extensions><TPX xmlns="http://www.garmin.com/xmlschemas/ActivityExtension/v2"><RunCadence>77</RunCadence><Speed>3.050781</Speed><Watts>223</Watts></TPX></Extensions></Trackpoint>
     <Trackpoint><Time>2026-01-31T14:05:50.000Z</Time><Position><LatitudeDegrees>48.1893034</LatitudeDegrees><LongitudeDegrees>16.3187161</LongitudeDegrees></Position><AltitudeMeters>191</AltitudeMeters><DistanceMeters>2676.2</DistanceMeters><HeartRateBpm><Value>173</Value></HeartRateBpm><Extensions><TPX xmlns="http://www.garmin.com/xmlschemas/ActivityExtension/v2"><RunCadence>77</RunCadence><Speed>3.050781</Speed><Watts>223</Watts></TPX></Extensions></Trackpoint>
     <Trackpoint><Time>2026-01-31T14:05:51.000Z</Time><Position><LatitudeDegrees>48.1893191</LatitudeDegrees><LongitudeDegrees>16.3187573</LongitudeDegrees></Position><AltitudeMeters>191</AltitudeMeters><DistanceMeters>2678.9</DistanceMeters><HeartRateBpm><Value>174</Value></HeartRateBpm><Extensions><TPX xmlns="http://www.garmin.com/xmlschemas/ActivityExtension/v2"><RunCadence>79</RunCadence><Speed>3.050781</Speed><Watts>223</Watts></TPX></Extensions></Trackpoint>
     <Trackpoint><Time>2026-01-31T14:05:52.000Z</Time><Position><LatitudeDegrees>48.1893256</LatitudeDegrees><LongitudeDegrees>16.3187743</LongitudeDegrees></Position><AltitudeMeters>191</AltitudeMeters><DistanceMeters>2681.5</DistanceMeters><HeartRateBpm><Value>174</Value></HeartRateBpm><Extensions><TPX xmlns="http://www.garmin.com/xmlschemas/ActivityExtension/v2"><RunCadence>79</RunCadence><Speed>3.050781</Speed><Watts>223</Watts></TPX></Extensions></Trackpoint>
     <Trackpoint><Time>2026-01-31T14:05:53.000Z</Time><Position><LatitudeDegrees>48.1893368</LatitudeDegrees><LongitudeDegrees>16.3188036</LongitudeDegrees></Position><AltitudeMeters>191</AltitudeMeters><DistanceMeters>2684.1</DistanceMeters><HeartRateBpm><Value>174</Value></HeartRateBpm><Extensions><TPX xmlns="http://www.garmin.com/xmlschemas/ActivityExtension/v2"><RunCadence>79</RunCadence><Speed>3.050781</Speed><Watts>223</Watts></TPX></Extensions></Trackpoint>
     <Trackpoint><Time>2026-01-31T14:05:54.000Z</Time><Position><LatitudeDegrees>48.1893538</LatitudeDegrees><LongitudeDegrees>16.3188483</LongitudeDegrees></Position><AltitudeMeters>191</AltitudeMeters><DistanceMeters>2686.7</DistanceMeters><HeartRateBpm><Value>174</Value></HeartRateBpm><Extensions><TPX xmlns="http://www.garmin.com/xmlschemas/ActivityExtension/v2"><RunCadence>77</RunCadence><Speed>3.050781</Speed><Watts>228</Watts></TPX></Extensions></Trackpoint>
     <Trackpoint><Time>2026-01-31T14:05:55.000Z</Time><Position><LatitudeDegrees>48.1893652</LatitudeDegrees><LongitudeDegrees>16.3188779</LongitudeDegrees></Position><AltitudeMeters>191</AltitudeMeters><DistanceMeters>2689.0</DistanceMeters><HeartRateBpm><Value>174</Value></HeartRateBpm><Extensions><TPX xmlns="http://www.garmin.com/xmlschemas/ActivityExtension/v2"><RunCadence>77</RunCadence><Speed>3.050781</Speed><Watts>228</Watts></TPX></Extensions></Trackpoint>
     <Trackpoint><Time>2026-01-31T14:05:56.000Z</Time><Position><LatitudeDegrees>48.1893739</LatitudeDegrees><LongitudeDegrees>16.3189009</LongitudeDegrees></Position><AltitudeMeters>191</AltitudeMeters><DistanceMeters>2691.3</DistanceMeters><HeartRateBpm><Value>174</Value></HeartRateBpm><Extensions><TPX xmlns="http://www.garmin.com/xmlschemas/ActivityExtension/v2"><RunCadence>77</RunCadence><Speed>3.050781</Speed><Watts>228</Watts></TPX></Extensions></Trackpoint>
     <Trackpoint><Time>2026-01-31T14:05:57.000Z</Time><Position><LatitudeDegrees>48.1893848</LatitudeDegrees><LongitudeDegrees>16.3189293</LongitudeDegrees></Position><AltitudeMeters>191</AltitudeMeters><DistanceMeters>2693.6</DistanceMeters><HeartRateBpm><Value>174</Value></HeartRateBpm><Extensions><TPX xmlns="http://www.garmin.com/xmlschemas/ActivityExtension/v2"><RunCadence>75</RunCadence><Speed>3.093750</Speed><Watts>230</Watts></TPX></Extensions></Trackpoint>
     <Trackpoint><Time>2026-01-31T14:05:58.000Z</Time><Position><LatitudeDegrees>48.1893968</LatitudeDegrees><LongitudeDegrees>16.3189608</LongitudeDegrees></Position><AltitudeMeters>191</AltitudeMeters><DistanceMeters>2696.7</DistanceMeters><HeartRateBpm><Value>174</Value></HeartRateBpm><Extensions><TPX xmlns="http://www.garmin.com/xmlschemas/ActivityExtension/v2"><RunCadence>75</RunCadence><Speed>3.093750</Speed><Watts>230</Watts></TPX></Extensions></Trackpoint>
     <Trackpoint><Time>2026-01-31T14:05:59.000Z</Time><Position><LatitudeDegrees>48.1894123</LatitudeDegrees><LongitudeDegrees>16.3190014</LongitudeDegrees></Position><AltitudeMeters>191</AltitudeMeters><DistanceMeters>2699.7</DistanceMeters><HeartRateBpm><Value>174</Value></HeartRateBpm><Extensions><TPX xmlns="http://www.garmin.com/xmlschemas/ActivityExtension/v2"><RunCadence>77</RunCadence><Speed>3.093750</Speed><Watts>230</Watts></TPX></Extensions></Trackpoint>
     <Trackpoint><Time>2026-01-31T14:06:00.000Z</Time><Position><LatitudeDegrees>48.1894255</LatitudeDegrees><LongitudeDegrees>16.3190360</LongitudeDegrees></Position><AltitudeMeters>191</AltitudeMeters><DistanceMeters>2702.6</DistanceMeters><HeartRateBpm><Value>174</Value></HeartRateBpm><Extensions><TPX xmlns="http://www.garmin.com/xmlschemas/ActivityExtension/v2"><RunCadence>77</RunCadence><Speed>3.093750</Speed><Watts>230</Watts></TPX></Extensions></Trackpoint>
     <Trackpoint><Time>2026-01-31T14:06:01.000Z</Time><Position><LatitudeDegrees>48.1894379</LatitudeDegrees><LongitudeDegrees>16.3190683</LongitudeDegrees></Position><AltitudeMeters>192</AltitudeMeters><DistanceMeters>2705.5</DistanceMeters><HeartRateBpm><Value>174</Value></HeartRateBpm><Extensions><TPX xmlns="http://www.garmin.com/xmlschemas/ActivityExtension/v2"><RunCadence>75</RunCadence><Speed>3.050781</Speed><Watts>229</Watts></TPX></Extensions></Trackpoint>
     <Trackpoint><Time>2026-01-31T14:06:02.000Z</Time><Position><LatitudeDegrees>48.1894497</LatitudeDegrees><LongitudeDegrees>16.3190993</LongitudeDegrees></Position><AltitudeMeters>192</AltitudeMeters><DistanceMeters>2708.2</DistanceMeters><HeartRateBpm><Value>174</Value></HeartRateBpm><Extensions><TPX xmlns="http://www.garmin.com/xmlschemas/ActivityExtension/v2"><RunCadence>75</RunCadence><Speed>3.050781</Speed><Watts>229</Watts></TPX></Extensions></Trackpoint>
     <Trackpoint><Time>2026-01-31T14:06:03.000Z</Time><Position><LatitudeDegrees>48.1894621</LatitudeDegrees><LongitudeDegrees>16.3191317</LongitudeDegrees></Position><AltitudeMeters>192</AltitudeMeters><DistanceMeters>2710.9</DistanceMeters><HeartRateBpm><Value>174</Value></HeartRateBpm><Extensions><TPX xmlns="http://www.garmin.com/xmlschemas/ActivityExtension/v2"><RunCadence>77</RunCadence><Speed>3.050781</Speed><Watts>233</Watts></TPX></Extensions></Trackpoint>
     <Trackpoint><Time>2026-01-31T14:06:04.000Z</Time><Position><LatitudeDegrees>48.1894748</LatitudeDegrees><LongitudeDegrees>16.3191651</LongitudeDegrees></Position><AltitudeMeters>192</AltitudeMeters><DistanceMeters>2714.0</DistanceMeters><HeartRateBpm><Value>174</Value></HeartRateBpm><Extensions><TPX xmlns="http://www.garmin.com/xmlschemas/ActivityExtension/v2"><RunCadence>77</RunCadence><Speed>3.050781</Speed><Watts>233</Watts></TPX></Extensions></Trackpoint>
     <Trackpoint><Time>2026-01-31T14:06:05.000Z</Time><Position><LatitudeDegrees>48.1894904</LatitudeDegrees><LongitudeDegrees>16.3192043</LongitudeDegrees></Position><AltitudeMeters>192</AltitudeMeters><DistanceMeters>2717.1</DistanceMeters><HeartRateBpm><Value>175</Value></HeartRateBpm><Extensions><TPX xmlns="http://www.garmin.com/xmlschemas/ActivityExtension/v2"><RunCadence>81</RunCadence><Speed>3.050781</Speed><Watts>233</Watts></TPX></Extensions></Trackpoint>
     <Trackpoint><Time>2026-01-31T14:06:06.000Z</Time><Position><LatitudeDegrees>48.1895027</LatitudeDegrees><LongitudeDegrees>16.3192392</LongitudeDegrees></Position><AltitudeMeters>192</AltitudeMeters><DistanceMeters>2719.7</DistanceMeters><HeartRateBpm><Value>175</Value></HeartRateBpm><Extensions><TPX xmlns="http://www.garmin.com/xmlschemas/ActivityExtension/v2"><RunCadence>81</RunCadence><Speed>3.050781</Speed><Watts>233</Watts></TPX></Extensions></Trackpoint>
     <Trackpoint><Time>2026-01-31T14:06:07.000Z</Time><Position><LatitudeDegrees>48.1895075</LatitudeDegrees><LongitudeDegrees>16.3192706</LongitudeDegrees></Position><AltitudeMeters>192</AltitudeMeters><DistanceMeters>2722.4</DistanceMeters><HeartRateBpm><Value>175</Value></HeartRateBpm><Extensions><TPX xmlns="http://www.garmin.com/xmlschemas/ActivityExtension/v2"><RunCadence>84</RunCadence><Speed>3.085938</Speed><Watts>237</Watts></TPX></Extensions></Trackpoint>
     <Trackpoint><Time>2026-01-31T14:06:08.000Z</Time><Position><LatitudeDegrees>48.1895236</LatitudeDegrees><LongitudeDegrees>16.3192974</LongitudeDegrees></Position><AltitudeMeters>192</AltitudeMeters><DistanceMeters>2724.9</DistanceMeters><HeartRateBpm><Value>175</Value></HeartRateBpm><Extensions><TPX xmlns="http://www.garmin.com/xmlschemas/ActivityExtension/v2"><RunCadence>84</RunCadence><Speed>3.085938</Speed><Watts>237</Watts></TPX></Extensions></Trackpoint>
     <Trackpoint><Time>2026-01-31T14:06:09.000Z</Time><Position><LatitudeDegrees>48.1895383</LatitudeDegrees><LongitudeDegrees>16.3193221</LongitudeDegrees></Position><AltitudeMeters>192</AltitudeMeters><DistanceMeters>2727.5</DistanceMeters><HeartRateBpm><Value>175</Value></HeartRateBpm><Extensions><TPX xmlns="http://www.garmin.com/xmlschemas/ActivityExtension/v2"><RunCadence>85</RunCadence><Speed>3.085938</Speed><Watts>237</Watts></TPX></Extensions></Trackpoint>
     <Trackpoint><Time>2026-01-31T14:06:10.000Z</Time><Position><LatitudeDegrees>48.1895532</LatitudeDegrees><LongitudeDegrees>16.3193584</LongitudeDegrees></Position><AltitudeMeters>192</AltitudeMeters><DistanceMeters>2730.4</DistanceMeters><HeartRateBpm><Value>175</Value></HeartRateBpm><Extensions><TPX xmlns="http://www.garmin.com/xmlschemas/ActivityExtension/v2"><RunCadence>85</RunCadence><Speed>3.085938</Speed><Watts>237</Watts></TPX></Extensions></Trackpoint>
     <Trackpoint><Time>2026-01-31T14:06:11.000Z</Time><Position><LatitudeDegrees>48.1895662</LatitudeDegrees><LongitudeDegrees>16.3193872</LongitudeDegrees></Position><AltitudeMeters>193</AltitudeMeters><DistanceMeters>2733.3</DistanceMeters><HeartRateBpm><Value>175</Value></HeartRateBpm><Extensions><TPX xmlns="http://www.garmin.com/xmlschemas/ActivityExtension/v2"><RunCadence>77</RunCadence><Speed>3.097656</Speed><Watts>237</Watts></TPX></Extensions></Trackpoint>
     <Trackpoint><Time>2026-01-31T14:06:12.000Z</Time><Position><LatitudeDegrees>48.1895788</LatitudeDegrees><LongitudeDegrees>16.3194212</LongitudeDegrees></Position><AltitudeMeters>193</AltitudeMeters><DistanceMeters>2735.9</DistanceMeters><HeartRateBpm><Value>175</Value></HeartRateBpm><Extensions><TPX xmlns="http://www.garmin.com/xmlschemas/ActivityExtension/v2"><RunCadence>77</RunCadence><Speed>3.097656</Speed><Watts>237</Watts></TPX></Extensions></Trackpoint>
     <Trackpoint><Time>2026-01-31T14:06:13.000Z</Time><Position><LatitudeDegrees>48.1895906</LatitudeDegrees><LongitudeDegrees>16.3194501</LongitudeDegrees></Position><AltitudeMeters>193</AltitudeMeters><DistanceMeters>2738.6</DistanceMeters><HeartRateBpm><Value>175</Value></HeartRateBpm><Extensions><TPX xmlns="http://www.garmin.com/xmlschemas/ActivityExtension/v2"><RunCadence>77</RunCadence><Speed>3.097656</Speed><Watts>237</Watts></TPX></Extensions></Trackpoint>
     <Trackpoint><Time>2026-01-31T14:06:14.000Z</Time><Position><LatitudeDegrees>48.1896020</LatitudeDegrees><LongitudeDegrees>16.3194786</LongitudeDegrees></Position><AltitudeMeters>193</AltitudeMeters><DistanceMeters>2741.3</DistanceMeters><HeartRateBpm><Value>175</Value></HeartRateBpm><Extensions><TPX xmlns="http://www.garmin.com/xmlschemas/ActivityExtension/v2"><RunCadence>77</RunCadence><Speed>3.097656</Speed><Watts>237</Watts></TPX></Extensions></Trackpoint>
     <Trackpoint><Time>2026-01-31T14:06:15.000Z</Time><Position><LatitudeDegrees>48.1896149</LatitudeDegrees><LongitudeDegrees>16.3195111</LongitudeDegrees></Position><AltitudeMeters>193</AltitudeMeters><DistanceMeters>2743.9</DistanceMeters><HeartRateBpm><Value>176</Value></HeartRateBpm><Extensions><TPX xmlns="http://www.garmin.com/xmlschemas/ActivityExtension/v2"><RunCadence>77</RunCadence><Speed>3.097656</Speed><Watts>237</Watts></TPX></Extensions></Trackpoint>
     <Trackpoint><Time>2026-01-31T14:06:16.000Z</Time><Position><LatitudeDegrees>48.1896263</LatitudeDegrees><LongitudeDegrees>16.3195396</LongitudeDegrees></Position><AltitudeMeters>193</AltitudeMeters><DistanceMeters>2746.6</DistanceMeters><HeartRateBpm><Value>176</Value></HeartRateBpm><Extensions><TPX xmlns="http://www.garmin.com/xmlschemas/ActivityExtension/v2"><RunCadence>77</RunCadence><Speed>3.097656</Speed><Watts>237</Watts></TPX></Extensions></Trackpoint>
     <Trackpoint><Time>2026-01-31T14:06:17.000Z</Time><Position><LatitudeDegrees>48.1896395</LatitudeDegrees><LongitudeDegrees>16.3195726</LongitudeDegrees></Position><AltitudeMeters>193</AltitudeMeters><DistanceMeters>2749.2</DistanceMeters><HeartRateBpm><Value>176</Value></HeartRateBpm><Extensions><TPX xmlns="http://www.garmin.com/xmlschemas/ActivityExtension/v2"><RunCadence>77</RunCadence><Speed>3.039062</Speed><Watts>237</Watts></TPX></Extensions></Trackpoint>
     <Trackpoint><Time>2026-01-31T14:06:18.000Z</Time><Position><LatitudeDegrees>48.1896755</LatitudeDegrees><LongitudeDegrees>16.3195886</LongitudeDegrees></Position><AltitudeMeters>193</AltitudeMeters><DistanceMeters>2751.8</DistanceMeters><HeartRateBpm><Value>176</Value></HeartRateBpm><Extensions><TPX xmlns="http://www.garmin.com/xmlschemas/ActivityExtension/v2"><RunCadence>77</RunCadence><Speed>3.039062</Speed><Watts>237</Watts></TPX></Extensions></Trackpoint>
     <Trackpoint><Time>2026-01-31T14:06:19.000Z</Time><Position><LatitudeDegrees>48.1896782</LatitudeDegrees><LongitudeDegrees>16.3196092</LongitudeDegrees></Position><AltitudeMeters>193</AltitudeMeters><DistanceMeters>2754.3</DistanceMeters><HeartRateBpm><Value>177</Value></HeartRateBpm><Extensions><TPX xmlns="http://www.garmin.com/xmlschemas/ActivityExtension/v2"><RunCadence>78</RunCadence><Speed>3.039062</Speed><Watts>240</Watts></TPX></Extensions></Trackpoint>
     <Trackpoint><Time>2026-01-31T14:06:20.000Z</Time><Position><LatitudeDegrees>48.1896757</LatitudeDegrees><LongitudeDegrees>16.3196443</LongitudeDegrees></Position><AltitudeMeters>193</AltitudeMeters><DistanceMeters>2757.0</DistanceMeters><HeartRateBpm><Value>177</Value></HeartRateBpm><Extensions><TPX xmlns="http://www.garmin.com/xmlschemas/ActivityExtension/v2"><RunCadence>78</RunCadence><Speed>3.039062</Speed><Watts>240</Watts></TPX></Extensions></Trackpoint>
     <Trackpoint><Time>2026-01-31T14:06:21.000Z</Time><Position><LatitudeDegrees>48.1896901</LatitudeDegrees><LongitudeDegrees>16.3196803</LongitudeDegrees></Position><AltitudeMeters>194</AltitudeMeters><DistanceMeters>2759.8</DistanceMeters><HeartRateBpm><Value>177</Value></HeartRateBpm><Extensions><TPX xmlns="http://www.garmin.com/xmlschemas/ActivityExtension/v2"><RunCadence>78</RunCadence><Speed>2.976562</Speed><Watts>240</Watts></TPX></Extensions></Trackpoint>
     <Trackpoint><Time>2026-01-31T14:06:22.000Z</Time><Position><LatitudeDegrees>48.1897030</LatitudeDegrees><LongitudeDegrees>16.3197318</LongitudeDegrees></Position><AltitudeMeters>194</AltitudeMeters><DistanceMeters>2763.4</DistanceMeters><HeartRateBpm><Value>177</Value></HeartRateBpm><Extensions><TPX xmlns="http://www.garmin.com/xmlschemas/ActivityExtension/v2"><RunCadence>78</RunCadence><Speed>2.976562</Speed><Watts>240</Watts></TPX></Extensions></Trackpoint>
     <Trackpoint><Time>2026-01-31T14:06:23.000Z</Time><Position><LatitudeDegrees>48.1897160</LatitudeDegrees><LongitudeDegrees>16.3197714</LongitudeDegrees></Position><AltitudeMeters>194</AltitudeMeters><DistanceMeters>2767.1</DistanceMeters><HeartRateBpm><Value>177</Value></HeartRateBpm><Extensions><TPX xmlns="http://www.garmin.com/xmlschemas/ActivityExtension/v2"><RunCadence>79</RunCadence><Speed>2.976562</Speed><Watts>282</Watts></TPX></Extensions></Trackpoint>
     <Trackpoint><Time>2026-01-31T14:06:24.000Z</Time><Position><LatitudeDegrees>48.1897343</LatitudeDegrees><LongitudeDegrees>16.3198081</LongitudeDegrees></Position><AltitudeMeters>194</AltitudeMeters><DistanceMeters>2770.1</DistanceMeters><HeartRateBpm><Value>177</Value></HeartRateBpm><Extensions><TPX xmlns="http://www.garmin.com/xmlschemas/ActivityExtension/v2"><RunCadence>79</RunCadence><Speed>2.976562</Speed><Watts>282</Watts></TPX></Extensions></Trackpoint>
     <Trackpoint><Time>2026-01-31T14:06:25.000Z</Time><Position><LatitudeDegrees>48.1897432</LatitudeDegrees><LongitudeDegrees>16.3198401</LongitudeDegrees></Position><AltitudeMeters>194</AltitudeMeters><DistanceMeters>2773.0</DistanceMeters><HeartRateBpm><Value>177</Value></HeartRateBpm><Extensions><TPX xmlns="http://www.garmin.com/xmlschemas/ActivityExtension/v2"><RunCadence>84</RunCadence><Speed>2.976562</Speed><Watts>282</Watts></TPX></Extensions></Trackpoint>
     <Trackpoint><Time>2026-01-31T14:06:26.000Z</Time><Position><LatitudeDegrees>48.1897581</LatitudeDegrees><LongitudeDegrees>16.3198741</LongitudeDegrees></Position><AltitudeMeters>194</AltitudeMeters><DistanceMeters>2776.3</DistanceMeters><HeartRateBpm><Value>177</Value></HeartRateBpm><Extensions><TPX xmlns="http://www.garmin.com/xmlschemas/ActivityExtension/v2"><RunCadence>84</RunCadence><Speed>2.976562</Speed><Watts>282</Watts></TPX></Extensions></Trackpoint>
     <Trackpoint><Time>2026-01-31T14:06:27.000Z</Time><Position><LatitudeDegrees>48.1897796</LatitudeDegrees><LongitudeDegrees>16.3199083</LongitudeDegrees></Position><AltitudeMeters>194</AltitudeMeters><DistanceMeters>2779.5</DistanceMeters><HeartRateBpm><Value>177</Value></HeartRateBpm><Extensions><TPX xmlns="http://www.garmin.com/xmlschemas/ActivityExtension/v2"><RunCadence>86</RunCadence><Speed>2.980469</Speed><Watts>282</Watts></TPX></Extensions></Trackpoint>
     <Trackpoint><Time>2026-01-31T14:06:28.000Z</Time><Position><LatitudeDegrees>48.1897915</LatitudeDegrees><LongitudeDegrees>16.3199478</LongitudeDegrees></Position><AltitudeMeters>194</AltitudeMeters><DistanceMeters>2782.9</DistanceMeters><HeartRateBpm><Value>177</Value></HeartRateBpm><Extensions><TPX xmlns="http://www.garmin.com/xmlschemas/ActivityExtension/v2"><RunCadence>86</RunCadence><Speed>2.980469</Speed><Watts>282</Watts></TPX></Extensions></Trackpoint>
     <Trackpoint><Time>2026-01-31T14:06:29.000Z</Time><Position><LatitudeDegrees>48.1898104</LatitudeDegrees><LongitudeDegrees>16.3199862</LongitudeDegrees></Position><AltitudeMeters>194</AltitudeMeters><DistanceMeters>2786.2</DistanceMeters><HeartRateBpm><Value>177</Value></HeartRateBpm><Extensions><TPX xmlns="http://www.garmin.com/xmlschemas/ActivityExtension/v2"><RunCadence>80</RunCadence><Speed>2.980469</Speed><Watts>294</Watts></TPX></Extensions></Trackpoint>
     <Trackpoint><Time>2026-01-31T14:06:30.000Z</Time><Position><LatitudeDegrees>48.1898257</LatitudeDegrees><LongitudeDegrees>16.3200015</LongitudeDegrees></Position><AltitudeMeters>194</AltitudeMeters><DistanceMeters>2788.7</DistanceMeters><HeartRateBpm><Value>177</Value></HeartRateBpm><Extensions><TPX xmlns="http://www.garmin.com/xmlschemas/ActivityExtension/v2"><RunCadence>80</RunCadence><Speed>2.980469</Speed><Watts>294</Watts></TPX></Extensions></Trackpoint>
     <Trackpoint><Time>2026-01-31T14:06:31.000Z</Time><Position><LatitudeDegrees>48.1898481</LatitudeDegrees><LongitudeDegrees>16.3199999</LongitudeDegrees></Position><AltitudeMeters>194</AltitudeMeters><DistanceMeters>2791.2</DistanceMeters><HeartRateBpm><Value>177</Value></HeartRateBpm><Extensions><TPX xmlns="http://www.garmin.com/xmlschemas/ActivityExtension/v2"><RunCadence>80</RunCadence><Speed>2.980469</Speed><Watts>294</Watts></TPX></Extensions></Trackpoint>
     <Trackpoint><Time>2026-01-31T14:06:32.000Z</Time><Position><LatitudeDegrees>48.1898731</LatitudeDegrees><LongitudeDegrees>16.3200221</LongitudeDegrees></Position><AltitudeMeters>195</AltitudeMeters><DistanceMeters>2793.7</DistanceMeters><HeartRateBpm><Value>177</Value></HeartRateBpm><Extensions><TPX xmlns="http://www.garmin.com/xmlschemas/ActivityExtension/v2"><RunCadence>79</RunCadence><Speed>2.980469</Speed><Watts>294</Watts></TPX></Extensions></Trackpoint>
     <Trackpoint><Time>2026-01-31T14:06:33.000Z</Time><Position><LatitudeDegrees>48.1898854</LatitudeDegrees><LongitudeDegrees>16.3200473</LongitudeDegrees></Position><AltitudeMeters>195</AltitudeMeters><DistanceMeters>2796.7</DistanceMeters><HeartRateBpm><Value>177</Value></HeartRateBpm><Extensions><TPX xmlns="http://www.garmin.com/xmlschemas/ActivityExtension/v2"><RunCadence>79</RunCadence><Speed>2.980469</Speed><Watts>294</Watts></TPX></Extensions></Trackpoint>
     <Trackpoint><Time>2026-01-31T14:06:34.000Z</Time><Position><LatitudeDegrees>48.1899125</LatitudeDegrees><LongitudeDegrees>16.3200781</LongitudeDegrees></Position><AltitudeMeters>195</AltitudeMeters><DistanceMeters>2799.7</DistanceMeters><HeartRateBpm><Value>178</Value></HeartRateBpm><Extensions><TPX xmlns="http://www.garmin.com/xmlschemas/ActivityExtension/v2"><RunCadence>84</RunCadence><Speed>2.980469</Speed><Watts>301</Watts></TPX></Extensions></Trackpoint>
     <Trackpoint><Time>2026-01-31T14:06:35.000Z</Time><Position><LatitudeDegrees>48.1899448</LatitudeDegrees><LongitudeDegrees>16.3200854</LongitudeDegrees></Position><AltitudeMeters>195</AltitudeMeters><DistanceMeters>2803.4</DistanceMeters><HeartRateBpm><Value>178</Value></HeartRateBpm><Extensions><TPX xmlns="http://www.garmin.com/xmlschemas/ActivityExtension/v2"><RunCadence>84</RunCadence><Speed>2.980469</Speed><Watts>301</Watts></TPX></Extensions></Trackpoint>
     <Trackpoint><Time>2026-01-31T14:06:36.000Z</Time><Position><LatitudeDegrees>48.1899782</LatitudeDegrees><LongitudeDegrees>16.3200777</LongitudeDegrees></Position><AltitudeMeters>195</AltitudeMeters><DistanceMeters>2807.0</DistanceMeters><HeartRateBpm><Value>178</Value></HeartRateBpm><Extensions><TPX xmlns="http://www.garmin.com/xmlschemas/ActivityExtension/v2"><RunCadence>78</RunCadence><Speed>2.980469</Speed><Watts>301</Watts></TPX></Extensions></Trackpoint>
     <Trackpoint><Time>2026-01-31T14:06:37.000Z</Time><Position><LatitudeDegrees>48.1900172</LatitudeDegrees><LongitudeDegrees>16.3200594</LongitudeDegrees></Position><AltitudeMeters>195</AltitudeMeters><DistanceMeters>2811.7</DistanceMeters><HeartRateBpm><Value>178</Value></HeartRateBpm><Extensions><TPX xmlns="http://www.garmin.com/xmlschemas/ActivityExtension/v2"><RunCadence>78</RunCadence><Speed>2.980469</Speed><Watts>301</Watts></TPX></Extensions></Trackpoint>
     <Trackpoint><Time>2026-01-31T14:06:38.000Z</Time><Position><LatitudeDegrees>48.1900555</LatitudeDegrees><LongitudeDegrees>16.3200277</LongitudeDegrees></Position><AltitudeMeters>195</AltitudeMeters><DistanceMeters>2816.4</DistanceMeters><HeartRateBpm><Value>178</Value></HeartRateBpm><Extensions><TPX xmlns="http://www.garmin.com/xmlschemas/ActivityExtension/v2"><RunCadence>78</RunCadence><Speed>3.000000</Speed><Watts>301</Watts></TPX></Extensions></Trackpoint>
     <Trackpoint><Time>2026-01-31T14:06:39.000Z</Time><Position><LatitudeDegrees>48.1900785</LatitudeDegrees><LongitudeDegrees>16.3200515</LongitudeDegrees></Position><AltitudeMeters>195</AltitudeMeters><DistanceMeters>2819.8</DistanceMeters><HeartRateBpm><Value>178</Value></HeartRateBpm><Extensions><TPX xmlns="http://www.garmin.com/xmlschemas/ActivityExtension/v2"><RunCadence>78</RunCadence><Speed>3.000000</Speed><Watts>301</Watts></TPX></Extensions></Trackpoint>
     <Trackpoint><Time>2026-01-31T14:06:40.000Z</Time><Position><LatitudeDegrees>48.1901139</LatitudeDegrees><LongitudeDegrees>16.3200555</LongitudeDegrees></Position><AltitudeMeters>195</AltitudeMeters><DistanceMeters>2823.2</DistanceMeters><HeartRateBpm><Value>178</Value></HeartRateBpm><Extensions><TPX xmlns="http://www.garmin.com/xmlschemas/ActivityExtension/v2"><RunCadence>77</RunCadence><Speed>3.000000</Speed><Watts>301</Watts></TPX></Extensions></Trackpoint>
     <Trackpoint><Time>2026-01-31T14:06:41.000Z</Time><Position><LatitudeDegrees>48.1901533</LatitudeDegrees><LongitudeDegrees>16.3200613</LongitudeDegrees></Position><AltitudeMeters>195</AltitudeMeters><DistanceMeters>2826.9</DistanceMeters><HeartRateBpm><Value>178</Value></HeartRateBpm><Extensions><TPX xmlns="http://www.garmin.com/xmlschemas/ActivityExtension/v2"><RunCadence>77</RunCadence><Speed>3.000000</Speed><Watts>301</Watts></TPX></Extensions></Trackpoint>
     <Trackpoint><Time>2026-01-31T14:06:42.000Z</Time><Position><LatitudeDegrees>48.1901786</LatitudeDegrees><LongitudeDegrees>16.3200784</LongitudeDegrees></Position><AltitudeMeters>196</AltitudeMeters><DistanceMeters>2830.6</DistanceMeters><HeartRateBpm><Value>178</Value></HeartRateBpm><Extensions><TPX xmlns="http://www.garmin.com/xmlschemas/ActivityExtension/v2"><RunCadence>82</RunCadence><Speed>3.000000</Speed><Watts>311</Watts></TPX></Extensions></Trackpoint>
     <Trackpoint><Time>2026-01-31T14:06:43.000Z</Time><Position><LatitudeDegrees>48.1902043</LatitudeDegrees><LongitudeDegrees>16.3200800</LongitudeDegrees></Position><AltitudeMeters>196</AltitudeMeters><DistanceMeters>2833.2</DistanceMeters><HeartRateBpm><Value>178</Value></HeartRateBpm><Extensions><TPX xmlns="http://www.garmin.com/xmlschemas/ActivityExtension/v2"><RunCadence>82</RunCadence><Speed>3.000000</Speed><Watts>311</Watts></TPX></Extensions></Trackpoint>
     <Trackpoint><Time>2026-01-31T14:06:44.000Z</Time><Position><LatitudeDegrees>48.1902239</LatitudeDegrees><LongitudeDegrees>16.3200652</LongitudeDegrees></Position><AltitudeMeters>196</AltitudeMeters><DistanceMeters>2835.7</DistanceMeters><HeartRateBpm><Value>179</Value></HeartRateBpm><Extensions><TPX xmlns="http://www.garmin.com/xmlschemas/ActivityExtension/v2"><RunCadence>85</RunCadence><Speed>2.957031</Speed><Watts>316</Watts></TPX></Extensions></Trackpoint>
     <Trackpoint><Time>2026-01-31T14:06:45.000Z</Time><Position><LatitudeDegrees>48.1902353</LatitudeDegrees><LongitudeDegrees>16.3200521</LongitudeDegrees></Position><AltitudeMeters>196</AltitudeMeters><DistanceMeters>2837.1</DistanceMeters><HeartRateBpm><Value>179</Value></HeartRateBpm><Extensions><TPX xmlns="http://www.garmin.com/xmlschemas/ActivityExtension/v2"><RunCadence>85</RunCadence><Speed>2.957031</Speed><Watts>316</Watts></TPX></Extensions></Trackpoint>
     <Trackpoint><Time>2026-01-31T14:06:46.000Z</Time><Position><LatitudeDegrees>48.1902470</LatitudeDegrees><LongitudeDegrees>16.3200460</LongitudeDegrees></Position><AltitudeMeters>196</AltitudeMeters><DistanceMeters>2838.4</DistanceMeters><HeartRateBpm><Value>179</Value></HeartRateBpm><Extensions><TPX xmlns="http://www.garmin.com/xmlschemas/ActivityExtension/v2"><RunCadence>85</RunCadence><Speed>2.957031</Speed><Watts>316</Watts></TPX></Extensions></Trackpoint>
     <Trackpoint><Time>2026-01-31T14:06:47.000Z</Time><Position><LatitudeDegrees>48.1902577</LatitudeDegrees><LongitudeDegrees>16.3200411</LongitudeDegrees></Position><AltitudeMeters>196</AltitudeMeters><DistanceMeters>2839.7</DistanceMeters><HeartRateBpm><Value>179</Value></HeartRateBpm><Extensions><TPX xmlns="http://www.garmin.com/xmlschemas/ActivityExtension/v2"><RunCadence>85</RunCadence><Speed>2.957031</Speed><Watts>316</Watts></TPX></Extensions></Trackpoint>
     <Trackpoint><Time>2026-01-31T14:06:48.000Z</Time><Position><LatitudeDegrees>48.1902666</LatitudeDegrees><LongitudeDegrees>16.3200349</LongitudeDegrees></Position><AltitudeMeters>196</AltitudeMeters><DistanceMeters>2841.0</DistanceMeters><HeartRateBpm><Value>179</Value></HeartRateBpm><Extensions><TPX xmlns="http://www.garmin.com/xmlschemas/ActivityExtension/v2"><RunCadence>81</RunCadence><Speed>2.957031</Speed><Watts>323</Watts></TPX></Extensions></Trackpoint>
     <Trackpoint><Time>2026-01-31T14:06:49.000Z</Time><Position><LatitudeDegrees>48.1902792</LatitudeDegrees><LongitudeDegrees>16.3200260</LongitudeDegrees></Position><AltitudeMeters>196</AltitudeMeters><DistanceMeters>2842.6</DistanceMeters><HeartRateBpm><Value>179</Value></HeartRateBpm><Extensions><TPX xmlns="http://www.garmin.com/xmlschemas/ActivityExtension/v2"><RunCadence>81</RunCadence><Speed>2.957031</Speed><Watts>323</Watts></TPX></Extensions></Trackpoint>
     <Trackpoint><Time>2026-01-31T14:06:50.000Z</Time><Position><LatitudeDegrees>48.1902913</LatitudeDegrees><LongitudeDegrees>16.3200155</LongitudeDegrees></Position><AltitudeMeters>196</AltitudeMeters><DistanceMeters>2844.2</DistanceMeters><HeartRateBpm><Value>179</Value></HeartRateBpm><Extensions><TPX xmlns="http://www.garmin.com/xmlschemas/ActivityExtension/v2"><RunCadence>81</RunCadence><Speed>2.957031</Speed><Watts>323</Watts></TPX></Extensions></Trackpoint>
     <Trackpoint><Time>2026-01-31T14:06:51.000Z</Time><Position><LatitudeDegrees>48.1903032</LatitudeDegrees><LongitudeDegrees>16.3200092</LongitudeDegrees></Position><AltitudeMeters>196</AltitudeMeters><DistanceMeters>2845.7</DistanceMeters><HeartRateBpm><Value>179</Value></HeartRateBpm><Extensions><TPX xmlns="http://www.garmin.com/xmlschemas/ActivityExtension/v2"><RunCadence>81</RunCadence><Speed>2.957031</Speed><Watts>323</Watts></TPX></Extensions></Trackpoint>
     <Trackpoint><Time>2026-01-31T14:06:52.000Z</Time><Position><LatitudeDegrees>48.1903191</LatitudeDegrees><LongitudeDegrees>16.3200022</LongitudeDegrees></Position><AltitudeMeters>196</AltitudeMeters><DistanceMeters>2847.3</DistanceMeters><HeartRateBpm><Value>179</Value></HeartRateBpm><Extensions><TPX xmlns="http://www.garmin.com/xmlschemas/ActivityExtension/v2"><RunCadence>79</RunCadence><Speed>2.957031</Speed><Watts>323</Watts></TPX></Extensions></Trackpoint>
     <Trackpoint><Time>2026-01-31T14:06:53.000Z</Time><Position><LatitudeDegrees>48.1903392</LatitudeDegrees><LongitudeDegrees>16.3199874</LongitudeDegrees></Position><AltitudeMeters>196</AltitudeMeters><DistanceMeters>2850.0</DistanceMeters><HeartRateBpm><Value>179</Value></HeartRateBpm><Extensions><TPX xmlns="http://www.garmin.com/xmlschemas/ActivityExtension/v2"><RunCadence>79</RunCadence><Speed>2.957031</Speed><Watts>323</Watts></TPX></Extensions></Trackpoint>
     <Trackpoint><Time>2026-01-31T14:06:54.000Z</Time><Position><LatitudeDegrees>48.1903638</LatitudeDegrees><LongitudeDegrees>16.3199731</LongitudeDegrees></Position><AltitudeMeters>196</AltitudeMeters><DistanceMeters>2852.7</DistanceMeters><HeartRateBpm><Value>178</Value></HeartRateBpm><Extensions><TPX xmlns="http://www.garmin.com/xmlschemas/ActivityExtension/v2"><RunCadence>77</RunCadence><Speed>2.957031</Speed><Watts>277</Watts></TPX></Extensions></Trackpoint>
     <Trackpoint><Time>2026-01-31T14:06:55.000Z</Time><Position><LatitudeDegrees>48.1903879</LatitudeDegrees><LongitudeDegrees>16.3199653</LongitudeDegrees></Position><AltitudeMeters>196</AltitudeMeters><DistanceMeters>2855.3</DistanceMeters><HeartRateBpm><Value>178</Value></HeartRateBpm><Extensions><TPX xmlns="http://www.garmin.com/xmlschemas/ActivityExtension/v2"><RunCadence>77</RunCadence><Speed>2.957031</Speed><Watts>277</Watts></TPX></Extensions></Trackpoint>
     <Trackpoint><Time>2026-01-31T14:06:56.000Z</Time><Position><LatitudeDegrees>48.1904077</LatitudeDegrees><LongitudeDegrees>16.3199589</LongitudeDegrees></Position><AltitudeMeters>196</AltitudeMeters><DistanceMeters>2857.8</DistanceMeters><HeartRateBpm><Value>178</Value></HeartRateBpm><Extensions><TPX xmlns="http://www.garmin.com/xmlschemas/ActivityExtension/v2"><RunCadence>77</RunCadence><Speed>2.957031</Speed><Watts>277</Watts></TPX></Extensions></Trackpoint>
     <Trackpoint><Time>2026-01-31T14:06:57.000Z</Time><Position><LatitudeDegrees>48.1904298</LatitudeDegrees><LongitudeDegrees>16.3199443</LongitudeDegrees></Position><AltitudeMeters>197</AltitudeMeters><DistanceMeters>2860.4</DistanceMeters><HeartRateBpm><Value>178</Value></HeartRateBpm><Extensions><TPX xmlns="http://www.garmin.com/xmlschemas/ActivityExtension/v2"><RunCadence>73</RunCadence><Speed>2.957031</Speed><Watts>277</Watts></TPX></Extensions></Trackpoint>
     <Trackpoint><Time>2026-01-31T14:06:58.000Z</Time><Position><LatitudeDegrees>48.1904518</LatitudeDegrees><LongitudeDegrees>16.3199309</LongitudeDegrees></Position><AltitudeMeters>197</AltitudeMeters><DistanceMeters>2863.1</DistanceMeters><HeartRateBpm><Value>178</Value></HeartRateBpm><Extensions><TPX xmlns="http://www.garmin.com/xmlschemas/ActivityExtension/v2"><RunCadence>73</RunCadence><Speed>2.957031</Speed><Watts>277</Watts></TPX></Extensions></Trackpoint>
     <Trackpoint><Time>2026-01-31T14:06:59.000Z</Time><Position><LatitudeDegrees>48.1904738</LatitudeDegrees><LongitudeDegrees>16.3199146</LongitudeDegrees></Position><AltitudeMeters>197</AltitudeMeters><DistanceMeters>2865.7</DistanceMeters><HeartRateBpm><Value>178</Value></HeartRateBpm><Extensions><TPX xmlns="http://www.garmin.com/xmlschemas/ActivityExtension/v2"><RunCadence>73</RunCadence><Speed>2.875000</Speed><Watts>270</Watts></TPX></Extensions></Trackpoint>
     <Trackpoint><Time>2026-01-31T14:07:00.000Z</Time><Position><LatitudeDegrees>48.1904969</LatitudeDegrees><LongitudeDegrees>16.3199018</LongitudeDegrees></Position><AltitudeMeters>197</AltitudeMeters><DistanceMeters>2868.3</DistanceMeters><HeartRateBpm><Value>178</Value></HeartRateBpm><Extensions><TPX xmlns="http://www.garmin.com/xmlschemas/ActivityExtension/v2"><RunCadence>73</RunCadence><Speed>2.875000</Speed><Watts>270</Watts></TPX></Extensions></Trackpoint>
     <Trackpoint><Time>2026-01-31T14:07:01.000Z</Time><Position><LatitudeDegrees>48.1905178</LatitudeDegrees><LongitudeDegrees>16.3198939</LongitudeDegrees></Position><AltitudeMeters>197</AltitudeMeters><DistanceMeters>2870.9</DistanceMeters><HeartRateBpm><Value>178</Value></HeartRateBpm><Extensions><TPX xmlns="http://www.garmin.com/xmlschemas/ActivityExtension/v2"><RunCadence>80</RunCadence><Speed>2.875000</Speed><Watts>272</Watts></TPX></Extensions></Trackpoint>
     <Trackpoint><Time>2026-01-31T14:07:02.000Z</Time><Position><LatitudeDegrees>48.1905384</LatitudeDegrees><LongitudeDegrees>16.3198855</LongitudeDegrees></Position><AltitudeMeters>197</AltitudeMeters><DistanceMeters>2873.4</DistanceMeters><HeartRateBpm><Value>178</Value></HeartRateBpm><Extensions><TPX xmlns="http://www.garmin.com/xmlschemas/ActivityExtension/v2"><RunCadence>80</RunCadence><Speed>2.875000</Speed><Watts>272</Watts></TPX></Extensions></Trackpoint>
     <Trackpoint><Time>2026-01-31T14:07:03.000Z</Time><Position><LatitudeDegrees>48.1905601</LatitudeDegrees><LongitudeDegrees>16.3198708</LongitudeDegrees></Position><AltitudeMeters>197</AltitudeMeters><DistanceMeters>2875.9</DistanceMeters><HeartRateBpm><Value>178</Value></HeartRateBpm><Extensions><TPX xmlns="http://www.garmin.com/xmlschemas/ActivityExtension/v2"><RunCadence>81</RunCadence><Speed>2.949219</Speed><Watts>273</Watts></TPX></Extensions></Trackpoint>
     <Trackpoint><Time>2026-01-31T14:07:04.000Z</Time><Position><LatitudeDegrees>48.1905761</LatitudeDegrees><LongitudeDegrees>16.3198674</LongitudeDegrees></Position><AltitudeMeters>197</AltitudeMeters><DistanceMeters>2877.9</DistanceMeters><HeartRateBpm><Value>178</Value></HeartRateBpm><Extensions><TPX xmlns="http://www.garmin.com/xmlschemas/ActivityExtension/v2"><RunCadence>81</RunCadence><Speed>2.949219</Speed><Watts>273</Watts></TPX></Extensions></Trackpoint>
     <Trackpoint><Time>2026-01-31T14:07:05.000Z</Time><Position><LatitudeDegrees>48.1905892</LatitudeDegrees><LongitudeDegrees>16.3198562</LongitudeDegrees></Position><AltitudeMeters>197</AltitudeMeters><DistanceMeters>2880.0</DistanceMeters><HeartRateBpm><Value>178</Value></HeartRateBpm><Extensions><TPX xmlns="http://www.garmin.com/xmlschemas/ActivityExtension/v2"><RunCadence>81</RunCadence><Speed>2.949219</Speed><Watts>273</Watts></TPX></Extensions></Trackpoint>
     <Trackpoint><Time>2026-01-31T14:07:06.000Z</Time><Position><LatitudeDegrees>48.1906122</LatitudeDegrees><LongitudeDegrees>16.3198426</LongitudeDegrees></Position><AltitudeMeters>198</AltitudeMeters><DistanceMeters>2882.0</DistanceMeters><HeartRateBpm><Value>175</Value></HeartRateBpm><Extensions><TPX xmlns="http://www.garmin.com/xmlschemas/ActivityExtension/v2"><RunCadence>78</RunCadence><Speed>2.949219</Speed><Watts>273</Watts></TPX></Extensions></Trackpoint>
     <Trackpoint><Time>2026-01-31T14:07:07.000Z</Time><Position><LatitudeDegrees>48.1906309</LatitudeDegrees><LongitudeDegrees>16.3198272</LongitudeDegrees></Position><AltitudeMeters>198</AltitudeMeters><DistanceMeters>2884.5</DistanceMeters><HeartRateBpm><Value>175</Value></HeartRateBpm><Extensions><TPX xmlns="http://www.garmin.com/xmlschemas/ActivityExtension/v2"><RunCadence>78</RunCadence><Speed>2.949219</Speed><Watts>273</Watts></TPX></Extensions></Trackpoint>
     <Trackpoint><Time>2026-01-31T14:07:08.000Z</Time><Position><LatitudeDegrees>48.1906482</LatitudeDegrees><LongitudeDegrees>16.3198131</LongitudeDegrees></Position><AltitudeMeters>198</AltitudeMeters><DistanceMeters>2887.0</DistanceMeters><HeartRateBpm><Value>175</Value></HeartRateBpm><Extensions><TPX xmlns="http://www.garmin.com/xmlschemas/ActivityExtension/v2"><RunCadence>78</RunCadence><Speed>2.949219</Speed><Watts>273</Watts></TPX></Extensions></Trackpoint>
     <Trackpoint><Time>2026-01-31T14:07:09.000Z</Time><Position><LatitudeDegrees>48.1906691</LatitudeDegrees><LongitudeDegrees>16.3197910</LongitudeDegrees></Position><AltitudeMeters>198</AltitudeMeters><DistanceMeters>2889.4</DistanceMeters><HeartRateBpm><Value>175</Value></HeartRateBpm><Extensions><TPX xmlns="http://www.garmin.com/xmlschemas/ActivityExtension/v2"><RunCadence>80</RunCadence><Speed>2.949219</Speed><Watts>265</Watts></TPX></Extensions></Trackpoint>
     <Trackpoint><Time>2026-01-31T14:07:10.000Z</Time><Position><LatitudeDegrees>48.1906873</LatitudeDegrees><LongitudeDegrees>16.3197730</LongitudeDegrees></Position><AltitudeMeters>198</AltitudeMeters><DistanceMeters>2891.8</DistanceMeters><HeartRateBpm><Value>175</Value></HeartRateBpm><Extensions><TPX xmlns="http://www.garmin.com/xmlschemas/ActivityExtension/v2"><RunCadence>80</RunCadence><Speed>2.949219</Speed><Watts>265</Watts></TPX></Extensions></Trackpoint>
     <Trackpoint><Time>2026-01-31T14:07:11.000Z</Time><Position><LatitudeDegrees>48.1907008</LatitudeDegrees><LongitudeDegrees>16.3197542</LongitudeDegrees></Position><AltitudeMeters>198</AltitudeMeters><DistanceMeters>2894.2</DistanceMeters><HeartRateBpm><Value>175</Value></HeartRateBpm><Extensions><TPX xmlns="http://www.garmin.com/xmlschemas/ActivityExtension/v2"><RunCadence>80</RunCadence><Speed>2.949219</Speed><Watts>265</Watts></TPX></Extensions></Trackpoint>
     <Trackpoint><Time>2026-01-31T14:07:12.000Z</Time><Position><LatitudeDegrees>48.1907192</LatitudeDegrees><LongitudeDegrees>16.3197308</LongitudeDegrees></Position><AltitudeMeters>198</AltitudeMeters><DistanceMeters>2896.6</DistanceMeters><HeartRateBpm><Value>175</Value></HeartRateBpm><Extensions><TPX xmlns="http://www.garmin.com/xmlschemas/ActivityExtension/v2"><RunCadence>80</RunCadence><Speed>2.976562</Speed><Watts>265</Watts></TPX></Extensions></Trackpoint>
     <Trackpoint><Time>2026-01-31T14:07:13.000Z</Time><Position><LatitudeDegrees>48.1907374</LatitudeDegrees><LongitudeDegrees>16.3197029</LongitudeDegrees></Position><AltitudeMeters>198</AltitudeMeters><DistanceMeters>2898.9</DistanceMeters><HeartRateBpm><Value>175</Value></HeartRateBpm><Extensions><TPX xmlns="http://www.garmin.com/xmlschemas/ActivityExtension/v2"><RunCadence>80</RunCadence><Speed>2.976562</Speed><Watts>265</Watts></TPX></Extensions></Trackpoint>
     <Trackpoint><Time>2026-01-31T14:07:14.000Z</Time><Position><LatitudeDegrees>48.1907480</LatitudeDegrees><LongitudeDegrees>16.3196871</LongitudeDegrees></Position><AltitudeMeters>198</AltitudeMeters><DistanceMeters>2901.2</DistanceMeters><HeartRateBpm><Value>175</Value></HeartRateBpm><Extensions><TPX xmlns="http://www.garmin.com/xmlschemas/ActivityExtension/v2"><RunCadence>80</RunCadence><Speed>2.976562</Speed><Watts>265</Watts></TPX></Extensions></Trackpoint>
     <Trackpoint><Time>2026-01-31T14:07:15.000Z</Time><Position><LatitudeDegrees>48.1907608</LatitudeDegrees><LongitudeDegrees>16.3196610</LongitudeDegrees></Position><AltitudeMeters>198</AltitudeMeters><DistanceMeters>2903.5</DistanceMeters><HeartRateBpm><Value>174</Value></HeartRateBpm><Extensions><TPX xmlns="http://www.garmin.com/xmlschemas/ActivityExtension/v2"><RunCadence>79</RunCadence><Speed>2.976562</Speed><Watts>265</Watts></TPX></Extensions></Trackpoint>
     <Trackpoint><Time>2026-01-31T14:07:16.000Z</Time><Position><LatitudeDegrees>48.1907746</LatitudeDegrees><LongitudeDegrees>16.3196394</LongitudeDegrees></Position><AltitudeMeters>198</AltitudeMeters><DistanceMeters>2905.5</DistanceMeters><HeartRateBpm><Value>174</Value></HeartRateBpm><Extensions><TPX xmlns="http://www.garmin.com/xmlschemas/ActivityExtension/v2"><RunCadence>79</RunCadence><Speed>2.976562</Speed><Watts>265</Watts></TPX></Extensions></Trackpoint>
     <Trackpoint><Time>2026-01-31T14:07:17.000Z</Time><Position><LatitudeDegrees>48.1907878</LatitudeDegrees><LongitudeDegrees>16.3196251</LongitudeDegrees></Position><AltitudeMeters>198</AltitudeMeters><DistanceMeters>2907.5</DistanceMeters><HeartRateBpm><Value>174</Value></HeartRateBpm><Extensions><TPX xmlns="http://www.garmin.com/xmlschemas/ActivityExtension/v2"><RunCadence>79</RunCadence><Speed>2.976562</Speed><Watts>265</Watts></TPX></Extensions></Trackpoint>
     <Trackpoint><Time>2026-01-31T14:07:18.000Z</Time><Position><LatitudeDegrees>48.1907997</LatitudeDegrees><LongitudeDegrees>16.3196065</LongitudeDegrees></Position><AltitudeMeters>198</AltitudeMeters><DistanceMeters>2909.4</DistanceMeters><HeartRateBpm><Value>174</Value></HeartRateBpm><Extensions><TPX xmlns="http://www.garmin.com/xmlschemas/ActivityExtension/v2"><RunCadence>78</RunCadence><Speed>2.886719</Speed><Watts>266</Watts></TPX></Extensions></Trackpoint>
     <Trackpoint><Time>2026-01-31T14:07:19.000Z</Time><Position><LatitudeDegrees>48.1908171</LatitudeDegrees><LongitudeDegrees>16.3195845</LongitudeDegrees></Position><AltitudeMeters>198</AltitudeMeters><DistanceMeters>2911.8</DistanceMeters><HeartRateBpm><Value>174</Value></HeartRateBpm><Extensions><TPX xmlns="http://www.garmin.com/xmlschemas/ActivityExtension/v2"><RunCadence>78</RunCadence><Speed>2.886719</Speed><Watts>266</Watts></TPX></Extensions></Trackpoint>
     <Trackpoint><Time>2026-01-31T14:07:20.000Z</Time><Position><LatitudeDegrees>48.1908270</LatitudeDegrees><LongitudeDegrees>16.3195566</LongitudeDegrees></Position><AltitudeMeters>198</AltitudeMeters><DistanceMeters>2914.1</DistanceMeters><HeartRateBpm><Value>174</Value></HeartRateBpm><Extensions><TPX xmlns="http://www.garmin.com/xmlschemas/ActivityExtension/v2"><RunCadence>78</RunCadence><Speed>2.886719</Speed><Watts>266</Watts></TPX></Extensions></Trackpoint>
     <Trackpoint><Time>2026-01-31T14:07:21.000Z</Time><Position><LatitudeDegrees>48.1908408</LatitudeDegrees><LongitudeDegrees>16.3195349</LongitudeDegrees></Position><AltitudeMeters>198</AltitudeMeters><DistanceMeters>2916.5</DistanceMeters><HeartRateBpm><Value>174</Value></HeartRateBpm><Extensions><TPX xmlns="http://www.garmin.com/xmlschemas/ActivityExtension/v2"><RunCadence>78</RunCadence><Speed>2.886719</Speed><Watts>266</Watts></TPX></Extensions></Trackpoint>
     <Trackpoint><Time>2026-01-31T14:07:22.000Z</Time><Position><LatitudeDegrees>48.1908577</LatitudeDegrees><LongitudeDegrees>16.3195044</LongitudeDegrees></Position><AltitudeMeters>198</AltitudeMeters><DistanceMeters>2918.7</DistanceMeters><HeartRateBpm><Value>174</Value></HeartRateBpm><Extensions><TPX xmlns="http://www.garmin.com/xmlschemas/ActivityExtension/v2"><RunCadence>78</RunCadence><Speed>2.886719</Speed><Watts>266</Watts></TPX></Extensions></Trackpoint>
     <Trackpoint><Time>2026-01-31T14:07:23.000Z</Time><Position><LatitudeDegrees>48.1908733</LatitudeDegrees><LongitudeDegrees>16.3194912</LongitudeDegrees></Position><AltitudeMeters>198</AltitudeMeters><DistanceMeters>2921.0</DistanceMeters><HeartRateBpm><Value>174</Value></HeartRateBpm><Extensions><TPX xmlns="http://www.garmin.com/xmlschemas/ActivityExtension/v2"><RunCadence>78</RunCadence><Speed>2.886719</Speed><Watts>266</Watts></TPX></Extensions></Trackpoint>
     <Trackpoint><Time>2026-01-31T14:07:24.000Z</Time><Position><LatitudeDegrees>48.1908866</LatitudeDegrees><LongitudeDegrees>16.3194750</LongitudeDegrees></Position><AltitudeMeters>199</AltitudeMeters><DistanceMeters>2923.2</DistanceMeters><HeartRateBpm><Value>174</Value></HeartRateBpm><Extensions><TPX xmlns="http://www.garmin.com/xmlschemas/ActivityExtension/v2"><RunCadence>60</RunCadence><Speed>2.886719</Speed><Watts>259</Watts></TPX></Extensions></Trackpoint>
     <Trackpoint><Time>2026-01-31T14:07:25.000Z</Time><Position><LatitudeDegrees>48.1908968</LatitudeDegrees><LongitudeDegrees>16.3194435</LongitudeDegrees></Position><AltitudeMeters>199</AltitudeMeters><DistanceMeters>2925.7</DistanceMeters><HeartRateBpm><Value>174</Value></HeartRateBpm><Extensions><TPX xmlns="http://www.garmin.com/xmlschemas/ActivityExtension/v2"><RunCadence>60</RunCadence><Speed>2.886719</Speed><Watts>259</Watts></TPX></Extensions></Trackpoint>
     <Trackpoint><Time>2026-01-31T14:07:26.000Z</Time><Position><LatitudeDegrees>48.1909021</LatitudeDegrees><LongitudeDegrees>16.3194124</LongitudeDegrees></Position><AltitudeMeters>199</AltitudeMeters><DistanceMeters>2928.1</DistanceMeters><HeartRateBpm><Value>174</Value></HeartRateBpm><Extensions><TPX xmlns="http://www.garmin.com/xmlschemas/ActivityExtension/v2"><RunCadence>60</RunCadence><Speed>2.886719</Speed><Watts>259</Watts></TPX></Extensions></Trackpoint>
     <Trackpoint><Time>2026-01-31T14:07:27.000Z</Time><Position><LatitudeDegrees>48.1909121</LatitudeDegrees><LongitudeDegrees>16.3193837</LongitudeDegrees></Position><AltitudeMeters>199</AltitudeMeters><DistanceMeters>2930.5</DistanceMeters><HeartRateBpm><Value>174</Value></HeartRateBpm><Extensions><TPX xmlns="http://www.garmin.com/xmlschemas/ActivityExtension/v2"><RunCadence>59</RunCadence><Speed>2.949219</Speed><Watts>258</Watts></TPX></Extensions></Trackpoint>
     <Trackpoint><Time>2026-01-31T14:07:28.000Z</Time><Position><LatitudeDegrees>48.1909253</LatitudeDegrees><LongitudeDegrees>16.3193517</LongitudeDegrees></Position><AltitudeMeters>199</AltitudeMeters><DistanceMeters>2933.2</DistanceMeters><HeartRateBpm><Value>174</Value></HeartRateBpm><Extensions><TPX xmlns="http://www.garmin.com/xmlschemas/ActivityExtension/v2"><RunCadence>59</RunCadence><Speed>2.949219</Speed><Watts>258</Watts></TPX></Extensions></Trackpoint>
     <Trackpoint><Time>2026-01-31T14:07:29.000Z</Time><Position><LatitudeDegrees>48.1909344</LatitudeDegrees><LongitudeDegrees>16.3193200</LongitudeDegrees></Position><AltitudeMeters>199</AltitudeMeters><DistanceMeters>2935.9</DistanceMeters><HeartRateBpm><Value>174</Value></HeartRateBpm><Extensions><TPX xmlns="http://www.garmin.com/xmlschemas/ActivityExtension/v2"><RunCadence>60</RunCadence><Speed>2.949219</Speed><Watts>258</Watts></TPX></Extensions></Trackpoint>
     <Trackpoint><Time>2026-01-31T14:07:30.000Z</Time><Position><LatitudeDegrees>48.1909556</LatitudeDegrees><LongitudeDegrees>16.3192934</LongitudeDegrees></Position><AltitudeMeters>199</AltitudeMeters><DistanceMeters>2938.7</DistanceMeters><HeartRateBpm><Value>174</Value></HeartRateBpm><Extensions><TPX xmlns="http://www.garmin.com/xmlschemas/ActivityExtension/v2"><RunCadence>60</RunCadence><Speed>2.949219</Speed><Watts>258</Watts></TPX></Extensions></Trackpoint>
     <Trackpoint><Time>2026-01-31T14:07:31.000Z</Time><Position><LatitudeDegrees>48.1909715</LatitudeDegrees><LongitudeDegrees>16.3192697</LongitudeDegrees></Position><AltitudeMeters>199</AltitudeMeters><DistanceMeters>2941.4</DistanceMeters><HeartRateBpm><Value>174</Value></HeartRateBpm><Extensions><TPX xmlns="http://www.garmin.com/xmlschemas/ActivityExtension/v2"><RunCadence>60</RunCadence><Speed>2.867188</Speed><Watts>258</Watts></TPX></Extensions></Trackpoint>
     <Trackpoint><Time>2026-01-31T14:07:32.000Z</Time><Position><LatitudeDegrees>48.1909874</LatitudeDegrees><LongitudeDegrees>16.3192503</LongitudeDegrees></Position><AltitudeMeters>199</AltitudeMeters><DistanceMeters>2943.4</DistanceMeters><HeartRateBpm><Value>174</Value></HeartRateBpm><Extensions><TPX xmlns="http://www.garmin.com/xmlschemas/ActivityExtension/v2"><RunCadence>60</RunCadence><Speed>2.867188</Speed><Watts>258</Watts></TPX></Extensions></Trackpoint>
     <Trackpoint><Time>2026-01-31T14:07:33.000Z</Time><Position><LatitudeDegrees>48.1910020</LatitudeDegrees><LongitudeDegrees>16.3192380</LongitudeDegrees></Position><AltitudeMeters>199</AltitudeMeters><DistanceMeters>2945.3</DistanceMeters><HeartRateBpm><Value>174</Value></HeartRateBpm><Extensions><TPX xmlns="http://www.garmin.com/xmlschemas/ActivityExtension/v2"><RunCadence>60</RunCadence><Speed>2.867188</Speed><Watts>258</Watts></TPX></Extensions></Trackpoint>
     <Trackpoint><Time>2026-01-31T14:07:34.000Z</Time><Position><LatitudeDegrees>48.1910149</LatitudeDegrees><LongitudeDegrees>16.3192282</LongitudeDegrees></Position><AltitudeMeters>199</AltitudeMeters><DistanceMeters>2947.2</DistanceMeters><HeartRateBpm><Value>174</Value></HeartRateBpm><Extensions><TPX xmlns="http://www.garmin.com/xmlschemas/ActivityExtension/v2"><RunCadence>62</RunCadence><Speed>2.867188</Speed><Watts>257</Watts></TPX></Extensions></Trackpoint>
     <Trackpoint><Time>2026-01-31T14:07:35.000Z</Time><Position><LatitudeDegrees>48.1910259</LatitudeDegrees><LongitudeDegrees>16.3192200</LongitudeDegrees></Position><AltitudeMeters>199</AltitudeMeters><DistanceMeters>2949.0</DistanceMeters><HeartRateBpm><Value>174</Value></HeartRateBpm><Extensions><TPX xmlns="http://www.garmin.com/xmlschemas/ActivityExtension/v2"><RunCadence>62</RunCadence><Speed>2.867188</Speed><Watts>257</Watts></TPX></Extensions></Trackpoint>
     <Trackpoint><Time>2026-01-31T14:07:36.000Z</Time><Position><LatitudeDegrees>48.1910429</LatitudeDegrees><LongitudeDegrees>16.3192065</LongitudeDegrees></Position><AltitudeMeters>199</AltitudeMeters><DistanceMeters>2950.8</DistanceMeters><HeartRateBpm><Value>174</Value></HeartRateBpm><Extensions><TPX xmlns="http://www.garmin.com/xmlschemas/ActivityExtension/v2"><RunCadence>62</RunCadence><Speed>2.867188</Speed><Watts>257</Watts></TPX></Extensions></Trackpoint>
     <Trackpoint><Time>2026-01-31T14:07:37.000Z</Time><Position><LatitudeDegrees>48.1910619</LatitudeDegrees><LongitudeDegrees>16.3192046</LongitudeDegrees></Position><AltitudeMeters>199</AltitudeMeters><DistanceMeters>2952.7</DistanceMeters><HeartRateBpm><Value>174</Value></HeartRateBpm><Extensions><TPX xmlns="http://www.garmin.com/xmlschemas/ActivityExtension/v2"><RunCadence>62</RunCadence><Speed>2.867188</Speed><Watts>254</Watts></TPX></Extensions></Trackpoint>
     <Trackpoint><Time>2026-01-31T14:07:38.000Z</Time><Position><LatitudeDegrees>48.1910888</LatitudeDegrees><LongitudeDegrees>16.3192200</LongitudeDegrees></Position><AltitudeMeters>199</AltitudeMeters><DistanceMeters>2955.5</DistanceMeters><HeartRateBpm><Value>174</Value></HeartRateBpm><Extensions><TPX xmlns="http://www.garmin.com/xmlschemas/ActivityExtension/v2"><RunCadence>62</RunCadence><Speed>2.867188</Speed><Watts>254</Watts></TPX></Extensions></Trackpoint>
     <Trackpoint><Time>2026-01-31T14:07:39.000Z</Time><Position><LatitudeDegrees>48.1911088</LatitudeDegrees><LongitudeDegrees>16.3192317</LongitudeDegrees></Position><AltitudeMeters>199</AltitudeMeters><DistanceMeters>2958.3</DistanceMeters><HeartRateBpm><Value>174</Value></HeartRateBpm><Extensions><TPX xmlns="http://www.garmin.com/xmlschemas/ActivityExtension/v2"><RunCadence>58</RunCadence><Speed>2.796875</Speed><Watts>245</Watts></TPX></Extensions></Trackpoint>
     <Trackpoint><Time>2026-01-31T14:07:40.000Z</Time><Position><LatitudeDegrees>48.1911163</LatitudeDegrees><LongitudeDegrees>16.3192389</LongitudeDegrees></Position><AltitudeMeters>199</AltitudeMeters><DistanceMeters>2958.8</DistanceMeters><HeartRateBpm><Value>174</Value></HeartRateBpm><Extensions><TPX xmlns="http://www.garmin.com/xmlschemas/ActivityExtension/v2"><RunCadence>58</RunCadence><Speed>2.796875</Speed><Watts>245</Watts></TPX></Extensions></Trackpoint>
     <Trackpoint><Time>2026-01-31T14:07:41.000Z</Time><Position><LatitudeDegrees>48.1911112</LatitudeDegrees><LongitudeDegrees>16.3192282</LongitudeDegrees></Position><AltitudeMeters>199</AltitudeMeters><DistanceMeters>2959.4</DistanceMeters><HeartRateBpm><Value>174</Value></HeartRateBpm><Extensions><TPX xmlns="http://www.garmin.com/xmlschemas/ActivityExtension/v2"><RunCadence>58</RunCadence><Speed>2.796875</Speed><Watts>245</Watts></TPX></Extensions></Trackpoint>
     <Trackpoint><Time>2026-01-31T14:07:42.000Z</Time><Position><LatitudeDegrees>48.1911089</LatitudeDegrees><LongitudeDegrees>16.3192269</LongitudeDegrees></Position><AltitudeMeters>199</AltitudeMeters><DistanceMeters>2959.9</DistanceMeters><HeartRateBpm><Value>174</Value></HeartRateBpm><Extensions><TPX xmlns="http://www.garmin.com/xmlschemas/ActivityExtension/v2"><RunCadence>58</RunCadence><Speed>2.796875</Speed><Watts>245</Watts></TPX></Extensions></Trackpoint>
     <Trackpoint><Time>2026-01-31T14:07:43.000Z</Time><Position><LatitudeDegrees>48.1911094</LatitudeDegrees><LongitudeDegrees>16.3192337</LongitudeDegrees></Position><AltitudeMeters>199</AltitudeMeters><DistanceMeters>2960.4</DistanceMeters><HeartRateBpm><Value>174</Value></HeartRateBpm><Extensions><TPX xmlns="http://www.garmin.com/xmlschemas/ActivityExtension/v2"><RunCadence>58</RunCadence><Speed>2.796875</Speed><Watts>245</Watts></TPX></Extensions></Trackpoint>
     <Trackpoint><Time>2026-01-31T14:07:44.000Z</Time><Position><LatitudeDegrees>48.1911122</LatitudeDegrees><LongitudeDegrees>16.3192511</LongitudeDegrees></Position><AltitudeMeters>199</AltitudeMeters><DistanceMeters>2961.0</DistanceMeters><HeartRateBpm><Value>174</Value></HeartRateBpm><Extensions><TPX xmlns="http://www.garmin.com/xmlschemas/ActivityExtension/v2"><RunCadence>58</RunCadence><Speed>2.796875</Speed><Watts>245</Watts></TPX></Extensions></Trackpoint>
     <Trackpoint><Time>2026-01-31T14:07:45.000Z</Time><Position><LatitudeDegrees>48.1911097</LatitudeDegrees><LongitudeDegrees>16.3192535</LongitudeDegrees></Position><AltitudeMeters>199</AltitudeMeters><DistanceMeters>2961.5</DistanceMeters><HeartRateBpm><Value>174</Value></HeartRateBpm><Extensions><TPX xmlns="http://www.garmin.com/xmlschemas/ActivityExtension/v2"><RunCadence>58</RunCadence><Speed>2.796875</Speed><Watts>245</Watts></TPX></Extensions></Trackpoint>
     <Trackpoint><Time>2026-01-31T14:07:47.000Z</Time><Position><LatitudeDegrees>48.1911159</LatitudeDegrees><LongitudeDegrees>16.3192620</LongitudeDegrees></Position><AltitudeMeters>199</AltitudeMeters><DistanceMeters>2962.6</DistanceMeters><HeartRateBpm><Value>174</Value></HeartRateBpm><Extensions><TPX xmlns="http://www.garmin.com/xmlschemas/ActivityExtension/v2"><RunCadence>58</RunCadence><Speed>2.796875</Speed><Watts>245</Watts></TPX></Extensions></Trackpoint>
     <Trackpoint><Time>2026-01-31T14:07:48.000Z</Time><Position><LatitudeDegrees>48.1911169</LatitudeDegrees><LongitudeDegrees>16.3192630</LongitudeDegrees></Position><AltitudeMeters>199</AltitudeMeters><DistanceMeters>2963.2</DistanceMeters><HeartRateBpm><Value>174</Value></HeartRateBpm><Extensions><TPX xmlns="http://www.garmin.com/xmlschemas/ActivityExtension/v2"><RunCadence>58</RunCadence><Speed>2.796875</Speed><Watts>245</Watts></TPX></Extensions></Trackpoint>
     <Trackpoint><Time>2026-01-31T14:07:49.000Z</Time><Position><LatitudeDegrees>48.1911257</LatitudeDegrees><LongitudeDegrees>16.3192555</LongitudeDegrees></Position><AltitudeMeters>199</AltitudeMeters><DistanceMeters>2963.7</DistanceMeters><HeartRateBpm><Value>174</Value></HeartRateBpm><Extensions><TPX xmlns="http://www.garmin.com/xmlschemas/ActivityExtension/v2"><RunCadence>58</RunCadence><Speed>2.796875</Speed><Watts>245</Watts></TPX></Extensions></Trackpoint>
     <Trackpoint><Time>2026-01-31T14:07:50.000Z</Time><Position><LatitudeDegrees>48.1911332</LatitudeDegrees><LongitudeDegrees>16.3192563</LongitudeDegrees></Position><AltitudeMeters>199</AltitudeMeters><DistanceMeters>2964.2</DistanceMeters><HeartRateBpm><Value>174</Value></HeartRateBpm><Extensions><TPX xmlns="http://www.garmin.com/xmlschemas/ActivityExtension/v2"><RunCadence>58</RunCadence><Speed>2.796875</Speed><Watts>245</Watts></TPX></Extensions></Trackpoint>
     <Trackpoint><Time>2026-01-31T14:07:51.000Z</Time><Position><LatitudeDegrees>48.1911249</LatitudeDegrees><LongitudeDegrees>16.3192645</LongitudeDegrees></Position><AltitudeMeters>199</AltitudeMeters><DistanceMeters>2964.8</DistanceMeters><HeartRateBpm><Value>174</Value></HeartRateBpm><Extensions><TPX xmlns="http://www.garmin.com/xmlschemas/ActivityExtension/v2"><RunCadence>58</RunCadence><Speed>2.796875</Speed><Watts>245</Watts></TPX></Extensions></Trackpoint>
     <Trackpoint><Time>2026-01-31T14:07:52.000Z</Time><Position><LatitudeDegrees>48.1911196</LatitudeDegrees><LongitudeDegrees>16.3192641</LongitudeDegrees></Position><AltitudeMeters>199</AltitudeMeters><DistanceMeters>2965.3</DistanceMeters><HeartRateBpm><Value>174</Value></HeartRateBpm><Extensions><TPX xmlns="http://www.garmin.com/xmlschemas/ActivityExtension/v2"><RunCadence>58</RunCadence><Speed>2.796875</Speed><Watts>245</Watts></TPX></Extensions></Trackpoint>
     <Trackpoint><Time>2026-01-31T14:07:53.000Z</Time><Position><LatitudeDegrees>48.1911230</LatitudeDegrees><LongitudeDegrees>16.3192665</LongitudeDegrees></Position><AltitudeMeters>199</AltitudeMeters><DistanceMeters>2965.9</DistanceMeters><HeartRateBpm><Value>174</Value></HeartRateBpm><Extensions><TPX xmlns="http://www.garmin.com/xmlschemas/ActivityExtension/v2"><RunCadence>58</RunCadence><Speed>2.796875</Speed><Watts>245</Watts></TPX></Extensions></Trackpoint>
     <Trackpoint><Time>2026-01-31T14:07:54.000Z</Time><Position><LatitudeDegrees>48.1911801</LatitudeDegrees><LongitudeDegrees>16.3192565</LongitudeDegrees></Position><AltitudeMeters>199</AltitudeMeters><DistanceMeters>2966.4</DistanceMeters><HeartRateBpm><Value>170</Value></HeartRateBpm><Extensions><TPX xmlns="http://www.garmin.com/xmlschemas/ActivityExtension/v2"><RunCadence>58</RunCadence><Speed>2.796875</Speed><Watts>141</Watts></TPX></Extensions></Trackpoint>
     <Trackpoint><Time>2026-01-31T14:07:55.000Z</Time><Position><LatitudeDegrees>48.1911972</LatitudeDegrees><LongitudeDegrees>16.3192270</LongitudeDegrees></Position><AltitudeMeters>199</AltitudeMeters><DistanceMeters>2968.8</DistanceMeters><HeartRateBpm><Value>170</Value></HeartRateBpm><Extensions><TPX xmlns="http://www.garmin.com/xmlschemas/ActivityExtension/v2"><RunCadence>58</RunCadence><Speed>2.796875</Speed><Watts>141</Watts></TPX></Extensions></Trackpoint>
     <Trackpoint><Time>2026-01-31T14:07:56.000Z</Time><Position><LatitudeDegrees>48.1912063</LatitudeDegrees><LongitudeDegrees>16.3192059</LongitudeDegrees></Position><AltitudeMeters>199</AltitudeMeters><DistanceMeters>2971.3</DistanceMeters><HeartRateBpm><Value>170</Value></HeartRateBpm><Extensions><TPX xmlns="http://www.garmin.com/xmlschemas/ActivityExtension/v2"><RunCadence>58</RunCadence><Speed>2.796875</Speed><Watts>141</Watts></TPX></Extensions></Trackpoint>
     <Trackpoint><Time>2026-01-31T14:07:57.000Z</Time><Position><LatitudeDegrees>48.1912271</LatitudeDegrees><LongitudeDegrees>16.3191878</LongitudeDegrees></Position><AltitudeMeters>199</AltitudeMeters><DistanceMeters>2973.7</DistanceMeters><HeartRateBpm><Value>170</Value></HeartRateBpm><Extensions><TPX xmlns="http://www.garmin.com/xmlschemas/ActivityExtension/v2"><RunCadence>60</RunCadence><Speed>2.789062</Speed><Watts>141</Watts></TPX></Extensions></Trackpoint>
     <Trackpoint><Time>2026-01-31T14:07:58.000Z</Time><Position><LatitudeDegrees>48.1912331</LatitudeDegrees><LongitudeDegrees>16.3191861</LongitudeDegrees></Position><AltitudeMeters>199</AltitudeMeters><DistanceMeters>2975.2</DistanceMeters><HeartRateBpm><Value>170</Value></HeartRateBpm><Extensions><TPX xmlns="http://www.garmin.com/xmlschemas/ActivityExtension/v2"><RunCadence>60</RunCadence><Speed>2.789062</Speed><Watts>141</Watts></TPX></Extensions></Trackpoint>
     <Trackpoint><Time>2026-01-31T14:07:59.000Z</Time><Position><LatitudeDegrees>48.1912405</LatitudeDegrees><LongitudeDegrees>16.3191807</LongitudeDegrees></Position><AltitudeMeters>199</AltitudeMeters><DistanceMeters>2976.7</DistanceMeters><HeartRateBpm><Value>170</Value></HeartRateBpm><Extensions><TPX xmlns="http://www.garmin.com/xmlschemas/ActivityExtension/v2"><RunCadence>60</RunCadence><Speed>2.789062</Speed><Watts>141</Watts></TPX></Extensions></Trackpoint>
     <Trackpoint><Time>2026-01-31T14:08:00.000Z</Time><Position><LatitudeDegrees>48.1912405</LatitudeDegrees><LongitudeDegrees>16.3191715</LongitudeDegrees></Position><AltitudeMeters>199</AltitudeMeters><DistanceMeters>2978.1</DistanceMeters><HeartRateBpm><Value>170</Value></HeartRateBpm><Extensions><TPX xmlns="http://www.garmin.com/xmlschemas/ActivityExtension/v2"><RunCadence>60</RunCadence><Speed>2.789062</Speed><Watts>141</Watts></TPX></Extensions></Trackpoint>
     <Trackpoint><Time>2026-01-31T14:08:01.000Z</Time><Position><LatitudeDegrees>48.1912522</LatitudeDegrees><LongitudeDegrees>16.3191533</LongitudeDegrees></Position><AltitudeMeters>199</AltitudeMeters><DistanceMeters>2979.6</DistanceMeters><HeartRateBpm><Value>170</Value></HeartRateBpm><Extensions><TPX xmlns="http://www.garmin.com/xmlschemas/ActivityExtension/v2"><RunCadence>60</RunCadence><Speed>2.789062</Speed><Watts>141</Watts></TPX></Extensions></Trackpoint>
     <Trackpoint><Time>2026-01-31T14:08:02.000Z</Time><Position><LatitudeDegrees>48.1912670</LatitudeDegrees><LongitudeDegrees>16.3191083</LongitudeDegrees></Position><AltitudeMeters>199</AltitudeMeters><DistanceMeters>2981.1</DistanceMeters><HeartRateBpm><Value>168</Value></HeartRateBpm><Extensions><TPX xmlns="http://www.garmin.com/xmlschemas/ActivityExtension/v2"><RunCadence>59</RunCadence><Speed>2.789062</Speed><Watts>228</Watts></TPX></Extensions></Trackpoint>
     <Trackpoint><Time>2026-01-31T14:08:03.000Z</Time><Position><LatitudeDegrees>48.1912736</LatitudeDegrees><LongitudeDegrees>16.3190719</LongitudeDegrees></Position><AltitudeMeters>199</AltitudeMeters><DistanceMeters>2983.6</DistanceMeters><HeartRateBpm><Value>168</Value></HeartRateBpm><Extensions><TPX xmlns="http://www.garmin.com/xmlschemas/ActivityExtension/v2"><RunCadence>59</RunCadence><Speed>2.789062</Speed><Watts>228</Watts></TPX></Extensions></Trackpoint>
     <Trackpoint><Time>2026-01-31T14:08:04.000Z</Time><Position><LatitudeDegrees>48.1912880</LatitudeDegrees><LongitudeDegrees>16.3190474</LongitudeDegrees></Position><AltitudeMeters>199</AltitudeMeters><DistanceMeters>2986.2</DistanceMeters><HeartRateBpm><Value>161</Value></HeartRateBpm><Extensions><TPX xmlns="http://www.garmin.com/xmlschemas/ActivityExtension/v2"><RunCadence>60</RunCadence><Speed>2.789062</Speed><Watts>228</Watts></TPX></Extensions></Trackpoint>
     <Trackpoint><Time>2026-01-31T14:08:05.000Z</Time><Position><LatitudeDegrees>48.1912940</LatitudeDegrees><LongitudeDegrees>16.3190170</LongitudeDegrees></Position><AltitudeMeters>199</AltitudeMeters><DistanceMeters>2988.4</DistanceMeters><HeartRateBpm><Value>161</Value></HeartRateBpm><Extensions><TPX xmlns="http://www.garmin.com/xmlschemas/ActivityExtension/v2"><RunCadence>60</RunCadence><Speed>2.789062</Speed><Watts>228</Watts></TPX></Extensions></Trackpoint>
     <Trackpoint><Time>2026-01-31T14:08:06.000Z</Time><Position><LatitudeDegrees>48.1913053</LatitudeDegrees><LongitudeDegrees>16.3189911</LongitudeDegrees></Position><AltitudeMeters>199</AltitudeMeters><DistanceMeters>2990.7</DistanceMeters><HeartRateBpm><Value>161</Value></HeartRateBpm><Extensions><TPX xmlns="http://www.garmin.com/xmlschemas/ActivityExtension/v2"><RunCadence>60</RunCadence><Speed>2.789062</Speed><Watts>228</Watts></TPX></Extensions></Trackpoint>
     <Trackpoint><Time>2026-01-31T14:08:07.000Z</Time><Position><LatitudeDegrees>48.1913093</LatitudeDegrees><LongitudeDegrees>16.3189622</LongitudeDegrees></Position><AltitudeMeters>199</AltitudeMeters><DistanceMeters>2992.9</DistanceMeters><HeartRateBpm><Value>161</Value></HeartRateBpm><Extensions><TPX xmlns="http://www.garmin.com/xmlschemas/ActivityExtension/v2"><RunCadence>60</RunCadence><Speed>2.816406</Speed><Watts>204</Watts></TPX></Extensions></Trackpoint>
     <Trackpoint><Time>2026-01-31T14:08:08.000Z</Time><Position><LatitudeDegrees>48.1913118</LatitudeDegrees><LongitudeDegrees>16.3189294</LongitudeDegrees></Position><AltitudeMeters>199</AltitudeMeters><DistanceMeters>2995.1</DistanceMeters><HeartRateBpm><Value>161</Value></HeartRateBpm><Extensions><TPX xmlns="http://www.garmin.com/xmlschemas/ActivityExtension/v2"><RunCadence>60</RunCadence><Speed>2.816406</Speed><Watts>204</Watts></TPX></Extensions></Trackpoint>
     <Trackpoint><Time>2026-01-31T14:08:09.000Z</Time><Position><LatitudeDegrees>48.1913248</LatitudeDegrees><LongitudeDegrees>16.3189073</LongitudeDegrees></Position><AltitudeMeters>199</AltitudeMeters><DistanceMeters>2997.4</DistanceMeters><HeartRateBpm><Value>161</Value></HeartRateBpm><Extensions><TPX xmlns="http://www.garmin.com/xmlschemas/ActivityExtension/v2"><RunCadence>60</RunCadence><Speed>2.816406</Speed><Watts>204</Watts></TPX></Extensions></Trackpoint>
     <Trackpoint><Time>2026-01-31T14:08:10.000Z</Time><Position><LatitudeDegrees>48.1913333</LatitudeDegrees><LongitudeDegrees>16.3188801</LongitudeDegrees></Position><AltitudeMeters>199</AltitudeMeters><DistanceMeters>2999.6</DistanceMeters><HeartRateBpm><Value>160</Value></HeartRateBpm><Extensions><TPX xmlns="http://www.garmin.com/xmlschemas/ActivityExtension/v2"><RunCadence>59</RunCadence><Speed>2.816406</Speed><Watts>204</Watts></TPX></Extensions></Trackpoint>
     <Trackpoint><Time>2026-01-31T14:08:11.000Z</Time><Position><LatitudeDegrees>48.1913467</LatitudeDegrees><LongitudeDegrees>16.3188353</LongitudeDegrees></Position><AltitudeMeters>199</AltitudeMeters><DistanceMeters>3002.7</DistanceMeters><HeartRateBpm><Value>160</Value></HeartRateBpm><Extensions><TPX xmlns="http://www.garmin.com/xmlschemas/ActivityExtension/v2"><RunCadence>59</RunCadence><Speed>2.816406</Speed><Watts>204</Watts></TPX></Extensions></Trackpoint>
    </Track>
   </Lap>
   <Lap StartTime="2026-01-31T14:08:12.000Z">
    <TotalTimeSeconds>185</TotalTimeSeconds>
    <DistanceMeters>440</DistanceMeters>
    <MaximumSpeed>2.7</MaximumSpeed>
    <AverageHeartRateBpm><Value>173</Value></AverageHeartRateBpm>
    <MaximumHeartRateBpm><Value>178</Value></MaximumHeartRateBpm>
    <Calories>45</Calories>
    <Cadence>80</Cadence>
    <Track>
     <Trackpoint><Time>2026-01-31T14:08:12.000Z</Time><Position><LatitudeDegrees>48.1913572</LatitudeDegrees><LongitudeDegrees>16.3188029</LongitudeDegrees></Position><AltitudeMeters>199</AltitudeMeters><DistanceMeters>3005.9</DistanceMeters><HeartRateBpm><Value>160</Value></HeartRateBpm><Extensions><TPX xmlns="http://www.garmin.com/xmlschemas/ActivityExtension/v2"><RunCadence>73</RunCadence><Speed>2.816406</Speed><Watts>202</Watts></TPX></Extensions></Trackpoint>
     <Trackpoint><Time>2026-01-31T14:08:13.000Z</Time><Position><LatitudeDegrees>48.1913637</LatitudeDegrees><LongitudeDegrees>16.3187824</LongitudeDegrees></Position><AltitudeMeters>199</AltitudeMeters><DistanceMeters>3008.1</DistanceMeters><HeartRateBpm><Value>160</Value></HeartRateBpm><Extensions><TPX xmlns="http://www.garmin.com/xmlschemas/ActivityExtension/v2"><RunCadence>73</RunCadence><Speed>2.816406</Speed><Watts>202</Watts></TPX></Extensions></Trackpoint>
     <Trackpoint><Time>2026-01-31T14:08:14.000Z</Time><Position><LatitudeDegrees>48.1913736</LatitudeDegrees><LongitudeDegrees>16.3187505</LongitudeDegrees></Position><AltitudeMeters>199</AltitudeMeters><DistanceMeters>3010.3</DistanceMeters><HeartRateBpm><Value>160</Value></HeartRateBpm><Extensions><TPX xmlns="http://www.garmin.com/xmlschemas/ActivityExtension/v2"><RunCadence>73</RunCadence><Speed>2.816406</Speed><Watts>202</Watts></TPX></Extensions></Trackpoint>
     <Trackpoint><Time>2026-01-31T14:08:15.000Z</Time><Position><LatitudeDegrees>48.1913886</LatitudeDegrees><LongitudeDegrees>16.3187260</LongitudeDegrees></Position><AltitudeMeters>200</AltitudeMeters><DistanceMeters>3012.6</DistanceMeters><HeartRateBpm><Value>163</Value></HeartRateBpm><Extensions><TPX xmlns="http://www.garmin.com/xmlschemas/ActivityExtension/v2"><RunCadence>77</RunCadence><Speed>2.761719</Speed><Watts>202</Watts></TPX></Extensions></Trackpoint>
     <Trackpoint><Time>2026-01-31T14:08:16.000Z</Time><Position><LatitudeDegrees>48.1913990</LatitudeDegrees><LongitudeDegrees>16.3186926</LongitudeDegrees></Position><AltitudeMeters>200</AltitudeMeters><DistanceMeters>3015.3</DistanceMeters><HeartRateBpm><Value>163</Value></HeartRateBpm><Extensions><TPX xmlns="http://www.garmin.com/xmlschemas/ActivityExtension/v2"><RunCadence>77</RunCadence><Speed>2.761719</Speed><Watts>202</Watts></TPX></Extensions></Trackpoint>
     <Trackpoint><Time>2026-01-31T14:08:17.000Z</Time><Position><LatitudeDegrees>48.1914118</LatitudeDegrees><LongitudeDegrees>16.3186616</LongitudeDegrees></Position><AltitudeMeters>200</AltitudeMeters><DistanceMeters>3018.0</DistanceMeters><HeartRateBpm><Value>163</Value></HeartRateBpm><Extensions><TPX xmlns="http://www.garmin.com/xmlschemas/ActivityExtension/v2"><RunCadence>81</RunCadence><Speed>2.761719</Speed><Watts>202</Watts></TPX></Extensions></Trackpoint>
     <Trackpoint><Time>2026-01-31T14:08:18.000Z</Time><Position><LatitudeDegrees>48.1914273</LatitudeDegrees><LongitudeDegrees>16.3186334</LongitudeDegrees></Position><AltitudeMeters>200</AltitudeMeters><DistanceMeters>3020.5</DistanceMeters><HeartRateBpm><Value>163</Value></HeartRateBpm><Extensions><TPX xmlns="http://www.garmin.com/xmlschemas/ActivityExtension/v2"><RunCadence>81</RunCadence><Speed>2.761719</Speed><Watts>202</Watts></TPX></Extensions></Trackpoint>
     <Trackpoint><Time>2026-01-31T14:08:19.000Z</Time><Position><LatitudeDegrees>48.1914379</LatitudeDegrees><LongitudeDegrees>16.3186055</LongitudeDegrees></Position><AltitudeMeters>200</AltitudeMeters><DistanceMeters>3023.1</DistanceMeters><HeartRateBpm><Value>164</Value></HeartRateBpm><Extensions><TPX xmlns="http://www.garmin.com/xmlschemas/ActivityExtension/v2"><RunCadence>80</RunCadence><Speed>2.761719</Speed><Watts>202</Watts></TPX></Extensions></Trackpoint>
     <Trackpoint><Time>2026-01-31T14:08:20.000Z</Time><Position><LatitudeDegrees>48.1914486</LatitudeDegrees><LongitudeDegrees>16.3185787</LongitudeDegrees></Position><AltitudeMeters>200</AltitudeMeters><DistanceMeters>3025.5</DistanceMeters><HeartRateBpm><Value>164</Value></HeartRateBpm><Extensions><TPX xmlns="http://www.garmin.com/xmlschemas/ActivityExtension/v2"><RunCadence>80</RunCadence><Speed>2.761719</Speed><Watts>202</Watts></TPX></Extensions></Trackpoint>
     <Trackpoint><Time>2026-01-31T14:08:21.000Z</Time><Position><LatitudeDegrees>48.1914558</LatitudeDegrees><LongitudeDegrees>16.3185451</LongitudeDegrees></Position><AltitudeMeters>200</AltitudeMeters><DistanceMeters>3028.0</DistanceMeters><HeartRateBpm><Value>164</Value></HeartRateBpm><Extensions><TPX xmlns="http://www.garmin.com/xmlschemas/ActivityExtension/v2"><RunCadence>80</RunCadence><Speed>2.761719</Speed><Watts>202</Watts></TPX></Extensions></Trackpoint>
     <Trackpoint><Time>2026-01-31T14:08:22.000Z</Time><Position><LatitudeDegrees>48.1914650</LatitudeDegrees><LongitudeDegrees>16.3185140</LongitudeDegrees></Position><AltitudeMeters>200</AltitudeMeters><DistanceMeters>3030.5</DistanceMeters><HeartRateBpm><Value>164</Value></HeartRateBpm><Extensions><TPX xmlns="http://www.garmin.com/xmlschemas/ActivityExtension/v2"><RunCadence>79</RunCadence><Speed>2.761719</Speed><Watts>209</Watts></TPX></Extensions></Trackpoint>
     <Trackpoint><Time>2026-01-31T14:08:23.000Z</Time><Position><LatitudeDegrees>48.1914755</LatitudeDegrees><LongitudeDegrees>16.3184745</LongitudeDegrees></Position><AltitudeMeters>200</AltitudeMeters><DistanceMeters>3033.5</DistanceMeters><HeartRateBpm><Value>164</Value></HeartRateBpm><Extensions><TPX xmlns="http://www.garmin.com/xmlschemas/ActivityExtension/v2"><RunCadence>79</RunCadence><Speed>2.761719</Speed><Watts>209</Watts></TPX></Extensions></Trackpoint>
     <Trackpoint><Time>2026-01-31T14:08:24.000Z</Time><Position><LatitudeDegrees>48.1914841</LatitudeDegrees><LongitudeDegrees>16.3184387</LongitudeDegrees></Position><AltitudeMeters>200</AltitudeMeters><DistanceMeters>3036.5</DistanceMeters><HeartRateBpm><Value>168</Value></HeartRateBpm><Extensions><TPX xmlns="http://www.garmin.com/xmlschemas/ActivityExtension/v2"><RunCadence>77</RunCadence><Speed>2.761719</Speed><Watts>209</Watts></TPX></Extensions></Trackpoint>
     <Trackpoint><Time>2026-01-31T14:08:25.000Z</Time><Position><LatitudeDegrees>48.1914886</LatitudeDegrees><LongitudeDegrees>16.3184062</LongitudeDegrees></Position><AltitudeMeters>200</AltitudeMeters><DistanceMeters>3039.3</DistanceMeters><HeartRateBpm><Value>168</Value></HeartRateBpm><Extensions><TPX xmlns="http://www.garmin.com/xmlschemas/ActivityExtension/v2"><RunCadence>77</RunCadence><Speed>2.761719</Speed><Watts>209</Watts></TPX></Extensions></Trackpoint>
     <Trackpoint><Time>2026-01-31T14:08:26.000Z</Time><Position><LatitudeDegrees>48.1914935</LatitudeDegrees><LongitudeDegrees>16.3183631</LongitudeDegrees></Position><AltitudeMeters>200</AltitudeMeters><DistanceMeters>3042.2</DistanceMeters><HeartRateBpm><Value>168</Value></HeartRateBpm><Extensions><TPX xmlns="http://www.garmin.com/xmlschemas/ActivityExtension/v2"><RunCadence>77</RunCadence><Speed>2.785156</Speed><Watts>213</Watts></TPX></Extensions></Trackpoint>
     <Trackpoint><Time>2026-01-31T14:08:27.000Z</Time><Position><LatitudeDegrees>48.1914978</LatitudeDegrees><LongitudeDegrees>16.3183339</LongitudeDegrees></Position><AltitudeMeters>200</AltitudeMeters><DistanceMeters>3044.6</DistanceMeters><HeartRateBpm><Value>168</Value></HeartRateBpm><Extensions><TPX xmlns="http://www.garmin.com/xmlschemas/ActivityExtension/v2"><RunCadence>77</RunCadence><Speed>2.785156</Speed><Watts>213</Watts></TPX></Extensions></Trackpoint>
     <Trackpoint><Time>2026-01-31T14:08:28.000Z</Time><Position><LatitudeDegrees>48.1915040</LatitudeDegrees><LongitudeDegrees>16.3183019</LongitudeDegrees></Position><AltitudeMeters>200</AltitudeMeters><DistanceMeters>3047.1</DistanceMeters><HeartRateBpm><Value>168</Value></HeartRateBpm><Extensions><TPX xmlns="http://www.garmin.com/xmlschemas/ActivityExtension/v2"><RunCadence>77</RunCadence><Speed>2.785156</Speed><Watts>213</Watts></TPX></Extensions></Trackpoint>
     <Trackpoint><Time>2026-01-31T14:08:29.000Z</Time><Position><LatitudeDegrees>48.1915094</LatitudeDegrees><LongitudeDegrees>16.3182665</LongitudeDegrees></Position><AltitudeMeters>200</AltitudeMeters><DistanceMeters>3049.5</DistanceMeters><HeartRateBpm><Value>169</Value></HeartRateBpm><Extensions><TPX xmlns="http://www.garmin.com/xmlschemas/ActivityExtension/v2"><RunCadence>76</RunCadence><Speed>2.785156</Speed><Watts>213</Watts></TPX></Extensions></Trackpoint>
     <Trackpoint><Time>2026-01-31T14:08:30.000Z</Time><Position><LatitudeDegrees>48.1915190</LatitudeDegrees><LongitudeDegrees>16.3182362</LongitudeDegrees></Position><AltitudeMeters>200</AltitudeMeters><DistanceMeters>3052.2</DistanceMeters><HeartRateBpm><Value>169</Value></HeartRateBpm><Extensions><TPX xmlns="http://www.garmin.com/xmlschemas/ActivityExtension/v2"><RunCadence>76</RunCadence><Speed>2.785156</Speed><Watts>213</Watts></TPX></Extensions></Trackpoint>
     <Trackpoint><Time>2026-01-31T14:08:31.000Z</Time><Position><LatitudeDegrees>48.1915302</LatitudeDegrees><LongitudeDegrees>16.3182012</LongitudeDegrees></Position><AltitudeMeters>200</AltitudeMeters><DistanceMeters>3054.9</DistanceMeters><HeartRateBpm><Value>169</Value></HeartRateBpm><Extensions><TPX xmlns="http://www.garmin.com/xmlschemas/ActivityExtension/v2"><RunCadence>77</RunCadence><Speed>2.730469</Speed><Watts>217</Watts></TPX></Extensions></Trackpoint>
     <Trackpoint><Time>2026-01-31T14:08:32.000Z</Time><Position><LatitudeDegrees>48.1915412</LatitudeDegrees><LongitudeDegrees>16.3181667</LongitudeDegrees></Position><AltitudeMeters>200</AltitudeMeters><DistanceMeters>3057.0</DistanceMeters><HeartRateBpm><Value>169</Value></HeartRateBpm><Extensions><TPX xmlns="http://www.garmin.com/xmlschemas/ActivityExtension/v2"><RunCadence>77</RunCadence><Speed>2.730469</Speed><Watts>217</Watts></TPX></Extensions></Trackpoint>
     <Trackpoint><Time>2026-01-31T14:08:33.000Z</Time><Position><LatitudeDegrees>48.1915493</LatitudeDegrees><LongitudeDegrees>16.3181411</LongitudeDegrees></Position><AltitudeMeters>200</AltitudeMeters><DistanceMeters>3059.2</DistanceMeters><HeartRateBpm><Value>169</Value></HeartRateBpm><Extensions><TPX xmlns="http://www.garmin.com/xmlschemas/ActivityExtension/v2"><RunCadence>77</RunCadence><Speed>2.730469</Speed><Watts>217</Watts></TPX></Extensions></Trackpoint>
     <Trackpoint><Time>2026-01-31T14:08:34.000Z</Time><Position><LatitudeDegrees>48.1915548</LatitudeDegrees><LongitudeDegrees>16.3181239</LongitudeDegrees></Position><AltitudeMeters>200</AltitudeMeters><DistanceMeters>3061.3</DistanceMeters><HeartRateBpm><Value>170</Value></HeartRateBpm><Extensions><TPX xmlns="http://www.garmin.com/xmlschemas/ActivityExtension/v2"><RunCadence>75</RunCadence><Speed>2.730469</Speed><Watts>220</Watts></TPX></Extensions></Trackpoint>
     <Trackpoint><Time>2026-01-31T14:08:35.000Z</Time><Position><LatitudeDegrees>48.1915623</LatitudeDegrees><LongitudeDegrees>16.3181005</LongitudeDegrees></Position><AltitudeMeters>200</AltitudeMeters><DistanceMeters>3064.0</DistanceMeters><HeartRateBpm><Value>170</Value></HeartRateBpm><Extensions><TPX xmlns="http://www.garmin.com/xmlschemas/ActivityExtension/v2"><RunCadence>75</RunCadence><Speed>2.730469</Speed><Watts>220</Watts></TPX></Extensions></Trackpoint>
     <Trackpoint><Time>2026-01-31T14:08:36.000Z</Time><Position><LatitudeDegrees>48.1915762</LatitudeDegrees><LongitudeDegrees>16.3180571</LongitudeDegrees></Position><AltitudeMeters>200</AltitudeMeters><DistanceMeters>3066.8</DistanceMeters><HeartRateBpm><Value>170</Value></HeartRateBpm><Extensions><TPX xmlns="http://www.garmin.com/xmlschemas/ActivityExtension/v2"><RunCadence>77</RunCadence><Speed>2.730469</Speed><Watts>222</Watts></TPX></Extensions></Trackpoint>
     <Trackpoint><Time>2026-01-31T14:08:37.000Z</Time><Position><LatitudeDegrees>48.1915887</LatitudeDegrees><LongitudeDegrees>16.3180184</LongitudeDegrees></Position><AltitudeMeters>200</AltitudeMeters><DistanceMeters>3069.7</DistanceMeters><HeartRateBpm><Value>170</Value></HeartRateBpm><Extensions><TPX xmlns="http://www.garmin.com/xmlschemas/ActivityExtension/v2"><RunCadence>77</RunCadence><Speed>2.730469</Speed><Watts>222</Watts></TPX></Extensions></Trackpoint>
     <Trackpoint><Time>2026-01-31T14:08:38.000Z</Time><Position><LatitudeDegrees>48.1915989</LatitudeDegrees><LongitudeDegrees>16.3179865</LongitudeDegrees></Position><AltitudeMeters>201</AltitudeMeters><DistanceMeters>3072.6</DistanceMeters><HeartRateBpm><Value>170</Value></HeartRateBpm><Extensions><TPX xmlns="http://www.garmin.com/xmlschemas/ActivityExtension/v2"><RunCadence>76</RunCadence><Speed>2.710938</Speed><Watts>222</Watts></TPX></Extensions></Trackpoint>
     <Trackpoint><Time>2026-01-31T14:08:39.000Z</Time><Position><LatitudeDegrees>48.1916077</LatitudeDegrees><LongitudeDegrees>16.3179593</LongitudeDegrees></Position><AltitudeMeters>201</AltitudeMeters><DistanceMeters>3074.7</DistanceMeters><HeartRateBpm><Value>170</Value></HeartRateBpm><Extensions><TPX xmlns="http://www.garmin.com/xmlschemas/ActivityExtension/v2"><RunCadence>76</RunCadence><Speed>2.710938</Speed><Watts>222</Watts></TPX></Extensions></Trackpoint>
     <Trackpoint><Time>2026-01-31T14:08:40.000Z</Time><Position><LatitudeDegrees>48.1916161</LatitudeDegrees><LongitudeDegrees>16.3179333</LongitudeDegrees></Position><AltitudeMeters>201</AltitudeMeters><DistanceMeters>3076.9</DistanceMeters><HeartRateBpm><Value>170</Value></HeartRateBpm><Extensions><TPX xmlns="http://www.garmin.com/xmlschemas/ActivityExtension/v2"><RunCadence>76</RunCadence><Speed>2.710938</Speed><Watts>222</Watts></TPX></Extensions></Trackpoint>
     <Trackpoint><Time>2026-01-31T14:08:41.000Z</Time><Position><LatitudeDegrees>48.1916243</LatitudeDegrees><LongitudeDegrees>16.3179079</LongitudeDegrees></Position><AltitudeMeters>201</AltitudeMeters><DistanceMeters>3079.1</DistanceMeters><HeartRateBpm><Value>169</Value></HeartRateBpm><Extensions><TPX xmlns="http://www.garmin.com/xmlschemas/ActivityExtension/v2"><RunCadence>79</RunCadence><Speed>2.710938</Speed><Watts>226</Watts></TPX></Extensions></Trackpoint>
     <Trackpoint><Time>2026-01-31T14:08:42.000Z</Time><Position><LatitudeDegrees>48.1916339</LatitudeDegrees><LongitudeDegrees>16.3178779</LongitudeDegrees></Position><AltitudeMeters>201</AltitudeMeters><DistanceMeters>3081.6</DistanceMeters><HeartRateBpm><Value>169</Value></HeartRateBpm><Extensions><TPX xmlns="http://www.garmin.com/xmlschemas/ActivityExtension/v2"><RunCadence>79</RunCadence><Speed>2.710938</Speed><Watts>226</Watts></TPX></Extensions></Trackpoint>
     <Trackpoint><Time>2026-01-31T14:08:43.000Z</Time><Position><LatitudeDegrees>48.1916436</LatitudeDegrees><LongitudeDegrees>16.3178477</LongitudeDegrees></Position><AltitudeMeters>201</AltitudeMeters><DistanceMeters>3084.2</DistanceMeters><HeartRateBpm><Value>169</Value></HeartRateBpm><Extensions><TPX xmlns="http://www.garmin.com/xmlschemas/ActivityExtension/v2"><RunCadence>79</RunCadence><Speed>2.710938</Speed><Watts>226</Watts></TPX></Extensions></Trackpoint>
     <Trackpoint><Time>2026-01-31T14:08:44.000Z</Time><Position><LatitudeDegrees>48.1916542</LatitudeDegrees><LongitudeDegrees>16.3178148</LongitudeDegrees></Position><AltitudeMeters>201</AltitudeMeters><DistanceMeters>3086.7</DistanceMeters><HeartRateBpm><Value>169</Value></HeartRateBpm><Extensions><TPX xmlns="http://www.garmin.com/xmlschemas/ActivityExtension/v2"><RunCadence>82</RunCadence><Speed>2.691406</Speed><Watts>226</Watts></TPX></Extensions></Trackpoint>
     <Trackpoint><Time>2026-01-31T14:08:45.000Z</Time><Position><LatitudeDegrees>48.1916630</LatitudeDegrees><LongitudeDegrees>16.3177875</LongitudeDegrees></Position><AltitudeMeters>201</AltitudeMeters><DistanceMeters>3089.3</DistanceMeters><HeartRateBpm><Value>169</Value></HeartRateBpm><Extensions><TPX xmlns="http://www.garmin.com/xmlschemas/ActivityExtension/v2"><RunCadence>82</RunCadence><Speed>2.691406</Speed><Watts>226</Watts></TPX></Extensions></Trackpoint>
     <Trackpoint><Time>2026-01-31T14:08:46.000Z</Time><Position><LatitudeDegrees>48.1916722</LatitudeDegrees><LongitudeDegrees>16.3177593</LongitudeDegrees></Position><AltitudeMeters>201</AltitudeMeters><DistanceMeters>3091.9</DistanceMeters><HeartRateBpm><Value>169</Value></HeartRateBpm><Extensions><TPX xmlns="http://www.garmin.com/xmlschemas/ActivityExtension/v2"><RunCadence>82</RunCadence><Speed>2.691406</Speed><Watts>226</Watts></TPX></Extensions></Trackpoint>
     <Trackpoint><Time>2026-01-31T14:08:47.000Z</Time><Position><LatitudeDegrees>48.1916842</LatitudeDegrees><LongitudeDegrees>16.3177202</LongitudeDegrees></Position><AltitudeMeters>201</AltitudeMeters><DistanceMeters>3094.5</DistanceMeters><HeartRateBpm><Value>169</Value></HeartRateBpm><Extensions><TPX xmlns="http://www.garmin.com/xmlschemas/ActivityExtension/v2"><RunCadence>80</RunCadence><Speed>2.691406</Speed><Watts>249</Watts></TPX></Extensions></Trackpoint>
     <Trackpoint><Time>2026-01-31T14:08:48.000Z</Time><Position><LatitudeDegrees>48.1916956</LatitudeDegrees><LongitudeDegrees>16.3176828</LongitudeDegrees></Position><AltitudeMeters>201</AltitudeMeters><DistanceMeters>3097.4</DistanceMeters><HeartRateBpm><Value>169</Value></HeartRateBpm><Extensions><TPX xmlns="http://www.garmin.com/xmlschemas/ActivityExtension/v2"><RunCadence>80</RunCadence><Speed>2.691406</Speed><Watts>249</Watts></TPX></Extensions></Trackpoint>
     <Trackpoint><Time>2026-01-31T14:08:49.000Z</Time><Position><LatitudeDegrees>48.1917061</LatitudeDegrees><LongitudeDegrees>16.3176486</LongitudeDegrees></Position><AltitudeMeters>201</AltitudeMeters><DistanceMeters>3100.3</DistanceMeters><HeartRateBpm><Value>170</Value></HeartRateBpm><Extensions><TPX xmlns="http://www.garmin.com/xmlschemas/ActivityExtension/v2"><RunCadence>80</RunCadence><Speed>2.691406</Speed><Watts>253</Watts></TPX></Extensions></Trackpoint>
     <Trackpoint><Time>2026-01-31T14:08:50.000Z</Time><Position><LatitudeDegrees>48.1917153</LatitudeDegrees><LongitudeDegrees>16.3176153</LongitudeDegrees></Position><AltitudeMeters>201</AltitudeMeters><DistanceMeters>3102.6</DistanceMeters><HeartRateBpm><Value>170</Value></HeartRateBpm><Extensions><TPX xmlns="http://www.garmin.com/xmlschemas/ActivityExtension/v2"><RunCadence>80</RunCadence><Speed>2.691406</Speed><Watts>253</Watts></TPX></Extensions></Trackpoint>
     <Trackpoint><Time>2026-01-31T14:08:51.000Z</Time><Position><LatitudeDegrees>48.1917238</LatitudeDegrees><LongitudeDegrees>16.3175910</LongitudeDegrees></Position><AltitudeMeters>201</AltitudeMeters><DistanceMeters>3104.9</DistanceMeters><HeartRateBpm><Value>170</Value></HeartRateBpm><Extensions><TPX xmlns="http://www.garmin.com/xmlschemas/ActivityExtension/v2"><RunCadence>80</RunCadence><Speed>2.691406</Speed><Watts>253</Watts></TPX></Extensions></Trackpoint>
     <Trackpoint><Time>2026-01-31T14:08:52.000Z</Time><Position><LatitudeDegrees>48.1917316</LatitudeDegrees><LongitudeDegrees>16.3175653</LongitudeDegrees></Position><AltitudeMeters>201</AltitudeMeters><DistanceMeters>3107.1</DistanceMeters><HeartRateBpm><Value>170</Value></HeartRateBpm><Extensions><TPX xmlns="http://www.garmin.com/xmlschemas/ActivityExtension/v2"><RunCadence>77</RunCadence><Speed>2.726562</Speed><Watts>254</Watts></TPX></Extensions></Trackpoint>
     <Trackpoint><Time>2026-01-31T14:08:53.000Z</Time><Position><LatitudeDegrees>48.1917448</LatitudeDegrees><LongitudeDegrees>16.3175327</LongitudeDegrees></Position><AltitudeMeters>201</AltitudeMeters><DistanceMeters>3110.3</DistanceMeters><HeartRateBpm><Value>170</Value></HeartRateBpm><Extensions><TPX xmlns="http://www.garmin.com/xmlschemas/ActivityExtension/v2"><RunCadence>77</RunCadence><Speed>2.726562</Speed><Watts>254</Watts></TPX></Extensions></Trackpoint>
     <Trackpoint><Time>2026-01-31T14:08:54.000Z</Time><Position><LatitudeDegrees>48.1917610</LatitudeDegrees><LongitudeDegrees>16.3174924</LongitudeDegrees></Position><AltitudeMeters>201</AltitudeMeters><DistanceMeters>3113.4</DistanceMeters><HeartRateBpm><Value>170</Value></HeartRateBpm><Extensions><TPX xmlns="http://www.garmin.com/xmlschemas/ActivityExtension/v2"><RunCadence>79</RunCadence><Speed>2.726562</Speed><Watts>254</Watts></TPX></Extensions></Trackpoint>
     <Trackpoint><Time>2026-01-31T14:08:55.000Z</Time><Position><LatitudeDegrees>48.1917761</LatitudeDegrees><LongitudeDegrees>16.3174609</LongitudeDegrees></Position><AltitudeMeters>201</AltitudeMeters><DistanceMeters>3116.4</DistanceMeters><HeartRateBpm><Value>170</Value></HeartRateBpm><Extensions><TPX xmlns="http://www.garmin.com/xmlschemas/ActivityExtension/v2"><RunCadence>79</RunCadence><Speed>2.726562</Speed><Watts>254</Watts></TPX></Extensions></Trackpoint>
     <Trackpoint><Time>2026-01-31T14:08:56.000Z</Time><Position><LatitudeDegrees>48.1917922</LatitudeDegrees><LongitudeDegrees>16.3174264</LongitudeDegrees></Position><AltitudeMeters>201</AltitudeMeters><DistanceMeters>3119.4</DistanceMeters><HeartRateBpm><Value>170</Value></HeartRateBpm><Extensions><TPX xmlns="http://www.garmin.com/xmlschemas/ActivityExtension/v2"><RunCadence>81</RunCadence><Speed>2.707031</Speed><Watts>254</Watts></TPX></Extensions></Trackpoint>
     <Trackpoint><Time>2026-01-31T14:08:57.000Z</Time><Position><LatitudeDegrees>48.1918083</LatitudeDegrees><LongitudeDegrees>16.3173921</LongitudeDegrees></Position><AltitudeMeters>201</AltitudeMeters><DistanceMeters>3122.2</DistanceMeters><HeartRateBpm><Value>170</Value></HeartRateBpm><Extensions><TPX xmlns="http://www.garmin.com/xmlschemas/ActivityExtension/v2"><RunCadence>81</RunCadence><Speed>2.707031</Speed><Watts>254</Watts></TPX></Extensions></Trackpoint>
     <Trackpoint><Time>2026-01-31T14:08:58.000Z</Time><Position><LatitudeDegrees>48.1918214</LatitudeDegrees><LongitudeDegrees>16.3173651</LongitudeDegrees></Position><AltitudeMeters>202</AltitudeMeters><DistanceMeters>3125.0</DistanceMeters><HeartRateBpm><Value>171</Value></HeartRateBpm><Extensions><TPX xmlns="http://www.garmin.com/xmlschemas/ActivityExtension/v2"><RunCadence>81</RunCadence><Speed>2.707031</Speed><Watts>255</Watts></TPX></Extensions></Trackpoint>
     <Trackpoint><Time>2026-01-31T14:08:59.000Z</Time><Position><LatitudeDegrees>48.1918366</LatitudeDegrees><LongitudeDegrees>16.3173343</LongitudeDegrees></Position><AltitudeMeters>202</AltitudeMeters><DistanceMeters>3127.9</DistanceMeters><HeartRateBpm><Value>171</Value></HeartRateBpm><Extensions><TPX xmlns="http://www.garmin.com/xmlschemas/ActivityExtension/v2"><RunCadence>81</RunCadence><Speed>2.707031</Speed><Watts>255</Watts></TPX></Extensions></Trackpoint>
     <Trackpoint><Time>2026-01-31T14:09:00.000Z</Time><Position><LatitudeDegrees>48.1918520</LatitudeDegrees><LongitudeDegrees>16.3173033</LongitudeDegrees></Position><AltitudeMeters>202</AltitudeMeters><DistanceMeters>3130.7</DistanceMeters><HeartRateBpm><Value>171</Value></HeartRateBpm><Extensions><TPX xmlns="http://www.garmin.com/xmlschemas/ActivityExtension/v2"><RunCadence>81</RunCadence><Speed>2.707031</Speed><Watts>255</Watts></TPX></Extensions></Trackpoint>
     <Trackpoint><Time>2026-01-31T14:09:01.000Z</Time><Position><LatitudeDegrees>48.1918672</LatitudeDegrees><LongitudeDegrees>16.3172734</LongitudeDegrees></Position><AltitudeMeters>202</AltitudeMeters><DistanceMeters>3133.4</DistanceMeters><HeartRateBpm><Value>171</Value></HeartRateBpm><Extensions><TPX xmlns="http://www.garmin.com/xmlschemas/ActivityExtension/v2"><RunCadence>81</RunCadence><Speed>2.707031</Speed><Watts>255</Watts></TPX></Extensions></Trackpoint>
     <Trackpoint><Time>2026-01-31T14:09:02.000Z</Time><Position><LatitudeDegrees>48.1918818</LatitudeDegrees><LongitudeDegrees>16.3172465</LongitudeDegrees></Position><AltitudeMeters>202</AltitudeMeters><DistanceMeters>3136.1</DistanceMeters><HeartRateBpm><Value>171</Value></HeartRateBpm><Extensions><TPX xmlns="http://www.garmin.com/xmlschemas/ActivityExtension/v2"><RunCadence>81</RunCadence><Speed>2.738281</Speed><Watts>255</Watts></TPX></Extensions></Trackpoint>
     <Trackpoint><Time>2026-01-31T14:09:03.000Z</Time><Position><LatitudeDegrees>48.1918964</LatitudeDegrees><LongitudeDegrees>16.3172195</LongitudeDegrees></Position><AltitudeMeters>202</AltitudeMeters><DistanceMeters>3138.6</DistanceMeters><HeartRateBpm><Value>171</Value></HeartRateBpm><Extensions><TPX xmlns="http://www.garmin.com/xmlschemas/ActivityExtension/v2"><RunCadence>81</RunCadence><Speed>2.738281</Speed><Watts>255</Watts></TPX></Extensions></Trackpoint>
     <Trackpoint><Time>2026-01-31T14:09:04.000Z</Time><Position><LatitudeDegrees>48.1919102</LatitudeDegrees><LongitudeDegrees>16.3171941</LongitudeDegrees></Position><AltitudeMeters>202</AltitudeMeters><DistanceMeters>3141.1</DistanceMeters><HeartRateBpm><Value>171</Value></HeartRateBpm><Extensions><TPX xmlns="http://www.garmin.com/xmlschemas/ActivityExtension/v2"><RunCadence>82</RunCadence><Speed>2.738281</Speed><Watts>259</Watts></TPX></Extensions></Trackpoint>
     <Trackpoint><Time>2026-01-31T14:09:05.000Z</Time><Position><LatitudeDegrees>48.1919240</LatitudeDegrees><LongitudeDegrees>16.3171630</LongitudeDegrees></Position><AltitudeMeters>202</AltitudeMeters><DistanceMeters>3143.9</DistanceMeters><HeartRateBpm><Value>171</Value></HeartRateBpm><Extensions><TPX xmlns="http://www.garmin.com/xmlschemas/ActivityExtension/v2"><RunCadence>82</RunCadence><Speed>2.738281</Speed><Watts>259</Watts></TPX></Extensions></Trackpoint>
     <Trackpoint><Time>2026-01-31T14:09:06.000Z</Time><Position><LatitudeDegrees>48.1919393</LatitudeDegrees><LongitudeDegrees>16.3171318</LongitudeDegrees></Position><AltitudeMeters>202</AltitudeMeters><DistanceMeters>3146.7</DistanceMeters><HeartRateBpm><Value>171</Value></HeartRateBpm><Extensions><TPX xmlns="http://www.garmin.com/xmlschemas/ActivityExtension/v2"><RunCadence>80</RunCadence><Speed>2.789062</Speed><Watts>261</Watts></TPX></Extensions></Trackpoint>
     <Trackpoint><Time>2026-01-31T14:09:07.000Z</Time><Position><LatitudeDegrees>48.1919520</LatitudeDegrees><LongitudeDegrees>16.3171130</LongitudeDegrees></Position><AltitudeMeters>202</AltitudeMeters><DistanceMeters>3149.2</DistanceMeters><HeartRateBpm><Value>171</Value></HeartRateBpm><Extensions><TPX xmlns="http://www.garmin.com/xmlschemas/ActivityExtension/v2"><RunCadence>80</RunCadence><Speed>2.789062</Speed><Watts>261</Watts></TPX></Extensions></Trackpoint>
     <Trackpoint><Time>2026-01-31T14:09:08.000Z</Time><Position><LatitudeDegrees>48.1919654</LatitudeDegrees><LongitudeDegrees>16.3170879</LongitudeDegrees></Position><AltitudeMeters>202</AltitudeMeters><DistanceMeters>3151.7</DistanceMeters><HeartRateBpm><Value>171</Value></HeartRateBpm><Extensions><TPX xmlns="http://www.garmin.com/xmlschemas/ActivityExtension/v2"><RunCadence>80</RunCadence><Speed>2.789062</Speed><Watts>261</Watts></TPX></Extensions></Trackpoint>
     <Trackpoint><Time>2026-01-31T14:09:09.000Z</Time><Position><LatitudeDegrees>48.1919805</LatitudeDegrees><LongitudeDegrees>16.3170532</LongitudeDegrees></Position><AltitudeMeters>202</AltitudeMeters><DistanceMeters>3154.1</DistanceMeters><HeartRateBpm><Value>171</Value></HeartRateBpm><Extensions><TPX xmlns="http://www.garmin.com/xmlschemas/ActivityExtension/v2"><RunCadence>80</RunCadence><Speed>2.789062</Speed><Watts>258</Watts></TPX></Extensions></Trackpoint>
     <Trackpoint><Time>2026-01-31T14:09:10.000Z</Time><Position><LatitudeDegrees>48.1919935</LatitudeDegrees><LongitudeDegrees>16.3170131</LongitudeDegrees></Position><AltitudeMeters>202</AltitudeMeters><DistanceMeters>3157.0</DistanceMeters><HeartRateBpm><Value>171</Value></HeartRateBpm><Extensions><TPX xmlns="http://www.garmin.com/xmlschemas/ActivityExtension/v2"><RunCadence>80</RunCadence><Speed>2.789062</Speed><Watts>258</Watts></TPX></Extensions></Trackpoint>
     <Trackpoint><Time>2026-01-31T14:09:11.000Z</Time><Position><LatitudeDegrees>48.1920070</LatitudeDegrees><LongitudeDegrees>16.3169867</LongitudeDegrees></Position><AltitudeMeters>202</AltitudeMeters><DistanceMeters>3159.9</DistanceMeters><HeartRateBpm><Value>171</Value></HeartRateBpm><Extensions><TPX xmlns="http://www.garmin.com/xmlschemas/ActivityExtension/v2"><RunCadence>80</RunCadence><Speed>2.789062</Speed><Watts>258</Watts></TPX></Extensions></Trackpoint>
     <Trackpoint><Time>2026-01-31T14:09:12.000Z</Time><Position><LatitudeDegrees>48.1920278</LatitudeDegrees><LongitudeDegrees>16.3169691</LongitudeDegrees></Position><AltitudeMeters>202</AltitudeMeters><DistanceMeters>3161.9</DistanceMeters><HeartRateBpm><Value>171</Value></HeartRateBpm><Extensions><TPX xmlns="http://www.garmin.com/xmlschemas/ActivityExtension/v2"><RunCadence>80</RunCadence><Speed>2.789062</Speed><Watts>258</Watts></TPX></Extensions></Trackpoint>
     <Trackpoint><Time>2026-01-31T14:09:13.000Z</Time><Position><LatitudeDegrees>48.1920344</LatitudeDegrees><LongitudeDegrees>16.3169510</LongitudeDegrees></Position><AltitudeMeters>202</AltitudeMeters><DistanceMeters>3164.0</DistanceMeters><HeartRateBpm><Value>171</Value></HeartRateBpm><Extensions><TPX xmlns="http://www.garmin.com/xmlschemas/ActivityExtension/v2"><RunCadence>80</RunCadence><Speed>2.789062</Speed><Watts>258</Watts></TPX></Extensions></Trackpoint>
     <Trackpoint><Time>2026-01-31T14:09:14.000Z</Time><Position><LatitudeDegrees>48.1920457</LatitudeDegrees><LongitudeDegrees>16.3169276</LongitudeDegrees></Position><AltitudeMeters>202</AltitudeMeters><DistanceMeters>3166.0</DistanceMeters><HeartRateBpm><Value>171</Value></HeartRateBpm><Extensions><TPX xmlns="http://www.garmin.com/xmlschemas/ActivityExtension/v2"><RunCadence>80</RunCadence><Speed>2.781250</Speed><Watts>256</Watts></TPX></Extensions></Trackpoint>
     <Trackpoint><Time>2026-01-31T14:09:15.000Z</Time><Position><LatitudeDegrees>48.1920661</LatitudeDegrees><LongitudeDegrees>16.3169171</LongitudeDegrees></Position><AltitudeMeters>202</AltitudeMeters><DistanceMeters>3168.2</DistanceMeters><HeartRateBpm><Value>171</Value></HeartRateBpm><Extensions><TPX xmlns="http://www.garmin.com/xmlschemas/ActivityExtension/v2"><RunCadence>80</RunCadence><Speed>2.781250</Speed><Watts>256</Watts></TPX></Extensions></Trackpoint>
     <Trackpoint><Time>2026-01-31T14:09:16.000Z</Time><Position><LatitudeDegrees>48.1920787</LatitudeDegrees><LongitudeDegrees>16.3168944</LongitudeDegrees></Position><AltitudeMeters>202</AltitudeMeters><DistanceMeters>3170.4</DistanceMeters><HeartRateBpm><Value>171</Value></HeartRateBpm><Extensions><TPX xmlns="http://www.garmin.com/xmlschemas/ActivityExtension/v2"><RunCadence>80</RunCadence><Speed>2.781250</Speed><Watts>256</Watts></TPX></Extensions></Trackpoint>
     <Trackpoint><Time>2026-01-31T14:09:17.000Z</Time><Position><LatitudeDegrees>48.1920895</LatitudeDegrees><LongitudeDegrees>16.3168685</LongitudeDegrees></Position><AltitudeMeters>202</AltitudeMeters><DistanceMeters>3172.6</DistanceMeters><HeartRateBpm><Value>171</Value></HeartRateBpm><Extensions><TPX xmlns="http://www.garmin.com/xmlschemas/ActivityExtension/v2"><RunCadence>81</RunCadence><Speed>2.781250</Speed><Watts>260</Watts></TPX></Extensions></Trackpoint>
     <Trackpoint><Time>2026-01-31T14:09:18.000Z</Time><Position><LatitudeDegrees>48.1921030</LatitudeDegrees><LongitudeDegrees>16.3168452</LongitudeDegrees></Position><AltitudeMeters>202</AltitudeMeters><DistanceMeters>3175.2</DistanceMeters><HeartRateBpm><Value>171</Value></HeartRateBpm><Extensions><TPX xmlns="http://www.garmin.com/xmlschemas/ActivityExtension/v2"><RunCadence>81</RunCadence><Speed>2.781250</Speed><Watts>260</Watts></TPX></Extensions></Trackpoint>
     <Trackpoint><Time>2026-01-31T14:09:19.000Z</Time><Position><LatitudeDegrees>48.1921224</LatitudeDegrees><LongitudeDegrees>16.3168188</LongitudeDegrees></Position><AltitudeMeters>202</AltitudeMeters><DistanceMeters>3177.8</DistanceMeters><HeartRateBpm><Value>171</Value></HeartRateBpm><Extensions><TPX xmlns="http://www.garmin.com/xmlschemas/ActivityExtension/v2"><RunCadence>81</RunCadence><Speed>2.781250</Speed><Watts>257</Watts></TPX></Extensions></Trackpoint>
     <Trackpoint><Time>2026-01-31T14:09:20.000Z</Time><Position><LatitudeDegrees>48.1921465</LatitudeDegrees><LongitudeDegrees>16.3168342</LongitudeDegrees></Position><AltitudeMeters>202</AltitudeMeters><DistanceMeters>3180.7</DistanceMeters><HeartRateBpm><Value>171</Value></HeartRateBpm><Extensions><TPX xmlns="http://www.garmin.com/xmlschemas/ActivityExtension/v2"><RunCadence>81</RunCadence><Speed>2.781250</Speed><Watts>257</Watts></TPX></Extensions></Trackpoint>
     <Trackpoint><Time>2026-01-31T14:09:21.000Z</Time><Position><LatitudeDegrees>48.1921667</LatitudeDegrees><LongitudeDegrees>16.3168619</LongitudeDegrees></Position><AltitudeMeters>202</AltitudeMeters><DistanceMeters>3183.7</DistanceMeters><HeartRateBpm><Value>171</Value></HeartRateBpm><Extensions><TPX xmlns="http://www.garmin.com/xmlschemas/ActivityExtension/v2"><RunCadence>79</RunCadence><Speed>2.796875</Speed><Watts>251</Watts></TPX></Extensions></Trackpoint>
     <Trackpoint><Time>2026-01-31T14:09:22.000Z</Time><Position><LatitudeDegrees>48.1921734</LatitudeDegrees><LongitudeDegrees>16.3168679</LongitudeDegrees></Position><AltitudeMeters>202</AltitudeMeters><DistanceMeters>3185.0</DistanceMeters><HeartRateBpm><Value>171</Value></HeartRateBpm><Extensions><TPX xmlns="http://www.garmin.com/xmlschemas/ActivityExtension/v2"><RunCadence>79</RunCadence><Speed>2.796875</Speed><Watts>251</Watts></TPX></Extensions></Trackpoint>
     <Trackpoint><Time>2026-01-31T14:09:23.000Z</Time><Position><LatitudeDegrees>48.1921804</LatitudeDegrees><LongitudeDegrees>16.3168755</LongitudeDegrees></Position><AltitudeMeters>202</AltitudeMeters><DistanceMeters>3186.3</DistanceMeters><HeartRateBpm><Value>171</Value></HeartRateBpm><Extensions><TPX xmlns="http://www.garmin.com/xmlschemas/ActivityExtension/v2"><RunCadence>79</RunCadence><Speed>2.796875</Speed><Watts>251</Watts></TPX></Extensions></Trackpoint>
     <Trackpoint><Time>2026-01-31T14:09:24.000Z</Time><Position><LatitudeDegrees>48.1921859</LatitudeDegrees><LongitudeDegrees>16.3168942</LongitudeDegrees></Position><AltitudeMeters>202</AltitudeMeters><DistanceMeters>3187.6</DistanceMeters><HeartRateBpm><Value>171</Value></HeartRateBpm><Extensions><TPX xmlns="http://www.garmin.com/xmlschemas/ActivityExtension/v2"><RunCadence>79</RunCadence><Speed>2.796875</Speed><Watts>251</Watts></TPX></Extensions></Trackpoint>
     <Trackpoint><Time>2026-01-31T14:09:25.000Z</Time><Position><LatitudeDegrees>48.1921958</LatitudeDegrees><LongitudeDegrees>16.3169175</LongitudeDegrees></Position><AltitudeMeters>203</AltitudeMeters><DistanceMeters>3188.9</DistanceMeters><HeartRateBpm><Value>172</Value></HeartRateBpm><Extensions><TPX xmlns="http://www.garmin.com/xmlschemas/ActivityExtension/v2"><RunCadence>77</RunCadence><Speed>2.796875</Speed><Watts>247</Watts></TPX></Extensions></Trackpoint>
     <Trackpoint><Time>2026-01-31T14:09:26.000Z</Time><Position><LatitudeDegrees>48.1922068</LatitudeDegrees><LongitudeDegrees>16.3169447</LongitudeDegrees></Position><AltitudeMeters>203</AltitudeMeters><DistanceMeters>3191.9</DistanceMeters><HeartRateBpm><Value>172</Value></HeartRateBpm><Extensions><TPX xmlns="http://www.garmin.com/xmlschemas/ActivityExtension/v2"><RunCadence>77</RunCadence><Speed>2.796875</Speed><Watts>247</Watts></TPX></Extensions></Trackpoint>
     <Trackpoint><Time>2026-01-31T14:09:27.000Z</Time><Position><LatitudeDegrees>48.1922251</LatitudeDegrees><LongitudeDegrees>16.3169856</LongitudeDegrees></Position><AltitudeMeters>203</AltitudeMeters><DistanceMeters>3194.9</DistanceMeters><HeartRateBpm><Value>172</Value></HeartRateBpm><Extensions><TPX xmlns="http://www.garmin.com/xmlschemas/ActivityExtension/v2"><RunCadence>78</RunCadence><Speed>2.804688</Speed><Watts>247</Watts></TPX></Extensions></Trackpoint>
     <Trackpoint><Time>2026-01-31T14:09:28.000Z</Time><Position><LatitudeDegrees>48.1922475</LatitudeDegrees><LongitudeDegrees>16.3170330</LongitudeDegrees></Position><AltitudeMeters>203</AltitudeMeters><DistanceMeters>3200.3</DistanceMeters><HeartRateBpm><Value>172</Value></HeartRateBpm><Extensions><TPX xmlns="http://www.garmin.com/xmlschemas/ActivityExtension/v2"><RunCadence>78</RunCadence><Speed>2.804688</Speed><Watts>247</Watts></TPX></Extensions></Trackpoint>
     <Trackpoint><Time>2026-01-31T14:09:29.000Z</Time><Position><LatitudeDegrees>48.1922894</LatitudeDegrees><LongitudeDegrees>16.3170926</LongitudeDegrees></Position><AltitudeMeters>203</AltitudeMeters><DistanceMeters>3205.6</DistanceMeters><HeartRateBpm><Value>173</Value></HeartRateBpm><Extensions><TPX xmlns="http://www.garmin.com/xmlschemas/ActivityExtension/v2"><RunCadence>77</RunCadence><Speed>2.804688</Speed><Watts>247</Watts></TPX></Extensions></Trackpoint>
     <Trackpoint><Time>2026-01-31T14:09:30.000Z</Time><Position><LatitudeDegrees>48.1922899</LatitudeDegrees><LongitudeDegrees>16.3171295</LongitudeDegrees></Position><AltitudeMeters>203</AltitudeMeters><DistanceMeters>3208.1</DistanceMeters><HeartRateBpm><Value>173</Value></HeartRateBpm><Extensions><TPX xmlns="http://www.garmin.com/xmlschemas/ActivityExtension/v2"><RunCadence>77</RunCadence><Speed>2.804688</Speed><Watts>247</Watts></TPX></Extensions></Trackpoint>
     <Trackpoint><Time>2026-01-31T14:09:31.000Z</Time><Position><LatitudeDegrees>48.1922968</LatitudeDegrees><LongitudeDegrees>16.3171601</LongitudeDegrees></Position><AltitudeMeters>203</AltitudeMeters><DistanceMeters>3210.7</DistanceMeters><HeartRateBpm><Value>173</Value></HeartRateBpm><Extensions><TPX xmlns="http://www.garmin.com/xmlschemas/ActivityExtension/v2"><RunCadence>77</RunCadence><Speed>2.804688</Speed><Watts>244</Watts></TPX></Extensions></Trackpoint>
     <Trackpoint><Time>2026-01-31T14:09:32.000Z</Time><Position><LatitudeDegrees>48.1923034</LatitudeDegrees><LongitudeDegrees>16.3171878</LongitudeDegrees></Position><AltitudeMeters>203</AltitudeMeters><DistanceMeters>3213.0</DistanceMeters><HeartRateBpm><Value>173</Value></HeartRateBpm><Extensions><TPX xmlns="http://www.garmin.com/xmlschemas/ActivityExtension/v2"><RunCadence>77</RunCadence><Speed>2.804688</Speed><Watts>244</Watts></TPX></Extensions></Trackpoint>
     <Trackpoint><Time>2026-01-31T14:09:33.000Z</Time><Position><LatitudeDegrees>48.1923091</LatitudeDegrees><LongitudeDegrees>16.3172192</LongitudeDegrees></Position><AltitudeMeters>203</AltitudeMeters><DistanceMeters>3215.4</DistanceMeters><HeartRateBpm><Value>173</Value></HeartRateBpm><Extensions><TPX xmlns="http://www.garmin.com/xmlschemas/ActivityExtension/v2"><RunCadence>77</RunCadence><Speed>2.804688</Speed><Watts>244</Watts></TPX></Extensions></Trackpoint>
     <Trackpoint><Time>2026-01-31T14:09:34.000Z</Time><Position><LatitudeDegrees>48.1923154</LatitudeDegrees><LongitudeDegrees>16.3172509</LongitudeDegrees></Position><AltitudeMeters>203</AltitudeMeters><DistanceMeters>3217.7</DistanceMeters><HeartRateBpm><Value>173</Value></HeartRateBpm><Extensions><TPX xmlns="http://www.garmin.com/xmlschemas/ActivityExtension/v2"><RunCadence>85</RunCadence><Speed>2.820312</Speed><Watts>248</Watts></TPX></Extensions></Trackpoint>
     <Trackpoint><Time>2026-01-31T14:09:35.000Z</Time><Position><LatitudeDegrees>48.1923197</LatitudeDegrees><LongitudeDegrees>16.3172785</LongitudeDegrees></Position><AltitudeMeters>203</AltitudeMeters><DistanceMeters>3220.1</DistanceMeters><HeartRateBpm><Value>173</Value></HeartRateBpm><Extensions><TPX xmlns="http://www.garmin.com/xmlschemas/ActivityExtension/v2"><RunCadence>85</RunCadence><Speed>2.820312</Speed><Watts>248</Watts></TPX></Extensions></Trackpoint>
     <Trackpoint><Time>2026-01-31T14:09:36.000Z</Time><Position><LatitudeDegrees>48.1923279</LatitudeDegrees><LongitudeDegrees>16.3173129</LongitudeDegrees></Position><AltitudeMeters>203</AltitudeMeters><DistanceMeters>3222.5</DistanceMeters><HeartRateBpm><Value>173</Value></HeartRateBpm><Extensions><TPX xmlns="http://www.garmin.com/xmlschemas/ActivityExtension/v2"><RunCadence>85</RunCadence><Speed>2.820312</Speed><Watts>248</Watts></TPX></Extensions></Trackpoint>
     <Trackpoint><Time>2026-01-31T14:09:37.000Z</Time><Position><LatitudeDegrees>48.1923337</LatitudeDegrees><LongitudeDegrees>16.3173428</LongitudeDegrees></Position><AltitudeMeters>203</AltitudeMeters><DistanceMeters>3224.8</DistanceMeters><HeartRateBpm><Value>173</Value></HeartRateBpm><Extensions><TPX xmlns="http://www.garmin.com/xmlschemas/ActivityExtension/v2"><RunCadence>84</RunCadence><Speed>2.820312</Speed><Watts>247</Watts></TPX></Extensions></Trackpoint>
     <Trackpoint><Time>2026-01-31T14:09:38.000Z</Time><Position><LatitudeDegrees>48.1923407</LatitudeDegrees><LongitudeDegrees>16.3173703</LongitudeDegrees></Position><AltitudeMeters>203</AltitudeMeters><DistanceMeters>3226.8</DistanceMeters><HeartRateBpm><Value>173</Value></HeartRateBpm><Extensions><TPX xmlns="http://www.garmin.com/xmlschemas/ActivityExtension/v2"><RunCadence>84</RunCadence><Speed>2.820312</Speed><Watts>247</Watts></TPX></Extensions></Trackpoint>
     <Trackpoint><Time>2026-01-31T14:09:39.000Z</Time><Position><LatitudeDegrees>48.1923438</LatitudeDegrees><LongitudeDegrees>16.3173951</LongitudeDegrees></Position><AltitudeMeters>203</AltitudeMeters><DistanceMeters>3228.8</DistanceMeters><HeartRateBpm><Value>173</Value></HeartRateBpm><Extensions><TPX xmlns="http://www.garmin.com/xmlschemas/ActivityExtension/v2"><RunCadence>84</RunCadence><Speed>2.820312</Speed><Watts>247</Watts></TPX></Extensions></Trackpoint>
     <Trackpoint><Time>2026-01-31T14:09:40.000Z</Time><Position><LatitudeDegrees>48.1923439</LatitudeDegrees><LongitudeDegrees>16.3174219</LongitudeDegrees></Position><AltitudeMeters>204</AltitudeMeters><DistanceMeters>3230.8</DistanceMeters><HeartRateBpm><Value>173</Value></HeartRateBpm><Extensions><TPX xmlns="http://www.garmin.com/xmlschemas/ActivityExtension/v2"><RunCadence>77</RunCadence><Speed>2.832031</Speed><Watts>247</Watts></TPX></Extensions></Trackpoint>
     <Trackpoint><Time>2026-01-31T14:09:41.000Z</Time><Position><LatitudeDegrees>48.1923487</LatitudeDegrees><LongitudeDegrees>16.3174468</LongitudeDegrees></Position><AltitudeMeters>204</AltitudeMeters><DistanceMeters>3233.1</DistanceMeters><HeartRateBpm><Value>173</Value></HeartRateBpm><Extensions><TPX xmlns="http://www.garmin.com/xmlschemas/ActivityExtension/v2"><RunCadence>77</RunCadence><Speed>2.832031</Speed><Watts>247</Watts></TPX></Extensions></Trackpoint>
     <Trackpoint><Time>2026-01-31T14:09:42.000Z</Time><Position><LatitudeDegrees>48.1923558</LatitudeDegrees><LongitudeDegrees>16.3174780</LongitudeDegrees></Position><AltitudeMeters>204</AltitudeMeters><DistanceMeters>3235.4</DistanceMeters><HeartRateBpm><Value>173</Value></HeartRateBpm><Extensions><TPX xmlns="http://www.garmin.com/xmlschemas/ActivityExtension/v2"><RunCadence>77</RunCadence><Speed>2.832031</Speed><Watts>247</Watts></TPX></Extensions></Trackpoint>
     <Trackpoint><Time>2026-01-31T14:09:43.000Z</Time><Position><LatitudeDegrees>48.1923630</LatitudeDegrees><LongitudeDegrees>16.3175098</LongitudeDegrees></Position><AltitudeMeters>204</AltitudeMeters><DistanceMeters>3237.7</DistanceMeters><HeartRateBpm><Value>173</Value></HeartRateBpm><Extensions><TPX xmlns="http://www.garmin.com/xmlschemas/ActivityExtension/v2"><RunCadence>78</RunCadence><Speed>2.832031</Speed><Watts>247</Watts></TPX></Extensions></Trackpoint>
     <Trackpoint><Time>2026-01-31T14:09:44.000Z</Time><Position><LatitudeDegrees>48.1923689</LatitudeDegrees><LongitudeDegrees>16.3175501</LongitudeDegrees></Position><AltitudeMeters>204</AltitudeMeters><DistanceMeters>3240.5</DistanceMeters><HeartRateBpm><Value>173</Value></HeartRateBpm><Extensions><TPX xmlns="http://www.garmin.com/xmlschemas/ActivityExtension/v2"><RunCadence>78</RunCadence><Speed>2.832031</Speed><Watts>247</Watts></TPX></Extensions></Trackpoint>
     <Trackpoint><Time>2026-01-31T14:09:45.000Z</Time><Position><LatitudeDegrees>48.1923763</LatitudeDegrees><LongitudeDegrees>16.3175840</LongitudeDegrees></Position><AltitudeMeters>204</AltitudeMeters><DistanceMeters>3243.4</DistanceMeters><HeartRateBpm><Value>174</Value></HeartRateBpm><Extensions><TPX xmlns="http://www.garmin.com/xmlschemas/ActivityExtension/v2"><RunCadence>78</RunCadence><Speed>2.832031</Speed><Watts>242</Watts></TPX></Extensions></Trackpoint>
     <Trackpoint><Time>2026-01-31T14:09:46.000Z</Time><Position><LatitudeDegrees>48.1923903</LatitudeDegrees><LongitudeDegrees>16.3176167</LongitudeDegrees></Position><AltitudeMeters>204</AltitudeMeters><DistanceMeters>3245.8</DistanceMeters><HeartRateBpm><Value>174</Value></HeartRateBpm><Extensions><TPX xmlns="http://www.garmin.com/xmlschemas/ActivityExtension/v2"><RunCadence>78</RunCadence><Speed>2.832031</Speed><Watts>242</Watts></TPX></Extensions></Trackpoint>
     <Trackpoint><Time>2026-01-31T14:09:47.000Z</Time><Position><LatitudeDegrees>48.1923933</LatitudeDegrees><LongitudeDegrees>16.3176398</LongitudeDegrees></Position><AltitudeMeters>204</AltitudeMeters><DistanceMeters>3248.2</DistanceMeters><HeartRateBpm><Value>174</Value></HeartRateBpm><Extensions><TPX xmlns="http://www.garmin.com/xmlschemas/ActivityExtension/v2"><RunCadence>78</RunCadence><Speed>2.832031</Speed><Watts>242</Watts></TPX></Extensions></Trackpoint>
     <Trackpoint><Time>2026-01-31T14:09:48.000Z</Time><Position><LatitudeDegrees>48.1923997</LatitudeDegrees><LongitudeDegrees>16.3176753</LongitudeDegrees></Position><AltitudeMeters>204</AltitudeMeters><DistanceMeters>3250.6</DistanceMeters><HeartRateBpm><Value>174</Value></HeartRateBpm><Extensions><TPX xmlns="http://www.garmin.com/xmlschemas/ActivityExtension/v2"><RunCadence>77</RunCadence><Speed>2.835938</Speed><Watts>242</Watts></TPX></Extensions></Trackpoint>
     <Trackpoint><Time>2026-01-31T14:09:49.000Z</Time><Position><LatitudeDegrees>48.1924077</LatitudeDegrees><LongitudeDegrees>16.3177018</LongitudeDegrees></Position><AltitudeMeters>204</AltitudeMeters><DistanceMeters>3253.4</DistanceMeters><HeartRateBpm><Value>174</Value></HeartRateBpm><Extensions><TPX xmlns="http://www.garmin.com/xmlschemas/ActivityExtension/v2"><RunCadence>77</RunCadence><Speed>2.835938</Speed><Watts>242</Watts></TPX></Extensions></Trackpoint>
     <Trackpoint><Time>2026-01-31T14:09:50.000Z</Time><Position><LatitudeDegrees>48.1924197</LatitudeDegrees><LongitudeDegrees>16.3177343</LongitudeDegrees></Position><AltitudeMeters>204</AltitudeMeters><DistanceMeters>3256.2</DistanceMeters><HeartRateBpm><Value>174</Value></HeartRateBpm><Extensions><TPX xmlns="http://www.garmin.com/xmlschemas/ActivityExtension/v2"><RunCadence>77</RunCadence><Speed>2.835938</Speed><Watts>242</Watts></TPX></Extensions></Trackpoint>
     <Trackpoint><Time>2026-01-31T14:09:51.000Z</Time><Position><LatitudeDegrees>48.1924326</LatitudeDegrees><LongitudeDegrees>16.3177783</LongitudeDegrees></Position><AltitudeMeters>204</AltitudeMeters><DistanceMeters>3259.1</DistanceMeters><HeartRateBpm><Value>174</Value></HeartRateBpm><Extensions><TPX xmlns="http://www.garmin.com/xmlschemas/ActivityExtension/v2"><RunCadence>78</RunCadence><Speed>2.835938</Speed><Watts>248</Watts></TPX></Extensions></Trackpoint>
     <Trackpoint><Time>2026-01-31T14:09:52.000Z</Time><Position><LatitudeDegrees>48.1924401</LatitudeDegrees><LongitudeDegrees>16.3178194</LongitudeDegrees></Position><AltitudeMeters>204</AltitudeMeters><DistanceMeters>3261.9</DistanceMeters><HeartRateBpm><Value>174</Value></HeartRateBpm><Extensions><TPX xmlns="http://www.garmin.com/xmlschemas/ActivityExtension/v2"><RunCadence>78</RunCadence><Speed>2.835938</Speed><Watts>248</Watts></TPX></Extensions></Trackpoint>
     <Trackpoint><Time>2026-01-31T14:09:53.000Z</Time><Position><LatitudeDegrees>48.1924467</LatitudeDegrees><LongitudeDegrees>16.3178525</LongitudeDegrees></Position><AltitudeMeters>204</AltitudeMeters><DistanceMeters>3264.8</DistanceMeters><HeartRateBpm><Value>174</Value></HeartRateBpm><Extensions><TPX xmlns="http://www.garmin.com/xmlschemas/ActivityExtension/v2"><RunCadence>78</RunCadence><Speed>2.835938</Speed><Watts>248</Watts></TPX></Extensions></Trackpoint>
     <Trackpoint><Time>2026-01-31T14:09:54.000Z</Time><Position><LatitudeDegrees>48.1924544</LatitudeDegrees><LongitudeDegrees>16.3178856</LongitudeDegrees></Position><AltitudeMeters>204</AltitudeMeters><DistanceMeters>3267.2</DistanceMeters><HeartRateBpm><Value>174</Value></HeartRateBpm><Extensions><TPX xmlns="http://www.garmin.com/xmlschemas/ActivityExtension/v2"><RunCadence>78</RunCadence><Speed>2.835938</Speed><Watts>248</Watts></TPX></Extensions></Trackpoint>
     <Trackpoint><Time>2026-01-31T14:09:55.000Z</Time><Position><LatitudeDegrees>48.1924673</LatitudeDegrees><LongitudeDegrees>16.3179103</LongitudeDegrees></Position><AltitudeMeters>204</AltitudeMeters><DistanceMeters>3269.5</DistanceMeters><HeartRateBpm><Value>174</Value></HeartRateBpm><Extensions><TPX xmlns="http://www.garmin.com/xmlschemas/ActivityExtension/v2"><RunCadence>78</RunCadence><Speed>2.835938</Speed><Watts>248</Watts></TPX></Extensions></Trackpoint>
     <Trackpoint><Time>2026-01-31T14:09:56.000Z</Time><Position><LatitudeDegrees>48.1924718</LatitudeDegrees><LongitudeDegrees>16.3179411</LongitudeDegrees></Position><AltitudeMeters>205</AltitudeMeters><DistanceMeters>3271.9</DistanceMeters><HeartRateBpm><Value>175</Value></HeartRateBpm><Extensions><TPX xmlns="http://www.garmin.com/xmlschemas/ActivityExtension/v2"><RunCadence>81</RunCadence><Speed>2.835938</Speed><Watts>248</Watts></TPX></Extensions></Trackpoint>
     <Trackpoint><Time>2026-01-31T14:09:57.000Z</Time><Position><LatitudeDegrees>48.1924817</LatitudeDegrees><LongitudeDegrees>16.3179763</LongitudeDegrees></Position><AltitudeMeters>205</AltitudeMeters><DistanceMeters>3274.6</DistanceMeters><HeartRateBpm><Value>175</Value></HeartRateBpm><Extensions><TPX xmlns="http://www.garmin.com/xmlschemas/ActivityExtension/v2"><RunCadence>81</RunCadence><Speed>2.835938</Speed><Watts>248</Watts></TPX></Extensions></Trackpoint>
     <Trackpoint><Time>2026-01-31T14:09:58.000Z</Time><Position><LatitudeDegrees>48.1924911</LatitudeDegrees><LongitudeDegrees>16.3180081</LongitudeDegrees></Position><AltitudeMeters>205</AltitudeMeters><DistanceMeters>3277.3</DistanceMeters><HeartRateBpm><Value>175</Value></HeartRateBpm><Extensions><TPX xmlns="http://www.garmin.com/xmlschemas/ActivityExtension/v2"><RunCadence>81</RunCadence><Speed>2.835938</Speed><Watts>248</Watts></TPX></Extensions></Trackpoint>
     <Trackpoint><Time>2026-01-31T14:09:59.000Z</Time><Position><LatitudeDegrees>48.1925010</LatitudeDegrees><LongitudeDegrees>16.3180389</LongitudeDegrees></Position><AltitudeMeters>205</AltitudeMeters><DistanceMeters>3279.8</DistanceMeters><HeartRateBpm><Value>175</Value></HeartRateBpm><Extensions><TPX xmlns="http://www.garmin.com/xmlschemas/ActivityExtension/v2"><RunCadence>81</RunCadence><Speed>2.835938</Speed><Watts>248</Watts></TPX></Extensions></Trackpoint>
     <Trackpoint><Time>2026-01-31T14:10:00.000Z</Time><Position><LatitudeDegrees>48.1925068</LatitudeDegrees><LongitudeDegrees>16.3180710</LongitudeDegrees></Position><AltitudeMeters>205</AltitudeMeters><DistanceMeters>3282.2</DistanceMeters><HeartRateBpm><Value>175</Value></HeartRateBpm><Extensions><TPX xmlns="http://www.garmin.com/xmlschemas/ActivityExtension/v2"><RunCadence>81</RunCadence><Speed>2.835938</Speed><Watts>248</Watts></TPX></Extensions></Trackpoint>
     <Trackpoint><Time>2026-01-31T14:10:01.000Z</Time><Position><LatitudeDegrees>48.1925188</LatitudeDegrees><LongitudeDegrees>16.3180973</LongitudeDegrees></Position><AltitudeMeters>205</AltitudeMeters><DistanceMeters>3284.6</DistanceMeters><HeartRateBpm><Value>175</Value></HeartRateBpm><Extensions><TPX xmlns="http://www.garmin.com/xmlschemas/ActivityExtension/v2"><RunCadence>83</RunCadence><Speed>2.882812</Speed><Watts>252</Watts></TPX></Extensions></Trackpoint>
     <Trackpoint><Time>2026-01-31T14:10:02.000Z</Time><Position><LatitudeDegrees>48.1925297</LatitudeDegrees><LongitudeDegrees>16.3181264</LongitudeDegrees></Position><AltitudeMeters>205</AltitudeMeters><DistanceMeters>3287.3</DistanceMeters><HeartRateBpm><Value>175</Value></HeartRateBpm><Extensions><TPX xmlns="http://www.garmin.com/xmlschemas/ActivityExtension/v2"><RunCadence>83</RunCadence><Speed>2.882812</Speed><Watts>252</Watts></TPX></Extensions></Trackpoint>
     <Trackpoint><Time>2026-01-31T14:10:03.000Z</Time><Position><LatitudeDegrees>48.1925462</LatitudeDegrees><LongitudeDegrees>16.3181548</LongitudeDegrees></Position><AltitudeMeters>205</AltitudeMeters><DistanceMeters>3289.9</DistanceMeters><HeartRateBpm><Value>175</Value></HeartRateBpm><Extensions><TPX xmlns="http://www.garmin.com/xmlschemas/ActivityExtension/v2"><RunCadence>88</RunCadence><Speed>2.882812</Speed><Watts>252</Watts></TPX></Extensions></Trackpoint>
     <Trackpoint><Time>2026-01-31T14:10:04.000Z</Time><Position><LatitudeDegrees>48.1925618</LatitudeDegrees><LongitudeDegrees>16.3181810</LongitudeDegrees></Position><AltitudeMeters>205</AltitudeMeters><DistanceMeters>3292.6</DistanceMeters><HeartRateBpm><Value>175</Value></HeartRateBpm><Extensions><TPX xmlns="http://www.garmin.com/xmlschemas/ActivityExtension/v2"><RunCadence>88</RunCadence><Speed>2.882812</Speed><Watts>252</Watts></TPX></Extensions></Trackpoint>
     <Trackpoint><Time>2026-01-31T14:10:05.000Z</Time><Position><LatitudeDegrees>48.1925822</LatitudeDegrees><LongitudeDegrees>16.3182059</LongitudeDegrees></Position><AltitudeMeters>205</AltitudeMeters><DistanceMeters>3295.4</DistanceMeters><HeartRateBpm><Value>176</Value></HeartRateBpm><Extensions><TPX xmlns="http://www.garmin.com/xmlschemas/ActivityExtension/v2"><RunCadence>86</RunCadence><Speed>2.937500</Speed><Watts>253</Watts></TPX></Extensions></Trackpoint>
     <Trackpoint><Time>2026-01-31T14:10:06.000Z</Time><Position><LatitudeDegrees>48.1925922</LatitudeDegrees><LongitudeDegrees>16.3182410</LongitudeDegrees></Position><AltitudeMeters>205</AltitudeMeters><DistanceMeters>3297.7</DistanceMeters><HeartRateBpm><Value>176</Value></HeartRateBpm><Extensions><TPX xmlns="http://www.garmin.com/xmlschemas/ActivityExtension/v2"><RunCadence>86</RunCadence><Speed>2.937500</Speed><Watts>253</Watts></TPX></Extensions></Trackpoint>
     <Trackpoint><Time>2026-01-31T14:10:07.000Z</Time><Position><LatitudeDegrees>48.1925970</LatitudeDegrees><LongitudeDegrees>16.3182664</LongitudeDegrees></Position><AltitudeMeters>205</AltitudeMeters><DistanceMeters>3300.0</DistanceMeters><HeartRateBpm><Value>176</Value></HeartRateBpm><Extensions><TPX xmlns="http://www.garmin.com/xmlschemas/ActivityExtension/v2"><RunCadence>86</RunCadence><Speed>2.937500</Speed><Watts>253</Watts></TPX></Extensions></Trackpoint>
     <Trackpoint><Time>2026-01-31T14:10:08.000Z</Time><Position><LatitudeDegrees>48.1926056</LatitudeDegrees><LongitudeDegrees>16.3182917</LongitudeDegrees></Position><AltitudeMeters>206</AltitudeMeters><DistanceMeters>3302.3</DistanceMeters><HeartRateBpm><Value>176</Value></HeartRateBpm><Extensions><TPX xmlns="http://www.garmin.com/xmlschemas/ActivityExtension/v2"><RunCadence>82</RunCadence><Speed>2.937500</Speed><Watts>254</Watts></TPX></Extensions></Trackpoint>
     <Trackpoint><Time>2026-01-31T14:10:09.000Z</Time><Position><LatitudeDegrees>48.1926162</LatitudeDegrees><LongitudeDegrees>16.3183147</LongitudeDegrees></Position><AltitudeMeters>206</AltitudeMeters><DistanceMeters>3304.4</DistanceMeters><HeartRateBpm><Value>176</Value></HeartRateBpm><Extensions><TPX xmlns="http://www.garmin.com/xmlschemas/ActivityExtension/v2"><RunCadence>82</RunCadence><Speed>2.937500</Speed><Watts>254</Watts></TPX></Extensions></Trackpoint>
     <Trackpoint><Time>2026-01-31T14:10:10.000Z</Time><Position><LatitudeDegrees>48.1926246</LatitudeDegrees><LongitudeDegrees>16.3183349</LongitudeDegrees></Position><AltitudeMeters>206</AltitudeMeters><DistanceMeters>3306.5</DistanceMeters><HeartRateBpm><Value>176</Value></HeartRateBpm><Extensions><TPX xmlns="http://www.garmin.com/xmlschemas/ActivityExtension/v2"><RunCadence>82</RunCadence><Speed>2.937500</Speed><Watts>254</Watts></TPX></Extensions></Trackpoint>
     <Trackpoint><Time>2026-01-31T14:10:11.000Z</Time><Position><LatitudeDegrees>48.1926340</LatitudeDegrees><LongitudeDegrees>16.3183657</LongitudeDegrees></Position><AltitudeMeters>206</AltitudeMeters><DistanceMeters>3308.6</DistanceMeters><HeartRateBpm><Value>176</Value></HeartRateBpm><Extensions><TPX xmlns="http://www.garmin.com/xmlschemas/ActivityExtension/v2"><RunCadence>73</RunCadence><Speed>2.937500</Speed><Watts>254</Watts></TPX></Extensions></Trackpoint>
     <Trackpoint><Time>2026-01-31T14:10:12.000Z</Time><Position><LatitudeDegrees>48.1926475</LatitudeDegrees><LongitudeDegrees>16.3184021</LongitudeDegrees></Position><AltitudeMeters>206</AltitudeMeters><DistanceMeters>3311.7</DistanceMeters><HeartRateBpm><Value>176</Value></HeartRateBpm><Extensions><TPX xmlns="http://www.garmin.com/xmlschemas/ActivityExtension/v2"><RunCadence>73</RunCadence><Speed>2.937500</Speed><Watts>254</Watts></TPX></Extensions></Trackpoint>
     <Trackpoint><Time>2026-01-31T14:10:13.000Z</Time><Position><LatitudeDegrees>48.1926624</LatitudeDegrees><LongitudeDegrees>16.3184373</LongitudeDegrees></Position><AltitudeMeters>206</AltitudeMeters><DistanceMeters>3314.8</DistanceMeters><HeartRateBpm><Value>176</Value></HeartRateBpm><Extensions><TPX xmlns="http://www.garmin.com/xmlschemas/ActivityExtension/v2"><RunCadence>82</RunCadence><Speed>2.921875</Speed><Watts>256</Watts></TPX></Extensions></Trackpoint>
     <Trackpoint><Time>2026-01-31T14:10:14.000Z</Time><Position><LatitudeDegrees>48.1926760</LatitudeDegrees><LongitudeDegrees>16.3184766</LongitudeDegrees></Position><AltitudeMeters>206</AltitudeMeters><DistanceMeters>3317.9</DistanceMeters><HeartRateBpm><Value>176</Value></HeartRateBpm><Extensions><TPX xmlns="http://www.garmin.com/xmlschemas/ActivityExtension/v2"><RunCadence>82</RunCadence><Speed>2.921875</Speed><Watts>256</Watts></TPX></Extensions></Trackpoint>
     <Trackpoint><Time>2026-01-31T14:10:15.000Z</Time><Position><LatitudeDegrees>48.1926906</LatitudeDegrees><LongitudeDegrees>16.3185099</LongitudeDegrees></Position><AltitudeMeters>206</AltitudeMeters><DistanceMeters>3321.0</DistanceMeters><HeartRateBpm><Value>176</Value></HeartRateBpm><Extensions><TPX xmlns="http://www.garmin.com/xmlschemas/ActivityExtension/v2"><RunCadence>84</RunCadence><Speed>2.921875</Speed><Watts>252</Watts></TPX></Extensions></Trackpoint>
     <Trackpoint><Time>2026-01-31T14:10:16.000Z</Time><Position><LatitudeDegrees>48.1927055</LatitudeDegrees><LongitudeDegrees>16.3185394</LongitudeDegrees></Position><AltitudeMeters>206</AltitudeMeters><DistanceMeters>3324.1</DistanceMeters><HeartRateBpm><Value>176</Value></HeartRateBpm><Extensions><TPX xmlns="http://www.garmin.com/xmlschemas/ActivityExtension/v2"><RunCadence>84</RunCadence><Speed>2.921875</Speed><Watts>252</Watts></TPX></Extensions></Trackpoint>
     <Trackpoint><Time>2026-01-31T14:10:17.000Z</Time><Position><LatitudeDegrees>48.1927199</LatitudeDegrees><LongitudeDegrees>16.3185797</LongitudeDegrees></Position><AltitudeMeters>207</AltitudeMeters><DistanceMeters>3327.1</DistanceMeters><HeartRateBpm><Value>176</Value></HeartRateBpm><Extensions><TPX xmlns="http://www.garmin.com/xmlschemas/ActivityExtension/v2"><RunCadence>85</RunCadence><Speed>2.921875</Speed><Watts>256</Watts></TPX></Extensions></Trackpoint>
     <Trackpoint><Time>2026-01-31T14:10:18.000Z</Time><Position><LatitudeDegrees>48.1927352</LatitudeDegrees><LongitudeDegrees>16.3186055</LongitudeDegrees></Position><AltitudeMeters>207</AltitudeMeters><DistanceMeters>3329.8</DistanceMeters><HeartRateBpm><Value>176</Value></HeartRateBpm><Extensions><TPX xmlns="http://www.garmin.com/xmlschemas/ActivityExtension/v2"><RunCadence>85</RunCadence><Speed>2.921875</Speed><Watts>256</Watts></TPX></Extensions></Trackpoint>
     <Trackpoint><Time>2026-01-31T14:10:19.000Z</Time><Position><LatitudeDegrees>48.1927459</LatitudeDegrees><LongitudeDegrees>16.3186294</LongitudeDegrees></Position><AltitudeMeters>207</AltitudeMeters><DistanceMeters>3332.4</DistanceMeters><HeartRateBpm><Value>176</Value></HeartRateBpm><Extensions><TPX xmlns="http://www.garmin.com/xmlschemas/ActivityExtension/v2"><RunCadence>85</RunCadence><Speed>2.921875</Speed><Watts>256</Watts></TPX></Extensions></Trackpoint>
     <Trackpoint><Time>2026-01-31T14:10:20.000Z</Time><Position><LatitudeDegrees>48.1927537</LatitudeDegrees><LongitudeDegrees>16.3186740</LongitudeDegrees></Position><AltitudeMeters>207</AltitudeMeters><DistanceMeters>3335.1</DistanceMeters><HeartRateBpm><Value>177</Value></HeartRateBpm><Extensions><TPX xmlns="http://www.garmin.com/xmlschemas/ActivityExtension/v2"><RunCadence>84</RunCadence><Speed>2.910156</Speed><Watts>256</Watts></TPX></Extensions></Trackpoint>
     <Trackpoint><Time>2026-01-31T14:10:21.000Z</Time><Position><LatitudeDegrees>48.1927569</LatitudeDegrees><LongitudeDegrees>16.3186959</LongitudeDegrees></Position><AltitudeMeters>207</AltitudeMeters><DistanceMeters>3336.9</DistanceMeters><HeartRateBpm><Value>177</Value></HeartRateBpm><Extensions><TPX xmlns="http://www.garmin.com/xmlschemas/ActivityExtension/v2"><RunCadence>84</RunCadence><Speed>2.910156</Speed><Watts>256</Watts></TPX></Extensions></Trackpoint>
     <Trackpoint><Time>2026-01-31T14:10:22.000Z</Time><Position><LatitudeDegrees>48.1927602</LatitudeDegrees><LongitudeDegrees>16.3187111</LongitudeDegrees></Position><AltitudeMeters>207</AltitudeMeters><DistanceMeters>3338.7</DistanceMeters><HeartRateBpm><Value>177</Value></HeartRateBpm><Extensions><TPX xmlns="http://www.garmin.com/xmlschemas/ActivityExtension/v2"><RunCadence>84</RunCadence><Speed>2.910156</Speed><Watts>256</Watts></TPX></Extensions></Trackpoint>
     <Trackpoint><Time>2026-01-31T14:10:23.000Z</Time><Position><LatitudeDegrees>48.1927689</LatitudeDegrees><LongitudeDegrees>16.3187449</LongitudeDegrees></Position><AltitudeMeters>207</AltitudeMeters><DistanceMeters>3340.6</DistanceMeters><HeartRateBpm><Value>177</Value></HeartRateBpm><Extensions><TPX xmlns="http://www.garmin.com/xmlschemas/ActivityExtension/v2"><RunCadence>80</RunCadence><Speed>2.910156</Speed><Watts>261</Watts></TPX></Extensions></Trackpoint>
     <Trackpoint><Time>2026-01-31T14:10:24.000Z</Time><Position><LatitudeDegrees>48.1927754</LatitudeDegrees><LongitudeDegrees>16.3187725</LongitudeDegrees></Position><AltitudeMeters>207</AltitudeMeters><DistanceMeters>3342.7</DistanceMeters><HeartRateBpm><Value>177</Value></HeartRateBpm><Extensions><TPX xmlns="http://www.garmin.com/xmlschemas/ActivityExtension/v2"><RunCadence>80</RunCadence><Speed>2.910156</Speed><Watts>261</Watts></TPX></Extensions></Trackpoint>
     <Trackpoint><Time>2026-01-31T14:10:25.000Z</Time><Position><LatitudeDegrees>48.1927838</LatitudeDegrees><LongitudeDegrees>16.3188023</LongitudeDegrees></Position><AltitudeMeters>207</AltitudeMeters><DistanceMeters>3344.9</DistanceMeters><HeartRateBpm><Value>177</Value></HeartRateBpm><Extensions><TPX xmlns="http://www.garmin.com/xmlschemas/ActivityExtension/v2"><RunCadence>80</RunCadence><Speed>2.910156</Speed><Watts>261</Watts></TPX></Extensions></Trackpoint>
     <Trackpoint><Time>2026-01-31T14:10:26.000Z</Time><Position><LatitudeDegrees>48.1927915</LatitudeDegrees><LongitudeDegrees>16.3188253</LongitudeDegrees></Position><AltitudeMeters>207</AltitudeMeters><DistanceMeters>3347.1</DistanceMeters><HeartRateBpm><Value>177</Value></HeartRateBpm><Extensions><TPX xmlns="http://www.garmin.com/xmlschemas/ActivityExtension/v2"><RunCadence>80</RunCadence><Speed>2.882812</Speed><Watts>261</Watts></TPX></Extensions></Trackpoint>
     <Trackpoint><Time>2026-01-31T14:10:27.000Z</Time><Position><LatitudeDegrees>48.1928015</LatitudeDegrees><LongitudeDegrees>16.3188498</LongitudeDegrees></Position><AltitudeMeters>207</AltitudeMeters><DistanceMeters>3349.4</DistanceMeters><HeartRateBpm><Value>177</Value></HeartRateBpm><Extensions><TPX xmlns="http://www.garmin.com/xmlschemas/ActivityExtension/v2"><RunCadence>80</RunCadence><Speed>2.882812</Speed><Watts>261</Watts></TPX></Extensions></Trackpoint>
     <Trackpoint><Time>2026-01-31T14:10:28.000Z</Time><Position><LatitudeDegrees>48.1928145</LatitudeDegrees><LongitudeDegrees>16.3188696</LongitudeDegrees></Position><AltitudeMeters>207</AltitudeMeters><DistanceMeters>3351.7</DistanceMeters><HeartRateBpm><Value>177</Value></HeartRateBpm><Extensions><TPX xmlns="http://www.garmin.com/xmlschemas/ActivityExtension/v2"><RunCadence>80</RunCadence><Speed>2.882812</Speed><Watts>261</Watts></TPX></Extensions></Trackpoint>
     <Trackpoint><Time>2026-01-31T14:10:29.000Z</Time><Position><LatitudeDegrees>48.1928124</LatitudeDegrees><LongitudeDegrees>16.3189147</LongitudeDegrees></Position><AltitudeMeters>208</AltitudeMeters><DistanceMeters>3354.1</DistanceMeters><HeartRateBpm><Value>178</Value></HeartRateBpm><Extensions><TPX xmlns="http://www.garmin.com/xmlschemas/ActivityExtension/v2"><RunCadence>79</RunCadence><Speed>2.882812</Speed><Watts>255</Watts></TPX></Extensions></Trackpoint>
     <Trackpoint><Time>2026-01-31T14:10:30.000Z</Time><Position><LatitudeDegrees>48.1928168</LatitudeDegrees><LongitudeDegrees>16.3189428</LongitudeDegrees></Position><AltitudeMeters>208</AltitudeMeters><DistanceMeters>3356.4</DistanceMeters><HeartRateBpm><Value>178</Value></HeartRateBpm><Extensions><TPX xmlns="http://www.garmin.com/xmlschemas/ActivityExtension/v2"><RunCadence>79</RunCadence><Speed>2.882812</Speed><Watts>255</Watts></TPX></Extensions></Trackpoint>
     <Trackpoint><Time>2026-01-31T14:10:31.000Z</Time><Position><LatitudeDegrees>48.1928212</LatitudeDegrees><LongitudeDegrees>16.3189720</LongitudeDegrees></Position><AltitudeMeters>208</AltitudeMeters><DistanceMeters>3358.8</DistanceMeters><HeartRateBpm><Value>178</Value></HeartRateBpm><Extensions><TPX xmlns="http://www.garmin.com/xmlschemas/ActivityExtension/v2"><RunCadence>79</RunCadence><Speed>2.882812</Speed><Watts>255</Watts></TPX></Extensions></Trackpoint>
     <Trackpoint><Time>2026-01-31T14:10:32.000Z</Time><Position><LatitudeDegrees>48.1928302</LatitudeDegrees><LongitudeDegrees>16.3190064</LongitudeDegrees></Position><AltitudeMeters>208</AltitudeMeters><DistanceMeters>3361.2</DistanceMeters><HeartRateBpm><Value>178</Value></HeartRateBpm><Extensions><TPX xmlns="http://www.garmin.com/xmlschemas/ActivityExtension/v2"><RunCadence>78</RunCadence><Speed>2.882812</Speed><Watts>253</Watts></TPX></Extensions></Trackpoint>
     <Trackpoint><Time>2026-01-31T14:10:33.000Z</Time><Position><LatitudeDegrees>48.1928290</LatitudeDegrees><LongitudeDegrees>16.3190598</LongitudeDegrees></Position><AltitudeMeters>208</AltitudeMeters><DistanceMeters>3364.3</DistanceMeters><HeartRateBpm><Value>178</Value></HeartRateBpm><Extensions><TPX xmlns="http://www.garmin.com/xmlschemas/ActivityExtension/v2"><RunCadence>78</RunCadence><Speed>2.882812</Speed><Watts>253</Watts></TPX></Extensions></Trackpoint>
     <Trackpoint><Time>2026-01-31T14:10:34.000Z</Time><Position><LatitudeDegrees>48.1928322</LatitudeDegrees><LongitudeDegrees>16.3190923</LongitudeDegrees></Position><AltitudeMeters>208</AltitudeMeters><DistanceMeters>3367.5</DistanceMeters><HeartRateBpm><Value>178</Value></HeartRateBpm><Extensions><TPX xmlns="http://www.garmin.com/xmlschemas/ActivityExtension/v2"><RunCadence>82</RunCadence><Speed>2.875000</Speed><Watts>253</Watts></TPX></Extensions></Trackpoint>
     <Trackpoint><Time>2026-01-31T14:10:35.000Z</Time><Position><LatitudeDegrees>48.1928434</LatitudeDegrees><LongitudeDegrees>16.3191218</LongitudeDegrees></Position><AltitudeMeters>208</AltitudeMeters><DistanceMeters>3369.5</DistanceMeters><HeartRateBpm><Value>178</Value></HeartRateBpm><Extensions><TPX xmlns="http://www.garmin.com/xmlschemas/ActivityExtension/v2"><RunCadence>82</RunCadence><Speed>2.875000</Speed><Watts>253</Watts></TPX></Extensions></Trackpoint>
     <Trackpoint><Time>2026-01-31T14:10:36.000Z</Time><Position><LatitudeDegrees>48.1928577</LatitudeDegrees><LongitudeDegrees>16.3191344</LongitudeDegrees></Position><AltitudeMeters>208</AltitudeMeters><DistanceMeters>3371.5</DistanceMeters><HeartRateBpm><Value>178</Value></HeartRateBpm><Extensions><TPX xmlns="http://www.garmin.com/xmlschemas/ActivityExtension/v2"><RunCadence>82</RunCadence><Speed>2.875000</Speed><Watts>253</Watts></TPX></Extensions></Trackpoint>
     <Trackpoint><Time>2026-01-31T14:10:37.000Z</Time><Position><LatitudeDegrees>48.1928646</LatitudeDegrees><LongitudeDegrees>16.3191565</LongitudeDegrees></Position><AltitudeMeters>208</AltitudeMeters><DistanceMeters>3373.5</DistanceMeters><HeartRateBpm><Value>178</Value></HeartRateBpm><Extensions><TPX xmlns="http://www.garmin.com/xmlschemas/ActivityExtension/v2"><RunCadence>73</RunCadence><Speed>2.875000</Speed><Watts>254</Watts></TPX></Extensions></Trackpoint>
     <Trackpoint><Time>2026-01-31T14:10:38.000Z</Time><Position><LatitudeDegrees>48.1928817</LatitudeDegrees><LongitudeDegrees>16.3191909</LongitudeDegrees></Position><AltitudeMeters>208</AltitudeMeters><DistanceMeters>3376.4</DistanceMeters><HeartRateBpm><Value>178</Value></HeartRateBpm><Extensions><TPX xmlns="http://www.garmin.com/xmlschemas/ActivityExtension/v2"><RunCadence>73</RunCadence><Speed>2.875000</Speed><Watts>254</Watts></TPX></Extensions></Trackpoint>
     <Trackpoint><Time>2026-01-31T14:10:39.000Z</Time><Position><LatitudeDegrees>48.1928944</LatitudeDegrees><LongitudeDegrees>16.3192207</LongitudeDegrees></Position><AltitudeMeters>209</AltitudeMeters><DistanceMeters>3379.3</DistanceMeters><HeartRateBpm><Value>178</Value></HeartRateBpm><Extensions><TPX xmlns="http://www.garmin.com/xmlschemas/ActivityExtension/v2"><RunCadence>79</RunCadence><Speed>2.906250</Speed><Watts>254</Watts></TPX></Extensions></Trackpoint>
     <Trackpoint><Time>2026-01-31T14:10:40.000Z</Time><Position><LatitudeDegrees>48.1929036</LatitudeDegrees><LongitudeDegrees>16.3192691</LongitudeDegrees></Position><AltitudeMeters>209</AltitudeMeters><DistanceMeters>3382.1</DistanceMeters><HeartRateBpm><Value>178</Value></HeartRateBpm><Extensions><TPX xmlns="http://www.garmin.com/xmlschemas/ActivityExtension/v2"><RunCadence>79</RunCadence><Speed>2.906250</Speed><Watts>254</Watts></TPX></Extensions></Trackpoint>
     <Trackpoint><Time>2026-01-31T14:10:41.000Z</Time><Position><LatitudeDegrees>48.1929100</LatitudeDegrees><LongitudeDegrees>16.3192916</LongitudeDegrees></Position><AltitudeMeters>209</AltitudeMeters><DistanceMeters>3384.8</DistanceMeters><HeartRateBpm><Value>178</Value></HeartRateBpm><Extensions><TPX xmlns="http://www.garmin.com/xmlschemas/ActivityExtension/v2"><RunCadence>77</RunCadence><Speed>2.906250</Speed><Watts>261</Watts></TPX></Extensions></Trackpoint>
     <Trackpoint><Time>2026-01-31T14:10:42.000Z</Time><Position><LatitudeDegrees>48.1929158</LatitudeDegrees><LongitudeDegrees>16.3193019</LongitudeDegrees></Position><AltitudeMeters>209</AltitudeMeters><DistanceMeters>3386.5</DistanceMeters><HeartRateBpm><Value>178</Value></HeartRateBpm><Extensions><TPX xmlns="http://www.garmin.com/xmlschemas/ActivityExtension/v2"><RunCadence>77</RunCadence><Speed>2.906250</Speed><Watts>261</Watts></TPX></Extensions></Trackpoint>
     <Trackpoint><Time>2026-01-31T14:10:43.000Z</Time><Position><LatitudeDegrees>48.1929171</LatitudeDegrees><LongitudeDegrees>16.3193286</LongitudeDegrees></Position><AltitudeMeters>209</AltitudeMeters><DistanceMeters>3388.2</DistanceMeters><HeartRateBpm><Value>178</Value></HeartRateBpm><Extensions><TPX xmlns="http://www.garmin.com/xmlschemas/ActivityExtension/v2"><RunCadence>77</RunCadence><Speed>2.906250</Speed><Watts>261</Watts></TPX></Extensions></Trackpoint>
     <Trackpoint><Time>2026-01-31T14:10:44.000Z</Time><Position><LatitudeDegrees>48.1929241</LatitudeDegrees><LongitudeDegrees>16.3193572</LongitudeDegrees></Position><AltitudeMeters>209</AltitudeMeters><DistanceMeters>3389.9</DistanceMeters><HeartRateBpm><Value>178</Value></HeartRateBpm><Extensions><TPX xmlns="http://www.garmin.com/xmlschemas/ActivityExtension/v2"><RunCadence>81</RunCadence><Speed>2.906250</Speed><Watts>256</Watts></TPX></Extensions></Trackpoint>
     <Trackpoint><Time>2026-01-31T14:10:45.000Z</Time><Position><LatitudeDegrees>48.1929318</LatitudeDegrees><LongitudeDegrees>16.3193762</LongitudeDegrees></Position><AltitudeMeters>209</AltitudeMeters><DistanceMeters>3391.8</DistanceMeters><HeartRateBpm><Value>178</Value></HeartRateBpm><Extensions><TPX xmlns="http://www.garmin.com/xmlschemas/ActivityExtension/v2"><RunCadence>81</RunCadence><Speed>2.906250</Speed><Watts>256</Watts></TPX></Extensions></Trackpoint>
     <Trackpoint><Time>2026-01-31T14:10:46.000Z</Time><Position><LatitudeDegrees>48.1929401</LatitudeDegrees><LongitudeDegrees>16.3194067</LongitudeDegrees></Position><AltitudeMeters>209</AltitudeMeters><DistanceMeters>3393.7</DistanceMeters><HeartRateBpm><Value>178</Value></HeartRateBpm><Extensions><TPX xmlns="http://www.garmin.com/xmlschemas/ActivityExtension/v2"><RunCadence>81</RunCadence><Speed>2.906250</Speed><Watts>256</Watts></TPX></Extensions></Trackpoint>
     <Trackpoint><Time>2026-01-31T14:10:47.000Z</Time><Position><LatitudeDegrees>48.1929437</LatitudeDegrees><LongitudeDegrees>16.3194261</LongitudeDegrees></Position><AltitudeMeters>209</AltitudeMeters><DistanceMeters>3395.5</DistanceMeters><HeartRateBpm><Value>178</Value></HeartRateBpm><Extensions><TPX xmlns="http://www.garmin.com/xmlschemas/ActivityExtension/v2"><RunCadence>82</RunCadence><Speed>2.894531</Speed><Watts>260</Watts></TPX></Extensions></Trackpoint>
     <Trackpoint><Time>2026-01-31T14:10:48.000Z</Time><Position><LatitudeDegrees>48.1929447</LatitudeDegrees><LongitudeDegrees>16.3194369</LongitudeDegrees></Position><AltitudeMeters>209</AltitudeMeters><DistanceMeters>3396.8</DistanceMeters><HeartRateBpm><Value>178</Value></HeartRateBpm><Extensions><TPX xmlns="http://www.garmin.com/xmlschemas/ActivityExtension/v2"><RunCadence>82</RunCadence><Speed>2.894531</Speed><Watts>260</Watts></TPX></Extensions></Trackpoint>
     <Trackpoint><Time>2026-01-31T14:10:49.000Z</Time><Position><LatitudeDegrees>48.1929456</LatitudeDegrees><LongitudeDegrees>16.3194484</LongitudeDegrees></Position><AltitudeMeters>209</AltitudeMeters><DistanceMeters>3398.2</DistanceMeters><HeartRateBpm><Value>178</Value></HeartRateBpm><Extensions><TPX xmlns="http://www.garmin.com/xmlschemas/ActivityExtension/v2"><RunCadence>82</RunCadence><Speed>2.894531</Speed><Watts>260</Watts></TPX></Extensions></Trackpoint>
     <Trackpoint><Time>2026-01-31T14:10:50.000Z</Time><Position><LatitudeDegrees>48.1929474</LatitudeDegrees><LongitudeDegrees>16.3194742</LongitudeDegrees></Position><AltitudeMeters>209</AltitudeMeters><DistanceMeters>3399.5</DistanceMeters><HeartRateBpm><Value>178</Value></HeartRateBpm><Extensions><TPX xmlns="http://www.garmin.com/xmlschemas/ActivityExtension/v2"><RunCadence>82</RunCadence><Speed>2.894531</Speed><Watts>260</Watts></TPX></Extensions></Trackpoint>
     <Trackpoint><Time>2026-01-31T14:10:51.000Z</Time><Position><LatitudeDegrees>48.1929499</LatitudeDegrees><LongitudeDegrees>16.3194892</LongitudeDegrees></Position><AltitudeMeters>209</AltitudeMeters><DistanceMeters>3400.8</DistanceMeters><HeartRateBpm><Value>178</Value></HeartRateBpm><Extensions><TPX xmlns="http://www.garmin.com/xmlschemas/ActivityExtension/v2"><RunCadence>82</RunCadence><Speed>2.894531</Speed><Watts>260</Watts></TPX></Extensions></Trackpoint>
     <Trackpoint><Time>2026-01-31T14:10:52.000Z</Time><Position><LatitudeDegrees>48.1929578</LatitudeDegrees><LongitudeDegrees>16.3195133</LongitudeDegrees></Position><AltitudeMeters>210</AltitudeMeters><DistanceMeters>3402.2</DistanceMeters><HeartRateBpm><Value>178</Value></HeartRateBpm><Extensions><TPX xmlns="http://www.garmin.com/xmlschemas/ActivityExtension/v2"><RunCadence>78</RunCadence><Speed>2.894531</Speed><Watts>256</Watts></TPX></Extensions></Trackpoint>
     <Trackpoint><Time>2026-01-31T14:10:53.000Z</Time><Position><LatitudeDegrees>48.1929558</LatitudeDegrees><LongitudeDegrees>16.3195483</LongitudeDegrees></Position><AltitudeMeters>210</AltitudeMeters><DistanceMeters>3404.3</DistanceMeters><HeartRateBpm><Value>178</Value></HeartRateBpm><Extensions><TPX xmlns="http://www.garmin.com/xmlschemas/ActivityExtension/v2"><RunCadence>78</RunCadence><Speed>2.894531</Speed><Watts>256</Watts></TPX></Extensions></Trackpoint>
     <Trackpoint><Time>2026-01-31T14:10:54.000Z</Time><Position><LatitudeDegrees>48.1929520</LatitudeDegrees><LongitudeDegrees>16.3195778</LongitudeDegrees></Position><AltitudeMeters>210</AltitudeMeters><DistanceMeters>3406.4</DistanceMeters><HeartRateBpm><Value>178</Value></HeartRateBpm><Extensions><TPX xmlns="http://www.garmin.com/xmlschemas/ActivityExtension/v2"><RunCadence>78</RunCadence><Speed>2.894531</Speed><Watts>256</Watts></TPX></Extensions></Trackpoint>
     <Trackpoint><Time>2026-01-31T14:10:55.000Z</Time><Position><LatitudeDegrees>48.1929505</LatitudeDegrees><LongitudeDegrees>16.3195976</LongitudeDegrees></Position><AltitudeMeters>210</AltitudeMeters><DistanceMeters>3408.5</DistanceMeters><HeartRateBpm><Value>178</Value></HeartRateBpm><Extensions><TPX xmlns="http://www.garmin.com/xmlschemas/ActivityExtension/v2"><RunCadence>78</RunCadence><Speed>2.890625</Speed><Watts>239</Watts></TPX></Extensions></Trackpoint>
     <Trackpoint><Time>2026-01-31T14:10:56.000Z</Time><Position><LatitudeDegrees>48.1929567</LatitudeDegrees><LongitudeDegrees>16.3196127</LongitudeDegrees></Position><AltitudeMeters>210</AltitudeMeters><DistanceMeters>3410.0</DistanceMeters><HeartRateBpm><Value>178</Value></HeartRateBpm><Extensions><TPX xmlns="http://www.garmin.com/xmlschemas/ActivityExtension/v2"><RunCadence>78</RunCadence><Speed>2.890625</Speed><Watts>239</Watts></TPX></Extensions></Trackpoint>
     <Trackpoint><Time>2026-01-31T14:10:57.000Z</Time><Position><LatitudeDegrees>48.1929583</LatitudeDegrees><LongitudeDegrees>16.3196256</LongitudeDegrees></Position><AltitudeMeters>210</AltitudeMeters><DistanceMeters>3411.6</DistanceMeters><HeartRateBpm><Value>178</Value></HeartRateBpm><Extensions><TPX xmlns="http://www.garmin.com/xmlschemas/ActivityExtension/v2"><RunCadence>78</RunCadence><Speed>2.890625</Speed><Watts>239</Watts></TPX></Extensions></Trackpoint>
     <Trackpoint><Time>2026-01-31T14:10:58.000Z</Time><Position><LatitudeDegrees>48.1929609</LatitudeDegrees><LongitudeDegrees>16.3196553</LongitudeDegrees></Position><AltitudeMeters>210</AltitudeMeters><DistanceMeters>3413.2</DistanceMeters><HeartRateBpm><Value>178</Value></HeartRateBpm><Extensions><TPX xmlns="http://www.garmin.com/xmlschemas/ActivityExtension/v2"><RunCadence>78</RunCadence><Speed>2.890625</Speed><Watts>239</Watts></TPX></Extensions></Trackpoint>
     <Trackpoint><Time>2026-01-31T14:10:59.000Z</Time><Position><LatitudeDegrees>48.1929684</LatitudeDegrees><LongitudeDegrees>16.3196789</LongitudeDegrees></Position><AltitudeMeters>210</AltitudeMeters><DistanceMeters>3414.8</DistanceMeters><HeartRateBpm><Value>178</Value></HeartRateBpm><Extensions><TPX xmlns="http://www.garmin.com/xmlschemas/ActivityExtension/v2"><RunCadence>77</RunCadence><Speed>2.890625</Speed><Watts>239</Watts></TPX></Extensions></Trackpoint>
     <Trackpoint><Time>2026-01-31T14:11:00.000Z</Time><Position><LatitudeDegrees>48.1929713</LatitudeDegrees><LongitudeDegrees>16.3196891</LongitudeDegrees></Position><AltitudeMeters>210</AltitudeMeters><DistanceMeters>3416.5</DistanceMeters><HeartRateBpm><Value>178</Value></HeartRateBpm><Extensions><TPX xmlns="http://www.garmin.com/xmlschemas/ActivityExtension/v2"><RunCadence>77</RunCadence><Speed>2.890625</Speed><Watts>239</Watts></TPX></Extensions></Trackpoint>
     <Trackpoint><Time>2026-01-31T14:11:01.000Z</Time><Position><LatitudeDegrees>48.1929774</LatitudeDegrees><LongitudeDegrees>16.3197104</LongitudeDegrees></Position><AltitudeMeters>210</AltitudeMeters><DistanceMeters>3418.1</DistanceMeters><HeartRateBpm><Value>178</Value></HeartRateBpm><Extensions><TPX xmlns="http://www.garmin.com/xmlschemas/ActivityExtension/v2"><RunCadence>77</RunCadence><Speed>2.890625</Speed><Watts>239</Watts></TPX></Extensions></Trackpoint>
     <Trackpoint><Time>2026-01-31T14:11:02.000Z</Time><Position><LatitudeDegrees>48.1929803</LatitudeDegrees><LongitudeDegrees>16.3197421</LongitudeDegrees></Position><AltitudeMeters>210</AltitudeMeters><DistanceMeters>3419.7</DistanceMeters><HeartRateBpm><Value>178</Value></HeartRateBpm><Extensions><TPX xmlns="http://www.garmin.com/xmlschemas/ActivityExtension/v2"><RunCadence>77</RunCadence><Speed>2.890625</Speed><Watts>239</Watts></TPX></Extensions></Trackpoint>
     <Trackpoint><Time>2026-01-31T14:11:03.000Z</Time><Position><LatitudeDegrees>48.1929835</LatitudeDegrees><LongitudeDegrees>16.3197647</LongitudeDegrees></Position><AltitudeMeters>210</AltitudeMeters><DistanceMeters>3421.4</DistanceMeters><HeartRateBpm><Value>178</Value></HeartRateBpm><Extensions><TPX xmlns="http://www.garmin.com/xmlschemas/ActivityExtension/v2"><RunCadence>79</RunCadence><Speed>2.890625</Speed><Watts>233</Watts></TPX></Extensions></Trackpoint>
     <Trackpoint><Time>2026-01-31T14:11:04.000Z</Time><Position><LatitudeDegrees>48.1929824</LatitudeDegrees><LongitudeDegrees>16.3197863</LongitudeDegrees></Position><AltitudeMeters>210</AltitudeMeters><DistanceMeters>3422.9</DistanceMeters><HeartRateBpm><Value>178</Value></HeartRateBpm><Extensions><TPX xmlns="http://www.garmin.com/xmlschemas/ActivityExtension/v2"><RunCadence>79</RunCadence><Speed>2.890625</Speed><Watts>233</Watts></TPX></Extensions></Trackpoint>
     <Trackpoint><Time>2026-01-31T14:11:05.000Z</Time><Position><LatitudeDegrees>48.1929924</LatitudeDegrees><LongitudeDegrees>16.3198114</LongitudeDegrees></Position><AltitudeMeters>210</AltitudeMeters><DistanceMeters>3424.5</DistanceMeters><HeartRateBpm><Value>178</Value></HeartRateBpm><Extensions><TPX xmlns="http://www.garmin.com/xmlschemas/ActivityExtension/v2"><RunCadence>79</RunCadence><Speed>2.890625</Speed><Watts>233</Watts></TPX></Extensions></Trackpoint>
     <Trackpoint><Time>2026-01-31T14:11:06.000Z</Time><Position><LatitudeDegrees>48.1929974</LatitudeDegrees><LongitudeDegrees>16.3198205</LongitudeDegrees></Position><AltitudeMeters>210</AltitudeMeters><DistanceMeters>3426.1</DistanceMeters><HeartRateBpm><Value>178</Value></HeartRateBpm><Extensions><TPX xmlns="http://www.garmin.com/xmlschemas/ActivityExtension/v2"><RunCadence>79</RunCadence><Speed>2.890625</Speed><Watts>233</Watts></TPX></Extensions></Trackpoint>
     <Trackpoint><Time>2026-01-31T14:11:07.000Z</Time><Position><LatitudeDegrees>48.1930020</LatitudeDegrees><LongitudeDegrees>16.3198443</LongitudeDegrees></Position><AltitudeMeters>211</AltitudeMeters><DistanceMeters>3427.6</DistanceMeters><HeartRateBpm><Value>177</Value></HeartRateBpm><Extensions><TPX xmlns="http://www.garmin.com/xmlschemas/ActivityExtension/v2"><RunCadence>80</RunCadence><Speed>2.855469</Speed><Watts>233</Watts></TPX></Extensions></Trackpoint>
     <Trackpoint><Time>2026-01-31T14:11:08.000Z</Time><Position><LatitudeDegrees>48.1930173</LatitudeDegrees><LongitudeDegrees>16.3198588</LongitudeDegrees></Position><AltitudeMeters>211</AltitudeMeters><DistanceMeters>3429.3</DistanceMeters><HeartRateBpm><Value>177</Value></HeartRateBpm><Extensions><TPX xmlns="http://www.garmin.com/xmlschemas/ActivityExtension/v2"><RunCadence>80</RunCadence><Speed>2.855469</Speed><Watts>233</Watts></TPX></Extensions></Trackpoint>
     <Trackpoint><Time>2026-01-31T14:11:09.000Z</Time><Position><LatitudeDegrees>48.1930229</LatitudeDegrees><LongitudeDegrees>16.3198772</LongitudeDegrees></Position><AltitudeMeters>211</AltitudeMeters><DistanceMeters>3430.9</DistanceMeters><HeartRateBpm><Value>177</Value></HeartRateBpm><Extensions><TPX xmlns="http://www.garmin.com/xmlschemas/ActivityExtension/v2"><RunCadence>80</RunCadence><Speed>2.855469</Speed><Watts>233</Watts></TPX></Extensions></Trackpoint>
     <Trackpoint><Time>2026-01-31T14:11:10.000Z</Time><Position><LatitudeDegrees>48.1930338</LatitudeDegrees><LongitudeDegrees>16.3198913</LongitudeDegrees></Position><AltitudeMeters>211</AltitudeMeters><DistanceMeters>3432.6</DistanceMeters><HeartRateBpm><Value>177</Value></HeartRateBpm><Extensions><TPX xmlns="http://www.garmin.com/xmlschemas/ActivityExtension/v2"><RunCadence>80</RunCadence><Speed>2.855469</Speed><Watts>233</Watts></TPX></Extensions></Trackpoint>
     <Trackpoint><Time>2026-01-31T14:11:11.000Z</Time><Position><LatitudeDegrees>48.1930379</LatitudeDegrees><LongitudeDegrees>16.3199157</LongitudeDegrees></Position><AltitudeMeters>211</AltitudeMeters><DistanceMeters>3434.3</DistanceMeters><HeartRateBpm><Value>178</Value></HeartRateBpm><Extensions><TPX xmlns="http://www.garmin.com/xmlschemas/ActivityExtension/v2"><RunCadence>81</RunCadence><Speed>2.855469</Speed><Watts>230</Watts></TPX></Extensions></Trackpoint>
     <Trackpoint><Time>2026-01-31T14:11:12.000Z</Time><Position><LatitudeDegrees>48.1930497</LatitudeDegrees><LongitudeDegrees>16.3199351</LongitudeDegrees></Position><AltitudeMeters>211</AltitudeMeters><DistanceMeters>3436.1</DistanceMeters><HeartRateBpm><Value>178</Value></HeartRateBpm><Extensions><TPX xmlns="http://www.garmin.com/xmlschemas/ActivityExtension/v2"><RunCadence>81</RunCadence><Speed>2.855469</Speed><Watts>230</Watts></TPX></Extensions></Trackpoint>
     <Trackpoint><Time>2026-01-31T14:11:13.000Z</Time><Position><LatitudeDegrees>48.1930578</LatitudeDegrees><LongitudeDegrees>16.3199663</LongitudeDegrees></Position><AltitudeMeters>211</AltitudeMeters><DistanceMeters>3438.0</DistanceMeters><HeartRateBpm><Value>178</Value></HeartRateBpm><Extensions><TPX xmlns="http://www.garmin.com/xmlschemas/ActivityExtension/v2"><RunCadence>81</RunCadence><Speed>2.855469</Speed><Watts>230</Watts></TPX></Extensions></Trackpoint>
    </Track>
   </Lap>
  </Activity>
 </Activities>
</TrainingCenterDatabase>
