<?xml version="1.0" encoding="UTF-8"?>
<TrainingCenterDatabase
	xmlns="http://www.garmin.com/xmlschemas/TrainingCenterDatabase/v2"
	xmlns:xsi="http://www.w3.org/2001/XMLSchema-instance"
	xmlns:ns3="http://www.garmin.com/xmlschemas/ActivityExtension/v2"
	xsi:schemaLocation="http://www.garmin.com/xmlschemas/TrainingCenterDatabase/v2 http://www.garmin.com/xmlschemas/TrainingCenterDatabasev2.xsd">
	<Activities>
		<Activity Sport="Biking">
			<Id>2026-02-22T10:57:40Z</Id>
			<Notes>GOTOES Export | https://gotoes.org</Notes>
			<DistanceMeters>6900</DistanceMeters>
			<Calories>342</Calories>
			<Lap StartTime="2026-02-22T10:57:40Z">
				<TotalTimeSeconds>1341</TotalTimeSeconds>
				<DistanceMeters>6900</DistanceMeters>
				<TriggerMethod>Manual</TriggerMethod>
				<Track>
					<Trackpoint>
						<Time>2026-02-22T10:57:40Z</Time>
						<Position>
							<LatitudeDegrees>46.628474</LatitudeDegrees>
							<LongitudeDegrees>13.883748</LongitudeDegrees>
						</Position>
						<AltitudeMeters>508.1</AltitudeMeters>
						<DistanceMeters>0</DistanceMeters>
						<HeartRateBpm>
							<Value>60</Value>
						</HeartRateBpm>
					</Trackpoint>
					<Trackpoint>
						<Time>2026-02-22T10:57:41Z</Time>
						<Position>
							<LatitudeDegrees>46.628474</LatitudeDegrees>
							<LongitudeDegrees>13.883748</LongitudeDegrees>
						</Position>
						<AltitudeMeters>508.1</AltitudeMeters>
						<DistanceMeters>0</DistanceMeters>
						<HeartRateBpm>
							<Value>60</Value>
						</HeartRateBpm>
					</Trackpoint>
					<Trackpoint>
						<Time>2026-02-22T10:57:42Z</Time>
						<Position>
							<LatitudeDegrees>46.628474</LatitudeDegrees>
							<LongitudeDegrees>13.883748</LongitudeDegrees>
						</Position>
						<AltitudeMeters>508.1</AltitudeMeters>
						<DistanceMeters>0</DistanceMeters>
						<HeartRateBpm>
							<Value>60</Value>
						</HeartRateBpm>
					</Trackpoint>
					<Trackpoint>
						<Time>2026-02-22T10:57:43Z</Time>
						<Position>
							<LatitudeDegrees>46.628474</LatitudeDegrees>
							<LongitudeDegrees>13.883748</LongitudeDegrees>
						</Position>
						<AltitudeMeters>508.1</AltitudeMeters>
						<DistanceMeters>0</DistanceMeters>
						<HeartRateBpm>
							<Value>60</Value>
						</HeartRateBpm>
					</Trackpoint>
					<Trackpoint>
						<Time>2026-02-22T10:57:44Z</Time>
						<Position>
							<LatitudeDegrees>46.628474</LatitudeDegrees>
							<LongitudeDegrees>13.883748</LongitudeDegrees>
						</Position>
						<AltitudeMeters>508.1</AltitudeMeters>
						<DistanceMeters>0</DistanceMeters>
						<HeartRateBpm>
							<Value>87</Value>
						</HeartRateBpm>
					</Trackpoint>
					<Trackpoint>
						<Time>2026-02-22T10:57:45Z</Time>
						<Position>
							<LatitudeDegrees>46.628474</LatitudeDegrees>
							<LongitudeDegrees>13.883748</LongitudeDegrees>
						</Position>
						<AltitudeMeters>508.1</AltitudeMeters>
						<DistanceMeters>0</DistanceMeters>
						<HeartRateBpm>
							<Value>87</Value>
						</HeartRateBpm>
						<Cadence>69</Cadence>
						<Extensions>
							<ns3:TPX>
								<ns3:Speed>0.358</ns3:Speed>
								<ns3:Watts>327</ns3:Watts>
							</ns3:TPX>
						</Extensions>
					</Trackpoint>
					<Trackpoint>
						<Time>2026-02-22T10:57:46Z</Time>
						<Position>
							<LatitudeDegrees>46.628475</LatitudeDegrees>
							<LongitudeDegrees>13.883741</LongitudeDegrees>
						</Position>
						<AltitudeMeters>508.1</AltitudeMeters>
						<DistanceMeters>0.452067</DistanceMeters>
						<HeartRateBpm>
							<Value>87</Value>
						</HeartRateBpm>
						<Cadence>73</Cadence>
						<Extensions>
							<ns3:TPX>
								<ns3:Speed>0.708</ns3:Speed>
								<ns3:Watts>358</ns3:Watts>
							</ns3:TPX>
						</Extensions>
					</Trackpoint>
					<Trackpoint>
						<Time>2026-02-22T10:57:47Z</Time>
						<Position>
							<LatitudeDegrees>46.628477</LatitudeDegrees>
							<LongitudeDegrees>13.883726</LongitudeDegrees>
						</Position>
						<AltitudeMeters>508.1</AltitudeMeters>
						<DistanceMeters>1.255742</DistanceMeters>
						<HeartRateBpm>
							<Value>87</Value>
						</HeartRateBpm>
						<Cadence>72</Cadence>
						<Extensions>
							<ns3:TPX>
								<ns3:Speed>1.059333</ns3:Speed>
								<ns3:Watts>350</ns3:Watts>
							</ns3:TPX>
						</Extensions>
					</Trackpoint>
					<Trackpoint>
						<Time>2026-02-22T10:57:48Z</Time>
						<Position>
							<LatitudeDegrees>46.628483</LatitudeDegrees>
							<LongitudeDegrees>13.883685</LongitudeDegrees>
						</Position>
						<AltitudeMeters>508.1</AltitudeMeters>
						<DistanceMeters>3.06401</DistanceMeters>
						<HeartRateBpm>
							<Value>88</Value>
						</HeartRateBpm>
						<Cadence>71</Cadence>
						<Extensions>
							<ns3:TPX>
								<ns3:Speed>1.49425</ns3:Speed>
								<ns3:Watts>342</ns3:Watts>
							</ns3:TPX>
						</Extensions>
					</Trackpoint>
					<Trackpoint>
						<Time>2026-02-22T10:57:49Z</Time>
						<Position>
							<LatitudeDegrees>46.628489</LatitudeDegrees>
							<LongitudeDegrees>13.883647</LongitudeDegrees>
						</Position>
						<AltitudeMeters>508.1</AltitudeMeters>
						<DistanceMeters>4.721589</DistanceMeters>
						<HeartRateBpm>
							<Value>88</Value>
						</HeartRateBpm>
						<Cadence>69</Cadence>
						<Extensions>
							<ns3:TPX>
								<ns3:Speed>1.8952</ns3:Speed>
								<ns3:Watts>327</ns3:Watts>
							</ns3:TPX>
						</Extensions>
					</Trackpoint>
					<Trackpoint>
						<Time>2026-02-22T10:57:51Z</Time>
						<Position>
							<LatitudeDegrees>46.6285</LatitudeDegrees>
							<LongitudeDegrees>13.883573</LongitudeDegrees>
						</Position>
						<AltitudeMeters>508.1</AltitudeMeters>
						<DistanceMeters>7.936288</DistanceMeters>
						<HeartRateBpm>
							<Value>88</Value>
						</HeartRateBpm>
						<Cadence>65</Cadence>
						<Extensions>
							<ns3:TPX>
								<ns3:Speed>2.339</ns3:Speed>
								<ns3:Watts>297</ns3:Watts>
							</ns3:TPX>
						</Extensions>
					</Trackpoint>
					<Trackpoint>
						<Time>2026-02-22T10:57:52Z</Time>
						<Position>
							<LatitudeDegrees>46.628509</LatitudeDegrees>
							<LongitudeDegrees>13.883513</LongitudeDegrees>
						</Position>
						<AltitudeMeters>508.1</AltitudeMeters>
						<DistanceMeters>10.498002</DistanceMeters>
						<HeartRateBpm>
							<Value>88</Value>
						</HeartRateBpm>
						<Cadence>63</Cadence>
						<Extensions>
							<ns3:TPX>
								<ns3:Speed>2.757286</ns3:Speed>
								<ns3:Watts>282</ns3:Watts>
							</ns3:TPX>
						</Extensions>
					</Trackpoint>
					<Trackpoint>
						<Time>2026-02-22T10:57:53Z</Time>
						<Position>
							<LatitudeDegrees>46.628525</LatitudeDegrees>
							<LongitudeDegrees>13.883404</LongitudeDegrees>
						</Position>
						<AltitudeMeters>508.1</AltitudeMeters>
						<DistanceMeters>14.918213</DistanceMeters>
						<HeartRateBpm>
							<Value>92</Value>
						</HeartRateBpm>
						<Cadence>61</Cadence>
						<Extensions>
							<ns3:TPX>
								<ns3:Speed>3.200125</ns3:Speed>
								<ns3:Watts>267</ns3:Watts>
							</ns3:TPX>
						</Extensions>
					</Trackpoint>
					<Trackpoint>
						<Time>2026-02-22T10:57:55Z</Time>
						<Position>
							<LatitudeDegrees>46.628543</LatitudeDegrees>
							<LongitudeDegrees>13.883278</LongitudeDegrees>
						</Position>
						<AltitudeMeters>508.2</AltitudeMeters>
						<DistanceMeters>20.242558</DistanceMeters>
						<HeartRateBpm>
							<Value>92</Value>
						</HeartRateBpm>
						<Cadence>55</Cadence>
						<Extensions>
							<ns3:TPX>
								<ns3:Speed>3.639111</ns3:Speed>
								<ns3:Watts>210</ns3:Watts>
							</ns3:TPX>
						</Extensions>
					</Trackpoint>
					<Trackpoint>
						<Time>2026-02-22T10:57:56Z</Time>
						<Position>
							<LatitudeDegrees>46.628563</LatitudeDegrees>
							<LongitudeDegrees>13.883144</LongitudeDegrees>
						</Position>
						<AltitudeMeters>508.3</AltitudeMeters>
						<DistanceMeters>25.215296</DistanceMeters>
						<HeartRateBpm>
							<Value>92</Value>
						</HeartRateBpm>
						<Cadence>58</Cadence>
						<Extensions>
							<ns3:TPX>
								<ns3:Speed>3.9161</ns3:Speed>
								<ns3:Watts>213</ns3:Watts>
							</ns3:TPX>
						</Extensions>
					</Trackpoint>
					<Trackpoint>
						<Time>2026-02-22T10:57:57Z</Time>
						<Position>
							<LatitudeDegrees>46.628563</LatitudeDegrees>
							<LongitudeDegrees>13.883144</LongitudeDegrees>
						</Position>
						<AltitudeMeters>508.3</AltitudeMeters>
						<DistanceMeters>25.215296</DistanceMeters>
						<HeartRateBpm>
							<Value>92</Value>
						</HeartRateBpm>
						<Cadence>58</Cadence>
						<Extensions>
							<ns3:TPX>
								<ns3:Speed>4.142727</ns3:Speed>
								<ns3:Watts>213</ns3:Watts>
							</ns3:TPX>
						</Extensions>
					</Trackpoint>
					<Trackpoint>
						<Time>2026-02-22T10:57:58Z</Time>
						<Position>
							<LatitudeDegrees>46.62858</LatitudeDegrees>
							<LongitudeDegrees>13.883027</LongitudeDegrees>
						</Position>
						<AltitudeMeters>508.4</AltitudeMeters>
						<DistanceMeters>29.685737</DistanceMeters>
						<HeartRateBpm>
							<Value>92</Value>
						</HeartRateBpm>
						<Cadence>60</Cadence>
						<Extensions>
							<ns3:TPX>
								<ns3:Speed>4.268417</ns3:Speed>
								<ns3:Watts>192</ns3:Watts>
							</ns3:TPX>
						</Extensions>
					</Trackpoint>
					<Trackpoint>
						<Time>2026-02-22T10:57:59Z</Time>
						<Position>
							<LatitudeDegrees>46.628593</LatitudeDegrees>
							<LongitudeDegrees>13.882921</LongitudeDegrees>
						</Position>
						<AltitudeMeters>508.5</AltitudeMeters>
						<DistanceMeters>33.503192</DistanceMeters>
						<HeartRateBpm>
							<Value>90</Value>
						</HeartRateBpm>
						<Cadence>60</Cadence>
						<Extensions>
							<ns3:TPX>
								<ns3:Speed>4.318077</ns3:Speed>
								<ns3:Watts>178</ns3:Watts>
							</ns3:TPX>
						</Extensions>
					</Trackpoint>
					<Trackpoint>
						<Time>2026-02-22T10:58:00Z</Time>
						<Position>
							<LatitudeDegrees>46.628593</LatitudeDegrees>
							<LongitudeDegrees>13.882921</LongitudeDegrees>
						</Position>
						<AltitudeMeters>508.5</AltitudeMeters>
						<DistanceMeters>41.791088</DistanceMeters>
						<HeartRateBpm>
							<Value>90</Value>
						</HeartRateBpm>
						<Cadence>60</Cadence>
						<Extensions>
							<ns3:TPX>
								<ns3:Speed>4.360643</ns3:Speed>
								<ns3:Watts>178</ns3:Watts>
							</ns3:TPX>
						</Extensions>
					</Trackpoint>
					<Trackpoint>
						<Time>2026-02-22T10:58:01Z</Time>
						<Position>
							<LatitudeDegrees>46.628603</LatitudeDegrees>
							<LongitudeDegrees>13.882831</LongitudeDegrees>
						</Position>
						<AltitudeMeters>508.6</AltitudeMeters>
						<DistanceMeters>45.256936</DistanceMeters>
						<HeartRateBpm>
							<Value>90</Value>
						</HeartRateBpm>
						<Cadence>66</Cadence>
						<Extensions>
							<ns3:TPX>
								<ns3:Speed>4.371333</ns3:Speed>
								<ns3:Watts>177</ns3:Watts>
							</ns3:TPX>
						</Extensions>
					</Trackpoint>
					<Trackpoint>
						<Time>2026-02-22T10:58:02Z</Time>
						<Position>
							<LatitudeDegrees>46.628612</LatitudeDegrees>
							<LongitudeDegrees>13.88274</LongitudeDegrees>
						</Position>
						<AltitudeMeters>508.7</AltitudeMeters>
						<DistanceMeters>48.873472</DistanceMeters>
						<HeartRateBpm>
							<Value>90</Value>
						</HeartRateBpm>
						<Cadence>66</Cadence>
						<Extensions>
							<ns3:TPX>
								<ns3:Speed>4.681533</ns3:Speed>
								<ns3:Watts>159</ns3:Watts>
							</ns3:TPX>
						</Extensions>
					</Trackpoint>
					<Trackpoint>
						<Time>2026-02-22T10:58:03Z</Time>
						<Position>
							<LatitudeDegrees>46.628612</LatitudeDegrees>
							<LongitudeDegrees>13.88274</LongitudeDegrees>
						</Position>
						<AltitudeMeters>508.7</AltitudeMeters>
						<DistanceMeters>55.955856</DistanceMeters>
						<HeartRateBpm>
							<Value>91</Value>
						</HeartRateBpm>
						<Cadence>66</Cadence>
						<Extensions>
							<ns3:TPX>
								<ns3:Speed>4.945067</ns3:Speed>
								<ns3:Watts>159</ns3:Watts>
							</ns3:TPX>
						</Extensions>
					</Trackpoint>
					<Trackpoint>
						<Time>2026-02-22T10:58:04Z</Time>
						<Position>
							<LatitudeDegrees>46.628622</LatitudeDegrees>
							<LongitudeDegrees>13.88264</LongitudeDegrees>
						</Position>
						<AltitudeMeters>508.8</AltitudeMeters>
						<DistanceMeters>60.02446</DistanceMeters>
						<HeartRateBpm>
							<Value>91</Value>
						</HeartRateBpm>
						<Cadence>68</Cadence>
						<Extensions>
							<ns3:TPX>
								<ns3:Speed>5.194933</ns3:Speed>
								<ns3:Watts>160</ns3:Watts>
							</ns3:TPX>
						</Extensions>
					</Trackpoint>
					<Trackpoint>
						<Time>2026-02-22T10:58:05Z</Time>
						<Position>
							<LatitudeDegrees>46.628622</LatitudeDegrees>
							<LongitudeDegrees>13.882534</LongitudeDegrees>
						</Position>
						<AltitudeMeters>508.9</AltitudeMeters>
						<DistanceMeters>64.344212</DistanceMeters>
						<HeartRateBpm>
							<Value>91</Value>
						</HeartRateBpm>
						<Cadence>71</Cadence>
						<Extensions>
							<ns3:TPX>
								<ns3:Speed>5.407933</ns3:Speed>
								<ns3:Watts>171</ns3:Watts>
							</ns3:TPX>
						</Extensions>
					</Trackpoint>
					<Trackpoint>
						<Time>2026-02-22T10:58:06Z</Time>
						<Position>
							<LatitudeDegrees>46.628587</LatitudeDegrees>
							<LongitudeDegrees>13.882473</LongitudeDegrees>
						</Position>
						<AltitudeMeters>509</AltitudeMeters>
						<DistanceMeters>67.408222</DistanceMeters>
						<HeartRateBpm>
							<Value>91</Value>
						</HeartRateBpm>
						<Cadence>72</Cadence>
						<Extensions>
							<ns3:TPX>
								<ns3:Speed>5.5816</ns3:Speed>
								<ns3:Watts>166</ns3:Watts>
							</ns3:TPX>
						</Extensions>
					</Trackpoint>
					<Trackpoint>
						<Time>2026-02-22T10:58:07Z</Time>
						<Position>
							<LatitudeDegrees>46.628542</LatitudeDegrees>
							<LongitudeDegrees>13.882426</LongitudeDegrees>
						</Position>
						<AltitudeMeters>509.2</AltitudeMeters>
						<DistanceMeters>70.572691</DistanceMeters>
						<HeartRateBpm>
							<Value>91</Value>
						</HeartRateBpm>
						<Cadence>74</Cadence>
						<Extensions>
							<ns3:TPX>
								<ns3:Speed>5.690133</ns3:Speed>
								<ns3:Watts>173</ns3:Watts>
							</ns3:TPX>
						</Extensions>
					</Trackpoint>
					<Trackpoint>
						<Time>2026-02-22T10:58:08Z</Time>
						<Position>
							<LatitudeDegrees>46.628542</LatitudeDegrees>
							<LongitudeDegrees>13.882426</LongitudeDegrees>
						</Position>
						<AltitudeMeters>509.2</AltitudeMeters>
						<DistanceMeters>85.189526</DistanceMeters>
						<HeartRateBpm>
							<Value>92</Value>
						</HeartRateBpm>
						<Cadence>74</Cadence>
						<Extensions>
							<ns3:TPX>
								<ns3:Speed>5.7514</ns3:Speed>
								<ns3:Watts>173</ns3:Watts>
							</ns3:TPX>
						</Extensions>
					</Trackpoint>
					<Trackpoint>
						<Time>2026-02-22T10:58:09Z</Time>
						<Position>
							<LatitudeDegrees>46.628521</LatitudeDegrees>
							<LongitudeDegrees>13.882324</LongitudeDegrees>
						</Position>
						<AltitudeMeters>509.3</AltitudeMeters>
						<DistanceMeters>89.860886</DistanceMeters>
						<HeartRateBpm>
							<Value>92</Value>
						</HeartRateBpm>
						<Cadence>75</Cadence>
						<Extensions>
							<ns3:TPX>
								<ns3:Speed>5.743933</ns3:Speed>
								<ns3:Watts>167</ns3:Watts>
							</ns3:TPX>
						</Extensions>
					</Trackpoint>
					<Trackpoint>
						<Time>2026-02-22T10:58:10Z</Time>
						<Position>
							<LatitudeDegrees>46.628527</LatitudeDegrees>
							<LongitudeDegrees>13.882202</LongitudeDegrees>
						</Position>
						<AltitudeMeters>509.4</AltitudeMeters>
						<DistanceMeters>94.532245</DistanceMeters>
						<HeartRateBpm>
							<Value>92</Value>
						</HeartRateBpm>
						<Cadence>76</Cadence>
						<Extensions>
							<ns3:TPX>
								<ns3:Speed>5.688667</ns3:Speed>
								<ns3:Watts>170</ns3:Watts>
							</ns3:TPX>
						</Extensions>
					</Trackpoint>
					<Trackpoint>
						<Time>2026-02-22T10:58:11Z</Time>
						<Position>
							<LatitudeDegrees>46.628527</LatitudeDegrees>
							<LongitudeDegrees>13.882202</LongitudeDegrees>
						</Position>
						<AltitudeMeters>509.4</AltitudeMeters>
						<DistanceMeters>103.874965</DistanceMeters>
						<HeartRateBpm>
							<Value>92</Value>
						</HeartRateBpm>
						<Cadence>76</Cadence>
						<Extensions>
							<ns3:TPX>
								<ns3:Speed>5.682867</ns3:Speed>
								<ns3:Watts>170</ns3:Watts>
							</ns3:TPX>
						</Extensions>
					</Trackpoint>
					<Trackpoint>
						<Time>2026-02-22T10:58:12Z</Time>
						<Position>
							<LatitudeDegrees>46.628534</LatitudeDegrees>
							<LongitudeDegrees>13.882077</LongitudeDegrees>
						</Position>
						<AltitudeMeters>509.5</AltitudeMeters>
						<DistanceMeters>108.747243</DistanceMeters>
						<HeartRateBpm>
							<Value>92</Value>
						</HeartRateBpm>
						<Cadence>77</Cadence>
						<Extensions>
							<ns3:TPX>
								<ns3:Speed>5.689067</ns3:Speed>
								<ns3:Watts>164</ns3:Watts>
							</ns3:TPX>
						</Extensions>
					</Trackpoint>
					<Trackpoint>
						<Time>2026-02-22T10:58:13Z</Time>
						<Position>
							<LatitudeDegrees>46.628538</LatitudeDegrees>
							<LongitudeDegrees>13.881992</LongitudeDegrees>
						</Position>
						<AltitudeMeters>509.6</AltitudeMeters>
						<DistanceMeters>112.062401</DistanceMeters>
						<HeartRateBpm>
							<Value>94</Value>
						</HeartRateBpm>
						<Cadence>75</Cadence>
						<Extensions>
							<ns3:TPX>
								<ns3:Speed>5.748867</ns3:Speed>
								<ns3:Watts>158</ns3:Watts>
							</ns3:TPX>
						</Extensions>
					</Trackpoint>
					<Trackpoint>
						<Time>2026-02-22T10:58:14Z</Time>
						<Position>
							<LatitudeDegrees>46.628542</LatitudeDegrees>
							<LongitudeDegrees>13.881906</LongitudeDegrees>
						</Position>
						<AltitudeMeters>509.6</AltitudeMeters>
						<DistanceMeters>115.37756</DistanceMeters>
						<HeartRateBpm>
							<Value>94</Value>
						</HeartRateBpm>
						<Cadence>74</Cadence>
						<Extensions>
							<ns3:TPX>
								<ns3:Speed>5.8598</ns3:Speed>
								<ns3:Watts>154</ns3:Watts>
							</ns3:TPX>
						</Extensions>
					</Trackpoint>
					<Trackpoint>
						<Time>2026-02-22T10:58:15Z</Time>
						<Position>
							<LatitudeDegrees>46.628549</LatitudeDegrees>
							<LongitudeDegrees>13.881776</LongitudeDegrees>
						</Position>
						<AltitudeMeters>509.6</AltitudeMeters>
						<DistanceMeters>120.350297</DistanceMeters>
						<HeartRateBpm>
							<Value>94</Value>
						</HeartRateBpm>
						<Cadence>74</Cadence>
						<Extensions>
							<ns3:TPX>
								<ns3:Speed>5.975133</ns3:Speed>
								<ns3:Watts>154</ns3:Watts>
							</ns3:TPX>
						</Extensions>
					</Trackpoint>
					<Trackpoint>
						<Time>2026-02-22T10:58:16Z</Time>
						<Position>
							<LatitudeDegrees>46.628549</LatitudeDegrees>
							<LongitudeDegrees>13.881776</LongitudeDegrees>
						</Position>
						<AltitudeMeters>509.6</AltitudeMeters>
						<DistanceMeters>136.82563</DistanceMeters>
						<HeartRateBpm>
							<Value>94</Value>
						</HeartRateBpm>
						<Cadence>74</Cadence>
						<Extensions>
							<ns3:TPX>
								<ns3:Speed>6.116667</ns3:Speed>
								<ns3:Watts>154</ns3:Watts>
							</ns3:TPX>
						</Extensions>
					</Trackpoint>
					<Trackpoint>
						<Time>2026-02-22T10:58:17Z</Time>
						<Position>
							<LatitudeDegrees>46.628555</LatitudeDegrees>
							<LongitudeDegrees>13.881646</LongitudeDegrees>
						</Position>
						<AltitudeMeters>509.7</AltitudeMeters>
						<DistanceMeters>141.848598</DistanceMeters>
						<HeartRateBpm>
							<Value>94</Value>
						</HeartRateBpm>
						<Cadence>74</Cadence>
						<Extensions>
							<ns3:TPX>
								<ns3:Speed>6.2308</ns3:Speed>
								<ns3:Watts>154</ns3:Watts>
							</ns3:TPX>
						</Extensions>
					</Trackpoint>
					<Trackpoint>
						<Time>2026-02-22T10:58:18Z</Time>
						<Position>
							<LatitudeDegrees>46.628559</LatitudeDegrees>
							<LongitudeDegrees>13.881558</LongitudeDegrees>
						</Position>
						<AltitudeMeters>509.7</AltitudeMeters>
						<DistanceMeters>145.264215</DistanceMeters>
						<HeartRateBpm>
							<Value>94</Value>
						</HeartRateBpm>
						<Cadence>73</Cadence>
						<Extensions>
							<ns3:TPX>
								<ns3:Speed>6.346133</ns3:Speed>
								<ns3:Watts>151</ns3:Watts>
							</ns3:TPX>
						</Extensions>
					</Trackpoint>
					<Trackpoint>
						<Time>2026-02-22T10:58:19Z</Time>
						<Position>
							<LatitudeDegrees>46.628566</LatitudeDegrees>
							<LongitudeDegrees>13.881426</LongitudeDegrees>
						</Position>
						<AltitudeMeters>509.8</AltitudeMeters>
						<DistanceMeters>150.337412</DistanceMeters>
						<HeartRateBpm>
							<Value>101</Value>
						</HeartRateBpm>
						<Cadence>73</Cadence>
						<Extensions>
							<ns3:TPX>
								<ns3:Speed>6.426333</ns3:Speed>
								<ns3:Watts>151</ns3:Watts>
							</ns3:TPX>
						</Extensions>
					</Trackpoint>
					<Trackpoint>
						<Time>2026-02-22T10:58:20Z</Time>
						<Position>
							<LatitudeDegrees>46.628566</LatitudeDegrees>
							<LongitudeDegrees>13.881426</LongitudeDegrees>
						</Position>
						<AltitudeMeters>509.8</AltitudeMeters>
						<DistanceMeters>163.849195</DistanceMeters>
						<HeartRateBpm>
							<Value>101</Value>
						</HeartRateBpm>
						<Cadence>73</Cadence>
						<Extensions>
							<ns3:TPX>
								<ns3:Speed>6.474267</ns3:Speed>
								<ns3:Watts>151</ns3:Watts>
							</ns3:TPX>
						</Extensions>
					</Trackpoint>
					<Trackpoint>
						<Time>2026-02-22T10:58:21Z</Time>
						<Position>
							<LatitudeDegrees>46.628572</LatitudeDegrees>
							<LongitudeDegrees>13.881296</LongitudeDegrees>
						</Position>
						<AltitudeMeters>510</AltitudeMeters>
						<DistanceMeters>168.821932</DistanceMeters>
						<HeartRateBpm>
							<Value>101</Value>
						</HeartRateBpm>
						<Cadence>73</Cadence>
						<Extensions>
							<ns3:TPX>
								<ns3:Speed>6.511267</ns3:Speed>
								<ns3:Watts>160</ns3:Watts>
							</ns3:TPX>
						</Extensions>
					</Trackpoint>
					<Trackpoint>
						<Time>2026-02-22T10:58:22Z</Time>
						<Position>
							<LatitudeDegrees>46.628579</LatitudeDegrees>
							<LongitudeDegrees>13.881165</LongitudeDegrees>
						</Position>
						<AltitudeMeters>510.1</AltitudeMeters>
						<DistanceMeters>173.895129</DistanceMeters>
						<HeartRateBpm>
							<Value>101</Value>
						</HeartRateBpm>
						<Cadence>76</Cadence>
						<Extensions>
							<ns3:TPX>
								<ns3:Speed>6.547467</ns3:Speed>
								<ns3:Watts>170</ns3:Watts>
							</ns3:TPX>
						</Extensions>
					</Trackpoint>
					<Trackpoint>
						<Time>2026-02-22T10:58:23Z</Time>
						<Position>
							<LatitudeDegrees>46.628583</LatitudeDegrees>
							<LongitudeDegrees>13.881077</LongitudeDegrees>
						</Position>
						<AltitudeMeters>510.2</AltitudeMeters>
						<DistanceMeters>177.260517</DistanceMeters>
						<HeartRateBpm>
							<Value>101</Value>
						</HeartRateBpm>
						<Cadence>76</Cadence>
						<Extensions>
							<ns3:TPX>
								<ns3:Speed>6.583733</ns3:Speed>
								<ns3:Watts>170</ns3:Watts>
							</ns3:TPX>
						</Extensions>
					</Trackpoint>
					<Trackpoint>
						<Time>2026-02-22T10:58:24Z</Time>
						<Position>
							<LatitudeDegrees>46.628583</LatitudeDegrees>
							<LongitudeDegrees>13.881077</LongitudeDegrees>
						</Position>
						<AltitudeMeters>510.2</AltitudeMeters>
						<DistanceMeters>190.67184</DistanceMeters>
						<HeartRateBpm>
							<Value>106</Value>
						</HeartRateBpm>
						<Cadence>76</Cadence>
						<Extensions>
							<ns3:TPX>
								<ns3:Speed>6.619867</ns3:Speed>
								<ns3:Watts>170</ns3:Watts>
							</ns3:TPX>
						</Extensions>
					</Trackpoint>
					<Trackpoint>
						<Time>2026-02-22T10:58:25Z</Time>
						<Position>
							<LatitudeDegrees>46.628589</LatitudeDegrees>
							<LongitudeDegrees>13.880946</LongitudeDegrees>
						</Position>
						<AltitudeMeters>510.4</AltitudeMeters>
						<DistanceMeters>195.644578</DistanceMeters>
						<HeartRateBpm>
							<Value>106</Value>
						</HeartRateBpm>
						<Cadence>72</Cadence>
						<Extensions>
							<ns3:TPX>
								<ns3:Speed>6.6318</ns3:Speed>
								<ns3:Watts>148</ns3:Watts>
							</ns3:TPX>
						</Extensions>
					</Trackpoint>
					<Trackpoint>
						<Time>2026-02-22T10:58:26Z</Time>
						<Position>
							<LatitudeDegrees>46.628593</LatitudeDegrees>
							<LongitudeDegrees>13.880862</LongitudeDegrees>
						</Position>
						<AltitudeMeters>510.6</AltitudeMeters>
						<DistanceMeters>198.859277</DistanceMeters>
						<HeartRateBpm>
							<Value>106</Value>
						</HeartRateBpm>
						<Cadence>73</Cadence>
						<Extensions>
							<ns3:TPX>
								<ns3:Speed>6.6346</ns3:Speed>
								<ns3:Watts>151</ns3:Watts>
							</ns3:TPX>
						</Extensions>
					</Trackpoint>
					<Trackpoint>
						<Time>2026-02-22T10:58:27Z</Time>
						<Position>
							<LatitudeDegrees>46.628598</LatitudeDegrees>
							<LongitudeDegrees>13.880738</LongitudeDegrees>
						</Position>
						<AltitudeMeters>510.7</AltitudeMeters>
						<DistanceMeters>203.580866</DistanceMeters>
						<HeartRateBpm>
							<Value>106</Value>
						</HeartRateBpm>
						<Cadence>74</Cadence>
						<Extensions>
							<ns3:TPX>
								<ns3:Speed>6.6178</ns3:Speed>
								<ns3:Watts>144</ns3:Watts>
							</ns3:TPX>
						</Extensions>
					</Trackpoint>
					<Trackpoint>
						<Time>2026-02-22T10:58:28Z</Time>
						<Position>
							<LatitudeDegrees>46.62855</LatitudeDegrees>
							<LongitudeDegrees>13.880716</LongitudeDegrees>
						</Position>
						<AltitudeMeters>510.8</AltitudeMeters>
						<DistanceMeters>206.695106</DistanceMeters>
						<HeartRateBpm>
							<Value>104</Value>
						</HeartRateBpm>
						<Cadence>74</Cadence>
						<Extensions>
							<ns3:TPX>
								<ns3:Speed>6.590467</ns3:Speed>
								<ns3:Watts>132</ns3:Watts>
							</ns3:TPX>
						</Extensions>
					</Trackpoint>
					<Trackpoint>
						<Time>2026-02-22T10:58:30Z</Time>
						<Position>
							<LatitudeDegrees>46.628468</LatitudeDegrees>
							<LongitudeDegrees>13.880696</LongitudeDegrees>
						</Position>
						<AltitudeMeters>510.8</AltitudeMeters>
						<DistanceMeters>211.316236</DistanceMeters>
						<HeartRateBpm>
							<Value>104</Value>
						</HeartRateBpm>
						<Cadence>78</Cadence>
						<Extensions>
							<ns3:TPX>
								<ns3:Speed>6.5654</ns3:Speed>
								<ns3:Watts>134</ns3:Watts>
							</ns3:TPX>
						</Extensions>
					</Trackpoint>
					<Trackpoint>
						<Time>2026-02-22T10:58:31Z</Time>
						<Position>
							<LatitudeDegrees>46.628413</LatitudeDegrees>
							<LongitudeDegrees>13.880683</LongitudeDegrees>
						</Position>
						<AltitudeMeters>510.8</AltitudeMeters>
						<DistanceMeters>214.480705</DistanceMeters>
						<HeartRateBpm>
							<Value>104</Value>
						</HeartRateBpm>
						<Cadence>78</Cadence>
						<Extensions>
							<ns3:TPX>
								<ns3:Speed>6.545333</ns3:Speed>
								<ns3:Watts>122</ns3:Watts>
							</ns3:TPX>
						</Extensions>
					</Trackpoint>
					<Trackpoint>
						<Time>2026-02-22T10:58:32Z</Time>
						<Position>
							<LatitudeDegrees>46.628356</LatitudeDegrees>
							<LongitudeDegrees>13.880671</LongitudeDegrees>
						</Position>
						<AltitudeMeters>510.7</AltitudeMeters>
						<DistanceMeters>217.745634</DistanceMeters>
						<HeartRateBpm>
							<Value>104</Value>
						</HeartRateBpm>
						<Cadence>77</Cadence>
						<Extensions>
							<ns3:TPX>
								<ns3:Speed>6.5324</ns3:Speed>
								<ns3:Watts>108</ns3:Watts>
							</ns3:TPX>
						</Extensions>
					</Trackpoint>
					<Trackpoint>
						<Time>2026-02-22T10:58:33Z</Time>
						<Position>
							<LatitudeDegrees>46.628269</LatitudeDegrees>
							<LongitudeDegrees>13.880655</LongitudeDegrees>
						</Position>
						<AltitudeMeters>510.6</AltitudeMeters>
						<DistanceMeters>222.668142</DistanceMeters>
						<HeartRateBpm>
							<Value>98</Value>
						</HeartRateBpm>
						<Cadence>80</Cadence>
						<Extensions>
							<ns3:TPX>
								<ns3:Speed>6.529733</ns3:Speed>
								<ns3:Watts>100</ns3:Watts>
							</ns3:TPX>
						</Extensions>
					</Trackpoint>
					<Trackpoint>
						<Time>2026-02-22T10:58:35Z</Time>
						<Position>
							<LatitudeDegrees>46.628177</LatitudeDegrees>
							<LongitudeDegrees>13.880645</LongitudeDegrees>
						</Position>
						<AltitudeMeters>510.5</AltitudeMeters>
						<DistanceMeters>227.992487</DistanceMeters>
						<HeartRateBpm>
							<Value>98</Value>
						</HeartRateBpm>
						<Cadence>81</Cadence>
						<Extensions>
							<ns3:TPX>
								<ns3:Speed>6.553667</ns3:Speed>
								<ns3:Watts>91</ns3:Watts>
							</ns3:TPX>
						</Extensions>
					</Trackpoint>
					<Trackpoint>
						<Time>2026-02-22T10:58:36Z</Time>
						<Position>
							<LatitudeDegrees>46.628079</LatitudeDegrees>
							<LongitudeDegrees>13.880634</LongitudeDegrees>
						</Position>
						<AltitudeMeters>510.3</AltitudeMeters>
						<DistanceMeters>233.517751</DistanceMeters>
						<HeartRateBpm>
							<Value>98</Value>
						</HeartRateBpm>
						<Cadence>83</Cadence>
						<Extensions>
							<ns3:TPX>
								<ns3:Speed>6.6108</ns3:Speed>
								<ns3:Watts>96</ns3:Watts>
							</ns3:TPX>
						</Extensions>
					</Trackpoint>
					<Trackpoint>
						<Time>2026-02-22T10:58:37Z</Time>
						<Position>
							<LatitudeDegrees>46.628079</LatitudeDegrees>
							<LongitudeDegrees>13.880634</LongitudeDegrees>
						</Position>
						<AltitudeMeters>510.3</AltitudeMeters>
						<DistanceMeters>276.363663</DistanceMeters>
						<HeartRateBpm>
							<Value>98</Value>
						</HeartRateBpm>
						<Cadence>83</Cadence>
						<Extensions>
							<ns3:TPX>
								<ns3:Speed>6.667933</ns3:Speed>
								<ns3:Watts>96</ns3:Watts>
							</ns3:TPX>
						</Extensions>
					</Trackpoint>
					<Trackpoint>
						<Time>2026-02-22T10:58:38Z</Time>
						<Position>
							<LatitudeDegrees>46.627975</LatitudeDegrees>
							<LongitudeDegrees>13.880632</LongitudeDegrees>
						</Position>
						<AltitudeMeters>510.1</AltitudeMeters>
						<DistanceMeters>282.290764</DistanceMeters>
						<HeartRateBpm>
							<Value>98</Value>
						</HeartRateBpm>
						<Cadence>80</Cadence>
						<Extensions>
							<ns3:TPX>
								<ns3:Speed>6.756</ns3:Speed>
								<ns3:Watts>80</ns3:Watts>
							</ns3:TPX>
						</Extensions>
					</Trackpoint>
					<Trackpoint>
						<Time>2026-02-22T10:58:39Z</Time>
						<Position>
							<LatitudeDegrees>46.627903</LatitudeDegrees>
							<LongitudeDegrees>13.880641</LongitudeDegrees>
						</Position>
						<AltitudeMeters>509.9</AltitudeMeters>
						<DistanceMeters>286.359368</DistanceMeters>
						<HeartRateBpm>
							<Value>103</Value>
						</HeartRateBpm>
						<Cadence>80</Cadence>
						<Extensions>
							<ns3:TPX>
								<ns3:Speed>6.845333</ns3:Speed>
								<ns3:Watts>80</ns3:Watts>
							</ns3:TPX>
						</Extensions>
					</Trackpoint>
					<Trackpoint>
						<Time>2026-02-22T10:58:40Z</Time>
						<Position>
							<LatitudeDegrees>46.627807</LatitudeDegrees>
							<LongitudeDegrees>13.880582</LongitudeDegrees>
						</Position>
						<AltitudeMeters>509.8</AltitudeMeters>
						<DistanceMeters>292.487388</DistanceMeters>
						<HeartRateBpm>
							<Value>103</Value>
						</HeartRateBpm>
						<Cadence>81</Cadence>
						<Extensions>
							<ns3:TPX>
								<ns3:Speed>6.941067</ns3:Speed>
								<ns3:Watts>91</ns3:Watts>
							</ns3:TPX>
						</Extensions>
					</Trackpoint>
					<Trackpoint>
						<Time>2026-02-22T10:58:42Z</Time>
						<Position>
							<LatitudeDegrees>46.627763</LatitudeDegrees>
							<LongitudeDegrees>13.880456</LongitudeDegrees>
						</Position>
						<AltitudeMeters>509.9</AltitudeMeters>
						<DistanceMeters>298.615408</DistanceMeters>
						<HeartRateBpm>
							<Value>103</Value>
						</HeartRateBpm>
						<Cadence>85</Cadence>
						<Extensions>
							<ns3:TPX>
								<ns3:Speed>7.040133</ns3:Speed>
								<ns3:Watts>129</ns3:Watts>
							</ns3:TPX>
						</Extensions>
					</Trackpoint>
					<Trackpoint>
						<Time>2026-02-22T10:58:43Z</Time>
						<Position>
							<LatitudeDegrees>46.627768</LatitudeDegrees>
							<LongitudeDegrees>13.880349</LongitudeDegrees>
						</Position>
						<AltitudeMeters>510</AltitudeMeters>
						<DistanceMeters>302.784471</DistanceMeters>
						<HeartRateBpm>
							<Value>103</Value>
						</HeartRateBpm>
						<Cadence>83</Cadence>
						<Extensions>
							<ns3:TPX>
								<ns3:Speed>7.149867</ns3:Speed>
								<ns3:Watts>137</ns3:Watts>
							</ns3:TPX>
						</Extensions>
					</Trackpoint>
					<Trackpoint>
						<Time>2026-02-22T10:58:44Z</Time>
						<Position>
							<LatitudeDegrees>46.627786</LatitudeDegrees>
							<LongitudeDegrees>13.880193</LongitudeDegrees>
						</Position>
						<AltitudeMeters>510.1</AltitudeMeters>
						<DistanceMeters>308.711572</DistanceMeters>
						<HeartRateBpm>
							<Value>103</Value>
						</HeartRateBpm>
						<Cadence>81</Cadence>
						<Extensions>
							<ns3:TPX>
								<ns3:Speed>7.244133</ns3:Speed>
								<ns3:Watts>131</ns3:Watts>
							</ns3:TPX>
						</Extensions>
					</Trackpoint>
					<Trackpoint>
						<Time>2026-02-22T10:58:45Z</Time>
						<Position>
							<LatitudeDegrees>46.627786</LatitudeDegrees>
							<LongitudeDegrees>13.880193</LongitudeDegrees>
						</Position>
						<AltitudeMeters>510.1</AltitudeMeters>
						<DistanceMeters>341.059482</DistanceMeters>
						<HeartRateBpm>
							<Value>101</Value>
						</HeartRateBpm>
						<Cadence>81</Cadence>
						<Extensions>
							<ns3:TPX>
								<ns3:Speed>7.346</ns3:Speed>
								<ns3:Watts>131</ns3:Watts>
							</ns3:TPX>
						</Extensions>
					</Trackpoint>
					<Trackpoint>
						<Time>2026-02-22T10:58:46Z</Time>
						<Position>
							<LatitudeDegrees>46.627811</LatitudeDegrees>
							<LongitudeDegrees>13.880047</LongitudeDegrees>
						</Position>
						<AltitudeMeters>510.3</AltitudeMeters>
						<DistanceMeters>346.685206</DistanceMeters>
						<HeartRateBpm>
							<Value>101</Value>
						</HeartRateBpm>
						<Cadence>77</Cadence>
						<Extensions>
							<ns3:TPX>
								<ns3:Speed>7.427</ns3:Speed>
								<ns3:Watts>131</ns3:Watts>
							</ns3:TPX>
						</Extensions>
					</Trackpoint>
					<Trackpoint>
						<Time>2026-02-22T10:58:47Z</Time>
						<Position>
							<LatitudeDegrees>46.62783</LatitudeDegrees>
							<LongitudeDegrees>13.879956</LongitudeDegrees>
						</Position>
						<AltitudeMeters>510.3</AltitudeMeters>
						<DistanceMeters>350.301742</DistanceMeters>
						<HeartRateBpm>
							<Value>101</Value>
						</HeartRateBpm>
						<Cadence>80</Cadence>
						<Extensions>
							<ns3:TPX>
								<ns3:Speed>7.490133</ns3:Speed>
								<ns3:Watts>140</ns3:Watts>
							</ns3:TPX>
						</Extensions>
					</Trackpoint>
					<Trackpoint>
						<Time>2026-02-22T10:58:48Z</Time>
						<Position>
							<LatitudeDegrees>46.627859</LatitudeDegrees>
							<LongitudeDegrees>13.879823</LongitudeDegrees>
						</Position>
						<AltitudeMeters>510.4</AltitudeMeters>
						<DistanceMeters>355.626087</DistanceMeters>
						<HeartRateBpm>
							<Value>101</Value>
						</HeartRateBpm>
						<Cadence>81</Cadence>
						<Extensions>
							<ns3:TPX>
								<ns3:Speed>7.5354</ns3:Speed>
								<ns3:Watts>143</ns3:Watts>
							</ns3:TPX>
						</Extensions>
					</Trackpoint>
					<Trackpoint>
						<Time>2026-02-22T10:58:50Z</Time>
						<Position>
							<LatitudeDegrees>46.627889</LatitudeDegrees>
							<LongitudeDegrees>13.879695</LongitudeDegrees>
						</Position>
						<AltitudeMeters>510.4</AltitudeMeters>
						<DistanceMeters>360.749514</DistanceMeters>
						<HeartRateBpm>
							<Value>98</Value>
						</HeartRateBpm>
						<Cadence>79</Cadence>
						<Extensions>
							<ns3:TPX>
								<ns3:Speed>7.5568</ns3:Speed>
								<ns3:Watts>125</ns3:Watts>
							</ns3:TPX>
						</Extensions>
					</Trackpoint>
					<Trackpoint>
						<Time>2026-02-22T10:58:51Z</Time>
						<Position>
							<LatitudeDegrees>46.627918</LatitudeDegrees>
							<LongitudeDegrees>13.879569</LongitudeDegrees>
						</Position>
						<AltitudeMeters>510.5</AltitudeMeters>
						<DistanceMeters>365.822711</DistanceMeters>
						<HeartRateBpm>
							<Value>98</Value>
						</HeartRateBpm>
						<Cadence>81</Cadence>
						<Extensions>
							<ns3:TPX>
								<ns3:Speed>7.558467</ns3:Speed>
								<ns3:Watts>117</ns3:Watts>
							</ns3:TPX>
						</Extensions>
					</Trackpoint>
					<Trackpoint>
						<Time>2026-02-22T10:58:52Z</Time>
						<Position>
							<LatitudeDegrees>46.627918</LatitudeDegrees>
							<LongitudeDegrees>13.879569</LongitudeDegrees>
						</Position>
						<AltitudeMeters>510.5</AltitudeMeters>
						<DistanceMeters>390.58594</DistanceMeters>
						<HeartRateBpm>
							<Value>98</Value>
						</HeartRateBpm>
						<Cadence>81</Cadence>
						<Extensions>
							<ns3:TPX>
								<ns3:Speed>7.532333</ns3:Speed>
								<ns3:Watts>117</ns3:Watts>
							</ns3:TPX>
						</Extensions>
					</Trackpoint>
					<Trackpoint>
						<Time>2026-02-22T10:58:53Z</Time>
						<Position>
							<LatitudeDegrees>46.627946</LatitudeDegrees>
							<LongitudeDegrees>13.879445</LongitudeDegrees>
						</Position>
						<AltitudeMeters>510.5</AltitudeMeters>
						<DistanceMeters>395.608907</DistanceMeters>
						<HeartRateBpm>
							<Value>98</Value>
						</HeartRateBpm>
						<Cadence>80</Cadence>
						<Extensions>
							<ns3:TPX>
								<ns3:Speed>7.468933</ns3:Speed>
								<ns3:Watts>89</ns3:Watts>
							</ns3:TPX>
						</Extensions>
					</Trackpoint>
					<Trackpoint>
						<Time>2026-02-22T10:58:54Z</Time>
						<Position>
							<LatitudeDegrees>46.627965</LatitudeDegrees>
							<LongitudeDegrees>13.879362</LongitudeDegrees>
						</Position>
						<AltitudeMeters>510.5</AltitudeMeters>
						<DistanceMeters>398.974296</DistanceMeters>
						<HeartRateBpm>
							<Value>98</Value>
						</HeartRateBpm>
						<Cadence>79</Cadence>
						<Extensions>
							<ns3:TPX>
								<ns3:Speed>7.4046</ns3:Speed>
								<ns3:Watts>78</ns3:Watts>
							</ns3:TPX>
						</Extensions>
					</Trackpoint>
					<Trackpoint>
						<Time>2026-02-22T10:58:55Z</Time>
						<Position>
							<LatitudeDegrees>46.627993</LatitudeDegrees>
							<LongitudeDegrees>13.879238</LongitudeDegrees>
						</Position>
						<AltitudeMeters>510.4</AltitudeMeters>
						<DistanceMeters>404.047493</DistanceMeters>
						<HeartRateBpm>
							<Value>100</Value>
						</HeartRateBpm>
						<Cadence>80</Cadence>
						<Extensions>
							<ns3:TPX>
								<ns3:Speed>7.3352</ns3:Speed>
								<ns3:Watts>80</ns3:Watts>
							</ns3:TPX>
						</Extensions>
					</Trackpoint>
					<Trackpoint>
						<Time>2026-02-22T10:58:57Z</Time>
						<Position>
							<LatitudeDegrees>46.628023</LatitudeDegrees>
							<LongitudeDegrees>13.879106</LongitudeDegrees>
						</Position>
						<AltitudeMeters>510.1</AltitudeMeters>
						<DistanceMeters>409.472297</DistanceMeters>
						<HeartRateBpm>
							<Value>100</Value>
						</HeartRateBpm>
						<Cadence>82</Cadence>
						<Extensions>
							<ns3:TPX>
								<ns3:Speed>7.285733</ns3:Speed>
								<ns3:Watts>52</ns3:Watts>
							</ns3:TPX>
						</Extensions>
					</Trackpoint>
					<Trackpoint>
						<Time>2026-02-22T10:58:58Z</Time>
						<Position>
							<LatitudeDegrees>46.628055</LatitudeDegrees>
							<LongitudeDegrees>13.878967</LongitudeDegrees>
						</Position>
						<AltitudeMeters>509.7</AltitudeMeters>
						<DistanceMeters>415.24871</DistanceMeters>
						<HeartRateBpm>
							<Value>100</Value>
						</HeartRateBpm>
						<Cadence>84</Cadence>
						<Extensions>
							<ns3:TPX>
								<ns3:Speed>7.2628</ns3:Speed>
								<ns3:Watts>55</ns3:Watts>
							</ns3:TPX>
						</Extensions>
					</Trackpoint>
					<Trackpoint>
						<Time>2026-02-22T10:58:59Z</Time>
						<Position>
							<LatitudeDegrees>46.628077</LatitudeDegrees>
							<LongitudeDegrees>13.878868</LongitudeDegrees>
						</Position>
						<AltitudeMeters>509.4</AltitudeMeters>
						<DistanceMeters>419.317313</DistanceMeters>
						<HeartRateBpm>
							<Value>100</Value>
						</HeartRateBpm>
						<Cadence>85</Cadence>
						<Extensions>
							<ns3:TPX>
								<ns3:Speed>7.258733</ns3:Speed>
								<ns3:Watts>40</ns3:Watts>
							</ns3:TPX>
						</Extensions>
					</Trackpoint>
					<Trackpoint>
						<Time>2026-02-22T10:59:00Z</Time>
						<Position>
							<LatitudeDegrees>46.628077</LatitudeDegrees>
							<LongitudeDegrees>13.878868</LongitudeDegrees>
						</Position>
						<AltitudeMeters>509.4</AltitudeMeters>
						<DistanceMeters>448.048686</DistanceMeters>
						<HeartRateBpm>
							<Value>94</Value>
						</HeartRateBpm>
						<Cadence>85</Cadence>
						<Extensions>
							<ns3:TPX>
								<ns3:Speed>7.259267</ns3:Speed>
								<ns3:Watts>40</ns3:Watts>
							</ns3:TPX>
						</Extensions>
					</Trackpoint>
					<Trackpoint>
						<Time>2026-02-22T10:59:01Z</Time>
						<Position>
							<LatitudeDegrees>46.628112</LatitudeDegrees>
							<LongitudeDegrees>13.878713</LongitudeDegrees>
						</Position>
						<AltitudeMeters>509</AltitudeMeters>
						<DistanceMeters>454.377625</DistanceMeters>
						<HeartRateBpm>
							<Value>94</Value>
						</HeartRateBpm>
						<Cadence>84</Cadence>
						<Extensions>
							<ns3:TPX>
								<ns3:Speed>7.3172</ns3:Speed>
								<ns3:Watts>39</ns3:Watts>
							</ns3:TPX>
						</Extensions>
					</Trackpoint>
					<Trackpoint>
						<Time>2026-02-22T10:59:02Z</Time>
						<Position>
							<LatitudeDegrees>46.62815</LatitudeDegrees>
							<LongitudeDegrees>13.878549</LongitudeDegrees>
						</Position>
						<AltitudeMeters>508.5</AltitudeMeters>
						<DistanceMeters>461.158631</DistanceMeters>
						<HeartRateBpm>
							<Value>94</Value>
						</HeartRateBpm>
						<Cadence>86</Cadence>
						<Extensions>
							<ns3:TPX>
								<ns3:Speed>7.408133</ns3:Speed>
								<ns3:Watts>41</ns3:Watts>
							</ns3:TPX>
						</Extensions>
					</Trackpoint>
					<Trackpoint>
						<Time>2026-02-22T10:59:03Z</Time>
						<Position>
							<LatitudeDegrees>46.628176</LatitudeDegrees>
							<LongitudeDegrees>13.878434</LongitudeDegrees>
						</Position>
						<AltitudeMeters>508.2</AltitudeMeters>
						<DistanceMeters>465.88022</DistanceMeters>
						<HeartRateBpm>
							<Value>94</Value>
						</HeartRateBpm>
						<Cadence>87</Cadence>
						<Extensions>
							<ns3:TPX>
								<ns3:Speed>7.5494</ns3:Speed>
								<ns3:Watts>42</ns3:Watts>
							</ns3:TPX>
						</Extensions>
					</Trackpoint>
					<Trackpoint>
						<Time>2026-02-22T10:59:05Z</Time>
						<Position>
							<LatitudeDegrees>46.628216</LatitudeDegrees>
							<LongitudeDegrees>13.878254</LongitudeDegrees>
						</Position>
						<AltitudeMeters>507.7</AltitudeMeters>
						<DistanceMeters>473.263982</DistanceMeters>
						<HeartRateBpm>
							<Value>95</Value>
						</HeartRateBpm>
						<Cadence>87</Cadence>
						<Extensions>
							<ns3:TPX>
								<ns3:Speed>7.737267</ns3:Speed>
								<ns3:Watts>42</ns3:Watts>
							</ns3:TPX>
						</Extensions>
					</Trackpoint>
					<Trackpoint>
						<Time>2026-02-22T10:59:06Z</Time>
						<Position>
							<LatitudeDegrees>46.628251</LatitudeDegrees>
							<LongitudeDegrees>13.878062</LongitudeDegrees>
						</Position>
						<AltitudeMeters>507.3</AltitudeMeters>
						<DistanceMeters>480.999352</DistanceMeters>
						<HeartRateBpm>
							<Value>95</Value>
						</HeartRateBpm>
						<Cadence>85</Cadence>
						<Extensions>
							<ns3:TPX>
								<ns3:Speed>7.9666</ns3:Speed>
								<ns3:Watts>40</ns3:Watts>
							</ns3:TPX>
						</Extensions>
					</Trackpoint>
					<Trackpoint>
						<Time>2026-02-22T10:59:07Z</Time>
						<Position>
							<LatitudeDegrees>46.628251</LatitudeDegrees>
							<LongitudeDegrees>13.878062</LongitudeDegrees>
						</Position>
						<AltitudeMeters>507.3</AltitudeMeters>
						<DistanceMeters>513.950018</DistanceMeters>
						<HeartRateBpm>
							<Value>95</Value>
						</HeartRateBpm>
						<Cadence>85</Cadence>
						<Extensions>
							<ns3:TPX>
								<ns3:Speed>8.212667</ns3:Speed>
								<ns3:Watts>40</ns3:Watts>
							</ns3:TPX>
						</Extensions>
					</Trackpoint>
					<Trackpoint>
						<Time>2026-02-22T10:59:08Z</Time>
						<Position>
							<LatitudeDegrees>46.628285</LatitudeDegrees>
							<LongitudeDegrees>13.877859</LongitudeDegrees>
						</Position>
						<AltitudeMeters>506.7</AltitudeMeters>
						<DistanceMeters>522.087225</DistanceMeters>
						<HeartRateBpm>
							<Value>95</Value>
						</HeartRateBpm>
						<Cadence>82</Cadence>
						<Extensions>
							<ns3:TPX>
								<ns3:Speed>8.495933</ns3:Speed>
								<ns3:Watts>37</ns3:Watts>
							</ns3:TPX>
						</Extensions>
					</Trackpoint>
					<Trackpoint>
						<Time>2026-02-22T10:59:09Z</Time>
						<Position>
							<LatitudeDegrees>46.628308</LatitudeDegrees>
							<LongitudeDegrees>13.877719</LongitudeDegrees>
						</Position>
						<AltitudeMeters>506.3</AltitudeMeters>
						<DistanceMeters>527.813408</DistanceMeters>
						<HeartRateBpm>
							<Value>95</Value>
						</HeartRateBpm>
						<Cadence>85</Cadence>
						<Extensions>
							<ns3:TPX>
								<ns3:Speed>8.801533</ns3:Speed>
								<ns3:Watts>40</ns3:Watts>
							</ns3:TPX>
						</Extensions>
					</Trackpoint>
					<Trackpoint>
						<Time>2026-02-22T10:59:10Z</Time>
						<Position>
							<LatitudeDegrees>46.628345</LatitudeDegrees>
							<LongitudeDegrees>13.8775</LongitudeDegrees>
						</Position>
						<AltitudeMeters>505.3</AltitudeMeters>
						<DistanceMeters>536.503141</DistanceMeters>
						<HeartRateBpm>
							<Value>101</Value>
						</HeartRateBpm>
						<Cadence>87</Cadence>
						<Extensions>
							<ns3:TPX>
								<ns3:Speed>9.145733</ns3:Speed>
								<ns3:Watts>42</ns3:Watts>
							</ns3:TPX>
						</Extensions>
					</Trackpoint>
					<Trackpoint>
						<Time>2026-02-22T10:59:11Z</Time>
						<Position>
							<LatitudeDegrees>46.62837</LatitudeDegrees>
							<LongitudeDegrees>13.877348</LongitudeDegrees>
						</Position>
						<AltitudeMeters>504.6</AltitudeMeters>
						<DistanceMeters>542.580932</DistanceMeters>
						<HeartRateBpm>
							<Value>101</Value>
						</HeartRateBpm>
						<Cadence>88</Cadence>
						<Extensions>
							<ns3:TPX>
								<ns3:Speed>9.513</ns3:Speed>
								<ns3:Watts>43</ns3:Watts>
							</ns3:TPX>
						</Extensions>
					</Trackpoint>
					<Trackpoint>
						<Time>2026-02-22T10:59:13Z</Time>
						<Position>
							<LatitudeDegrees>46.628404</LatitudeDegrees>
							<LongitudeDegrees>13.877114</LongitudeDegrees>
						</Position>
						<AltitudeMeters>503.3</AltitudeMeters>
						<DistanceMeters>551.873421</DistanceMeters>
						<HeartRateBpm>
							<Value>101</Value>
						</HeartRateBpm>
						<Cadence>90</Cadence>
						<Extensions>
							<ns3:TPX>
								<ns3:Speed>9.8908</ns3:Speed>
								<ns3:Watts>46</ns3:Watts>
							</ns3:TPX>
						</Extensions>
					</Trackpoint>
					<Trackpoint>
						<Time>2026-02-22T10:59:14Z</Time>
						<Position>
							<LatitudeDegrees>46.62842</LatitudeDegrees>
							<LongitudeDegrees>13.876947</LongitudeDegrees>
						</Position>
						<AltitudeMeters>502.2</AltitudeMeters>
						<DistanceMeters>558.353049</DistanceMeters>
						<HeartRateBpm>
							<Value>101</Value>
						</HeartRateBpm>
						<Cadence>89</Cadence>
						<Extensions>
							<ns3:TPX>
								<ns3:Speed>10.2648</ns3:Speed>
								<ns3:Watts>44</ns3:Watts>
							</ns3:TPX>
						</Extensions>
					</Trackpoint>
					<Trackpoint>
						<Time>2026-02-22T10:59:15Z</Time>
						<Position>
							<LatitudeDegrees>46.628406</LatitudeDegrees>
							<LongitudeDegrees>13.876697</LongitudeDegrees>
						</Position>
						<AltitudeMeters>500.6</AltitudeMeters>
						<DistanceMeters>568.348754</DistanceMeters>
						<HeartRateBpm>
							<Value>96</Value>
						</HeartRateBpm>
						<Cadence>89</Cadence>
						<Extensions>
							<ns3:TPX>
								<ns3:Speed>10.638733</ns3:Speed>
								<ns3:Watts>44</ns3:Watts>
							</ns3:TPX>
						</Extensions>
					</Trackpoint>
					<Trackpoint>
						<Time>2026-02-22T10:59:16Z</Time>
						<Position>
							<LatitudeDegrees>46.628381</LatitudeDegrees>
							<LongitudeDegrees>13.876523</LongitudeDegrees>
						</Position>
						<AltitudeMeters>499.9</AltitudeMeters>
						<DistanceMeters>575.230219</DistanceMeters>
						<HeartRateBpm>
							<Value>96</Value>
						</HeartRateBpm>
						<Cadence>89</Cadence>
						<Extensions>
							<ns3:TPX>
								<ns3:Speed>11.012533</ns3:Speed>
								<ns3:Watts>44</ns3:Watts>
							</ns3:TPX>
						</Extensions>
					</Trackpoint>
					<Trackpoint>
						<Time>2026-02-22T10:59:18Z</Time>
						<Position>
							<LatitudeDegrees>46.628335</LatitudeDegrees>
							<LongitudeDegrees>13.876264</LongitudeDegrees>
						</Position>
						<AltitudeMeters>500.2</AltitudeMeters>
						<DistanceMeters>585.426843</DistanceMeters>
						<HeartRateBpm>
							<Value>96</Value>
						</HeartRateBpm>
						<Cadence>88</Cadence>
						<Extensions>
							<ns3:TPX>
								<ns3:Speed>11.358467</ns3:Speed>
								<ns3:Watts>61</ns3:Watts>
							</ns3:TPX>
						</Extensions>
					</Trackpoint>
					<Trackpoint>
						<Time>2026-02-22T10:59:19Z</Time>
						<Position>
							<LatitudeDegrees>46.628208</LatitudeDegrees>
							<LongitudeDegrees>13.876093</LongitudeDegrees>
						</Position>
						<AltitudeMeters>501.7</AltitudeMeters>
						<DistanceMeters>595.12117</DistanceMeters>
						<HeartRateBpm>
							<Value>96</Value>
						</HeartRateBpm>
						<Cadence>88</Cadence>
						<Extensions>
							<ns3:TPX>
								<ns3:Speed>11.6216</ns3:Speed>
								<ns3:Watts>79</ns3:Watts>
							</ns3:TPX>
						</Extensions>
					</Trackpoint>
					<Trackpoint>
						<Time>2026-02-22T10:59:20Z</Time>
						<Position>
							<LatitudeDegrees>46.628109</LatitudeDegrees>
							<LongitudeDegrees>13.876012</LongitudeDegrees>
						</Position>
						<AltitudeMeters>502.8</AltitudeMeters>
						<DistanceMeters>601.24919</DistanceMeters>
						<HeartRateBpm>
							<Value>97</Value>
						</HeartRateBpm>
						<Cadence>88</Cadence>
						<Extensions>
							<ns3:TPX>
								<ns3:Speed>11.818267</ns3:Speed>
								<ns3:Watts>96</ns3:Watts>
							</ns3:TPX>
						</Extensions>
					</Trackpoint>
					<Trackpoint>
						<Time>2026-02-22T10:59:21Z</Time>
						<Position>
							<LatitudeDegrees>46.628109</LatitudeDegrees>
							<LongitudeDegrees>13.876012</LongitudeDegrees>
						</Position>
						<AltitudeMeters>502.8</AltitudeMeters>
						<DistanceMeters>688.548362</DistanceMeters>
						<HeartRateBpm>
							<Value>97</Value>
						</HeartRateBpm>
						<Cadence>88</Cadence>
						<Extensions>
							<ns3:TPX>
								<ns3:Speed>11.992933</ns3:Speed>
								<ns3:Watts>96</ns3:Watts>
							</ns3:TPX>
						</Extensions>
					</Trackpoint>
					<Trackpoint>
						<Time>2026-02-22T10:59:22Z</Time>
						<Position>
							<LatitudeDegrees>46.627958</LatitudeDegrees>
							<LongitudeDegrees>13.875953</LongitudeDegrees>
						</Position>
						<AltitudeMeters>503.7</AltitudeMeters>
						<DistanceMeters>697.338555</DistanceMeters>
						<HeartRateBpm>
							<Value>97</Value>
						</HeartRateBpm>
						<Cadence>87</Cadence>
						<Extensions>
							<ns3:TPX>
								<ns3:Speed>12.084333</ns3:Speed>
								<ns3:Watts>107</ns3:Watts>
							</ns3:TPX>
						</Extensions>
					</Trackpoint>
					<Trackpoint>
						<Time>2026-02-22T10:59:23Z</Time>
						<Position>
							<LatitudeDegrees>46.62781</LatitudeDegrees>
							<LongitudeDegrees>13.875915</LongitudeDegrees>
						</Position>
						<AltitudeMeters>504.4</AltitudeMeters>
						<DistanceMeters>705.475762</DistanceMeters>
						<HeartRateBpm>
							<Value>97</Value>
						</HeartRateBpm>
						<Cadence>86</Cadence>
						<Extensions>
							<ns3:TPX>
								<ns3:Speed>12.093133</ns3:Speed>
								<ns3:Watts>118</ns3:Watts>
							</ns3:TPX>
						</Extensions>
					</Trackpoint>
					<Trackpoint>
						<Time>2026-02-22T10:59:24Z</Time>
						<Position>
							<LatitudeDegrees>46.627718</LatitudeDegrees>
							<LongitudeDegrees>13.875888</LongitudeDegrees>
						</Position>
						<AltitudeMeters>504.9</AltitudeMeters>
						<DistanceMeters>710.599189</DistanceMeters>
						<HeartRateBpm>
							<Value>97</Value>
						</HeartRateBpm>
						<Cadence>85</Cadence>
						<Extensions>
							<ns3:TPX>
								<ns3:Speed>12.0686</ns3:Speed>
								<ns3:Watts>129</ns3:Watts>
							</ns3:TPX>
						</Extensions>
					</Trackpoint>
					<Trackpoint>
						<Time>2026-02-22T10:59:25Z</Time>
						<Position>
							<LatitudeDegrees>46.627718</LatitudeDegrees>
							<LongitudeDegrees>13.875888</LongitudeDegrees>
						</Position>
						<AltitudeMeters>504.9</AltitudeMeters>
						<DistanceMeters>732.650016</DistanceMeters>
						<HeartRateBpm>
							<Value>97</Value>
						</HeartRateBpm>
						<Cadence>85</Cadence>
						<Extensions>
							<ns3:TPX>
								<ns3:Speed>12.011067</ns3:Speed>
								<ns3:Watts>129</ns3:Watts>
							</ns3:TPX>
						</Extensions>
					</Trackpoint>
					<Trackpoint>
						<Time>2026-02-22T10:59:26Z</Time>
						<Position>
							<LatitudeDegrees>46.627588</LatitudeDegrees>
							<LongitudeDegrees>13.875849</LongitudeDegrees>
						</Position>
						<AltitudeMeters>505.5</AltitudeMeters>
						<DistanceMeters>739.883089</DistanceMeters>
						<HeartRateBpm>
							<Value>97</Value>
						</HeartRateBpm>
						<Cadence>81</Cadence>
						<Extensions>
							<ns3:TPX>
								<ns3:Speed>11.8812</ns3:Speed>
								<ns3:Watts>131</ns3:Watts>
							</ns3:TPX>
						</Extensions>
					</Trackpoint>
					<Trackpoint>
						<Time>2026-02-22T10:59:27Z</Time>
						<Position>
							<LatitudeDegrees>46.627507</LatitudeDegrees>
							<LongitudeDegrees>13.875825</LongitudeDegrees>
						</Position>
						<AltitudeMeters>505.9</AltitudeMeters>
						<DistanceMeters>744.35353</DistanceMeters>
						<HeartRateBpm>
							<Value>97</Value>
						</HeartRateBpm>
						<Cadence>80</Cadence>
						<Extensions>
							<ns3:TPX>
								<ns3:Speed>11.685333</ns3:Speed>
								<ns3:Watts>140</ns3:Watts>
							</ns3:TPX>
						</Extensions>
					</Trackpoint>
					<Trackpoint>
						<Time>2026-02-22T10:59:28Z</Time>
						<Position>
							<LatitudeDegrees>46.62743</LatitudeDegrees>
							<LongitudeDegrees>13.875802</LongitudeDegrees>
						</Position>
						<AltitudeMeters>506.2</AltitudeMeters>
						<DistanceMeters>748.623052</DistanceMeters>
						<HeartRateBpm>
							<Value>97</Value>
						</HeartRateBpm>
						<Cadence>80</Cadence>
						<Extensions>
							<ns3:TPX>
								<ns3:Speed>11.434</ns3:Speed>
								<ns3:Watts>150</ns3:Watts>
							</ns3:TPX>
						</Extensions>
					</Trackpoint>
					<Trackpoint>
						<Time>2026-02-22T10:59:29Z</Time>
						<Position>
							<LatitudeDegrees>46.627324</LatitudeDegrees>
							<LongitudeDegrees>13.875765</LongitudeDegrees>
						</Position>
						<AltitudeMeters>506.5</AltitudeMeters>
						<DistanceMeters>754.550153</DistanceMeters>
						<HeartRateBpm>
							<Value>97</Value>
						</HeartRateBpm>
						<Cadence>81</Cadence>
						<Extensions>
							<ns3:TPX>
								<ns3:Speed>11.099867</ns3:Speed>
								<ns3:Watts>166</ns3:Watts>
							</ns3:TPX>
						</Extensions>
					</Trackpoint>
					<Trackpoint>
						<Time>2026-02-22T10:59:30Z</Time>
						<Position>
							<LatitudeDegrees>46.62726</LatitudeDegrees>
							<LongitudeDegrees>13.875735</LongitudeDegrees>
						</Position>
						<AltitudeMeters>506.7</AltitudeMeters>
						<DistanceMeters>758.16669</DistanceMeters>
						<HeartRateBpm>
							<Value>93</Value>
						</HeartRateBpm>
						<Cadence>76</Cadence>
						<Extensions>
							<ns3:TPX>
								<ns3:Speed>10.710333</ns3:Speed>
								<ns3:Watts>161</ns3:Watts>
							</ns3:TPX>
						</Extensions>
					</Trackpoint>
					<Trackpoint>
						<Time>2026-02-22T10:59:31Z</Time>
						<Position>
							<LatitudeDegrees>46.627201</LatitudeDegrees>
							<LongitudeDegrees>13.875702</LongitudeDegrees>
						</Position>
						<AltitudeMeters>506.9</AltitudeMeters>
						<DistanceMeters>761.532078</DistanceMeters>
						<HeartRateBpm>
							<Value>93</Value>
						</HeartRateBpm>
						<Cadence>74</Cadence>
						<Extensions>
							<ns3:TPX>
								<ns3:Speed>10.254467</ns3:Speed>
								<ns3:Watts>163</ns3:Watts>
							</ns3:TPX>
						</Extensions>
					</Trackpoint>
					<Trackpoint>
						<Time>2026-02-22T10:59:33Z</Time>
						<Position>
							<LatitudeDegrees>46.627122</LatitudeDegrees>
							<LongitudeDegrees>13.875656</LongitudeDegrees>
						</Position>
						<AltitudeMeters>507.1</AltitudeMeters>
						<DistanceMeters>766.102978</DistanceMeters>
						<HeartRateBpm>
							<Value>93</Value>
						</HeartRateBpm>
						<Cadence>73</Cadence>
						<Extensions>
							<ns3:TPX>
								<ns3:Speed>9.726667</ns3:Speed>
								<ns3:Watts>178</ns3:Watts>
							</ns3:TPX>
						</Extensions>
					</Trackpoint>
					<Trackpoint>
						<Time>2026-02-22T10:59:34Z</Time>
						<Position>
							<LatitudeDegrees>46.627074</LatitudeDegrees>
							<LongitudeDegrees>13.875629</LongitudeDegrees>
						</Position>
						<AltitudeMeters>507.3</AltitudeMeters>
						<DistanceMeters>768.86561</DistanceMeters>
						<HeartRateBpm>
							<Value>89</Value>
						</HeartRateBpm>
						<Cadence>71</Cadence>
						<Extensions>
							<ns3:TPX>
								<ns3:Speed>9.1932</ns3:Speed>
								<ns3:Watts>179</ns3:Watts>
							</ns3:TPX>
						</Extensions>
					</Trackpoint>
					<Trackpoint>
						<Time>2026-02-22T10:59:35Z</Time>
						<Position>
							<LatitudeDegrees>46.62701</LatitudeDegrees>
							<LongitudeDegrees>13.875591</LongitudeDegrees>
						</Position>
						<AltitudeMeters>507.5</AltitudeMeters>
						<DistanceMeters>772.632836</DistanceMeters>
						<HeartRateBpm>
							<Value>89</Value>
						</HeartRateBpm>
						<Cadence>70</Cadence>
						<Extensions>
							<ns3:TPX>
								<ns3:Speed>8.687133</ns3:Speed>
								<ns3:Watts>186</ns3:Watts>
							</ns3:TPX>
						</Extensions>
					</Trackpoint>
					<Trackpoint>
						<Time>2026-02-22T10:59:36Z</Time>
						<Position>
							<LatitudeDegrees>46.62701</LatitudeDegrees>
							<LongitudeDegrees>13.875591</LongitudeDegrees>
						</Position>
						<AltitudeMeters>507.5</AltitudeMeters>
						<DistanceMeters>812.615656</DistanceMeters>
						<HeartRateBpm>
							<Value>89</Value>
						</HeartRateBpm>
						<Cadence>70</Cadence>
						<Extensions>
							<ns3:TPX>
								<ns3:Speed>8.214533</ns3:Speed>
								<ns3:Watts>186</ns3:Watts>
							</ns3:TPX>
						</Extensions>
					</Trackpoint>
					<Trackpoint>
						<Time>2026-02-22T10:59:37Z</Time>
						<Position>
							<LatitudeDegrees>46.626947</LatitudeDegrees>
							<LongitudeDegrees>13.875556</LongitudeDegrees>
						</Position>
						<AltitudeMeters>507.7</AltitudeMeters>
						<DistanceMeters>816.48334</DistanceMeters>
						<HeartRateBpm>
							<Value>89</Value>
						</HeartRateBpm>
						<Cadence>69</Cadence>
						<Extensions>
							<ns3:TPX>
								<ns3:Speed>7.753733</ns3:Speed>
								<ns3:Watts>190</ns3:Watts>
							</ns3:TPX>
						</Extensions>
					</Trackpoint>
					<Trackpoint>
						<Time>2026-02-22T10:59:38Z</Time>
						<Position>
							<LatitudeDegrees>46.626878</LatitudeDegrees>
							<LongitudeDegrees>13.875531</LongitudeDegrees>
						</Position>
						<AltitudeMeters>507.9</AltitudeMeters>
						<DistanceMeters>820.501714</DistanceMeters>
						<HeartRateBpm>
							<Value>90</Value>
						</HeartRateBpm>
						<Cadence>70</Cadence>
						<Extensions>
							<ns3:TPX>
								<ns3:Speed>7.361</ns3:Speed>
								<ns3:Watts>203</ns3:Watts>
							</ns3:TPX>
						</Extensions>
					</Trackpoint>
					<Trackpoint>
						<Time>2026-02-22T10:59:40Z</Time>
						<Position>
							<LatitudeDegrees>46.626839</LatitudeDegrees>
							<LongitudeDegrees>13.875588</LongitudeDegrees>
						</Position>
						<AltitudeMeters>508.2</AltitudeMeters>
						<DistanceMeters>824.771237</DistanceMeters>
						<HeartRateBpm>
							<Value>90</Value>
						</HeartRateBpm>
						<Cadence>70</Cadence>
						<Extensions>
							<ns3:TPX>
								<ns3:Speed>7.034067</ns3:Speed>
								<ns3:Watts>211</ns3:Watts>
							</ns3:TPX>
						</Extensions>
					</Trackpoint>
					<Trackpoint>
						<Time>2026-02-22T10:59:41Z</Time>
						<Position>
							<LatitudeDegrees>46.626812</LatitudeDegrees>
							<LongitudeDegrees>13.875645</LongitudeDegrees>
						</Position>
						<AltitudeMeters>508.4</AltitudeMeters>
						<DistanceMeters>827.584098</DistanceMeters>
						<HeartRateBpm>
							<Value>90</Value>
						</HeartRateBpm>
						<Cadence>67</Cadence>
						<Extensions>
							<ns3:TPX>
								<ns3:Speed>6.731533</ns3:Speed>
								<ns3:Watts>189</ns3:Watts>
							</ns3:TPX>
						</Extensions>
					</Trackpoint>
					<Trackpoint>
						<Time>2026-02-22T10:59:42Z</Time>
						<Position>
							<LatitudeDegrees>46.626749</LatitudeDegrees>
							<LongitudeDegrees>13.875702</LongitudeDegrees>
						</Position>
						<AltitudeMeters>508.6</AltitudeMeters>
						<DistanceMeters>831.652702</DistanceMeters>
						<HeartRateBpm>
							<Value>90</Value>
						</HeartRateBpm>
						<Cadence>67</Cadence>
						<Extensions>
							<ns3:TPX>
								<ns3:Speed>6.414867</ns3:Speed>
								<ns3:Watts>189</ns3:Watts>
							</ns3:TPX>
						</Extensions>
					</Trackpoint>
					<Trackpoint>
						<Time>2026-02-22T10:59:43Z</Time>
						<Position>
							<LatitudeDegrees>46.626706</LatitudeDegrees>
							<LongitudeDegrees>13.875733</LongitudeDegrees>
						</Position>
						<AltitudeMeters>508.8</AltitudeMeters>
						<DistanceMeters>834.264645</DistanceMeters>
						<HeartRateBpm>
							<Value>90</Value>
						</HeartRateBpm>
						<Cadence>66</Cadence>
						<Extensions>
							<ns3:TPX>
								<ns3:Speed>6.140467</ns3:Speed>
								<ns3:Watts>177</ns3:Watts>
							</ns3:TPX>
						</Extensions>
					</Trackpoint>
					<Trackpoint>
						<Time>2026-02-22T10:59:44Z</Time>
						<Position>
							<LatitudeDegrees>46.626665</LatitudeDegrees>
							<LongitudeDegrees>13.875764</LongitudeDegrees>
						</Position>
						<AltitudeMeters>508.9</AltitudeMeters>
						<DistanceMeters>836.876588</DistanceMeters>
						<HeartRateBpm>
							<Value>94</Value>
						</HeartRateBpm>
						<Cadence>66</Cadence>
						<Extensions>
							<ns3:TPX>
								<ns3:Speed>5.8982</ns3:Speed>
								<ns3:Watts>177</ns3:Watts>
							</ns3:TPX>
						</Extensions>
					</Trackpoint>
					<Trackpoint>
						<Time>2026-02-22T10:59:45Z</Time>
						<Position>
							<LatitudeDegrees>46.626624</LatitudeDegrees>
							<LongitudeDegrees>13.875797</LongitudeDegrees>
						</Position>
						<AltitudeMeters>509</AltitudeMeters>
						<DistanceMeters>839.538761</DistanceMeters>
						<HeartRateBpm>
							<Value>94</Value>
						</HeartRateBpm>
						<Cadence>68</Cadence>
						<Extensions>
							<ns3:TPX>
								<ns3:Speed>5.692067</ns3:Speed>
								<ns3:Watts>177</ns3:Watts>
							</ns3:TPX>
						</Extensions>
					</Trackpoint>
					<Trackpoint>
						<Time>2026-02-22T10:59:46Z</Time>
						<Position>
							<LatitudeDegrees>46.626624</LatitudeDegrees>
							<LongitudeDegrees>13.875797</LongitudeDegrees>
						</Position>
						<AltitudeMeters>509</AltitudeMeters>
						<DistanceMeters>866.461865</DistanceMeters>
						<HeartRateBpm>
							<Value>94</Value>
						</HeartRateBpm>
						<Cadence>68</Cadence>
						<Extensions>
							<ns3:TPX>
								<ns3:Speed>5.535933</ns3:Speed>
								<ns3:Watts>177</ns3:Watts>
							</ns3:TPX>
						</Extensions>
					</Trackpoint>
					<Trackpoint>
						<Time>2026-02-22T10:59:47Z</Time>
						<Position>
							<LatitudeDegrees>46.626562</LatitudeDegrees>
							<LongitudeDegrees>13.875851</LongitudeDegrees>
						</Position>
						<AltitudeMeters>509.2</AltitudeMeters>
						<DistanceMeters>870.530469</DistanceMeters>
						<HeartRateBpm>
							<Value>94</Value>
						</HeartRateBpm>
						<Cadence>70</Cadence>
						<Extensions>
							<ns3:TPX>
								<ns3:Speed>5.428133</ns3:Speed>
								<ns3:Watts>186</ns3:Watts>
							</ns3:TPX>
						</Extensions>
					</Trackpoint>
					<Trackpoint>
						<Time>2026-02-22T10:59:48Z</Time>
						<Position>
							<LatitudeDegrees>46.62653</LatitudeDegrees>
							<LongitudeDegrees>13.875907</LongitudeDegrees>
						</Position>
						<AltitudeMeters>509.3</AltitudeMeters>
						<DistanceMeters>873.343331</DistanceMeters>
						<HeartRateBpm>
							<Value>91</Value>
						</HeartRateBpm>
						<Cadence>71</Cadence>
						<Extensions>
							<ns3:TPX>
								<ns3:Speed>5.364467</ns3:Speed>
								<ns3:Watts>190</ns3:Watts>
							</ns3:TPX>
						</Extensions>
					</Trackpoint>
					<Trackpoint>
						<Time>2026-02-22T10:59:49Z</Time>
						<Position>
							<LatitudeDegrees>46.626478</LatitudeDegrees>
							<LongitudeDegrees>13.875931</LongitudeDegrees>
						</Position>
						<AltitudeMeters>509.5</AltitudeMeters>
						<DistanceMeters>877.713312</DistanceMeters>
						<HeartRateBpm>
							<Value>91</Value>
						</HeartRateBpm>
						<Cadence>73</Cadence>
						<Extensions>
							<ns3:TPX>
								<ns3:Speed>5.3646</ns3:Speed>
								<ns3:Watts>187</ns3:Watts>
							</ns3:TPX>
						</Extensions>
					</Trackpoint>
					<Trackpoint>
						<Time>2026-02-22T10:59:50Z</Time>
						<Position>
							<LatitudeDegrees>46.626478</LatitudeDegrees>
							<LongitudeDegrees>13.875931</LongitudeDegrees>
						</Position>
						<AltitudeMeters>509.5</AltitudeMeters>
						<DistanceMeters>888.964759</DistanceMeters>
						<HeartRateBpm>
							<Value>91</Value>
						</HeartRateBpm>
						<Cadence>73</Cadence>
						<Extensions>
							<ns3:TPX>
								<ns3:Speed>5.398267</ns3:Speed>
								<ns3:Watts>187</ns3:Watts>
							</ns3:TPX>
						</Extensions>
					</Trackpoint>
					<Trackpoint>
						<Time>2026-02-22T10:59:51Z</Time>
						<Position>
							<LatitudeDegrees>46.626441</LatitudeDegrees>
							<LongitudeDegrees>13.875837</LongitudeDegrees>
						</Position>
						<AltitudeMeters>509.6</AltitudeMeters>
						<DistanceMeters>893.334741</DistanceMeters>
						<HeartRateBpm>
							<Value>91</Value>
						</HeartRateBpm>
						<Cadence>73</Cadence>
						<Extensions>
							<ns3:TPX>
								<ns3:Speed>5.454533</ns3:Speed>
								<ns3:Watts>170</ns3:Watts>
							</ns3:TPX>
						</Extensions>
					</Trackpoint>
					<Trackpoint>
						<Time>2026-02-22T10:59:52Z</Time>
						<Position>
							<LatitudeDegrees>46.626435</LatitudeDegrees>
							<LongitudeDegrees>13.875761</LongitudeDegrees>
						</Position>
						<AltitudeMeters>509.7</AltitudeMeters>
						<DistanceMeters>896.298291</DistanceMeters>
						<HeartRateBpm>
							<Value>91</Value>
						</HeartRateBpm>
						<Cadence>72</Cadence>
						<Extensions>
							<ns3:TPX>
								<ns3:Speed>5.506</ns3:Speed>
								<ns3:Watts>148</ns3:Watts>
							</ns3:TPX>
						</Extensions>
					</Trackpoint>
					<Trackpoint>
						<Time>2026-02-22T10:59:53Z</Time>
						<Position>
							<LatitudeDegrees>46.626407</LatitudeDegrees>
							<LongitudeDegrees>13.875656</LongitudeDegrees>
						</Position>
						<AltitudeMeters>509.8</AltitudeMeters>
						<DistanceMeters>900.567814</DistanceMeters>
						<HeartRateBpm>
							<Value>91</Value>
						</HeartRateBpm>
						<Cadence>70</Cadence>
						<Extensions>
							<ns3:TPX>
								<ns3:Speed>5.537733</ns3:Speed>
								<ns3:Watts>132</ns3:Watts>
							</ns3:TPX>
						</Extensions>
					</Trackpoint>
					<Trackpoint>
						<Time>2026-02-22T10:59:54Z</Time>
						<Position>
							<LatitudeDegrees>46.626407</LatitudeDegrees>
							<LongitudeDegrees>13.875656</LongitudeDegrees>
						</Position>
						<AltitudeMeters>509.8</AltitudeMeters>
						<DistanceMeters>912.170868</DistanceMeters>
						<HeartRateBpm>
							<Value>94</Value>
						</HeartRateBpm>
						<Cadence>70</Cadence>
						<Extensions>
							<ns3:TPX>
								<ns3:Speed>5.551667</ns3:Speed>
								<ns3:Watts>132</ns3:Watts>
							</ns3:TPX>
						</Extensions>
					</Trackpoint>
					<Trackpoint>
						<Time>2026-02-22T10:59:55Z</Time>
						<Position>
							<LatitudeDegrees>46.626368</LatitudeDegrees>
							<LongitudeDegrees>13.875563</LongitudeDegrees>
						</Position>
						<AltitudeMeters>509.9</AltitudeMeters>
						<DistanceMeters>916.339931</DistanceMeters>
						<HeartRateBpm>
							<Value>94</Value>
						</HeartRateBpm>
						<Cadence>72</Cadence>
						<Extensions>
							<ns3:TPX>
								<ns3:Speed>5.541867</ns3:Speed>
								<ns3:Watts>107</ns3:Watts>
							</ns3:TPX>
						</Extensions>
					</Trackpoint>
					<Trackpoint>
						<Time>2026-02-22T10:59:56Z</Time>
						<Position>
							<LatitudeDegrees>46.626329</LatitudeDegrees>
							<LongitudeDegrees>13.875469</LongitudeDegrees>
						</Position>
						<AltitudeMeters>509.9</AltitudeMeters>
						<DistanceMeters>920.659683</DistanceMeters>
						<HeartRateBpm>
							<Value>94</Value>
						</HeartRateBpm>
						<Cadence>74</Cadence>
						<Extensions>
							<ns3:TPX>
								<ns3:Speed>5.560533</ns3:Speed>
								<ns3:Watts>102</ns3:Watts>
							</ns3:TPX>
						</Extensions>
					</Trackpoint>
					<Trackpoint>
						<Time>2026-02-22T10:59:57Z</Time>
						<Position>
							<LatitudeDegrees>46.626329</LatitudeDegrees>
							<LongitudeDegrees>13.875469</LongitudeDegrees>
						</Position>
						<AltitudeMeters>509.9</AltitudeMeters>
						<DistanceMeters>929.148498</DistanceMeters>
						<HeartRateBpm>
							<Value>94</Value>
						</HeartRateBpm>
						<Cadence>74</Cadence>
						<Extensions>
							<ns3:TPX>
								<ns3:Speed>5.593333</ns3:Speed>
								<ns3:Watts>102</ns3:Watts>
							</ns3:TPX>
						</Extensions>
					</Trackpoint>
					<Trackpoint>
						<Time>2026-02-22T10:59:58Z</Time>
						<Position>
							<LatitudeDegrees>46.626292</LatitudeDegrees>
							<LongitudeDegrees>13.875365</LongitudeDegrees>
						</Position>
						<AltitudeMeters>509.8</AltitudeMeters>
						<DistanceMeters>933.719398</DistanceMeters>
						<HeartRateBpm>
							<Value>94</Value>
						</HeartRateBpm>
						<Cadence>78</Cadence>
						<Extensions>
							<ns3:TPX>
								<ns3:Speed>5.663933</ns3:Speed>
								<ns3:Watts>85</ns3:Watts>
							</ns3:TPX>
						</Extensions>
					</Trackpoint>
					<Trackpoint>
						<Time>2026-02-22T10:59:59Z</Time>
						<Position>
							<LatitudeDegrees>46.626255</LatitudeDegrees>
							<LongitudeDegrees>13.87525</LongitudeDegrees>
						</Position>
						<AltitudeMeters>509.6</AltitudeMeters>
						<DistanceMeters>938.742365</DistanceMeters>
						<HeartRateBpm>
							<Value>98</Value>
						</HeartRateBpm>
						<Cadence>79</Cadence>
						<Extensions>
							<ns3:TPX>
								<ns3:Speed>5.769</ns3:Speed>
								<ns3:Watts>78</ns3:Watts>
							</ns3:TPX>
						</Extensions>
					</Trackpoint>
					<Trackpoint>
						<Time>2026-02-22T11:00:00Z</Time>
						<Position>
							<LatitudeDegrees>46.626255</LatitudeDegrees>
							<LongitudeDegrees>13.87525</LongitudeDegrees>
						</Position>
						<AltitudeMeters>509.6</AltitudeMeters>
						<DistanceMeters>948.336233</DistanceMeters>
						<HeartRateBpm>
							<Value>98</Value>
						</HeartRateBpm>
						<Cadence>79</Cadence>
						<Extensions>
							<ns3:TPX>
								<ns3:Speed>5.871267</ns3:Speed>
								<ns3:Watts>78</ns3:Watts>
							</ns3:TPX>
						</Extensions>
					</Trackpoint>
					<Trackpoint>
						<Time>2026-02-22T11:00:01Z</Time>
						<Position>
							<LatitudeDegrees>46.626215</LatitudeDegrees>
							<LongitudeDegrees>13.875127</LongitudeDegrees>
						</Position>
						<AltitudeMeters>509.3</AltitudeMeters>
						<DistanceMeters>953.660578</DistanceMeters>
						<HeartRateBpm>
							<Value>98</Value>
						</HeartRateBpm>
						<Cadence>80</Cadence>
						<Extensions>
							<ns3:TPX>
								<ns3:Speed>6.006267</ns3:Speed>
								<ns3:Watts>50</ns3:Watts>
							</ns3:TPX>
						</Extensions>
					</Trackpoint>
					<Trackpoint>
						<Time>2026-02-22T11:00:02Z</Time>
						<Position>
							<LatitudeDegrees>46.626182</LatitudeDegrees>
							<LongitudeDegrees>13.875043</LongitudeDegrees>
						</Position>
						<AltitudeMeters>508.9</AltitudeMeters>
						<DistanceMeters>957.427804</DistanceMeters>
						<HeartRateBpm>
							<Value>98</Value>
						</HeartRateBpm>
						<Cadence>82</Cadence>
						<Extensions>
							<ns3:TPX>
								<ns3:Speed>6.148267</ns3:Speed>
								<ns3:Watts>52</ns3:Watts>
							</ns3:TPX>
						</Extensions>
					</Trackpoint>
					<Trackpoint>
						<Time>2026-02-22T11:00:03Z</Time>
						<Position>
							<LatitudeDegrees>46.626131</LatitudeDegrees>
							<LongitudeDegrees>13.87491</LongitudeDegrees>
						</Position>
						<AltitudeMeters>508.2</AltitudeMeters>
						<DistanceMeters>963.455365</DistanceMeters>
						<HeartRateBpm>
							<Value>101</Value>
						</HeartRateBpm>
						<Cadence>84</Cadence>
						<Extensions>
							<ns3:TPX>
								<ns3:Speed>6.3126</ns3:Speed>
								<ns3:Watts>39</ns3:Watts>
							</ns3:TPX>
						</Extensions>
					</Trackpoint>
					<Trackpoint>
						<Time>2026-02-22T11:00:05Z</Time>
						<Position>
							<LatitudeDegrees>46.626086</LatitudeDegrees>
							<LongitudeDegrees>13.874762</LongitudeDegrees>
						</Position>
						<AltitudeMeters>507.4</AltitudeMeters>
						<DistanceMeters>969.784304</DistanceMeters>
						<HeartRateBpm>
							<Value>101</Value>
						</HeartRateBpm>
						<Cadence>85</Cadence>
						<Extensions>
							<ns3:TPX>
								<ns3:Speed>6.495933</ns3:Speed>
								<ns3:Watts>40</ns3:Watts>
							</ns3:TPX>
						</Extensions>
					</Trackpoint>
					<Trackpoint>
						<Time>2026-02-22T11:00:06Z</Time>
						<Position>
							<LatitudeDegrees>46.62604</LatitudeDegrees>
							<LongitudeDegrees>13.874603</LongitudeDegrees>
						</Position>
						<AltitudeMeters>506.9</AltitudeMeters>
						<DistanceMeters>976.51508</DistanceMeters>
						<HeartRateBpm>
							<Value>101</Value>
						</HeartRateBpm>
						<Cadence>86</Cadence>
						<Extensions>
							<ns3:TPX>
								<ns3:Speed>6.712333</ns3:Speed>
								<ns3:Watts>41</ns3:Watts>
							</ns3:TPX>
						</Extensions>
					</Trackpoint>
					<Trackpoint>
						<Time>2026-02-22T11:00:07Z</Time>
						<Position>
							<LatitudeDegrees>46.62604</LatitudeDegrees>
							<LongitudeDegrees>13.874603</LongitudeDegrees>
						</Position>
						<AltitudeMeters>506.9</AltitudeMeters>
						<DistanceMeters>1004.693927</DistanceMeters>
						<HeartRateBpm>
							<Value>101</Value>
						</HeartRateBpm>
						<Cadence>86</Cadence>
						<Extensions>
							<ns3:TPX>
								<ns3:Speed>6.928733</ns3:Speed>
								<ns3:Watts>41</ns3:Watts>
							</ns3:TPX>
						</Extensions>
					</Trackpoint>
					<Trackpoint>
						<Time>2026-02-22T11:00:08Z</Time>
						<Position>
							<LatitudeDegrees>46.625991</LatitudeDegrees>
							<LongitudeDegrees>13.874436</LongitudeDegrees>
						</Position>
						<AltitudeMeters>507</AltitudeMeters>
						<DistanceMeters>1011.776311</DistanceMeters>
						<HeartRateBpm>
							<Value>100</Value>
						</HeartRateBpm>
						<Cadence>88</Cadence>
						<Extensions>
							<ns3:TPX>
								<ns3:Speed>7.179667</ns3:Speed>
								<ns3:Watts>79</ns3:Watts>
							</ns3:TPX>
						</Extensions>
					</Trackpoint>
					<Trackpoint>
						<Time>2026-02-22T11:00:09Z</Time>
						<Position>
							<LatitudeDegrees>46.625942</LatitudeDegrees>
							<LongitudeDegrees>13.874268</LongitudeDegrees>
						</Position>
						<AltitudeMeters>507.8</AltitudeMeters>
						<DistanceMeters>1018.607546</DistanceMeters>
						<HeartRateBpm>
							<Value>100</Value>
						</HeartRateBpm>
						<Cadence>88</Cadence>
						<Extensions>
							<ns3:TPX>
								<ns3:Speed>7.388533</ns3:Speed>
								<ns3:Watts>96</ns3:Watts>
							</ns3:TPX>
						</Extensions>
					</Trackpoint>
					<Trackpoint>
						<Time>2026-02-22T11:00:10Z</Time>
						<Position>
							<LatitudeDegrees>46.625942</LatitudeDegrees>
							<LongitudeDegrees>13.874268</LongitudeDegrees>
						</Position>
						<AltitudeMeters>507.8</AltitudeMeters>
						<DistanceMeters>1032.521166</DistanceMeters>
						<HeartRateBpm>
							<Value>100</Value>
						</HeartRateBpm>
						<Cadence>88</Cadence>
						<Extensions>
							<ns3:TPX>
								<ns3:Speed>7.5974</ns3:Speed>
								<ns3:Watts>96</ns3:Watts>
							</ns3:TPX>
						</Extensions>
					</Trackpoint>
					<Trackpoint>
						<Time>2026-02-22T11:00:11Z</Time>
						<Position>
							<LatitudeDegrees>46.625898</LatitudeDegrees>
							<LongitudeDegrees>13.874113</LongitudeDegrees>
						</Position>
						<AltitudeMeters>509.1</AltitudeMeters>
						<DistanceMeters>1038.749645</DistanceMeters>
						<HeartRateBpm>
							<Value>100</Value>
						</HeartRateBpm>
						<Cadence>86</Cadence>
						<Extensions>
							<ns3:TPX>
								<ns3:Speed>7.763667</ns3:Speed>
								<ns3:Watts>118</ns3:Watts>
							</ns3:TPX>
						</Extensions>
					</Trackpoint>
					<Trackpoint>
						<Time>2026-02-22T11:00:12Z</Time>
						<Position>
							<LatitudeDegrees>46.625887</LatitudeDegrees>
							<LongitudeDegrees>13.873985</LongitudeDegrees>
						</Position>
						<AltitudeMeters>510.4</AltitudeMeters>
						<DistanceMeters>1044.425598</DistanceMeters>
						<HeartRateBpm>
							<Value>100</Value>
						</HeartRateBpm>
						<Cadence>85</Cadence>
						<Extensions>
							<ns3:TPX>
								<ns3:Speed>7.8606</ns3:Speed>
								<ns3:Watts>129</ns3:Watts>
							</ns3:TPX>
						</Extensions>
					</Trackpoint>
					<Trackpoint>
						<Time>2026-02-22T11:00:13Z</Time>
						<Position>
							<LatitudeDegrees>46.625887</LatitudeDegrees>
							<LongitudeDegrees>13.873985</LongitudeDegrees>
						</Position>
						<AltitudeMeters>510.4</AltitudeMeters>
						<DistanceMeters>1056.330031</DistanceMeters>
						<HeartRateBpm>
							<Value>97</Value>
						</HeartRateBpm>
						<Cadence>85</Cadence>
						<Extensions>
							<ns3:TPX>
								<ns3:Speed>7.957533</ns3:Speed>
								<ns3:Watts>129</ns3:Watts>
							</ns3:TPX>
						</Extensions>
					</Trackpoint>
					<Trackpoint>
						<Time>2026-02-22T11:00:14Z</Time>
						<Position>
							<LatitudeDegrees>46.625981</LatitudeDegrees>
							<LongitudeDegrees>13.873965</LongitudeDegrees>
						</Position>
						<AltitudeMeters>511.4</AltitudeMeters>
						<DistanceMeters>1061.453457</DistanceMeters>
						<HeartRateBpm>
							<Value>97</Value>
						</HeartRateBpm>
						<Cadence>83</Cadence>
						<Extensions>
							<ns3:TPX>
								<ns3:Speed>7.9744</ns3:Speed>
								<ns3:Watts>150</ns3:Watts>
							</ns3:TPX>
						</Extensions>
					</Trackpoint>
					<Trackpoint>
						<Time>2026-02-22T11:00:15Z</Time>
						<Position>
							<LatitudeDegrees>46.626064</LatitudeDegrees>
							<LongitudeDegrees>13.873944</LongitudeDegrees>
						</Position>
						<AltitudeMeters>512.1</AltitudeMeters>
						<DistanceMeters>1065.974128</DistanceMeters>
						<HeartRateBpm>
							<Value>97</Value>
						</HeartRateBpm>
						<Cadence>82</Cadence>
						<Extensions>
							<ns3:TPX>
								<ns3:Speed>7.908</ns3:Speed>
								<ns3:Watts>157</ns3:Watts>
							</ns3:TPX>
						</Extensions>
					</Trackpoint>
					<Trackpoint>
						<Time>2026-02-22T11:00:16Z</Time>
						<Position>
							<LatitudeDegrees>46.626114</LatitudeDegrees>
							<LongitudeDegrees>13.873928</LongitudeDegrees>
						</Position>
						<AltitudeMeters>512.5</AltitudeMeters>
						<DistanceMeters>1068.73676</DistanceMeters>
						<HeartRateBpm>
							<Value>97</Value>
						</HeartRateBpm>
						<Cadence>81</Cadence>
						<Extensions>
							<ns3:TPX>
								<ns3:Speed>7.8082</ns3:Speed>
								<ns3:Watts>153</ns3:Watts>
							</ns3:TPX>
						</Extensions>
					</Trackpoint>
					<Trackpoint>
						<Time>2026-02-22T11:00:17Z</Time>
						<Position>
							<LatitudeDegrees>46.626114</LatitudeDegrees>
							<LongitudeDegrees>13.873928</LongitudeDegrees>
						</Position>
						<AltitudeMeters>512.5</AltitudeMeters>
						<DistanceMeters>1081.143489</DistanceMeters>
						<HeartRateBpm>
							<Value>97</Value>
						</HeartRateBpm>
						<Cadence>81</Cadence>
						<Extensions>
							<ns3:TPX>
								<ns3:Speed>7.675667</ns3:Speed>
								<ns3:Watts>153</ns3:Watts>
							</ns3:TPX>
						</Extensions>
					</Trackpoint>
					<Trackpoint>
						<Time>2026-02-22T11:00:18Z</Time>
						<Position>
							<LatitudeDegrees>46.62618</LatitudeDegrees>
							<LongitudeDegrees>13.873905</LongitudeDegrees>
						</Position>
						<AltitudeMeters>513</AltitudeMeters>
						<DistanceMeters>1084.709796</DistanceMeters>
						<HeartRateBpm>
							<Value>98</Value>
						</HeartRateBpm>
						<Cadence>79</Cadence>
						<Extensions>
							<ns3:TPX>
								<ns3:Speed>7.4712</ns3:Speed>
								<ns3:Watts>170</ns3:Watts>
							</ns3:TPX>
						</Extensions>
					</Trackpoint>
					<Trackpoint>
						<Time>2026-02-22T11:00:19Z</Time>
						<Position>
							<LatitudeDegrees>46.626236</LatitudeDegrees>
							<LongitudeDegrees>13.87388</LongitudeDegrees>
						</Position>
						<AltitudeMeters>513.4</AltitudeMeters>
						<DistanceMeters>1087.824036</DistanceMeters>
						<HeartRateBpm>
							<Value>98</Value>
						</HeartRateBpm>
						<Cadence>78</Cadence>
						<Extensions>
							<ns3:TPX>
								<ns3:Speed>7.182867</ns3:Speed>
								<ns3:Watts>177</ns3:Watts>
							</ns3:TPX>
						</Extensions>
					</Trackpoint>
					<Trackpoint>
						<Time>2026-02-22T11:00:20Z</Time>
						<Position>
							<LatitudeDegrees>46.626236</LatitudeDegrees>
							<LongitudeDegrees>13.87388</LongitudeDegrees>
						</Position>
						<AltitudeMeters>513.4</AltitudeMeters>
						<DistanceMeters>1094.504583</DistanceMeters>
						<HeartRateBpm>
							<Value>98</Value>
						</HeartRateBpm>
						<Cadence>78</Cadence>
						<Extensions>
							<ns3:TPX>
								<ns3:Speed>6.8616</ns3:Speed>
								<ns3:Watts>177</ns3:Watts>
							</ns3:TPX>
						</Extensions>
					</Trackpoint>
					<Trackpoint>
						<Time>2026-02-22T11:00:21Z</Time>
						<Position>
							<LatitudeDegrees>46.626281</LatitudeDegrees>
							<LongitudeDegrees>13.87386</LongitudeDegrees>
						</Position>
						<AltitudeMeters>513.7</AltitudeMeters>
						<DistanceMeters>1096.965837</DistanceMeters>
						<HeartRateBpm>
							<Value>98</Value>
						</HeartRateBpm>
						<Cadence>77</Cadence>
						<Extensions>
							<ns3:TPX>
								<ns3:Speed>6.461467</ns3:Speed>
								<ns3:Watts>193</ns3:Watts>
							</ns3:TPX>
						</Extensions>
					</Trackpoint>
					<Trackpoint>
						<Time>2026-02-22T11:00:22Z</Time>
						<Position>
							<LatitudeDegrees>46.626308</LatitudeDegrees>
							<LongitudeDegrees>13.873846</LongitudeDegrees>
						</Position>
						<AltitudeMeters>513.9</AltitudeMeters>
						<DistanceMeters>1098.573186</DistanceMeters>
						<HeartRateBpm>
							<Value>98</Value>
						</HeartRateBpm>
						<Cadence>76</Cadence>
						<Extensions>
							<ns3:TPX>
								<ns3:Speed>6.069</ns3:Speed>
								<ns3:Watts>199</ns3:Watts>
							</ns3:TPX>
						</Extensions>
					</Trackpoint>
					<Trackpoint>
						<Time>2026-02-22T11:00:23Z</Time>
						<Position>
							<LatitudeDegrees>46.626349</LatitudeDegrees>
							<LongitudeDegrees>13.873824</LongitudeDegrees>
						</Position>
						<AltitudeMeters>514.2</AltitudeMeters>
						<DistanceMeters>1101.03444</DistanceMeters>
						<HeartRateBpm>
							<Value>98</Value>
						</HeartRateBpm>
						<Cadence>76</Cadence>
						<Extensions>
							<ns3:TPX>
								<ns3:Speed>5.660733</ns3:Speed>
								<ns3:Watts>211</ns3:Watts>
							</ns3:TPX>
						</Extensions>
					</Trackpoint>
					<Trackpoint>
						<Time>2026-02-22T11:00:24Z</Time>
						<Position>
							<LatitudeDegrees>46.626378</LatitudeDegrees>
							<LongitudeDegrees>13.873808</LongitudeDegrees>
						</Position>
						<AltitudeMeters>514.4</AltitudeMeters>
						<DistanceMeters>1102.842708</DistanceMeters>
						<HeartRateBpm>
							<Value>97</Value>
						</HeartRateBpm>
						<Cadence>76</Cadence>
						<Extensions>
							<ns3:TPX>
								<ns3:Speed>5.314267</ns3:Speed>
								<ns3:Watts>222</ns3:Watts>
							</ns3:TPX>
						</Extensions>
					</Trackpoint>
					<Trackpoint>
						<Time>2026-02-22T11:00:25Z</Time>
						<Position>
							<LatitudeDegrees>46.626378</LatitudeDegrees>
							<LongitudeDegrees>13.873808</LongitudeDegrees>
						</Position>
						<AltitudeMeters>514.4</AltitudeMeters>
						<DistanceMeters>1111.180834</DistanceMeters>
						<HeartRateBpm>
							<Value>97</Value>
						</HeartRateBpm>
						<Cadence>76</Cadence>
						<Extensions>
							<ns3:TPX>
								<ns3:Speed>4.9678</ns3:Speed>
								<ns3:Watts>222</ns3:Watts>
							</ns3:TPX>
						</Extensions>
					</Trackpoint>
					<Trackpoint>
						<Time>2026-02-22T11:00:26Z</Time>
						<Position>
							<LatitudeDegrees>46.626425</LatitudeDegrees>
							<LongitudeDegrees>13.873782</LongitudeDegrees>
						</Position>
						<AltitudeMeters>514.8</AltitudeMeters>
						<DistanceMeters>1113.993696</DistanceMeters>
						<HeartRateBpm>
							<Value>97</Value>
						</HeartRateBpm>
						<Cadence>75</Cadence>
						<Extensions>
							<ns3:TPX>
								<ns3:Speed>4.6868</ns3:Speed>
								<ns3:Watts>227</ns3:Watts>
							</ns3:TPX>
						</Extensions>
					</Trackpoint>
					<Trackpoint>
						<Time>2026-02-22T11:00:27Z</Time>
						<Position>
							<LatitudeDegrees>46.626473</LatitudeDegrees>
							<LongitudeDegrees>13.873755</LongitudeDegrees>
						</Position>
						<AltitudeMeters>515.2</AltitudeMeters>
						<DistanceMeters>1116.957247</DistanceMeters>
						<HeartRateBpm>
							<Value>97</Value>
						</HeartRateBpm>
						<Cadence>76</Cadence>
						<Extensions>
							<ns3:TPX>
								<ns3:Speed>4.4698</ns3:Speed>
								<ns3:Watts>242</ns3:Watts>
							</ns3:TPX>
						</Extensions>
					</Trackpoint>
					<Trackpoint>
						<Time>2026-02-22T11:00:28Z</Time>
						<Position>
							<LatitudeDegrees>46.626473</LatitudeDegrees>
							<LongitudeDegrees>13.873755</LongitudeDegrees>
						</Position>
						<AltitudeMeters>515.2</AltitudeMeters>
						<DistanceMeters>1122.733659</DistanceMeters>
						<HeartRateBpm>
							<Value>97</Value>
						</HeartRateBpm>
						<Cadence>76</Cadence>
						<Extensions>
							<ns3:TPX>
								<ns3:Speed>4.2528</ns3:Speed>
								<ns3:Watts>242</ns3:Watts>
							</ns3:TPX>
						</Extensions>
					</Trackpoint>
					<Trackpoint>
						<Time>2026-02-22T11:00:29Z</Time>
						<Position>
							<LatitudeDegrees>46.626526</LatitudeDegrees>
							<LongitudeDegrees>13.873726</LongitudeDegrees>
						</Position>
						<AltitudeMeters>515.6</AltitudeMeters>
						<DistanceMeters>1125.948358</DistanceMeters>
						<HeartRateBpm>
							<Value>97</Value>
						</HeartRateBpm>
						<Cadence>73</Cadence>
						<Extensions>
							<ns3:TPX>
								<ns3:Speed>4.103267</ns3:Speed>
								<ns3:Watts>246</ns3:Watts>
							</ns3:TPX>
						</Extensions>
					</Trackpoint>
					<Trackpoint>
						<Time>2026-02-22T11:00:30Z</Time>
						<Position>
							<LatitudeDegrees>46.626579</LatitudeDegrees>
							<LongitudeDegrees>13.873692</LongitudeDegrees>
						</Position>
						<AltitudeMeters>516</AltitudeMeters>
						<DistanceMeters>1129.263517</DistanceMeters>
						<HeartRateBpm>
							<Value>99</Value>
						</HeartRateBpm>
						<Cadence>74</Cadence>
						<Extensions>
							<ns3:TPX>
								<ns3:Speed>4.0176</ns3:Speed>
								<ns3:Watts>261</ns3:Watts>
							</ns3:TPX>
						</Extensions>
					</Trackpoint>
					<Trackpoint>
						<Time>2026-02-22T11:00:31Z</Time>
						<Position>
							<LatitudeDegrees>46.626609</LatitudeDegrees>
							<LongitudeDegrees>13.873649</LongitudeDegrees>
						</Position>
						<AltitudeMeters>516.3</AltitudeMeters>
						<DistanceMeters>1131.574081</DistanceMeters>
						<HeartRateBpm>
							<Value>99</Value>
						</HeartRateBpm>
						<Cadence>73</Cadence>
						<Extensions>
							<ns3:TPX>
								<ns3:Speed>3.975467</ns3:Speed>
								<ns3:Watts>266</ns3:Watts>
							</ns3:TPX>
						</Extensions>
					</Trackpoint>
					<Trackpoint>
						<Time>2026-02-22T11:00:32Z</Time>
						<Position>
							<LatitudeDegrees>46.626609</LatitudeDegrees>
							<LongitudeDegrees>13.873649</LongitudeDegrees>
						</Position>
						<AltitudeMeters>516.3</AltitudeMeters>
						<DistanceMeters>1140.414504</DistanceMeters>
						<HeartRateBpm>
							<Value>99</Value>
						</HeartRateBpm>
						<Cadence>73</Cadence>
						<Extensions>
							<ns3:TPX>
								<ns3:Speed>3.933333</ns3:Speed>
								<ns3:Watts>266</ns3:Watts>
							</ns3:TPX>
						</Extensions>
					</Trackpoint>
					<Trackpoint>
						<Time>2026-02-22T11:00:33Z</Time>
						<Position>
							<LatitudeDegrees>46.626639</LatitudeDegrees>
							<LongitudeDegrees>13.873576</LongitudeDegrees>
						</Position>
						<AltitudeMeters>516.7</AltitudeMeters>
						<DistanceMeters>1144.03104</DistanceMeters>
						<HeartRateBpm>
							<Value>99</Value>
						</HeartRateBpm>
						<Cadence>71</Cadence>
						<Extensions>
							<ns3:TPX>
								<ns3:Speed>3.947667</ns3:Speed>
								<ns3:Watts>254</ns3:Watts>
							</ns3:TPX>
						</Extensions>
					</Trackpoint>
					<Trackpoint>
						<Time>2026-02-22T11:00:34Z</Time>
						<Position>
							<LatitudeDegrees>46.626642</LatitudeDegrees>
							<LongitudeDegrees>13.873514</LongitudeDegrees>
						</Position>
						<AltitudeMeters>516.9</AltitudeMeters>
						<DistanceMeters>1146.442065</DistanceMeters>
						<HeartRateBpm>
							<Value>97</Value>
						</HeartRateBpm>
						<Cadence>71</Cadence>
						<Extensions>
							<ns3:TPX>
								<ns3:Speed>4.0144</ns3:Speed>
								<ns3:Watts>244</ns3:Watts>
							</ns3:TPX>
						</Extensions>
					</Trackpoint>
					<Trackpoint>
						<Time>2026-02-22T11:00:35Z</Time>
						<Position>
							<LatitudeDegrees>46.626645</LatitudeDegrees>
							<LongitudeDegrees>13.873451</LongitudeDegrees>
						</Position>
						<AltitudeMeters>517.1</AltitudeMeters>
						<DistanceMeters>1148.853089</DistanceMeters>
						<HeartRateBpm>
							<Value>97</Value>
						</HeartRateBpm>
						<Cadence>70</Cadence>
						<Extensions>
							<ns3:TPX>
								<ns3:Speed>4.0808</ns3:Speed>
								<ns3:Watts>222</ns3:Watts>
							</ns3:TPX>
						</Extensions>
					</Trackpoint>
					<Trackpoint>
						<Time>2026-02-22T11:00:36Z</Time>
						<Position>
							<LatitudeDegrees>46.62665</LatitudeDegrees>
							<LongitudeDegrees>13.873358</LongitudeDegrees>
						</Position>
						<AltitudeMeters>517.3</AltitudeMeters>
						<DistanceMeters>1152.419396</DistanceMeters>
						<HeartRateBpm>
							<Value>97</Value>
						</HeartRateBpm>
						<Cadence>70</Cadence>
						<Extensions>
							<ns3:TPX>
								<ns3:Speed>4.194733</ns3:Speed>
								<ns3:Watts>211</ns3:Watts>
							</ns3:TPX>
						</Extensions>
					</Trackpoint>
					<Trackpoint>
						<Time>2026-02-22T11:00:37Z</Time>
						<Position>
							<LatitudeDegrees>46.626653</LatitudeDegrees>
							<LongitudeDegrees>13.873295</LongitudeDegrees>
						</Position>
						<AltitudeMeters>517.4</AltitudeMeters>
						<DistanceMeters>1154.83042</DistanceMeters>
						<HeartRateBpm>
							<Value>97</Value>
						</HeartRateBpm>
						<Cadence>71</Cadence>
						<Extensions>
							<ns3:TPX>
								<ns3:Speed>4.304333</ns3:Speed>
								<ns3:Watts>199</ns3:Watts>
							</ns3:TPX>
						</Extensions>
					</Trackpoint>
					<Trackpoint>
						<Time>2026-02-22T11:00:38Z</Time>
						<Position>
							<LatitudeDegrees>46.626656</LatitudeDegrees>
							<LongitudeDegrees>13.873232</LongitudeDegrees>
						</Position>
						<AltitudeMeters>517.5</AltitudeMeters>
						<DistanceMeters>1157.341904</DistanceMeters>
						<HeartRateBpm>
							<Value>97</Value>
						</HeartRateBpm>
						<Cadence>71</Cadence>
						<Extensions>
							<ns3:TPX>
								<ns3:Speed>4.401067</ns3:Speed>
								<ns3:Watts>179</ns3:Watts>
							</ns3:TPX>
						</Extensions>
					</Trackpoint>
					<Trackpoint>
						<Time>2026-02-22T11:00:39Z</Time>
						<Position>
							<LatitudeDegrees>46.626656</LatitudeDegrees>
							<LongitudeDegrees>13.873232</LongitudeDegrees>
						</Position>
						<AltitudeMeters>517.5</AltitudeMeters>
						<DistanceMeters>1174.269304</DistanceMeters>
						<HeartRateBpm>
							<Value>96</Value>
						</HeartRateBpm>
						<Cadence>71</Cadence>
						<Extensions>
							<ns3:TPX>
								<ns3:Speed>4.486</ns3:Speed>
								<ns3:Watts>179</ns3:Watts>
							</ns3:TPX>
						</Extensions>
					</Trackpoint>
					<Trackpoint>
						<Time>2026-02-22T11:00:40Z</Time>
						<Position>
							<LatitudeDegrees>46.626661</LatitudeDegrees>
							<LongitudeDegrees>13.873135</LongitudeDegrees>
						</Position>
						<AltitudeMeters>517.6</AltitudeMeters>
						<DistanceMeters>1177.9863</DistanceMeters>
						<HeartRateBpm>
							<Value>96</Value>
						</HeartRateBpm>
						<Cadence>76</Cadence>
						<Extensions>
							<ns3:TPX>
								<ns3:Speed>4.586133</ns3:Speed>
								<ns3:Watts>170</ns3:Watts>
							</ns3:TPX>
						</Extensions>
					</Trackpoint>
					<Trackpoint>
						<Time>2026-02-22T11:00:41Z</Time>
						<Position>
							<LatitudeDegrees>46.626668</LatitudeDegrees>
							<LongitudeDegrees>13.873034</LongitudeDegrees>
						</Position>
						<AltitudeMeters>517.5</AltitudeMeters>
						<DistanceMeters>1181.954444</DistanceMeters>
						<HeartRateBpm>
							<Value>96</Value>
						</HeartRateBpm>
						<Cadence>75</Cadence>
						<Extensions>
							<ns3:TPX>
								<ns3:Speed>4.688133</ns3:Speed>
								<ns3:Watts>147</ns3:Watts>
							</ns3:TPX>
						</Extensions>
					</Trackpoint>
					<Trackpoint>
						<Time>2026-02-22T11:00:42Z</Time>
						<Position>
							<LatitudeDegrees>46.626674</LatitudeDegrees>
							<LongitudeDegrees>13.872964</LongitudeDegrees>
						</Position>
						<AltitudeMeters>517.5</AltitudeMeters>
						<DistanceMeters>1184.717076</DistanceMeters>
						<HeartRateBpm>
							<Value>96</Value>
						</HeartRateBpm>
						<Cadence>75</Cadence>
						<Extensions>
							<ns3:TPX>
								<ns3:Speed>4.7886</ns3:Speed>
								<ns3:Watts>135</ns3:Watts>
							</ns3:TPX>
						</Extensions>
					</Trackpoint>
					<Trackpoint>
						<Time>2026-02-22T11:00:44Z</Time>
						<Position>
							<LatitudeDegrees>46.626687</LatitudeDegrees>
							<LongitudeDegrees>13.872853</LongitudeDegrees>
						</Position>
						<AltitudeMeters>517.4</AltitudeMeters>
						<DistanceMeters>1189.087057</DistanceMeters>
						<HeartRateBpm>
							<Value>104</Value>
						</HeartRateBpm>
						<Cadence>78</Cadence>
						<Extensions>
							<ns3:TPX>
								<ns3:Speed>4.921</ns3:Speed>
								<ns3:Watts>122</ns3:Watts>
							</ns3:TPX>
						</Extensions>
					</Trackpoint>
					<Trackpoint>
						<Time>2026-02-22T11:00:45Z</Time>
						<Position>
							<LatitudeDegrees>46.626703</LatitudeDegrees>
							<LongitudeDegrees>13.872777</LongitudeDegrees>
						</Position>
						<AltitudeMeters>517.3</AltitudeMeters>
						<DistanceMeters>1192.251527</DistanceMeters>
						<HeartRateBpm>
							<Value>104</Value>
						</HeartRateBpm>
						<Cadence>79</Cadence>
						<Extensions>
							<ns3:TPX>
								<ns3:Speed>5.057933</ns3:Speed>
								<ns3:Watts>125</ns3:Watts>
							</ns3:TPX>
						</Extensions>
					</Trackpoint>
					<Trackpoint>
						<Time>2026-02-22T11:00:46Z</Time>
						<Position>
							<LatitudeDegrees>46.62672</LatitudeDegrees>
							<LongitudeDegrees>13.872697</LongitudeDegrees>
						</Position>
						<AltitudeMeters>517.2</AltitudeMeters>
						<DistanceMeters>1195.566685</DistanceMeters>
						<HeartRateBpm>
							<Value>104</Value>
						</HeartRateBpm>
						<Cadence>79</Cadence>
						<Extensions>
							<ns3:TPX>
								<ns3:Speed>5.203</ns3:Speed>
								<ns3:Watts>112</ns3:Watts>
							</ns3:TPX>
						</Extensions>
					</Trackpoint>
					<Trackpoint>
						<Time>2026-02-22T11:00:47Z</Time>
						<Position>
							<LatitudeDegrees>46.626749</LatitudeDegrees>
							<LongitudeDegrees>13.872569</LongitudeDegrees>
						</Position>
						<AltitudeMeters>517</AltitudeMeters>
						<DistanceMeters>1200.840801</DistanceMeters>
						<HeartRateBpm>
							<Value>104</Value>
						</HeartRateBpm>
						<Cadence>78</Cadence>
						<Extensions>
							<ns3:TPX>
								<ns3:Speed>5.370867</ns3:Speed>
								<ns3:Watts>110</ns3:Watts>
							</ns3:TPX>
						</Extensions>
					</Trackpoint>
					<Trackpoint>
						<Time>2026-02-22T11:00:48Z</Time>
						<Position>
							<LatitudeDegrees>46.62677</LatitudeDegrees>
							<LongitudeDegrees>13.872479</LongitudeDegrees>
						</Position>
						<AltitudeMeters>516.9</AltitudeMeters>
						<DistanceMeters>1204.608027</DistanceMeters>
						<HeartRateBpm>
							<Value>105</Value>
						</HeartRateBpm>
						<Cadence>79</Cadence>
						<Extensions>
							<ns3:TPX>
								<ns3:Speed>5.5608</ns3:Speed>
								<ns3:Watts>112</ns3:Watts>
							</ns3:TPX>
						</Extensions>
					</Trackpoint>
					<Trackpoint>
						<Time>2026-02-22T11:00:50Z</Time>
						<Position>
							<LatitudeDegrees>46.626804</LatitudeDegrees>
							<LongitudeDegrees>13.872338</LongitudeDegrees>
						</Position>
						<AltitudeMeters>516.9</AltitudeMeters>
						<DistanceMeters>1210.434669</DistanceMeters>
						<HeartRateBpm>
							<Value>105</Value>
						</HeartRateBpm>
						<Cadence>78</Cadence>
						<Extensions>
							<ns3:TPX>
								<ns3:Speed>5.764333</ns3:Speed>
								<ns3:Watts>122</ns3:Watts>
							</ns3:TPX>
						</Extensions>
					</Trackpoint>
					<Trackpoint>
						<Time>2026-02-22T11:00:51Z</Time>
						<Position>
							<LatitudeDegrees>46.626841</LatitudeDegrees>
							<LongitudeDegrees>13.872193</LongitudeDegrees>
						</Position>
						<AltitudeMeters>517</AltitudeMeters>
						<DistanceMeters>1216.31154</DistanceMeters>
						<HeartRateBpm>
							<Value>105</Value>
						</HeartRateBpm>
						<Cadence>80</Cadence>
						<Extensions>
							<ns3:TPX>
								<ns3:Speed>5.9724</ns3:Speed>
								<ns3:Watts>140</ns3:Watts>
							</ns3:TPX>
						</Extensions>
					</Trackpoint>
					<Trackpoint>
						<Time>2026-02-22T11:00:52Z</Time>
						<Position>
							<LatitudeDegrees>46.626865</LatitudeDegrees>
							<LongitudeDegrees>13.872096</LongitudeDegrees>
						</Position>
						<AltitudeMeters>517.1</AltitudeMeters>
						<DistanceMeters>1220.279685</DistanceMeters>
						<HeartRateBpm>
							<Value>105</Value>
						</HeartRateBpm>
						<Cadence>79</Cadence>
						<Extensions>
							<ns3:TPX>
								<ns3:Speed>6.1778</ns3:Speed>
								<ns3:Watts>147</ns3:Watts>
							</ns3:TPX>
						</Extensions>
					</Trackpoint>
					<Trackpoint>
						<Time>2026-02-22T11:00:53Z</Time>
						<Position>
							<LatitudeDegrees>46.626865</LatitudeDegrees>
							<LongitudeDegrees>13.872096</LongitudeDegrees>
						</Position>
						<AltitudeMeters>517.1</AltitudeMeters>
						<DistanceMeters>1266.290065</DistanceMeters>
						<HeartRateBpm>
							<Value>105</Value>
						</HeartRateBpm>
						<Cadence>79</Cadence>
						<Extensions>
							<ns3:TPX>
								<ns3:Speed>6.381467</ns3:Speed>
								<ns3:Watts>147</ns3:Watts>
							</ns3:TPX>
						</Extensions>
					</Trackpoint>
					<Trackpoint>
						<Time>2026-02-22T11:00:54Z</Time>
						<Position>
							<LatitudeDegrees>46.626902</LatitudeDegrees>
							<LongitudeDegrees>13.871953</LongitudeDegrees>
						</Position>
						<AltitudeMeters>517.3</AltitudeMeters>
						<DistanceMeters>1272.166937</DistanceMeters>
						<HeartRateBpm>
							<Value>105</Value>
						</HeartRateBpm>
						<Cadence>78</Cadence>
						<Extensions>
							<ns3:TPX>
								<ns3:Speed>6.569667</ns3:Speed>
								<ns3:Watts>167</ns3:Watts>
							</ns3:TPX>
						</Extensions>
					</Trackpoint>
					<Trackpoint>
						<Time>2026-02-22T11:00:55Z</Time>
						<Position>
							<LatitudeDegrees>46.626936</LatitudeDegrees>
							<LongitudeDegrees>13.871812</LongitudeDegrees>
						</Position>
						<AltitudeMeters>517.5</AltitudeMeters>
						<DistanceMeters>1277.792661</DistanceMeters>
						<HeartRateBpm>
							<Value>104</Value>
						</HeartRateBpm>
						<Cadence>78</Cadence>
						<Extensions>
							<ns3:TPX>
								<ns3:Speed>6.7382</ns3:Speed>
								<ns3:Watts>167</ns3:Watts>
							</ns3:TPX>
						</Extensions>
					</Trackpoint>
					<Trackpoint>
						<Time>2026-02-22T11:00:56Z</Time>
						<Position>
							<LatitudeDegrees>46.626958</LatitudeDegrees>
							<LongitudeDegrees>13.871721</LongitudeDegrees>
						</Position>
						<AltitudeMeters>517.6</AltitudeMeters>
						<DistanceMeters>1281.409197</DistanceMeters>
						<HeartRateBpm>
							<Value>104</Value>
						</HeartRateBpm>
						<Cadence>77</Cadence>
						<Extensions>
							<ns3:TPX>
								<ns3:Speed>6.8944</ns3:Speed>
								<ns3:Watts>173</ns3:Watts>
							</ns3:TPX>
						</Extensions>
					</Trackpoint>
					<Trackpoint>
						<Time>2026-02-22T11:00:57Z</Time>
						<Position>
							<LatitudeDegrees>46.626958</LatitudeDegrees>
							<LongitudeDegrees>13.871721</LongitudeDegrees>
						</Position>
						<AltitudeMeters>517.6</AltitudeMeters>
						<DistanceMeters>1296.528329</DistanceMeters>
						<HeartRateBpm>
							<Value>104</Value>
						</HeartRateBpm>
						<Cadence>77</Cadence>
						<Extensions>
							<ns3:TPX>
								<ns3:Speed>7.0354</ns3:Speed>
								<ns3:Watts>173</ns3:Watts>
							</ns3:TPX>
						</Extensions>
					</Trackpoint>
					<Trackpoint>
						<Time>2026-02-22T11:00:58Z</Time>
						<Position>
							<LatitudeDegrees>46.626987</LatitudeDegrees>
							<LongitudeDegrees>13.871589</LongitudeDegrees>
						</Position>
						<AltitudeMeters>517.8</AltitudeMeters>
						<DistanceMeters>1301.802445</DistanceMeters>
						<HeartRateBpm>
							<Value>104</Value>
						</HeartRateBpm>
						<Cadence>75</Cadence>
						<Extensions>
							<ns3:TPX>
								<ns3:Speed>7.139133</ns3:Speed>
								<ns3:Watts>177</ns3:Watts>
							</ns3:TPX>
						</Extensions>
					</Trackpoint>
					<Trackpoint>
						<Time>2026-02-22T11:00:59Z</Time>
						<Position>
							<LatitudeDegrees>46.627005</LatitudeDegrees>
							<LongitudeDegrees>13.871503</LongitudeDegrees>
						</Position>
						<AltitudeMeters>517.9</AltitudeMeters>
						<DistanceMeters>1305.218062</DistanceMeters>
						<HeartRateBpm>
							<Value>103</Value>
						</HeartRateBpm>
						<Cadence>75</Cadence>
						<Extensions>
							<ns3:TPX>
								<ns3:Speed>7.220667</ns3:Speed>
								<ns3:Watts>177</ns3:Watts>
							</ns3:TPX>
						</Extensions>
					</Trackpoint>
					<Trackpoint>
						<Time>2026-02-22T11:01:00Z</Time>
						<Position>
							<LatitudeDegrees>46.627029</LatitudeDegrees>
							<LongitudeDegrees>13.871376</LongitudeDegrees>
						</Position>
						<AltitudeMeters>518.1</AltitudeMeters>
						<DistanceMeters>1310.24103</DistanceMeters>
						<HeartRateBpm>
							<Value>103</Value>
						</HeartRateBpm>
						<Cadence>75</Cadence>
						<Extensions>
							<ns3:TPX>
								<ns3:Speed>7.258</ns3:Speed>
								<ns3:Watts>177</ns3:Watts>
							</ns3:TPX>
						</Extensions>
					</Trackpoint>
					<Trackpoint>
						<Time>2026-02-22T11:01:01Z</Time>
						<Position>
							<LatitudeDegrees>46.627042</LatitudeDegrees>
							<LongitudeDegrees>13.871292</LongitudeDegrees>
						</Position>
						<AltitudeMeters>518.2</AltitudeMeters>
						<DistanceMeters>1313.455729</DistanceMeters>
						<HeartRateBpm>
							<Value>103</Value>
						</HeartRateBpm>
						<Cadence>73</Cadence>
						<Extensions>
							<ns3:TPX>
								<ns3:Speed>7.262867</ns3:Speed>
								<ns3:Watts>170</ns3:Watts>
							</ns3:TPX>
						</Extensions>
					</Trackpoint>
					<Trackpoint>
						<Time>2026-02-22T11:01:02Z</Time>
						<Position>
							<LatitudeDegrees>46.627055</LatitudeDegrees>
							<LongitudeDegrees>13.871211</LongitudeDegrees>
						</Position>
						<AltitudeMeters>518.3</AltitudeMeters>
						<DistanceMeters>1316.670428</DistanceMeters>
						<HeartRateBpm>
							<Value>103</Value>
						</HeartRateBpm>
						<Cadence>73</Cadence>
						<Extensions>
							<ns3:TPX>
								<ns3:Speed>7.238467</ns3:Speed>
								<ns3:Watts>170</ns3:Watts>
							</ns3:TPX>
						</Extensions>
					</Trackpoint>
					<Trackpoint>
						<Time>2026-02-22T11:01:03Z</Time>
						<Position>
							<LatitudeDegrees>46.627067</LatitudeDegrees>
							<LongitudeDegrees>13.87113</LongitudeDegrees>
						</Position>
						<AltitudeMeters>518.4</AltitudeMeters>
						<DistanceMeters>1319.784668</DistanceMeters>
						<HeartRateBpm>
							<Value>103</Value>
						</HeartRateBpm>
						<Cadence>73</Cadence>
						<Extensions>
							<ns3:TPX>
								<ns3:Speed>7.176467</ns3:Speed>
								<ns3:Watts>170</ns3:Watts>
							</ns3:TPX>
						</Extensions>
					</Trackpoint>
					<Trackpoint>
						<Time>2026-02-22T11:01:04Z</Time>
						<Position>
							<LatitudeDegrees>46.627067</LatitudeDegrees>
							<LongitudeDegrees>13.87113</LongitudeDegrees>
						</Position>
						<AltitudeMeters>518.4</AltitudeMeters>
						<DistanceMeters>1343.041006</DistanceMeters>
						<HeartRateBpm>
							<Value>100</Value>
						</HeartRateBpm>
						<Cadence>73</Cadence>
						<Extensions>
							<ns3:TPX>
								<ns3:Speed>7.0924</ns3:Speed>
								<ns3:Watts>170</ns3:Watts>
							</ns3:TPX>
						</Extensions>
					</Trackpoint>
					<Trackpoint>
						<Time>2026-02-22T11:01:05Z</Time>
						<Position>
							<LatitudeDegrees>46.627082</LatitudeDegrees>
							<LongitudeDegrees>13.87101</LongitudeDegrees>
						</Position>
						<AltitudeMeters>518.6</AltitudeMeters>
						<DistanceMeters>1347.762596</DistanceMeters>
						<HeartRateBpm>
							<Value>100</Value>
						</HeartRateBpm>
						<Cadence>74</Cadence>
						<Extensions>
							<ns3:TPX>
								<ns3:Speed>6.986267</ns3:Speed>
								<ns3:Watts>173</ns3:Watts>
							</ns3:TPX>
						</Extensions>
					</Trackpoint>
					<Trackpoint>
						<Time>2026-02-22T11:01:06Z</Time>
						<Position>
							<LatitudeDegrees>46.627093</LatitudeDegrees>
							<LongitudeDegrees>13.870929</LongitudeDegrees>
						</Position>
						<AltitudeMeters>518.7</AltitudeMeters>
						<DistanceMeters>1350.876835</DistanceMeters>
						<HeartRateBpm>
							<Value>100</Value>
						</HeartRateBpm>
						<Cadence>76</Cadence>
						<Extensions>
							<ns3:TPX>
								<ns3:Speed>6.874733</ns3:Speed>
								<ns3:Watts>170</ns3:Watts>
							</ns3:TPX>
						</Extensions>
					</Trackpoint>
					<Trackpoint>
						<Time>2026-02-22T11:01:07Z</Time>
						<Position>
							<LatitudeDegrees>46.627103</LatitudeDegrees>
							<LongitudeDegrees>13.870849</LongitudeDegrees>
						</Position>
						<AltitudeMeters>518.8</AltitudeMeters>
						<DistanceMeters>1354.041305</DistanceMeters>
						<HeartRateBpm>
							<Value>100</Value>
						</HeartRateBpm>
						<Cadence>76</Cadence>
						<Extensions>
							<ns3:TPX>
								<ns3:Speed>6.767667</ns3:Speed>
								<ns3:Watts>170</ns3:Watts>
							</ns3:TPX>
						</Extensions>
					</Trackpoint>
					<Trackpoint>
						<Time>2026-02-22T11:01:08Z</Time>
						<Position>
							<LatitudeDegrees>46.627119</LatitudeDegrees>
							<LongitudeDegrees>13.870728</LongitudeDegrees>
						</Position>
						<AltitudeMeters>518.9</AltitudeMeters>
						<DistanceMeters>1358.712664</DistanceMeters>
						<HeartRateBpm>
							<Value>100</Value>
						</HeartRateBpm>
						<Cadence>75</Cadence>
						<Extensions>
							<ns3:TPX>
								<ns3:Speed>6.663933</ns3:Speed>
								<ns3:Watts>167</ns3:Watts>
							</ns3:TPX>
						</Extensions>
					</Trackpoint>
					<Trackpoint>
						<Time>2026-02-22T11:01:10Z</Time>
						<Position>
							<LatitudeDegrees>46.627135</LatitudeDegrees>
							<LongitudeDegrees>13.870608</LongitudeDegrees>
						</Position>
						<AltitudeMeters>519</AltitudeMeters>
						<DistanceMeters>1363.484483</DistanceMeters>
						<HeartRateBpm>
							<Value>96</Value>
						</HeartRateBpm>
						<Cadence>76</Cadence>
						<Extensions>
							<ns3:TPX>
								<ns3:Speed>6.572467</ns3:Speed>
								<ns3:Watts>161</ns3:Watts>
							</ns3:TPX>
						</Extensions>
					</Trackpoint>
					<Trackpoint>
						<Time>2026-02-22T11:01:11Z</Time>
						<Position>
							<LatitudeDegrees>46.627151</LatitudeDegrees>
							<LongitudeDegrees>13.870485</LongitudeDegrees>
						</Position>
						<AltitudeMeters>519.1</AltitudeMeters>
						<DistanceMeters>1368.256302</DistanceMeters>
						<HeartRateBpm>
							<Value>96</Value>
						</HeartRateBpm>
						<Cadence>77</Cadence>
						<Extensions>
							<ns3:TPX>
								<ns3:Speed>6.508467</ns3:Speed>
								<ns3:Watts>164</ns3:Watts>
							</ns3:TPX>
						</Extensions>
					</Trackpoint>
					<Trackpoint>
						<Time>2026-02-22T11:01:12Z</Time>
						<Position>
							<LatitudeDegrees>46.627161</LatitudeDegrees>
							<LongitudeDegrees>13.870402</LongitudeDegrees>
						</Position>
						<AltitudeMeters>519.1</AltitudeMeters>
						<DistanceMeters>1371.571461</DistanceMeters>
						<HeartRateBpm>
							<Value>96</Value>
						</HeartRateBpm>
						<Cadence>78</Cadence>
						<Extensions>
							<ns3:TPX>
								<ns3:Speed>6.464933</ns3:Speed>
								<ns3:Watts>167</ns3:Watts>
							</ns3:TPX>
						</Extensions>
					</Trackpoint>
					<Trackpoint>
						<Time>2026-02-22T11:01:13Z</Time>
						<Position>
							<LatitudeDegrees>46.627161</LatitudeDegrees>
							<LongitudeDegrees>13.870402</LongitudeDegrees>
						</Position>
						<AltitudeMeters>519.1</AltitudeMeters>
						<DistanceMeters>1400.101915</DistanceMeters>
						<HeartRateBpm>
							<Value>96</Value>
						</HeartRateBpm>
						<Cadence>78</Cadence>
						<Extensions>
							<ns3:TPX>
								<ns3:Speed>6.4214</ns3:Speed>
								<ns3:Watts>167</ns3:Watts>
							</ns3:TPX>
						</Extensions>
					</Trackpoint>
					<Trackpoint>
						<Time>2026-02-22T11:01:14Z</Time>
						<Position>
							<LatitudeDegrees>46.627177</LatitudeDegrees>
							<LongitudeDegrees>13.870275</LongitudeDegrees>
						</Position>
						<AltitudeMeters>519.2</AltitudeMeters>
						<DistanceMeters>1405.074653</DistanceMeters>
						<HeartRateBpm>
							<Value>96</Value>
						</HeartRateBpm>
						<Cadence>77</Cadence>
						<Extensions>
							<ns3:TPX>
								<ns3:Speed>6.404267</ns3:Speed>
								<ns3:Watts>164</ns3:Watts>
							</ns3:TPX>
						</Extensions>
					</Trackpoint>
					<Trackpoint>
						<Time>2026-02-22T11:01:15Z</Time>
						<Position>
							<LatitudeDegrees>46.627187</LatitudeDegrees>
							<LongitudeDegrees>13.870188</LongitudeDegrees>
						</Position>
						<AltitudeMeters>519.3</AltitudeMeters>
						<DistanceMeters>1408.490271</DistanceMeters>
						<HeartRateBpm>
							<Value>97</Value>
						</HeartRateBpm>
						<Cadence>77</Cadence>
						<Extensions>
							<ns3:TPX>
								<ns3:Speed>6.401867</ns3:Speed>
								<ns3:Watts>173</ns3:Watts>
							</ns3:TPX>
						</Extensions>
					</Trackpoint>
					<Trackpoint>
						<Time>2026-02-22T11:01:16Z</Time>
						<Position>
							<LatitudeDegrees>46.627203</LatitudeDegrees>
							<LongitudeDegrees>13.870058</LongitudeDegrees>
						</Position>
						<AltitudeMeters>519.4</AltitudeMeters>
						<DistanceMeters>1413.563468</DistanceMeters>
						<HeartRateBpm>
							<Value>97</Value>
						</HeartRateBpm>
						<Cadence>78</Cadence>
						<Extensions>
							<ns3:TPX>
								<ns3:Speed>6.4184</ns3:Speed>
								<ns3:Watts>177</ns3:Watts>
							</ns3:TPX>
						</Extensions>
					</Trackpoint>
					<Trackpoint>
						<Time>2026-02-22T11:01:17Z</Time>
						<Position>
							<LatitudeDegrees>46.627203</LatitudeDegrees>
							<LongitudeDegrees>13.870058</LongitudeDegrees>
						</Position>
						<AltitudeMeters>519.4</AltitudeMeters>
						<DistanceMeters>1427.02502</DistanceMeters>
						<HeartRateBpm>
							<Value>97</Value>
						</HeartRateBpm>
						<Cadence>78</Cadence>
						<Extensions>
							<ns3:TPX>
								<ns3:Speed>6.4454</ns3:Speed>
								<ns3:Watts>177</ns3:Watts>
							</ns3:TPX>
						</Extensions>
					</Trackpoint>
					<Trackpoint>
						<Time>2026-02-22T11:01:18Z</Time>
						<Position>
							<LatitudeDegrees>46.627219</LatitudeDegrees>
							<LongitudeDegrees>13.869924</LongitudeDegrees>
						</Position>
						<AltitudeMeters>519.5</AltitudeMeters>
						<DistanceMeters>1432.299136</DistanceMeters>
						<HeartRateBpm>
							<Value>97</Value>
						</HeartRateBpm>
						<Cadence>76</Cadence>
						<Extensions>
							<ns3:TPX>
								<ns3:Speed>6.4854</ns3:Speed>
								<ns3:Watts>180</ns3:Watts>
							</ns3:TPX>
						</Extensions>
					</Trackpoint>
					<Trackpoint>
						<Time>2026-02-22T11:01:19Z</Time>
						<Position>
							<LatitudeDegrees>46.627237</LatitudeDegrees>
							<LongitudeDegrees>13.869792</LongitudeDegrees>
						</Position>
						<AltitudeMeters>519.7</AltitudeMeters>
						<DistanceMeters>1437.372333</DistanceMeters>
						<HeartRateBpm>
							<Value>99</Value>
						</HeartRateBpm>
						<Cadence>75</Cadence>
						<Extensions>
							<ns3:TPX>
								<ns3:Speed>6.5208</ns3:Speed>
								<ns3:Watts>186</ns3:Watts>
							</ns3:TPX>
						</Extensions>
					</Trackpoint>
					<Trackpoint>
						<Time>2026-02-22T11:01:20Z</Time>
						<Position>
							<LatitudeDegrees>46.627249</LatitudeDegrees>
							<LongitudeDegrees>13.869704</LongitudeDegrees>
						</Position>
						<AltitudeMeters>519.9</AltitudeMeters>
						<DistanceMeters>1440.787951</DistanceMeters>
						<HeartRateBpm>
							<Value>99</Value>
						</HeartRateBpm>
						<Cadence>76</Cadence>
						<Extensions>
							<ns3:TPX>
								<ns3:Speed>6.554533</ns3:Speed>
								<ns3:Watts>199</ns3:Watts>
							</ns3:TPX>
						</Extensions>
					</Trackpoint>
					<Trackpoint>
						<Time>2026-02-22T11:01:21Z</Time>
						<Position>
							<LatitudeDegrees>46.62726</LatitudeDegrees>
							<LongitudeDegrees>13.869618</LongitudeDegrees>
						</Position>
						<AltitudeMeters>520.1</AltitudeMeters>
						<DistanceMeters>1444.153339</DistanceMeters>
						<HeartRateBpm>
							<Value>99</Value>
						</HeartRateBpm>
						<Cadence>76</Cadence>
						<Extensions>
							<ns3:TPX>
								<ns3:Speed>6.583667</ns3:Speed>
								<ns3:Watts>199</ns3:Watts>
							</ns3:TPX>
						</Extensions>
					</Trackpoint>
					<Trackpoint>
						<Time>2026-02-22T11:01:23Z</Time>
						<Position>
							<LatitudeDegrees>46.627278</LatitudeDegrees>
							<LongitudeDegrees>13.869491</LongitudeDegrees>
						</Position>
						<AltitudeMeters>520.4</AltitudeMeters>
						<DistanceMeters>1449.176306</DistanceMeters>
						<HeartRateBpm>
							<Value>99</Value>
						</HeartRateBpm>
						<Cadence>76</Cadence>
						<Extensions>
							<ns3:TPX>
								<ns3:Speed>6.609933</ns3:Speed>
								<ns3:Watts>222</ns3:Watts>
							</ns3:TPX>
						</Extensions>
					</Trackpoint>
					<Trackpoint>
						<Time>2026-02-22T11:01:24Z</Time>
						<Position>
							<LatitudeDegrees>46.627296</LatitudeDegrees>
							<LongitudeDegrees>13.869363</LongitudeDegrees>
						</Position>
						<AltitudeMeters>520.7</AltitudeMeters>
						<DistanceMeters>1454.048584</DistanceMeters>
						<HeartRateBpm>
							<Value>99</Value>
						</HeartRateBpm>
						<Cadence>76</Cadence>
						<Extensions>
							<ns3:TPX>
								<ns3:Speed>6.629467</ns3:Speed>
								<ns3:Watts>222</ns3:Watts>
							</ns3:TPX>
						</Extensions>
					</Trackpoint>
					<Trackpoint>
						<Time>2026-02-22T11:01:25Z</Time>
						<Position>
							<LatitudeDegrees>46.627308</LatitudeDegrees>
							<LongitudeDegrees>13.869279</LongitudeDegrees>
						</Position>
						<AltitudeMeters>520.8</AltitudeMeters>
						<DistanceMeters>1457.313513</DistanceMeters>
						<HeartRateBpm>
							<Value>100</Value>
						</HeartRateBpm>
						<Cadence>74</Cadence>
						<Extensions>
							<ns3:TPX>
								<ns3:Speed>6.634867</ns3:Speed>
								<ns3:Watts>213</ns3:Watts>
							</ns3:TPX>
						</Extensions>
					</Trackpoint>
					<Trackpoint>
						<Time>2026-02-22T11:01:26Z</Time>
						<Position>
							<LatitudeDegrees>46.627321</LatitudeDegrees>
							<LongitudeDegrees>13.869198</LongitudeDegrees>
						</Position>
						<AltitudeMeters>521</AltitudeMeters>
						<DistanceMeters>1460.528212</DistanceMeters>
						<HeartRateBpm>
							<Value>100</Value>
						</HeartRateBpm>
						<Cadence>74</Cadence>
						<Extensions>
							<ns3:TPX>
								<ns3:Speed>6.6354</ns3:Speed>
								<ns3:Watts>222</ns3:Watts>
							</ns3:TPX>
						</Extensions>
					</Trackpoint>
					<Trackpoint>
						<Time>2026-02-22T11:01:28Z</Time>
						<Position>
							<LatitudeDegrees>46.62734</LatitudeDegrees>
							<LongitudeDegrees>13.869078</LongitudeDegrees>
						</Position>
						<AltitudeMeters>521.3</AltitudeMeters>
						<DistanceMeters>1465.300031</DistanceMeters>
						<HeartRateBpm>
							<Value>100</Value>
						</HeartRateBpm>
						<Cadence>75</Cadence>
						<Extensions>
							<ns3:TPX>
								<ns3:Speed>6.626533</ns3:Speed>
								<ns3:Watts>227</ns3:Watts>
							</ns3:TPX>
						</Extensions>
					</Trackpoint>
					<Trackpoint>
						<Time>2026-02-22T11:01:29Z</Time>
						<Position>
							<LatitudeDegrees>46.627352</LatitudeDegrees>
							<LongitudeDegrees>13.868998</LongitudeDegrees>
						</Position>
						<AltitudeMeters>521.5</AltitudeMeters>
						<DistanceMeters>1468.414271</DistanceMeters>
						<HeartRateBpm>
							<Value>100</Value>
						</HeartRateBpm>
						<Cadence>73</Cadence>
						<Extensions>
							<ns3:TPX>
								<ns3:Speed>6.6026</ns3:Speed>
								<ns3:Watts>217</ns3:Watts>
							</ns3:TPX>
						</Extensions>
					</Trackpoint>
					<Trackpoint>
						<Time>2026-02-22T11:01:30Z</Time>
						<Position>
							<LatitudeDegrees>46.627365</LatitudeDegrees>
							<LongitudeDegrees>13.868919</LongitudeDegrees>
						</Position>
						<AltitudeMeters>521.7</AltitudeMeters>
						<DistanceMeters>1471.478281</DistanceMeters>
						<HeartRateBpm>
							<Value>102</Value>
						</HeartRateBpm>
						<Cadence>72</Cadence>
						<Extensions>
							<ns3:TPX>
								<ns3:Speed>6.570533</ns3:Speed>
								<ns3:Watts>212</ns3:Watts>
							</ns3:TPX>
						</Extensions>
					</Trackpoint>
					<Trackpoint>
						<Time>2026-02-22T11:01:31Z</Time>
						<Position>
							<LatitudeDegrees>46.627383</LatitudeDegrees>
							<LongitudeDegrees>13.868803</LongitudeDegrees>
						</Position>
						<AltitudeMeters>522</AltitudeMeters>
						<DistanceMeters>1475.948722</DistanceMeters>
						<HeartRateBpm>
							<Value>102</Value>
						</HeartRateBpm>
						<Cadence>73</Cadence>
						<Extensions>
							<ns3:TPX>
								<ns3:Speed>6.523067</ns3:Speed>
								<ns3:Watts>208</ns3:Watts>
							</ns3:TPX>
						</Extensions>
					</Trackpoint>
					<Trackpoint>
						<Time>2026-02-22T11:01:33Z</Time>
						<Position>
							<LatitudeDegrees>46.627402</LatitudeDegrees>
							<LongitudeDegrees>13.868689</LongitudeDegrees>
						</Position>
						<AltitudeMeters>522.2</AltitudeMeters>
						<DistanceMeters>1480.519622</DistanceMeters>
						<HeartRateBpm>
							<Value>102</Value>
						</HeartRateBpm>
						<Cadence>77</Cadence>
						<Extensions>
							<ns3:TPX>
								<ns3:Speed>6.478267</ns3:Speed>
								<ns3:Watts>215</ns3:Watts>
							</ns3:TPX>
						</Extensions>
					</Trackpoint>
					<Trackpoint>
						<Time>2026-02-22T11:01:34Z</Time>
						<Position>
							<LatitudeDegrees>46.62742</LatitudeDegrees>
							<LongitudeDegrees>13.868573</LongitudeDegrees>
						</Position>
						<AltitudeMeters>522.5</AltitudeMeters>
						<DistanceMeters>1485.040293</DistanceMeters>
						<HeartRateBpm>
							<Value>102</Value>
						</HeartRateBpm>
						<Cadence>75</Cadence>
						<Extensions>
							<ns3:TPX>
								<ns3:Speed>6.427533</ns3:Speed>
								<ns3:Watts>207</ns3:Watts>
							</ns3:TPX>
						</Extensions>
					</Trackpoint>
					<Trackpoint>
						<Time>2026-02-22T11:01:35Z</Time>
						<Position>
							<LatitudeDegrees>46.627433</LatitudeDegrees>
							<LongitudeDegrees>13.868495</LongitudeDegrees>
						</Position>
						<AltitudeMeters>522.6</AltitudeMeters>
						<DistanceMeters>1488.054073</DistanceMeters>
						<HeartRateBpm>
							<Value>101</Value>
						</HeartRateBpm>
						<Cadence>74</Cadence>
						<Extensions>
							<ns3:TPX>
								<ns3:Speed>6.372067</ns3:Speed>
								<ns3:Watts>191</ns3:Watts>
							</ns3:TPX>
						</Extensions>
					</Trackpoint>
					<Trackpoint>
						<Time>2026-02-22T11:01:36Z</Time>
						<Position>
							<LatitudeDegrees>46.627445</LatitudeDegrees>
							<LongitudeDegrees>13.868419</LongitudeDegrees>
						</Position>
						<AltitudeMeters>522.7</AltitudeMeters>
						<DistanceMeters>1491.118083</DistanceMeters>
						<HeartRateBpm>
							<Value>101</Value>
						</HeartRateBpm>
						<Cadence>78</Cadence>
						<Extensions>
							<ns3:TPX>
								<ns3:Speed>6.315533</ns3:Speed>
								<ns3:Watts>196</ns3:Watts>
							</ns3:TPX>
						</Extensions>
					</Trackpoint>
					<Trackpoint>
						<Time>2026-02-22T11:01:38Z</Time>
						<Position>
							<LatitudeDegrees>46.627464</LatitudeDegrees>
							<LongitudeDegrees>13.868302</LongitudeDegrees>
						</Position>
						<AltitudeMeters>522.7</AltitudeMeters>
						<DistanceMeters>1495.789443</DistanceMeters>
						<HeartRateBpm>
							<Value>101</Value>
						</HeartRateBpm>
						<Cadence>77</Cadence>
						<Extensions>
							<ns3:TPX>
								<ns3:Speed>6.277533</ns3:Speed>
								<ns3:Watts>183</ns3:Watts>
							</ns3:TPX>
						</Extensions>
					</Trackpoint>
					<Trackpoint>
						<Time>2026-02-22T11:01:39Z</Time>
						<Position>
							<LatitudeDegrees>46.627483</LatitudeDegrees>
							<LongitudeDegrees>13.868182</LongitudeDegrees>
						</Position>
						<AltitudeMeters>522.8</AltitudeMeters>
						<DistanceMeters>1500.511032</DistanceMeters>
						<HeartRateBpm>
							<Value>101</Value>
						</HeartRateBpm>
						<Cadence>81</Cadence>
						<Extensions>
							<ns3:TPX>
								<ns3:Speed>6.254533</ns3:Speed>
								<ns3:Watts>188</ns3:Watts>
							</ns3:TPX>
						</Extensions>
					</Trackpoint>
					<Trackpoint>
						<Time>2026-02-22T11:01:40Z</Time>
						<Position>
							<LatitudeDegrees>46.627483</LatitudeDegrees>
							<LongitudeDegrees>13.868182</LongitudeDegrees>
						</Position>
						<AltitudeMeters>522.8</AltitudeMeters>
						<DistanceMeters>1573.997044</DistanceMeters>
						<HeartRateBpm>
							<Value>99</Value>
						</HeartRateBpm>
						<Cadence>81</Cadence>
						<Extensions>
							<ns3:TPX>
								<ns3:Speed>6.238067</ns3:Speed>
								<ns3:Watts>188</ns3:Watts>
							</ns3:TPX>
						</Extensions>
					</Trackpoint>
					<Trackpoint>
						<Time>2026-02-22T11:01:41Z</Time>
						<Position>
							<LatitudeDegrees>46.627503</LatitudeDegrees>
							<LongitudeDegrees>13.868059</LongitudeDegrees>
						</Position>
						<AltitudeMeters>522.9</AltitudeMeters>
						<DistanceMeters>1578.969782</DistanceMeters>
						<HeartRateBpm>
							<Value>99</Value>
						</HeartRateBpm>
						<Cadence>78</Cadence>
						<Extensions>
							<ns3:TPX>
								<ns3:Speed>6.2326</ns3:Speed>
								<ns3:Watts>167</ns3:Watts>
							</ns3:TPX>
						</Extensions>
					</Trackpoint>
					<Trackpoint>
						<Time>2026-02-22T11:01:42Z</Time>
						<Position>
							<LatitudeDegrees>46.627524</LatitudeDegrees>
							<LongitudeDegrees>13.867933</LongitudeDegrees>
						</Position>
						<AltitudeMeters>522.9</AltitudeMeters>
						<DistanceMeters>1583.94252</DistanceMeters>
						<HeartRateBpm>
							<Value>99</Value>
						</HeartRateBpm>
						<Cadence>79</Cadence>
						<Extensions>
							<ns3:TPX>
								<ns3:Speed>6.243267</ns3:Speed>
								<ns3:Watts>170</ns3:Watts>
							</ns3:TPX>
						</Extensions>
					</Trackpoint>
					<Trackpoint>
						<Time>2026-02-22T11:01:43Z</Time>
						<Position>
							<LatitudeDegrees>46.627538</LatitudeDegrees>
							<LongitudeDegrees>13.867847</LongitudeDegrees>
						</Position>
						<AltitudeMeters>523</AltitudeMeters>
						<DistanceMeters>1587.358138</DistanceMeters>
						<HeartRateBpm>
							<Value>99</Value>
						</HeartRateBpm>
						<Cadence>79</Cadence>
						<Extensions>
							<ns3:TPX>
								<ns3:Speed>6.268</ns3:Speed>
								<ns3:Watts>159</ns3:Watts>
							</ns3:TPX>
						</Extensions>
					</Trackpoint>
					<Trackpoint>
						<Time>2026-02-22T11:01:44Z</Time>
						<Position>
							<LatitudeDegrees>46.627538</LatitudeDegrees>
							<LongitudeDegrees>13.867847</LongitudeDegrees>
						</Position>
						<AltitudeMeters>523</AltitudeMeters>
						<DistanceMeters>1600.719231</DistanceMeters>
						<HeartRateBpm>
							<Value>100</Value>
						</HeartRateBpm>
						<Cadence>79</Cadence>
						<Extensions>
							<ns3:TPX>
								<ns3:Speed>6.297467</ns3:Speed>
								<ns3:Watts>159</ns3:Watts>
							</ns3:TPX>
						</Extensions>
					</Trackpoint>
					<Trackpoint>
						<Time>2026-02-22T11:01:45Z</Time>
						<Position>
							<LatitudeDegrees>46.627559</LatitudeDegrees>
							<LongitudeDegrees>13.867719</LongitudeDegrees>
						</Position>
						<AltitudeMeters>523.1</AltitudeMeters>
						<DistanceMeters>1605.792428</DistanceMeters>
						<HeartRateBpm>
							<Value>100</Value>
						</HeartRateBpm>
						<Cadence>77</Cadence>
						<Extensions>
							<ns3:TPX>
								<ns3:Speed>6.331867</ns3:Speed>
								<ns3:Watts>153</ns3:Watts>
							</ns3:TPX>
						</Extensions>
					</Trackpoint>
					<Trackpoint>
						<Time>2026-02-22T11:01:46Z</Time>
						<Position>
							<LatitudeDegrees>46.627573</LatitudeDegrees>
							<LongitudeDegrees>13.867632</LongitudeDegrees>
						</Position>
						<AltitudeMeters>523.1</AltitudeMeters>
						<DistanceMeters>1609.308505</DistanceMeters>
						<HeartRateBpm>
							<Value>100</Value>
						</HeartRateBpm>
						<Cadence>78</Cadence>
						<Extensions>
							<ns3:TPX>
								<ns3:Speed>6.3754</ns3:Speed>
								<ns3:Watts>144</ns3:Watts>
							</ns3:TPX>
						</Extensions>
					</Trackpoint>
					<Trackpoint>
						<Time>2026-02-22T11:01:47Z</Time>
						<Position>
							<LatitudeDegrees>46.627595</LatitudeDegrees>
							<LongitudeDegrees>13.8675</LongitudeDegrees>
						</Position>
						<AltitudeMeters>523.2</AltitudeMeters>
						<DistanceMeters>1614.381702</DistanceMeters>
						<HeartRateBpm>
							<Value>100</Value>
						</HeartRateBpm>
						<Cadence>79</Cadence>
						<Extensions>
							<ns3:TPX>
								<ns3:Speed>6.4324</ns3:Speed>
								<ns3:Watts>147</ns3:Watts>
							</ns3:TPX>
						</Extensions>
					</Trackpoint>
					<Trackpoint>
						<Time>2026-02-22T11:01:48Z</Time>
						<Position>
							<LatitudeDegrees>46.627609</LatitudeDegrees>
							<LongitudeDegrees>13.867411</LongitudeDegrees>
						</Position>
						<AltitudeMeters>523.2</AltitudeMeters>
						<DistanceMeters>1617.897779</DistanceMeters>
						<HeartRateBpm>
							<Value>100</Value>
						</HeartRateBpm>
						<Cadence>79</Cadence>
						<Extensions>
							<ns3:TPX>
								<ns3:Speed>6.504333</ns3:Speed>
								<ns3:Watts>147</ns3:Watts>
							</ns3:TPX>
						</Extensions>
					</Trackpoint>
					<Trackpoint>
						<Time>2026-02-22T11:01:49Z</Time>
						<Position>
							<LatitudeDegrees>46.627609</LatitudeDegrees>
							<LongitudeDegrees>13.867411</LongitudeDegrees>
						</Position>
						<AltitudeMeters>523.2</AltitudeMeters>
						<DistanceMeters>1635.076327</DistanceMeters>
						<HeartRateBpm>
							<Value>107</Value>
						</HeartRateBpm>
						<Cadence>79</Cadence>
						<Extensions>
							<ns3:TPX>
								<ns3:Speed>6.5684</ns3:Speed>
								<ns3:Watts>147</ns3:Watts>
							</ns3:TPX>
						</Extensions>
					</Trackpoint>
					<Trackpoint>
						<Time>2026-02-22T11:01:50Z</Time>
						<Position>
							<LatitudeDegrees>46.627631</LatitudeDegrees>
							<LongitudeDegrees>13.867278</LongitudeDegrees>
						</Position>
						<AltitudeMeters>523.2</AltitudeMeters>
						<DistanceMeters>1640.450902</DistanceMeters>
						<HeartRateBpm>
							<Value>107</Value>
						</HeartRateBpm>
						<Cadence>80</Cadence>
						<Extensions>
							<ns3:TPX>
								<ns3:Speed>6.6322</ns3:Speed>
								<ns3:Watts>128</ns3:Watts>
							</ns3:TPX>
						</Extensions>
					</Trackpoint>
					<Trackpoint>
						<Time>2026-02-22T11:01:51Z</Time>
						<Position>
							<LatitudeDegrees>46.627646</LatitudeDegrees>
							<LongitudeDegrees>13.867187</LongitudeDegrees>
						</Position>
						<AltitudeMeters>523.2</AltitudeMeters>
						<DistanceMeters>1643.966979</DistanceMeters>
						<HeartRateBpm>
							<Value>107</Value>
						</HeartRateBpm>
						<Cadence>80</Cadence>
						<Extensions>
							<ns3:TPX>
								<ns3:Speed>6.696533</ns3:Speed>
								<ns3:Watts>114</ns3:Watts>
							</ns3:TPX>
						</Extensions>
					</Trackpoint>
					<Trackpoint>
						<Time>2026-02-22T11:01:52Z</Time>
						<Position>
							<LatitudeDegrees>46.627667</LatitudeDegrees>
							<LongitudeDegrees>13.867054</LongitudeDegrees>
						</Position>
						<AltitudeMeters>523.2</AltitudeMeters>
						<DistanceMeters>1649.140636</DistanceMeters>
						<HeartRateBpm>
							<Value>107</Value>
						</HeartRateBpm>
						<Cadence>79</Cadence>
						<Extensions>
							<ns3:TPX>
								<ns3:Speed>6.7588</ns3:Speed>
								<ns3:Watts>112</ns3:Watts>
							</ns3:TPX>
						</Extensions>
					</Trackpoint>
					<Trackpoint>
						<Time>2026-02-22T11:01:53Z</Time>
						<Position>
							<LatitudeDegrees>46.627667</LatitudeDegrees>
							<LongitudeDegrees>13.867054</LongitudeDegrees>
						</Position>
						<AltitudeMeters>523.2</AltitudeMeters>
						<DistanceMeters>1663.204944</DistanceMeters>
						<HeartRateBpm>
							<Value>107</Value>
						</HeartRateBpm>
						<Cadence>79</Cadence>
						<Extensions>
							<ns3:TPX>
								<ns3:Speed>6.8118</ns3:Speed>
								<ns3:Watts>112</ns3:Watts>
							</ns3:TPX>
						</Extensions>
					</Trackpoint>
					<Trackpoint>
						<Time>2026-02-22T11:01:54Z</Time>
						<Position>
							<LatitudeDegrees>46.627689</LatitudeDegrees>
							<LongitudeDegrees>13.866921</LongitudeDegrees>
						</Position>
						<AltitudeMeters>523.2</AltitudeMeters>
						<DistanceMeters>1668.629749</DistanceMeters>
						<HeartRateBpm>
							<Value>107</Value>
						</HeartRateBpm>
						<Cadence>81</Cadence>
						<Extensions>
							<ns3:TPX>
								<ns3:Speed>6.862333</ns3:Speed>
								<ns3:Watts>91</ns3:Watts>
							</ns3:TPX>
						</Extensions>
					</Trackpoint>
					<Trackpoint>
						<Time>2026-02-22T11:01:55Z</Time>
						<Position>
							<LatitudeDegrees>46.627712</LatitudeDegrees>
							<LongitudeDegrees>13.86678</LongitudeDegrees>
						</Position>
						<AltitudeMeters>523.1</AltitudeMeters>
						<DistanceMeters>1674.155013</DistanceMeters>
						<HeartRateBpm>
							<Value>107</Value>
						</HeartRateBpm>
						<Cadence>82</Cadence>
						<Extensions>
							<ns3:TPX>
								<ns3:Speed>6.944</ns3:Speed>
								<ns3:Watts>84</ns3:Watts>
							</ns3:TPX>
						</Extensions>
					</Trackpoint>
					<Trackpoint>
						<Time>2026-02-22T11:01:56Z</Time>
						<Position>
							<LatitudeDegrees>46.627729</LatitudeDegrees>
							<LongitudeDegrees>13.866682</LongitudeDegrees>
						</Position>
						<AltitudeMeters>522.9</AltitudeMeters>
						<DistanceMeters>1678.173387</DistanceMeters>
						<HeartRateBpm>
							<Value>107</Value>
						</HeartRateBpm>
						<Cadence>81</Cadence>
						<Extensions>
							<ns3:TPX>
								<ns3:Speed>7.039067</ns3:Speed>
								<ns3:Watts>65</ns3:Watts>
							</ns3:TPX>
						</Extensions>
					</Trackpoint>
					<Trackpoint>
						<Time>2026-02-22T11:01:58Z</Time>
						<Position>
							<LatitudeDegrees>46.627754</LatitudeDegrees>
							<LongitudeDegrees>13.866528</LongitudeDegrees>
						</Position>
						<AltitudeMeters>522.4</AltitudeMeters>
						<DistanceMeters>1684.502326</DistanceMeters>
						<HeartRateBpm>
							<Value>107</Value>
						</HeartRateBpm>
						<Cadence>81</Cadence>
						<Extensions>
							<ns3:TPX>
								<ns3:Speed>7.156533</ns3:Speed>
								<ns3:Watts>51</ns3:Watts>
							</ns3:TPX>
						</Extensions>
					</Trackpoint>
					<Trackpoint>
						<Time>2026-02-22T11:01:59Z</Time>
						<Position>
							<LatitudeDegrees>46.627724</LatitudeDegrees>
							<LongitudeDegrees>13.866378</LongitudeDegrees>
						</Position>
						<AltitudeMeters>521.1</AltitudeMeters>
						<DistanceMeters>1691.082413</DistanceMeters>
						<HeartRateBpm>
							<Value>109</Value>
						</HeartRateBpm>
						<Cadence>81</Cadence>
						<Extensions>
							<ns3:TPX>
								<ns3:Speed>7.303467</ns3:Speed>
								<ns3:Watts>36</ns3:Watts>
							</ns3:TPX>
						</Extensions>
					</Trackpoint>
					<Trackpoint>
						<Time>2026-02-22T11:02:00Z</Time>
						<Position>
							<LatitudeDegrees>46.627646</LatitudeDegrees>
							<LongitudeDegrees>13.866344</LongitudeDegrees>
						</Position>
						<AltitudeMeters>520.1</AltitudeMeters>
						<DistanceMeters>1695.804002</DistanceMeters>
						<HeartRateBpm>
							<Value>109</Value>
						</HeartRateBpm>
						<Cadence>83</Cadence>
						<Extensions>
							<ns3:TPX>
								<ns3:Speed>7.472933</ns3:Speed>
								<ns3:Watts>38</ns3:Watts>
							</ns3:TPX>
						</Extensions>
					</Trackpoint>
					<Trackpoint>
						<Time>2026-02-22T11:02:01Z</Time>
						<Position>
							<LatitudeDegrees>46.627646</LatitudeDegrees>
							<LongitudeDegrees>13.866344</LongitudeDegrees>
						</Position>
						<AltitudeMeters>520.1</AltitudeMeters>
						<DistanceMeters>1728.40306</DistanceMeters>
						<HeartRateBpm>
							<Value>109</Value>
						</HeartRateBpm>
						<Cadence>83</Cadence>
						<Extensions>
							<ns3:TPX>
								<ns3:Speed>7.638</ns3:Speed>
								<ns3:Watts>38</ns3:Watts>
							</ns3:TPX>
						</Extensions>
					</Trackpoint>
					<Trackpoint>
						<Time>2026-02-22T11:02:02Z</Time>
						<Position>
							<LatitudeDegrees>46.627524</LatitudeDegrees>
							<LongitudeDegrees>13.866291</LongitudeDegrees>
						</Position>
						<AltitudeMeters>518.2</AltitudeMeters>
						<DistanceMeters>1735.535674</DistanceMeters>
						<HeartRateBpm>
							<Value>109</Value>
						</HeartRateBpm>
						<Cadence>82</Cadence>
						<Extensions>
							<ns3:TPX>
								<ns3:Speed>7.8334</ns3:Speed>
								<ns3:Watts>37</ns3:Watts>
							</ns3:TPX>
						</Extensions>
					</Trackpoint>
					<Trackpoint>
						<Time>2026-02-22T11:02:03Z</Time>
						<Position>
							<LatitudeDegrees>46.627396</LatitudeDegrees>
							<LongitudeDegrees>13.866235</LongitudeDegrees>
						</Position>
						<AltitudeMeters>516.3</AltitudeMeters>
						<DistanceMeters>1743.170584</DistanceMeters>
						<HeartRateBpm>
							<Value>109</Value>
						</HeartRateBpm>
						<Cadence>81</Cadence>
						<Extensions>
							<ns3:TPX>
								<ns3:Speed>8.056467</ns3:Speed>
								<ns3:Watts>36</ns3:Watts>
							</ns3:TPX>
						</Extensions>
					</Trackpoint>
					<Trackpoint>
						<Time>2026-02-22T11:02:04Z</Time>
						<Position>
							<LatitudeDegrees>46.627396</LatitudeDegrees>
							<LongitudeDegrees>13.866235</LongitudeDegrees>
						</Position>
						<AltitudeMeters>516.3</AltitudeMeters>
						<DistanceMeters>1757.938108</DistanceMeters>
						<HeartRateBpm>
							<Value>109</Value>
						</HeartRateBpm>
						<Cadence>81</Cadence>
						<Extensions>
							<ns3:TPX>
								<ns3:Speed>8.273667</ns3:Speed>
								<ns3:Watts>36</ns3:Watts>
							</ns3:TPX>
						</Extensions>
					</Trackpoint>
					<Trackpoint>
						<Time>2026-02-22T11:02:05Z</Time>
						<Position>
							<LatitudeDegrees>46.627261</LatitudeDegrees>
							<LongitudeDegrees>13.866175</LongitudeDegrees>
						</Position>
						<AltitudeMeters>514.7</AltitudeMeters>
						<DistanceMeters>1765.874397</DistanceMeters>
						<HeartRateBpm>
							<Value>109</Value>
						</HeartRateBpm>
						<Cadence>81</Cadence>
						<Extensions>
							<ns3:TPX>
								<ns3:Speed>8.5238</ns3:Speed>
								<ns3:Watts>36</ns3:Watts>
							</ns3:TPX>
						</Extensions>
					</Trackpoint>
					<Trackpoint>
						<Time>2026-02-22T11:02:06Z</Time>
						<Position>
							<LatitudeDegrees>46.62712</LatitudeDegrees>
							<LongitudeDegrees>13.866114</LongitudeDegrees>
						</Position>
						<AltitudeMeters>513.6</AltitudeMeters>
						<DistanceMeters>1774.262752</DistanceMeters>
						<HeartRateBpm>
							<Value>109</Value>
						</HeartRateBpm>
						<Cadence>81</Cadence>
						<Extensions>
							<ns3:TPX>
								<ns3:Speed>8.806467</ns3:Speed>
								<ns3:Watts>36</ns3:Watts>
							</ns3:TPX>
						</Extensions>
					</Trackpoint>
					<Trackpoint>
						<Time>2026-02-22T11:02:07Z</Time>
						<Position>
							<LatitudeDegrees>46.627041</LatitudeDegrees>
							<LongitudeDegrees>13.866052</LongitudeDegrees>
						</Position>
						<AltitudeMeters>513.2</AltitudeMeters>
						<DistanceMeters>1780.089394</DistanceMeters>
						<HeartRateBpm>
							<Value>109</Value>
						</HeartRateBpm>
						<Cadence>84</Cadence>
						<Extensions>
							<ns3:TPX>
								<ns3:Speed>9.1156</ns3:Speed>
								<ns3:Watts>39</ns3:Watts>
							</ns3:TPX>
						</Extensions>
					</Trackpoint>
					<Trackpoint>
						<Time>2026-02-22T11:02:08Z</Time>
						<Position>
							<LatitudeDegrees>46.627062</LatitudeDegrees>
							<LongitudeDegrees>13.865904</LongitudeDegrees>
						</Position>
						<AltitudeMeters>512.9</AltitudeMeters>
						<DistanceMeters>1786.317874</DistanceMeters>
						<HeartRateBpm>
							<Value>109</Value>
						</HeartRateBpm>
						<Cadence>85</Cadence>
						<Extensions>
							<ns3:TPX>
								<ns3:Speed>9.445067</ns3:Speed>
								<ns3:Watts>40</ns3:Watts>
							</ns3:TPX>
						</Extensions>
					</Trackpoint>
					<Trackpoint>
						<Time>2026-02-22T11:02:09Z</Time>
						<Position>
							<LatitudeDegrees>46.627062</LatitudeDegrees>
							<LongitudeDegrees>13.865904</LongitudeDegrees>
						</Position>
						<AltitudeMeters>512.9</AltitudeMeters>
						<DistanceMeters>1814.697639</DistanceMeters>
						<HeartRateBpm>
							<Value>108</Value>
						</HeartRateBpm>
						<Cadence>85</Cadence>
						<Extensions>
							<ns3:TPX>
								<ns3:Speed>9.774533</ns3:Speed>
								<ns3:Watts>40</ns3:Watts>
							</ns3:TPX>
						</Extensions>
					</Trackpoint>
					<Trackpoint>
						<Time>2026-02-22T11:02:10Z</Time>
						<Position>
							<LatitudeDegrees>46.627101</LatitudeDegrees>
							<LongitudeDegrees>13.865674</LongitudeDegrees>
						</Position>
						<AltitudeMeters>512.9</AltitudeMeters>
						<DistanceMeters>1823.588291</DistanceMeters>
						<HeartRateBpm>
							<Value>108</Value>
						</HeartRateBpm>
						<Cadence>86</Cadence>
						<Extensions>
							<ns3:TPX>
								<ns3:Speed>10.124867</ns3:Speed>
								<ns3:Watts>41</ns3:Watts>
							</ns3:TPX>
						</Extensions>
					</Trackpoint>
					<Trackpoint>
						<Time>2026-02-22T11:02:11Z</Time>
						<Position>
							<LatitudeDegrees>46.62712</LatitudeDegrees>
							<LongitudeDegrees>13.865512</LongitudeDegrees>
						</Position>
						<AltitudeMeters>513</AltitudeMeters>
						<DistanceMeters>1829.867001</DistanceMeters>
						<HeartRateBpm>
							<Value>108</Value>
						</HeartRateBpm>
						<Cadence>84</Cadence>
						<Extensions>
							<ns3:TPX>
								<ns3:Speed>10.4384</ns3:Speed>
								<ns3:Watts>55</ns3:Watts>
							</ns3:TPX>
						</Extensions>
					</Trackpoint>
					<Trackpoint>
						<Time>2026-02-22T11:02:12Z</Time>
						<Position>
							<LatitudeDegrees>46.627152</LatitudeDegrees>
							<LongitudeDegrees>13.86528</LongitudeDegrees>
						</Position>
						<AltitudeMeters>513.3</AltitudeMeters>
						<DistanceMeters>1838.807882</DistanceMeters>
						<HeartRateBpm>
							<Value>108</Value>
						</HeartRateBpm>
						<Cadence>85</Cadence>
						<Extensions>
							<ns3:TPX>
								<ns3:Speed>10.679733</ns3:Speed>
								<ns3:Watts>73</ns3:Watts>
							</ns3:TPX>
						</Extensions>
					</Trackpoint>
					<Trackpoint>
						<Time>2026-02-22T11:02:13Z</Time>
						<Position>
							<LatitudeDegrees>46.627179</LatitudeDegrees>
							<LongitudeDegrees>13.865135</LongitudeDegrees>
						</Position>
						<AltitudeMeters>513.7</AltitudeMeters>
						<DistanceMeters>1844.433606</DistanceMeters>
						<HeartRateBpm>
							<Value>107</Value>
						</HeartRateBpm>
						<Cadence>87</Cadence>
						<Extensions>
							<ns3:TPX>
								<ns3:Speed>10.854333</ns3:Speed>
								<ns3:Watts>94</ns3:Watts>
							</ns3:TPX>
						</Extensions>
					</Trackpoint>
					<Trackpoint>
						<Time>2026-02-22T11:02:15Z</Time>
						<Position>
							<LatitudeDegrees>46.627229</LatitudeDegrees>
							<LongitudeDegrees>13.864935</LongitudeDegrees>
						</Position>
						<AltitudeMeters>514.3</AltitudeMeters>
						<DistanceMeters>1852.369894</DistanceMeters>
						<HeartRateBpm>
							<Value>107</Value>
						</HeartRateBpm>
						<Cadence>84</Cadence>
						<Extensions>
							<ns3:TPX>
								<ns3:Speed>10.946467</ns3:Speed>
								<ns3:Watts>112</ns3:Watts>
							</ns3:TPX>
						</Extensions>
					</Trackpoint>
					<Trackpoint>
						<Time>2026-02-22T11:02:16Z</Time>
						<Position>
							<LatitudeDegrees>46.62727</LatitudeDegrees>
							<LongitudeDegrees>13.864815</LongitudeDegrees>
						</Position>
						<AltitudeMeters>514.9</AltitudeMeters>
						<DistanceMeters>1857.392862</DistanceMeters>
						<HeartRateBpm>
							<Value>107</Value>
						</HeartRateBpm>
						<Cadence>84</Cadence>
						<Extensions>
							<ns3:TPX>
								<ns3:Speed>10.982667</ns3:Speed>
								<ns3:Watts>112</ns3:Watts>
							</ns3:TPX>
						</Extensions>
					</Trackpoint>
					<Trackpoint>
						<Time>2026-02-22T11:02:17Z</Time>
						<Position>
							<LatitudeDegrees>46.627315</LatitudeDegrees>
							<LongitudeDegrees>13.864707</LongitudeDegrees>
						</Position>
						<AltitudeMeters>515.5</AltitudeMeters>
						<DistanceMeters>1862.164681</DistanceMeters>
						<HeartRateBpm>
							<Value>107</Value>
						</HeartRateBpm>
						<Cadence>85</Cadence>
						<Extensions>
							<ns3:TPX>
								<ns3:Speed>10.9854</ns3:Speed>
								<ns3:Watts>129</ns3:Watts>
							</ns3:TPX>
						</Extensions>
					</Trackpoint>
					<Trackpoint>
						<Time>2026-02-22T11:02:18Z</Time>
						<Position>
							<LatitudeDegrees>46.627396</LatitudeDegrees>
							<LongitudeDegrees>13.864574</LongitudeDegrees>
						</Position>
						<AltitudeMeters>516.5</AltitudeMeters>
						<DistanceMeters>1868.794997</DistanceMeters>
						<HeartRateBpm>
							<Value>107</Value>
						</HeartRateBpm>
						<Cadence>84</Cadence>
						<Extensions>
							<ns3:TPX>
								<ns3:Speed>10.905733</ns3:Speed>
								<ns3:Watts>126</ns3:Watts>
							</ns3:TPX>
						</Extensions>
					</Trackpoint>
					<Trackpoint>
						<Time>2026-02-22T11:02:19Z</Time>
						<Position>
							<LatitudeDegrees>46.627458</LatitudeDegrees>
							<LongitudeDegrees>13.864509</LongitudeDegrees>
						</Position>
						<AltitudeMeters>517.1</AltitudeMeters>
						<DistanceMeters>1872.913831</DistanceMeters>
						<HeartRateBpm>
							<Value>102</Value>
						</HeartRateBpm>
						<Cadence>84</Cadence>
						<Extensions>
							<ns3:TPX>
								<ns3:Speed>10.7596</ns3:Speed>
								<ns3:Watts>140</ns3:Watts>
							</ns3:TPX>
						</Extensions>
					</Trackpoint>
					<Trackpoint>
						<Time>2026-02-22T11:02:20Z</Time>
						<Position>
							<LatitudeDegrees>46.627518</LatitudeDegrees>
							<LongitudeDegrees>13.864454</LongitudeDegrees>
						</Position>
						<AltitudeMeters>517.7</AltitudeMeters>
						<DistanceMeters>1876.982434</DistanceMeters>
						<HeartRateBpm>
							<Value>102</Value>
						</HeartRateBpm>
						<Cadence>86</Cadence>
						<Extensions>
							<ns3:TPX>
								<ns3:Speed>10.578733</ns3:Speed>
								<ns3:Watts>160</ns3:Watts>
							</ns3:TPX>
						</Extensions>
					</Trackpoint>
					<Trackpoint>
						<Time>2026-02-22T11:02:22Z</Time>
						<Position>
							<LatitudeDegrees>46.627599</LatitudeDegrees>
							<LongitudeDegrees>13.864372</LongitudeDegrees>
						</Position>
						<AltitudeMeters>518.4</AltitudeMeters>
						<DistanceMeters>1882.105861</DistanceMeters>
						<HeartRateBpm>
							<Value>102</Value>
						</HeartRateBpm>
						<Cadence>86</Cadence>
						<Extensions>
							<ns3:TPX>
								<ns3:Speed>10.316467</ns3:Speed>
								<ns3:Watts>171</ns3:Watts>
							</ns3:TPX>
						</Extensions>
					</Trackpoint>
					<Trackpoint>
						<Time>2026-02-22T11:02:23Z</Time>
						<Position>
							<LatitudeDegrees>46.627643</LatitudeDegrees>
							<LongitudeDegrees>13.86431</LongitudeDegrees>
						</Position>
						<AltitudeMeters>518.8</AltitudeMeters>
						<DistanceMeters>1885.37079</DistanceMeters>
						<HeartRateBpm>
							<Value>102</Value>
						</HeartRateBpm>
						<Cadence>82</Cadence>
						<Extensions>
							<ns3:TPX>
								<ns3:Speed>9.9878</ns3:Speed>
								<ns3:Watts>170</ns3:Watts>
							</ns3:TPX>
						</Extensions>
					</Trackpoint>
					<Trackpoint>
						<Time>2026-02-22T11:02:24Z</Time>
						<Position>
							<LatitudeDegrees>46.627696</LatitudeDegrees>
							<LongitudeDegrees>13.864221</LongitudeDegrees>
						</Position>
						<AltitudeMeters>519.3</AltitudeMeters>
						<DistanceMeters>1889.791001</DistanceMeters>
						<HeartRateBpm>
							<Value>93</Value>
						</HeartRateBpm>
						<Cadence>79</Cadence>
						<Extensions>
							<ns3:TPX>
								<ns3:Speed>9.5866</ns3:Speed>
								<ns3:Watts>170</ns3:Watts>
							</ns3:TPX>
						</Extensions>
					</Trackpoint>
					<Trackpoint>
						<Time>2026-02-22T11:02:25Z</Time>
						<Position>
							<LatitudeDegrees>46.627696</LatitudeDegrees>
							<LongitudeDegrees>13.864221</LongitudeDegrees>
						</Position>
						<AltitudeMeters>519.3</AltitudeMeters>
						<DistanceMeters>1964.884363</DistanceMeters>
						<HeartRateBpm>
							<Value>93</Value>
						</HeartRateBpm>
						<Cadence>79</Cadence>
						<Extensions>
							<ns3:TPX>
								<ns3:Speed>9.162467</ns3:Speed>
								<ns3:Watts>170</ns3:Watts>
							</ns3:TPX>
						</Extensions>
					</Trackpoint>
					<Trackpoint>
						<Time>2026-02-22T11:02:26Z</Time>
						<Position>
							<LatitudeDegrees>46.627738</LatitudeDegrees>
							<LongitudeDegrees>13.864136</LongitudeDegrees>
						</Position>
						<AltitudeMeters>519.7</AltitudeMeters>
						<DistanceMeters>1968.701818</DistanceMeters>
						<HeartRateBpm>
							<Value>93</Value>
						</HeartRateBpm>
						<Cadence>79</Cadence>
						<Extensions>
							<ns3:TPX>
								<ns3:Speed>8.6888</ns3:Speed>
								<ns3:Watts>190</ns3:Watts>
							</ns3:TPX>
						</Extensions>
					</Trackpoint>
					<Trackpoint>
						<Time>2026-02-22T11:02:27Z</Time>
						<Position>
							<LatitudeDegrees>46.627769</LatitudeDegrees>
							<LongitudeDegrees>13.864058</LongitudeDegrees>
						</Position>
						<AltitudeMeters>520</AltitudeMeters>
						<DistanceMeters>1971.966747</DistanceMeters>
						<HeartRateBpm>
							<Value>93</Value>
						</HeartRateBpm>
						<Cadence>77</Cadence>
						<Extensions>
							<ns3:TPX>
								<ns3:Speed>8.1334</ns3:Speed>
								<ns3:Watts>193</ns3:Watts>
							</ns3:TPX>
						</Extensions>
					</Trackpoint>
					<Trackpoint>
						<Time>2026-02-22T11:02:28Z</Time>
						<Position>
							<LatitudeDegrees>46.627769</LatitudeDegrees>
							<LongitudeDegrees>13.864058</LongitudeDegrees>
						</Position>
						<AltitudeMeters>520</AltitudeMeters>
						<DistanceMeters>1979.04913</DistanceMeters>
						<HeartRateBpm>
							<Value>94</Value>
						</HeartRateBpm>
						<Cadence>77</Cadence>
						<Extensions>
							<ns3:TPX>
								<ns3:Speed>7.583667</ns3:Speed>
								<ns3:Watts>193</ns3:Watts>
							</ns3:TPX>
						</Extensions>
					</Trackpoint>
					<Trackpoint>
						<Time>2026-02-22T11:02:29Z</Time>
						<Position>
							<LatitudeDegrees>46.627798</LatitudeDegrees>
							<LongitudeDegrees>13.863993</LongitudeDegrees>
						</Position>
						<AltitudeMeters>520.2</AltitudeMeters>
						<DistanceMeters>1981.962451</DistanceMeters>
						<HeartRateBpm>
							<Value>94</Value>
						</HeartRateBpm>
						<Cadence>77</Cadence>
						<Extensions>
							<ns3:TPX>
								<ns3:Speed>7.074933</ns3:Speed>
								<ns3:Watts>203</ns3:Watts>
							</ns3:TPX>
						</Extensions>
					</Trackpoint>
					<Trackpoint>
						<Time>2026-02-22T11:02:30Z</Time>
						<Position>
							<LatitudeDegrees>46.62783</LatitudeDegrees>
							<LongitudeDegrees>13.863929</LongitudeDegrees>
						</Position>
						<AltitudeMeters>520.5</AltitudeMeters>
						<DistanceMeters>1985.126921</DistanceMeters>
						<HeartRateBpm>
							<Value>94</Value>
						</HeartRateBpm>
						<Cadence>75</Cadence>
						<Extensions>
							<ns3:TPX>
								<ns3:Speed>6.617933</ns3:Speed>
								<ns3:Watts>207</ns3:Watts>
							</ns3:TPX>
						</Extensions>
					</Trackpoint>
					<Trackpoint>
						<Time>2026-02-22T11:02:31Z</Time>
						<Position>
							<LatitudeDegrees>46.62783</LatitudeDegrees>
							<LongitudeDegrees>13.863929</LongitudeDegrees>
						</Position>
						<AltitudeMeters>520.5</AltitudeMeters>
						<DistanceMeters>1991.204711</DistanceMeters>
						<HeartRateBpm>
							<Value>94</Value>
						</HeartRateBpm>
						<Cadence>75</Cadence>
						<Extensions>
							<ns3:TPX>
								<ns3:Speed>6.210667</ns3:Speed>
								<ns3:Watts>207</ns3:Watts>
							</ns3:TPX>
						</Extensions>
					</Trackpoint>
					<Trackpoint>
						<Time>2026-02-22T11:02:32Z</Time>
						<Position>
							<LatitudeDegrees>46.627867</LatitudeDegrees>
							<LongitudeDegrees>13.863863</LongitudeDegrees>
						</Position>
						<AltitudeMeters>520.7</AltitudeMeters>
						<DistanceMeters>1994.51987</DistanceMeters>
						<HeartRateBpm>
							<Value>94</Value>
						</HeartRateBpm>
						<Cadence>76</Cadence>
						<Extensions>
							<ns3:TPX>
								<ns3:Speed>5.8624</ns3:Speed>
								<ns3:Watts>231</ns3:Watts>
							</ns3:TPX>
						</Extensions>
					</Trackpoint>
					<Trackpoint>
						<Time>2026-02-22T11:02:33Z</Time>
						<Position>
							<LatitudeDegrees>46.627895</LatitudeDegrees>
							<LongitudeDegrees>13.863818</LongitudeDegrees>
						</Position>
						<AltitudeMeters>520.9</AltitudeMeters>
						<DistanceMeters>1996.930894</DistanceMeters>
						<HeartRateBpm>
							<Value>94</Value>
						</HeartRateBpm>
						<Cadence>71</Cadence>
						<Extensions>
							<ns3:TPX>
								<ns3:Speed>5.561333</ns3:Speed>
								<ns3:Watts>216</ns3:Watts>
							</ns3:TPX>
						</Extensions>
					</Trackpoint>
					<Trackpoint>
						<Time>2026-02-22T11:02:34Z</Time>
						<Position>
							<LatitudeDegrees>46.627926</LatitudeDegrees>
							<LongitudeDegrees>13.863773</LongitudeDegrees>
						</Position>
						<AltitudeMeters>521</AltitudeMeters>
						<DistanceMeters>1999.392148</DistanceMeters>
						<HeartRateBpm>
							<Value>93</Value>
						</HeartRateBpm>
						<Cadence>74</Cadence>
						<Extensions>
							<ns3:TPX>
								<ns3:Speed>5.323867</ns3:Speed>
								<ns3:Watts>231</ns3:Watts>
							</ns3:TPX>
						</Extensions>
					</Trackpoint>
					<Trackpoint>
						<Time>2026-02-22T11:02:35Z</Time>
						<Position>
							<LatitudeDegrees>46.627983</LatitudeDegrees>
							<LongitudeDegrees>13.863716</LongitudeDegrees>
						</Position>
						<AltitudeMeters>521.2</AltitudeMeters>
						<DistanceMeters>2003.410522</DistanceMeters>
						<HeartRateBpm>
							<Value>93</Value>
						</HeartRateBpm>
						<Cadence>78</Cadence>
						<Extensions>
							<ns3:TPX>
								<ns3:Speed>5.148867</ns3:Speed>
								<ns3:Watts>241</ns3:Watts>
							</ns3:TPX>
						</Extensions>
					</Trackpoint>
					<Trackpoint>
						<Time>2026-02-22T11:02:36Z</Time>
						<Position>
							<LatitudeDegrees>46.628025</LatitudeDegrees>
							<LongitudeDegrees>13.863675</LongitudeDegrees>
						</Position>
						<AltitudeMeters>521.4</AltitudeMeters>
						<DistanceMeters>2006.223384</DistanceMeters>
						<HeartRateBpm>
							<Value>93</Value>
						</HeartRateBpm>
						<Cadence>77</Cadence>
						<Extensions>
							<ns3:TPX>
								<ns3:Speed>5.0246</ns3:Speed>
								<ns3:Watts>236</ns3:Watts>
							</ns3:TPX>
						</Extensions>
					</Trackpoint>
					<Trackpoint>
						<Time>2026-02-22T11:02:37Z</Time>
						<Position>
							<LatitudeDegrees>46.628067</LatitudeDegrees>
							<LongitudeDegrees>13.863633</LongitudeDegrees>
						</Position>
						<AltitudeMeters>521.5</AltitudeMeters>
						<DistanceMeters>2009.136705</DistanceMeters>
						<HeartRateBpm>
							<Value>93</Value>
						</HeartRateBpm>
						<Cadence>74</Cadence>
						<Extensions>
							<ns3:TPX>
								<ns3:Speed>4.9532</ns3:Speed>
								<ns3:Watts>213</ns3:Watts>
							</ns3:TPX>
						</Extensions>
					</Trackpoint>
					<Trackpoint>
						<Time>2026-02-22T11:02:39Z</Time>
						<Position>
							<LatitudeDegrees>46.628077</LatitudeDegrees>
							<LongitudeDegrees>13.863539</LongitudeDegrees>
						</Position>
						<AltitudeMeters>521.6</AltitudeMeters>
						<DistanceMeters>2013.506686</DistanceMeters>
						<HeartRateBpm>
							<Value>97</Value>
						</HeartRateBpm>
						<Cadence>76</Cadence>
						<Extensions>
							<ns3:TPX>
								<ns3:Speed>4.922933</ns3:Speed>
								<ns3:Watts>199</ns3:Watts>
							</ns3:TPX>
						</Extensions>
					</Trackpoint>
					<Trackpoint>
						<Time>2026-02-22T11:02:40Z</Time>
						<Position>
							<LatitudeDegrees>46.628039</LatitudeDegrees>
							<LongitudeDegrees>13.863445</LongitudeDegrees>
						</Position>
						<AltitudeMeters>521.7</AltitudeMeters>
						<DistanceMeters>2018.027357</DistanceMeters>
						<HeartRateBpm>
							<Value>97</Value>
						</HeartRateBpm>
						<Cadence>74</Cadence>
						<Extensions>
							<ns3:TPX>
								<ns3:Speed>4.950667</ns3:Speed>
								<ns3:Watts>191</ns3:Watts>
							</ns3:TPX>
						</Extensions>
					</Trackpoint>
					<Trackpoint>
						<Time>2026-02-22T11:02:41Z</Time>
						<Position>
							<LatitudeDegrees>46.627995</LatitudeDegrees>
							<LongitudeDegrees>13.863398</LongitudeDegrees>
						</Position>
						<AltitudeMeters>521.7</AltitudeMeters>
						<DistanceMeters>2021.091367</DistanceMeters>
						<HeartRateBpm>
							<Value>97</Value>
						</HeartRateBpm>
						<Cadence>77</Cadence>
						<Extensions>
							<ns3:TPX>
								<ns3:Speed>4.988</ns3:Speed>
								<ns3:Watts>193</ns3:Watts>
							</ns3:TPX>
						</Extensions>
					</Trackpoint>
					<Trackpoint>
						<Time>2026-02-22T11:02:42Z</Time>
						<Position>
							<LatitudeDegrees>46.627995</LatitudeDegrees>
							<LongitudeDegrees>13.863398</LongitudeDegrees>
						</Position>
						<AltitudeMeters>521.7</AltitudeMeters>
						<DistanceMeters>2050.978023</DistanceMeters>
						<HeartRateBpm>
							<Value>97</Value>
						</HeartRateBpm>
						<Cadence>77</Cadence>
						<Extensions>
							<ns3:TPX>
								<ns3:Speed>5.074867</ns3:Speed>
								<ns3:Watts>193</ns3:Watts>
							</ns3:TPX>
						</Extensions>
					</Trackpoint>
					<Trackpoint>
						<Time>2026-02-22T11:02:43Z</Time>
						<Position>
							<LatitudeDegrees>46.627923</LatitudeDegrees>
							<LongitudeDegrees>13.863337</LongitudeDegrees>
						</Position>
						<AltitudeMeters>521.8</AltitudeMeters>
						<DistanceMeters>2055.699612</DistanceMeters>
						<HeartRateBpm>
							<Value>97</Value>
						</HeartRateBpm>
						<Cadence>76</Cadence>
						<Extensions>
							<ns3:TPX>
								<ns3:Speed>5.2268</ns3:Speed>
								<ns3:Watts>189</ns3:Watts>
							</ns3:TPX>
						</Extensions>
					</Trackpoint>
					<Trackpoint>
						<Time>2026-02-22T11:02:44Z</Time>
						<Position>
							<LatitudeDegrees>46.627847</LatitudeDegrees>
							<LongitudeDegrees>13.863276</LongitudeDegrees>
						</Position>
						<AltitudeMeters>521.9</AltitudeMeters>
						<DistanceMeters>2060.62212</DistanceMeters>
						<HeartRateBpm>
							<Value>102</Value>
						</HeartRateBpm>
						<Cadence>77</Cadence>
						<Extensions>
							<ns3:TPX>
								<ns3:Speed>5.392133</ns3:Speed>
								<ns3:Watts>193</ns3:Watts>
							</ns3:TPX>
						</Extensions>
					</Trackpoint>
					<Trackpoint>
						<Time>2026-02-22T11:02:45Z</Time>
						<Position>
							<LatitudeDegrees>46.627847</LatitudeDegrees>
							<LongitudeDegrees>13.863276</LongitudeDegrees>
						</Position>
						<AltitudeMeters>521.9</AltitudeMeters>
						<DistanceMeters>2070.266217</DistanceMeters>
						<HeartRateBpm>
							<Value>102</Value>
						</HeartRateBpm>
						<Cadence>77</Cadence>
						<Extensions>
							<ns3:TPX>
								<ns3:Speed>5.5664</ns3:Speed>
								<ns3:Watts>193</ns3:Watts>
							</ns3:TPX>
						</Extensions>
					</Trackpoint>
					<Trackpoint>
						<Time>2026-02-22T11:02:46Z</Time>
						<Position>
							<LatitudeDegrees>46.627804</LatitudeDegrees>
							<LongitudeDegrees>13.863187</LongitudeDegrees>
						</Position>
						<AltitudeMeters>522.1</AltitudeMeters>
						<DistanceMeters>2075.238955</DistanceMeters>
						<HeartRateBpm>
							<Value>102</Value>
						</HeartRateBpm>
						<Cadence>76</Cadence>
						<Extensions>
							<ns3:TPX>
								<ns3:Speed>5.7274</ns3:Speed>
								<ns3:Watts>189</ns3:Watts>
							</ns3:TPX>
						</Extensions>
					</Trackpoint>
					<Trackpoint>
						<Time>2026-02-22T11:02:47Z</Time>
						<Position>
							<LatitudeDegrees>46.627815</LatitudeDegrees>
							<LongitudeDegrees>13.863058</LongitudeDegrees>
						</Position>
						<AltitudeMeters>522.3</AltitudeMeters>
						<DistanceMeters>2080.261922</DistanceMeters>
						<HeartRateBpm>
							<Value>102</Value>
						</HeartRateBpm>
						<Cadence>75</Cadence>
						<Extensions>
							<ns3:TPX>
								<ns3:Speed>5.886667</ns3:Speed>
								<ns3:Watts>186</ns3:Watts>
							</ns3:TPX>
						</Extensions>
					</Trackpoint>
					<Trackpoint>
						<Time>2026-02-22T11:02:48Z</Time>
						<Position>
							<LatitudeDegrees>46.627815</LatitudeDegrees>
							<LongitudeDegrees>13.863058</LongitudeDegrees>
						</Position>
						<AltitudeMeters>522.3</AltitudeMeters>
						<DistanceMeters>2090.257627</DistanceMeters>
						<HeartRateBpm>
							<Value>102</Value>
						</HeartRateBpm>
						<Cadence>75</Cadence>
						<Extensions>
							<ns3:TPX>
								<ns3:Speed>6.020333</ns3:Speed>
								<ns3:Watts>186</ns3:Watts>
							</ns3:TPX>
						</Extensions>
					</Trackpoint>
					<Trackpoint>
						<Time>2026-02-22T11:02:49Z</Time>
						<Position>
							<LatitudeDegrees>46.627826</LatitudeDegrees>
							<LongitudeDegrees>13.862929</LongitudeDegrees>
						</Position>
						<AltitudeMeters>522.5</AltitudeMeters>
						<DistanceMeters>2095.180135</DistanceMeters>
						<HeartRateBpm>
							<Value>102</Value>
						</HeartRateBpm>
						<Cadence>74</Cadence>
						<Extensions>
							<ns3:TPX>
								<ns3:Speed>6.134</ns3:Speed>
								<ns3:Watts>182</ns3:Watts>
							</ns3:TPX>
						</Extensions>
					</Trackpoint>
					<Trackpoint>
						<Time>2026-02-22T11:02:50Z</Time>
						<Position>
							<LatitudeDegrees>46.627833</LatitudeDegrees>
							<LongitudeDegrees>13.862845</LongitudeDegrees>
						</Position>
						<AltitudeMeters>522.7</AltitudeMeters>
						<DistanceMeters>2098.495294</DistanceMeters>
						<HeartRateBpm>
							<Value>108</Value>
						</HeartRateBpm>
						<Cadence>74</Cadence>
						<Extensions>
							<ns3:TPX>
								<ns3:Speed>6.228333</ns3:Speed>
								<ns3:Watts>182</ns3:Watts>
							</ns3:TPX>
						</Extensions>
					</Trackpoint>
					<Trackpoint>
						<Time>2026-02-22T11:02:51Z</Time>
						<Position>
							<LatitudeDegrees>46.627844</LatitudeDegrees>
							<LongitudeDegrees>13.86272</LongitudeDegrees>
						</Position>
						<AltitudeMeters>522.9</AltitudeMeters>
						<DistanceMeters>2103.267113</DistanceMeters>
						<HeartRateBpm>
							<Value>108</Value>
						</HeartRateBpm>
						<Cadence>76</Cadence>
						<Extensions>
							<ns3:TPX>
								<ns3:Speed>6.2922</ns3:Speed>
								<ns3:Watts>189</ns3:Watts>
							</ns3:TPX>
						</Extensions>
					</Trackpoint>
					<Trackpoint>
						<Time>2026-02-22T11:02:52Z</Time>
						<Position>
							<LatitudeDegrees>46.627851</LatitudeDegrees>
							<LongitudeDegrees>13.862636</LongitudeDegrees>
						</Position>
						<AltitudeMeters>523</AltitudeMeters>
						<DistanceMeters>2106.431582</DistanceMeters>
						<HeartRateBpm>
							<Value>108</Value>
						</HeartRateBpm>
						<Cadence>76</Cadence>
						<Extensions>
							<ns3:TPX>
								<ns3:Speed>6.336133</ns3:Speed>
								<ns3:Watts>180</ns3:Watts>
							</ns3:TPX>
						</Extensions>
					</Trackpoint>
					<Trackpoint>
						<Time>2026-02-22T11:02:54Z</Time>
						<Position>
							<LatitudeDegrees>46.627861</LatitudeDegrees>
							<LongitudeDegrees>13.862512</LongitudeDegrees>
						</Position>
						<AltitudeMeters>523.2</AltitudeMeters>
						<DistanceMeters>2111.253631</DistanceMeters>
						<HeartRateBpm>
							<Value>108</Value>
						</HeartRateBpm>
						<Cadence>78</Cadence>
						<Extensions>
							<ns3:TPX>
								<ns3:Speed>6.378467</ns3:Speed>
								<ns3:Watts>177</ns3:Watts>
							</ns3:TPX>
						</Extensions>
					</Trackpoint>
					<Trackpoint>
						<Time>2026-02-22T11:02:55Z</Time>
						<Position>
							<LatitudeDegrees>46.627867</LatitudeDegrees>
							<LongitudeDegrees>13.862428</LongitudeDegrees>
						</Position>
						<AltitudeMeters>523.2</AltitudeMeters>
						<DistanceMeters>2114.51856</DistanceMeters>
						<HeartRateBpm>
							<Value>108</Value>
						</HeartRateBpm>
						<Cadence>76</Cadence>
						<Extensions>
							<ns3:TPX>
								<ns3:Speed>6.412667</ns3:Speed>
								<ns3:Watts>170</ns3:Watts>
							</ns3:TPX>
						</Extensions>
					</Trackpoint>
					<Trackpoint>
						<Time>2026-02-22T11:02:56Z</Time>
						<Position>
							<LatitudeDegrees>46.627877</LatitudeDegrees>
							<LongitudeDegrees>13.862304</LongitudeDegrees>
						</Position>
						<AltitudeMeters>523.3</AltitudeMeters>
						<DistanceMeters>2119.340608</DistanceMeters>
						<HeartRateBpm>
							<Value>108</Value>
						</HeartRateBpm>
						<Cadence>78</Cadence>
						<Extensions>
							<ns3:TPX>
								<ns3:Speed>6.4432</ns3:Speed>
								<ns3:Watts>167</ns3:Watts>
							</ns3:TPX>
						</Extensions>
					</Trackpoint>
					<Trackpoint>
						<Time>2026-02-22T11:02:57Z</Time>
						<Position>
							<LatitudeDegrees>46.627877</LatitudeDegrees>
							<LongitudeDegrees>13.862304</LongitudeDegrees>
						</Position>
						<AltitudeMeters>523.3</AltitudeMeters>
						<DistanceMeters>2148.423589</DistanceMeters>
						<HeartRateBpm>
							<Value>108</Value>
						</HeartRateBpm>
						<Cadence>78</Cadence>
						<Extensions>
							<ns3:TPX>
								<ns3:Speed>6.464133</ns3:Speed>
								<ns3:Watts>167</ns3:Watts>
							</ns3:TPX>
						</Extensions>
					</Trackpoint>
					<Trackpoint>
						<Time>2026-02-22T11:02:58Z</Time>
						<Position>
							<LatitudeDegrees>46.627888</LatitudeDegrees>
							<LongitudeDegrees>13.862178</LongitudeDegrees>
						</Position>
						<AltitudeMeters>523.4</AltitudeMeters>
						<DistanceMeters>2153.295867</DistanceMeters>
						<HeartRateBpm>
							<Value>108</Value>
						</HeartRateBpm>
						<Cadence>77</Cadence>
						<Extensions>
							<ns3:TPX>
								<ns3:Speed>6.488</ns3:Speed>
								<ns3:Watts>153</ns3:Watts>
							</ns3:TPX>
						</Extensions>
					</Trackpoint>
					<Trackpoint>
						<Time>2026-02-22T11:02:59Z</Time>
						<Position>
							<LatitudeDegrees>46.627903</LatitudeDegrees>
							<LongitudeDegrees>13.862051</LongitudeDegrees>
						</Position>
						<AltitudeMeters>523.4</AltitudeMeters>
						<DistanceMeters>2158.268605</DistanceMeters>
						<HeartRateBpm>
							<Value>107</Value>
						</HeartRateBpm>
						<Cadence>79</Cadence>
						<Extensions>
							<ns3:TPX>
								<ns3:Speed>6.505533</ns3:Speed>
								<ns3:Watts>147</ns3:Watts>
							</ns3:TPX>
						</Extensions>
					</Trackpoint>
					<Trackpoint>
						<Time>2026-02-22T11:03:00Z</Time>
						<Position>
							<LatitudeDegrees>46.627918</LatitudeDegrees>
							<LongitudeDegrees>13.861967</LongitudeDegrees>
						</Position>
						<AltitudeMeters>523.4</AltitudeMeters>
						<DistanceMeters>2161.684223</DistanceMeters>
						<HeartRateBpm>
							<Value>107</Value>
						</HeartRateBpm>
						<Cadence>79</Cadence>
						<Extensions>
							<ns3:TPX>
								<ns3:Speed>6.519067</ns3:Speed>
								<ns3:Watts>147</ns3:Watts>
							</ns3:TPX>
						</Extensions>
					</Trackpoint>
					<Trackpoint>
						<Time>2026-02-22T11:03:02Z</Time>
						<Position>
							<LatitudeDegrees>46.627946</LatitudeDegrees>
							<LongitudeDegrees>13.861838</LongitudeDegrees>
						</Position>
						<AltitudeMeters>523.4</AltitudeMeters>
						<DistanceMeters>2166.857879</DistanceMeters>
						<HeartRateBpm>
							<Value>107</Value>
						</HeartRateBpm>
						<Cadence>78</Cadence>
						<Extensions>
							<ns3:TPX>
								<ns3:Speed>6.548467</ns3:Speed>
								<ns3:Watts>144</ns3:Watts>
							</ns3:TPX>
						</Extensions>
					</Trackpoint>
					<Trackpoint>
						<Time>2026-02-22T11:03:03Z</Time>
						<Position>
							<LatitudeDegrees>46.627994</LatitudeDegrees>
							<LongitudeDegrees>13.86173</LongitudeDegrees>
						</Position>
						<AltitudeMeters>523.4</AltitudeMeters>
						<DistanceMeters>2172.182225</DistanceMeters>
						<HeartRateBpm>
							<Value>107</Value>
						</HeartRateBpm>
						<Cadence>77</Cadence>
						<Extensions>
							<ns3:TPX>
								<ns3:Speed>6.580733</ns3:Speed>
								<ns3:Watts>141</ns3:Watts>
							</ns3:TPX>
						</Extensions>
					</Trackpoint>
					<Trackpoint>
						<Time>2026-02-22T11:03:05Z</Time>
						<Position>
							<LatitudeDegrees>46.628087</LatitudeDegrees>
							<LongitudeDegrees>13.861695</LongitudeDegrees>
						</Position>
						<AltitudeMeters>523.4</AltitudeMeters>
						<DistanceMeters>2177.657259</DistanceMeters>
						<HeartRateBpm>
							<Value>106</Value>
						</HeartRateBpm>
						<Cadence>81</Cadence>
						<Extensions>
							<ns3:TPX>
								<ns3:Speed>6.628333</ns3:Speed>
								<ns3:Watts>166</ns3:Watts>
							</ns3:TPX>
						</Extensions>
					</Trackpoint>
					<Trackpoint>
						<Time>2026-02-22T11:03:06Z</Time>
						<Position>
							<LatitudeDegrees>46.628186</LatitudeDegrees>
							<LongitudeDegrees>13.861687</LongitudeDegrees>
						</Position>
						<AltitudeMeters>523.5</AltitudeMeters>
						<DistanceMeters>2183.232753</DistanceMeters>
						<HeartRateBpm>
							<Value>106</Value>
						</HeartRateBpm>
						<Cadence>81</Cadence>
						<Extensions>
							<ns3:TPX>
								<ns3:Speed>6.681667</ns3:Speed>
								<ns3:Watts>166</ns3:Watts>
							</ns3:TPX>
						</Extensions>
					</Trackpoint>
					<Trackpoint>
						<Time>2026-02-22T11:03:07Z</Time>
						<Position>
							<LatitudeDegrees>46.628186</LatitudeDegrees>
							<LongitudeDegrees>13.861687</LongitudeDegrees>
						</Position>
						<AltitudeMeters>523.5</AltitudeMeters>
						<DistanceMeters>2218.041916</DistanceMeters>
						<HeartRateBpm>
							<Value>106</Value>
						</HeartRateBpm>
						<Cadence>81</Cadence>
						<Extensions>
							<ns3:TPX>
								<ns3:Speed>6.741267</ns3:Speed>
								<ns3:Watts>166</ns3:Watts>
							</ns3:TPX>
						</Extensions>
					</Trackpoint>
					<Trackpoint>
						<Time>2026-02-22T11:03:08Z</Time>
						<Position>
							<LatitudeDegrees>46.628286</LatitudeDegrees>
							<LongitudeDegrees>13.861701</LongitudeDegrees>
						</Position>
						<AltitudeMeters>523.6</AltitudeMeters>
						<DistanceMeters>2223.717869</DistanceMeters>
						<HeartRateBpm>
							<Value>106</Value>
						</HeartRateBpm>
						<Cadence>82</Cadence>
						<Extensions>
							<ns3:TPX>
								<ns3:Speed>6.813733</ns3:Speed>
								<ns3:Watts>193</ns3:Watts>
							</ns3:TPX>
						</Extensions>
					</Trackpoint>
					<Trackpoint>
						<Time>2026-02-22T11:03:09Z</Time>
						<Position>
							<LatitudeDegrees>46.628352</LatitudeDegrees>
							<LongitudeDegrees>13.861723</LongitudeDegrees>
						</Position>
						<AltitudeMeters>523.8</AltitudeMeters>
						<DistanceMeters>2227.485095</DistanceMeters>
						<HeartRateBpm>
							<Value>106</Value>
						</HeartRateBpm>
						<Cadence>82</Cadence>
						<Extensions>
							<ns3:TPX>
								<ns3:Speed>6.885933</ns3:Speed>
								<ns3:Watts>203</ns3:Watts>
							</ns3:TPX>
						</Extensions>
					</Trackpoint>
					<Trackpoint>
						<Time>2026-02-22T11:03:10Z</Time>
						<Position>
							<LatitudeDegrees>46.628418</LatitudeDegrees>
							<LongitudeDegrees>13.861745</LongitudeDegrees>
						</Position>
						<AltitudeMeters>524</AltitudeMeters>
						<DistanceMeters>2231.202091</DistanceMeters>
						<HeartRateBpm>
							<Value>101</Value>
						</HeartRateBpm>
						<Cadence>82</Cadence>
						<Extensions>
							<ns3:TPX>
								<ns3:Speed>6.955533</ns3:Speed>
								<ns3:Watts>203</ns3:Watts>
							</ns3:TPX>
						</Extensions>
					</Trackpoint>
					<Trackpoint>
						<Time>2026-02-22T11:03:11Z</Time>
						<Position>
							<LatitudeDegrees>46.628483</LatitudeDegrees>
							<LongitudeDegrees>13.861763</LongitudeDegrees>
						</Position>
						<AltitudeMeters>524.2</AltitudeMeters>
						<DistanceMeters>2234.868857</DistanceMeters>
						<HeartRateBpm>
							<Value>101</Value>
						</HeartRateBpm>
						<Cadence>80</Cadence>
						<Extensions>
							<ns3:TPX>
								<ns3:Speed>7.0114</ns3:Speed>
								<ns3:Watts>204</ns3:Watts>
							</ns3:TPX>
						</Extensions>
					</Trackpoint>
					<Trackpoint>
						<Time>2026-02-22T11:03:12Z</Time>
						<Position>
							<LatitudeDegrees>46.628578</LatitudeDegrees>
							<LongitudeDegrees>13.861765</LongitudeDegrees>
						</Position>
						<AltitudeMeters>524.4</AltitudeMeters>
						<DistanceMeters>2240.193202</DistanceMeters>
						<HeartRateBpm>
							<Value>101</Value>
						</HeartRateBpm>
						<Cadence>79</Cadence>
						<Extensions>
							<ns3:TPX>
								<ns3:Speed>7.046467</ns3:Speed>
								<ns3:Watts>200</ns3:Watts>
							</ns3:TPX>
						</Extensions>
					</Trackpoint>
					<Trackpoint>
						<Time>2026-02-22T11:03:13Z</Time>
						<Position>
							<LatitudeDegrees>46.628578</LatitudeDegrees>
							<LongitudeDegrees>13.861765</LongitudeDegrees>
						</Position>
						<AltitudeMeters>524.4</AltitudeMeters>
						<DistanceMeters>2262.344488</DistanceMeters>
						<HeartRateBpm>
							<Value>101</Value>
						</HeartRateBpm>
						<Cadence>79</Cadence>
						<Extensions>
							<ns3:TPX>
								<ns3:Speed>7.077467</ns3:Speed>
								<ns3:Watts>200</ns3:Watts>
							</ns3:TPX>
						</Extensions>
					</Trackpoint>
					<Trackpoint>
						<Time>2026-02-22T11:03:14Z</Time>
						<Position>
							<LatitudeDegrees>46.62866</LatitudeDegrees>
							<LongitudeDegrees>13.861702</LongitudeDegrees>
						</Position>
						<AltitudeMeters>524.7</AltitudeMeters>
						<DistanceMeters>2267.417685</DistanceMeters>
						<HeartRateBpm>
							<Value>101</Value>
						</HeartRateBpm>
						<Cadence>78</Cadence>
						<Extensions>
							<ns3:TPX>
								<ns3:Speed>7.096267</ns3:Speed>
								<ns3:Watts>207</ns3:Watts>
							</ns3:TPX>
						</Extensions>
					</Trackpoint>
					<Trackpoint>
						<Time>2026-02-22T11:03:15Z</Time>
						<Position>
							<LatitudeDegrees>46.628719</LatitudeDegrees>
							<LongitudeDegrees>13.86169</LongitudeDegrees>
						</Position>
						<AltitudeMeters>524.9</AltitudeMeters>
						<DistanceMeters>2270.833303</DistanceMeters>
						<HeartRateBpm>
							<Value>104</Value>
						</HeartRateBpm>
						<Cadence>79</Cadence>
						<Extensions>
							<ns3:TPX>
								<ns3:Speed>7.1088</ns3:Speed>
								<ns3:Watts>223</ns3:Watts>
							</ns3:TPX>
						</Extensions>
					</Trackpoint>
					<Trackpoint>
						<Time>2026-02-22T11:03:16Z</Time>
						<Position>
							<LatitudeDegrees>46.62878</LatitudeDegrees>
							<LongitudeDegrees>13.861687</LongitudeDegrees>
						</Position>
						<AltitudeMeters>525</AltitudeMeters>
						<DistanceMeters>2274.248921</DistanceMeters>
						<HeartRateBpm>
							<Value>104</Value>
						</HeartRateBpm>
						<Cadence>80</Cadence>
						<Extensions>
							<ns3:TPX>
								<ns3:Speed>7.114867</ns3:Speed>
								<ns3:Watts>228</ns3:Watts>
							</ns3:TPX>
						</Extensions>
					</Trackpoint>
					<Trackpoint>
						<Time>2026-02-22T11:03:17Z</Time>
						<Position>
							<LatitudeDegrees>46.628862</LatitudeDegrees>
							<LongitudeDegrees>13.861676</LongitudeDegrees>
						</Position>
						<AltitudeMeters>525.3</AltitudeMeters>
						<DistanceMeters>2279.171429</DistanceMeters>
						<HeartRateBpm>
							<Value>104</Value>
						</HeartRateBpm>
						<Cadence>80</Cadence>
						<Extensions>
							<ns3:TPX>
								<ns3:Speed>7.105667</ns3:Speed>
								<ns3:Watts>215</ns3:Watts>
							</ns3:TPX>
						</Extensions>
					</Trackpoint>
					<Trackpoint>
						<Time>2026-02-22T11:03:18Z</Time>
						<Position>
							<LatitudeDegrees>46.628862</LatitudeDegrees>
							<LongitudeDegrees>13.861676</LongitudeDegrees>
						</Position>
						<AltitudeMeters>525.3</AltitudeMeters>
						<DistanceMeters>2295.998369</DistanceMeters>
						<HeartRateBpm>
							<Value>104</Value>
						</HeartRateBpm>
						<Cadence>80</Cadence>
						<Extensions>
							<ns3:TPX>
								<ns3:Speed>7.0806</ns3:Speed>
								<ns3:Watts>215</ns3:Watts>
							</ns3:TPX>
						</Extensions>
					</Trackpoint>
					<Trackpoint>
						<Time>2026-02-22T11:03:19Z</Time>
						<Position>
							<LatitudeDegrees>46.628919</LatitudeDegrees>
							<LongitudeDegrees>13.861577</LongitudeDegrees>
						</Position>
						<AltitudeMeters>525.4</AltitudeMeters>
						<DistanceMeters>2300.971107</DistanceMeters>
						<HeartRateBpm>
							<Value>104</Value>
						</HeartRateBpm>
						<Cadence>78</Cadence>
						<Extensions>
							<ns3:TPX>
								<ns3:Speed>7.038267</ns3:Speed>
								<ns3:Watts>196</ns3:Watts>
							</ns3:TPX>
						</Extensions>
					</Trackpoint>
					<Trackpoint>
						<Time>2026-02-22T11:03:20Z</Time>
						<Position>
							<LatitudeDegrees>46.628975</LatitudeDegrees>
							<LongitudeDegrees>13.861479</LongitudeDegrees>
						</Position>
						<AltitudeMeters>525.5</AltitudeMeters>
						<DistanceMeters>2305.843385</DistanceMeters>
						<HeartRateBpm>
							<Value>100</Value>
						</HeartRateBpm>
						<Cadence>78</Cadence>
						<Extensions>
							<ns3:TPX>
								<ns3:Speed>6.984</ns3:Speed>
								<ns3:Watts>196</ns3:Watts>
							</ns3:TPX>
						</Extensions>
					</Trackpoint>
					<Trackpoint>
						<Time>2026-02-22T11:03:21Z</Time>
						<Position>
							<LatitudeDegrees>46.629013</LatitudeDegrees>
							<LongitudeDegrees>13.861414</LongitudeDegrees>
						</Position>
						<AltitudeMeters>525.6</AltitudeMeters>
						<DistanceMeters>2309.108314</DistanceMeters>
						<HeartRateBpm>
							<Value>100</Value>
						</HeartRateBpm>
						<Cadence>79</Cadence>
						<Extensions>
							<ns3:TPX>
								<ns3:Speed>6.927067</ns3:Speed>
								<ns3:Watts>190</ns3:Watts>
							</ns3:TPX>
						</Extensions>
					</Trackpoint>
					<Trackpoint>
						<Time>2026-02-22T11:03:22Z</Time>
						<Position>
							<LatitudeDegrees>46.629013</LatitudeDegrees>
							<LongitudeDegrees>13.861414</LongitudeDegrees>
						</Position>
						<AltitudeMeters>525.6</AltitudeMeters>
						<DistanceMeters>2322.218259</DistanceMeters>
						<HeartRateBpm>
							<Value>100</Value>
						</HeartRateBpm>
						<Cadence>79</Cadence>
						<Extensions>
							<ns3:TPX>
								<ns3:Speed>6.870133</ns3:Speed>
								<ns3:Watts>190</ns3:Watts>
							</ns3:TPX>
						</Extensions>
					</Trackpoint>
					<Trackpoint>
						<Time>2026-02-22T11:03:23Z</Time>
						<Position>
							<LatitudeDegrees>46.62907</LatitudeDegrees>
							<LongitudeDegrees>13.861314</LongitudeDegrees>
						</Position>
						<AltitudeMeters>525.7</AltitudeMeters>
						<DistanceMeters>2327.241226</DistanceMeters>
						<HeartRateBpm>
							<Value>100</Value>
						</HeartRateBpm>
						<Cadence>78</Cadence>
						<Extensions>
							<ns3:TPX>
								<ns3:Speed>6.811933</ns3:Speed>
								<ns3:Watts>177</ns3:Watts>
							</ns3:TPX>
						</Extensions>
					</Trackpoint>
					<Trackpoint>
						<Time>2026-02-22T11:03:24Z</Time>
						<Position>
							<LatitudeDegrees>46.629109</LatitudeDegrees>
							<LongitudeDegrees>13.861247</LongitudeDegrees>
						</Position>
						<AltitudeMeters>525.8</AltitudeMeters>
						<DistanceMeters>2330.656844</DistanceMeters>
						<HeartRateBpm>
							<Value>100</Value>
						</HeartRateBpm>
						<Cadence>79</Cadence>
						<Extensions>
							<ns3:TPX>
								<ns3:Speed>6.758933</ns3:Speed>
								<ns3:Watts>180</ns3:Watts>
							</ns3:TPX>
						</Extensions>
					</Trackpoint>
					<Trackpoint>
						<Time>2026-02-22T11:03:25Z</Time>
						<Position>
							<LatitudeDegrees>46.62917</LatitudeDegrees>
							<LongitudeDegrees>13.861149</LongitudeDegrees>
						</Position>
						<AltitudeMeters>525.9</AltitudeMeters>
						<DistanceMeters>2335.730041</DistanceMeters>
						<HeartRateBpm>
							<Value>103</Value>
						</HeartRateBpm>
						<Cadence>82</Cadence>
						<Extensions>
							<ns3:TPX>
								<ns3:Speed>6.723133</ns3:Speed>
								<ns3:Watts>182</ns3:Watts>
							</ns3:TPX>
						</Extensions>
					</Trackpoint>
					<Trackpoint>
						<Time>2026-02-22T11:03:27Z</Time>
						<Position>
							<LatitudeDegrees>46.629233</LatitudeDegrees>
							<LongitudeDegrees>13.861049</LongitudeDegrees>
						</Position>
						<AltitudeMeters>526</AltitudeMeters>
						<DistanceMeters>2340.953927</DistanceMeters>
						<HeartRateBpm>
							<Value>103</Value>
						</HeartRateBpm>
						<Cadence>79</Cadence>
						<Extensions>
							<ns3:TPX>
								<ns3:Speed>6.705867</ns3:Speed>
								<ns3:Watts>170</ns3:Watts>
							</ns3:TPX>
						</Extensions>
					</Trackpoint>
					<Trackpoint>
						<Time>2026-02-22T11:03:28Z</Time>
						<Position>
							<LatitudeDegrees>46.629297</LatitudeDegrees>
							<LongitudeDegrees>13.860948</LongitudeDegrees>
						</Position>
						<AltitudeMeters>526.1</AltitudeMeters>
						<DistanceMeters>2346.228043</DistanceMeters>
						<HeartRateBpm>
							<Value>103</Value>
						</HeartRateBpm>
						<Cadence>79</Cadence>
						<Extensions>
							<ns3:TPX>
								<ns3:Speed>6.706733</ns3:Speed>
								<ns3:Watts>159</ns3:Watts>
							</ns3:TPX>
						</Extensions>
					</Trackpoint>
					<Trackpoint>
						<Time>2026-02-22T11:03:30Z</Time>
						<Position>
							<LatitudeDegrees>46.62936</LatitudeDegrees>
							<LongitudeDegrees>13.860848</LongitudeDegrees>
						</Position>
						<AltitudeMeters>526.1</AltitudeMeters>
						<DistanceMeters>2351.451929</DistanceMeters>
						<HeartRateBpm>
							<Value>105</Value>
						</HeartRateBpm>
						<Cadence>83</Cadence>
						<Extensions>
							<ns3:TPX>
								<ns3:Speed>6.7158</ns3:Speed>
								<ns3:Watts>174</ns3:Watts>
							</ns3:TPX>
						</Extensions>
					</Trackpoint>
					<Trackpoint>
						<Time>2026-02-22T11:03:31Z</Time>
						<Position>
							<LatitudeDegrees>46.629426</LatitudeDegrees>
							<LongitudeDegrees>13.860746</LongitudeDegrees>
						</Position>
						<AltitudeMeters>526.2</AltitudeMeters>
						<DistanceMeters>2356.826504</DistanceMeters>
						<HeartRateBpm>
							<Value>105</Value>
						</HeartRateBpm>
						<Cadence>82</Cadence>
						<Extensions>
							<ns3:TPX>
								<ns3:Speed>6.740933</ns3:Speed>
								<ns3:Watts>157</ns3:Watts>
							</ns3:TPX>
						</Extensions>
					</Trackpoint>
					<Trackpoint>
						<Time>2026-02-22T11:03:32Z</Time>
						<Position>
							<LatitudeDegrees>46.62947</LatitudeDegrees>
							<LongitudeDegrees>13.860679</LongitudeDegrees>
						</Position>
						<AltitudeMeters>526.2</AltitudeMeters>
						<DistanceMeters>2360.44304</DistanceMeters>
						<HeartRateBpm>
							<Value>105</Value>
						</HeartRateBpm>
						<Cadence>79</Cadence>
						<Extensions>
							<ns3:TPX>
								<ns3:Speed>6.764933</ns3:Speed>
								<ns3:Watts>147</ns3:Watts>
							</ns3:TPX>
						</Extensions>
					</Trackpoint>
					<Trackpoint>
						<Time>2026-02-22T11:03:33Z</Time>
						<Position>
							<LatitudeDegrees>46.62947</LatitudeDegrees>
							<LongitudeDegrees>13.860679</LongitudeDegrees>
						</Position>
						<AltitudeMeters>526.2</AltitudeMeters>
						<DistanceMeters>2398.667822</DistanceMeters>
						<HeartRateBpm>
							<Value>105</Value>
						</HeartRateBpm>
						<Cadence>79</Cadence>
						<Extensions>
							<ns3:TPX>
								<ns3:Speed>6.786667</ns3:Speed>
								<ns3:Watts>147</ns3:Watts>
							</ns3:TPX>
						</Extensions>
					</Trackpoint>
					<Trackpoint>
						<Time>2026-02-22T11:03:34Z</Time>
						<Position>
							<LatitudeDegrees>46.629537</LatitudeDegrees>
							<LongitudeDegrees>13.860579</LongitudeDegrees>
						</Position>
						<AltitudeMeters>526.3</AltitudeMeters>
						<DistanceMeters>2404.042397</DistanceMeters>
						<HeartRateBpm>
							<Value>107</Value>
						</HeartRateBpm>
						<Cadence>86</Cadence>
						<Extensions>
							<ns3:TPX>
								<ns3:Speed>6.831867</ns3:Speed>
								<ns3:Watts>171</ns3:Watts>
							</ns3:TPX>
						</Extensions>
					</Trackpoint>
					<Trackpoint>
						<Time>2026-02-22T11:03:35Z</Time>
						<Position>
							<LatitudeDegrees>46.629607</LatitudeDegrees>
							<LongitudeDegrees>13.860477</LongitudeDegrees>
						</Position>
						<AltitudeMeters>526.3</AltitudeMeters>
						<DistanceMeters>2409.567661</DistanceMeters>
						<HeartRateBpm>
							<Value>107</Value>
						</HeartRateBpm>
						<Cadence>82</Cadence>
						<Extensions>
							<ns3:TPX>
								<ns3:Speed>6.876533</ns3:Speed>
								<ns3:Watts>146</ns3:Watts>
							</ns3:TPX>
						</Extensions>
					</Trackpoint>
					<Trackpoint>
						<Time>2026-02-22T11:03:36Z</Time>
						<Position>
							<LatitudeDegrees>46.629653</LatitudeDegrees>
							<LongitudeDegrees>13.860408</LongitudeDegrees>
						</Position>
						<AltitudeMeters>526.3</AltitudeMeters>
						<DistanceMeters>2413.234427</DistanceMeters>
						<HeartRateBpm>
							<Value>107</Value>
						</HeartRateBpm>
						<Cadence>83</Cadence>
						<Extensions>
							<ns3:TPX>
								<ns3:Speed>6.931067</ns3:Speed>
								<ns3:Watts>150</ns3:Watts>
							</ns3:TPX>
						</Extensions>
					</Trackpoint>
					<Trackpoint>
						<Time>2026-02-22T11:03:38Z</Time>
						<Position>
							<LatitudeDegrees>46.629723</LatitudeDegrees>
							<LongitudeDegrees>13.860307</LongitudeDegrees>
						</Position>
						<AltitudeMeters>526.4</AltitudeMeters>
						<DistanceMeters>2418.809921</DistanceMeters>
						<HeartRateBpm>
							<Value>107</Value>
						</HeartRateBpm>
						<Cadence>82</Cadence>
						<Extensions>
							<ns3:TPX>
								<ns3:Speed>6.984867</ns3:Speed>
								<ns3:Watts>146</ns3:Watts>
							</ns3:TPX>
						</Extensions>
					</Trackpoint>
					<Trackpoint>
						<Time>2026-02-22T11:03:39Z</Time>
						<Position>
							<LatitudeDegrees>46.629793</LatitudeDegrees>
							<LongitudeDegrees>13.860204</LongitudeDegrees>
						</Position>
						<AltitudeMeters>526.4</AltitudeMeters>
						<DistanceMeters>2424.284955</DistanceMeters>
						<HeartRateBpm>
							<Value>107</Value>
						</HeartRateBpm>
						<Cadence>84</Cadence>
						<Extensions>
							<ns3:TPX>
								<ns3:Speed>7.039533</ns3:Speed>
								<ns3:Watts>153</ns3:Watts>
							</ns3:TPX>
						</Extensions>
					</Trackpoint>
					<Trackpoint>
						<Time>2026-02-22T11:03:40Z</Time>
						<Position>
							<LatitudeDegrees>46.629793</LatitudeDegrees>
							<LongitudeDegrees>13.860204</LongitudeDegrees>
						</Position>
						<AltitudeMeters>526.4</AltitudeMeters>
						<DistanceMeters>2449.902089</DistanceMeters>
						<HeartRateBpm>
							<Value>108</Value>
						</HeartRateBpm>
						<Cadence>84</Cadence>
						<Extensions>
							<ns3:TPX>
								<ns3:Speed>7.0942</ns3:Speed>
								<ns3:Watts>153</ns3:Watts>
							</ns3:TPX>
						</Extensions>
					</Trackpoint>
					<Trackpoint>
						<Time>2026-02-22T11:03:41Z</Time>
						<Position>
							<LatitudeDegrees>46.629863</LatitudeDegrees>
							<LongitudeDegrees>13.860101</LongitudeDegrees>
						</Position>
						<AltitudeMeters>526.4</AltitudeMeters>
						<DistanceMeters>2455.477582</DistanceMeters>
						<HeartRateBpm>
							<Value>108</Value>
						</HeartRateBpm>
						<Cadence>80</Cadence>
						<Extensions>
							<ns3:TPX>
								<ns3:Speed>7.142067</ns3:Speed>
								<ns3:Watts>140</ns3:Watts>
							</ns3:TPX>
						</Extensions>
					</Trackpoint>
					<Trackpoint>
						<Time>2026-02-22T11:03:42Z</Time>
						<Position>
							<LatitudeDegrees>46.629932</LatitudeDegrees>
							<LongitudeDegrees>13.859999</LongitudeDegrees>
						</Position>
						<AltitudeMeters>526.5</AltitudeMeters>
						<DistanceMeters>2460.952617</DistanceMeters>
						<HeartRateBpm>
							<Value>108</Value>
						</HeartRateBpm>
						<Cadence>81</Cadence>
						<Extensions>
							<ns3:TPX>
								<ns3:Speed>7.1746</ns3:Speed>
								<ns3:Watts>131</ns3:Watts>
							</ns3:TPX>
						</Extensions>
					</Trackpoint>
					<Trackpoint>
						<Time>2026-02-22T11:03:43Z</Time>
						<Position>
							<LatitudeDegrees>46.629932</LatitudeDegrees>
							<LongitudeDegrees>13.859999</LongitudeDegrees>
						</Position>
						<AltitudeMeters>526.5</AltitudeMeters>
						<DistanceMeters>2472.003145</DistanceMeters>
						<HeartRateBpm>
							<Value>108</Value>
						</HeartRateBpm>
						<Cadence>81</Cadence>
						<Extensions>
							<ns3:TPX>
								<ns3:Speed>7.196467</ns3:Speed>
								<ns3:Watts>131</ns3:Watts>
							</ns3:TPX>
						</Extensions>
					</Trackpoint>
					<Trackpoint>
						<Time>2026-02-22T11:03:44Z</Time>
						<Position>
							<LatitudeDegrees>46.630001</LatitudeDegrees>
							<LongitudeDegrees>13.859899</LongitudeDegrees>
						</Position>
						<AltitudeMeters>526.6</AltitudeMeters>
						<DistanceMeters>2477.42795</DistanceMeters>
						<HeartRateBpm>
							<Value>108</Value>
						</HeartRateBpm>
						<Cadence>86</Cadence>
						<Extensions>
							<ns3:TPX>
								<ns3:Speed>7.2112</ns3:Speed>
								<ns3:Watts>132</ns3:Watts>
							</ns3:TPX>
						</Extensions>
					</Trackpoint>
					<Trackpoint>
						<Time>2026-02-22T11:03:45Z</Time>
						<Position>
							<LatitudeDegrees>46.630046</LatitudeDegrees>
							<LongitudeDegrees>13.859832</LongitudeDegrees>
						</Position>
						<AltitudeMeters>526.6</AltitudeMeters>
						<DistanceMeters>2481.144945</DistanceMeters>
						<HeartRateBpm>
							<Value>112</Value>
						</HeartRateBpm>
						<Cadence>86</Cadence>
						<Extensions>
							<ns3:TPX>
								<ns3:Speed>7.231</ns3:Speed>
								<ns3:Watts>132</ns3:Watts>
							</ns3:TPX>
						</Extensions>
					</Trackpoint>
					<Trackpoint>
						<Time>2026-02-22T11:03:46Z</Time>
						<Position>
							<LatitudeDegrees>46.630116</LatitudeDegrees>
							<LongitudeDegrees>13.85973</LongitudeDegrees>
						</Position>
						<AltitudeMeters>526.6</AltitudeMeters>
						<DistanceMeters>2486.61998</DistanceMeters>
						<HeartRateBpm>
							<Value>112</Value>
						</HeartRateBpm>
						<Cadence>85</Cadence>
						<Extensions>
							<ns3:TPX>
								<ns3:Speed>7.2552</ns3:Speed>
								<ns3:Watts>129</ns3:Watts>
							</ns3:TPX>
						</Extensions>
					</Trackpoint>
					<Trackpoint>
						<Time>2026-02-22T11:03:48Z</Time>
						<Position>
							<LatitudeDegrees>46.630187</LatitudeDegrees>
							<LongitudeDegrees>13.859626</LongitudeDegrees>
						</Position>
						<AltitudeMeters>526.6</AltitudeMeters>
						<DistanceMeters>2492.295933</DistanceMeters>
						<HeartRateBpm>
							<Value>112</Value>
						</HeartRateBpm>
						<Cadence>84</Cadence>
						<Extensions>
							<ns3:TPX>
								<ns3:Speed>7.29</ns3:Speed>
								<ns3:Watts>99</ns3:Watts>
							</ns3:TPX>
						</Extensions>
					</Trackpoint>
					<Trackpoint>
						<Time>2026-02-22T11:03:49Z</Time>
						<Position>
							<LatitudeDegrees>46.630235</LatitudeDegrees>
							<LongitudeDegrees>13.859554</LongitudeDegrees>
						</Position>
						<AltitudeMeters>526.5</AltitudeMeters>
						<DistanceMeters>2496.213847</DistanceMeters>
						<HeartRateBpm>
							<Value>114</Value>
						</HeartRateBpm>
						<Cadence>86</Cadence>
						<Extensions>
							<ns3:TPX>
								<ns3:Speed>7.346333</ns3:Speed>
								<ns3:Watts>92</ns3:Watts>
							</ns3:TPX>
						</Extensions>
					</Trackpoint>
					<Trackpoint>
						<Time>2026-02-22T11:03:50Z</Time>
						<Position>
							<LatitudeDegrees>46.630312</LatitudeDegrees>
							<LongitudeDegrees>13.859442</LongitudeDegrees>
						</Position>
						<AltitudeMeters>526.1</AltitudeMeters>
						<DistanceMeters>2502.442327</DistanceMeters>
						<HeartRateBpm>
							<Value>114</Value>
						</HeartRateBpm>
						<Cadence>87</Cadence>
						<Extensions>
							<ns3:TPX>
								<ns3:Speed>7.435667</ns3:Speed>
								<ns3:Watts>77</ns3:Watts>
							</ns3:TPX>
						</Extensions>
					</Trackpoint>
					<Trackpoint>
						<Time>2026-02-22T11:03:51Z</Time>
						<Position>
							<LatitudeDegrees>46.630366</LatitudeDegrees>
							<LongitudeDegrees>13.859363</LongitudeDegrees>
						</Position>
						<AltitudeMeters>525.7</AltitudeMeters>
						<DistanceMeters>2506.762079</DistanceMeters>
						<HeartRateBpm>
							<Value>114</Value>
						</HeartRateBpm>
						<Cadence>87</Cadence>
						<Extensions>
							<ns3:TPX>
								<ns3:Speed>7.5294</ns3:Speed>
								<ns3:Watts>59</ns3:Watts>
							</ns3:TPX>
						</Extensions>
					</Trackpoint>
					<Trackpoint>
						<Time>2026-02-22T11:03:52Z</Time>
						<Position>
							<LatitudeDegrees>46.630421</LatitudeDegrees>
							<LongitudeDegrees>13.859281</LongitudeDegrees>
						</Position>
						<AltitudeMeters>525.2</AltitudeMeters>
						<DistanceMeters>2511.332979</DistanceMeters>
						<HeartRateBpm>
							<Value>114</Value>
						</HeartRateBpm>
						<Cadence>90</Cadence>
						<Extensions>
							<ns3:TPX>
								<ns3:Speed>7.645867</ns3:Speed>
								<ns3:Watts>64</ns3:Watts>
							</ns3:TPX>
						</Extensions>
					</Trackpoint>
					<Trackpoint>
						<Time>2026-02-22T11:03:53Z</Time>
						<Position>
							<LatitudeDegrees>46.630421</LatitudeDegrees>
							<LongitudeDegrees>13.859281</LongitudeDegrees>
						</Position>
						<AltitudeMeters>525.2</AltitudeMeters>
						<DistanceMeters>2550.662813</DistanceMeters>
						<HeartRateBpm>
							<Value>114</Value>
						</HeartRateBpm>
						<Cadence>90</Cadence>
						<Extensions>
							<ns3:TPX>
								<ns3:Speed>7.761867</ns3:Speed>
								<ns3:Watts>64</ns3:Watts>
							</ns3:TPX>
						</Extensions>
					</Trackpoint>
					<Trackpoint>
						<Time>2026-02-22T11:03:54Z</Time>
						<Position>
							<LatitudeDegrees>46.630509</LatitudeDegrees>
							<LongitudeDegrees>13.859153</LongitudeDegrees>
						</Position>
						<AltitudeMeters>524.5</AltitudeMeters>
						<DistanceMeters>2557.644738</DistanceMeters>
						<HeartRateBpm>
							<Value>114</Value>
						</HeartRateBpm>
						<Cadence>91</Cadence>
						<Extensions>
							<ns3:TPX>
								<ns3:Speed>7.909733</ns3:Speed>
								<ns3:Watts>84</ns3:Watts>
							</ns3:TPX>
						</Extensions>
					</Trackpoint>
					<Trackpoint>
						<Time>2026-02-22T11:03:55Z</Time>
						<Position>
							<LatitudeDegrees>46.630569</LatitudeDegrees>
							<LongitudeDegrees>13.859063</LongitudeDegrees>
						</Position>
						<AltitudeMeters>524.4</AltitudeMeters>
						<DistanceMeters>2562.567246</DistanceMeters>
						<HeartRateBpm>
							<Value>113</Value>
						</HeartRateBpm>
						<Cadence>92</Cadence>
						<Extensions>
							<ns3:TPX>
								<ns3:Speed>8.058333</ns3:Speed>
								<ns3:Watts>104</ns3:Watts>
							</ns3:TPX>
						</Extensions>
					</Trackpoint>
					<Trackpoint>
						<Time>2026-02-22T11:03:56Z</Time>
						<Position>
							<LatitudeDegrees>46.630657</LatitudeDegrees>
							<LongitudeDegrees>13.85893</LongitudeDegrees>
						</Position>
						<AltitudeMeters>524.9</AltitudeMeters>
						<DistanceMeters>2569.398481</DistanceMeters>
						<HeartRateBpm>
							<Value>113</Value>
						</HeartRateBpm>
						<Cadence>90</Cadence>
						<Extensions>
							<ns3:TPX>
								<ns3:Speed>8.161</ns3:Speed>
								<ns3:Watts>115</ns3:Watts>
							</ns3:TPX>
						</Extensions>
					</Trackpoint>
					<Trackpoint>
						<Time>2026-02-22T11:03:58Z</Time>
						<Position>
							<LatitudeDegrees>46.630738</LatitudeDegrees>
							<LongitudeDegrees>13.858807</LongitudeDegrees>
						</Position>
						<AltitudeMeters>525.8</AltitudeMeters>
						<DistanceMeters>2575.72742</DistanceMeters>
						<HeartRateBpm>
							<Value>113</Value>
						</HeartRateBpm>
						<Cadence>89</Cadence>
						<Extensions>
							<ns3:TPX>
								<ns3:Speed>8.214533</ns3:Speed>
								<ns3:Watts>141</ns3:Watts>
							</ns3:TPX>
						</Extensions>
					</Trackpoint>
					<Trackpoint>
						<Time>2026-02-22T11:03:59Z</Time>
						<Position>
							<LatitudeDegrees>46.630788</LatitudeDegrees>
							<LongitudeDegrees>13.858731</LongitudeDegrees>
						</Position>
						<AltitudeMeters>526.4</AltitudeMeters>
						<DistanceMeters>2579.695565</DistanceMeters>
						<HeartRateBpm>
							<Value>113</Value>
						</HeartRateBpm>
						<Cadence>90</Cadence>
						<Extensions>
							<ns3:TPX>
								<ns3:Speed>8.2464</ns3:Speed>
								<ns3:Watts>145</ns3:Watts>
							</ns3:TPX>
						</Extensions>
					</Trackpoint>
					<Trackpoint>
						<Time>2026-02-22T11:04:00Z</Time>
						<Position>
							<LatitudeDegrees>46.630857</LatitudeDegrees>
							<LongitudeDegrees>13.858625</LongitudeDegrees>
						</Position>
						<AltitudeMeters>527.1</AltitudeMeters>
						<DistanceMeters>2585.07014</DistanceMeters>
						<HeartRateBpm>
							<Value>113</Value>
						</HeartRateBpm>
						<Cadence>88</Cadence>
						<Extensions>
							<ns3:TPX>
								<ns3:Speed>8.228467</ns3:Speed>
								<ns3:Watts>152</ns3:Watts>
							</ns3:TPX>
						</Extensions>
					</Trackpoint>
					<Trackpoint>
						<Time>2026-02-22T11:04:02Z</Time>
						<Position>
							<LatitudeDegrees>46.630917</LatitudeDegrees>
							<LongitudeDegrees>13.858528</LongitudeDegrees>
						</Position>
						<AltitudeMeters>527.6</AltitudeMeters>
						<DistanceMeters>2589.892188</DistanceMeters>
						<HeartRateBpm>
							<Value>113</Value>
						</HeartRateBpm>
						<Cadence>87</Cadence>
						<Extensions>
							<ns3:TPX>
								<ns3:Speed>8.160067</ns3:Speed>
								<ns3:Watts>174</ns3:Watts>
							</ns3:TPX>
						</Extensions>
					</Trackpoint>
					<Trackpoint>
						<Time>2026-02-22T11:04:03Z</Time>
						<Position>
							<LatitudeDegrees>46.630971</LatitudeDegrees>
							<LongitudeDegrees>13.858441</LongitudeDegrees>
						</Position>
						<AltitudeMeters>527.9</AltitudeMeters>
						<DistanceMeters>2594.21194</DistanceMeters>
						<HeartRateBpm>
							<Value>113</Value>
						</HeartRateBpm>
						<Cadence>86</Cadence>
						<Extensions>
							<ns3:TPX>
								<ns3:Speed>8.039267</ns3:Speed>
								<ns3:Watts>185</ns3:Watts>
							</ns3:TPX>
						</Extensions>
					</Trackpoint>
					<Trackpoint>
						<Time>2026-02-22T11:04:04Z</Time>
						<Position>
							<LatitudeDegrees>46.630971</LatitudeDegrees>
							<LongitudeDegrees>13.858441</LongitudeDegrees>
						</Position>
						<AltitudeMeters>527.9</AltitudeMeters>
						<DistanceMeters>2637.761067</DistanceMeters>
						<HeartRateBpm>
							<Value>112</Value>
						</HeartRateBpm>
						<Cadence>86</Cadence>
						<Extensions>
							<ns3:TPX>
								<ns3:Speed>7.905867</ns3:Speed>
								<ns3:Watts>185</ns3:Watts>
							</ns3:TPX>
						</Extensions>
					</Trackpoint>
					<Trackpoint>
						<Time>2026-02-22T11:04:05Z</Time>
						<Position>
							<LatitudeDegrees>46.631017</LatitudeDegrees>
							<LongitudeDegrees>13.858365</LongitudeDegrees>
						</Position>
						<AltitudeMeters>528.1</AltitudeMeters>
						<DistanceMeters>2641.427833</DistanceMeters>
						<HeartRateBpm>
							<Value>112</Value>
						</HeartRateBpm>
						<Cadence>83</Cadence>
						<Extensions>
							<ns3:TPX>
								<ns3:Speed>7.7084</ns3:Speed>
								<ns3:Watts>198</ns3:Watts>
							</ns3:TPX>
						</Extensions>
					</Trackpoint>
					<Trackpoint>
						<Time>2026-02-22T11:04:06Z</Time>
						<Position>
							<LatitudeDegrees>46.631058</LatitudeDegrees>
							<LongitudeDegrees>13.858295</LongitudeDegrees>
						</Position>
						<AltitudeMeters>528.2</AltitudeMeters>
						<DistanceMeters>2644.99414</DistanceMeters>
						<HeartRateBpm>
							<Value>112</Value>
						</HeartRateBpm>
						<Cadence>84</Cadence>
						<Extensions>
							<ns3:TPX>
								<ns3:Speed>7.506</ns3:Speed>
								<ns3:Watts>213</ns3:Watts>
							</ns3:TPX>
						</Extensions>
					</Trackpoint>
					<Trackpoint>
						<Time>2026-02-22T11:04:07Z</Time>
						<Position>
							<LatitudeDegrees>46.631086</LatitudeDegrees>
							<LongitudeDegrees>13.858246</LongitudeDegrees>
						</Position>
						<AltitudeMeters>528.3</AltitudeMeters>
						<DistanceMeters>2647.555853</DistanceMeters>
						<HeartRateBpm>
							<Value>112</Value>
						</HeartRateBpm>
						<Cadence>85</Cadence>
						<Extensions>
							<ns3:TPX>
								<ns3:Speed>7.2926</ns3:Speed>
								<ns3:Watts>230</ns3:Watts>
							</ns3:TPX>
						</Extensions>
					</Trackpoint>
					<Trackpoint>
						<Time>2026-02-22T11:04:08Z</Time>
						<Position>
							<LatitudeDegrees>46.631086</LatitudeDegrees>
							<LongitudeDegrees>13.858246</LongitudeDegrees>
						</Position>
						<AltitudeMeters>528.3</AltitudeMeters>
						<DistanceMeters>2657.35064</DistanceMeters>
						<HeartRateBpm>
							<Value>112</Value>
						</HeartRateBpm>
						<Cadence>85</Cadence>
						<Extensions>
							<ns3:TPX>
								<ns3:Speed>7.0572</ns3:Speed>
								<ns3:Watts>230</ns3:Watts>
							</ns3:TPX>
						</Extensions>
					</Trackpoint>
					<Trackpoint>
						<Time>2026-02-22T11:04:09Z</Time>
						<Position>
							<LatitudeDegrees>46.631132</LatitudeDegrees>
							<LongitudeDegrees>13.858166</LongitudeDegrees>
						</Position>
						<AltitudeMeters>528.5</AltitudeMeters>
						<DistanceMeters>2661.469473</DistanceMeters>
						<HeartRateBpm>
							<Value>110</Value>
						</HeartRateBpm>
						<Cadence>81</Cadence>
						<Extensions>
							<ns3:TPX>
								<ns3:Speed>6.823267</ns3:Speed>
								<ns3:Watts>220</ns3:Watts>
							</ns3:TPX>
						</Extensions>
					</Trackpoint>
					<Trackpoint>
						<Time>2026-02-22T11:04:10Z</Time>
						<Position>
							<LatitudeDegrees>46.631164</LatitudeDegrees>
							<LongitudeDegrees>13.858109</LongitudeDegrees>
						</Position>
						<AltitudeMeters>528.6</AltitudeMeters>
						<DistanceMeters>2664.332564</DistanceMeters>
						<HeartRateBpm>
							<Value>110</Value>
						</HeartRateBpm>
						<Cadence>83</Cadence>
						<Extensions>
							<ns3:TPX>
								<ns3:Speed>6.6088</ns3:Speed>
								<ns3:Watts>230</ns3:Watts>
							</ns3:TPX>
						</Extensions>
					</Trackpoint>
					<Trackpoint>
						<Time>2026-02-22T11:04:11Z</Time>
						<Position>
							<LatitudeDegrees>46.631215</LatitudeDegrees>
							<LongitudeDegrees>13.858019</LongitudeDegrees>
						</Position>
						<AltitudeMeters>528.7</AltitudeMeters>
						<DistanceMeters>2668.903464</DistanceMeters>
						<HeartRateBpm>
							<Value>110</Value>
						</HeartRateBpm>
						<Cadence>80</Cadence>
						<Extensions>
							<ns3:TPX>
								<ns3:Speed>6.384067</ns3:Speed>
								<ns3:Watts>215</ns3:Watts>
							</ns3:TPX>
						</Extensions>
					</Trackpoint>
					<Trackpoint>
						<Time>2026-02-22T11:04:12Z</Time>
						<Position>
							<LatitudeDegrees>46.631248</LatitudeDegrees>
							<LongitudeDegrees>13.857953</LongitudeDegrees>
						</Position>
						<AltitudeMeters>528.8</AltitudeMeters>
						<DistanceMeters>2672.067934</DistanceMeters>
						<HeartRateBpm>
							<Value>110</Value>
						</HeartRateBpm>
						<Cadence>79</Cadence>
						<Extensions>
							<ns3:TPX>
								<ns3:Speed>6.159667</ns3:Speed>
								<ns3:Watts>200</ns3:Watts>
							</ns3:TPX>
						</Extensions>
					</Trackpoint>
					<Trackpoint>
						<Time>2026-02-22T11:04:13Z</Time>
						<Position>
							<LatitudeDegrees>46.631248</LatitudeDegrees>
							<LongitudeDegrees>13.857953</LongitudeDegrees>
						</Position>
						<AltitudeMeters>528.8</AltitudeMeters>
						<DistanceMeters>2686.785228</DistanceMeters>
						<HeartRateBpm>
							<Value>103</Value>
						</HeartRateBpm>
						<Cadence>79</Cadence>
						<Extensions>
							<ns3:TPX>
								<ns3:Speed>5.9812</ns3:Speed>
								<ns3:Watts>200</ns3:Watts>
							</ns3:TPX>
						</Extensions>
					</Trackpoint>
					<Trackpoint>
						<Time>2026-02-22T11:04:14Z</Time>
						<Position>
							<LatitudeDegrees>46.631299</LatitudeDegrees>
							<LongitudeDegrees>13.857854</LongitudeDegrees>
						</Position>
						<AltitudeMeters>528.9</AltitudeMeters>
						<DistanceMeters>2691.557047</DistanceMeters>
						<HeartRateBpm>
							<Value>103</Value>
						</HeartRateBpm>
						<Cadence>79</Cadence>
						<Extensions>
							<ns3:TPX>
								<ns3:Speed>5.8622</ns3:Speed>
								<ns3:Watts>190</ns3:Watts>
							</ns3:TPX>
						</Extensions>
					</Trackpoint>
					<Trackpoint>
						<Time>2026-02-22T11:04:15Z</Time>
						<Position>
							<LatitudeDegrees>46.63135</LatitudeDegrees>
							<LongitudeDegrees>13.857752</LongitudeDegrees>
						</Position>
						<AltitudeMeters>529.1</AltitudeMeters>
						<DistanceMeters>2696.379096</DistanceMeters>
						<HeartRateBpm>
							<Value>103</Value>
						</HeartRateBpm>
						<Cadence>78</Cadence>
						<Extensions>
							<ns3:TPX>
								<ns3:Speed>5.7832</ns3:Speed>
								<ns3:Watts>187</ns3:Watts>
							</ns3:TPX>
						</Extensions>
					</Trackpoint>
					<Trackpoint>
						<Time>2026-02-22T11:04:16Z</Time>
						<Position>
							<LatitudeDegrees>46.631385</LatitudeDegrees>
							<LongitudeDegrees>13.857683</LongitudeDegrees>
						</Position>
						<AltitudeMeters>529.1</AltitudeMeters>
						<DistanceMeters>2699.794714</DistanceMeters>
						<HeartRateBpm>
							<Value>103</Value>
						</HeartRateBpm>
						<Cadence>80</Cadence>
						<Extensions>
							<ns3:TPX>
								<ns3:Speed>5.763667</ns3:Speed>
								<ns3:Watts>194</ns3:Watts>
							</ns3:TPX>
						</Extensions>
					</Trackpoint>
					<Trackpoint>
						<Time>2026-02-22T11:04:17Z</Time>
						<Position>
							<LatitudeDegrees>46.631385</LatitudeDegrees>
							<LongitudeDegrees>13.857683</LongitudeDegrees>
						</Position>
						<AltitudeMeters>529.1</AltitudeMeters>
						<DistanceMeters>2712.804199</DistanceMeters>
						<HeartRateBpm>
							<Value>103</Value>
						</HeartRateBpm>
						<Cadence>80</Cadence>
						<Extensions>
							<ns3:TPX>
								<ns3:Speed>5.794133</ns3:Speed>
								<ns3:Watts>194</ns3:Watts>
							</ns3:TPX>
						</Extensions>
					</Trackpoint>
					<Trackpoint>
						<Time>2026-02-22T11:04:18Z</Time>
						<Position>
							<LatitudeDegrees>46.631437</LatitudeDegrees>
							<LongitudeDegrees>13.857577</LongitudeDegrees>
						</Position>
						<AltitudeMeters>529.3</AltitudeMeters>
						<DistanceMeters>2717.776937</DistanceMeters>
						<HeartRateBpm>
							<Value>103</Value>
						</HeartRateBpm>
						<Cadence>78</Cadence>
						<Extensions>
							<ns3:TPX>
								<ns3:Speed>5.883067</ns3:Speed>
								<ns3:Watts>187</ns3:Watts>
							</ns3:TPX>
						</Extensions>
					</Trackpoint>
					<Trackpoint>
						<Time>2026-02-22T11:04:19Z</Time>
						<Position>
							<LatitudeDegrees>46.631472</LatitudeDegrees>
							<LongitudeDegrees>13.857504</LongitudeDegrees>
						</Position>
						<AltitudeMeters>529.3</AltitudeMeters>
						<DistanceMeters>2721.192554</DistanceMeters>
						<HeartRateBpm>
							<Value>106</Value>
						</HeartRateBpm>
						<Cadence>78</Cadence>
						<Extensions>
							<ns3:TPX>
								<ns3:Speed>5.973267</ns3:Speed>
								<ns3:Watts>177</ns3:Watts>
							</ns3:TPX>
						</Extensions>
					</Trackpoint>
					<Trackpoint>
						<Time>2026-02-22T11:04:20Z</Time>
						<Position>
							<LatitudeDegrees>46.631521</LatitudeDegrees>
							<LongitudeDegrees>13.857391</LongitudeDegrees>
						</Position>
						<AltitudeMeters>529.5</AltitudeMeters>
						<DistanceMeters>2726.315981</DistanceMeters>
						<HeartRateBpm>
							<Value>106</Value>
						</HeartRateBpm>
						<Cadence>79</Cadence>
						<Extensions>
							<ns3:TPX>
								<ns3:Speed>6.115667</ns3:Speed>
								<ns3:Watts>180</ns3:Watts>
							</ns3:TPX>
						</Extensions>
					</Trackpoint>
					<Trackpoint>
						<Time>2026-02-22T11:04:22Z</Time>
						<Position>
							<LatitudeDegrees>46.631571</LatitudeDegrees>
							<LongitudeDegrees>13.857278</LongitudeDegrees>
						</Position>
						<AltitudeMeters>529.6</AltitudeMeters>
						<DistanceMeters>2731.489637</DistanceMeters>
						<HeartRateBpm>
							<Value>106</Value>
						</HeartRateBpm>
						<Cadence>80</Cadence>
						<Extensions>
							<ns3:TPX>
								<ns3:Speed>6.2506</ns3:Speed>
								<ns3:Watts>174</ns3:Watts>
							</ns3:TPX>
						</Extensions>
					</Trackpoint>
					<Trackpoint>
						<Time>2026-02-22T11:04:23Z</Time>
						<Position>
							<LatitudeDegrees>46.631621</LatitudeDegrees>
							<LongitudeDegrees>13.857164</LongitudeDegrees>
						</Position>
						<AltitudeMeters>529.7</AltitudeMeters>
						<DistanceMeters>2736.713523</DistanceMeters>
						<HeartRateBpm>
							<Value>105</Value>
						</HeartRateBpm>
						<Cadence>82</Cadence>
						<Extensions>
							<ns3:TPX>
								<ns3:Speed>6.368533</ns3:Speed>
								<ns3:Watts>182</ns3:Watts>
							</ns3:TPX>
						</Extensions>
					</Trackpoint>
					<Trackpoint>
						<Time>2026-02-22T11:04:25Z</Time>
						<Position>
							<LatitudeDegrees>46.631693</LatitudeDegrees>
							<LongitudeDegrees>13.857077</LongitudeDegrees>
						</Position>
						<AltitudeMeters>529.8</AltitudeMeters>
						<DistanceMeters>2742.037869</DistanceMeters>
						<HeartRateBpm>
							<Value>105</Value>
						</HeartRateBpm>
						<Cadence>81</Cadence>
						<Extensions>
							<ns3:TPX>
								<ns3:Speed>6.493267</ns3:Speed>
								<ns3:Watts>178</ns3:Watts>
							</ns3:TPX>
						</Extensions>
					</Trackpoint>
					<Trackpoint>
						<Time>2026-02-22T11:04:26Z</Time>
						<Position>
							<LatitudeDegrees>46.631768</LatitudeDegrees>
							<LongitudeDegrees>13.856991</LongitudeDegrees>
						</Position>
						<AltitudeMeters>529.9</AltitudeMeters>
						<DistanceMeters>2747.311985</DistanceMeters>
						<HeartRateBpm>
							<Value>105</Value>
						</HeartRateBpm>
						<Cadence>81</Cadence>
						<Extensions>
							<ns3:TPX>
								<ns3:Speed>6.595333</ns3:Speed>
								<ns3:Watts>178</ns3:Watts>
							</ns3:TPX>
						</Extensions>
					</Trackpoint>
					<Trackpoint>
						<Time>2026-02-22T11:04:27Z</Time>
						<Position>
							<LatitudeDegrees>46.631818</LatitudeDegrees>
							<LongitudeDegrees>13.856934</LongitudeDegrees>
						</Position>
						<AltitudeMeters>530</AltitudeMeters>
						<DistanceMeters>2750.878291</DistanceMeters>
						<HeartRateBpm>
							<Value>105</Value>
						</HeartRateBpm>
						<Cadence>81</Cadence>
						<Extensions>
							<ns3:TPX>
								<ns3:Speed>6.679467</ns3:Speed>
								<ns3:Watts>178</ns3:Watts>
							</ns3:TPX>
						</Extensions>
					</Trackpoint>
					<Trackpoint>
						<Time>2026-02-22T11:04:28Z</Time>
						<Position>
							<LatitudeDegrees>46.631818</LatitudeDegrees>
							<LongitudeDegrees>13.856934</LongitudeDegrees>
						</Position>
						<AltitudeMeters>530</AltitudeMeters>
						<DistanceMeters>2788.952384</DistanceMeters>
						<HeartRateBpm>
							<Value>109</Value>
						</HeartRateBpm>
						<Cadence>81</Cadence>
						<Extensions>
							<ns3:TPX>
								<ns3:Speed>6.741067</ns3:Speed>
								<ns3:Watts>178</ns3:Watts>
							</ns3:TPX>
						</Extensions>
					</Trackpoint>
					<Trackpoint>
						<Time>2026-02-22T11:04:29Z</Time>
						<Position>
							<LatitudeDegrees>46.631898</LatitudeDegrees>
							<LongitudeDegrees>13.856861</LongitudeDegrees>
						</Position>
						<AltitudeMeters>530.1</AltitudeMeters>
						<DistanceMeters>2794.276729</DistanceMeters>
						<HeartRateBpm>
							<Value>109</Value>
						</HeartRateBpm>
						<Cadence>86</Cadence>
						<Extensions>
							<ns3:TPX>
								<ns3:Speed>6.797867</ns3:Speed>
								<ns3:Watts>185</ns3:Watts>
							</ns3:TPX>
						</Extensions>
					</Trackpoint>
					<Trackpoint>
						<Time>2026-02-22T11:04:30Z</Time>
						<Position>
							<LatitudeDegrees>46.631989</LatitudeDegrees>
							<LongitudeDegrees>13.856818</LongitudeDegrees>
						</Position>
						<AltitudeMeters>530.2</AltitudeMeters>
						<DistanceMeters>2799.651304</DistanceMeters>
						<HeartRateBpm>
							<Value>109</Value>
						</HeartRateBpm>
						<Cadence>85</Cadence>
						<Extensions>
							<ns3:TPX>
								<ns3:Speed>6.8566</ns3:Speed>
								<ns3:Watts>167</ns3:Watts>
							</ns3:TPX>
						</Extensions>
					</Trackpoint>
					<Trackpoint>
						<Time>2026-02-22T11:04:31Z</Time>
						<Position>
							<LatitudeDegrees>46.632053</LatitudeDegrees>
							<LongitudeDegrees>13.856808</LongitudeDegrees>
						</Position>
						<AltitudeMeters>530.3</AltitudeMeters>
						<DistanceMeters>2803.217611</DistanceMeters>
						<HeartRateBpm>
							<Value>109</Value>
						</HeartRateBpm>
						<Cadence>83</Cadence>
						<Extensions>
							<ns3:TPX>
								<ns3:Speed>6.903133</ns3:Speed>
								<ns3:Watts>160</ns3:Watts>
							</ns3:TPX>
						</Extensions>
					</Trackpoint>
					<Trackpoint>
						<Time>2026-02-22T11:04:32Z</Time>
						<Position>
							<LatitudeDegrees>46.632053</LatitudeDegrees>
							<LongitudeDegrees>13.856808</LongitudeDegrees>
						</Position>
						<AltitudeMeters>530.3</AltitudeMeters>
						<DistanceMeters>2817.482838</DistanceMeters>
						<HeartRateBpm>
							<Value>109</Value>
						</HeartRateBpm>
						<Cadence>83</Cadence>
						<Extensions>
							<ns3:TPX>
								<ns3:Speed>6.9432</ns3:Speed>
								<ns3:Watts>160</ns3:Watts>
							</ns3:TPX>
						</Extensions>
					</Trackpoint>
					<Trackpoint>
						<Time>2026-02-22T11:04:33Z</Time>
						<Position>
							<LatitudeDegrees>46.632147</LatitudeDegrees>
							<LongitudeDegrees>13.856823</LongitudeDegrees>
						</Position>
						<AltitudeMeters>530.3</AltitudeMeters>
						<DistanceMeters>2822.907643</DistanceMeters>
						<HeartRateBpm>
							<Value>109</Value>
						</HeartRateBpm>
						<Cadence>86</Cadence>
						<Extensions>
							<ns3:TPX>
								<ns3:Speed>6.9758</ns3:Speed>
								<ns3:Watts>160</ns3:Watts>
							</ns3:TPX>
						</Extensions>
					</Trackpoint>
					<Trackpoint>
						<Time>2026-02-22T11:04:34Z</Time>
						<Position>
							<LatitudeDegrees>46.632244</LatitudeDegrees>
							<LongitudeDegrees>13.856829</LongitudeDegrees>
						</Position>
						<AltitudeMeters>530.4</AltitudeMeters>
						<DistanceMeters>2828.282218</DistanceMeters>
						<HeartRateBpm>
							<Value>109</Value>
						</HeartRateBpm>
						<Cadence>85</Cadence>
						<Extensions>
							<ns3:TPX>
								<ns3:Speed>7.013867</ns3:Speed>
								<ns3:Watts>143</ns3:Watts>
							</ns3:TPX>
						</Extensions>
					</Trackpoint>
					<Trackpoint>
						<Time>2026-02-22T11:04:35Z</Time>
						<Position>
							<LatitudeDegrees>46.632244</LatitudeDegrees>
							<LongitudeDegrees>13.856829</LongitudeDegrees>
						</Position>
						<AltitudeMeters>530.4</AltitudeMeters>
						<DistanceMeters>2839.081598</DistanceMeters>
						<HeartRateBpm>
							<Value>109</Value>
						</HeartRateBpm>
						<Cadence>85</Cadence>
						<Extensions>
							<ns3:TPX>
								<ns3:Speed>7.043867</ns3:Speed>
								<ns3:Watts>143</ns3:Watts>
							</ns3:TPX>
						</Extensions>
					</Trackpoint>
					<Trackpoint>
						<Time>2026-02-22T11:04:36Z</Time>
						<Position>
							<LatitudeDegrees>46.632341</LatitudeDegrees>
							<LongitudeDegrees>13.856836</LongitudeDegrees>
						</Position>
						<AltitudeMeters>530.3</AltitudeMeters>
						<DistanceMeters>2844.506402</DistanceMeters>
						<HeartRateBpm>
							<Value>109</Value>
						</HeartRateBpm>
						<Cadence>86</Cadence>
						<Extensions>
							<ns3:TPX>
								<ns3:Speed>7.085867</ns3:Speed>
								<ns3:Watts>146</ns3:Watts>
							</ns3:TPX>
						</Extensions>
					</Trackpoint>
					<Trackpoint>
						<Time>2026-02-22T11:04:37Z</Time>
						<Position>
							<LatitudeDegrees>46.632407</LatitudeDegrees>
							<LongitudeDegrees>13.856851</LongitudeDegrees>
						</Position>
						<AltitudeMeters>530.2</AltitudeMeters>
						<DistanceMeters>2848.323858</DistanceMeters>
						<HeartRateBpm>
							<Value>109</Value>
						</HeartRateBpm>
						<Cadence>87</Cadence>
						<Extensions>
							<ns3:TPX>
								<ns3:Speed>7.137333</ns3:Speed>
								<ns3:Watts>135</ns3:Watts>
							</ns3:TPX>
						</Extensions>
					</Trackpoint>
					<Trackpoint>
						<Time>2026-02-22T11:04:38Z</Time>
						<Position>
							<LatitudeDegrees>46.632507</LatitudeDegrees>
							<LongitudeDegrees>13.856885</LongitudeDegrees>
						</Position>
						<AltitudeMeters>530.1</AltitudeMeters>
						<DistanceMeters>2854.1505</DistanceMeters>
						<HeartRateBpm>
							<Value>110</Value>
						</HeartRateBpm>
						<Cadence>88</Cadence>
						<Extensions>
							<ns3:TPX>
								<ns3:Speed>7.2014</ns3:Speed>
								<ns3:Watts>138</ns3:Watts>
							</ns3:TPX>
						</Extensions>
					</Trackpoint>
					<Trackpoint>
						<Time>2026-02-22T11:04:39Z</Time>
						<Position>
							<LatitudeDegrees>46.632578</LatitudeDegrees>
							<LongitudeDegrees>13.8569</LongitudeDegrees>
						</Position>
						<AltitudeMeters>530</AltitudeMeters>
						<DistanceMeters>2858.168874</DistanceMeters>
						<HeartRateBpm>
							<Value>110</Value>
						</HeartRateBpm>
						<Cadence>87</Cadence>
						<Extensions>
							<ns3:TPX>
								<ns3:Speed>7.276</ns3:Speed>
								<ns3:Watts>149</ns3:Watts>
							</ns3:TPX>
						</Extensions>
					</Trackpoint>
					<Trackpoint>
						<Time>2026-02-22T11:04:40Z</Time>
						<Position>
							<LatitudeDegrees>46.632578</LatitudeDegrees>
							<LongitudeDegrees>13.8569</LongitudeDegrees>
						</Position>
						<AltitudeMeters>530</AltitudeMeters>
						<DistanceMeters>2877.256149</DistanceMeters>
						<HeartRateBpm>
							<Value>110</Value>
						</HeartRateBpm>
						<Cadence>87</Cadence>
						<Extensions>
							<ns3:TPX>
								<ns3:Speed>7.3438</ns3:Speed>
								<ns3:Watts>149</ns3:Watts>
							</ns3:TPX>
						</Extensions>
					</Trackpoint>
					<Trackpoint>
						<Time>2026-02-22T11:04:41Z</Time>
						<Position>
							<LatitudeDegrees>46.632686</LatitudeDegrees>
							<LongitudeDegrees>13.856919</LongitudeDegrees>
						</Position>
						<AltitudeMeters>529.9</AltitudeMeters>
						<DistanceMeters>2883.434399</DistanceMeters>
						<HeartRateBpm>
							<Value>110</Value>
						</HeartRateBpm>
						<Cadence>86</Cadence>
						<Extensions>
							<ns3:TPX>
								<ns3:Speed>7.420333</ns3:Speed>
								<ns3:Watts>160</ns3:Watts>
							</ns3:TPX>
						</Extensions>
					</Trackpoint>
					<Trackpoint>
						<Time>2026-02-22T11:04:42Z</Time>
						<Position>
							<LatitudeDegrees>46.63276</LatitudeDegrees>
							<LongitudeDegrees>13.856929</LongitudeDegrees>
						</Position>
						<AltitudeMeters>530</AltitudeMeters>
						<DistanceMeters>2887.603462</DistanceMeters>
						<HeartRateBpm>
							<Value>110</Value>
						</HeartRateBpm>
						<Cadence>86</Cadence>
						<Extensions>
							<ns3:TPX>
								<ns3:Speed>7.497733</ns3:Speed>
								<ns3:Watts>171</ns3:Watts>
							</ns3:TPX>
						</Extensions>
					</Trackpoint>
					<Trackpoint>
						<Time>2026-02-22T11:04:43Z</Time>
						<Position>
							<LatitudeDegrees>46.632871</LatitudeDegrees>
							<LongitudeDegrees>13.856937</LongitudeDegrees>
						</Position>
						<AltitudeMeters>530.2</AltitudeMeters>
						<DistanceMeters>2893.731482</DistanceMeters>
						<HeartRateBpm>
							<Value>110</Value>
						</HeartRateBpm>
						<Cadence>85</Cadence>
						<Extensions>
							<ns3:TPX>
								<ns3:Speed>7.5678</ns3:Speed>
								<ns3:Watts>182</ns3:Watts>
							</ns3:TPX>
						</Extensions>
					</Trackpoint>
					<Trackpoint>
						<Time>2026-02-22T11:04:44Z</Time>
						<Position>
							<LatitudeDegrees>46.632944</LatitudeDegrees>
							<LongitudeDegrees>13.856938</LongitudeDegrees>
						</Position>
						<AltitudeMeters>530.4</AltitudeMeters>
						<DistanceMeters>2897.749856</DistanceMeters>
						<HeartRateBpm>
							<Value>108</Value>
						</HeartRateBpm>
						<Cadence>83</Cadence>
						<Extensions>
							<ns3:TPX>
								<ns3:Speed>7.625733</ns3:Speed>
								<ns3:Watts>187</ns3:Watts>
							</ns3:TPX>
						</Extensions>
					</Trackpoint>
					<Trackpoint>
						<Time>2026-02-22T11:04:45Z</Time>
						<Position>
							<LatitudeDegrees>46.633015</LatitudeDegrees>
							<LongitudeDegrees>13.856938</LongitudeDegrees>
						</Position>
						<AltitudeMeters>530.7</AltitudeMeters>
						<DistanceMeters>2901.76823</DistanceMeters>
						<HeartRateBpm>
							<Value>108</Value>
						</HeartRateBpm>
						<Cadence>85</Cadence>
						<Extensions>
							<ns3:TPX>
								<ns3:Speed>7.669467</ns3:Speed>
								<ns3:Watts>196</ns3:Watts>
							</ns3:TPX>
						</Extensions>
					</Trackpoint>
					<Trackpoint>
						<Time>2026-02-22T11:04:46Z</Time>
						<Position>
							<LatitudeDegrees>46.633015</LatitudeDegrees>
							<LongitudeDegrees>13.856938</LongitudeDegrees>
						</Position>
						<AltitudeMeters>530.7</AltitudeMeters>
						<DistanceMeters>2926.280311</DistanceMeters>
						<HeartRateBpm>
							<Value>108</Value>
						</HeartRateBpm>
						<Cadence>85</Cadence>
						<Extensions>
							<ns3:TPX>
								<ns3:Speed>7.715867</ns3:Speed>
								<ns3:Watts>196</ns3:Watts>
							</ns3:TPX>
						</Extensions>
					</Trackpoint>
					<Trackpoint>
						<Time>2026-02-22T11:04:47Z</Time>
						<Position>
							<LatitudeDegrees>46.633118</LatitudeDegrees>
							<LongitudeDegrees>13.85695</LongitudeDegrees>
						</Position>
						<AltitudeMeters>530.9</AltitudeMeters>
						<DistanceMeters>2931.906034</DistanceMeters>
						<HeartRateBpm>
							<Value>108</Value>
						</HeartRateBpm>
						<Cadence>83</Cadence>
						<Extensions>
							<ns3:TPX>
								<ns3:Speed>7.736733</ns3:Speed>
								<ns3:Watts>187</ns3:Watts>
							</ns3:TPX>
						</Extensions>
					</Trackpoint>
					<Trackpoint>
						<Time>2026-02-22T11:04:48Z</Time>
						<Position>
							<LatitudeDegrees>46.633184</LatitudeDegrees>
							<LongitudeDegrees>13.856963</LongitudeDegrees>
						</Position>
						<AltitudeMeters>531</AltitudeMeters>
						<DistanceMeters>2935.522571</DistanceMeters>
						<HeartRateBpm>
							<Value>108</Value>
						</HeartRateBpm>
						<Cadence>81</Cadence>
						<Extensions>
							<ns3:TPX>
								<ns3:Speed>7.738733</ns3:Speed>
								<ns3:Watts>178</ns3:Watts>
							</ns3:TPX>
						</Extensions>
					</Trackpoint>
					<Trackpoint>
						<Time>2026-02-22T11:04:49Z</Time>
						<Position>
							<LatitudeDegrees>46.633246</LatitudeDegrees>
							<LongitudeDegrees>13.85698</LongitudeDegrees>
						</Position>
						<AltitudeMeters>531.1</AltitudeMeters>
						<DistanceMeters>2939.038648</DistanceMeters>
						<HeartRateBpm>
							<Value>108</Value>
						</HeartRateBpm>
						<Cadence>81</Cadence>
						<Extensions>
							<ns3:TPX>
								<ns3:Speed>7.722733</ns3:Speed>
								<ns3:Watts>178</ns3:Watts>
							</ns3:TPX>
						</Extensions>
					</Trackpoint>
					<Trackpoint>
						<Time>2026-02-22T11:04:50Z</Time>
						<Position>
							<LatitudeDegrees>46.633307</LatitudeDegrees>
							<LongitudeDegrees>13.857002</LongitudeDegrees>
						</Position>
						<AltitudeMeters>531.1</AltitudeMeters>
						<DistanceMeters>2942.504495</DistanceMeters>
						<HeartRateBpm>
							<Value>108</Value>
						</HeartRateBpm>
						<Cadence>81</Cadence>
						<Extensions>
							<ns3:TPX>
								<ns3:Speed>7.700933</ns3:Speed>
								<ns3:Watts>178</ns3:Watts>
							</ns3:TPX>
						</Extensions>
					</Trackpoint>
					<Trackpoint>
						<Time>2026-02-22T11:04:51Z</Time>
						<Position>
							<LatitudeDegrees>46.633375</LatitudeDegrees>
							<LongitudeDegrees>13.857092</LongitudeDegrees>
						</Position>
						<AltitudeMeters>531.1</AltitudeMeters>
						<DistanceMeters>2947.728381</DistanceMeters>
						<HeartRateBpm>
							<Value>108</Value>
						</HeartRateBpm>
						<Cadence>82</Cadence>
						<Extensions>
							<ns3:TPX>
								<ns3:Speed>7.668733</ns3:Speed>
								<ns3:Watts>182</ns3:Watts>
							</ns3:TPX>
						</Extensions>
					</Trackpoint>
					<Trackpoint>
						<Time>2026-02-22T11:04:52Z</Time>
						<Position>
							<LatitudeDegrees>46.633375</LatitudeDegrees>
							<LongitudeDegrees>13.857092</LongitudeDegrees>
						</Position>
						<AltitudeMeters>531.1</AltitudeMeters>
						<DistanceMeters>2969.176452</DistanceMeters>
						<HeartRateBpm>
							<Value>108</Value>
						</HeartRateBpm>
						<Cadence>82</Cadence>
						<Extensions>
							<ns3:TPX>
								<ns3:Speed>7.624467</ns3:Speed>
								<ns3:Watts>182</ns3:Watts>
							</ns3:TPX>
						</Extensions>
					</Trackpoint>
					<Trackpoint>
						<Time>2026-02-22T11:04:53Z</Time>
						<Position>
							<LatitudeDegrees>46.633458</LatitudeDegrees>
							<LongitudeDegrees>13.857153</LongitudeDegrees>
						</Position>
						<AltitudeMeters>531.2</AltitudeMeters>
						<DistanceMeters>2974.350108</DistanceMeters>
						<HeartRateBpm>
							<Value>108</Value>
						</HeartRateBpm>
						<Cadence>80</Cadence>
						<Extensions>
							<ns3:TPX>
								<ns3:Speed>7.5666</ns3:Speed>
								<ns3:Watts>174</ns3:Watts>
							</ns3:TPX>
						</Extensions>
					</Trackpoint>
					<Trackpoint>
						<Time>2026-02-22T11:04:54Z</Time>
						<Position>
							<LatitudeDegrees>46.633515</LatitudeDegrees>
							<LongitudeDegrees>13.85719</LongitudeDegrees>
						</Position>
						<AltitudeMeters>531.2</AltitudeMeters>
						<DistanceMeters>2977.916415</DistanceMeters>
						<HeartRateBpm>
							<Value>109</Value>
						</HeartRateBpm>
						<Cadence>81</Cadence>
						<Extensions>
							<ns3:TPX>
								<ns3:Speed>7.499267</ns3:Speed>
								<ns3:Watts>188</ns3:Watts>
							</ns3:TPX>
						</Extensions>
					</Trackpoint>
					<Trackpoint>
						<Time>2026-02-22T11:04:55Z</Time>
						<Position>
							<LatitudeDegrees>46.633574</LatitudeDegrees>
							<LongitudeDegrees>13.857226</LongitudeDegrees>
						</Position>
						<AltitudeMeters>531.3</AltitudeMeters>
						<DistanceMeters>2981.532951</DistanceMeters>
						<HeartRateBpm>
							<Value>109</Value>
						</HeartRateBpm>
						<Cadence>83</Cadence>
						<Extensions>
							<ns3:TPX>
								<ns3:Speed>7.444333</ns3:Speed>
								<ns3:Watts>208</ns3:Watts>
							</ns3:TPX>
						</Extensions>
					</Trackpoint>
					<Trackpoint>
						<Time>2026-02-22T11:04:56Z</Time>
						<Position>
							<LatitudeDegrees>46.633664</LatitudeDegrees>
							<LongitudeDegrees>13.857284</LongitudeDegrees>
						</Position>
						<AltitudeMeters>531.4</AltitudeMeters>
						<DistanceMeters>2987.058215</DistanceMeters>
						<HeartRateBpm>
							<Value>109</Value>
						</HeartRateBpm>
						<Cadence>82</Cadence>
						<Extensions>
							<ns3:TPX>
								<ns3:Speed>7.388133</ns3:Speed>
								<ns3:Watts>203</ns3:Watts>
							</ns3:TPX>
						</Extensions>
					</Trackpoint>
					<Trackpoint>
						<Time>2026-02-22T11:04:57Z</Time>
						<Position>
							<LatitudeDegrees>46.633712</LatitudeDegrees>
							<LongitudeDegrees>13.857229</LongitudeDegrees>
						</Position>
						<AltitudeMeters>531.7</AltitudeMeters>
						<DistanceMeters>2990.724982</DistanceMeters>
						<HeartRateBpm>
							<Value>109</Value>
						</HeartRateBpm>
						<Cadence>81</Cadence>
						<Extensions>
							<ns3:TPX>
								<ns3:Speed>7.323333</ns3:Speed>
								<ns3:Watts>209</ns3:Watts>
							</ns3:TPX>
						</Extensions>
					</Trackpoint>
					<Trackpoint>
						<Time>2026-02-22T11:04:58Z</Time>
						<Position>
							<LatitudeDegrees>46.633712</LatitudeDegrees>
							<LongitudeDegrees>13.857229</LongitudeDegrees>
						</Position>
						<AltitudeMeters>531.7</AltitudeMeters>
						<DistanceMeters>3012.273511</DistanceMeters>
						<HeartRateBpm>
							<Value>104</Value>
						</HeartRateBpm>
						<Cadence>81</Cadence>
						<Extensions>
							<ns3:TPX>
								<ns3:Speed>7.265867</ns3:Speed>
								<ns3:Watts>209</ns3:Watts>
							</ns3:TPX>
						</Extensions>
					</Trackpoint>
					<Trackpoint>
						<Time>2026-02-22T11:04:59Z</Time>
						<Position>
							<LatitudeDegrees>46.633726</LatitudeDegrees>
							<LongitudeDegrees>13.857093</LongitudeDegrees>
						</Position>
						<AltitudeMeters>532</AltitudeMeters>
						<DistanceMeters>3017.597857</DistanceMeters>
						<HeartRateBpm>
							<Value>104</Value>
						</HeartRateBpm>
						<Cadence>82</Cadence>
						<Extensions>
							<ns3:TPX>
								<ns3:Speed>7.203533</ns3:Speed>
								<ns3:Watts>225</ns3:Watts>
							</ns3:TPX>
						</Extensions>
					</Trackpoint>
					<Trackpoint>
						<Time>2026-02-22T11:05:00Z</Time>
						<Position>
							<LatitudeDegrees>46.633734</LatitudeDegrees>
							<LongitudeDegrees>13.856956</LongitudeDegrees>
						</Position>
						<AltitudeMeters>532.3</AltitudeMeters>
						<DistanceMeters>3022.821743</DistanceMeters>
						<HeartRateBpm>
							<Value>104</Value>
						</HeartRateBpm>
						<Cadence>81</Cadence>
						<Extensions>
							<ns3:TPX>
								<ns3:Speed>7.142933</ns3:Speed>
								<ns3:Watts>220</ns3:Watts>
							</ns3:TPX>
						</Extensions>
					</Trackpoint>
					<Trackpoint>
						<Time>2026-02-22T11:05:02Z</Time>
						<Position>
							<LatitudeDegrees>46.633696</LatitudeDegrees>
							<LongitudeDegrees>13.856842</LongitudeDegrees>
						</Position>
						<AltitudeMeters>532.5</AltitudeMeters>
						<DistanceMeters>3027.995399</DistanceMeters>
						<HeartRateBpm>
							<Value>104</Value>
						</HeartRateBpm>
						<Cadence>82</Cadence>
						<Extensions>
							<ns3:TPX>
								<ns3:Speed>7.0816</ns3:Speed>
								<ns3:Watts>239</ns3:Watts>
							</ns3:TPX>
						</Extensions>
					</Trackpoint>
					<Trackpoint>
						<Time>2026-02-22T11:05:03Z</Time>
						<Position>
							<LatitudeDegrees>46.633634</LatitudeDegrees>
							<LongitudeDegrees>13.856742</LongitudeDegrees>
						</Position>
						<AltitudeMeters>532.8</AltitudeMeters>
						<DistanceMeters>3033.169056</DistanceMeters>
						<HeartRateBpm>
							<Value>104</Value>
						</HeartRateBpm>
						<Cadence>81</Cadence>
						<Extensions>
							<ns3:TPX>
								<ns3:Speed>7.043133</ns3:Speed>
								<ns3:Watts>233</ns3:Watts>
							</ns3:TPX>
						</Extensions>
					</Trackpoint>
					<Trackpoint>
						<Time>2026-02-22T11:05:04Z</Time>
						<Position>
							<LatitudeDegrees>46.633634</LatitudeDegrees>
							<LongitudeDegrees>13.856742</LongitudeDegrees>
						</Position>
						<AltitudeMeters>532.8</AltitudeMeters>
						<DistanceMeters>3054.0646</DistanceMeters>
						<HeartRateBpm>
							<Value>106</Value>
						</HeartRateBpm>
						<Cadence>81</Cadence>
						<Extensions>
							<ns3:TPX>
								<ns3:Speed>7.021333</ns3:Speed>
								<ns3:Watts>233</ns3:Watts>
							</ns3:TPX>
						</Extensions>
					</Trackpoint>
					<Trackpoint>
						<Time>2026-02-22T11:05:05Z</Time>
						<Position>
							<LatitudeDegrees>46.633568</LatitudeDegrees>
							<LongitudeDegrees>13.85665</LongitudeDegrees>
						</Position>
						<AltitudeMeters>533</AltitudeMeters>
						<DistanceMeters>3059.137797</DistanceMeters>
						<HeartRateBpm>
							<Value>106</Value>
						</HeartRateBpm>
						<Cadence>79</Cadence>
						<Extensions>
							<ns3:TPX>
								<ns3:Speed>7.0044</ns3:Speed>
								<ns3:Watts>236</ns3:Watts>
							</ns3:TPX>
						</Extensions>
					</Trackpoint>
					<Trackpoint>
						<Time>2026-02-22T11:05:06Z</Time>
						<Position>
							<LatitudeDegrees>46.633522</LatitudeDegrees>
							<LongitudeDegrees>13.856593</LongitudeDegrees>
						</Position>
						<AltitudeMeters>533.1</AltitudeMeters>
						<DistanceMeters>3062.503185</DistanceMeters>
						<HeartRateBpm>
							<Value>106</Value>
						</HeartRateBpm>
						<Cadence>80</Cadence>
						<Extensions>
							<ns3:TPX>
								<ns3:Speed>6.9962</ns3:Speed>
								<ns3:Watts>251</ns3:Watts>
							</ns3:TPX>
						</Extensions>
					</Trackpoint>
					<Trackpoint>
						<Time>2026-02-22T11:05:07Z</Time>
						<Position>
							<LatitudeDegrees>46.633451</LatitudeDegrees>
							<LongitudeDegrees>13.85651</LongitudeDegrees>
						</Position>
						<AltitudeMeters>533.3</AltitudeMeters>
						<DistanceMeters>3067.626612</DistanceMeters>
						<HeartRateBpm>
							<Value>106</Value>
						</HeartRateBpm>
						<Cadence>79</Cadence>
						<Extensions>
							<ns3:TPX>
								<ns3:Speed>6.989</ns3:Speed>
								<ns3:Watts>257</ns3:Watts>
							</ns3:TPX>
						</Extensions>
					</Trackpoint>
					<Trackpoint>
						<Time>2026-02-22T11:05:09Z</Time>
						<Position>
							<LatitudeDegrees>46.633488</LatitudeDegrees>
							<LongitudeDegrees>13.856442</LongitudeDegrees>
						</Position>
						<AltitudeMeters>533.9</AltitudeMeters>
						<DistanceMeters>3072.44866</DistanceMeters>
						<HeartRateBpm>
							<Value>111</Value>
						</HeartRateBpm>
						<Cadence>78</Cadence>
						<Extensions>
							<ns3:TPX>
								<ns3:Speed>6.9422</ns3:Speed>
								<ns3:Watts>263</ns3:Watts>
							</ns3:TPX>
						</Extensions>
					</Trackpoint>
					<Trackpoint>
						<Time>2026-02-22T11:05:10Z</Time>
						<Position>
							<LatitudeDegrees>46.633569</LatitudeDegrees>
							<LongitudeDegrees>13.856451</LongitudeDegrees>
						</Position>
						<AltitudeMeters>534.3</AltitudeMeters>
						<DistanceMeters>3076.919101</DistanceMeters>
						<HeartRateBpm>
							<Value>111</Value>
						</HeartRateBpm>
						<Cadence>79</Cadence>
						<Extensions>
							<ns3:TPX>
								<ns3:Speed>6.8656</ns3:Speed>
								<ns3:Watts>278</ns3:Watts>
							</ns3:TPX>
						</Extensions>
					</Trackpoint>
					<Trackpoint>
						<Time>2026-02-22T11:05:12Z</Time>
						<Position>
							<LatitudeDegrees>46.633644</LatitudeDegrees>
							<LongitudeDegrees>13.856481</LongitudeDegrees>
						</Position>
						<AltitudeMeters>534.8</AltitudeMeters>
						<DistanceMeters>3081.188623</DistanceMeters>
						<HeartRateBpm>
							<Value>111</Value>
						</HeartRateBpm>
						<Cadence>76</Cadence>
						<Extensions>
							<ns3:TPX>
								<ns3:Speed>6.770133</ns3:Speed>
								<ns3:Watts>284</ns3:Watts>
							</ns3:TPX>
						</Extensions>
					</Trackpoint>
					<Trackpoint>
						<Time>2026-02-22T11:05:13Z</Time>
						<Position>
							<LatitudeDegrees>46.633715</LatitudeDegrees>
							<LongitudeDegrees>13.856519</LongitudeDegrees>
						</Position>
						<AltitudeMeters>535.4</AltitudeMeters>
						<DistanceMeters>3085.407916</DistanceMeters>
						<HeartRateBpm>
							<Value>111</Value>
						</HeartRateBpm>
						<Cadence>77</Cadence>
						<Extensions>
							<ns3:TPX>
								<ns3:Speed>6.656467</ns3:Speed>
								<ns3:Watts>301</ns3:Watts>
							</ns3:TPX>
						</Extensions>
					</Trackpoint>
					<Trackpoint>
						<Time>2026-02-22T11:05:14Z</Time>
						<Position>
							<LatitudeDegrees>46.63376</LatitudeDegrees>
							<LongitudeDegrees>13.856546</LongitudeDegrees>
						</Position>
						<AltitudeMeters>535.8</AltitudeMeters>
						<DistanceMeters>3088.120318</DistanceMeters>
						<HeartRateBpm>
							<Value>111</Value>
						</HeartRateBpm>
						<Cadence>74</Cadence>
						<Extensions>
							<ns3:TPX>
								<ns3:Speed>6.5254</ns3:Speed>
								<ns3:Watts>294</ns3:Watts>
							</ns3:TPX>
						</Extensions>
					</Trackpoint>
					<Trackpoint>
						<Time>2026-02-22T11:05:15Z</Time>
						<Position>
							<LatitudeDegrees>46.63376</LatitudeDegrees>
							<LongitudeDegrees>13.856546</LongitudeDegrees>
						</Position>
						<AltitudeMeters>535.8</AltitudeMeters>
						<DistanceMeters>3122.176037</DistanceMeters>
						<HeartRateBpm>
							<Value>113</Value>
						</HeartRateBpm>
						<Cadence>74</Cadence>
						<Extensions>
							<ns3:TPX>
								<ns3:Speed>6.400533</ns3:Speed>
								<ns3:Watts>294</ns3:Watts>
							</ns3:TPX>
						</Extensions>
					</Trackpoint>
					<Trackpoint>
						<Time>2026-02-22T11:05:16Z</Time>
						<Position>
							<LatitudeDegrees>46.633825</LatitudeDegrees>
							<LongitudeDegrees>13.856591</LongitudeDegrees>
						</Position>
						<AltitudeMeters>536.5</AltitudeMeters>
						<DistanceMeters>3126.194411</DistanceMeters>
						<HeartRateBpm>
							<Value>113</Value>
						</HeartRateBpm>
						<Cadence>72</Cadence>
						<Extensions>
							<ns3:TPX>
								<ns3:Speed>6.261533</ns3:Speed>
								<ns3:Watts>304</ns3:Watts>
							</ns3:TPX>
						</Extensions>
					</Trackpoint>
					<Trackpoint>
						<Time>2026-02-22T11:05:17Z</Time>
						<Position>
							<LatitudeDegrees>46.633888</LatitudeDegrees>
							<LongitudeDegrees>13.856635</LongitudeDegrees>
						</Position>
						<AltitudeMeters>537.2</AltitudeMeters>
						<DistanceMeters>3130.011866</DistanceMeters>
						<HeartRateBpm>
							<Value>113</Value>
						</HeartRateBpm>
						<Cadence>71</Cadence>
						<Extensions>
							<ns3:TPX>
								<ns3:Speed>6.129333</ns3:Speed>
								<ns3:Watts>309</ns3:Watts>
							</ns3:TPX>
						</Extensions>
					</Trackpoint>
					<Trackpoint>
						<Time>2026-02-22T11:05:18Z</Time>
						<Position>
							<LatitudeDegrees>46.633929</LatitudeDegrees>
							<LongitudeDegrees>13.856663</LongitudeDegrees>
						</Position>
						<AltitudeMeters>537.7</AltitudeMeters>
						<DistanceMeters>3132.47312</DistanceMeters>
						<HeartRateBpm>
							<Value>113</Value>
						</HeartRateBpm>
						<Cadence>70</Cadence>
						<Extensions>
							<ns3:TPX>
								<ns3:Speed>5.9978</ns3:Speed>
								<ns3:Watts>302</ns3:Watts>
							</ns3:TPX>
						</Extensions>
					</Trackpoint>
					<Trackpoint>
						<Time>2026-02-22T11:05:19Z</Time>
						<Position>
							<LatitudeDegrees>46.633968</LatitudeDegrees>
							<LongitudeDegrees>13.856692</LongitudeDegrees>
						</Position>
						<AltitudeMeters>538.2</AltitudeMeters>
						<DistanceMeters>3134.934374</DistanceMeters>
						<HeartRateBpm>
							<Value>113</Value>
						</HeartRateBpm>
						<Cadence>70</Cadence>
						<Extensions>
							<ns3:TPX>
								<ns3:Speed>5.8618</ns3:Speed>
								<ns3:Watts>313</ns3:Watts>
							</ns3:TPX>
						</Extensions>
					</Trackpoint>
					<Trackpoint>
						<Time>2026-02-22T11:05:20Z</Time>
						<Position>
							<LatitudeDegrees>46.634006</LatitudeDegrees>
							<LongitudeDegrees>13.856722</LongitudeDegrees>
						</Position>
						<AltitudeMeters>538.8</AltitudeMeters>
						<DistanceMeters>3137.345398</DistanceMeters>
						<HeartRateBpm>
							<Value>118</Value>
						</HeartRateBpm>
						<Cadence>69</Cadence>
						<Extensions>
							<ns3:TPX>
								<ns3:Speed>5.7234</ns3:Speed>
								<ns3:Watts>315</ns3:Watts>
							</ns3:TPX>
						</Extensions>
					</Trackpoint>
					<Trackpoint>
						<Time>2026-02-22T11:05:22Z</Time>
						<Position>
							<LatitudeDegrees>46.634057</LatitudeDegrees>
							<LongitudeDegrees>13.856775</LongitudeDegrees>
						</Position>
						<AltitudeMeters>539.6</AltitudeMeters>
						<DistanceMeters>3140.811246</DistanceMeters>
						<HeartRateBpm>
							<Value>118</Value>
						</HeartRateBpm>
						<Cadence>67</Cadence>
						<Extensions>
							<ns3:TPX>
								<ns3:Speed>5.572867</ns3:Speed>
								<ns3:Watts>301</ns3:Watts>
							</ns3:TPX>
						</Extensions>
					</Trackpoint>
					<Trackpoint>
						<Time>2026-02-22T11:05:23Z</Time>
						<Position>
							<LatitudeDegrees>46.634102</LatitudeDegrees>
							<LongitudeDegrees>13.856835</LongitudeDegrees>
						</Position>
						<AltitudeMeters>540.5</AltitudeMeters>
						<DistanceMeters>3144.176634</DistanceMeters>
						<HeartRateBpm>
							<Value>118</Value>
						</HeartRateBpm>
						<Cadence>68</Cadence>
						<Extensions>
							<ns3:TPX>
								<ns3:Speed>5.421933</ns3:Speed>
								<ns3:Watts>308</ns3:Watts>
							</ns3:TPX>
						</Extensions>
					</Trackpoint>
					<Trackpoint>
						<Time>2026-02-22T11:05:25Z</Time>
						<Position>
							<LatitudeDegrees>46.634151</LatitudeDegrees>
							<LongitudeDegrees>13.856882</LongitudeDegrees>
						</Position>
						<AltitudeMeters>541.4</AltitudeMeters>
						<DistanceMeters>3147.491792</DistanceMeters>
						<HeartRateBpm>
							<Value>120</Value>
						</HeartRateBpm>
						<Cadence>67</Cadence>
						<Extensions>
							<ns3:TPX>
								<ns3:Speed>5.261733</ns3:Speed>
								<ns3:Watts>301</ns3:Watts>
							</ns3:TPX>
						</Extensions>
					</Trackpoint>
					<Trackpoint>
						<Time>2026-02-22T11:05:26Z</Time>
						<Position>
							<LatitudeDegrees>46.634201</LatitudeDegrees>
							<LongitudeDegrees>13.856925</LongitudeDegrees>
						</Position>
						<AltitudeMeters>542.3</AltitudeMeters>
						<DistanceMeters>3150.706491</DistanceMeters>
						<HeartRateBpm>
							<Value>120</Value>
						</HeartRateBpm>
						<Cadence>67</Cadence>
						<Extensions>
							<ns3:TPX>
								<ns3:Speed>5.091533</ns3:Speed>
								<ns3:Watts>301</ns3:Watts>
							</ns3:TPX>
						</Extensions>
					</Trackpoint>
					<Trackpoint>
						<Time>2026-02-22T11:05:27Z</Time>
						<Position>
							<LatitudeDegrees>46.634201</LatitudeDegrees>
							<LongitudeDegrees>13.856925</LongitudeDegrees>
						</Position>
						<AltitudeMeters>542.3</AltitudeMeters>
						<DistanceMeters>3179.236946</DistanceMeters>
						<HeartRateBpm>
							<Value>120</Value>
						</HeartRateBpm>
						<Cadence>67</Cadence>
						<Extensions>
							<ns3:TPX>
								<ns3:Speed>4.960933</ns3:Speed>
								<ns3:Watts>301</ns3:Watts>
							</ns3:TPX>
						</Extensions>
					</Trackpoint>
					<Trackpoint>
						<Time>2026-02-22T11:05:28Z</Time>
						<Position>
							<LatitudeDegrees>46.634259</LatitudeDegrees>
							<LongitudeDegrees>13.856927</LongitudeDegrees>
						</Position>
						<AltitudeMeters>543.1</AltitudeMeters>
						<DistanceMeters>3182.401415</DistanceMeters>
						<HeartRateBpm>
							<Value>120</Value>
						</HeartRateBpm>
						<Cadence>67</Cadence>
						<Extensions>
							<ns3:TPX>
								<ns3:Speed>4.8546</ns3:Speed>
								<ns3:Watts>301</ns3:Watts>
							</ns3:TPX>
						</Extensions>
					</Trackpoint>
					<Trackpoint>
						<Time>2026-02-22T11:05:29Z</Time>
						<Position>
							<LatitudeDegrees>46.63431</LatitudeDegrees>
							<LongitudeDegrees>13.856912</LongitudeDegrees>
						</Position>
						<AltitudeMeters>543.9</AltitudeMeters>
						<DistanceMeters>3185.565885</DistanceMeters>
						<HeartRateBpm>
							<Value>120</Value>
						</HeartRateBpm>
						<Cadence>66</Cadence>
						<Extensions>
							<ns3:TPX>
								<ns3:Speed>4.7558</ns3:Speed>
								<ns3:Watts>294</ns3:Watts>
							</ns3:TPX>
						</Extensions>
					</Trackpoint>
					<Trackpoint>
						<Time>2026-02-22T11:05:30Z</Time>
						<Position>
							<LatitudeDegrees>46.63431</LatitudeDegrees>
							<LongitudeDegrees>13.856912</LongitudeDegrees>
						</Position>
						<AltitudeMeters>543.9</AltitudeMeters>
						<DistanceMeters>3191.894823</DistanceMeters>
						<HeartRateBpm>
							<Value>123</Value>
						</HeartRateBpm>
						<Cadence>66</Cadence>
						<Extensions>
							<ns3:TPX>
								<ns3:Speed>4.6628</ns3:Speed>
								<ns3:Watts>294</ns3:Watts>
							</ns3:TPX>
						</Extensions>
					</Trackpoint>
					<Trackpoint>
						<Time>2026-02-22T11:05:31Z</Time>
						<Position>
							<LatitudeDegrees>46.634342</LatitudeDegrees>
							<LongitudeDegrees>13.856845</LongitudeDegrees>
						</Position>
						<AltitudeMeters>544.7</AltitudeMeters>
						<DistanceMeters>3195.009063</DistanceMeters>
						<HeartRateBpm>
							<Value>123</Value>
						</HeartRateBpm>
						<Cadence>66</Cadence>
						<Extensions>
							<ns3:TPX>
								<ns3:Speed>4.5756</ns3:Speed>
								<ns3:Watts>294</ns3:Watts>
							</ns3:TPX>
						</Extensions>
					</Trackpoint>
					<Trackpoint>
						<Time>2026-02-22T11:05:32Z</Time>
						<Position>
							<LatitudeDegrees>46.634359</LatitudeDegrees>
							<LongitudeDegrees>13.8568</LongitudeDegrees>
						</Position>
						<AltitudeMeters>545.1</AltitudeMeters>
						<DistanceMeters>3197.06848</DistanceMeters>
						<HeartRateBpm>
							<Value>123</Value>
						</HeartRateBpm>
						<Cadence>68</Cadence>
						<Extensions>
							<ns3:TPX>
								<ns3:Speed>4.490333</ns3:Speed>
								<ns3:Watts>308</ns3:Watts>
							</ns3:TPX>
						</Extensions>
					</Trackpoint>
					<Trackpoint>
						<Time>2026-02-22T11:05:33Z</Time>
						<Position>
							<LatitudeDegrees>46.634349</LatitudeDegrees>
							<LongitudeDegrees>13.856719</LongitudeDegrees>
						</Position>
						<AltitudeMeters>545.8</AltitudeMeters>
						<DistanceMeters>3200.232949</DistanceMeters>
						<HeartRateBpm>
							<Value>123</Value>
						</HeartRateBpm>
						<Cadence>69</Cadence>
						<Extensions>
							<ns3:TPX>
								<ns3:Speed>4.426867</ns3:Speed>
								<ns3:Watts>315</ns3:Watts>
							</ns3:TPX>
						</Extensions>
					</Trackpoint>
					<Trackpoint>
						<Time>2026-02-22T11:05:34Z</Time>
						<Position>
							<LatitudeDegrees>46.634343</LatitudeDegrees>
							<LongitudeDegrees>13.856664</LongitudeDegrees>
						</Position>
						<AltitudeMeters>546.2</AltitudeMeters>
						<DistanceMeters>3202.392825</DistanceMeters>
						<HeartRateBpm>
							<Value>123</Value>
						</HeartRateBpm>
						<Cadence>69</Cadence>
						<Extensions>
							<ns3:TPX>
								<ns3:Speed>4.378133</ns3:Speed>
								<ns3:Watts>315</ns3:Watts>
							</ns3:TPX>
						</Extensions>
					</Trackpoint>
					<Trackpoint>
						<Time>2026-02-22T11:05:35Z</Time>
						<Position>
							<LatitudeDegrees>46.634343</LatitudeDegrees>
							<LongitudeDegrees>13.856664</LongitudeDegrees>
						</Position>
						<AltitudeMeters>546.2</AltitudeMeters>
						<DistanceMeters>3212.890827</DistanceMeters>
						<HeartRateBpm>
							<Value>125</Value>
						</HeartRateBpm>
						<Cadence>69</Cadence>
						<Extensions>
							<ns3:TPX>
								<ns3:Speed>4.339267</ns3:Speed>
								<ns3:Watts>315</ns3:Watts>
							</ns3:TPX>
						</Extensions>
					</Trackpoint>
					<Trackpoint>
						<Time>2026-02-22T11:05:36Z</Time>
						<Position>
							<LatitudeDegrees>46.634324</LatitudeDegrees>
							<LongitudeDegrees>13.856584</LongitudeDegrees>
						</Position>
						<AltitudeMeters>546.7</AltitudeMeters>
						<DistanceMeters>3216.205985</DistanceMeters>
						<HeartRateBpm>
							<Value>125</Value>
						</HeartRateBpm>
						<Cadence>69</Cadence>
						<Extensions>
							<ns3:TPX>
								<ns3:Speed>4.312133</ns3:Speed>
								<ns3:Watts>315</ns3:Watts>
							</ns3:TPX>
						</Extensions>
					</Trackpoint>
					<Trackpoint>
						<Time>2026-02-22T11:05:37Z</Time>
						<Position>
							<LatitudeDegrees>46.634311</LatitudeDegrees>
							<LongitudeDegrees>13.856528</LongitudeDegrees>
						</Position>
						<AltitudeMeters>547</AltitudeMeters>
						<DistanceMeters>3218.466321</DistanceMeters>
						<HeartRateBpm>
							<Value>125</Value>
						</HeartRateBpm>
						<Cadence>69</Cadence>
						<Extensions>
							<ns3:TPX>
								<ns3:Speed>4.294533</ns3:Speed>
								<ns3:Watts>315</ns3:Watts>
							</ns3:TPX>
						</Extensions>
					</Trackpoint>
					<Trackpoint>
						<Time>2026-02-22T11:05:38Z</Time>
						<Position>
							<LatitudeDegrees>46.634296</LatitudeDegrees>
							<LongitudeDegrees>13.856442</LongitudeDegrees>
						</Position>
						<AltitudeMeters>547.5</AltitudeMeters>
						<DistanceMeters>3221.881938</DistanceMeters>
						<HeartRateBpm>
							<Value>125</Value>
						</HeartRateBpm>
						<Cadence>69</Cadence>
						<Extensions>
							<ns3:TPX>
								<ns3:Speed>4.296267</ns3:Speed>
								<ns3:Watts>315</ns3:Watts>
							</ns3:TPX>
						</Extensions>
					</Trackpoint>
					<Trackpoint>
						<Time>2026-02-22T11:05:40Z</Time>
						<Position>
							<LatitudeDegrees>46.634283</LatitudeDegrees>
							<LongitudeDegrees>13.856355</LongitudeDegrees>
						</Position>
						<AltitudeMeters>548</AltitudeMeters>
						<DistanceMeters>3225.347786</DistanceMeters>
						<HeartRateBpm>
							<Value>126</Value>
						</HeartRateBpm>
						<Cadence>67</Cadence>
						<Extensions>
							<ns3:TPX>
								<ns3:Speed>4.307867</ns3:Speed>
								<ns3:Watts>301</ns3:Watts>
							</ns3:TPX>
						</Extensions>
					</Trackpoint>
					<Trackpoint>
						<Time>2026-02-22T11:05:41Z</Time>
						<Position>
							<LatitudeDegrees>46.634273</LatitudeDegrees>
							<LongitudeDegrees>13.856264</LongitudeDegrees>
						</Position>
						<AltitudeMeters>548.4</AltitudeMeters>
						<DistanceMeters>3228.863863</DistanceMeters>
						<HeartRateBpm>
							<Value>126</Value>
						</HeartRateBpm>
						<Cadence>68</Cadence>
						<Extensions>
							<ns3:TPX>
								<ns3:Speed>4.3344</ns3:Speed>
								<ns3:Watts>308</ns3:Watts>
							</ns3:TPX>
						</Extensions>
					</Trackpoint>
					<Trackpoint>
						<Time>2026-02-22T11:05:43Z</Time>
						<Position>
							<LatitudeDegrees>46.634264</LatitudeDegrees>
							<LongitudeDegrees>13.856172</LongitudeDegrees>
						</Position>
						<AltitudeMeters>548.8</AltitudeMeters>
						<DistanceMeters>3232.530629</DistanceMeters>
						<HeartRateBpm>
							<Value>126</Value>
						</HeartRateBpm>
						<Cadence>67</Cadence>
						<Extensions>
							<ns3:TPX>
								<ns3:Speed>4.371533</ns3:Speed>
								<ns3:Watts>291</ns3:Watts>
							</ns3:TPX>
						</Extensions>
					</Trackpoint>
					<Trackpoint>
						<Time>2026-02-22T11:05:44Z</Time>
						<Position>
							<LatitudeDegrees>46.634253</LatitudeDegrees>
							<LongitudeDegrees>13.856077</LongitudeDegrees>
						</Position>
						<AltitudeMeters>549.2</AltitudeMeters>
						<DistanceMeters>3236.197395</DistanceMeters>
						<HeartRateBpm>
							<Value>126</Value>
						</HeartRateBpm>
						<Cadence>70</Cadence>
						<Extensions>
							<ns3:TPX>
								<ns3:Speed>4.4226</ns3:Speed>
								<ns3:Watts>313</ns3:Watts>
							</ns3:TPX>
						</Extensions>
					</Trackpoint>
					<Trackpoint>
						<Time>2026-02-22T11:05:45Z</Time>
						<Position>
							<LatitudeDegrees>46.634253</LatitudeDegrees>
							<LongitudeDegrees>13.856077</LongitudeDegrees>
						</Position>
						<AltitudeMeters>549.2</AltitudeMeters>
						<DistanceMeters>3259.503964</DistanceMeters>
						<HeartRateBpm>
							<Value>126</Value>
						</HeartRateBpm>
						<Cadence>70</Cadence>
						<Extensions>
							<ns3:TPX>
								<ns3:Speed>4.475533</ns3:Speed>
								<ns3:Watts>313</ns3:Watts>
							</ns3:TPX>
						</Extensions>
					</Trackpoint>
					<Trackpoint>
						<Time>2026-02-22T11:05:46Z</Time>
						<Position>
							<LatitudeDegrees>46.634249</LatitudeDegrees>
							<LongitudeDegrees>13.855978</LongitudeDegrees>
						</Position>
						<AltitudeMeters>549.6</AltitudeMeters>
						<DistanceMeters>3263.421878</DistanceMeters>
						<HeartRateBpm>
							<Value>126</Value>
						</HeartRateBpm>
						<Cadence>68</Cadence>
						<Extensions>
							<ns3:TPX>
								<ns3:Speed>4.542</ns3:Speed>
								<ns3:Watts>288</ns3:Watts>
							</ns3:TPX>
						</Extensions>
					</Trackpoint>
					<Trackpoint>
						<Time>2026-02-22T11:05:47Z</Time>
						<Position>
							<LatitudeDegrees>46.634264</LatitudeDegrees>
							<LongitudeDegrees>13.855882</LongitudeDegrees>
						</Position>
						<AltitudeMeters>549.9</AltitudeMeters>
						<DistanceMeters>3267.289563</DistanceMeters>
						<HeartRateBpm>
							<Value>126</Value>
						</HeartRateBpm>
						<Cadence>69</Cadence>
						<Extensions>
							<ns3:TPX>
								<ns3:Speed>4.612733</ns3:Speed>
								<ns3:Watts>295</ns3:Watts>
							</ns3:TPX>
						</Extensions>
					</Trackpoint>
					<Trackpoint>
						<Time>2026-02-22T11:05:48Z</Time>
						<Position>
							<LatitudeDegrees>46.634289</LatitudeDegrees>
							<LongitudeDegrees>13.855824</LongitudeDegrees>
						</Position>
						<AltitudeMeters>550.2</AltitudeMeters>
						<DistanceMeters>3269.951736</DistanceMeters>
						<HeartRateBpm>
							<Value>126</Value>
						</HeartRateBpm>
						<Cadence>69</Cadence>
						<Extensions>
							<ns3:TPX>
								<ns3:Speed>4.6906</ns3:Speed>
								<ns3:Watts>295</ns3:Watts>
							</ns3:TPX>
						</Extensions>
					</Trackpoint>
					<Trackpoint>
						<Time>2026-02-22T11:05:49Z</Time>
						<Position>
							<LatitudeDegrees>46.634289</LatitudeDegrees>
							<LongitudeDegrees>13.855824</LongitudeDegrees>
						</Position>
						<AltitudeMeters>550.2</AltitudeMeters>
						<DistanceMeters>3280.399508</DistanceMeters>
						<HeartRateBpm>
							<Value>127</Value>
						</HeartRateBpm>
						<Cadence>69</Cadence>
						<Extensions>
							<ns3:TPX>
								<ns3:Speed>4.766533</ns3:Speed>
								<ns3:Watts>295</ns3:Watts>
							</ns3:TPX>
						</Extensions>
					</Trackpoint>
					<Trackpoint>
						<Time>2026-02-22T11:05:50Z</Time>
						<Position>
							<LatitudeDegrees>46.63434</LatitudeDegrees>
							<LongitudeDegrees>13.855756</LongitudeDegrees>
						</Position>
						<AltitudeMeters>550.6</AltitudeMeters>
						<DistanceMeters>3284.468111</DistanceMeters>
						<HeartRateBpm>
							<Value>127</Value>
						</HeartRateBpm>
						<Cadence>70</Cadence>
						<Extensions>
							<ns3:TPX>
								<ns3:Speed>4.841533</ns3:Speed>
								<ns3:Watts>302</ns3:Watts>
							</ns3:TPX>
						</Extensions>
					</Trackpoint>
					<Trackpoint>
						<Time>2026-02-22T11:05:51Z</Time>
						<Position>
							<LatitudeDegrees>46.634402</LatitudeDegrees>
							<LongitudeDegrees>13.855699</LongitudeDegrees>
						</Position>
						<AltitudeMeters>551</AltitudeMeters>
						<DistanceMeters>3288.436256</DistanceMeters>
						<HeartRateBpm>
							<Value>127</Value>
						</HeartRateBpm>
						<Cadence>69</Cadence>
						<Extensions>
							<ns3:TPX>
								<ns3:Speed>4.915533</ns3:Speed>
								<ns3:Watts>295</ns3:Watts>
							</ns3:TPX>
						</Extensions>
					</Trackpoint>
					<Trackpoint>
						<Time>2026-02-22T11:05:52Z</Time>
						<Position>
							<LatitudeDegrees>46.634447</LatitudeDegrees>
							<LongitudeDegrees>13.855674</LongitudeDegrees>
						</Position>
						<AltitudeMeters>551.3</AltitudeMeters>
						<DistanceMeters>3291.198888</DistanceMeters>
						<HeartRateBpm>
							<Value>127</Value>
						</HeartRateBpm>
						<Cadence>68</Cadence>
						<Extensions>
							<ns3:TPX>
								<ns3:Speed>4.987467</ns3:Speed>
								<ns3:Watts>288</ns3:Watts>
							</ns3:TPX>
						</Extensions>
					</Trackpoint>
					<Trackpoint>
						<Time>2026-02-22T11:05:53Z</Time>
						<Position>
							<LatitudeDegrees>46.634493</LatitudeDegrees>
							<LongitudeDegrees>13.855653</LongitudeDegrees>
						</Position>
						<AltitudeMeters>551.6</AltitudeMeters>
						<DistanceMeters>3293.91129</DistanceMeters>
						<HeartRateBpm>
							<Value>127</Value>
						</HeartRateBpm>
						<Cadence>68</Cadence>
						<Extensions>
							<ns3:TPX>
								<ns3:Speed>5.054867</ns3:Speed>
								<ns3:Watts>298</ns3:Watts>
							</ns3:TPX>
						</Extensions>
					</Trackpoint>
					<Trackpoint>
						<Time>2026-02-22T11:05:55Z</Time>
						<Position>
							<LatitudeDegrees>46.634566</LatitudeDegrees>
							<LongitudeDegrees>13.855657</LongitudeDegrees>
						</Position>
						<AltitudeMeters>552.1</AltitudeMeters>
						<DistanceMeters>3298.030123</DistanceMeters>
						<HeartRateBpm>
							<Value>128</Value>
						</HeartRateBpm>
						<Cadence>70</Cadence>
						<Extensions>
							<ns3:TPX>
								<ns3:Speed>5.122867</ns3:Speed>
								<ns3:Watts>313</ns3:Watts>
							</ns3:TPX>
						</Extensions>
					</Trackpoint>
					<Trackpoint>
						<Time>2026-02-22T11:05:56Z</Time>
						<Position>
							<LatitudeDegrees>46.634641</LatitudeDegrees>
							<LongitudeDegrees>13.855646</LongitudeDegrees>
						</Position>
						<AltitudeMeters>552.7</AltitudeMeters>
						<DistanceMeters>3302.199186</DistanceMeters>
						<HeartRateBpm>
							<Value>128</Value>
						</HeartRateBpm>
						<Cadence>70</Cadence>
						<Extensions>
							<ns3:TPX>
								<ns3:Speed>5.189267</ns3:Speed>
								<ns3:Watts>323</ns3:Watts>
							</ns3:TPX>
						</Extensions>
					</Trackpoint>
					<Trackpoint>
						<Time>2026-02-22T11:05:58Z</Time>
						<Position>
							<LatitudeDegrees>46.634714</LatitudeDegrees>
							<LongitudeDegrees>13.855628</LongitudeDegrees>
						</Position>
						<AltitudeMeters>553.2</AltitudeMeters>
						<DistanceMeters>3306.418479</DistanceMeters>
						<HeartRateBpm>
							<Value>128</Value>
						</HeartRateBpm>
						<Cadence>69</Cadence>
						<Extensions>
							<ns3:TPX>
								<ns3:Speed>5.2504</ns3:Speed>
								<ns3:Watts>315</ns3:Watts>
							</ns3:TPX>
						</Extensions>
					</Trackpoint>
					<Trackpoint>
						<Time>2026-02-22T11:05:59Z</Time>
						<Position>
							<LatitudeDegrees>46.634763</LatitudeDegrees>
							<LongitudeDegrees>13.855615</LongitudeDegrees>
						</Position>
						<AltitudeMeters>553.6</AltitudeMeters>
						<DistanceMeters>3309.23134</DistanceMeters>
						<HeartRateBpm>
							<Value>128</Value>
						</HeartRateBpm>
						<Cadence>69</Cadence>
						<Extensions>
							<ns3:TPX>
								<ns3:Speed>5.299467</ns3:Speed>
								<ns3:Watts>315</ns3:Watts>
							</ns3:TPX>
						</Extensions>
					</Trackpoint>
					<Trackpoint>
						<Time>2026-02-22T11:06:00Z</Time>
						<Position>
							<LatitudeDegrees>46.634836</LatitudeDegrees>
							<LongitudeDegrees>13.855597</LongitudeDegrees>
						</Position>
						<AltitudeMeters>554.2</AltitudeMeters>
						<DistanceMeters>3313.199485</DistanceMeters>
						<HeartRateBpm>
							<Value>129</Value>
						</HeartRateBpm>
						<Cadence>67</Cadence>
						<Extensions>
							<ns3:TPX>
								<ns3:Speed>5.3328</ns3:Speed>
								<ns3:Watts>301</ns3:Watts>
							</ns3:TPX>
						</Extensions>
					</Trackpoint>
					<Trackpoint>
						<Time>2026-02-22T11:06:01Z</Time>
						<Position>
							<LatitudeDegrees>46.634883</LatitudeDegrees>
							<LongitudeDegrees>13.855585</LongitudeDegrees>
						</Position>
						<AltitudeMeters>554.5</AltitudeMeters>
						<DistanceMeters>3315.811428</DistanceMeters>
						<HeartRateBpm>
							<Value>129</Value>
						</HeartRateBpm>
						<Cadence>66</Cadence>
						<Extensions>
							<ns3:TPX>
								<ns3:Speed>5.341933</ns3:Speed>
								<ns3:Watts>294</ns3:Watts>
							</ns3:TPX>
						</Extensions>
					</Trackpoint>
					<Trackpoint>
						<Time>2026-02-22T11:06:03Z</Time>
						<Position>
							<LatitudeDegrees>46.634949</LatitudeDegrees>
							<LongitudeDegrees>13.855566</LongitudeDegrees>
						</Position>
						<AltitudeMeters>555.1</AltitudeMeters>
						<DistanceMeters>3319.628883</DistanceMeters>
						<HeartRateBpm>
							<Value>129</Value>
						</HeartRateBpm>
						<Cadence>67</Cadence>
						<Extensions>
							<ns3:TPX>
								<ns3:Speed>5.340667</ns3:Speed>
								<ns3:Watts>301</ns3:Watts>
							</ns3:TPX>
						</Extensions>
					</Trackpoint>
					<Trackpoint>
						<Time>2026-02-22T11:06:04Z</Time>
						<Position>
							<LatitudeDegrees>46.635016</LatitudeDegrees>
							<LongitudeDegrees>13.855546</LongitudeDegrees>
						</Position>
						<AltitudeMeters>555.7</AltitudeMeters>
						<DistanceMeters>3323.345879</DistanceMeters>
						<HeartRateBpm>
							<Value>130</Value>
						</HeartRateBpm>
						<Cadence>67</Cadence>
						<Extensions>
							<ns3:TPX>
								<ns3:Speed>5.324533</ns3:Speed>
								<ns3:Watts>301</ns3:Watts>
							</ns3:TPX>
						</Extensions>
					</Trackpoint>
					<Trackpoint>
						<Time>2026-02-22T11:06:05Z</Time>
						<Position>
							<LatitudeDegrees>46.635016</LatitudeDegrees>
							<LongitudeDegrees>13.855546</LongitudeDegrees>
						</Position>
						<AltitudeMeters>555.7</AltitudeMeters>
						<DistanceMeters>3366.292249</DistanceMeters>
						<HeartRateBpm>
							<Value>130</Value>
						</HeartRateBpm>
						<Cadence>67</Cadence>
						<Extensions>
							<ns3:TPX>
								<ns3:Speed>5.304133</ns3:Speed>
								<ns3:Watts>301</ns3:Watts>
							</ns3:TPX>
						</Extensions>
					</Trackpoint>
					<Trackpoint>
						<Time>2026-02-22T11:06:06Z</Time>
						<Position>
							<LatitudeDegrees>46.63508</LatitudeDegrees>
							<LongitudeDegrees>13.855526</LongitudeDegrees>
						</Position>
						<AltitudeMeters>556.3</AltitudeMeters>
						<DistanceMeters>3369.959015</DistanceMeters>
						<HeartRateBpm>
							<Value>130</Value>
						</HeartRateBpm>
						<Cadence>68</Cadence>
						<Extensions>
							<ns3:TPX>
								<ns3:Speed>5.274467</ns3:Speed>
								<ns3:Watts>308</ns3:Watts>
							</ns3:TPX>
						</Extensions>
					</Trackpoint>
					<Trackpoint>
						<Time>2026-02-22T11:06:07Z</Time>
						<Position>
							<LatitudeDegrees>46.635122</LatitudeDegrees>
							<LongitudeDegrees>13.855512</LongitudeDegrees>
						</Position>
						<AltitudeMeters>556.8</AltitudeMeters>
						<DistanceMeters>3372.37004</DistanceMeters>
						<HeartRateBpm>
							<Value>130</Value>
						</HeartRateBpm>
						<Cadence>69</Cadence>
						<Extensions>
							<ns3:TPX>
								<ns3:Speed>5.243933</ns3:Speed>
								<ns3:Watts>315</ns3:Watts>
							</ns3:TPX>
						</Extensions>
					</Trackpoint>
					<Trackpoint>
						<Time>2026-02-22T11:06:08Z</Time>
						<Position>
							<LatitudeDegrees>46.635164</LatitudeDegrees>
							<LongitudeDegrees>13.855499</LongitudeDegrees>
						</Position>
						<AltitudeMeters>557.3</AltitudeMeters>
						<DistanceMeters>3374.781064</DistanceMeters>
						<HeartRateBpm>
							<Value>130</Value>
						</HeartRateBpm>
						<Cadence>67</Cadence>
						<Extensions>
							<ns3:TPX>
								<ns3:Speed>5.202933</ns3:Speed>
								<ns3:Watts>301</ns3:Watts>
							</ns3:TPX>
						</Extensions>
					</Trackpoint>
					<Trackpoint>
						<Time>2026-02-22T11:06:09Z</Time>
						<Position>
							<LatitudeDegrees>46.635206</LatitudeDegrees>
							<LongitudeDegrees>13.855486</LongitudeDegrees>
						</Position>
						<AltitudeMeters>557.7</AltitudeMeters>
						<DistanceMeters>3377.141859</DistanceMeters>
						<HeartRateBpm>
							<Value>130</Value>
						</HeartRateBpm>
						<Cadence>67</Cadence>
						<Extensions>
							<ns3:TPX>
								<ns3:Speed>5.1526</ns3:Speed>
								<ns3:Watts>301</ns3:Watts>
							</ns3:TPX>
						</Extensions>
					</Trackpoint>
					<Trackpoint>
						<Time>2026-02-22T11:06:10Z</Time>
						<Position>
							<LatitudeDegrees>46.635247</LatitudeDegrees>
							<LongitudeDegrees>13.855471</LongitudeDegrees>
						</Position>
						<AltitudeMeters>558.2</AltitudeMeters>
						<DistanceMeters>3379.452424</DistanceMeters>
						<HeartRateBpm>
							<Value>130</Value>
						</HeartRateBpm>
						<Cadence>68</Cadence>
						<Extensions>
							<ns3:TPX>
								<ns3:Speed>5.1012</ns3:Speed>
								<ns3:Watts>308</ns3:Watts>
							</ns3:TPX>
						</Extensions>
					</Trackpoint>
					<Trackpoint>
						<Time>2026-02-22T11:06:11Z</Time>
						<Position>
							<LatitudeDegrees>46.635307</LatitudeDegrees>
							<LongitudeDegrees>13.85545</LongitudeDegrees>
						</Position>
						<AltitudeMeters>559</AltitudeMeters>
						<DistanceMeters>3382.868042</DistanceMeters>
						<HeartRateBpm>
							<Value>130</Value>
						</HeartRateBpm>
						<Cadence>67</Cadence>
						<Extensions>
							<ns3:TPX>
								<ns3:Speed>5.0428</ns3:Speed>
								<ns3:Watts>301</ns3:Watts>
							</ns3:TPX>
						</Extensions>
					</Trackpoint>
					<Trackpoint>
						<Time>2026-02-22T11:06:12Z</Time>
						<Position>
							<LatitudeDegrees>46.635346</LatitudeDegrees>
							<LongitudeDegrees>13.855431</LongitudeDegrees>
						</Position>
						<AltitudeMeters>559.5</AltitudeMeters>
						<DistanceMeters>3385.178607</DistanceMeters>
						<HeartRateBpm>
							<Value>130</Value>
						</HeartRateBpm>
						<Cadence>68</Cadence>
						<Extensions>
							<ns3:TPX>
								<ns3:Speed>4.978533</ns3:Speed>
								<ns3:Watts>308</ns3:Watts>
							</ns3:TPX>
						</Extensions>
					</Trackpoint>
					<Trackpoint>
						<Time>2026-02-22T11:06:13Z</Time>
						<Position>
							<LatitudeDegrees>46.635346</LatitudeDegrees>
							<LongitudeDegrees>13.855431</LongitudeDegrees>
						</Position>
						<AltitudeMeters>559.5</AltitudeMeters>
						<DistanceMeters>3404.064964</DistanceMeters>
						<HeartRateBpm>
							<Value>130</Value>
						</HeartRateBpm>
						<Cadence>68</Cadence>
						<Extensions>
							<ns3:TPX>
								<ns3:Speed>4.908667</ns3:Speed>
								<ns3:Watts>308</ns3:Watts>
							</ns3:TPX>
						</Extensions>
					</Trackpoint>
					<Trackpoint>
						<Time>2026-02-22T11:06:14Z</Time>
						<Position>
							<LatitudeDegrees>46.635404</LatitudeDegrees>
							<LongitudeDegrees>13.855403</LongitudeDegrees>
						</Position>
						<AltitudeMeters>560.2</AltitudeMeters>
						<DistanceMeters>3407.530811</DistanceMeters>
						<HeartRateBpm>
							<Value>130</Value>
						</HeartRateBpm>
						<Cadence>69</Cadence>
						<Extensions>
							<ns3:TPX>
								<ns3:Speed>4.844133</ns3:Speed>
								<ns3:Watts>315</ns3:Watts>
							</ns3:TPX>
						</Extensions>
					</Trackpoint>
					<Trackpoint>
						<Time>2026-02-22T11:06:15Z</Time>
						<Position>
							<LatitudeDegrees>46.635459</LatitudeDegrees>
							<LongitudeDegrees>13.855363</LongitudeDegrees>
						</Position>
						<AltitudeMeters>560.9</AltitudeMeters>
						<DistanceMeters>3410.946429</DistanceMeters>
						<HeartRateBpm>
							<Value>130</Value>
						</HeartRateBpm>
						<Cadence>69</Cadence>
						<Extensions>
							<ns3:TPX>
								<ns3:Speed>4.783667</ns3:Speed>
								<ns3:Watts>315</ns3:Watts>
							</ns3:TPX>
						</Extensions>
					</Trackpoint>
					<Trackpoint>
						<Time>2026-02-22T11:06:16Z</Time>
						<Position>
							<LatitudeDegrees>46.635459</LatitudeDegrees>
							<LongitudeDegrees>13.855363</LongitudeDegrees>
						</Position>
						<AltitudeMeters>560.9</AltitudeMeters>
						<DistanceMeters>3417.827894</DistanceMeters>
						<HeartRateBpm>
							<Value>130</Value>
						</HeartRateBpm>
						<Cadence>69</Cadence>
						<Extensions>
							<ns3:TPX>
								<ns3:Speed>4.734467</ns3:Speed>
								<ns3:Watts>315</ns3:Watts>
							</ns3:TPX>
						</Extensions>
					</Trackpoint>
					<Trackpoint>
						<Time>2026-02-22T11:06:17Z</Time>
						<Position>
							<LatitudeDegrees>46.635514</LatitudeDegrees>
							<LongitudeDegrees>13.855321</LongitudeDegrees>
						</Position>
						<AltitudeMeters>561.5</AltitudeMeters>
						<DistanceMeters>3421.243512</DistanceMeters>
						<HeartRateBpm>
							<Value>130</Value>
						</HeartRateBpm>
						<Cadence>68</Cadence>
						<Extensions>
							<ns3:TPX>
								<ns3:Speed>4.692933</ns3:Speed>
								<ns3:Watts>308</ns3:Watts>
							</ns3:TPX>
						</Extensions>
					</Trackpoint>
					<Trackpoint>
						<Time>2026-02-22T11:06:18Z</Time>
						<Position>
							<LatitudeDegrees>46.635566</LatitudeDegrees>
							<LongitudeDegrees>13.855274</LongitudeDegrees>
						</Position>
						<AltitudeMeters>562.1</AltitudeMeters>
						<DistanceMeters>3424.709359</DistanceMeters>
						<HeartRateBpm>
							<Value>130</Value>
						</HeartRateBpm>
						<Cadence>69</Cadence>
						<Extensions>
							<ns3:TPX>
								<ns3:Speed>4.663667</ns3:Speed>
								<ns3:Watts>315</ns3:Watts>
							</ns3:TPX>
						</Extensions>
					</Trackpoint>
					<Trackpoint>
						<Time>2026-02-22T11:06:19Z</Time>
						<Position>
							<LatitudeDegrees>46.6356</LatitudeDegrees>
							<LongitudeDegrees>13.855241</LongitudeDegrees>
						</Position>
						<AltitudeMeters>562.5</AltitudeMeters>
						<DistanceMeters>3427.019924</DistanceMeters>
						<HeartRateBpm>
							<Value>130</Value>
						</HeartRateBpm>
						<Cadence>70</Cadence>
						<Extensions>
							<ns3:TPX>
								<ns3:Speed>4.645667</ns3:Speed>
								<ns3:Watts>323</ns3:Watts>
							</ns3:TPX>
						</Extensions>
					</Trackpoint>
					<Trackpoint>
						<Time>2026-02-22T11:06:20Z</Time>
						<Position>
							<LatitudeDegrees>46.6356</LatitudeDegrees>
							<LongitudeDegrees>13.855241</LongitudeDegrees>
						</Position>
						<AltitudeMeters>562.5</AltitudeMeters>
						<DistanceMeters>3436.211955</DistanceMeters>
						<HeartRateBpm>
							<Value>130</Value>
						</HeartRateBpm>
						<Cadence>70</Cadence>
						<Extensions>
							<ns3:TPX>
								<ns3:Speed>4.627667</ns3:Speed>
								<ns3:Watts>323</ns3:Watts>
							</ns3:TPX>
						</Extensions>
					</Trackpoint>
					<Trackpoint>
						<Time>2026-02-22T11:06:21Z</Time>
						<Position>
							<LatitudeDegrees>46.635651</LatitudeDegrees>
							<LongitudeDegrees>13.855188</LongitudeDegrees>
						</Position>
						<AltitudeMeters>563.1</AltitudeMeters>
						<DistanceMeters>3439.728032</DistanceMeters>
						<HeartRateBpm>
							<Value>130</Value>
						</HeartRateBpm>
						<Cadence>70</Cadence>
						<Extensions>
							<ns3:TPX>
								<ns3:Speed>4.620133</ns3:Speed>
								<ns3:Watts>323</ns3:Watts>
							</ns3:TPX>
						</Extensions>
					</Trackpoint>
					<Trackpoint>
						<Time>2026-02-22T11:06:22Z</Time>
						<Position>
							<LatitudeDegrees>46.635704</LatitudeDegrees>
							<LongitudeDegrees>13.855134</LongitudeDegrees>
						</Position>
						<AltitudeMeters>563.7</AltitudeMeters>
						<DistanceMeters>3443.344568</DistanceMeters>
						<HeartRateBpm>
							<Value>130</Value>
						</HeartRateBpm>
						<Cadence>71</Cadence>
						<Extensions>
							<ns3:TPX>
								<ns3:Speed>4.6204</ns3:Speed>
								<ns3:Watts>330</ns3:Watts>
							</ns3:TPX>
						</Extensions>
					</Trackpoint>
					<Trackpoint>
						<Time>2026-02-22T11:06:23Z</Time>
						<Position>
							<LatitudeDegrees>46.635704</LatitudeDegrees>
							<LongitudeDegrees>13.855134</LongitudeDegrees>
						</Position>
						<AltitudeMeters>563.7</AltitudeMeters>
						<DistanceMeters>3450.477182</DistanceMeters>
						<HeartRateBpm>
							<Value>130</Value>
						</HeartRateBpm>
						<Cadence>71</Cadence>
						<Extensions>
							<ns3:TPX>
								<ns3:Speed>4.6244</ns3:Speed>
								<ns3:Watts>330</ns3:Watts>
							</ns3:TPX>
						</Extensions>
					</Trackpoint>
					<Trackpoint>
						<Time>2026-02-22T11:06:24Z</Time>
						<Position>
							<LatitudeDegrees>46.635757</LatitudeDegrees>
							<LongitudeDegrees>13.855081</LongitudeDegrees>
						</Position>
						<AltitudeMeters>564.2</AltitudeMeters>
						<DistanceMeters>3454.143948</DistanceMeters>
						<HeartRateBpm>
							<Value>131</Value>
						</HeartRateBpm>
						<Cadence>70</Cadence>
						<Extensions>
							<ns3:TPX>
								<ns3:Speed>4.637133</ns3:Speed>
								<ns3:Watts>323</ns3:Watts>
							</ns3:TPX>
						</Extensions>
					</Trackpoint>
					<Trackpoint>
						<Time>2026-02-22T11:06:25Z</Time>
						<Position>
							<LatitudeDegrees>46.635805</LatitudeDegrees>
							<LongitudeDegrees>13.855015</LongitudeDegrees>
						</Position>
						<AltitudeMeters>564.7</AltitudeMeters>
						<DistanceMeters>3457.760485</DistanceMeters>
						<HeartRateBpm>
							<Value>131</Value>
						</HeartRateBpm>
						<Cadence>68</Cadence>
						<Extensions>
							<ns3:TPX>
								<ns3:Speed>4.651333</ns3:Speed>
								<ns3:Watts>308</ns3:Watts>
							</ns3:TPX>
						</Extensions>
					</Trackpoint>
					<Trackpoint>
						<Time>2026-02-22T11:06:26Z</Time>
						<Position>
							<LatitudeDegrees>46.635805</LatitudeDegrees>
							<LongitudeDegrees>13.855015</LongitudeDegrees>
						</Position>
						<AltitudeMeters>564.7</AltitudeMeters>
						<DistanceMeters>3465.043787</DistanceMeters>
						<HeartRateBpm>
							<Value>131</Value>
						</HeartRateBpm>
						<Cadence>68</Cadence>
						<Extensions>
							<ns3:TPX>
								<ns3:Speed>4.670533</ns3:Speed>
								<ns3:Watts>308</ns3:Watts>
							</ns3:TPX>
						</Extensions>
					</Trackpoint>
					<Trackpoint>
						<Time>2026-02-22T11:06:27Z</Time>
						<Position>
							<LatitudeDegrees>46.63584</LatitudeDegrees>
							<LongitudeDegrees>13.854939</LongitudeDegrees>
						</Position>
						<AltitudeMeters>565.2</AltitudeMeters>
						<DistanceMeters>3468.710553</DistanceMeters>
						<HeartRateBpm>
							<Value>131</Value>
						</HeartRateBpm>
						<Cadence>67</Cadence>
						<Extensions>
							<ns3:TPX>
								<ns3:Speed>4.688067</ns3:Speed>
								<ns3:Watts>301</ns3:Watts>
							</ns3:TPX>
						</Extensions>
					</Trackpoint>
					<Trackpoint>
						<Time>2026-02-22T11:06:28Z</Time>
						<Position>
							<LatitudeDegrees>46.63585</LatitudeDegrees>
							<LongitudeDegrees>13.854878</LongitudeDegrees>
						</Position>
						<AltitudeMeters>565.6</AltitudeMeters>
						<DistanceMeters>3471.071348</DistanceMeters>
						<HeartRateBpm>
							<Value>131</Value>
						</HeartRateBpm>
						<Cadence>66</Cadence>
						<Extensions>
							<ns3:TPX>
								<ns3:Speed>4.7026</ns3:Speed>
								<ns3:Watts>294</ns3:Watts>
							</ns3:TPX>
						</Extensions>
					</Trackpoint>
					<Trackpoint>
						<Time>2026-02-22T11:06:29Z</Time>
						<Position>
							<LatitudeDegrees>46.635861</LatitudeDegrees>
							<LongitudeDegrees>13.854787</LongitudeDegrees>
						</Position>
						<AltitudeMeters>566.1</AltitudeMeters>
						<DistanceMeters>3474.637655</DistanceMeters>
						<HeartRateBpm>
							<Value>131</Value>
						</HeartRateBpm>
						<Cadence>65</Cadence>
						<Extensions>
							<ns3:TPX>
								<ns3:Speed>4.709467</ns3:Speed>
								<ns3:Watts>287</ns3:Watts>
							</ns3:TPX>
						</Extensions>
					</Trackpoint>
					<Trackpoint>
						<Time>2026-02-22T11:06:31Z</Time>
						<Position>
							<LatitudeDegrees>46.635867</LatitudeDegrees>
							<LongitudeDegrees>13.854696</LongitudeDegrees>
						</Position>
						<AltitudeMeters>566.6</AltitudeMeters>
						<DistanceMeters>3478.153732</DistanceMeters>
						<HeartRateBpm>
							<Value>131</Value>
						</HeartRateBpm>
						<Cadence>67</Cadence>
						<Extensions>
							<ns3:TPX>
								<ns3:Speed>4.716867</ns3:Speed>
								<ns3:Watts>301</ns3:Watts>
							</ns3:TPX>
						</Extensions>
					</Trackpoint>
					<Trackpoint>
						<Time>2026-02-22T11:06:32Z</Time>
						<Position>
							<LatitudeDegrees>46.635872</LatitudeDegrees>
							<LongitudeDegrees>13.854604</LongitudeDegrees>
						</Position>
						<AltitudeMeters>567.1</AltitudeMeters>
						<DistanceMeters>3481.720039</DistanceMeters>
						<HeartRateBpm>
							<Value>131</Value>
						</HeartRateBpm>
						<Cadence>67</Cadence>
						<Extensions>
							<ns3:TPX>
								<ns3:Speed>4.726</ns3:Speed>
								<ns3:Watts>301</ns3:Watts>
							</ns3:TPX>
						</Extensions>
					</Trackpoint>
					<Trackpoint>
						<Time>2026-02-22T11:06:33Z</Time>
						<Position>
							<LatitudeDegrees>46.635872</LatitudeDegrees>
							<LongitudeDegrees>13.854604</LongitudeDegrees>
						</Position>
						<AltitudeMeters>567.1</AltitudeMeters>
						<DistanceMeters>3498.39629</DistanceMeters>
						<HeartRateBpm>
							<Value>131</Value>
						</HeartRateBpm>
						<Cadence>67</Cadence>
						<Extensions>
							<ns3:TPX>
								<ns3:Speed>4.737733</ns3:Speed>
								<ns3:Watts>301</ns3:Watts>
							</ns3:TPX>
						</Extensions>
					</Trackpoint>
					<Trackpoint>
						<Time>2026-02-22T11:06:34Z</Time>
						<Position>
							<LatitudeDegrees>46.63588</LatitudeDegrees>
							<LongitudeDegrees>13.854512</LongitudeDegrees>
						</Position>
						<AltitudeMeters>567.6</AltitudeMeters>
						<DistanceMeters>3501.962597</DistanceMeters>
						<HeartRateBpm>
							<Value>131</Value>
						</HeartRateBpm>
						<Cadence>67</Cadence>
						<Extensions>
							<ns3:TPX>
								<ns3:Speed>4.7484</ns3:Speed>
								<ns3:Watts>301</ns3:Watts>
							</ns3:TPX>
						</Extensions>
					</Trackpoint>
					<Trackpoint>
						<Time>2026-02-22T11:06:35Z</Time>
						<Position>
							<LatitudeDegrees>46.635902</LatitudeDegrees>
							<LongitudeDegrees>13.854425</LongitudeDegrees>
						</Position>
						<AltitudeMeters>568.3</AltitudeMeters>
						<DistanceMeters>3505.478674</DistanceMeters>
						<HeartRateBpm>
							<Value>131</Value>
						</HeartRateBpm>
						<Cadence>67</Cadence>
						<Extensions>
							<ns3:TPX>
								<ns3:Speed>4.750133</ns3:Speed>
								<ns3:Watts>301</ns3:Watts>
							</ns3:TPX>
						</Extensions>
					</Trackpoint>
					<Trackpoint>
						<Time>2026-02-22T11:06:36Z</Time>
						<Position>
							<LatitudeDegrees>46.635902</LatitudeDegrees>
							<LongitudeDegrees>13.854425</LongitudeDegrees>
						</Position>
						<AltitudeMeters>568.3</AltitudeMeters>
						<DistanceMeters>3512.561058</DistanceMeters>
						<HeartRateBpm>
							<Value>131</Value>
						</HeartRateBpm>
						<Cadence>67</Cadence>
						<Extensions>
							<ns3:TPX>
								<ns3:Speed>4.751867</ns3:Speed>
								<ns3:Watts>301</ns3:Watts>
							</ns3:TPX>
						</Extensions>
					</Trackpoint>
					<Trackpoint>
						<Time>2026-02-22T11:06:37Z</Time>
						<Position>
							<LatitudeDegrees>46.635927</LatitudeDegrees>
							<LongitudeDegrees>13.854341</LongitudeDegrees>
						</Position>
						<AltitudeMeters>568.9</AltitudeMeters>
						<DistanceMeters>3516.026906</DistanceMeters>
						<HeartRateBpm>
							<Value>131</Value>
						</HeartRateBpm>
						<Cadence>68</Cadence>
						<Extensions>
							<ns3:TPX>
								<ns3:Speed>4.746333</ns3:Speed>
								<ns3:Watts>308</ns3:Watts>
							</ns3:TPX>
						</Extensions>
					</Trackpoint>
					<Trackpoint>
						<Time>2026-02-22T11:06:38Z</Time>
						<Position>
							<LatitudeDegrees>46.635954</LatitudeDegrees>
							<LongitudeDegrees>13.85426</LongitudeDegrees>
						</Position>
						<AltitudeMeters>569.6</AltitudeMeters>
						<DistanceMeters>3519.492753</DistanceMeters>
						<HeartRateBpm>
							<Value>131</Value>
						</HeartRateBpm>
						<Cadence>68</Cadence>
						<Extensions>
							<ns3:TPX>
								<ns3:Speed>4.729333</ns3:Speed>
								<ns3:Watts>308</ns3:Watts>
							</ns3:TPX>
						</Extensions>
					</Trackpoint>
					<Trackpoint>
						<Time>2026-02-22T11:06:39Z</Time>
						<Position>
							<LatitudeDegrees>46.63597</LatitudeDegrees>
							<LongitudeDegrees>13.854205</LongitudeDegrees>
						</Position>
						<AltitudeMeters>570.2</AltitudeMeters>
						<DistanceMeters>3521.803318</DistanceMeters>
						<HeartRateBpm>
							<Value>133</Value>
						</HeartRateBpm>
						<Cadence>68</Cadence>
						<Extensions>
							<ns3:TPX>
								<ns3:Speed>4.708733</ns3:Speed>
								<ns3:Watts>308</ns3:Watts>
							</ns3:TPX>
						</Extensions>
					</Trackpoint>
					<Trackpoint>
						<Time>2026-02-22T11:06:40Z</Time>
						<Position>
							<LatitudeDegrees>46.63597</LatitudeDegrees>
							<LongitudeDegrees>13.854205</LongitudeDegrees>
						</Position>
						<AltitudeMeters>570.2</AltitudeMeters>
						<DistanceMeters>3531.045578</DistanceMeters>
						<HeartRateBpm>
							<Value>133</Value>
						</HeartRateBpm>
						<Cadence>68</Cadence>
						<Extensions>
							<ns3:TPX>
								<ns3:Speed>4.685</ns3:Speed>
								<ns3:Watts>308</ns3:Watts>
							</ns3:TPX>
						</Extensions>
					</Trackpoint>
					<Trackpoint>
						<Time>2026-02-22T11:06:41Z</Time>
						<Position>
							<LatitudeDegrees>46.635992</LatitudeDegrees>
							<LongitudeDegrees>13.854124</LongitudeDegrees>
						</Position>
						<AltitudeMeters>571</AltitudeMeters>
						<DistanceMeters>3534.360736</DistanceMeters>
						<HeartRateBpm>
							<Value>133</Value>
						</HeartRateBpm>
						<Cadence>67</Cadence>
						<Extensions>
							<ns3:TPX>
								<ns3:Speed>4.654267</ns3:Speed>
								<ns3:Watts>301</ns3:Watts>
							</ns3:TPX>
						</Extensions>
					</Trackpoint>
					<Trackpoint>
						<Time>2026-02-22T11:06:42Z</Time>
						<Position>
							<LatitudeDegrees>46.636006</LatitudeDegrees>
							<LongitudeDegrees>13.85407</LongitudeDegrees>
						</Position>
						<AltitudeMeters>571.6</AltitudeMeters>
						<DistanceMeters>3536.520612</DistanceMeters>
						<HeartRateBpm>
							<Value>133</Value>
						</HeartRateBpm>
						<Cadence>67</Cadence>
						<Extensions>
							<ns3:TPX>
								<ns3:Speed>4.618733</ns3:Speed>
								<ns3:Watts>301</ns3:Watts>
							</ns3:TPX>
						</Extensions>
					</Trackpoint>
					<Trackpoint>
						<Time>2026-02-22T11:06:43Z</Time>
						<Position>
							<LatitudeDegrees>46.636025</LatitudeDegrees>
							<LongitudeDegrees>13.853991</LongitudeDegrees>
						</Position>
						<AltitudeMeters>572.5</AltitudeMeters>
						<DistanceMeters>3539.685082</DistanceMeters>
						<HeartRateBpm>
							<Value>133</Value>
						</HeartRateBpm>
						<Cadence>66</Cadence>
						<Extensions>
							<ns3:TPX>
								<ns3:Speed>4.577467</ns3:Speed>
								<ns3:Watts>294</ns3:Watts>
							</ns3:TPX>
						</Extensions>
					</Trackpoint>
					<Trackpoint>
						<Time>2026-02-22T11:06:44Z</Time>
						<Position>
							<LatitudeDegrees>46.636037</LatitudeDegrees>
							<LongitudeDegrees>13.853939</LongitudeDegrees>
						</Position>
						<AltitudeMeters>573.1</AltitudeMeters>
						<DistanceMeters>3541.794728</DistanceMeters>
						<HeartRateBpm>
							<Value>133</Value>
						</HeartRateBpm>
						<Cadence>66</Cadence>
						<Extensions>
							<ns3:TPX>
								<ns3:Speed>4.534533</ns3:Speed>
								<ns3:Watts>294</ns3:Watts>
							</ns3:TPX>
						</Extensions>
					</Trackpoint>
					<Trackpoint>
						<Time>2026-02-22T11:06:45Z</Time>
						<Position>
							<LatitudeDegrees>46.636037</LatitudeDegrees>
							<LongitudeDegrees>13.853939</LongitudeDegrees>
						</Position>
						<AltitudeMeters>573.1</AltitudeMeters>
						<DistanceMeters>3552.543878</DistanceMeters>
						<HeartRateBpm>
							<Value>132</Value>
						</HeartRateBpm>
						<Cadence>66</Cadence>
						<Extensions>
							<ns3:TPX>
								<ns3:Speed>4.4974</ns3:Speed>
								<ns3:Watts>294</ns3:Watts>
							</ns3:TPX>
						</Extensions>
					</Trackpoint>
					<Trackpoint>
						<Time>2026-02-22T11:06:46Z</Time>
						<Position>
							<LatitudeDegrees>46.636056</LatitudeDegrees>
							<LongitudeDegrees>13.853864</LongitudeDegrees>
						</Position>
						<AltitudeMeters>574</AltitudeMeters>
						<DistanceMeters>3555.557659</DistanceMeters>
						<HeartRateBpm>
							<Value>132</Value>
						</HeartRateBpm>
						<Cadence>66</Cadence>
						<Extensions>
							<ns3:TPX>
								<ns3:Speed>4.453867</ns3:Speed>
								<ns3:Watts>294</ns3:Watts>
							</ns3:TPX>
						</Extensions>
					</Trackpoint>
					<Trackpoint>
						<Time>2026-02-22T11:06:47Z</Time>
						<Position>
							<LatitudeDegrees>46.63607</LatitudeDegrees>
							<LongitudeDegrees>13.853788</LongitudeDegrees>
						</Position>
						<AltitudeMeters>575</AltitudeMeters>
						<DistanceMeters>3558.571439</DistanceMeters>
						<HeartRateBpm>
							<Value>132</Value>
						</HeartRateBpm>
						<Cadence>66</Cadence>
						<Extensions>
							<ns3:TPX>
								<ns3:Speed>4.4048</ns3:Speed>
								<ns3:Watts>294</ns3:Watts>
							</ns3:TPX>
						</Extensions>
					</Trackpoint>
					<Trackpoint>
						<Time>2026-02-22T11:06:48Z</Time>
						<Position>
							<LatitudeDegrees>46.636076</LatitudeDegrees>
							<LongitudeDegrees>13.853737</LongitudeDegrees>
						</Position>
						<AltitudeMeters>575.6</AltitudeMeters>
						<DistanceMeters>3560.580626</DistanceMeters>
						<HeartRateBpm>
							<Value>133</Value>
						</HeartRateBpm>
						<Cadence>66</Cadence>
						<Extensions>
							<ns3:TPX>
								<ns3:Speed>4.3538</ns3:Speed>
								<ns3:Watts>294</ns3:Watts>
							</ns3:TPX>
						</Extensions>
					</Trackpoint>
					<Trackpoint>
						<Time>2026-02-22T11:06:49Z</Time>
						<Position>
							<LatitudeDegrees>46.636081</LatitudeDegrees>
							<LongitudeDegrees>13.853686</LongitudeDegrees>
						</Position>
						<AltitudeMeters>576.3</AltitudeMeters>
						<DistanceMeters>3562.539583</DistanceMeters>
						<HeartRateBpm>
							<Value>133</Value>
						</HeartRateBpm>
						<Cadence>66</Cadence>
						<Extensions>
							<ns3:TPX>
								<ns3:Speed>4.3004</ns3:Speed>
								<ns3:Watts>294</ns3:Watts>
							</ns3:TPX>
						</Extensions>
					</Trackpoint>
					<Trackpoint>
						<Time>2026-02-22T11:06:50Z</Time>
						<Position>
							<LatitudeDegrees>46.636081</LatitudeDegrees>
							<LongitudeDegrees>13.853686</LongitudeDegrees>
						</Position>
						<AltitudeMeters>576.3</AltitudeMeters>
						<DistanceMeters>3572.535288</DistanceMeters>
						<HeartRateBpm>
							<Value>133</Value>
						</HeartRateBpm>
						<Cadence>66</Cadence>
						<Extensions>
							<ns3:TPX>
								<ns3:Speed>4.251267</ns3:Speed>
								<ns3:Watts>294</ns3:Watts>
							</ns3:TPX>
						</Extensions>
					</Trackpoint>
					<Trackpoint>
						<Time>2026-02-22T11:06:51Z</Time>
						<Position>
							<LatitudeDegrees>46.636083</LatitudeDegrees>
							<LongitudeDegrees>13.853609</LongitudeDegrees>
						</Position>
						<AltitudeMeters>577.2</AltitudeMeters>
						<DistanceMeters>3575.498839</DistanceMeters>
						<HeartRateBpm>
							<Value>133</Value>
						</HeartRateBpm>
						<Cadence>65</Cadence>
						<Extensions>
							<ns3:TPX>
								<ns3:Speed>4.199</ns3:Speed>
								<ns3:Watts>287</ns3:Watts>
							</ns3:TPX>
						</Extensions>
					</Trackpoint>
					<Trackpoint>
						<Time>2026-02-22T11:06:52Z</Time>
						<Position>
							<LatitudeDegrees>46.636081</LatitudeDegrees>
							<LongitudeDegrees>13.853534</LongitudeDegrees>
						</Position>
						<AltitudeMeters>578.2</AltitudeMeters>
						<DistanceMeters>3578.36193</DistanceMeters>
						<HeartRateBpm>
							<Value>133</Value>
						</HeartRateBpm>
						<Cadence>65</Cadence>
						<Extensions>
							<ns3:TPX>
								<ns3:Speed>4.145133</ns3:Speed>
								<ns3:Watts>287</ns3:Watts>
							</ns3:TPX>
						</Extensions>
					</Trackpoint>
					<Trackpoint>
						<Time>2026-02-22T11:06:54Z</Time>
						<Position>
							<LatitudeDegrees>46.636076</LatitudeDegrees>
							<LongitudeDegrees>13.853459</LongitudeDegrees>
						</Position>
						<AltitudeMeters>579.1</AltitudeMeters>
						<DistanceMeters>3581.275251</DistanceMeters>
						<HeartRateBpm>
							<Value>133</Value>
						</HeartRateBpm>
						<Cadence>68</Cadence>
						<Extensions>
							<ns3:TPX>
								<ns3:Speed>4.100867</ns3:Speed>
								<ns3:Watts>308</ns3:Watts>
							</ns3:TPX>
						</Extensions>
					</Trackpoint>
					<Trackpoint>
						<Time>2026-02-22T11:06:55Z</Time>
						<Position>
							<LatitudeDegrees>46.636071</LatitudeDegrees>
							<LongitudeDegrees>13.853408</LongitudeDegrees>
						</Position>
						<AltitudeMeters>579.7</AltitudeMeters>
						<DistanceMeters>3583.284438</DistanceMeters>
						<HeartRateBpm>
							<Value>133</Value>
						</HeartRateBpm>
						<Cadence>69</Cadence>
						<Extensions>
							<ns3:TPX>
								<ns3:Speed>4.064333</ns3:Speed>
								<ns3:Watts>315</ns3:Watts>
							</ns3:TPX>
						</Extensions>
					</Trackpoint>
					<Trackpoint>
						<Time>2026-02-22T11:06:56Z</Time>
						<Position>
							<LatitudeDegrees>46.63606</LatitudeDegrees>
							<LongitudeDegrees>13.853331</LongitudeDegrees>
						</Position>
						<AltitudeMeters>580.6</AltitudeMeters>
						<DistanceMeters>3586.298219</DistanceMeters>
						<HeartRateBpm>
							<Value>133</Value>
						</HeartRateBpm>
						<Cadence>69</Cadence>
						<Extensions>
							<ns3:TPX>
								<ns3:Speed>4.0324</ns3:Speed>
								<ns3:Watts>315</ns3:Watts>
							</ns3:TPX>
						</Extensions>
					</Trackpoint>
					<Trackpoint>
						<Time>2026-02-22T11:06:57Z</Time>
						<Position>
							<LatitudeDegrees>46.63606</LatitudeDegrees>
							<LongitudeDegrees>13.853331</LongitudeDegrees>
						</Position>
						<AltitudeMeters>580.6</AltitudeMeters>
						<DistanceMeters>3600.061149</DistanceMeters>
						<HeartRateBpm>
							<Value>133</Value>
						</HeartRateBpm>
						<Cadence>69</Cadence>
						<Extensions>
							<ns3:TPX>
								<ns3:Speed>4.009133</ns3:Speed>
								<ns3:Watts>315</ns3:Watts>
							</ns3:TPX>
						</Extensions>
					</Trackpoint>
					<Trackpoint>
						<Time>2026-02-22T11:06:58Z</Time>
						<Position>
							<LatitudeDegrees>46.636046</LatitudeDegrees>
							<LongitudeDegrees>13.853255</LongitudeDegrees>
						</Position>
						<AltitudeMeters>581.5</AltitudeMeters>
						<DistanceMeters>3603.07493</DistanceMeters>
						<HeartRateBpm>
							<Value>134</Value>
						</HeartRateBpm>
						<Cadence>68</Cadence>
						<Extensions>
							<ns3:TPX>
								<ns3:Speed>3.989867</ns3:Speed>
								<ns3:Watts>308</ns3:Watts>
							</ns3:TPX>
						</Extensions>
					</Trackpoint>
					<Trackpoint>
						<Time>2026-02-22T11:06:59Z</Time>
						<Position>
							<LatitudeDegrees>46.636036</LatitudeDegrees>
							<LongitudeDegrees>13.853204</LongitudeDegrees>
						</Position>
						<AltitudeMeters>582.1</AltitudeMeters>
						<DistanceMeters>3605.134346</DistanceMeters>
						<HeartRateBpm>
							<Value>134</Value>
						</HeartRateBpm>
						<Cadence>69</Cadence>
						<Extensions>
							<ns3:TPX>
								<ns3:Speed>3.979667</ns3:Speed>
								<ns3:Watts>315</ns3:Watts>
							</ns3:TPX>
						</Extensions>
					</Trackpoint>
					<Trackpoint>
						<Time>2026-02-22T11:07:00Z</Time>
						<Position>
							<LatitudeDegrees>46.636017</LatitudeDegrees>
							<LongitudeDegrees>13.85313</LongitudeDegrees>
						</Position>
						<AltitudeMeters>583</AltitudeMeters>
						<DistanceMeters>3608.148127</DistanceMeters>
						<HeartRateBpm>
							<Value>134</Value>
						</HeartRateBpm>
						<Cadence>70</Cadence>
						<Extensions>
							<ns3:TPX>
								<ns3:Speed>3.978533</ns3:Speed>
								<ns3:Watts>323</ns3:Watts>
							</ns3:TPX>
						</Extensions>
					</Trackpoint>
					<Trackpoint>
						<Time>2026-02-22T11:07:02Z</Time>
						<Position>
							<LatitudeDegrees>46.635996</LatitudeDegrees>
							<LongitudeDegrees>13.853056</LongitudeDegrees>
						</Position>
						<AltitudeMeters>584</AltitudeMeters>
						<DistanceMeters>3611.262366</DistanceMeters>
						<HeartRateBpm>
							<Value>134</Value>
						</HeartRateBpm>
						<Cadence>68</Cadence>
						<Extensions>
							<ns3:TPX>
								<ns3:Speed>3.975733</ns3:Speed>
								<ns3:Watts>308</ns3:Watts>
							</ns3:TPX>
						</Extensions>
					</Trackpoint>
					<Trackpoint>
						<Time>2026-02-22T11:07:03Z</Time>
						<Position>
							<LatitudeDegrees>46.635973</LatitudeDegrees>
							<LongitudeDegrees>13.852984</LongitudeDegrees>
						</Position>
						<AltitudeMeters>584.9</AltitudeMeters>
						<DistanceMeters>3614.276147</DistanceMeters>
						<HeartRateBpm>
							<Value>134</Value>
						</HeartRateBpm>
						<Cadence>67</Cadence>
						<Extensions>
							<ns3:TPX>
								<ns3:Speed>3.973467</ns3:Speed>
								<ns3:Watts>301</ns3:Watts>
							</ns3:TPX>
						</Extensions>
					</Trackpoint>
					<Trackpoint>
						<Time>2026-02-22T11:07:04Z</Time>
						<Position>
							<LatitudeDegrees>46.635957</LatitudeDegrees>
							<LongitudeDegrees>13.852937</LongitudeDegrees>
						</Position>
						<AltitudeMeters>585.5</AltitudeMeters>
						<DistanceMeters>3616.285334</DistanceMeters>
						<HeartRateBpm>
							<Value>134</Value>
						</HeartRateBpm>
						<Cadence>67</Cadence>
						<Extensions>
							<ns3:TPX>
								<ns3:Speed>3.972667</ns3:Speed>
								<ns3:Watts>301</ns3:Watts>
							</ns3:TPX>
						</Extensions>
					</Trackpoint>
					<Trackpoint>
						<Time>2026-02-22T11:07:05Z</Time>
						<Position>
							<LatitudeDegrees>46.635957</LatitudeDegrees>
							<LongitudeDegrees>13.852937</LongitudeDegrees>
						</Position>
						<AltitudeMeters>585.5</AltitudeMeters>
						<DistanceMeters>3632.509518</DistanceMeters>
						<HeartRateBpm>
							<Value>134</Value>
						</HeartRateBpm>
						<Cadence>67</Cadence>
						<Extensions>
							<ns3:TPX>
								<ns3:Speed>3.9738</ns3:Speed>
								<ns3:Watts>301</ns3:Watts>
							</ns3:TPX>
						</Extensions>
					</Trackpoint>
					<Trackpoint>
						<Time>2026-02-22T11:07:06Z</Time>
						<Position>
							<LatitudeDegrees>46.635935</LatitudeDegrees>
							<LongitudeDegrees>13.852866</LongitudeDegrees>
						</Position>
						<AltitudeMeters>586.5</AltitudeMeters>
						<DistanceMeters>3635.422839</DistanceMeters>
						<HeartRateBpm>
							<Value>134</Value>
						</HeartRateBpm>
						<Cadence>66</Cadence>
						<Extensions>
							<ns3:TPX>
								<ns3:Speed>3.971733</ns3:Speed>
								<ns3:Watts>294</ns3:Watts>
							</ns3:TPX>
						</Extensions>
					</Trackpoint>
					<Trackpoint>
						<Time>2026-02-22T11:07:07Z</Time>
						<Position>
							<LatitudeDegrees>46.63592</LatitudeDegrees>
							<LongitudeDegrees>13.852819</LongitudeDegrees>
						</Position>
						<AltitudeMeters>587.1</AltitudeMeters>
						<DistanceMeters>3637.432026</DistanceMeters>
						<HeartRateBpm>
							<Value>134</Value>
						</HeartRateBpm>
						<Cadence>66</Cadence>
						<Extensions>
							<ns3:TPX>
								<ns3:Speed>3.9678</ns3:Speed>
								<ns3:Watts>294</ns3:Watts>
							</ns3:TPX>
						</Extensions>
					</Trackpoint>
					<Trackpoint>
						<Time>2026-02-22T11:07:08Z</Time>
						<Position>
							<LatitudeDegrees>46.635899</LatitudeDegrees>
							<LongitudeDegrees>13.852751</LongitudeDegrees>
						</Position>
						<AltitudeMeters>588.1</AltitudeMeters>
						<DistanceMeters>3640.295118</DistanceMeters>
						<HeartRateBpm>
							<Value>134</Value>
						</HeartRateBpm>
						<Cadence>66</Cadence>
						<Extensions>
							<ns3:TPX>
								<ns3:Speed>3.9654</ns3:Speed>
								<ns3:Watts>294</ns3:Watts>
							</ns3:TPX>
						</Extensions>
					</Trackpoint>
					<Trackpoint>
						<Time>2026-02-22T11:07:09Z</Time>
						<Position>
							<LatitudeDegrees>46.635899</LatitudeDegrees>
							<LongitudeDegrees>13.852751</LongitudeDegrees>
						</Position>
						<AltitudeMeters>588.1</AltitudeMeters>
						<DistanceMeters>3648.080717</DistanceMeters>
						<HeartRateBpm>
							<Value>134</Value>
						</HeartRateBpm>
						<Cadence>66</Cadence>
						<Extensions>
							<ns3:TPX>
								<ns3:Speed>3.966667</ns3:Speed>
								<ns3:Watts>294</ns3:Watts>
							</ns3:TPX>
						</Extensions>
					</Trackpoint>
					<Trackpoint>
						<Time>2026-02-22T11:07:10Z</Time>
						<Position>
							<LatitudeDegrees>46.635878</LatitudeDegrees>
							<LongitudeDegrees>13.852683</LongitudeDegrees>
						</Position>
						<AltitudeMeters>589.1</AltitudeMeters>
						<DistanceMeters>3650.943808</DistanceMeters>
						<HeartRateBpm>
							<Value>134</Value>
						</HeartRateBpm>
						<Cadence>65</Cadence>
						<Extensions>
							<ns3:TPX>
								<ns3:Speed>3.959067</ns3:Speed>
								<ns3:Watts>287</ns3:Watts>
							</ns3:TPX>
						</Extensions>
					</Trackpoint>
					<Trackpoint>
						<Time>2026-02-22T11:07:11Z</Time>
						<Position>
							<LatitudeDegrees>46.635862</LatitudeDegrees>
							<LongitudeDegrees>13.852613</LongitudeDegrees>
						</Position>
						<AltitudeMeters>590.1</AltitudeMeters>
						<DistanceMeters>3653.75667</DistanceMeters>
						<HeartRateBpm>
							<Value>134</Value>
						</HeartRateBpm>
						<Cadence>65</Cadence>
						<Extensions>
							<ns3:TPX>
								<ns3:Speed>3.9454</ns3:Speed>
								<ns3:Watts>287</ns3:Watts>
							</ns3:TPX>
						</Extensions>
					</Trackpoint>
					<Trackpoint>
						<Time>2026-02-22T11:07:12Z</Time>
						<Position>
							<LatitudeDegrees>46.635862</LatitudeDegrees>
							<LongitudeDegrees>13.852613</LongitudeDegrees>
						</Position>
						<AltitudeMeters>590.1</AltitudeMeters>
						<DistanceMeters>3659.432623</DistanceMeters>
						<HeartRateBpm>
							<Value>134</Value>
						</HeartRateBpm>
						<Cadence>65</Cadence>
						<Extensions>
							<ns3:TPX>
								<ns3:Speed>3.927133</ns3:Speed>
								<ns3:Watts>287</ns3:Watts>
							</ns3:TPX>
						</Extensions>
					</Trackpoint>
					<Trackpoint>
						<Time>2026-02-22T11:07:13Z</Time>
						<Position>
							<LatitudeDegrees>46.63585</LatitudeDegrees>
							<LongitudeDegrees>13.852541</LongitudeDegrees>
						</Position>
						<AltitudeMeters>591.1</AltitudeMeters>
						<DistanceMeters>3662.295714</DistanceMeters>
						<HeartRateBpm>
							<Value>134</Value>
						</HeartRateBpm>
						<Cadence>65</Cadence>
						<Extensions>
							<ns3:TPX>
								<ns3:Speed>3.909667</ns3:Speed>
								<ns3:Watts>287</ns3:Watts>
							</ns3:TPX>
						</Extensions>
					</Trackpoint>
					<Trackpoint>
						<Time>2026-02-22T11:07:14Z</Time>
						<Position>
							<LatitudeDegrees>46.635839</LatitudeDegrees>
							<LongitudeDegrees>13.852469</LongitudeDegrees>
						</Position>
						<AltitudeMeters>592.1</AltitudeMeters>
						<DistanceMeters>3665.108576</DistanceMeters>
						<HeartRateBpm>
							<Value>134</Value>
						</HeartRateBpm>
						<Cadence>64</Cadence>
						<Extensions>
							<ns3:TPX>
								<ns3:Speed>3.889267</ns3:Speed>
								<ns3:Watts>279</ns3:Watts>
							</ns3:TPX>
						</Extensions>
					</Trackpoint>
					<Trackpoint>
						<Time>2026-02-22T11:07:15Z</Time>
						<Position>
							<LatitudeDegrees>46.635832</LatitudeDegrees>
							<LongitudeDegrees>13.852421</LongitudeDegrees>
						</Position>
						<AltitudeMeters>592.7</AltitudeMeters>
						<DistanceMeters>3666.967074</DistanceMeters>
						<HeartRateBpm>
							<Value>134</Value>
						</HeartRateBpm>
						<Cadence>65</Cadence>
						<Extensions>
							<ns3:TPX>
								<ns3:Speed>3.868533</ns3:Speed>
								<ns3:Watts>287</ns3:Watts>
							</ns3:TPX>
						</Extensions>
					</Trackpoint>
					<Trackpoint>
						<Time>2026-02-22T11:07:17Z</Time>
						<Position>
							<LatitudeDegrees>46.635824</LatitudeDegrees>
							<LongitudeDegrees>13.852349</LongitudeDegrees>
						</Position>
						<AltitudeMeters>593.7</AltitudeMeters>
						<DistanceMeters>3669.779936</DistanceMeters>
						<HeartRateBpm>
							<Value>134</Value>
						</HeartRateBpm>
						<Cadence>66</Cadence>
						<Extensions>
							<ns3:TPX>
								<ns3:Speed>3.847</ns3:Speed>
								<ns3:Watts>294</ns3:Watts>
							</ns3:TPX>
						</Extensions>
					</Trackpoint>
					<Trackpoint>
						<Time>2026-02-22T11:07:18Z</Time>
						<Position>
							<LatitudeDegrees>46.635819</LatitudeDegrees>
							<LongitudeDegrees>13.852275</LongitudeDegrees>
						</Position>
						<AltitudeMeters>594.6</AltitudeMeters>
						<DistanceMeters>3672.693257</DistanceMeters>
						<HeartRateBpm>
							<Value>132</Value>
						</HeartRateBpm>
						<Cadence>67</Cadence>
						<Extensions>
							<ns3:TPX>
								<ns3:Speed>3.8314</ns3:Speed>
								<ns3:Watts>301</ns3:Watts>
							</ns3:TPX>
						</Extensions>
					</Trackpoint>
					<Trackpoint>
						<Time>2026-02-22T11:07:19Z</Time>
						<Position>
							<LatitudeDegrees>46.635816</LatitudeDegrees>
							<LongitudeDegrees>13.852224</LongitudeDegrees>
						</Position>
						<AltitudeMeters>595.2</AltitudeMeters>
						<DistanceMeters>3674.652214</DistanceMeters>
						<HeartRateBpm>
							<Value>132</Value>
						</HeartRateBpm>
						<Cadence>68</Cadence>
						<Extensions>
							<ns3:TPX>
								<ns3:Speed>3.825067</ns3:Speed>
								<ns3:Watts>308</ns3:Watts>
							</ns3:TPX>
						</Extensions>
					</Trackpoint>
					<Trackpoint>
						<Time>2026-02-22T11:07:20Z</Time>
						<Position>
							<LatitudeDegrees>46.635812</LatitudeDegrees>
							<LongitudeDegrees>13.852173</LongitudeDegrees>
						</Position>
						<AltitudeMeters>595.7</AltitudeMeters>
						<DistanceMeters>3676.611171</DistanceMeters>
						<HeartRateBpm>
							<Value>132</Value>
						</HeartRateBpm>
						<Cadence>68</Cadence>
						<Extensions>
							<ns3:TPX>
								<ns3:Speed>3.8242</ns3:Speed>
								<ns3:Watts>308</ns3:Watts>
							</ns3:TPX>
						</Extensions>
					</Trackpoint>
					<Trackpoint>
						<Time>2026-02-22T11:07:22Z</Time>
						<Position>
							<LatitudeDegrees>46.635808</LatitudeDegrees>
							<LongitudeDegrees>13.852096</LongitudeDegrees>
						</Position>
						<AltitudeMeters>596.5</AltitudeMeters>
						<DistanceMeters>3679.624952</DistanceMeters>
						<HeartRateBpm>
							<Value>132</Value>
						</HeartRateBpm>
						<Cadence>67</Cadence>
						<Extensions>
							<ns3:TPX>
								<ns3:Speed>3.825333</ns3:Speed>
								<ns3:Watts>301</ns3:Watts>
							</ns3:TPX>
						</Extensions>
					</Trackpoint>
					<Trackpoint>
						<Time>2026-02-22T11:07:23Z</Time>
						<Position>
							<LatitudeDegrees>46.635807</LatitudeDegrees>
							<LongitudeDegrees>13.852018</LongitudeDegrees>
						</Position>
						<AltitudeMeters>597.3</AltitudeMeters>
						<DistanceMeters>3682.588503</DistanceMeters>
						<HeartRateBpm>
							<Value>132</Value>
						</HeartRateBpm>
						<Cadence>66</Cadence>
						<Extensions>
							<ns3:TPX>
								<ns3:Speed>3.829467</ns3:Speed>
								<ns3:Watts>294</ns3:Watts>
							</ns3:TPX>
						</Extensions>
					</Trackpoint>
					<Trackpoint>
						<Time>2026-02-22T11:07:24Z</Time>
						<Position>
							<LatitudeDegrees>46.635809</LatitudeDegrees>
							<LongitudeDegrees>13.851966</LongitudeDegrees>
						</Position>
						<AltitudeMeters>597.7</AltitudeMeters>
						<DistanceMeters>3684.597689</DistanceMeters>
						<HeartRateBpm>
							<Value>132</Value>
						</HeartRateBpm>
						<Cadence>67</Cadence>
						<Extensions>
							<ns3:TPX>
								<ns3:Speed>3.837333</ns3:Speed>
								<ns3:Watts>301</ns3:Watts>
							</ns3:TPX>
						</Extensions>
					</Trackpoint>
					<Trackpoint>
						<Time>2026-02-22T11:07:25Z</Time>
						<Position>
							<LatitudeDegrees>46.635809</LatitudeDegrees>
							<LongitudeDegrees>13.851966</LongitudeDegrees>
						</Position>
						<AltitudeMeters>597.7</AltitudeMeters>
						<DistanceMeters>3709.762756</DistanceMeters>
						<HeartRateBpm>
							<Value>132</Value>
						</HeartRateBpm>
						<Cadence>67</Cadence>
						<Extensions>
							<ns3:TPX>
								<ns3:Speed>3.8468</ns3:Speed>
								<ns3:Watts>301</ns3:Watts>
							</ns3:TPX>
						</Extensions>
					</Trackpoint>
					<Trackpoint>
						<Time>2026-02-22T11:07:26Z</Time>
						<Position>
							<LatitudeDegrees>46.635811</LatitudeDegrees>
							<LongitudeDegrees>13.851888</LongitudeDegrees>
						</Position>
						<AltitudeMeters>598.4</AltitudeMeters>
						<DistanceMeters>3712.776536</DistanceMeters>
						<HeartRateBpm>
							<Value>132</Value>
						</HeartRateBpm>
						<Cadence>66</Cadence>
						<Extensions>
							<ns3:TPX>
								<ns3:Speed>3.858067</ns3:Speed>
								<ns3:Watts>294</ns3:Watts>
							</ns3:TPX>
						</Extensions>
					</Trackpoint>
					<Trackpoint>
						<Time>2026-02-22T11:07:27Z</Time>
						<Position>
							<LatitudeDegrees>46.635813</LatitudeDegrees>
							<LongitudeDegrees>13.851835</LongitudeDegrees>
						</Position>
						<AltitudeMeters>598.7</AltitudeMeters>
						<DistanceMeters>3714.785723</DistanceMeters>
						<HeartRateBpm>
							<Value>132</Value>
						</HeartRateBpm>
						<Cadence>65</Cadence>
						<Extensions>
							<ns3:TPX>
								<ns3:Speed>3.8724</ns3:Speed>
								<ns3:Watts>287</ns3:Watts>
							</ns3:TPX>
						</Extensions>
					</Trackpoint>
					<Trackpoint>
						<Time>2026-02-22T11:07:28Z</Time>
						<Position>
							<LatitudeDegrees>46.635816</LatitudeDegrees>
							<LongitudeDegrees>13.851757</LongitudeDegrees>
						</Position>
						<AltitudeMeters>599.3</AltitudeMeters>
						<DistanceMeters>3717.799504</DistanceMeters>
						<HeartRateBpm>
							<Value>132</Value>
						</HeartRateBpm>
						<Cadence>66</Cadence>
						<Extensions>
							<ns3:TPX>
								<ns3:Speed>3.891267</ns3:Speed>
								<ns3:Watts>294</ns3:Watts>
							</ns3:TPX>
						</Extensions>
					</Trackpoint>
					<Trackpoint>
						<Time>2026-02-22T11:07:29Z</Time>
						<Position>
							<LatitudeDegrees>46.635818</LatitudeDegrees>
							<LongitudeDegrees>13.851703</LongitudeDegrees>
						</Position>
						<AltitudeMeters>599.6</AltitudeMeters>
						<DistanceMeters>3719.85892</DistanceMeters>
						<HeartRateBpm>
							<Value>132</Value>
						</HeartRateBpm>
						<Cadence>65</Cadence>
						<Extensions>
							<ns3:TPX>
								<ns3:Speed>3.910933</ns3:Speed>
								<ns3:Watts>287</ns3:Watts>
							</ns3:TPX>
						</Extensions>
					</Trackpoint>
					<Trackpoint>
						<Time>2026-02-22T11:07:30Z</Time>
						<Position>
							<LatitudeDegrees>46.635818</LatitudeDegrees>
							<LongitudeDegrees>13.851703</LongitudeDegrees>
						</Position>
						<AltitudeMeters>599.6</AltitudeMeters>
						<DistanceMeters>3729.955084</DistanceMeters>
						<HeartRateBpm>
							<Value>133</Value>
						</HeartRateBpm>
						<Cadence>65</Cadence>
						<Extensions>
							<ns3:TPX>
								<ns3:Speed>3.9298</ns3:Speed>
								<ns3:Watts>287</ns3:Watts>
							</ns3:TPX>
						</Extensions>
					</Trackpoint>
					<Trackpoint>
						<Time>2026-02-22T11:07:31Z</Time>
						<Position>
							<LatitudeDegrees>46.635821</LatitudeDegrees>
							<LongitudeDegrees>13.851625</LongitudeDegrees>
						</Position>
						<AltitudeMeters>600.1</AltitudeMeters>
						<DistanceMeters>3732.968865</DistanceMeters>
						<HeartRateBpm>
							<Value>133</Value>
						</HeartRateBpm>
						<Cadence>64</Cadence>
						<Extensions>
							<ns3:TPX>
								<ns3:Speed>3.9522</ns3:Speed>
								<ns3:Watts>279</ns3:Watts>
							</ns3:TPX>
						</Extensions>
					</Trackpoint>
					<Trackpoint>
						<Time>2026-02-22T11:07:32Z</Time>
						<Position>
							<LatitudeDegrees>46.635821</LatitudeDegrees>
							<LongitudeDegrees>13.851545</LongitudeDegrees>
						</Position>
						<AltitudeMeters>600.5</AltitudeMeters>
						<DistanceMeters>3736.083105</DistanceMeters>
						<HeartRateBpm>
							<Value>133</Value>
						</HeartRateBpm>
						<Cadence>66</Cadence>
						<Extensions>
							<ns3:TPX>
								<ns3:Speed>3.982467</ns3:Speed>
								<ns3:Watts>294</ns3:Watts>
							</ns3:TPX>
						</Extensions>
					</Trackpoint>
					<Trackpoint>
						<Time>2026-02-22T11:07:33Z</Time>
						<Position>
							<LatitudeDegrees>46.635821</LatitudeDegrees>
							<LongitudeDegrees>13.851545</LongitudeDegrees>
						</Position>
						<AltitudeMeters>600.5</AltitudeMeters>
						<DistanceMeters>3742.211125</DistanceMeters>
						<HeartRateBpm>
							<Value>133</Value>
						</HeartRateBpm>
						<Cadence>66</Cadence>
						<Extensions>
							<ns3:TPX>
								<ns3:Speed>4.009133</ns3:Speed>
								<ns3:Watts>294</ns3:Watts>
							</ns3:TPX>
						</Extensions>
					</Trackpoint>
					<Trackpoint>
						<Time>2026-02-22T11:07:34Z</Time>
						<Position>
							<LatitudeDegrees>46.635819</LatitudeDegrees>
							<LongitudeDegrees>13.851462</LongitudeDegrees>
						</Position>
						<AltitudeMeters>601</AltitudeMeters>
						<DistanceMeters>3745.375594</DistanceMeters>
						<HeartRateBpm>
							<Value>133</Value>
						</HeartRateBpm>
						<Cadence>64</Cadence>
						<Extensions>
							<ns3:TPX>
								<ns3:Speed>4.035867</ns3:Speed>
								<ns3:Watts>279</ns3:Watts>
							</ns3:TPX>
						</Extensions>
					</Trackpoint>
					<Trackpoint>
						<Time>2026-02-22T11:07:35Z</Time>
						<Position>
							<LatitudeDegrees>46.635815</LatitudeDegrees>
							<LongitudeDegrees>13.851407</LongitudeDegrees>
						</Position>
						<AltitudeMeters>601.2</AltitudeMeters>
						<DistanceMeters>3747.53547</DistanceMeters>
						<HeartRateBpm>
							<Value>134</Value>
						</HeartRateBpm>
						<Cadence>65</Cadence>
						<Extensions>
							<ns3:TPX>
								<ns3:Speed>4.0614</ns3:Speed>
								<ns3:Watts>287</ns3:Watts>
							</ns3:TPX>
						</Extensions>
					</Trackpoint>
					<Trackpoint>
						<Time>2026-02-22T11:07:36Z</Time>
						<Position>
							<LatitudeDegrees>46.635808</LatitudeDegrees>
							<LongitudeDegrees>13.851323</LongitudeDegrees>
						</Position>
						<AltitudeMeters>601.7</AltitudeMeters>
						<DistanceMeters>3750.800399</DistanceMeters>
						<HeartRateBpm>
							<Value>134</Value>
						</HeartRateBpm>
						<Cadence>65</Cadence>
						<Extensions>
							<ns3:TPX>
								<ns3:Speed>4.090533</ns3:Speed>
								<ns3:Watts>287</ns3:Watts>
							</ns3:TPX>
						</Extensions>
					</Trackpoint>
					<Trackpoint>
						<Time>2026-02-22T11:07:37Z</Time>
						<Position>
							<LatitudeDegrees>46.635803</LatitudeDegrees>
							<LongitudeDegrees>13.851265</LongitudeDegrees>
						</Position>
						<AltitudeMeters>601.9</AltitudeMeters>
						<DistanceMeters>3753.060734</DistanceMeters>
						<HeartRateBpm>
							<Value>134</Value>
						</HeartRateBpm>
						<Cadence>66</Cadence>
						<Extensions>
							<ns3:TPX>
								<ns3:Speed>4.123867</ns3:Speed>
								<ns3:Watts>294</ns3:Watts>
							</ns3:TPX>
						</Extensions>
					</Trackpoint>
					<Trackpoint>
						<Time>2026-02-22T11:07:38Z</Time>
						<Position>
							<LatitudeDegrees>46.635798</LatitudeDegrees>
							<LongitudeDegrees>13.851207</LongitudeDegrees>
						</Position>
						<AltitudeMeters>602.2</AltitudeMeters>
						<DistanceMeters>3755.32107</DistanceMeters>
						<HeartRateBpm>
							<Value>134</Value>
						</HeartRateBpm>
						<Cadence>66</Cadence>
						<Extensions>
							<ns3:TPX>
								<ns3:Speed>4.1634</ns3:Speed>
								<ns3:Watts>294</ns3:Watts>
							</ns3:TPX>
						</Extensions>
					</Trackpoint>
					<Trackpoint>
						<Time>2026-02-22T11:07:39Z</Time>
						<Position>
							<LatitudeDegrees>46.635798</LatitudeDegrees>
							<LongitudeDegrees>13.851207</LongitudeDegrees>
						</Position>
						<AltitudeMeters>602.2</AltitudeMeters>
						<DistanceMeters>3768.431014</DistanceMeters>
						<HeartRateBpm>
							<Value>136</Value>
						</HeartRateBpm>
						<Cadence>66</Cadence>
						<Extensions>
							<ns3:TPX>
								<ns3:Speed>4.201067</ns3:Speed>
								<ns3:Watts>294</ns3:Watts>
							</ns3:TPX>
						</Extensions>
					</Trackpoint>
					<Trackpoint>
						<Time>2026-02-22T11:07:40Z</Time>
						<Position>
							<LatitudeDegrees>46.63579</LatitudeDegrees>
							<LongitudeDegrees>13.851117</LongitudeDegrees>
						</Position>
						<AltitudeMeters>602.7</AltitudeMeters>
						<DistanceMeters>3771.947091</DistanceMeters>
						<HeartRateBpm>
							<Value>136</Value>
						</HeartRateBpm>
						<Cadence>67</Cadence>
						<Extensions>
							<ns3:TPX>
								<ns3:Speed>4.245933</ns3:Speed>
								<ns3:Watts>301</ns3:Watts>
							</ns3:TPX>
						</Extensions>
					</Trackpoint>
					<Trackpoint>
						<Time>2026-02-22T11:07:41Z</Time>
						<Position>
							<LatitudeDegrees>46.635785</LatitudeDegrees>
							<LongitudeDegrees>13.851057</LongitudeDegrees>
						</Position>
						<AltitudeMeters>603</AltitudeMeters>
						<DistanceMeters>3774.307886</DistanceMeters>
						<HeartRateBpm>
							<Value>136</Value>
						</HeartRateBpm>
						<Cadence>66</Cadence>
						<Extensions>
							<ns3:TPX>
								<ns3:Speed>4.289733</ns3:Speed>
								<ns3:Watts>294</ns3:Watts>
							</ns3:TPX>
						</Extensions>
					</Trackpoint>
					<Trackpoint>
						<Time>2026-02-22T11:07:42Z</Time>
						<Position>
							<LatitudeDegrees>46.635778</LatitudeDegrees>
							<LongitudeDegrees>13.850966</LongitudeDegrees>
						</Position>
						<AltitudeMeters>603.6</AltitudeMeters>
						<DistanceMeters>3777.773734</DistanceMeters>
						<HeartRateBpm>
							<Value>136</Value>
						</HeartRateBpm>
						<Cadence>66</Cadence>
						<Extensions>
							<ns3:TPX>
								<ns3:Speed>4.332</ns3:Speed>
								<ns3:Watts>294</ns3:Watts>
							</ns3:TPX>
						</Extensions>
					</Trackpoint>
					<Trackpoint>
						<Time>2026-02-22T11:07:43Z</Time>
						<Position>
							<LatitudeDegrees>46.635778</LatitudeDegrees>
							<LongitudeDegrees>13.850966</LongitudeDegrees>
						</Position>
						<AltitudeMeters>603.6</AltitudeMeters>
						<DistanceMeters>3787.116453</DistanceMeters>
						<HeartRateBpm>
							<Value>136</Value>
						</HeartRateBpm>
						<Cadence>66</Cadence>
						<Extensions>
							<ns3:TPX>
								<ns3:Speed>4.371667</ns3:Speed>
								<ns3:Watts>294</ns3:Watts>
							</ns3:TPX>
						</Extensions>
					</Trackpoint>
					<Trackpoint>
						<Time>2026-02-22T11:07:44Z</Time>
						<Position>
							<LatitudeDegrees>46.635772</LatitudeDegrees>
							<LongitudeDegrees>13.850875</LongitudeDegrees>
						</Position>
						<AltitudeMeters>604.2</AltitudeMeters>
						<DistanceMeters>3790.63253</DistanceMeters>
						<HeartRateBpm>
							<Value>136</Value>
						</HeartRateBpm>
						<Cadence>68</Cadence>
						<Extensions>
							<ns3:TPX>
								<ns3:Speed>4.413667</ns3:Speed>
								<ns3:Watts>308</ns3:Watts>
							</ns3:TPX>
						</Extensions>
					</Trackpoint>
					<Trackpoint>
						<Time>2026-02-22T11:07:45Z</Time>
						<Position>
							<LatitudeDegrees>46.635776</LatitudeDegrees>
							<LongitudeDegrees>13.850815</LongitudeDegrees>
						</Position>
						<AltitudeMeters>604.7</AltitudeMeters>
						<DistanceMeters>3792.993325</DistanceMeters>
						<HeartRateBpm>
							<Value>136</Value>
						</HeartRateBpm>
						<Cadence>68</Cadence>
						<Extensions>
							<ns3:TPX>
								<ns3:Speed>4.455067</ns3:Speed>
								<ns3:Watts>308</ns3:Watts>
							</ns3:TPX>
						</Extensions>
					</Trackpoint>
					<Trackpoint>
						<Time>2026-02-22T11:07:46Z</Time>
						<Position>
							<LatitudeDegrees>46.635787</LatitudeDegrees>
							<LongitudeDegrees>13.850756</LongitudeDegrees>
						</Position>
						<AltitudeMeters>605.2</AltitudeMeters>
						<DistanceMeters>3795.30389</DistanceMeters>
						<HeartRateBpm>
							<Value>136</Value>
						</HeartRateBpm>
						<Cadence>68</Cadence>
						<Extensions>
							<ns3:TPX>
								<ns3:Speed>4.4948</ns3:Speed>
								<ns3:Watts>308</ns3:Watts>
							</ns3:TPX>
						</Extensions>
					</Trackpoint>
					<Trackpoint>
						<Time>2026-02-22T11:07:47Z</Time>
						<Position>
							<LatitudeDegrees>46.63581</LatitudeDegrees>
							<LongitudeDegrees>13.850672</LongitudeDegrees>
						</Position>
						<AltitudeMeters>606</AltitudeMeters>
						<DistanceMeters>3798.769737</DistanceMeters>
						<HeartRateBpm>
							<Value>136</Value>
						</HeartRateBpm>
						<Cadence>68</Cadence>
						<Extensions>
							<ns3:TPX>
								<ns3:Speed>4.522</ns3:Speed>
								<ns3:Watts>308</ns3:Watts>
							</ns3:TPX>
						</Extensions>
					</Trackpoint>
					<Trackpoint>
						<Time>2026-02-22T11:07:48Z</Time>
						<Position>
							<LatitudeDegrees>46.63581</LatitudeDegrees>
							<LongitudeDegrees>13.850672</LongitudeDegrees>
						</Position>
						<AltitudeMeters>606</AltitudeMeters>
						<DistanceMeters>3810.423021</DistanceMeters>
						<HeartRateBpm>
							<Value>136</Value>
						</HeartRateBpm>
						<Cadence>68</Cadence>
						<Extensions>
							<ns3:TPX>
								<ns3:Speed>4.5492</ns3:Speed>
								<ns3:Watts>308</ns3:Watts>
							</ns3:TPX>
						</Extensions>
					</Trackpoint>
					<Trackpoint>
						<Time>2026-02-22T11:07:49Z</Time>
						<Position>
							<LatitudeDegrees>46.635843</LatitudeDegrees>
							<LongitudeDegrees>13.850597</LongitudeDegrees>
						</Position>
						<AltitudeMeters>606.8</AltitudeMeters>
						<DistanceMeters>3813.838639</DistanceMeters>
						<HeartRateBpm>
							<Value>136</Value>
						</HeartRateBpm>
						<Cadence>67</Cadence>
						<Extensions>
							<ns3:TPX>
								<ns3:Speed>4.5662</ns3:Speed>
								<ns3:Watts>301</ns3:Watts>
							</ns3:TPX>
						</Extensions>
					</Trackpoint>
					<Trackpoint>
						<Time>2026-02-22T11:07:50Z</Time>
						<Position>
							<LatitudeDegrees>46.635871</LatitudeDegrees>
							<LongitudeDegrees>13.850557</LongitudeDegrees>
						</Position>
						<AltitudeMeters>607.3</AltitudeMeters>
						<DistanceMeters>3816.048745</DistanceMeters>
						<HeartRateBpm>
							<Value>138</Value>
						</HeartRateBpm>
						<Cadence>66</Cadence>
						<Extensions>
							<ns3:TPX>
								<ns3:Speed>4.573867</ns3:Speed>
								<ns3:Watts>294</ns3:Watts>
							</ns3:TPX>
						</Extensions>
					</Trackpoint>
					<Trackpoint>
						<Time>2026-02-22T11:07:51Z</Time>
						<Position>
							<LatitudeDegrees>46.635921</LatitudeDegrees>
							<LongitudeDegrees>13.850512</LongitudeDegrees>
						</Position>
						<AltitudeMeters>608.1</AltitudeMeters>
						<DistanceMeters>3819.363903</DistanceMeters>
						<HeartRateBpm>
							<Value>138</Value>
						</HeartRateBpm>
						<Cadence>68</Cadence>
						<Extensions>
							<ns3:TPX>
								<ns3:Speed>4.571733</ns3:Speed>
								<ns3:Watts>308</ns3:Watts>
							</ns3:TPX>
						</Extensions>
					</Trackpoint>
					<Trackpoint>
						<Time>2026-02-22T11:07:53Z</Time>
						<Position>
							<LatitudeDegrees>46.635971</LatitudeDegrees>
							<LongitudeDegrees>13.850467</LongitudeDegrees>
						</Position>
						<AltitudeMeters>608.8</AltitudeMeters>
						<DistanceMeters>3822.628832</DistanceMeters>
						<HeartRateBpm>
							<Value>138</Value>
						</HeartRateBpm>
						<Cadence>68</Cadence>
						<Extensions>
							<ns3:TPX>
								<ns3:Speed>4.562133</ns3:Speed>
								<ns3:Watts>308</ns3:Watts>
							</ns3:TPX>
						</Extensions>
					</Trackpoint>
					<Trackpoint>
						<Time>2026-02-22T11:07:54Z</Time>
						<Position>
							<LatitudeDegrees>46.636004</LatitudeDegrees>
							<LongitudeDegrees>13.850438</LongitudeDegrees>
						</Position>
						<AltitudeMeters>609.3</AltitudeMeters>
						<DistanceMeters>3824.838937</DistanceMeters>
						<HeartRateBpm>
							<Value>138</Value>
						</HeartRateBpm>
						<Cadence>69</Cadence>
						<Extensions>
							<ns3:TPX>
								<ns3:Speed>4.548333</ns3:Speed>
								<ns3:Watts>315</ns3:Watts>
							</ns3:TPX>
						</Extensions>
					</Trackpoint>
					<Trackpoint>
						<Time>2026-02-22T11:07:55Z</Time>
						<Position>
							<LatitudeDegrees>46.636054</LatitudeDegrees>
							<LongitudeDegrees>13.850393</LongitudeDegrees>
						</Position>
						<AltitudeMeters>610.1</AltitudeMeters>
						<DistanceMeters>3828.053637</DistanceMeters>
						<HeartRateBpm>
							<Value>137</Value>
						</HeartRateBpm>
						<Cadence>68</Cadence>
						<Extensions>
							<ns3:TPX>
								<ns3:Speed>4.532867</ns3:Speed>
								<ns3:Watts>308</ns3:Watts>
							</ns3:TPX>
						</Extensions>
					</Trackpoint>
					<Trackpoint>
						<Time>2026-02-22T11:07:56Z</Time>
						<Position>
							<LatitudeDegrees>46.636054</LatitudeDegrees>
							<LongitudeDegrees>13.850393</LongitudeDegrees>
						</Position>
						<AltitudeMeters>610.1</AltitudeMeters>
						<DistanceMeters>3845.684252</DistanceMeters>
						<HeartRateBpm>
							<Value>137</Value>
						</HeartRateBpm>
						<Cadence>68</Cadence>
						<Extensions>
							<ns3:TPX>
								<ns3:Speed>4.5102</ns3:Speed>
								<ns3:Watts>308</ns3:Watts>
							</ns3:TPX>
						</Extensions>
					</Trackpoint>
					<Trackpoint>
						<Time>2026-02-22T11:07:57Z</Time>
						<Position>
							<LatitudeDegrees>46.636104</LatitudeDegrees>
							<LongitudeDegrees>13.850349</LongitudeDegrees>
						</Position>
						<AltitudeMeters>610.8</AltitudeMeters>
						<DistanceMeters>3848.949181</DistanceMeters>
						<HeartRateBpm>
							<Value>137</Value>
						</HeartRateBpm>
						<Cadence>68</Cadence>
						<Extensions>
							<ns3:TPX>
								<ns3:Speed>4.484467</ns3:Speed>
								<ns3:Watts>308</ns3:Watts>
							</ns3:TPX>
						</Extensions>
					</Trackpoint>
					<Trackpoint>
						<Time>2026-02-22T11:07:58Z</Time>
						<Position>
							<LatitudeDegrees>46.636137</LatitudeDegrees>
							<LongitudeDegrees>13.850285</LongitudeDegrees>
						</Position>
						<AltitudeMeters>611.6</AltitudeMeters>
						<DistanceMeters>3852.16388</DistanceMeters>
						<HeartRateBpm>
							<Value>137</Value>
						</HeartRateBpm>
						<Cadence>68</Cadence>
						<Extensions>
							<ns3:TPX>
								<ns3:Speed>4.459133</ns3:Speed>
								<ns3:Watts>308</ns3:Watts>
							</ns3:TPX>
						</Extensions>
					</Trackpoint>
					<Trackpoint>
						<Time>2026-02-22T11:08:00Z</Time>
						<Position>
							<LatitudeDegrees>46.636162</LatitudeDegrees>
							<LongitudeDegrees>13.850209</LongitudeDegrees>
						</Position>
						<AltitudeMeters>612.4</AltitudeMeters>
						<DistanceMeters>3855.328349</DistanceMeters>
						<HeartRateBpm>
							<Value>138</Value>
						</HeartRateBpm>
						<Cadence>67</Cadence>
						<Extensions>
							<ns3:TPX>
								<ns3:Speed>4.4324</ns3:Speed>
								<ns3:Watts>301</ns3:Watts>
							</ns3:TPX>
						</Extensions>
					</Trackpoint>
					<Trackpoint>
						<Time>2026-02-22T11:08:01Z</Time>
						<Position>
							<LatitudeDegrees>46.636157</LatitudeDegrees>
							<LongitudeDegrees>13.850128</LongitudeDegrees>
						</Position>
						<AltitudeMeters>613.2</AltitudeMeters>
						<DistanceMeters>3858.492819</DistanceMeters>
						<HeartRateBpm>
							<Value>138</Value>
						</HeartRateBpm>
						<Cadence>67</Cadence>
						<Extensions>
							<ns3:TPX>
								<ns3:Speed>4.397467</ns3:Speed>
								<ns3:Watts>301</ns3:Watts>
							</ns3:TPX>
						</Extensions>
					</Trackpoint>
					<Trackpoint>
						<Time>2026-02-22T11:08:03Z</Time>
						<Position>
							<LatitudeDegrees>46.636148</LatitudeDegrees>
							<LongitudeDegrees>13.850048</LongitudeDegrees>
						</Position>
						<AltitudeMeters>613.9</AltitudeMeters>
						<DistanceMeters>3861.607058</DistanceMeters>
						<HeartRateBpm>
							<Value>138</Value>
						</HeartRateBpm>
						<Cadence>66</Cadence>
						<Extensions>
							<ns3:TPX>
								<ns3:Speed>4.359133</ns3:Speed>
								<ns3:Watts>294</ns3:Watts>
							</ns3:TPX>
						</Extensions>
					</Trackpoint>
					<Trackpoint>
						<Time>2026-02-22T11:08:04Z</Time>
						<Position>
							<LatitudeDegrees>46.636132</LatitudeDegrees>
							<LongitudeDegrees>13.849971</LongitudeDegrees>
						</Position>
						<AltitudeMeters>614.7</AltitudeMeters>
						<DistanceMeters>3864.620839</DistanceMeters>
						<HeartRateBpm>
							<Value>138</Value>
						</HeartRateBpm>
						<Cadence>65</Cadence>
						<Extensions>
							<ns3:TPX>
								<ns3:Speed>4.3166</ns3:Speed>
								<ns3:Watts>287</ns3:Watts>
							</ns3:TPX>
						</Extensions>
					</Trackpoint>
					<Trackpoint>
						<Time>2026-02-22T11:08:05Z</Time>
						<Position>
							<LatitudeDegrees>46.636132</LatitudeDegrees>
							<LongitudeDegrees>13.849971</LongitudeDegrees>
						</Position>
						<AltitudeMeters>614.7</AltitudeMeters>
						<DistanceMeters>3883.557426</DistanceMeters>
						<HeartRateBpm>
							<Value>138</Value>
						</HeartRateBpm>
						<Cadence>65</Cadence>
						<Extensions>
							<ns3:TPX>
								<ns3:Speed>4.2782</ns3:Speed>
								<ns3:Watts>287</ns3:Watts>
							</ns3:TPX>
						</Extensions>
					</Trackpoint>
					<Trackpoint>
						<Time>2026-02-22T11:08:06Z</Time>
						<Position>
							<LatitudeDegrees>46.636117</LatitudeDegrees>
							<LongitudeDegrees>13.849896</LongitudeDegrees>
						</Position>
						<AltitudeMeters>615.5</AltitudeMeters>
						<DistanceMeters>3886.571206</DistanceMeters>
						<HeartRateBpm>
							<Value>138</Value>
						</HeartRateBpm>
						<Cadence>66</Cadence>
						<Extensions>
							<ns3:TPX>
								<ns3:Speed>4.2372</ns3:Speed>
								<ns3:Watts>294</ns3:Watts>
							</ns3:TPX>
						</Extensions>
					</Trackpoint>
					<Trackpoint>
						<Time>2026-02-22T11:08:07Z</Time>
						<Position>
							<LatitudeDegrees>46.636107</LatitudeDegrees>
							<LongitudeDegrees>13.849846</LongitudeDegrees>
						</Position>
						<AltitudeMeters>616.1</AltitudeMeters>
						<DistanceMeters>3888.580393</DistanceMeters>
						<HeartRateBpm>
							<Value>138</Value>
						</HeartRateBpm>
						<Cadence>66</Cadence>
						<Extensions>
							<ns3:TPX>
								<ns3:Speed>4.2024</ns3:Speed>
								<ns3:Watts>294</ns3:Watts>
							</ns3:TPX>
						</Extensions>
					</Trackpoint>
					<Trackpoint>
						<Time>2026-02-22T11:08:08Z</Time>
						<Position>
							<LatitudeDegrees>46.636092</LatitudeDegrees>
							<LongitudeDegrees>13.849772</LongitudeDegrees>
						</Position>
						<AltitudeMeters>616.9</AltitudeMeters>
						<DistanceMeters>3891.543944</DistanceMeters>
						<HeartRateBpm>
							<Value>138</Value>
						</HeartRateBpm>
						<Cadence>65</Cadence>
						<Extensions>
							<ns3:TPX>
								<ns3:Speed>4.171467</ns3:Speed>
								<ns3:Watts>287</ns3:Watts>
							</ns3:TPX>
						</Extensions>
					</Trackpoint>
					<Trackpoint>
						<Time>2026-02-22T11:08:09Z</Time>
						<Position>
							<LatitudeDegrees>46.636081</LatitudeDegrees>
							<LongitudeDegrees>13.849722</LongitudeDegrees>
						</Position>
						<AltitudeMeters>617.4</AltitudeMeters>
						<DistanceMeters>3893.502901</DistanceMeters>
						<HeartRateBpm>
							<Value>138</Value>
						</HeartRateBpm>
						<Cadence>64</Cadence>
						<Extensions>
							<ns3:TPX>
								<ns3:Speed>4.139667</ns3:Speed>
								<ns3:Watts>279</ns3:Watts>
							</ns3:TPX>
						</Extensions>
					</Trackpoint>
					<Trackpoint>
						<Time>2026-02-22T11:08:10Z</Time>
						<Position>
							<LatitudeDegrees>46.636081</LatitudeDegrees>
							<LongitudeDegrees>13.849722</LongitudeDegrees>
						</Position>
						<AltitudeMeters>617.4</AltitudeMeters>
						<DistanceMeters>3903.448376</DistanceMeters>
						<HeartRateBpm>
							<Value>139</Value>
						</HeartRateBpm>
						<Cadence>64</Cadence>
						<Extensions>
							<ns3:TPX>
								<ns3:Speed>4.109133</ns3:Speed>
								<ns3:Watts>279</ns3:Watts>
							</ns3:TPX>
						</Extensions>
					</Trackpoint>
					<Trackpoint>
						<Time>2026-02-22T11:08:11Z</Time>
						<Position>
							<LatitudeDegrees>46.636067</LatitudeDegrees>
							<LongitudeDegrees>13.849649</LongitudeDegrees>
						</Position>
						<AltitudeMeters>618.2</AltitudeMeters>
						<DistanceMeters>3906.361697</DistanceMeters>
						<HeartRateBpm>
							<Value>139</Value>
						</HeartRateBpm>
						<Cadence>65</Cadence>
						<Extensions>
							<ns3:TPX>
								<ns3:Speed>4.0786</ns3:Speed>
								<ns3:Watts>287</ns3:Watts>
							</ns3:TPX>
						</Extensions>
					</Trackpoint>
					<Trackpoint>
						<Time>2026-02-22T11:08:12Z</Time>
						<Position>
							<LatitudeDegrees>46.636057</LatitudeDegrees>
							<LongitudeDegrees>13.849575</LongitudeDegrees>
						</Position>
						<AltitudeMeters>619</AltitudeMeters>
						<DistanceMeters>3909.275018</DistanceMeters>
						<HeartRateBpm>
							<Value>139</Value>
						</HeartRateBpm>
						<Cadence>64</Cadence>
						<Extensions>
							<ns3:TPX>
								<ns3:Speed>4.047333</ns3:Speed>
								<ns3:Watts>279</ns3:Watts>
							</ns3:TPX>
						</Extensions>
					</Trackpoint>
					<Trackpoint>
						<Time>2026-02-22T11:08:13Z</Time>
						<Position>
							<LatitudeDegrees>46.636057</LatitudeDegrees>
							<LongitudeDegrees>13.849575</LongitudeDegrees>
						</Position>
						<AltitudeMeters>619</AltitudeMeters>
						<DistanceMeters>3915.10166</DistanceMeters>
						<HeartRateBpm>
							<Value>139</Value>
						</HeartRateBpm>
						<Cadence>64</Cadence>
						<Extensions>
							<ns3:TPX>
								<ns3:Speed>4.016067</ns3:Speed>
								<ns3:Watts>279</ns3:Watts>
							</ns3:TPX>
						</Extensions>
					</Trackpoint>
					<Trackpoint>
						<Time>2026-02-22T11:08:14Z</Time>
						<Position>
							<LatitudeDegrees>46.636052</LatitudeDegrees>
							<LongitudeDegrees>13.849499</LongitudeDegrees>
						</Position>
						<AltitudeMeters>619.7</AltitudeMeters>
						<DistanceMeters>3918.014982</DistanceMeters>
						<HeartRateBpm>
							<Value>136</Value>
						</HeartRateBpm>
						<Cadence>67</Cadence>
						<Extensions>
							<ns3:TPX>
								<ns3:Speed>3.991333</ns3:Speed>
								<ns3:Watts>301</ns3:Watts>
							</ns3:TPX>
						</Extensions>
					</Trackpoint>
					<Trackpoint>
						<Time>2026-02-22T11:08:15Z</Time>
						<Position>
							<LatitudeDegrees>46.636059</LatitudeDegrees>
							<LongitudeDegrees>13.849424</LongitudeDegrees>
						</Position>
						<AltitudeMeters>620.5</AltitudeMeters>
						<DistanceMeters>3921.028762</DistanceMeters>
						<HeartRateBpm>
							<Value>136</Value>
						</HeartRateBpm>
						<Cadence>66</Cadence>
						<Extensions>
							<ns3:TPX>
								<ns3:Speed>3.971933</ns3:Speed>
								<ns3:Watts>294</ns3:Watts>
							</ns3:TPX>
						</Extensions>
					</Trackpoint>
					<Trackpoint>
						<Time>2026-02-22T11:08:16Z</Time>
						<Position>
							<LatitudeDegrees>46.636059</LatitudeDegrees>
							<LongitudeDegrees>13.849424</LongitudeDegrees>
						</Position>
						<AltitudeMeters>620.5</AltitudeMeters>
						<DistanceMeters>3926.955863</DistanceMeters>
						<HeartRateBpm>
							<Value>136</Value>
						</HeartRateBpm>
						<Cadence>66</Cadence>
						<Extensions>
							<ns3:TPX>
								<ns3:Speed>3.953933</ns3:Speed>
								<ns3:Watts>294</ns3:Watts>
							</ns3:TPX>
						</Extensions>
					</Trackpoint>
					<Trackpoint>
						<Time>2026-02-22T11:08:17Z</Time>
						<Position>
							<LatitudeDegrees>46.636077</LatitudeDegrees>
							<LongitudeDegrees>13.849351</LongitudeDegrees>
						</Position>
						<AltitudeMeters>621.3</AltitudeMeters>
						<DistanceMeters>3929.869184</DistanceMeters>
						<HeartRateBpm>
							<Value>136</Value>
						</HeartRateBpm>
						<Cadence>65</Cadence>
						<Extensions>
							<ns3:TPX>
								<ns3:Speed>3.938333</ns3:Speed>
								<ns3:Watts>287</ns3:Watts>
							</ns3:TPX>
						</Extensions>
					</Trackpoint>
					<Trackpoint>
						<Time>2026-02-22T11:08:18Z</Time>
						<Position>
							<LatitudeDegrees>46.636121</LatitudeDegrees>
							<LongitudeDegrees>13.849353</LongitudeDegrees>
						</Position>
						<AltitudeMeters>622</AltitudeMeters>
						<DistanceMeters>3932.832735</DistanceMeters>
						<HeartRateBpm>
							<Value>138</Value>
						</HeartRateBpm>
						<Cadence>65</Cadence>
						<Extensions>
							<ns3:TPX>
								<ns3:Speed>3.925067</ns3:Speed>
								<ns3:Watts>287</ns3:Watts>
							</ns3:TPX>
						</Extensions>
					</Trackpoint>
					<Trackpoint>
						<Time>2026-02-22T11:08:19Z</Time>
						<Position>
							<LatitudeDegrees>46.636154</LatitudeDegrees>
							<LongitudeDegrees>13.849367</LongitudeDegrees>
						</Position>
						<AltitudeMeters>622.4</AltitudeMeters>
						<DistanceMeters>3934.841922</DistanceMeters>
						<HeartRateBpm>
							<Value>138</Value>
						</HeartRateBpm>
						<Cadence>66</Cadence>
						<Extensions>
							<ns3:TPX>
								<ns3:Speed>3.919933</ns3:Speed>
								<ns3:Watts>294</ns3:Watts>
							</ns3:TPX>
						</Extensions>
					</Trackpoint>
					<Trackpoint>
						<Time>2026-02-22T11:08:20Z</Time>
						<Position>
							<LatitudeDegrees>46.636154</LatitudeDegrees>
							<LongitudeDegrees>13.849367</LongitudeDegrees>
						</Position>
						<AltitudeMeters>622.4</AltitudeMeters>
						<DistanceMeters>3942.727981</DistanceMeters>
						<HeartRateBpm>
							<Value>138</Value>
						</HeartRateBpm>
						<Cadence>66</Cadence>
						<Extensions>
							<ns3:TPX>
								<ns3:Speed>3.9148</ns3:Speed>
								<ns3:Watts>294</ns3:Watts>
							</ns3:TPX>
						</Extensions>
					</Trackpoint>
					<Trackpoint>
						<Time>2026-02-22T11:08:21Z</Time>
						<Position>
							<LatitudeDegrees>46.636204</LatitudeDegrees>
							<LongitudeDegrees>13.849396</LongitudeDegrees>
						</Position>
						<AltitudeMeters>623</AltitudeMeters>
						<DistanceMeters>3945.691532</DistanceMeters>
						<HeartRateBpm>
							<Value>138</Value>
						</HeartRateBpm>
						<Cadence>66</Cadence>
						<Extensions>
							<ns3:TPX>
								<ns3:Speed>3.916733</ns3:Speed>
								<ns3:Watts>294</ns3:Watts>
							</ns3:TPX>
						</Extensions>
					</Trackpoint>
					<Trackpoint>
						<Time>2026-02-22T11:08:22Z</Time>
						<Position>
							<LatitudeDegrees>46.636236</LatitudeDegrees>
							<LongitudeDegrees>13.84942</LongitudeDegrees>
						</Position>
						<AltitudeMeters>623.4</AltitudeMeters>
						<DistanceMeters>3947.700719</DistanceMeters>
						<HeartRateBpm>
							<Value>138</Value>
						</HeartRateBpm>
						<Cadence>66</Cadence>
						<Extensions>
							<ns3:TPX>
								<ns3:Speed>3.919467</ns3:Speed>
								<ns3:Watts>294</ns3:Watts>
							</ns3:TPX>
						</Extensions>
					</Trackpoint>
					<Trackpoint>
						<Time>2026-02-22T11:08:23Z</Time>
						<Position>
							<LatitudeDegrees>46.636284</LatitudeDegrees>
							<LongitudeDegrees>13.849457</LongitudeDegrees>
						</Position>
						<AltitudeMeters>624</AltitudeMeters>
						<DistanceMeters>3950.714499</DistanceMeters>
						<HeartRateBpm>
							<Value>138</Value>
						</HeartRateBpm>
						<Cadence>66</Cadence>
						<Extensions>
							<ns3:TPX>
								<ns3:Speed>3.926333</ns3:Speed>
								<ns3:Watts>294</ns3:Watts>
							</ns3:TPX>
						</Extensions>
					</Trackpoint>
					<Trackpoint>
						<Time>2026-02-22T11:08:24Z</Time>
						<Position>
							<LatitudeDegrees>46.636284</LatitudeDegrees>
							<LongitudeDegrees>13.849457</LongitudeDegrees>
						</Position>
						<AltitudeMeters>624</AltitudeMeters>
						<DistanceMeters>3958.701017</DistanceMeters>
						<HeartRateBpm>
							<Value>141</Value>
						</HeartRateBpm>
						<Cadence>66</Cadence>
						<Extensions>
							<ns3:TPX>
								<ns3:Speed>3.937133</ns3:Speed>
								<ns3:Watts>294</ns3:Watts>
							</ns3:TPX>
						</Extensions>
					</Trackpoint>
					<Trackpoint>
						<Time>2026-02-22T11:08:25Z</Time>
						<Position>
							<LatitudeDegrees>46.636332</LatitudeDegrees>
							<LongitudeDegrees>13.849493</LongitudeDegrees>
						</Position>
						<AltitudeMeters>624.7</AltitudeMeters>
						<DistanceMeters>3961.765027</DistanceMeters>
						<HeartRateBpm>
							<Value>141</Value>
						</HeartRateBpm>
						<Cadence>66</Cadence>
						<Extensions>
							<ns3:TPX>
								<ns3:Speed>3.949867</ns3:Speed>
								<ns3:Watts>294</ns3:Watts>
							</ns3:TPX>
						</Extensions>
					</Trackpoint>
					<Trackpoint>
						<Time>2026-02-22T11:08:26Z</Time>
						<Position>
							<LatitudeDegrees>46.636382</LatitudeDegrees>
							<LongitudeDegrees>13.849526</LongitudeDegrees>
						</Position>
						<AltitudeMeters>625.3</AltitudeMeters>
						<DistanceMeters>3964.879267</DistanceMeters>
						<HeartRateBpm>
							<Value>141</Value>
						</HeartRateBpm>
						<Cadence>67</Cadence>
						<Extensions>
							<ns3:TPX>
								<ns3:Speed>3.9662</ns3:Speed>
								<ns3:Watts>301</ns3:Watts>
							</ns3:TPX>
						</Extensions>
					</Trackpoint>
					<Trackpoint>
						<Time>2026-02-22T11:08:27Z</Time>
						<Position>
							<LatitudeDegrees>46.636418</LatitudeDegrees>
							<LongitudeDegrees>13.849545</LongitudeDegrees>
						</Position>
						<AltitudeMeters>625.7</AltitudeMeters>
						<DistanceMeters>3966.988913</DistanceMeters>
						<HeartRateBpm>
							<Value>141</Value>
						</HeartRateBpm>
						<Cadence>66</Cadence>
						<Extensions>
							<ns3:TPX>
								<ns3:Speed>3.984733</ns3:Speed>
								<ns3:Watts>294</ns3:Watts>
							</ns3:TPX>
						</Extensions>
					</Trackpoint>
					<Trackpoint>
						<Time>2026-02-22T11:08:28Z</Time>
						<Position>
							<LatitudeDegrees>46.636418</LatitudeDegrees>
							<LongitudeDegrees>13.849545</LongitudeDegrees>
						</Position>
						<AltitudeMeters>625.7</AltitudeMeters>
						<DistanceMeters>3975.276809</DistanceMeters>
						<HeartRateBpm>
							<Value>141</Value>
						</HeartRateBpm>
						<Cadence>66</Cadence>
						<Extensions>
							<ns3:TPX>
								<ns3:Speed>4.003267</ns3:Speed>
								<ns3:Watts>294</ns3:Watts>
							</ns3:TPX>
						</Extensions>
					</Trackpoint>
					<Trackpoint>
						<Time>2026-02-22T11:08:29Z</Time>
						<Position>
							<LatitudeDegrees>46.636469</LatitudeDegrees>
							<LongitudeDegrees>13.849572</LongitudeDegrees>
						</Position>
						<AltitudeMeters>626.3</AltitudeMeters>
						<DistanceMeters>3978.340819</DistanceMeters>
						<HeartRateBpm>
							<Value>141</Value>
						</HeartRateBpm>
						<Cadence>67</Cadence>
						<Extensions>
							<ns3:TPX>
								<ns3:Speed>4.016867</ns3:Speed>
								<ns3:Watts>301</ns3:Watts>
							</ns3:TPX>
						</Extensions>
					</Trackpoint>
					<Trackpoint>
						<Time>2026-02-22T11:08:30Z</Time>
						<Position>
							<LatitudeDegrees>46.636524</LatitudeDegrees>
							<LongitudeDegrees>13.849589</LongitudeDegrees>
						</Position>
						<AltitudeMeters>627</AltitudeMeters>
						<DistanceMeters>3981.404829</DistanceMeters>
						<HeartRateBpm>
							<Value>141</Value>
						</HeartRateBpm>
						<Cadence>65</Cadence>
						<Extensions>
							<ns3:TPX>
								<ns3:Speed>4.025267</ns3:Speed>
								<ns3:Watts>287</ns3:Watts>
							</ns3:TPX>
						</Extensions>
					</Trackpoint>
					<Trackpoint>
						<Time>2026-02-22T11:08:31Z</Time>
						<Position>
							<LatitudeDegrees>46.636559</LatitudeDegrees>
							<LongitudeDegrees>13.8496</LongitudeDegrees>
						</Position>
						<AltitudeMeters>627.5</AltitudeMeters>
						<DistanceMeters>3983.464246</DistanceMeters>
						<HeartRateBpm>
							<Value>141</Value>
						</HeartRateBpm>
						<Cadence>64</Cadence>
						<Extensions>
							<ns3:TPX>
								<ns3:Speed>4.028933</ns3:Speed>
								<ns3:Watts>279</ns3:Watts>
							</ns3:TPX>
						</Extensions>
					</Trackpoint>
					<Trackpoint>
						<Time>2026-02-22T11:08:32Z</Time>
						<Position>
							<LatitudeDegrees>46.636559</LatitudeDegrees>
							<LongitudeDegrees>13.8496</LongitudeDegrees>
						</Position>
						<AltitudeMeters>627.5</AltitudeMeters>
						<DistanceMeters>3991.651683</DistanceMeters>
						<HeartRateBpm>
							<Value>141</Value>
						</HeartRateBpm>
						<Cadence>64</Cadence>
						<Extensions>
							<ns3:TPX>
								<ns3:Speed>4.035267</ns3:Speed>
								<ns3:Watts>279</ns3:Watts>
							</ns3:TPX>
						</Extensions>
					</Trackpoint>
					<Trackpoint>
						<Time>2026-02-22T11:08:33Z</Time>
						<Position>
							<LatitudeDegrees>46.636613</LatitudeDegrees>
							<LongitudeDegrees>13.849612</LongitudeDegrees>
						</Position>
						<AltitudeMeters>628.2</AltitudeMeters>
						<DistanceMeters>3994.665463</DistanceMeters>
						<HeartRateBpm>
							<Value>142</Value>
						</HeartRateBpm>
						<Cadence>66</Cadence>
						<Extensions>
							<ns3:TPX>
								<ns3:Speed>4.0454</ns3:Speed>
								<ns3:Watts>294</ns3:Watts>
							</ns3:TPX>
						</Extensions>
					</Trackpoint>
					<Trackpoint>
						<Time>2026-02-22T11:08:34Z</Time>
						<Position>
							<LatitudeDegrees>46.636667</LatitudeDegrees>
							<LongitudeDegrees>13.849622</LongitudeDegrees>
						</Position>
						<AltitudeMeters>628.9</AltitudeMeters>
						<DistanceMeters>3997.729473</DistanceMeters>
						<HeartRateBpm>
							<Value>142</Value>
						</HeartRateBpm>
						<Cadence>66</Cadence>
						<Extensions>
							<ns3:TPX>
								<ns3:Speed>4.053733</ns3:Speed>
								<ns3:Watts>294</ns3:Watts>
							</ns3:TPX>
						</Extensions>
					</Trackpoint>
					<Trackpoint>
						<Time>2026-02-22T11:08:35Z</Time>
						<Position>
							<LatitudeDegrees>46.636704</LatitudeDegrees>
							<LongitudeDegrees>13.84963</LongitudeDegrees>
						</Position>
						<AltitudeMeters>629.5</AltitudeMeters>
						<DistanceMeters>3999.78889</DistanceMeters>
						<HeartRateBpm>
							<Value>142</Value>
						</HeartRateBpm>
						<Cadence>67</Cadence>
						<Extensions>
							<ns3:TPX>
								<ns3:Speed>4.064</ns3:Speed>
								<ns3:Watts>301</ns3:Watts>
							</ns3:TPX>
						</Extensions>
					</Trackpoint>
					<Trackpoint>
						<Time>2026-02-22T11:08:37Z</Time>
						<Position>
							<LatitudeDegrees>46.636758</LatitudeDegrees>
							<LongitudeDegrees>13.849641</LongitudeDegrees>
						</Position>
						<AltitudeMeters>630.3</AltitudeMeters>
						<DistanceMeters>4002.8529</DistanceMeters>
						<HeartRateBpm>
							<Value>142</Value>
						</HeartRateBpm>
						<Cadence>67</Cadence>
						<Extensions>
							<ns3:TPX>
								<ns3:Speed>4.068933</ns3:Speed>
								<ns3:Watts>301</ns3:Watts>
							</ns3:TPX>
						</Extensions>
					</Trackpoint>
					<Trackpoint>
						<Time>2026-02-22T11:08:38Z</Time>
						<Position>
							<LatitudeDegrees>46.636812</LatitudeDegrees>
							<LongitudeDegrees>13.849652</LongitudeDegrees>
						</Position>
						<AltitudeMeters>631.1</AltitudeMeters>
						<DistanceMeters>4005.91691</DistanceMeters>
						<HeartRateBpm>
							<Value>142</Value>
						</HeartRateBpm>
						<Cadence>68</Cadence>
						<Extensions>
							<ns3:TPX>
								<ns3:Speed>4.0756</ns3:Speed>
								<ns3:Watts>308</ns3:Watts>
							</ns3:TPX>
						</Extensions>
					</Trackpoint>
					<Trackpoint>
						<Time>2026-02-22T11:08:39Z</Time>
						<Position>
							<LatitudeDegrees>46.636812</LatitudeDegrees>
							<LongitudeDegrees>13.849652</LongitudeDegrees>
						</Position>
						<AltitudeMeters>631.1</AltitudeMeters>
						<DistanceMeters>4020.182137</DistanceMeters>
						<HeartRateBpm>
							<Value>142</Value>
						</HeartRateBpm>
						<Cadence>68</Cadence>
						<Extensions>
							<ns3:TPX>
								<ns3:Speed>4.080267</ns3:Speed>
								<ns3:Watts>308</ns3:Watts>
							</ns3:TPX>
						</Extensions>
					</Trackpoint>
					<Trackpoint>
						<Time>2026-02-22T11:08:40Z</Time>
						<Position>
							<LatitudeDegrees>46.636867</LatitudeDegrees>
							<LongitudeDegrees>13.849664</LongitudeDegrees>
						</Position>
						<AltitudeMeters>632</AltitudeMeters>
						<DistanceMeters>4023.296377</DistanceMeters>
						<HeartRateBpm>
							<Value>142</Value>
						</HeartRateBpm>
						<Cadence>68</Cadence>
						<Extensions>
							<ns3:TPX>
								<ns3:Speed>4.086533</ns3:Speed>
								<ns3:Watts>308</ns3:Watts>
							</ns3:TPX>
						</Extensions>
					</Trackpoint>
					<Trackpoint>
						<Time>2026-02-22T11:08:41Z</Time>
						<Position>
							<LatitudeDegrees>46.636922</LatitudeDegrees>
							<LongitudeDegrees>13.849681</LongitudeDegrees>
						</Position>
						<AltitudeMeters>632.8</AltitudeMeters>
						<DistanceMeters>4026.410617</DistanceMeters>
						<HeartRateBpm>
							<Value>142</Value>
						</HeartRateBpm>
						<Cadence>69</Cadence>
						<Extensions>
							<ns3:TPX>
								<ns3:Speed>4.093333</ns3:Speed>
								<ns3:Watts>315</ns3:Watts>
							</ns3:TPX>
						</Extensions>
					</Trackpoint>
					<Trackpoint>
						<Time>2026-02-22T11:08:42Z</Time>
						<Position>
							<LatitudeDegrees>46.636959</LatitudeDegrees>
							<LongitudeDegrees>13.849693</LongitudeDegrees>
						</Position>
						<AltitudeMeters>633.4</AltitudeMeters>
						<DistanceMeters>4028.520263</DistanceMeters>
						<HeartRateBpm>
							<Value>142</Value>
						</HeartRateBpm>
						<Cadence>69</Cadence>
						<Extensions>
							<ns3:TPX>
								<ns3:Speed>4.097667</ns3:Speed>
								<ns3:Watts>315</ns3:Watts>
							</ns3:TPX>
						</Extensions>
					</Trackpoint>
					<Trackpoint>
						<Time>2026-02-22T11:08:43Z</Time>
						<Position>
							<LatitudeDegrees>46.636996</LatitudeDegrees>
							<LongitudeDegrees>13.849703</LongitudeDegrees>
						</Position>
						<AltitudeMeters>634</AltitudeMeters>
						<DistanceMeters>4030.629909</DistanceMeters>
						<HeartRateBpm>
							<Value>142</Value>
						</HeartRateBpm>
						<Cadence>67</Cadence>
						<Extensions>
							<ns3:TPX>
								<ns3:Speed>4.0984</ns3:Speed>
								<ns3:Watts>301</ns3:Watts>
							</ns3:TPX>
						</Extensions>
					</Trackpoint>
					<Trackpoint>
						<Time>2026-02-22T11:08:45Z</Time>
						<Position>
							<LatitudeDegrees>46.63705</LatitudeDegrees>
							<LongitudeDegrees>13.849714</LongitudeDegrees>
						</Position>
						<AltitudeMeters>634.8</AltitudeMeters>
						<DistanceMeters>4033.64369</DistanceMeters>
						<HeartRateBpm>
							<Value>142</Value>
						</HeartRateBpm>
						<Cadence>65</Cadence>
						<Extensions>
							<ns3:TPX>
								<ns3:Speed>4.090067</ns3:Speed>
								<ns3:Watts>287</ns3:Watts>
							</ns3:TPX>
						</Extensions>
					</Trackpoint>
					<Trackpoint>
						<Time>2026-02-22T11:08:46Z</Time>
						<Position>
							<LatitudeDegrees>46.637082</LatitudeDegrees>
							<LongitudeDegrees>13.849711</LongitudeDegrees>
						</Position>
						<AltitudeMeters>635.4</AltitudeMeters>
						<DistanceMeters>4035.652877</DistanceMeters>
						<HeartRateBpm>
							<Value>142</Value>
						</HeartRateBpm>
						<Cadence>66</Cadence>
						<Extensions>
							<ns3:TPX>
								<ns3:Speed>4.080467</ns3:Speed>
								<ns3:Watts>294</ns3:Watts>
							</ns3:TPX>
						</Extensions>
					</Trackpoint>
					<Trackpoint>
						<Time>2026-02-22T11:08:47Z</Time>
						<Position>
							<LatitudeDegrees>46.637106</LatitudeDegrees>
							<LongitudeDegrees>13.849642</LongitudeDegrees>
						</Position>
						<AltitudeMeters>636.2</AltitudeMeters>
						<DistanceMeters>4038.616427</DistanceMeters>
						<HeartRateBpm>
							<Value>142</Value>
						</HeartRateBpm>
						<Cadence>66</Cadence>
						<Extensions>
							<ns3:TPX>
								<ns3:Speed>4.072067</ns3:Speed>
								<ns3:Watts>294</ns3:Watts>
							</ns3:TPX>
						</Extensions>
					</Trackpoint>
					<Trackpoint>
						<Time>2026-02-22T11:08:48Z</Time>
						<Position>
							<LatitudeDegrees>46.637119</LatitudeDegrees>
							<LongitudeDegrees>13.849595</LongitudeDegrees>
						</Position>
						<AltitudeMeters>636.8</AltitudeMeters>
						<DistanceMeters>4040.625614</DistanceMeters>
						<HeartRateBpm>
							<Value>142</Value>
						</HeartRateBpm>
						<Cadence>66</Cadence>
						<Extensions>
							<ns3:TPX>
								<ns3:Speed>4.0678</ns3:Speed>
								<ns3:Watts>294</ns3:Watts>
							</ns3:TPX>
						</Extensions>
					</Trackpoint>
					<Trackpoint>
						<Time>2026-02-22T11:08:49Z</Time>
						<Position>
							<LatitudeDegrees>46.637106</LatitudeDegrees>
							<LongitudeDegrees>13.849547</LongitudeDegrees>
						</Position>
						<AltitudeMeters>637.2</AltitudeMeters>
						<DistanceMeters>4042.634801</DistanceMeters>
						<HeartRateBpm>
							<Value>142</Value>
						</HeartRateBpm>
						<Cadence>66</Cadence>
						<Extensions>
							<ns3:TPX>
								<ns3:Speed>4.063267</ns3:Speed>
								<ns3:Watts>294</ns3:Watts>
							</ns3:TPX>
						</Extensions>
					</Trackpoint>
					<Trackpoint>
						<Time>2026-02-22T11:08:50Z</Time>
						<Position>
							<LatitudeDegrees>46.637106</LatitudeDegrees>
							<LongitudeDegrees>13.849547</LongitudeDegrees>
						</Position>
						<AltitudeMeters>637.2</AltitudeMeters>
						<DistanceMeters>4065.087465</DistanceMeters>
						<HeartRateBpm>
							<Value>142</Value>
						</HeartRateBpm>
						<Cadence>66</Cadence>
						<Extensions>
							<ns3:TPX>
								<ns3:Speed>4.0566</ns3:Speed>
								<ns3:Watts>294</ns3:Watts>
							</ns3:TPX>
						</Extensions>
					</Trackpoint>
					<Trackpoint>
						<Time>2026-02-22T11:08:51Z</Time>
						<Position>
							<LatitudeDegrees>46.637086</LatitudeDegrees>
							<LongitudeDegrees>13.849475</LongitudeDegrees>
						</Position>
						<AltitudeMeters>637.9</AltitudeMeters>
						<DistanceMeters>4068.051016</DistanceMeters>
						<HeartRateBpm>
							<Value>142</Value>
						</HeartRateBpm>
						<Cadence>66</Cadence>
						<Extensions>
							<ns3:TPX>
								<ns3:Speed>4.0504</ns3:Speed>
								<ns3:Watts>294</ns3:Watts>
							</ns3:TPX>
						</Extensions>
					</Trackpoint>
					<Trackpoint>
						<Time>2026-02-22T11:08:52Z</Time>
						<Position>
							<LatitudeDegrees>46.637067</LatitudeDegrees>
							<LongitudeDegrees>13.849402</LongitudeDegrees>
						</Position>
						<AltitudeMeters>638.5</AltitudeMeters>
						<DistanceMeters>4071.064796</DistanceMeters>
						<HeartRateBpm>
							<Value>142</Value>
						</HeartRateBpm>
						<Cadence>67</Cadence>
						<Extensions>
							<ns3:TPX>
								<ns3:Speed>4.046533</ns3:Speed>
								<ns3:Watts>301</ns3:Watts>
							</ns3:TPX>
						</Extensions>
					</Trackpoint>
					<Trackpoint>
						<Time>2026-02-22T11:08:53Z</Time>
						<Position>
							<LatitudeDegrees>46.637067</LatitudeDegrees>
							<LongitudeDegrees>13.849402</LongitudeDegrees>
						</Position>
						<AltitudeMeters>638.5</AltitudeMeters>
						<DistanceMeters>4077.042127</DistanceMeters>
						<HeartRateBpm>
							<Value>143</Value>
						</HeartRateBpm>
						<Cadence>67</Cadence>
						<Extensions>
							<ns3:TPX>
								<ns3:Speed>4.043533</ns3:Speed>
								<ns3:Watts>301</ns3:Watts>
							</ns3:TPX>
						</Extensions>
					</Trackpoint>
					<Trackpoint>
						<Time>2026-02-22T11:08:54Z</Time>
						<Position>
							<LatitudeDegrees>46.637047</LatitudeDegrees>
							<LongitudeDegrees>13.849328</LongitudeDegrees>
						</Position>
						<AltitudeMeters>639.2</AltitudeMeters>
						<DistanceMeters>4080.106137</DistanceMeters>
						<HeartRateBpm>
							<Value>143</Value>
						</HeartRateBpm>
						<Cadence>69</Cadence>
						<Extensions>
							<ns3:TPX>
								<ns3:Speed>4.046267</ns3:Speed>
								<ns3:Watts>315</ns3:Watts>
							</ns3:TPX>
						</Extensions>
					</Trackpoint>
					<Trackpoint>
						<Time>2026-02-22T11:08:55Z</Time>
						<Position>
							<LatitudeDegrees>46.63706</LatitudeDegrees>
							<LongitudeDegrees>13.84928</LongitudeDegrees>
						</Position>
						<AltitudeMeters>639.6</AltitudeMeters>
						<DistanceMeters>4082.215784</DistanceMeters>
						<HeartRateBpm>
							<Value>143</Value>
						</HeartRateBpm>
						<Cadence>68</Cadence>
						<Extensions>
							<ns3:TPX>
								<ns3:Speed>4.052733</ns3:Speed>
								<ns3:Watts>308</ns3:Watts>
							</ns3:TPX>
						</Extensions>
					</Trackpoint>
					<Trackpoint>
						<Time>2026-02-22T11:08:56Z</Time>
						<Position>
							<LatitudeDegrees>46.637089</LatitudeDegrees>
							<LongitudeDegrees>13.84921</LongitudeDegrees>
						</Position>
						<AltitudeMeters>640.3</AltitudeMeters>
						<DistanceMeters>4085.380253</DistanceMeters>
						<HeartRateBpm>
							<Value>143</Value>
						</HeartRateBpm>
						<Cadence>67</Cadence>
						<Extensions>
							<ns3:TPX>
								<ns3:Speed>4.0568</ns3:Speed>
								<ns3:Watts>301</ns3:Watts>
							</ns3:TPX>
						</Extensions>
					</Trackpoint>
					<Trackpoint>
						<Time>2026-02-22T11:08:57Z</Time>
						<Position>
							<LatitudeDegrees>46.637089</LatitudeDegrees>
							<LongitudeDegrees>13.84921</LongitudeDegrees>
						</Position>
						<AltitudeMeters>640.3</AltitudeMeters>
						<DistanceMeters>4093.718379</DistanceMeters>
						<HeartRateBpm>
							<Value>143</Value>
						</HeartRateBpm>
						<Cadence>67</Cadence>
						<Extensions>
							<ns3:TPX>
								<ns3:Speed>4.0584</ns3:Speed>
								<ns3:Watts>301</ns3:Watts>
							</ns3:TPX>
						</Extensions>
					</Trackpoint>
					<Trackpoint>
						<Time>2026-02-22T11:08:58Z</Time>
						<Position>
							<LatitudeDegrees>46.637142</LatitudeDegrees>
							<LongitudeDegrees>13.849215</LongitudeDegrees>
						</Position>
						<AltitudeMeters>640.9</AltitudeMeters>
						<DistanceMeters>4096.882848</DistanceMeters>
						<HeartRateBpm>
							<Value>143</Value>
						</HeartRateBpm>
						<Cadence>65</Cadence>
						<Extensions>
							<ns3:TPX>
								<ns3:Speed>4.054533</ns3:Speed>
								<ns3:Watts>287</ns3:Watts>
							</ns3:TPX>
						</Extensions>
					</Trackpoint>
					<Trackpoint>
						<Time>2026-02-22T11:08:59Z</Time>
						<Position>
							<LatitudeDegrees>46.637178</LatitudeDegrees>
							<LongitudeDegrees>13.849225</LongitudeDegrees>
						</Position>
						<AltitudeMeters>641.3</AltitudeMeters>
						<DistanceMeters>4098.942265</DistanceMeters>
						<HeartRateBpm>
							<Value>143</Value>
						</HeartRateBpm>
						<Cadence>65</Cadence>
						<Extensions>
							<ns3:TPX>
								<ns3:Speed>4.050533</ns3:Speed>
								<ns3:Watts>287</ns3:Watts>
							</ns3:TPX>
						</Extensions>
					</Trackpoint>
					<Trackpoint>
						<Time>2026-02-22T11:09:00Z</Time>
						<Position>
							<LatitudeDegrees>46.637212</LatitudeDegrees>
							<LongitudeDegrees>13.849245</LongitudeDegrees>
						</Position>
						<AltitudeMeters>641.7</AltitudeMeters>
						<DistanceMeters>4101.001682</DistanceMeters>
						<HeartRateBpm>
							<Value>143</Value>
						</HeartRateBpm>
						<Cadence>67</Cadence>
						<Extensions>
							<ns3:TPX>
								<ns3:Speed>4.056</ns3:Speed>
								<ns3:Watts>301</ns3:Watts>
							</ns3:TPX>
						</Extensions>
					</Trackpoint>
					<Trackpoint>
						<Time>2026-02-22T11:09:01Z</Time>
						<Position>
							<LatitudeDegrees>46.637261</LatitudeDegrees>
							<LongitudeDegrees>13.849283</LongitudeDegrees>
						</Position>
						<AltitudeMeters>642.3</AltitudeMeters>
						<DistanceMeters>4104.115921</DistanceMeters>
						<HeartRateBpm>
							<Value>143</Value>
						</HeartRateBpm>
						<Cadence>68</Cadence>
						<Extensions>
							<ns3:TPX>
								<ns3:Speed>4.069267</ns3:Speed>
								<ns3:Watts>308</ns3:Watts>
							</ns3:TPX>
						</Extensions>
					</Trackpoint>
					<Trackpoint>
						<Time>2026-02-22T11:09:02Z</Time>
						<Position>
							<LatitudeDegrees>46.637294</LatitudeDegrees>
							<LongitudeDegrees>13.849309</LongitudeDegrees>
						</Position>
						<AltitudeMeters>642.7</AltitudeMeters>
						<DistanceMeters>4106.225568</DistanceMeters>
						<HeartRateBpm>
							<Value>143</Value>
						</HeartRateBpm>
						<Cadence>67</Cadence>
						<Extensions>
							<ns3:TPX>
								<ns3:Speed>4.083667</ns3:Speed>
								<ns3:Watts>301</ns3:Watts>
							</ns3:TPX>
						</Extensions>
					</Trackpoint>
					<Trackpoint>
						<Time>2026-02-22T11:09:04Z</Time>
						<Position>
							<LatitudeDegrees>46.637344</LatitudeDegrees>
							<LongitudeDegrees>13.849347</LongitudeDegrees>
						</Position>
						<AltitudeMeters>643.5</AltitudeMeters>
						<DistanceMeters>4109.339807</DistanceMeters>
						<HeartRateBpm>
							<Value>143</Value>
						</HeartRateBpm>
						<Cadence>66</Cadence>
						<Extensions>
							<ns3:TPX>
								<ns3:Speed>4.097867</ns3:Speed>
								<ns3:Watts>294</ns3:Watts>
							</ns3:TPX>
						</Extensions>
					</Trackpoint>
					<Trackpoint>
						<Time>2026-02-22T11:09:05Z</Time>
						<Position>
							<LatitudeDegrees>46.637394</LatitudeDegrees>
							<LongitudeDegrees>13.849382</LongitudeDegrees>
						</Position>
						<AltitudeMeters>644.2</AltitudeMeters>
						<DistanceMeters>4112.454047</DistanceMeters>
						<HeartRateBpm>
							<Value>143</Value>
						</HeartRateBpm>
						<Cadence>65</Cadence>
						<Extensions>
							<ns3:TPX>
								<ns3:Speed>4.107333</ns3:Speed>
								<ns3:Watts>287</ns3:Watts>
							</ns3:TPX>
						</Extensions>
					</Trackpoint>
					<Trackpoint>
						<Time>2026-02-22T11:09:07Z</Time>
						<Position>
							<LatitudeDegrees>46.637445</LatitudeDegrees>
							<LongitudeDegrees>13.849411</LongitudeDegrees>
						</Position>
						<AltitudeMeters>645.1</AltitudeMeters>
						<DistanceMeters>4115.518057</DistanceMeters>
						<HeartRateBpm>
							<Value>143</Value>
						</HeartRateBpm>
						<Cadence>66</Cadence>
						<Extensions>
							<ns3:TPX>
								<ns3:Speed>4.116067</ns3:Speed>
								<ns3:Watts>294</ns3:Watts>
							</ns3:TPX>
						</Extensions>
					</Trackpoint>
					<Trackpoint>
						<Time>2026-02-22T11:09:08Z</Time>
						<Position>
							<LatitudeDegrees>46.63748</LatitudeDegrees>
							<LongitudeDegrees>13.849427</LongitudeDegrees>
						</Position>
						<AltitudeMeters>645.6</AltitudeMeters>
						<DistanceMeters>4117.577474</DistanceMeters>
						<HeartRateBpm>
							<Value>143</Value>
						</HeartRateBpm>
						<Cadence>66</Cadence>
						<Extensions>
							<ns3:TPX>
								<ns3:Speed>4.1234</ns3:Speed>
								<ns3:Watts>294</ns3:Watts>
							</ns3:TPX>
						</Extensions>
					</Trackpoint>
					<Trackpoint>
						<Time>2026-02-22T11:09:09Z</Time>
						<Position>
							<LatitudeDegrees>46.637535</LatitudeDegrees>
							<LongitudeDegrees>13.849436</LongitudeDegrees>
						</Position>
						<AltitudeMeters>646.5</AltitudeMeters>
						<DistanceMeters>4120.641484</DistanceMeters>
						<HeartRateBpm>
							<Value>143</Value>
						</HeartRateBpm>
						<Cadence>66</Cadence>
						<Extensions>
							<ns3:TPX>
								<ns3:Speed>4.125333</ns3:Speed>
								<ns3:Watts>294</ns3:Watts>
							</ns3:TPX>
						</Extensions>
					</Trackpoint>
					<Trackpoint>
						<Time>2026-02-22T11:09:10Z</Time>
						<Position>
							<LatitudeDegrees>46.637535</LatitudeDegrees>
							<LongitudeDegrees>13.849436</LongitudeDegrees>
						</Position>
						<AltitudeMeters>646.5</AltitudeMeters>
						<DistanceMeters>4147.564589</DistanceMeters>
						<HeartRateBpm>
							<Value>143</Value>
						</HeartRateBpm>
						<Cadence>66</Cadence>
						<Extensions>
							<ns3:TPX>
								<ns3:Speed>4.127267</ns3:Speed>
								<ns3:Watts>294</ns3:Watts>
							</ns3:TPX>
						</Extensions>
					</Trackpoint>
					<Trackpoint>
						<Time>2026-02-22T11:09:11Z</Time>
						<Position>
							<LatitudeDegrees>46.637589</LatitudeDegrees>
							<LongitudeDegrees>13.849441</LongitudeDegrees>
						</Position>
						<AltitudeMeters>647.3</AltitudeMeters>
						<DistanceMeters>4150.578369</DistanceMeters>
						<HeartRateBpm>
							<Value>143</Value>
						</HeartRateBpm>
						<Cadence>66</Cadence>
						<Extensions>
							<ns3:TPX>
								<ns3:Speed>4.1196</ns3:Speed>
								<ns3:Watts>294</ns3:Watts>
							</ns3:TPX>
						</Extensions>
					</Trackpoint>
					<Trackpoint>
						<Time>2026-02-22T11:09:12Z</Time>
						<Position>
							<LatitudeDegrees>46.637643</LatitudeDegrees>
							<LongitudeDegrees>13.849435</LongitudeDegrees>
						</Position>
						<AltitudeMeters>648.1</AltitudeMeters>
						<DistanceMeters>4153.642379</DistanceMeters>
						<HeartRateBpm>
							<Value>143</Value>
						</HeartRateBpm>
						<Cadence>66</Cadence>
						<Extensions>
							<ns3:TPX>
								<ns3:Speed>4.107533</ns3:Speed>
								<ns3:Watts>294</ns3:Watts>
							</ns3:TPX>
						</Extensions>
					</Trackpoint>
					<Trackpoint>
						<Time>2026-02-22T11:09:13Z</Time>
						<Position>
							<LatitudeDegrees>46.637643</LatitudeDegrees>
							<LongitudeDegrees>13.849435</LongitudeDegrees>
						</Position>
						<AltitudeMeters>648.1</AltitudeMeters>
						<DistanceMeters>4159.72017</DistanceMeters>
						<HeartRateBpm>
							<Value>143</Value>
						</HeartRateBpm>
						<Cadence>66</Cadence>
						<Extensions>
							<ns3:TPX>
								<ns3:Speed>4.096267</ns3:Speed>
								<ns3:Watts>294</ns3:Watts>
							</ns3:TPX>
						</Extensions>
					</Trackpoint>
					<Trackpoint>
						<Time>2026-02-22T11:09:14Z</Time>
						<Position>
							<LatitudeDegrees>46.637697</LatitudeDegrees>
							<LongitudeDegrees>13.849429</LongitudeDegrees>
						</Position>
						<AltitudeMeters>648.9</AltitudeMeters>
						<DistanceMeters>4162.73395</DistanceMeters>
						<HeartRateBpm>
							<Value>143</Value>
						</HeartRateBpm>
						<Cadence>67</Cadence>
						<Extensions>
							<ns3:TPX>
								<ns3:Speed>4.085933</ns3:Speed>
								<ns3:Watts>301</ns3:Watts>
							</ns3:TPX>
						</Extensions>
					</Trackpoint>
					<Trackpoint>
						<Time>2026-02-22T11:09:15Z</Time>
						<Position>
							<LatitudeDegrees>46.637752</LatitudeDegrees>
							<LongitudeDegrees>13.849423</LongitudeDegrees>
						</Position>
						<AltitudeMeters>649.6</AltitudeMeters>
						<DistanceMeters>4165.79796</DistanceMeters>
						<HeartRateBpm>
							<Value>143</Value>
						</HeartRateBpm>
						<Cadence>67</Cadence>
						<Extensions>
							<ns3:TPX>
								<ns3:Speed>4.0822</ns3:Speed>
								<ns3:Watts>301</ns3:Watts>
							</ns3:TPX>
						</Extensions>
					</Trackpoint>
					<Trackpoint>
						<Time>2026-02-22T11:09:16Z</Time>
						<Position>
							<LatitudeDegrees>46.637788</LatitudeDegrees>
							<LongitudeDegrees>13.849418</LongitudeDegrees>
						</Position>
						<AltitudeMeters>650</AltitudeMeters>
						<DistanceMeters>4167.857377</DistanceMeters>
						<HeartRateBpm>
							<Value>143</Value>
						</HeartRateBpm>
						<Cadence>65</Cadence>
						<Extensions>
							<ns3:TPX>
								<ns3:Speed>4.079</ns3:Speed>
								<ns3:Watts>287</ns3:Watts>
							</ns3:TPX>
						</Extensions>
					</Trackpoint>
					<Trackpoint>
						<Time>2026-02-22T11:09:17Z</Time>
						<Position>
							<LatitudeDegrees>46.637788</LatitudeDegrees>
							<LongitudeDegrees>13.849418</LongitudeDegrees>
						</Position>
						<AltitudeMeters>650</AltitudeMeters>
						<DistanceMeters>4175.994584</DistanceMeters>
						<HeartRateBpm>
							<Value>143</Value>
						</HeartRateBpm>
						<Cadence>65</Cadence>
						<Extensions>
							<ns3:TPX>
								<ns3:Speed>4.0754</ns3:Speed>
								<ns3:Watts>287</ns3:Watts>
							</ns3:TPX>
						</Extensions>
					</Trackpoint>
					<Trackpoint>
						<Time>2026-02-22T11:09:18Z</Time>
						<Position>
							<LatitudeDegrees>46.637843</LatitudeDegrees>
							<LongitudeDegrees>13.849412</LongitudeDegrees>
						</Position>
						<AltitudeMeters>650.6</AltitudeMeters>
						<DistanceMeters>4179.008364</DistanceMeters>
						<HeartRateBpm>
							<Value>143</Value>
						</HeartRateBpm>
						<Cadence>66</Cadence>
						<Extensions>
							<ns3:TPX>
								<ns3:Speed>4.0666</ns3:Speed>
								<ns3:Watts>294</ns3:Watts>
							</ns3:TPX>
						</Extensions>
					</Trackpoint>
					<Trackpoint>
						<Time>2026-02-22T11:09:19Z</Time>
						<Position>
							<LatitudeDegrees>46.637897</LatitudeDegrees>
							<LongitudeDegrees>13.849406</LongitudeDegrees>
						</Position>
						<AltitudeMeters>651.2</AltitudeMeters>
						<DistanceMeters>4182.022145</DistanceMeters>
						<HeartRateBpm>
							<Value>143</Value>
						</HeartRateBpm>
						<Cadence>65</Cadence>
						<Extensions>
							<ns3:TPX>
								<ns3:Speed>4.055733</ns3:Speed>
								<ns3:Watts>287</ns3:Watts>
							</ns3:TPX>
						</Extensions>
					</Trackpoint>
					<Trackpoint>
						<Time>2026-02-22T11:09:20Z</Time>
						<Position>
							<LatitudeDegrees>46.637897</LatitudeDegrees>
							<LongitudeDegrees>13.849406</LongitudeDegrees>
						</Position>
						<AltitudeMeters>651.2</AltitudeMeters>
						<DistanceMeters>4188.049706</DistanceMeters>
						<HeartRateBpm>
							<Value>143</Value>
						</HeartRateBpm>
						<Cadence>65</Cadence>
						<Extensions>
							<ns3:TPX>
								<ns3:Speed>4.045667</ns3:Speed>
								<ns3:Watts>287</ns3:Watts>
							</ns3:TPX>
						</Extensions>
					</Trackpoint>
					<Trackpoint>
						<Time>2026-02-22T11:09:21Z</Time>
						<Position>
							<LatitudeDegrees>46.637951</LatitudeDegrees>
							<LongitudeDegrees>13.849401</LongitudeDegrees>
						</Position>
						<AltitudeMeters>651.8</AltitudeMeters>
						<DistanceMeters>4191.113716</DistanceMeters>
						<HeartRateBpm>
							<Value>143</Value>
						</HeartRateBpm>
						<Cadence>67</Cadence>
						<Extensions>
							<ns3:TPX>
								<ns3:Speed>4.044</ns3:Speed>
								<ns3:Watts>301</ns3:Watts>
							</ns3:TPX>
						</Extensions>
					</Trackpoint>
					<Trackpoint>
						<Time>2026-02-22T11:09:22Z</Time>
						<Position>
							<LatitudeDegrees>46.637988</LatitudeDegrees>
							<LongitudeDegrees>13.849397</LongitudeDegrees>
						</Position>
						<AltitudeMeters>652.2</AltitudeMeters>
						<DistanceMeters>4193.173132</DistanceMeters>
						<HeartRateBpm>
							<Value>143</Value>
						</HeartRateBpm>
						<Cadence>65</Cadence>
						<Extensions>
							<ns3:TPX>
								<ns3:Speed>4.043267</ns3:Speed>
								<ns3:Watts>287</ns3:Watts>
							</ns3:TPX>
						</Extensions>
					</Trackpoint>
					<Trackpoint>
						<Time>2026-02-22T11:09:23Z</Time>
						<Position>
							<LatitudeDegrees>46.638042</LatitudeDegrees>
							<LongitudeDegrees>13.849395</LongitudeDegrees>
						</Position>
						<AltitudeMeters>652.8</AltitudeMeters>
						<DistanceMeters>4196.186913</DistanceMeters>
						<HeartRateBpm>
							<Value>143</Value>
						</HeartRateBpm>
						<Cadence>62</Cadence>
						<Extensions>
							<ns3:TPX>
								<ns3:Speed>4.0336</ns3:Speed>
								<ns3:Watts>265</ns3:Watts>
							</ns3:TPX>
						</Extensions>
					</Trackpoint>
					<Trackpoint>
						<Time>2026-02-22T11:09:24Z</Time>
						<Position>
							<LatitudeDegrees>46.638042</LatitudeDegrees>
							<LongitudeDegrees>13.849395</LongitudeDegrees>
						</Position>
						<AltitudeMeters>652.8</AltitudeMeters>
						<DistanceMeters>4204.32412</DistanceMeters>
						<HeartRateBpm>
							<Value>143</Value>
						</HeartRateBpm>
						<Cadence>62</Cadence>
						<Extensions>
							<ns3:TPX>
								<ns3:Speed>4.025067</ns3:Speed>
								<ns3:Watts>265</ns3:Watts>
							</ns3:TPX>
						</Extensions>
					</Trackpoint>
					<Trackpoint>
						<Time>2026-02-22T11:09:25Z</Time>
						<Position>
							<LatitudeDegrees>46.638095</LatitudeDegrees>
							<LongitudeDegrees>13.849393</LongitudeDegrees>
						</Position>
						<AltitudeMeters>653.5</AltitudeMeters>
						<DistanceMeters>4207.28767</DistanceMeters>
						<HeartRateBpm>
							<Value>143</Value>
						</HeartRateBpm>
						<Cadence>66</Cadence>
						<Extensions>
							<ns3:TPX>
								<ns3:Speed>4.018533</ns3:Speed>
								<ns3:Watts>294</ns3:Watts>
							</ns3:TPX>
						</Extensions>
					</Trackpoint>
					<Trackpoint>
						<Time>2026-02-22T11:09:26Z</Time>
						<Position>
							<LatitudeDegrees>46.638148</LatitudeDegrees>
							<LongitudeDegrees>13.849389</LongitudeDegrees>
						</Position>
						<AltitudeMeters>654.1</AltitudeMeters>
						<DistanceMeters>4210.251221</DistanceMeters>
						<HeartRateBpm>
							<Value>143</Value>
						</HeartRateBpm>
						<Cadence>64</Cadence>
						<Extensions>
							<ns3:TPX>
								<ns3:Speed>4.0128</ns3:Speed>
								<ns3:Watts>279</ns3:Watts>
							</ns3:TPX>
						</Extensions>
					</Trackpoint>
					<Trackpoint>
						<Time>2026-02-22T11:09:27Z</Time>
						<Position>
							<LatitudeDegrees>46.638148</LatitudeDegrees>
							<LongitudeDegrees>13.849389</LongitudeDegrees>
						</Position>
						<AltitudeMeters>654.1</AltitudeMeters>
						<DistanceMeters>4216.178323</DistanceMeters>
						<HeartRateBpm>
							<Value>143</Value>
						</HeartRateBpm>
						<Cadence>64</Cadence>
						<Extensions>
							<ns3:TPX>
								<ns3:Speed>4.007733</ns3:Speed>
								<ns3:Watts>279</ns3:Watts>
							</ns3:TPX>
						</Extensions>
					</Trackpoint>
					<Trackpoint>
						<Time>2026-02-22T11:09:28Z</Time>
						<Position>
							<LatitudeDegrees>46.638201</LatitudeDegrees>
							<LongitudeDegrees>13.849384</LongitudeDegrees>
						</Position>
						<AltitudeMeters>654.8</AltitudeMeters>
						<DistanceMeters>4219.141873</DistanceMeters>
						<HeartRateBpm>
							<Value>143</Value>
						</HeartRateBpm>
						<Cadence>64</Cadence>
						<Extensions>
							<ns3:TPX>
								<ns3:Speed>4.000467</ns3:Speed>
								<ns3:Watts>279</ns3:Watts>
							</ns3:TPX>
						</Extensions>
					</Trackpoint>
					<Trackpoint>
						<Time>2026-02-22T11:09:29Z</Time>
						<Position>
							<LatitudeDegrees>46.638254</LatitudeDegrees>
							<LongitudeDegrees>13.849378</LongitudeDegrees>
						</Position>
						<AltitudeMeters>655.6</AltitudeMeters>
						<DistanceMeters>4222.055194</DistanceMeters>
						<HeartRateBpm>
							<Value>143</Value>
						</HeartRateBpm>
						<Cadence>63</Cadence>
						<Extensions>
							<ns3:TPX>
								<ns3:Speed>3.988467</ns3:Speed>
								<ns3:Watts>272</ns3:Watts>
							</ns3:TPX>
						</Extensions>
					</Trackpoint>
					<Trackpoint>
						<Time>2026-02-22T11:09:30Z</Time>
						<Position>
							<LatitudeDegrees>46.638288</LatitudeDegrees>
							<LongitudeDegrees>13.849374</LongitudeDegrees>
						</Position>
						<AltitudeMeters>656.1</AltitudeMeters>
						<DistanceMeters>4224.014152</DistanceMeters>
						<HeartRateBpm>
							<Value>143</Value>
						</HeartRateBpm>
						<Cadence>63</Cadence>
						<Extensions>
							<ns3:TPX>
								<ns3:Speed>3.971667</ns3:Speed>
								<ns3:Watts>272</ns3:Watts>
							</ns3:TPX>
						</Extensions>
					</Trackpoint>
					<Trackpoint>
						<Time>2026-02-22T11:09:32Z</Time>
						<Position>
							<LatitudeDegrees>46.63834</LatitudeDegrees>
							<LongitudeDegrees>13.849369</LongitudeDegrees>
						</Position>
						<AltitudeMeters>656.8</AltitudeMeters>
						<DistanceMeters>4226.877243</DistanceMeters>
						<HeartRateBpm>
							<Value>143</Value>
						</HeartRateBpm>
						<Cadence>64</Cadence>
						<Extensions>
							<ns3:TPX>
								<ns3:Speed>3.959067</ns3:Speed>
								<ns3:Watts>279</ns3:Watts>
							</ns3:TPX>
						</Extensions>
					</Trackpoint>
					<Trackpoint>
						<Time>2026-02-22T11:09:33Z</Time>
						<Position>
							<LatitudeDegrees>46.638374</LatitudeDegrees>
							<LongitudeDegrees>13.849367</LongitudeDegrees>
						</Position>
						<AltitudeMeters>657.3</AltitudeMeters>
						<DistanceMeters>4228.8362</DistanceMeters>
						<HeartRateBpm>
							<Value>143</Value>
						</HeartRateBpm>
						<Cadence>64</Cadence>
						<Extensions>
							<ns3:TPX>
								<ns3:Speed>3.9464</ns3:Speed>
								<ns3:Watts>279</ns3:Watts>
							</ns3:TPX>
						</Extensions>
					</Trackpoint>
					<Trackpoint>
						<Time>2026-02-22T11:09:34Z</Time>
						<Position>
							<LatitudeDegrees>46.638424</LatitudeDegrees>
							<LongitudeDegrees>13.849375</LongitudeDegrees>
						</Position>
						<AltitudeMeters>658.1</AltitudeMeters>
						<DistanceMeters>4231.699292</DistanceMeters>
						<HeartRateBpm>
							<Value>143</Value>
						</HeartRateBpm>
						<Cadence>64</Cadence>
						<Extensions>
							<ns3:TPX>
								<ns3:Speed>3.9326</ns3:Speed>
								<ns3:Watts>279</ns3:Watts>
							</ns3:TPX>
						</Extensions>
					</Trackpoint>
					<Trackpoint>
						<Time>2026-02-22T11:09:35Z</Time>
						<Position>
							<LatitudeDegrees>46.638455</LatitudeDegrees>
							<LongitudeDegrees>13.849399</LongitudeDegrees>
						</Position>
						<AltitudeMeters>658.6</AltitudeMeters>
						<DistanceMeters>4233.608019</DistanceMeters>
						<HeartRateBpm>
							<Value>144</Value>
						</HeartRateBpm>
						<Cadence>64</Cadence>
						<Extensions>
							<ns3:TPX>
								<ns3:Speed>3.919733</ns3:Speed>
								<ns3:Watts>279</ns3:Watts>
							</ns3:TPX>
						</Extensions>
					</Trackpoint>
					<Trackpoint>
						<Time>2026-02-22T11:09:36Z</Time>
						<Position>
							<LatitudeDegrees>46.638485</LatitudeDegrees>
							<LongitudeDegrees>13.849423</LongitudeDegrees>
						</Position>
						<AltitudeMeters>659.1</AltitudeMeters>
						<DistanceMeters>4235.566977</DistanceMeters>
						<HeartRateBpm>
							<Value>144</Value>
						</HeartRateBpm>
						<Cadence>64</Cadence>
						<Extensions>
							<ns3:TPX>
								<ns3:Speed>3.9062</ns3:Speed>
								<ns3:Watts>279</ns3:Watts>
							</ns3:TPX>
						</Extensions>
					</Trackpoint>
					<Trackpoint>
						<Time>2026-02-22T11:09:37Z</Time>
						<Position>
							<LatitudeDegrees>46.638485</LatitudeDegrees>
							<LongitudeDegrees>13.849423</LongitudeDegrees>
						</Position>
						<AltitudeMeters>659.1</AltitudeMeters>
						<DistanceMeters>4254.95563</DistanceMeters>
						<HeartRateBpm>
							<Value>144</Value>
						</HeartRateBpm>
						<Cadence>64</Cadence>
						<Extensions>
							<ns3:TPX>
								<ns3:Speed>3.889267</ns3:Speed>
								<ns3:Watts>279</ns3:Watts>
							</ns3:TPX>
						</Extensions>
					</Trackpoint>
					<Trackpoint>
						<Time>2026-02-22T11:09:38Z</Time>
						<Position>
							<LatitudeDegrees>46.638509</LatitudeDegrees>
							<LongitudeDegrees>13.849483</LongitudeDegrees>
						</Position>
						<AltitudeMeters>659.9</AltitudeMeters>
						<DistanceMeters>4257.818722</DistanceMeters>
						<HeartRateBpm>
							<Value>144</Value>
						</HeartRateBpm>
						<Cadence>65</Cadence>
						<Extensions>
							<ns3:TPX>
								<ns3:Speed>3.8746</ns3:Speed>
								<ns3:Watts>287</ns3:Watts>
							</ns3:TPX>
						</Extensions>
					</Trackpoint>
					<Trackpoint>
						<Time>2026-02-22T11:09:39Z</Time>
						<Position>
							<LatitudeDegrees>46.638518</LatitudeDegrees>
							<LongitudeDegrees>13.849532</LongitudeDegrees>
						</Position>
						<AltitudeMeters>660.4</AltitudeMeters>
						<DistanceMeters>4259.727449</DistanceMeters>
						<HeartRateBpm>
							<Value>145</Value>
						</HeartRateBpm>
						<Cadence>64</Cadence>
						<Extensions>
							<ns3:TPX>
								<ns3:Speed>3.868867</ns3:Speed>
								<ns3:Watts>279</ns3:Watts>
							</ns3:TPX>
						</Extensions>
					</Trackpoint>
					<Trackpoint>
						<Time>2026-02-22T11:09:40Z</Time>
						<Position>
							<LatitudeDegrees>46.638525</LatitudeDegrees>
							<LongitudeDegrees>13.849605</LongitudeDegrees>
						</Position>
						<AltitudeMeters>661.2</AltitudeMeters>
						<DistanceMeters>4262.64077</DistanceMeters>
						<HeartRateBpm>
							<Value>145</Value>
						</HeartRateBpm>
						<Cadence>64</Cadence>
						<Extensions>
							<ns3:TPX>
								<ns3:Speed>3.8612</ns3:Speed>
								<ns3:Watts>279</ns3:Watts>
							</ns3:TPX>
						</Extensions>
					</Trackpoint>
					<Trackpoint>
						<Time>2026-02-22T11:09:42Z</Time>
						<Position>
							<LatitudeDegrees>46.638519</LatitudeDegrees>
							<LongitudeDegrees>13.84968</LongitudeDegrees>
						</Position>
						<AltitudeMeters>661.9</AltitudeMeters>
						<DistanceMeters>4265.503862</DistanceMeters>
						<HeartRateBpm>
							<Value>145</Value>
						</HeartRateBpm>
						<Cadence>65</Cadence>
						<Extensions>
							<ns3:TPX>
								<ns3:Speed>3.854467</ns3:Speed>
								<ns3:Watts>287</ns3:Watts>
							</ns3:TPX>
						</Extensions>
					</Trackpoint>
					<Trackpoint>
						<Time>2026-02-22T11:09:43Z</Time>
						<Position>
							<LatitudeDegrees>46.638515</LatitudeDegrees>
							<LongitudeDegrees>13.84973</LongitudeDegrees>
						</Position>
						<AltitudeMeters>662.4</AltitudeMeters>
						<DistanceMeters>4267.462819</DistanceMeters>
						<HeartRateBpm>
							<Value>145</Value>
						</HeartRateBpm>
						<Cadence>64</Cadence>
						<Extensions>
							<ns3:TPX>
								<ns3:Speed>3.847867</ns3:Speed>
								<ns3:Watts>279</ns3:Watts>
							</ns3:TPX>
						</Extensions>
					</Trackpoint>
					<Trackpoint>
						<Time>2026-02-22T11:09:44Z</Time>
						<Position>
							<LatitudeDegrees>46.638509</LatitudeDegrees>
							<LongitudeDegrees>13.849805</LongitudeDegrees>
						</Position>
						<AltitudeMeters>663</AltitudeMeters>
						<DistanceMeters>4270.37614</DistanceMeters>
						<HeartRateBpm>
							<Value>145</Value>
						</HeartRateBpm>
						<Cadence>66</Cadence>
						<Extensions>
							<ns3:TPX>
								<ns3:Speed>3.845133</ns3:Speed>
								<ns3:Watts>294</ns3:Watts>
							</ns3:TPX>
						</Extensions>
					</Trackpoint>
					<Trackpoint>
						<Time>2026-02-22T11:09:45Z</Time>
						<Position>
							<LatitudeDegrees>46.638504</LatitudeDegrees>
							<LongitudeDegrees>13.849856</LongitudeDegrees>
						</Position>
						<AltitudeMeters>663.5</AltitudeMeters>
						<DistanceMeters>4272.385327</DistanceMeters>
						<HeartRateBpm>
							<Value>146</Value>
						</HeartRateBpm>
						<Cadence>68</Cadence>
						<Extensions>
							<ns3:TPX>
								<ns3:Speed>3.852267</ns3:Speed>
								<ns3:Watts>308</ns3:Watts>
							</ns3:TPX>
						</Extensions>
					</Trackpoint>
					<Trackpoint>
						<Time>2026-02-22T11:09:47Z</Time>
						<Position>
							<LatitudeDegrees>46.638497</LatitudeDegrees>
							<LongitudeDegrees>13.849935</LongitudeDegrees>
						</Position>
						<AltitudeMeters>664.2</AltitudeMeters>
						<DistanceMeters>4275.449337</DistanceMeters>
						<HeartRateBpm>
							<Value>146</Value>
						</HeartRateBpm>
						<Cadence>66</Cadence>
						<Extensions>
							<ns3:TPX>
								<ns3:Speed>3.866</ns3:Speed>
								<ns3:Watts>294</ns3:Watts>
							</ns3:TPX>
						</Extensions>
					</Trackpoint>
					<Trackpoint>
						<Time>2026-02-22T11:09:48Z</Time>
						<Position>
							<LatitudeDegrees>46.638492</LatitudeDegrees>
							<LongitudeDegrees>13.849988</LongitudeDegrees>
						</Position>
						<AltitudeMeters>664.6</AltitudeMeters>
						<DistanceMeters>4277.508754</DistanceMeters>
						<HeartRateBpm>
							<Value>146</Value>
						</HeartRateBpm>
						<Cadence>68</Cadence>
						<Extensions>
							<ns3:TPX>
								<ns3:Speed>3.884933</ns3:Speed>
								<ns3:Watts>308</ns3:Watts>
							</ns3:TPX>
						</Extensions>
					</Trackpoint>
					<Trackpoint>
						<Time>2026-02-22T11:09:49Z</Time>
						<Position>
							<LatitudeDegrees>46.638493</LatitudeDegrees>
							<LongitudeDegrees>13.850069</LongitudeDegrees>
						</Position>
						<AltitudeMeters>665.3</AltitudeMeters>
						<DistanceMeters>4280.673223</DistanceMeters>
						<HeartRateBpm>
							<Value>146</Value>
						</HeartRateBpm>
						<Cadence>69</Cadence>
						<Extensions>
							<ns3:TPX>
								<ns3:Speed>3.9114</ns3:Speed>
								<ns3:Watts>315</ns3:Watts>
							</ns3:TPX>
						</Extensions>
					</Trackpoint>
					<Trackpoint>
						<Time>2026-02-22T11:09:50Z</Time>
						<Position>
							<LatitudeDegrees>46.6385</LatitudeDegrees>
							<LongitudeDegrees>13.850124</LongitudeDegrees>
						</Position>
						<AltitudeMeters>665.7</AltitudeMeters>
						<DistanceMeters>4282.833099</DistanceMeters>
						<HeartRateBpm>
							<Value>146</Value>
						</HeartRateBpm>
						<Cadence>70</Cadence>
						<Extensions>
							<ns3:TPX>
								<ns3:Speed>3.9446</ns3:Speed>
								<ns3:Watts>323</ns3:Watts>
							</ns3:TPX>
						</Extensions>
					</Trackpoint>
					<Trackpoint>
						<Time>2026-02-22T11:09:52Z</Time>
						<Position>
							<LatitudeDegrees>46.638528</LatitudeDegrees>
							<LongitudeDegrees>13.850159</LongitudeDegrees>
						</Position>
						<AltitudeMeters>666.3</AltitudeMeters>
						<DistanceMeters>4286.098028</DistanceMeters>
						<HeartRateBpm>
							<Value>146</Value>
						</HeartRateBpm>
						<Cadence>69</Cadence>
						<Extensions>
							<ns3:TPX>
								<ns3:Speed>3.980867</ns3:Speed>
								<ns3:Watts>315</ns3:Watts>
							</ns3:TPX>
						</Extensions>
					</Trackpoint>
					<Trackpoint>
						<Time>2026-02-22T11:09:53Z</Time>
						<Position>
							<LatitudeDegrees>46.638563</LatitudeDegrees>
							<LongitudeDegrees>13.850136</LongitudeDegrees>
						</Position>
						<AltitudeMeters>666.8</AltitudeMeters>
						<DistanceMeters>4288.308134</DistanceMeters>
						<HeartRateBpm>
							<Value>146</Value>
						</HeartRateBpm>
						<Cadence>68</Cadence>
						<Extensions>
							<ns3:TPX>
								<ns3:Speed>4.0174</ns3:Speed>
								<ns3:Watts>308</ns3:Watts>
							</ns3:TPX>
						</Extensions>
					</Trackpoint>
					<Trackpoint>
						<Time>2026-02-22T11:09:54Z</Time>
						<Position>
							<LatitudeDegrees>46.638596</LatitudeDegrees>
							<LongitudeDegrees>13.850107</LongitudeDegrees>
						</Position>
						<AltitudeMeters>667.2</AltitudeMeters>
						<DistanceMeters>4290.518239</DistanceMeters>
						<HeartRateBpm>
							<Value>146</Value>
						</HeartRateBpm>
						<Cadence>67</Cadence>
						<Extensions>
							<ns3:TPX>
								<ns3:Speed>4.052267</ns3:Speed>
								<ns3:Watts>301</ns3:Watts>
							</ns3:TPX>
						</Extensions>
					</Trackpoint>
					<Trackpoint>
						<Time>2026-02-22T11:09:55Z</Time>
						<Position>
							<LatitudeDegrees>46.638618</LatitudeDegrees>
							<LongitudeDegrees>13.85006</LongitudeDegrees>
						</Position>
						<AltitudeMeters>667.5</AltitudeMeters>
						<DistanceMeters>4292.678115</DistanceMeters>
						<HeartRateBpm>
							<Value>145</Value>
						</HeartRateBpm>
						<Cadence>67</Cadence>
						<Extensions>
							<ns3:TPX>
								<ns3:Speed>4.085133</ns3:Speed>
								<ns3:Watts>301</ns3:Watts>
							</ns3:TPX>
						</Extensions>
					</Trackpoint>
					<Trackpoint>
						<Time>2026-02-22T11:09:56Z</Time>
						<Position>
							<LatitudeDegrees>46.638652</LatitudeDegrees>
							<LongitudeDegrees>13.849991</LongitudeDegrees>
						</Position>
						<AltitudeMeters>668.1</AltitudeMeters>
						<DistanceMeters>4295.943044</DistanceMeters>
						<HeartRateBpm>
							<Value>145</Value>
						</HeartRateBpm>
						<Cadence>68</Cadence>
						<Extensions>
							<ns3:TPX>
								<ns3:Speed>4.118</ns3:Speed>
								<ns3:Watts>308</ns3:Watts>
							</ns3:TPX>
						</Extensions>
					</Trackpoint>
					<Trackpoint>
						<Time>2026-02-22T11:09:57Z</Time>
						<Position>
							<LatitudeDegrees>46.638676</LatitudeDegrees>
							<LongitudeDegrees>13.849946</LongitudeDegrees>
						</Position>
						<AltitudeMeters>668.5</AltitudeMeters>
						<DistanceMeters>4298.10292</DistanceMeters>
						<HeartRateBpm>
							<Value>145</Value>
						</HeartRateBpm>
						<Cadence>68</Cadence>
						<Extensions>
							<ns3:TPX>
								<ns3:Speed>4.1542</ns3:Speed>
								<ns3:Watts>308</ns3:Watts>
							</ns3:TPX>
						</Extensions>
					</Trackpoint>
					<Trackpoint>
						<Time>2026-02-22T11:09:58Z</Time>
						<Position>
							<LatitudeDegrees>46.638676</LatitudeDegrees>
							<LongitudeDegrees>13.849946</LongitudeDegrees>
						</Position>
						<AltitudeMeters>668.5</AltitudeMeters>
						<DistanceMeters>4341.250209</DistanceMeters>
						<HeartRateBpm>
							<Value>145</Value>
						</HeartRateBpm>
						<Cadence>68</Cadence>
						<Extensions>
							<ns3:TPX>
								<ns3:Speed>4.192333</ns3:Speed>
								<ns3:Watts>308</ns3:Watts>
							</ns3:TPX>
						</Extensions>
					</Trackpoint>
					<Trackpoint>
						<Time>2026-02-22T11:09:59Z</Time>
						<Position>
							<LatitudeDegrees>46.638713</LatitudeDegrees>
							<LongitudeDegrees>13.849879</LongitudeDegrees>
						</Position>
						<AltitudeMeters>669.1</AltitudeMeters>
						<DistanceMeters>4344.565368</DistanceMeters>
						<HeartRateBpm>
							<Value>145</Value>
						</HeartRateBpm>
						<Cadence>68</Cadence>
						<Extensions>
							<ns3:TPX>
								<ns3:Speed>4.2306</ns3:Speed>
								<ns3:Watts>308</ns3:Watts>
							</ns3:TPX>
						</Extensions>
					</Trackpoint>
					<Trackpoint>
						<Time>2026-02-22T11:10:00Z</Time>
						<Position>
							<LatitudeDegrees>46.638745</LatitudeDegrees>
							<LongitudeDegrees>13.849845</LongitudeDegrees>
						</Position>
						<AltitudeMeters>669.5</AltitudeMeters>
						<DistanceMeters>4346.825703</DistanceMeters>
						<HeartRateBpm>
							<Value>145</Value>
						</HeartRateBpm>
						<Cadence>69</Cadence>
						<Extensions>
							<ns3:TPX>
								<ns3:Speed>4.271533</ns3:Speed>
								<ns3:Watts>315</ns3:Watts>
							</ns3:TPX>
						</Extensions>
					</Trackpoint>
					<Trackpoint>
						<Time>2026-02-22T11:10:01Z</Time>
						<Position>
							<LatitudeDegrees>46.638796</LatitudeDegrees>
							<LongitudeDegrees>13.849797</LongitudeDegrees>
						</Position>
						<AltitudeMeters>670.1</AltitudeMeters>
						<DistanceMeters>4350.191091</DistanceMeters>
						<HeartRateBpm>
							<Value>145</Value>
						</HeartRateBpm>
						<Cadence>68</Cadence>
						<Extensions>
							<ns3:TPX>
								<ns3:Speed>4.309533</ns3:Speed>
								<ns3:Watts>308</ns3:Watts>
							</ns3:TPX>
						</Extensions>
					</Trackpoint>
					<Trackpoint>
						<Time>2026-02-22T11:10:02Z</Time>
						<Position>
							<LatitudeDegrees>46.638833</LatitudeDegrees>
							<LongitudeDegrees>13.849775</LongitudeDegrees>
						</Position>
						<AltitudeMeters>670.6</AltitudeMeters>
						<DistanceMeters>4352.451426</DistanceMeters>
						<HeartRateBpm>
							<Value>145</Value>
						</HeartRateBpm>
						<Cadence>68</Cadence>
						<Extensions>
							<ns3:TPX>
								<ns3:Speed>4.339133</ns3:Speed>
								<ns3:Watts>308</ns3:Watts>
							</ns3:TPX>
						</Extensions>
					</Trackpoint>
					<Trackpoint>
						<Time>2026-02-22T11:10:03Z</Time>
						<Position>
							<LatitudeDegrees>46.638833</LatitudeDegrees>
							<LongitudeDegrees>13.849775</LongitudeDegrees>
						</Position>
						<AltitudeMeters>670.6</AltitudeMeters>
						<DistanceMeters>4363.652644</DistanceMeters>
						<HeartRateBpm>
							<Value>145</Value>
						</HeartRateBpm>
						<Cadence>68</Cadence>
						<Extensions>
							<ns3:TPX>
								<ns3:Speed>4.365933</ns3:Speed>
								<ns3:Watts>308</ns3:Watts>
							</ns3:TPX>
						</Extensions>
					</Trackpoint>
					<Trackpoint>
						<Time>2026-02-22T11:10:04Z</Time>
						<Position>
							<LatitudeDegrees>46.63889</LatitudeDegrees>
							<LongitudeDegrees>13.849748</LongitudeDegrees>
						</Position>
						<AltitudeMeters>671.3</AltitudeMeters>
						<DistanceMeters>4366.967802</DistanceMeters>
						<HeartRateBpm>
							<Value>145</Value>
						</HeartRateBpm>
						<Cadence>66</Cadence>
						<Extensions>
							<ns3:TPX>
								<ns3:Speed>4.383933</ns3:Speed>
								<ns3:Watts>294</ns3:Watts>
							</ns3:TPX>
						</Extensions>
					</Trackpoint>
					<Trackpoint>
						<Time>2026-02-22T11:10:05Z</Time>
						<Position>
							<LatitudeDegrees>46.638928</LatitudeDegrees>
							<LongitudeDegrees>13.849734</LongitudeDegrees>
						</Position>
						<AltitudeMeters>671.7</AltitudeMeters>
						<DistanceMeters>4369.177908</DistanceMeters>
						<HeartRateBpm>
							<Value>146</Value>
						</HeartRateBpm>
						<Cadence>66</Cadence>
						<Extensions>
							<ns3:TPX>
								<ns3:Speed>4.3894</ns3:Speed>
								<ns3:Watts>294</ns3:Watts>
							</ns3:TPX>
						</Extensions>
					</Trackpoint>
					<Trackpoint>
						<Time>2026-02-22T11:10:06Z</Time>
						<Position>
							<LatitudeDegrees>46.638985</LatitudeDegrees>
							<LongitudeDegrees>13.849716</LongitudeDegrees>
						</Position>
						<AltitudeMeters>672.5</AltitudeMeters>
						<DistanceMeters>4372.392607</DistanceMeters>
						<HeartRateBpm>
							<Value>146</Value>
						</HeartRateBpm>
						<Cadence>67</Cadence>
						<Extensions>
							<ns3:TPX>
								<ns3:Speed>4.386067</ns3:Speed>
								<ns3:Watts>301</ns3:Watts>
							</ns3:TPX>
						</Extensions>
					</Trackpoint>
					<Trackpoint>
						<Time>2026-02-22T11:10:07Z</Time>
						<Position>
							<LatitudeDegrees>46.639022</LatitudeDegrees>
							<LongitudeDegrees>13.849702</LongitudeDegrees>
						</Position>
						<AltitudeMeters>673</AltitudeMeters>
						<DistanceMeters>4374.552483</DistanceMeters>
						<HeartRateBpm>
							<Value>146</Value>
						</HeartRateBpm>
						<Cadence>67</Cadence>
						<Extensions>
							<ns3:TPX>
								<ns3:Speed>4.3792</ns3:Speed>
								<ns3:Watts>301</ns3:Watts>
							</ns3:TPX>
						</Extensions>
					</Trackpoint>
					<Trackpoint>
						<Time>2026-02-22T11:10:08Z</Time>
						<Position>
							<LatitudeDegrees>46.639059</LatitudeDegrees>
							<LongitudeDegrees>13.849686</LongitudeDegrees>
						</Position>
						<AltitudeMeters>673.5</AltitudeMeters>
						<DistanceMeters>4376.662129</DistanceMeters>
						<HeartRateBpm>
							<Value>146</Value>
						</HeartRateBpm>
						<Cadence>67</Cadence>
						<Extensions>
							<ns3:TPX>
								<ns3:Speed>4.371267</ns3:Speed>
								<ns3:Watts>301</ns3:Watts>
							</ns3:TPX>
						</Extensions>
					</Trackpoint>
					<Trackpoint>
						<Time>2026-02-22T11:10:10Z</Time>
						<Position>
							<LatitudeDegrees>46.639113</LatitudeDegrees>
							<LongitudeDegrees>13.849661</LongitudeDegrees>
						</Position>
						<AltitudeMeters>674.2</AltitudeMeters>
						<DistanceMeters>4379.826598</DistanceMeters>
						<HeartRateBpm>
							<Value>145</Value>
						</HeartRateBpm>
						<Cadence>66</Cadence>
						<Extensions>
							<ns3:TPX>
								<ns3:Speed>4.360333</ns3:Speed>
								<ns3:Watts>294</ns3:Watts>
							</ns3:TPX>
						</Extensions>
					</Trackpoint>
					<Trackpoint>
						<Time>2026-02-22T11:10:11Z</Time>
						<Position>
							<LatitudeDegrees>46.639148</LatitudeDegrees>
							<LongitudeDegrees>13.849643</LongitudeDegrees>
						</Position>
						<AltitudeMeters>674.7</AltitudeMeters>
						<DistanceMeters>4381.936245</DistanceMeters>
						<HeartRateBpm>
							<Value>145</Value>
						</HeartRateBpm>
						<Cadence>67</Cadence>
						<Extensions>
							<ns3:TPX>
								<ns3:Speed>4.35</ns3:Speed>
								<ns3:Watts>301</ns3:Watts>
							</ns3:TPX>
						</Extensions>
					</Trackpoint>
					<Trackpoint>
						<Time>2026-02-22T11:10:12Z</Time>
						<Position>
							<LatitudeDegrees>46.639201</LatitudeDegrees>
							<LongitudeDegrees>13.849617</LongitudeDegrees>
						</Position>
						<AltitudeMeters>675.5</AltitudeMeters>
						<DistanceMeters>4385.000255</DistanceMeters>
						<HeartRateBpm>
							<Value>145</Value>
						</HeartRateBpm>
						<Cadence>66</Cadence>
						<Extensions>
							<ns3:TPX>
								<ns3:Speed>4.334067</ns3:Speed>
								<ns3:Watts>294</ns3:Watts>
							</ns3:TPX>
						</Extensions>
					</Trackpoint>
					<Trackpoint>
						<Time>2026-02-22T11:10:13Z</Time>
						<Position>
							<LatitudeDegrees>46.639226</LatitudeDegrees>
							<LongitudeDegrees>13.849577</LongitudeDegrees>
						</Position>
						<AltitudeMeters>676</AltitudeMeters>
						<DistanceMeters>4387.059671</DistanceMeters>
						<HeartRateBpm>
							<Value>145</Value>
						</HeartRateBpm>
						<Cadence>66</Cadence>
						<Extensions>
							<ns3:TPX>
								<ns3:Speed>4.313067</ns3:Speed>
								<ns3:Watts>294</ns3:Watts>
							</ns3:TPX>
						</Extensions>
					</Trackpoint>
					<Trackpoint>
						<Time>2026-02-22T11:10:15Z</Time>
						<Position>
							<LatitudeDegrees>46.639262</LatitudeDegrees>
							<LongitudeDegrees>13.849518</LongitudeDegrees>
						</Position>
						<AltitudeMeters>676.9</AltitudeMeters>
						<DistanceMeters>4390.123681</DistanceMeters>
						<HeartRateBpm>
							<Value>145</Value>
						</HeartRateBpm>
						<Cadence>65</Cadence>
						<Extensions>
							<ns3:TPX>
								<ns3:Speed>4.287867</ns3:Speed>
								<ns3:Watts>287</ns3:Watts>
							</ns3:TPX>
						</Extensions>
					</Trackpoint>
					<Trackpoint>
						<Time>2026-02-22T11:10:16Z</Time>
						<Position>
							<LatitudeDegrees>46.639276</LatitudeDegrees>
							<LongitudeDegrees>13.849445</LongitudeDegrees>
						</Position>
						<AltitudeMeters>677.7</AltitudeMeters>
						<DistanceMeters>4393.137462</DistanceMeters>
						<HeartRateBpm>
							<Value>145</Value>
						</HeartRateBpm>
						<Cadence>65</Cadence>
						<Extensions>
							<ns3:TPX>
								<ns3:Speed>4.2548</ns3:Speed>
								<ns3:Watts>287</ns3:Watts>
							</ns3:TPX>
						</Extensions>
					</Trackpoint>
					<Trackpoint>
						<Time>2026-02-22T11:10:18Z</Time>
						<Position>
							<LatitudeDegrees>46.639284</LatitudeDegrees>
							<LongitudeDegrees>13.849369</LongitudeDegrees>
						</Position>
						<AltitudeMeters>678.5</AltitudeMeters>
						<DistanceMeters>4396.050783</DistanceMeters>
						<HeartRateBpm>
							<Value>145</Value>
						</HeartRateBpm>
						<Cadence>68</Cadence>
						<Extensions>
							<ns3:TPX>
								<ns3:Speed>4.220067</ns3:Speed>
								<ns3:Watts>308</ns3:Watts>
							</ns3:TPX>
						</Extensions>
					</Trackpoint>
					<Trackpoint>
						<Time>2026-02-22T11:10:19Z</Time>
						<Position>
							<LatitudeDegrees>46.639288</LatitudeDegrees>
							<LongitudeDegrees>13.849316</LongitudeDegrees>
						</Position>
						<AltitudeMeters>679.1</AltitudeMeters>
						<DistanceMeters>4398.05997</DistanceMeters>
						<HeartRateBpm>
							<Value>145</Value>
						</HeartRateBpm>
						<Cadence>69</Cadence>
						<Extensions>
							<ns3:TPX>
								<ns3:Speed>4.1896</ns3:Speed>
								<ns3:Watts>315</ns3:Watts>
							</ns3:TPX>
						</Extensions>
					</Trackpoint>
					<Trackpoint>
						<Time>2026-02-22T11:10:20Z</Time>
						<Position>
							<LatitudeDegrees>46.639293</LatitudeDegrees>
							<LongitudeDegrees>13.849238</LongitudeDegrees>
						</Position>
						<AltitudeMeters>680.1</AltitudeMeters>
						<DistanceMeters>4401.12398</DistanceMeters>
						<HeartRateBpm>
							<Value>145</Value>
						</HeartRateBpm>
						<Cadence>69</Cadence>
						<Extensions>
							<ns3:TPX>
								<ns3:Speed>4.1652</ns3:Speed>
								<ns3:Watts>315</ns3:Watts>
							</ns3:TPX>
						</Extensions>
					</Trackpoint>
					<Trackpoint>
						<Time>2026-02-22T11:10:21Z</Time>
						<Position>
							<LatitudeDegrees>46.639293</LatitudeDegrees>
							<LongitudeDegrees>13.849238</LongitudeDegrees>
						</Position>
						<AltitudeMeters>680.1</AltitudeMeters>
						<DistanceMeters>4438.595316</DistanceMeters>
						<HeartRateBpm>
							<Value>145</Value>
						</HeartRateBpm>
						<Cadence>69</Cadence>
						<Extensions>
							<ns3:TPX>
								<ns3:Speed>4.1408</ns3:Speed>
								<ns3:Watts>315</ns3:Watts>
							</ns3:TPX>
						</Extensions>
					</Trackpoint>
					<Trackpoint>
						<Time>2026-02-22T11:10:22Z</Time>
						<Position>
							<LatitudeDegrees>46.639298</LatitudeDegrees>
							<LongitudeDegrees>13.849158</LongitudeDegrees>
						</Position>
						<AltitudeMeters>681</AltitudeMeters>
						<DistanceMeters>4441.659326</DistanceMeters>
						<HeartRateBpm>
							<Value>145</Value>
						</HeartRateBpm>
						<Cadence>65</Cadence>
						<Extensions>
							<ns3:TPX>
								<ns3:Speed>4.116267</ns3:Speed>
								<ns3:Watts>287</ns3:Watts>
							</ns3:TPX>
						</Extensions>
					</Trackpoint>
					<Trackpoint>
						<Time>2026-02-22T11:10:23Z</Time>
						<Position>
							<LatitudeDegrees>46.639302</LatitudeDegrees>
							<LongitudeDegrees>13.849106</LongitudeDegrees>
						</Position>
						<AltitudeMeters>681.6</AltitudeMeters>
						<DistanceMeters>4443.618284</DistanceMeters>
						<HeartRateBpm>
							<Value>145</Value>
						</HeartRateBpm>
						<Cadence>62</Cadence>
						<Extensions>
							<ns3:TPX>
								<ns3:Speed>4.0872</ns3:Speed>
								<ns3:Watts>265</ns3:Watts>
							</ns3:TPX>
						</Extensions>
					</Trackpoint>
					<Trackpoint>
						<Time>2026-02-22T11:10:24Z</Time>
						<Position>
							<LatitudeDegrees>46.639306</LatitudeDegrees>
							<LongitudeDegrees>13.849031</LongitudeDegrees>
						</Position>
						<AltitudeMeters>682.4</AltitudeMeters>
						<DistanceMeters>4446.481375</DistanceMeters>
						<HeartRateBpm>
							<Value>144</Value>
						</HeartRateBpm>
						<Cadence>63</Cadence>
						<Extensions>
							<ns3:TPX>
								<ns3:Speed>4.0512</ns3:Speed>
								<ns3:Watts>272</ns3:Watts>
							</ns3:TPX>
						</Extensions>
					</Trackpoint>
					<Trackpoint>
						<Time>2026-02-22T11:10:25Z</Time>
						<Position>
							<LatitudeDegrees>46.639306</LatitudeDegrees>
							<LongitudeDegrees>13.848982</LongitudeDegrees>
						</Position>
						<AltitudeMeters>682.9</AltitudeMeters>
						<DistanceMeters>4448.339873</DistanceMeters>
						<HeartRateBpm>
							<Value>144</Value>
						</HeartRateBpm>
						<Cadence>64</Cadence>
						<Extensions>
							<ns3:TPX>
								<ns3:Speed>4.015933</ns3:Speed>
								<ns3:Watts>279</ns3:Watts>
							</ns3:TPX>
						</Extensions>
					</Trackpoint>
					<Trackpoint>
						<Time>2026-02-22T11:10:26Z</Time>
						<Position>
							<LatitudeDegrees>46.639306</LatitudeDegrees>
							<LongitudeDegrees>13.848982</LongitudeDegrees>
						</Position>
						<AltitudeMeters>682.9</AltitudeMeters>
						<DistanceMeters>4458.08443</DistanceMeters>
						<HeartRateBpm>
							<Value>144</Value>
						</HeartRateBpm>
						<Cadence>64</Cadence>
						<Extensions>
							<ns3:TPX>
								<ns3:Speed>3.982</ns3:Speed>
								<ns3:Watts>279</ns3:Watts>
							</ns3:TPX>
						</Extensions>
					</Trackpoint>
					<Trackpoint>
						<Time>2026-02-22T11:10:27Z</Time>
						<Position>
							<LatitudeDegrees>46.639306</LatitudeDegrees>
							<LongitudeDegrees>13.848908</LongitudeDegrees>
						</Position>
						<AltitudeMeters>683.7</AltitudeMeters>
						<DistanceMeters>4460.897291</DistanceMeters>
						<HeartRateBpm>
							<Value>144</Value>
						</HeartRateBpm>
						<Cadence>63</Cadence>
						<Extensions>
							<ns3:TPX>
								<ns3:Speed>3.952267</ns3:Speed>
								<ns3:Watts>272</ns3:Watts>
							</ns3:TPX>
						</Extensions>
					</Trackpoint>
					<Trackpoint>
						<Time>2026-02-22T11:10:28Z</Time>
						<Position>
							<LatitudeDegrees>46.639306</LatitudeDegrees>
							<LongitudeDegrees>13.848836</LongitudeDegrees>
						</Position>
						<AltitudeMeters>684.4</AltitudeMeters>
						<DistanceMeters>4463.710153</DistanceMeters>
						<HeartRateBpm>
							<Value>146</Value>
						</HeartRateBpm>
						<Cadence>63</Cadence>
						<Extensions>
							<ns3:TPX>
								<ns3:Speed>3.922133</ns3:Speed>
								<ns3:Watts>272</ns3:Watts>
							</ns3:TPX>
						</Extensions>
					</Trackpoint>
					<Trackpoint>
						<Time>2026-02-22T11:10:30Z</Time>
						<Position>
							<LatitudeDegrees>46.639305</LatitudeDegrees>
							<LongitudeDegrees>13.848763</LongitudeDegrees>
						</Position>
						<AltitudeMeters>685.1</AltitudeMeters>
						<DistanceMeters>4466.523015</DistanceMeters>
						<HeartRateBpm>
							<Value>146</Value>
						</HeartRateBpm>
						<Cadence>63</Cadence>
						<Extensions>
							<ns3:TPX>
								<ns3:Speed>3.894867</ns3:Speed>
								<ns3:Watts>272</ns3:Watts>
							</ns3:TPX>
						</Extensions>
					</Trackpoint>
					<Trackpoint>
						<Time>2026-02-22T11:10:31Z</Time>
						<Position>
							<LatitudeDegrees>46.639309</LatitudeDegrees>
							<LongitudeDegrees>13.84869</LongitudeDegrees>
						</Position>
						<AltitudeMeters>685.7</AltitudeMeters>
						<DistanceMeters>4469.285647</DistanceMeters>
						<HeartRateBpm>
							<Value>146</Value>
						</HeartRateBpm>
						<Cadence>64</Cadence>
						<Extensions>
							<ns3:TPX>
								<ns3:Speed>3.873</ns3:Speed>
								<ns3:Watts>279</ns3:Watts>
							</ns3:TPX>
						</Extensions>
					</Trackpoint>
					<Trackpoint>
						<Time>2026-02-22T11:10:32Z</Time>
						<Position>
							<LatitudeDegrees>46.639309</LatitudeDegrees>
							<LongitudeDegrees>13.84869</LongitudeDegrees>
						</Position>
						<AltitudeMeters>685.7</AltitudeMeters>
						<DistanceMeters>4480.486864</DistanceMeters>
						<HeartRateBpm>
							<Value>146</Value>
						</HeartRateBpm>
						<Cadence>64</Cadence>
						<Extensions>
							<ns3:TPX>
								<ns3:Speed>3.855333</ns3:Speed>
								<ns3:Watts>279</ns3:Watts>
							</ns3:TPX>
						</Extensions>
					</Trackpoint>
					<Trackpoint>
						<Time>2026-02-22T11:10:33Z</Time>
						<Position>
							<LatitudeDegrees>46.639313</LatitudeDegrees>
							<LongitudeDegrees>13.848617</LongitudeDegrees>
						</Position>
						<AltitudeMeters>686.3</AltitudeMeters>
						<DistanceMeters>4483.349955</DistanceMeters>
						<HeartRateBpm>
							<Value>146</Value>
						</HeartRateBpm>
						<Cadence>64</Cadence>
						<Extensions>
							<ns3:TPX>
								<ns3:Speed>3.847667</ns3:Speed>
								<ns3:Watts>279</ns3:Watts>
							</ns3:TPX>
						</Extensions>
					</Trackpoint>
					<Trackpoint>
						<Time>2026-02-22T11:10:34Z</Time>
						<Position>
							<LatitudeDegrees>46.639318</LatitudeDegrees>
							<LongitudeDegrees>13.848542</LongitudeDegrees>
						</Position>
						<AltitudeMeters>686.8</AltitudeMeters>
						<DistanceMeters>4486.213047</DistanceMeters>
						<HeartRateBpm>
							<Value>147</Value>
						</HeartRateBpm>
						<Cadence>64</Cadence>
						<Extensions>
							<ns3:TPX>
								<ns3:Speed>3.840467</ns3:Speed>
								<ns3:Watts>279</ns3:Watts>
							</ns3:TPX>
						</Extensions>
					</Trackpoint>
					<Trackpoint>
						<Time>2026-02-22T11:10:35Z</Time>
						<Position>
							<LatitudeDegrees>46.639322</LatitudeDegrees>
							<LongitudeDegrees>13.848491</LongitudeDegrees>
						</Position>
						<AltitudeMeters>687.2</AltitudeMeters>
						<DistanceMeters>4488.172004</DistanceMeters>
						<HeartRateBpm>
							<Value>147</Value>
						</HeartRateBpm>
						<Cadence>66</Cadence>
						<Extensions>
							<ns3:TPX>
								<ns3:Speed>3.834133</ns3:Speed>
								<ns3:Watts>294</ns3:Watts>
							</ns3:TPX>
						</Extensions>
					</Trackpoint>
					<Trackpoint>
						<Time>2026-02-22T11:10:37Z</Time>
						<Position>
							<LatitudeDegrees>46.639327</LatitudeDegrees>
							<LongitudeDegrees>13.848414</LongitudeDegrees>
						</Position>
						<AltitudeMeters>687.8</AltitudeMeters>
						<DistanceMeters>4491.185784</DistanceMeters>
						<HeartRateBpm>
							<Value>147</Value>
						</HeartRateBpm>
						<Cadence>65</Cadence>
						<Extensions>
							<ns3:TPX>
								<ns3:Speed>3.827067</ns3:Speed>
								<ns3:Watts>287</ns3:Watts>
							</ns3:TPX>
						</Extensions>
					</Trackpoint>
					<Trackpoint>
						<Time>2026-02-22T11:10:38Z</Time>
						<Position>
							<LatitudeDegrees>46.63933</LatitudeDegrees>
							<LongitudeDegrees>13.848361</LongitudeDegrees>
						</Position>
						<AltitudeMeters>688.1</AltitudeMeters>
						<DistanceMeters>4493.194971</DistanceMeters>
						<HeartRateBpm>
							<Value>147</Value>
						</HeartRateBpm>
						<Cadence>65</Cadence>
						<Extensions>
							<ns3:TPX>
								<ns3:Speed>3.8208</ns3:Speed>
								<ns3:Watts>287</ns3:Watts>
							</ns3:TPX>
						</Extensions>
					</Trackpoint>
					<Trackpoint>
						<Time>2026-02-22T11:10:39Z</Time>
						<Position>
							<LatitudeDegrees>46.639334</LatitudeDegrees>
							<LongitudeDegrees>13.848309</LongitudeDegrees>
						</Position>
						<AltitudeMeters>688.5</AltitudeMeters>
						<DistanceMeters>4495.204158</DistanceMeters>
						<HeartRateBpm>
							<Value>147</Value>
						</HeartRateBpm>
						<Cadence>64</Cadence>
						<Extensions>
							<ns3:TPX>
								<ns3:Speed>3.819933</ns3:Speed>
								<ns3:Watts>279</ns3:Watts>
							</ns3:TPX>
						</Extensions>
					</Trackpoint>
					<Trackpoint>
						<Time>2026-02-22T11:10:40Z</Time>
						<Position>
							<LatitudeDegrees>46.639339</LatitudeDegrees>
							<LongitudeDegrees>13.848231</LongitudeDegrees>
						</Position>
						<AltitudeMeters>689.1</AltitudeMeters>
						<DistanceMeters>4498.217939</DistanceMeters>
						<HeartRateBpm>
							<Value>147</Value>
						</HeartRateBpm>
						<Cadence>65</Cadence>
						<Extensions>
							<ns3:TPX>
								<ns3:Speed>3.828933</ns3:Speed>
								<ns3:Watts>287</ns3:Watts>
							</ns3:TPX>
						</Extensions>
					</Trackpoint>
					<Trackpoint>
						<Time>2026-02-22T11:10:41Z</Time>
						<Position>
							<LatitudeDegrees>46.639342</LatitudeDegrees>
							<LongitudeDegrees>13.848179</LongitudeDegrees>
						</Position>
						<AltitudeMeters>689.6</AltitudeMeters>
						<DistanceMeters>4500.227125</DistanceMeters>
						<HeartRateBpm>
							<Value>147</Value>
						</HeartRateBpm>
						<Cadence>64</Cadence>
						<Extensions>
							<ns3:TPX>
								<ns3:Speed>3.845533</ns3:Speed>
								<ns3:Watts>279</ns3:Watts>
							</ns3:TPX>
						</Extensions>
					</Trackpoint>
					<Trackpoint>
						<Time>2026-02-22T11:10:42Z</Time>
						<Position>
							<LatitudeDegrees>46.639342</LatitudeDegrees>
							<LongitudeDegrees>13.848179</LongitudeDegrees>
						</Position>
						<AltitudeMeters>689.6</AltitudeMeters>
						<DistanceMeters>4519.967387</DistanceMeters>
						<HeartRateBpm>
							<Value>147</Value>
						</HeartRateBpm>
						<Cadence>64</Cadence>
						<Extensions>
							<ns3:TPX>
								<ns3:Speed>3.8624</ns3:Speed>
								<ns3:Watts>279</ns3:Watts>
							</ns3:TPX>
						</Extensions>
					</Trackpoint>
					<Trackpoint>
						<Time>2026-02-22T11:10:43Z</Time>
						<Position>
							<LatitudeDegrees>46.639352</LatitudeDegrees>
							<LongitudeDegrees>13.848102</LongitudeDegrees>
						</Position>
						<AltitudeMeters>690.2</AltitudeMeters>
						<DistanceMeters>4523.031397</DistanceMeters>
						<HeartRateBpm>
							<Value>147</Value>
						</HeartRateBpm>
						<Cadence>65</Cadence>
						<Extensions>
							<ns3:TPX>
								<ns3:Speed>3.881867</ns3:Speed>
								<ns3:Watts>287</ns3:Watts>
							</ns3:TPX>
						</Extensions>
					</Trackpoint>
					<Trackpoint>
						<Time>2026-02-22T11:10:44Z</Time>
						<Position>
							<LatitudeDegrees>46.639363</LatitudeDegrees>
							<LongitudeDegrees>13.848051</LongitudeDegrees>
						</Position>
						<AltitudeMeters>690.6</AltitudeMeters>
						<DistanceMeters>4525.040584</DistanceMeters>
						<HeartRateBpm>
							<Value>146</Value>
						</HeartRateBpm>
						<Cadence>65</Cadence>
						<Extensions>
							<ns3:TPX>
								<ns3:Speed>3.903333</ns3:Speed>
								<ns3:Watts>287</ns3:Watts>
							</ns3:TPX>
						</Extensions>
					</Trackpoint>
					<Trackpoint>
						<Time>2026-02-22T11:10:45Z</Time>
						<Position>
							<LatitudeDegrees>46.639379</LatitudeDegrees>
							<LongitudeDegrees>13.847976</LongitudeDegrees>
						</Position>
						<AltitudeMeters>691.3</AltitudeMeters>
						<DistanceMeters>4528.104594</DistanceMeters>
						<HeartRateBpm>
							<Value>146</Value>
						</HeartRateBpm>
						<Cadence>65</Cadence>
						<Extensions>
							<ns3:TPX>
								<ns3:Speed>3.927067</ns3:Speed>
								<ns3:Watts>287</ns3:Watts>
							</ns3:TPX>
						</Extensions>
					</Trackpoint>
					<Trackpoint>
						<Time>2026-02-22T11:10:46Z</Time>
						<Position>
							<LatitudeDegrees>46.639393</LatitudeDegrees>
							<LongitudeDegrees>13.847926</LongitudeDegrees>
						</Position>
						<AltitudeMeters>691.8</AltitudeMeters>
						<DistanceMeters>4530.113781</DistanceMeters>
						<HeartRateBpm>
							<Value>146</Value>
						</HeartRateBpm>
						<Cadence>65</Cadence>
						<Extensions>
							<ns3:TPX>
								<ns3:Speed>3.951</ns3:Speed>
								<ns3:Watts>287</ns3:Watts>
							</ns3:TPX>
						</Extensions>
					</Trackpoint>
					<Trackpoint>
						<Time>2026-02-22T11:10:47Z</Time>
						<Position>
							<LatitudeDegrees>46.639393</LatitudeDegrees>
							<LongitudeDegrees>13.847926</LongitudeDegrees>
						</Position>
						<AltitudeMeters>691.8</AltitudeMeters>
						<DistanceMeters>4540.260175</DistanceMeters>
						<HeartRateBpm>
							<Value>146</Value>
						</HeartRateBpm>
						<Cadence>65</Cadence>
						<Extensions>
							<ns3:TPX>
								<ns3:Speed>3.971933</ns3:Speed>
								<ns3:Watts>287</ns3:Watts>
							</ns3:TPX>
						</Extensions>
					</Trackpoint>
					<Trackpoint>
						<Time>2026-02-22T11:10:48Z</Time>
						<Position>
							<LatitudeDegrees>46.639413</LatitudeDegrees>
							<LongitudeDegrees>13.847853</LongitudeDegrees>
						</Position>
						<AltitudeMeters>692.5</AltitudeMeters>
						<DistanceMeters>4543.324185</DistanceMeters>
						<HeartRateBpm>
							<Value>146</Value>
						</HeartRateBpm>
						<Cadence>65</Cadence>
						<Extensions>
							<ns3:TPX>
								<ns3:Speed>3.992467</ns3:Speed>
								<ns3:Watts>287</ns3:Watts>
							</ns3:TPX>
						</Extensions>
					</Trackpoint>
					<Trackpoint>
						<Time>2026-02-22T11:10:49Z</Time>
						<Position>
							<LatitudeDegrees>46.63944</LatitudeDegrees>
							<LongitudeDegrees>13.847816</LongitudeDegrees>
						</Position>
						<AltitudeMeters>692.9</AltitudeMeters>
						<DistanceMeters>4545.333372</DistanceMeters>
						<HeartRateBpm>
							<Value>147</Value>
						</HeartRateBpm>
						<Cadence>64</Cadence>
						<Extensions>
							<ns3:TPX>
								<ns3:Speed>4.006</ns3:Speed>
								<ns3:Watts>279</ns3:Watts>
							</ns3:TPX>
						</Extensions>
					</Trackpoint>
					<Trackpoint>
						<Time>2026-02-22T11:10:50Z</Time>
						<Position>
							<LatitudeDegrees>46.63948</LatitudeDegrees>
							<LongitudeDegrees>13.847763</LongitudeDegrees>
						</Position>
						<AltitudeMeters>693.6</AltitudeMeters>
						<DistanceMeters>4548.347153</DistanceMeters>
						<HeartRateBpm>
							<Value>147</Value>
						</HeartRateBpm>
						<Cadence>64</Cadence>
						<Extensions>
							<ns3:TPX>
								<ns3:Speed>4.014733</ns3:Speed>
								<ns3:Watts>279</ns3:Watts>
							</ns3:TPX>
						</Extensions>
					</Trackpoint>
					<Trackpoint>
						<Time>2026-02-22T11:10:52Z</Time>
						<Position>
							<LatitudeDegrees>46.639519</LatitudeDegrees>
							<LongitudeDegrees>13.847711</LongitudeDegrees>
						</Position>
						<AltitudeMeters>694.3</AltitudeMeters>
						<DistanceMeters>4551.310703</DistanceMeters>
						<HeartRateBpm>
							<Value>147</Value>
						</HeartRateBpm>
						<Cadence>63</Cadence>
						<Extensions>
							<ns3:TPX>
								<ns3:Speed>4.014</ns3:Speed>
								<ns3:Watts>272</ns3:Watts>
							</ns3:TPX>
						</Extensions>
					</Trackpoint>
					<Trackpoint>
						<Time>2026-02-22T11:10:53Z</Time>
						<Position>
							<LatitudeDegrees>46.639558</LatitudeDegrees>
							<LongitudeDegrees>13.847659</LongitudeDegrees>
						</Position>
						<AltitudeMeters>695</AltitudeMeters>
						<DistanceMeters>4554.274254</DistanceMeters>
						<HeartRateBpm>
							<Value>147</Value>
						</HeartRateBpm>
						<Cadence>64</Cadence>
						<Extensions>
							<ns3:TPX>
								<ns3:Speed>4.007267</ns3:Speed>
								<ns3:Watts>279</ns3:Watts>
							</ns3:TPX>
						</Extensions>
					</Trackpoint>
					<Trackpoint>
						<Time>2026-02-22T11:10:54Z</Time>
						<Position>
							<LatitudeDegrees>46.639558</LatitudeDegrees>
							<LongitudeDegrees>13.847659</LongitudeDegrees>
						</Position>
						<AltitudeMeters>695</AltitudeMeters>
						<DistanceMeters>4568.288333</DistanceMeters>
						<HeartRateBpm>
							<Value>147</Value>
						</HeartRateBpm>
						<Cadence>64</Cadence>
						<Extensions>
							<ns3:TPX>
								<ns3:Speed>3.999733</ns3:Speed>
								<ns3:Watts>279</ns3:Watts>
							</ns3:TPX>
						</Extensions>
					</Trackpoint>
					<Trackpoint>
						<Time>2026-02-22T11:10:55Z</Time>
						<Position>
							<LatitudeDegrees>46.639595</LatitudeDegrees>
							<LongitudeDegrees>13.847605</LongitudeDegrees>
						</Position>
						<AltitudeMeters>695.6</AltitudeMeters>
						<DistanceMeters>4571.201654</DistanceMeters>
						<HeartRateBpm>
							<Value>147</Value>
						</HeartRateBpm>
						<Cadence>64</Cadence>
						<Extensions>
							<ns3:TPX>
								<ns3:Speed>3.990867</ns3:Speed>
								<ns3:Watts>279</ns3:Watts>
							</ns3:TPX>
						</Extensions>
					</Trackpoint>
					<Trackpoint>
						<Time>2026-02-22T11:10:56Z</Time>
						<Position>
							<LatitudeDegrees>46.639631</LatitudeDegrees>
							<LongitudeDegrees>13.847551</LongitudeDegrees>
						</Position>
						<AltitudeMeters>696.3</AltitudeMeters>
						<DistanceMeters>4574.114975</DistanceMeters>
						<HeartRateBpm>
							<Value>147</Value>
						</HeartRateBpm>
						<Cadence>65</Cadence>
						<Extensions>
							<ns3:TPX>
								<ns3:Speed>3.984067</ns3:Speed>
								<ns3:Watts>287</ns3:Watts>
							</ns3:TPX>
						</Extensions>
					</Trackpoint>
					<Trackpoint>
						<Time>2026-02-22T11:10:57Z</Time>
						<Position>
							<LatitudeDegrees>46.639631</LatitudeDegrees>
							<LongitudeDegrees>13.847551</LongitudeDegrees>
						</Position>
						<AltitudeMeters>696.3</AltitudeMeters>
						<DistanceMeters>4579.941617</DistanceMeters>
						<HeartRateBpm>
							<Value>147</Value>
						</HeartRateBpm>
						<Cadence>65</Cadence>
						<Extensions>
							<ns3:TPX>
								<ns3:Speed>3.978733</ns3:Speed>
								<ns3:Watts>287</ns3:Watts>
							</ns3:TPX>
						</Extensions>
					</Trackpoint>
					<Trackpoint>
						<Time>2026-02-22T11:10:58Z</Time>
						<Position>
							<LatitudeDegrees>46.639665</LatitudeDegrees>
							<LongitudeDegrees>13.847491</LongitudeDegrees>
						</Position>
						<AltitudeMeters>697</AltitudeMeters>
						<DistanceMeters>4582.955398</DistanceMeters>
						<HeartRateBpm>
							<Value>147</Value>
						</HeartRateBpm>
						<Cadence>64</Cadence>
						<Extensions>
							<ns3:TPX>
								<ns3:Speed>3.974133</ns3:Speed>
								<ns3:Watts>279</ns3:Watts>
							</ns3:TPX>
						</Extensions>
					</Trackpoint>
					<Trackpoint>
						<Time>2026-02-22T11:10:59Z</Time>
						<Position>
							<LatitudeDegrees>46.639698</LatitudeDegrees>
							<LongitudeDegrees>13.847431</LongitudeDegrees>
						</Position>
						<AltitudeMeters>697.7</AltitudeMeters>
						<DistanceMeters>4585.868719</DistanceMeters>
						<HeartRateBpm>
							<Value>147</Value>
						</HeartRateBpm>
						<Cadence>64</Cadence>
						<Extensions>
							<ns3:TPX>
								<ns3:Speed>3.965133</ns3:Speed>
								<ns3:Watts>279</ns3:Watts>
							</ns3:TPX>
						</Extensions>
					</Trackpoint>
					<Trackpoint>
						<Time>2026-02-22T11:11:00Z</Time>
						<Position>
							<LatitudeDegrees>46.639698</LatitudeDegrees>
							<LongitudeDegrees>13.847431</LongitudeDegrees>
						</Position>
						<AltitudeMeters>697.7</AltitudeMeters>
						<DistanceMeters>4591.79582</DistanceMeters>
						<HeartRateBpm>
							<Value>147</Value>
						</HeartRateBpm>
						<Cadence>64</Cadence>
						<Extensions>
							<ns3:TPX>
								<ns3:Speed>3.955267</ns3:Speed>
								<ns3:Watts>279</ns3:Watts>
							</ns3:TPX>
						</Extensions>
					</Trackpoint>
					<Trackpoint>
						<Time>2026-02-22T11:11:01Z</Time>
						<Position>
							<LatitudeDegrees>46.639731</LatitudeDegrees>
							<LongitudeDegrees>13.847372</LongitudeDegrees>
						</Position>
						<AltitudeMeters>698.4</AltitudeMeters>
						<DistanceMeters>4594.759371</DistanceMeters>
						<HeartRateBpm>
							<Value>147</Value>
						</HeartRateBpm>
						<Cadence>65</Cadence>
						<Extensions>
							<ns3:TPX>
								<ns3:Speed>3.947467</ns3:Speed>
								<ns3:Watts>287</ns3:Watts>
							</ns3:TPX>
						</Extensions>
					</Trackpoint>
					<Trackpoint>
						<Time>2026-02-22T11:11:02Z</Time>
						<Position>
							<LatitudeDegrees>46.639765</LatitudeDegrees>
							<LongitudeDegrees>13.847311</LongitudeDegrees>
						</Position>
						<AltitudeMeters>699.1</AltitudeMeters>
						<DistanceMeters>4597.722921</DistanceMeters>
						<HeartRateBpm>
							<Value>147</Value>
						</HeartRateBpm>
						<Cadence>66</Cadence>
						<Extensions>
							<ns3:TPX>
								<ns3:Speed>3.943267</ns3:Speed>
								<ns3:Watts>294</ns3:Watts>
							</ns3:TPX>
						</Extensions>
					</Trackpoint>
					<Trackpoint>
						<Time>2026-02-22T11:11:03Z</Time>
						<Position>
							<LatitudeDegrees>46.63979</LatitudeDegrees>
							<LongitudeDegrees>13.847274</LongitudeDegrees>
						</Position>
						<AltitudeMeters>699.5</AltitudeMeters>
						<DistanceMeters>4599.782338</DistanceMeters>
						<HeartRateBpm>
							<Value>147</Value>
						</HeartRateBpm>
						<Cadence>66</Cadence>
						<Extensions>
							<ns3:TPX>
								<ns3:Speed>3.940867</ns3:Speed>
								<ns3:Watts>294</ns3:Watts>
							</ns3:TPX>
						</Extensions>
					</Trackpoint>
					<Trackpoint>
						<Time>2026-02-22T11:11:05Z</Time>
						<Position>
							<LatitudeDegrees>46.63983</LatitudeDegrees>
							<LongitudeDegrees>13.847221</LongitudeDegrees>
						</Position>
						<AltitudeMeters>700.3</AltitudeMeters>
						<DistanceMeters>4602.745889</DistanceMeters>
						<HeartRateBpm>
							<Value>147</Value>
						</HeartRateBpm>
						<Cadence>65</Cadence>
						<Extensions>
							<ns3:TPX>
								<ns3:Speed>3.937267</ns3:Speed>
								<ns3:Watts>287</ns3:Watts>
							</ns3:TPX>
						</Extensions>
					</Trackpoint>
					<Trackpoint>
						<Time>2026-02-22T11:11:06Z</Time>
						<Position>
							<LatitudeDegrees>46.639857</LatitudeDegrees>
							<LongitudeDegrees>13.847186</LongitudeDegrees>
						</Position>
						<AltitudeMeters>700.7</AltitudeMeters>
						<DistanceMeters>4604.755076</DistanceMeters>
						<HeartRateBpm>
							<Value>147</Value>
						</HeartRateBpm>
						<Cadence>65</Cadence>
						<Extensions>
							<ns3:TPX>
								<ns3:Speed>3.934867</ns3:Speed>
								<ns3:Watts>287</ns3:Watts>
							</ns3:TPX>
						</Extensions>
					</Trackpoint>
					<Trackpoint>
						<Time>2026-02-22T11:11:07Z</Time>
						<Position>
							<LatitudeDegrees>46.639896</LatitudeDegrees>
							<LongitudeDegrees>13.847133</LongitudeDegrees>
						</Position>
						<AltitudeMeters>701.4</AltitudeMeters>
						<DistanceMeters>4607.718626</DistanceMeters>
						<HeartRateBpm>
							<Value>147</Value>
						</HeartRateBpm>
						<Cadence>63</Cadence>
						<Extensions>
							<ns3:TPX>
								<ns3:Speed>3.9304</ns3:Speed>
								<ns3:Watts>272</ns3:Watts>
							</ns3:TPX>
						</Extensions>
					</Trackpoint>
					<Trackpoint>
						<Time>2026-02-22T11:11:08Z</Time>
						<Position>
							<LatitudeDegrees>46.639896</LatitudeDegrees>
							<LongitudeDegrees>13.847133</LongitudeDegrees>
						</Position>
						<AltitudeMeters>701.4</AltitudeMeters>
						<DistanceMeters>4623.641433</DistanceMeters>
						<HeartRateBpm>
							<Value>145</Value>
						</HeartRateBpm>
						<Cadence>63</Cadence>
						<Extensions>
							<ns3:TPX>
								<ns3:Speed>3.929333</ns3:Speed>
								<ns3:Watts>272</ns3:Watts>
							</ns3:TPX>
						</Extensions>
					</Trackpoint>
					<Trackpoint>
						<Time>2026-02-22T11:11:09Z</Time>
						<Position>
							<LatitudeDegrees>46.639933</LatitudeDegrees>
							<LongitudeDegrees>13.847079</LongitudeDegrees>
						</Position>
						<AltitudeMeters>702.1</AltitudeMeters>
						<DistanceMeters>4626.554754</DistanceMeters>
						<HeartRateBpm>
							<Value>145</Value>
						</HeartRateBpm>
						<Cadence>64</Cadence>
						<Extensions>
							<ns3:TPX>
								<ns3:Speed>3.928533</ns3:Speed>
								<ns3:Watts>279</ns3:Watts>
							</ns3:TPX>
						</Extensions>
					</Trackpoint>
					<Trackpoint>
						<Time>2026-02-22T11:11:10Z</Time>
						<Position>
							<LatitudeDegrees>46.639964</LatitudeDegrees>
							<LongitudeDegrees>13.847018</LongitudeDegrees>
						</Position>
						<AltitudeMeters>702.7</AltitudeMeters>
						<DistanceMeters>4629.468075</DistanceMeters>
						<HeartRateBpm>
							<Value>145</Value>
						</HeartRateBpm>
						<Cadence>63</Cadence>
						<Extensions>
							<ns3:TPX>
								<ns3:Speed>3.924867</ns3:Speed>
								<ns3:Watts>272</ns3:Watts>
							</ns3:TPX>
						</Extensions>
					</Trackpoint>
					<Trackpoint>
						<Time>2026-02-22T11:11:11Z</Time>
						<Position>
							<LatitudeDegrees>46.639964</LatitudeDegrees>
							<LongitudeDegrees>13.847018</LongitudeDegrees>
						</Position>
						<AltitudeMeters>702.7</AltitudeMeters>
						<DistanceMeters>4635.294717</DistanceMeters>
						<HeartRateBpm>
							<Value>145</Value>
						</HeartRateBpm>
						<Cadence>63</Cadence>
						<Extensions>
							<ns3:TPX>
								<ns3:Speed>3.9232</ns3:Speed>
								<ns3:Watts>272</ns3:Watts>
							</ns3:TPX>
						</Extensions>
					</Trackpoint>
					<Trackpoint>
						<Time>2026-02-22T11:11:12Z</Time>
						<Position>
							<LatitudeDegrees>46.639996</LatitudeDegrees>
							<LongitudeDegrees>13.846958</LongitudeDegrees>
						</Position>
						<AltitudeMeters>703.4</AltitudeMeters>
						<DistanceMeters>4638.208038</DistanceMeters>
						<HeartRateBpm>
							<Value>145</Value>
						</HeartRateBpm>
						<Cadence>64</Cadence>
						<Extensions>
							<ns3:TPX>
								<ns3:Speed>3.919333</ns3:Speed>
								<ns3:Watts>279</ns3:Watts>
							</ns3:TPX>
						</Extensions>
					</Trackpoint>
					<Trackpoint>
						<Time>2026-02-22T11:11:13Z</Time>
						<Position>
							<LatitudeDegrees>46.640016</LatitudeDegrees>
							<LongitudeDegrees>13.846917</LongitudeDegrees>
						</Position>
						<AltitudeMeters>703.8</AltitudeMeters>
						<DistanceMeters>4640.166995</DistanceMeters>
						<HeartRateBpm>
							<Value>145</Value>
						</HeartRateBpm>
						<Cadence>65</Cadence>
						<Extensions>
							<ns3:TPX>
								<ns3:Speed>3.917333</ns3:Speed>
								<ns3:Watts>287</ns3:Watts>
							</ns3:TPX>
						</Extensions>
					</Trackpoint>
					<Trackpoint>
						<Time>2026-02-22T11:11:14Z</Time>
						<Position>
							<LatitudeDegrees>46.640047</LatitudeDegrees>
							<LongitudeDegrees>13.846856</LongitudeDegrees>
						</Position>
						<AltitudeMeters>704.5</AltitudeMeters>
						<DistanceMeters>4643.080317</DistanceMeters>
						<HeartRateBpm>
							<Value>146</Value>
						</HeartRateBpm>
						<Cadence>64</Cadence>
						<Extensions>
							<ns3:TPX>
								<ns3:Speed>3.915</ns3:Speed>
								<ns3:Watts>279</ns3:Watts>
							</ns3:TPX>
						</Extensions>
					</Trackpoint>
					<Trackpoint>
						<Time>2026-02-22T11:11:15Z</Time>
						<Position>
							<LatitudeDegrees>46.640068</LatitudeDegrees>
							<LongitudeDegrees>13.846814</LongitudeDegrees>
						</Position>
						<AltitudeMeters>705</AltitudeMeters>
						<DistanceMeters>4645.089503</DistanceMeters>
						<HeartRateBpm>
							<Value>146</Value>
						</HeartRateBpm>
						<Cadence>65</Cadence>
						<Extensions>
							<ns3:TPX>
								<ns3:Speed>3.9166</ns3:Speed>
								<ns3:Watts>287</ns3:Watts>
							</ns3:TPX>
						</Extensions>
					</Trackpoint>
					<Trackpoint>
						<Time>2026-02-22T11:11:17Z</Time>
						<Position>
							<LatitudeDegrees>46.6401</LatitudeDegrees>
							<LongitudeDegrees>13.846752</LongitudeDegrees>
						</Position>
						<AltitudeMeters>705.7</AltitudeMeters>
						<DistanceMeters>4648.053054</DistanceMeters>
						<HeartRateBpm>
							<Value>146</Value>
						</HeartRateBpm>
						<Cadence>65</Cadence>
						<Extensions>
							<ns3:TPX>
								<ns3:Speed>3.9216</ns3:Speed>
								<ns3:Watts>287</ns3:Watts>
							</ns3:TPX>
						</Extensions>
					</Trackpoint>
					<Trackpoint>
						<Time>2026-02-22T11:11:18Z</Time>
						<Position>
							<LatitudeDegrees>46.640132</LatitudeDegrees>
							<LongitudeDegrees>13.846689</LongitudeDegrees>
						</Position>
						<AltitudeMeters>706.3</AltitudeMeters>
						<DistanceMeters>4651.117064</DistanceMeters>
						<HeartRateBpm>
							<Value>146</Value>
						</HeartRateBpm>
						<Cadence>64</Cadence>
						<Extensions>
							<ns3:TPX>
								<ns3:Speed>3.920933</ns3:Speed>
								<ns3:Watts>279</ns3:Watts>
							</ns3:TPX>
						</Extensions>
					</Trackpoint>
					<Trackpoint>
						<Time>2026-02-22T11:11:19Z</Time>
						<Position>
							<LatitudeDegrees>46.640132</LatitudeDegrees>
							<LongitudeDegrees>13.846689</LongitudeDegrees>
						</Position>
						<AltitudeMeters>706.3</AltitudeMeters>
						<DistanceMeters>4666.939411</DistanceMeters>
						<HeartRateBpm>
							<Value>145</Value>
						</HeartRateBpm>
						<Cadence>64</Cadence>
						<Extensions>
							<ns3:TPX>
								<ns3:Speed>3.916733</ns3:Speed>
								<ns3:Watts>279</ns3:Watts>
							</ns3:TPX>
						</Extensions>
					</Trackpoint>
					<Trackpoint>
						<Time>2026-02-22T11:11:20Z</Time>
						<Position>
							<LatitudeDegrees>46.640163</LatitudeDegrees>
							<LongitudeDegrees>13.846627</LongitudeDegrees>
						</Position>
						<AltitudeMeters>707</AltitudeMeters>
						<DistanceMeters>4669.802503</DistanceMeters>
						<HeartRateBpm>
							<Value>145</Value>
						</HeartRateBpm>
						<Cadence>65</Cadence>
						<Extensions>
							<ns3:TPX>
								<ns3:Speed>3.9116</ns3:Speed>
								<ns3:Watts>287</ns3:Watts>
							</ns3:TPX>
						</Extensions>
					</Trackpoint>
					<Trackpoint>
						<Time>2026-02-22T11:11:21Z</Time>
						<Position>
							<LatitudeDegrees>46.640184</LatitudeDegrees>
							<LongitudeDegrees>13.846586</LongitudeDegrees>
						</Position>
						<AltitudeMeters>707.5</AltitudeMeters>
						<DistanceMeters>4671.81169</DistanceMeters>
						<HeartRateBpm>
							<Value>145</Value>
						</HeartRateBpm>
						<Cadence>64</Cadence>
						<Extensions>
							<ns3:TPX>
								<ns3:Speed>3.906667</ns3:Speed>
								<ns3:Watts>279</ns3:Watts>
							</ns3:TPX>
						</Extensions>
					</Trackpoint>
					<Trackpoint>
						<Time>2026-02-22T11:11:22Z</Time>
						<Position>
							<LatitudeDegrees>46.640215</LatitudeDegrees>
							<LongitudeDegrees>13.846524</LongitudeDegrees>
						</Position>
						<AltitudeMeters>708.1</AltitudeMeters>
						<DistanceMeters>4674.725011</DistanceMeters>
						<HeartRateBpm>
							<Value>145</Value>
						</HeartRateBpm>
						<Cadence>62</Cadence>
						<Extensions>
							<ns3:TPX>
								<ns3:Speed>3.894467</ns3:Speed>
								<ns3:Watts>265</ns3:Watts>
							</ns3:TPX>
						</Extensions>
					</Trackpoint>
					<Trackpoint>
						<Time>2026-02-22T11:11:24Z</Time>
						<Position>
							<LatitudeDegrees>46.640242</LatitudeDegrees>
							<LongitudeDegrees>13.846461</LongitudeDegrees>
						</Position>
						<AltitudeMeters>708.8</AltitudeMeters>
						<DistanceMeters>4677.588102</DistanceMeters>
						<HeartRateBpm>
							<Value>146</Value>
						</HeartRateBpm>
						<Cadence>66</Cadence>
						<Extensions>
							<ns3:TPX>
								<ns3:Speed>3.890733</ns3:Speed>
								<ns3:Watts>294</ns3:Watts>
							</ns3:TPX>
						</Extensions>
					</Trackpoint>
					<Trackpoint>
						<Time>2026-02-22T11:11:25Z</Time>
						<Position>
							<LatitudeDegrees>46.640255</LatitudeDegrees>
							<LongitudeDegrees>13.846414</LongitudeDegrees>
						</Position>
						<AltitudeMeters>709.3</AltitudeMeters>
						<DistanceMeters>4679.547059</DistanceMeters>
						<HeartRateBpm>
							<Value>146</Value>
						</HeartRateBpm>
						<Cadence>67</Cadence>
						<Extensions>
							<ns3:TPX>
								<ns3:Speed>3.891733</ns3:Speed>
								<ns3:Watts>301</ns3:Watts>
							</ns3:TPX>
						</Extensions>
					</Trackpoint>
					<Trackpoint>
						<Time>2026-02-22T11:11:26Z</Time>
						<Position>
							<LatitudeDegrees>46.640274</LatitudeDegrees>
							<LongitudeDegrees>13.846342</LongitudeDegrees>
						</Position>
						<AltitudeMeters>710.1</AltitudeMeters>
						<DistanceMeters>4682.51061</DistanceMeters>
						<HeartRateBpm>
							<Value>146</Value>
						</HeartRateBpm>
						<Cadence>66</Cadence>
						<Extensions>
							<ns3:TPX>
								<ns3:Speed>3.896067</ns3:Speed>
								<ns3:Watts>294</ns3:Watts>
							</ns3:TPX>
						</Extensions>
					</Trackpoint>
					<Trackpoint>
						<Time>2026-02-22T11:11:27Z</Time>
						<Position>
							<LatitudeDegrees>46.640287</LatitudeDegrees>
							<LongitudeDegrees>13.846292</LongitudeDegrees>
						</Position>
						<AltitudeMeters>710.7</AltitudeMeters>
						<DistanceMeters>4684.519797</DistanceMeters>
						<HeartRateBpm>
							<Value>146</Value>
						</HeartRateBpm>
						<Cadence>68</Cadence>
						<Extensions>
							<ns3:TPX>
								<ns3:Speed>3.907533</ns3:Speed>
								<ns3:Watts>308</ns3:Watts>
							</ns3:TPX>
						</Extensions>
					</Trackpoint>
					<Trackpoint>
						<Time>2026-02-22T11:11:28Z</Time>
						<Position>
							<LatitudeDegrees>46.6403</LatitudeDegrees>
							<LongitudeDegrees>13.846244</LongitudeDegrees>
						</Position>
						<AltitudeMeters>711.2</AltitudeMeters>
						<DistanceMeters>4686.528984</DistanceMeters>
						<HeartRateBpm>
							<Value>146</Value>
						</HeartRateBpm>
						<Cadence>69</Cadence>
						<Extensions>
							<ns3:TPX>
								<ns3:Speed>3.9234</ns3:Speed>
								<ns3:Watts>315</ns3:Watts>
							</ns3:TPX>
						</Extensions>
					</Trackpoint>
					<Trackpoint>
						<Time>2026-02-22T11:11:29Z</Time>
						<Position>
							<LatitudeDegrees>46.6403</LatitudeDegrees>
							<LongitudeDegrees>13.846244</LongitudeDegrees>
						</Position>
						<AltitudeMeters>711.2</AltitudeMeters>
						<DistanceMeters>4706.118557</DistanceMeters>
						<HeartRateBpm>
							<Value>146</Value>
						</HeartRateBpm>
						<Cadence>69</Cadence>
						<Extensions>
							<ns3:TPX>
								<ns3:Speed>3.938267</ns3:Speed>
								<ns3:Watts>315</ns3:Watts>
							</ns3:TPX>
						</Extensions>
					</Trackpoint>
					<Trackpoint>
						<Time>2026-02-22T11:11:30Z</Time>
						<Position>
							<LatitudeDegrees>46.640323</LatitudeDegrees>
							<LongitudeDegrees>13.846172</LongitudeDegrees>
						</Position>
						<AltitudeMeters>712.2</AltitudeMeters>
						<DistanceMeters>4709.182567</DistanceMeters>
						<HeartRateBpm>
							<Value>146</Value>
						</HeartRateBpm>
						<Cadence>66</Cadence>
						<Extensions>
							<ns3:TPX>
								<ns3:Speed>3.947067</ns3:Speed>
								<ns3:Watts>294</ns3:Watts>
							</ns3:TPX>
						</Extensions>
					</Trackpoint>
					<Trackpoint>
						<Time>2026-02-22T11:11:31Z</Time>
						<Position>
							<LatitudeDegrees>46.640342</LatitudeDegrees>
							<LongitudeDegrees>13.846128</LongitudeDegrees>
						</Position>
						<AltitudeMeters>712.8</AltitudeMeters>
						<DistanceMeters>4711.191754</DistanceMeters>
						<HeartRateBpm>
							<Value>146</Value>
						</HeartRateBpm>
						<Cadence>66</Cadence>
						<Extensions>
							<ns3:TPX>
								<ns3:Speed>3.952333</ns3:Speed>
								<ns3:Watts>294</ns3:Watts>
							</ns3:TPX>
						</Extensions>
					</Trackpoint>
					<Trackpoint>
						<Time>2026-02-22T11:11:32Z</Time>
						<Position>
							<LatitudeDegrees>46.640373</LatitudeDegrees>
							<LongitudeDegrees>13.846066</LongitudeDegrees>
						</Position>
						<AltitudeMeters>713.8</AltitudeMeters>
						<DistanceMeters>4714.155304</DistanceMeters>
						<HeartRateBpm>
							<Value>146</Value>
						</HeartRateBpm>
						<Cadence>66</Cadence>
						<Extensions>
							<ns3:TPX>
								<ns3:Speed>3.952467</ns3:Speed>
								<ns3:Watts>294</ns3:Watts>
							</ns3:TPX>
						</Extensions>
					</Trackpoint>
					<Trackpoint>
						<Time>2026-02-22T11:11:34Z</Time>
						<Position>
							<LatitudeDegrees>46.64042</LatitudeDegrees>
							<LongitudeDegrees>13.846032</LongitudeDegrees>
						</Position>
						<AltitudeMeters>714.9</AltitudeMeters>
						<DistanceMeters>4717.068625</DistanceMeters>
						<HeartRateBpm>
							<Value>147</Value>
						</HeartRateBpm>
						<Cadence>66</Cadence>
						<Extensions>
							<ns3:TPX>
								<ns3:Speed>3.947333</ns3:Speed>
								<ns3:Watts>294</ns3:Watts>
							</ns3:TPX>
						</Extensions>
					</Trackpoint>
					<Trackpoint>
						<Time>2026-02-22T11:11:35Z</Time>
						<Position>
							<LatitudeDegrees>46.640452</LatitudeDegrees>
							<LongitudeDegrees>13.846009</LongitudeDegrees>
						</Position>
						<AltitudeMeters>715.7</AltitudeMeters>
						<DistanceMeters>4719.027583</DistanceMeters>
						<HeartRateBpm>
							<Value>147</Value>
						</HeartRateBpm>
						<Cadence>67</Cadence>
						<Extensions>
							<ns3:TPX>
								<ns3:Speed>3.9456</ns3:Speed>
								<ns3:Watts>301</ns3:Watts>
							</ns3:TPX>
						</Extensions>
					</Trackpoint>
					<Trackpoint>
						<Time>2026-02-22T11:11:36Z</Time>
						<Position>
							<LatitudeDegrees>46.640502</LatitudeDegrees>
							<LongitudeDegrees>13.846021</LongitudeDegrees>
						</Position>
						<AltitudeMeters>716.7</AltitudeMeters>
						<DistanceMeters>4721.991133</DistanceMeters>
						<HeartRateBpm>
							<Value>147</Value>
						</HeartRateBpm>
						<Cadence>67</Cadence>
						<Extensions>
							<ns3:TPX>
								<ns3:Speed>3.945267</ns3:Speed>
								<ns3:Watts>301</ns3:Watts>
							</ns3:TPX>
						</Extensions>
					</Trackpoint>
					<Trackpoint>
						<Time>2026-02-22T11:11:37Z</Time>
						<Position>
							<LatitudeDegrees>46.640502</LatitudeDegrees>
							<LongitudeDegrees>13.846021</LongitudeDegrees>
						</Position>
						<AltitudeMeters>716.7</AltitudeMeters>
						<DistanceMeters>4737.86371</DistanceMeters>
						<HeartRateBpm>
							<Value>147</Value>
						</HeartRateBpm>
						<Cadence>67</Cadence>
						<Extensions>
							<ns3:TPX>
								<ns3:Speed>3.944067</ns3:Speed>
								<ns3:Watts>301</ns3:Watts>
							</ns3:TPX>
						</Extensions>
					</Trackpoint>
					<Trackpoint>
						<Time>2026-02-22T11:11:38Z</Time>
						<Position>
							<LatitudeDegrees>46.640554</LatitudeDegrees>
							<LongitudeDegrees>13.846039</LongitudeDegrees>
						</Position>
						<AltitudeMeters>717.7</AltitudeMeters>
						<DistanceMeters>4740.827261</DistanceMeters>
						<HeartRateBpm>
							<Value>148</Value>
						</HeartRateBpm>
						<Cadence>67</Cadence>
						<Extensions>
							<ns3:TPX>
								<ns3:Speed>3.945267</ns3:Speed>
								<ns3:Watts>301</ns3:Watts>
							</ns3:TPX>
						</Extensions>
					</Trackpoint>
					<Trackpoint>
						<Time>2026-02-22T11:11:39Z</Time>
						<Position>
							<LatitudeDegrees>46.640599</LatitudeDegrees>
							<LongitudeDegrees>13.84608</LongitudeDegrees>
						</Position>
						<AltitudeMeters>718.4</AltitudeMeters>
						<DistanceMeters>4743.841041</DistanceMeters>
						<HeartRateBpm>
							<Value>148</Value>
						</HeartRateBpm>
						<Cadence>69</Cadence>
						<Extensions>
							<ns3:TPX>
								<ns3:Speed>3.96</ns3:Speed>
								<ns3:Watts>315</ns3:Watts>
							</ns3:TPX>
						</Extensions>
					</Trackpoint>
					<Trackpoint>
						<Time>2026-02-22T11:11:40Z</Time>
						<Position>
							<LatitudeDegrees>46.64063</LatitudeDegrees>
							<LongitudeDegrees>13.846109</LongitudeDegrees>
						</Position>
						<AltitudeMeters>719</AltitudeMeters>
						<DistanceMeters>4745.900458</DistanceMeters>
						<HeartRateBpm>
							<Value>148</Value>
						</HeartRateBpm>
						<Cadence>69</Cadence>
						<Extensions>
							<ns3:TPX>
								<ns3:Speed>3.9758</ns3:Speed>
								<ns3:Watts>315</ns3:Watts>
							</ns3:TPX>
						</Extensions>
					</Trackpoint>
					<Trackpoint>
						<Time>2026-02-22T11:11:41Z</Time>
						<Position>
							<LatitudeDegrees>46.640655</LatitudeDegrees>
							<LongitudeDegrees>13.846146</LongitudeDegrees>
						</Position>
						<AltitudeMeters>719.4</AltitudeMeters>
						<DistanceMeters>4747.959874</DistanceMeters>
						<HeartRateBpm>
							<Value>148</Value>
						</HeartRateBpm>
						<Cadence>69</Cadence>
						<Extensions>
							<ns3:TPX>
								<ns3:Speed>3.990333</ns3:Speed>
								<ns3:Watts>315</ns3:Watts>
							</ns3:TPX>
						</Extensions>
					</Trackpoint>
					<Trackpoint>
						<Time>2026-02-22T11:11:42Z</Time>
						<Position>
							<LatitudeDegrees>46.640677</LatitudeDegrees>
							<LongitudeDegrees>13.84619</LongitudeDegrees>
						</Position>
						<AltitudeMeters>719.8</AltitudeMeters>
						<DistanceMeters>4750.069521</DistanceMeters>
						<HeartRateBpm>
							<Value>148</Value>
						</HeartRateBpm>
						<Cadence>69</Cadence>
						<Extensions>
							<ns3:TPX>
								<ns3:Speed>4.005933</ns3:Speed>
								<ns3:Watts>315</ns3:Watts>
							</ns3:TPX>
						</Extensions>
					</Trackpoint>
					<Trackpoint>
						<Time>2026-02-22T11:11:43Z</Time>
						<Position>
							<LatitudeDegrees>46.640699</LatitudeDegrees>
							<LongitudeDegrees>13.846235</LongitudeDegrees>
						</Position>
						<AltitudeMeters>720.2</AltitudeMeters>
						<DistanceMeters>4752.179167</DistanceMeters>
						<HeartRateBpm>
							<Value>148</Value>
						</HeartRateBpm>
						<Cadence>69</Cadence>
						<Extensions>
							<ns3:TPX>
								<ns3:Speed>4.020533</ns3:Speed>
								<ns3:Watts>315</ns3:Watts>
							</ns3:TPX>
						</Extensions>
					</Trackpoint>
					<Trackpoint>
						<Time>2026-02-22T11:11:44Z</Time>
						<Position>
							<LatitudeDegrees>46.640724</LatitudeDegrees>
							<LongitudeDegrees>13.846276</LongitudeDegrees>
						</Position>
						<AltitudeMeters>720.4</AltitudeMeters>
						<DistanceMeters>4754.339043</DistanceMeters>
						<HeartRateBpm>
							<Value>148</Value>
						</HeartRateBpm>
						<Cadence>69</Cadence>
						<Extensions>
							<ns3:TPX>
								<ns3:Speed>4.0342</ns3:Speed>
								<ns3:Watts>315</ns3:Watts>
							</ns3:TPX>
						</Extensions>
					</Trackpoint>
					<Trackpoint>
						<Time>2026-02-22T11:11:45Z</Time>
						<Position>
							<LatitudeDegrees>46.640724</LatitudeDegrees>
							<LongitudeDegrees>13.846276</LongitudeDegrees>
						</Position>
						<AltitudeMeters>720.4</AltitudeMeters>
						<DistanceMeters>4770.814376</DistanceMeters>
						<HeartRateBpm>
							<Value>149</Value>
						</HeartRateBpm>
						<Cadence>69</Cadence>
						<Extensions>
							<ns3:TPX>
								<ns3:Speed>4.047867</ns3:Speed>
								<ns3:Watts>315</ns3:Watts>
							</ns3:TPX>
						</Extensions>
					</Trackpoint>
					<Trackpoint>
						<Time>2026-02-22T11:11:46Z</Time>
						<Position>
							<LatitudeDegrees>46.640765</LatitudeDegrees>
							<LongitudeDegrees>13.846337</LongitudeDegrees>
						</Position>
						<AltitudeMeters>720.9</AltitudeMeters>
						<DistanceMeters>4774.029075</DistanceMeters>
						<HeartRateBpm>
							<Value>149</Value>
						</HeartRateBpm>
						<Cadence>66</Cadence>
						<Extensions>
							<ns3:TPX>
								<ns3:Speed>4.065467</ns3:Speed>
								<ns3:Watts>294</ns3:Watts>
							</ns3:TPX>
						</Extensions>
					</Trackpoint>
					<Trackpoint>
						<Time>2026-02-22T11:11:47Z</Time>
						<Position>
							<LatitudeDegrees>46.640813</LatitudeDegrees>
							<LongitudeDegrees>13.846382</LongitudeDegrees>
						</Position>
						<AltitudeMeters>721.2</AltitudeMeters>
						<DistanceMeters>4777.243774</DistanceMeters>
						<HeartRateBpm>
							<Value>149</Value>
						</HeartRateBpm>
						<Cadence>68</Cadence>
						<Extensions>
							<ns3:TPX>
								<ns3:Speed>4.0904</ns3:Speed>
								<ns3:Watts>308</ns3:Watts>
							</ns3:TPX>
						</Extensions>
					</Trackpoint>
					<Trackpoint>
						<Time>2026-02-22T11:11:48Z</Time>
						<Position>
							<LatitudeDegrees>46.640813</LatitudeDegrees>
							<LongitudeDegrees>13.846382</LongitudeDegrees>
						</Position>
						<AltitudeMeters>721.2</AltitudeMeters>
						<DistanceMeters>4783.673172</DistanceMeters>
						<HeartRateBpm>
							<Value>149</Value>
						</HeartRateBpm>
						<Cadence>68</Cadence>
						<Extensions>
							<ns3:TPX>
								<ns3:Speed>4.118333</ns3:Speed>
								<ns3:Watts>308</ns3:Watts>
							</ns3:TPX>
						</Extensions>
					</Trackpoint>
					<Trackpoint>
						<Time>2026-02-22T11:11:49Z</Time>
						<Position>
							<LatitudeDegrees>46.640865</LatitudeDegrees>
							<LongitudeDegrees>13.846423</LongitudeDegrees>
						</Position>
						<AltitudeMeters>721.6</AltitudeMeters>
						<DistanceMeters>4787.03856</DistanceMeters>
						<HeartRateBpm>
							<Value>149</Value>
						</HeartRateBpm>
						<Cadence>69</Cadence>
						<Extensions>
							<ns3:TPX>
								<ns3:Speed>4.156733</ns3:Speed>
								<ns3:Watts>315</ns3:Watts>
							</ns3:TPX>
						</Extensions>
					</Trackpoint>
					<Trackpoint>
						<Time>2026-02-22T11:11:50Z</Time>
						<Position>
							<LatitudeDegrees>46.64092</LatitudeDegrees>
							<LongitudeDegrees>13.846461</LongitudeDegrees>
						</Position>
						<AltitudeMeters>722.1</AltitudeMeters>
						<DistanceMeters>4790.454178</DistanceMeters>
						<HeartRateBpm>
							<Value>148</Value>
						</HeartRateBpm>
						<Cadence>69</Cadence>
						<Extensions>
							<ns3:TPX>
								<ns3:Speed>4.2042</ns3:Speed>
								<ns3:Watts>315</ns3:Watts>
							</ns3:TPX>
						</Extensions>
					</Trackpoint>
					<Trackpoint>
						<Time>2026-02-22T11:11:51Z</Time>
						<Position>
							<LatitudeDegrees>46.640958</LatitudeDegrees>
							<LongitudeDegrees>13.846486</LongitudeDegrees>
						</Position>
						<AltitudeMeters>722.4</AltitudeMeters>
						<DistanceMeters>4792.814973</DistanceMeters>
						<HeartRateBpm>
							<Value>148</Value>
						</HeartRateBpm>
						<Cadence>68</Cadence>
						<Extensions>
							<ns3:TPX>
								<ns3:Speed>4.252533</ns3:Speed>
								<ns3:Watts>308</ns3:Watts>
							</ns3:TPX>
						</Extensions>
					</Trackpoint>
					<Trackpoint>
						<Time>2026-02-22T11:11:53Z</Time>
						<Position>
							<LatitudeDegrees>46.641017</LatitudeDegrees>
							<LongitudeDegrees>13.846514</LongitudeDegrees>
						</Position>
						<AltitudeMeters>723</AltitudeMeters>
						<DistanceMeters>4796.28082</DistanceMeters>
						<HeartRateBpm>
							<Value>148</Value>
						</HeartRateBpm>
						<Cadence>66</Cadence>
						<Extensions>
							<ns3:TPX>
								<ns3:Speed>4.297133</ns3:Speed>
								<ns3:Watts>294</ns3:Watts>
							</ns3:TPX>
						</Extensions>
					</Trackpoint>
					<Trackpoint>
						<Time>2026-02-22T11:11:54Z</Time>
						<Position>
							<LatitudeDegrees>46.641077</LatitudeDegrees>
							<LongitudeDegrees>13.846535</LongitudeDegrees>
						</Position>
						<AltitudeMeters>723.6</AltitudeMeters>
						<DistanceMeters>4799.746668</DistanceMeters>
						<HeartRateBpm>
							<Value>148</Value>
						</HeartRateBpm>
						<Cadence>67</Cadence>
						<Extensions>
							<ns3:TPX>
								<ns3:Speed>4.341533</ns3:Speed>
								<ns3:Watts>301</ns3:Watts>
							</ns3:TPX>
						</Extensions>
					</Trackpoint>
					<Trackpoint>
						<Time>2026-02-22T11:11:55Z</Time>
						<Position>
							<LatitudeDegrees>46.641118</LatitudeDegrees>
							<LongitudeDegrees>13.846539</LongitudeDegrees>
						</Position>
						<AltitudeMeters>724.1</AltitudeMeters>
						<DistanceMeters>4802.057233</DistanceMeters>
						<HeartRateBpm>
							<Value>148</Value>
						</HeartRateBpm>
						<Cadence>67</Cadence>
						<Extensions>
							<ns3:TPX>
								<ns3:Speed>4.3808</ns3:Speed>
								<ns3:Watts>301</ns3:Watts>
							</ns3:TPX>
						</Extensions>
					</Trackpoint>
					<Trackpoint>
						<Time>2026-02-22T11:11:57Z</Time>
						<Position>
							<LatitudeDegrees>46.64118</LatitudeDegrees>
							<LongitudeDegrees>13.846541</LongitudeDegrees>
						</Position>
						<AltitudeMeters>724.8</AltitudeMeters>
						<DistanceMeters>4805.47285</DistanceMeters>
						<HeartRateBpm>
							<Value>148</Value>
						</HeartRateBpm>
						<Cadence>65</Cadence>
						<Extensions>
							<ns3:TPX>
								<ns3:Speed>4.410667</ns3:Speed>
								<ns3:Watts>287</ns3:Watts>
							</ns3:TPX>
						</Extensions>
					</Trackpoint>
					<Trackpoint>
						<Time>2026-02-22T11:11:58Z</Time>
						<Position>
							<LatitudeDegrees>46.641241</LatitudeDegrees>
							<LongitudeDegrees>13.846536</LongitudeDegrees>
						</Position>
						<AltitudeMeters>725.4</AltitudeMeters>
						<DistanceMeters>4808.838239</DistanceMeters>
						<HeartRateBpm>
							<Value>148</Value>
						</HeartRateBpm>
						<Cadence>66</Cadence>
						<Extensions>
							<ns3:TPX>
								<ns3:Speed>4.433733</ns3:Speed>
								<ns3:Watts>294</ns3:Watts>
							</ns3:TPX>
						</Extensions>
					</Trackpoint>
					<Trackpoint>
						<Time>2026-02-22T11:11:59Z</Time>
						<Position>
							<LatitudeDegrees>46.64128</LatitudeDegrees>
							<LongitudeDegrees>13.846526</LongitudeDegrees>
						</Position>
						<AltitudeMeters>725.9</AltitudeMeters>
						<DistanceMeters>4811.098574</DistanceMeters>
						<HeartRateBpm>
							<Value>148</Value>
						</HeartRateBpm>
						<Cadence>65</Cadence>
						<Extensions>
							<ns3:TPX>
								<ns3:Speed>4.449867</ns3:Speed>
								<ns3:Watts>287</ns3:Watts>
							</ns3:TPX>
						</Extensions>
					</Trackpoint>
					<Trackpoint>
						<Time>2026-02-22T11:12:00Z</Time>
						<Position>
							<LatitudeDegrees>46.641316</LatitudeDegrees>
							<LongitudeDegrees>13.846502</LongitudeDegrees>
						</Position>
						<AltitudeMeters>726.3</AltitudeMeters>
						<DistanceMeters>4813.30868</DistanceMeters>
						<HeartRateBpm>
							<Value>148</Value>
						</HeartRateBpm>
						<Cadence>64</Cadence>
						<Extensions>
							<ns3:TPX>
								<ns3:Speed>4.457333</ns3:Speed>
								<ns3:Watts>279</ns3:Watts>
							</ns3:TPX>
						</Extensions>
					</Trackpoint>
					<Trackpoint>
						<Time>2026-02-22T11:12:02Z</Time>
						<Position>
							<LatitudeDegrees>46.641368</LatitudeDegrees>
							<LongitudeDegrees>13.846465</LongitudeDegrees>
						</Position>
						<AltitudeMeters>726.9</AltitudeMeters>
						<DistanceMeters>4816.573608</DistanceMeters>
						<HeartRateBpm>
							<Value>148</Value>
						</HeartRateBpm>
						<Cadence>66</Cadence>
						<Extensions>
							<ns3:TPX>
								<ns3:Speed>4.461933</ns3:Speed>
								<ns3:Watts>294</ns3:Watts>
							</ns3:TPX>
						</Extensions>
					</Trackpoint>
					<Trackpoint>
						<Time>2026-02-22T11:12:03Z</Time>
						<Position>
							<LatitudeDegrees>46.641395</LatitudeDegrees>
							<LongitudeDegrees>13.846424</LongitudeDegrees>
						</Position>
						<AltitudeMeters>727.3</AltitudeMeters>
						<DistanceMeters>4818.733484</DistanceMeters>
						<HeartRateBpm>
							<Value>148</Value>
						</HeartRateBpm>
						<Cadence>66</Cadence>
						<Extensions>
							<ns3:TPX>
								<ns3:Speed>4.468</ns3:Speed>
								<ns3:Watts>294</ns3:Watts>
							</ns3:TPX>
						</Extensions>
					</Trackpoint>
					<Trackpoint>
						<Time>2026-02-22T11:12:04Z</Time>
						<Position>
							<LatitudeDegrees>46.641435</LatitudeDegrees>
							<LongitudeDegrees>13.846361</LongitudeDegrees>
						</Position>
						<AltitudeMeters>728</AltitudeMeters>
						<DistanceMeters>4822.048643</DistanceMeters>
						<HeartRateBpm>
							<Value>148</Value>
						</HeartRateBpm>
						<Cadence>66</Cadence>
						<Extensions>
							<ns3:TPX>
								<ns3:Speed>4.4752</ns3:Speed>
								<ns3:Watts>294</ns3:Watts>
							</ns3:TPX>
						</Extensions>
					</Trackpoint>
					<Trackpoint>
						<Time>2026-02-22T11:12:05Z</Time>
						<Position>
							<LatitudeDegrees>46.641451</LatitudeDegrees>
							<LongitudeDegrees>13.846308</LongitudeDegrees>
						</Position>
						<AltitudeMeters>728.3</AltitudeMeters>
						<DistanceMeters>4824.258748</DistanceMeters>
						<HeartRateBpm>
							<Value>149</Value>
						</HeartRateBpm>
						<Cadence>65</Cadence>
						<Extensions>
							<ns3:TPX>
								<ns3:Speed>4.476467</ns3:Speed>
								<ns3:Watts>287</ns3:Watts>
							</ns3:TPX>
						</Extensions>
					</Trackpoint>
					<Trackpoint>
						<Time>2026-02-22T11:12:06Z</Time>
						<Position>
							<LatitudeDegrees>46.641451</LatitudeDegrees>
							<LongitudeDegrees>13.846308</LongitudeDegrees>
						</Position>
						<AltitudeMeters>728.3</AltitudeMeters>
						<DistanceMeters>4864.844324</DistanceMeters>
						<HeartRateBpm>
							<Value>149</Value>
						</HeartRateBpm>
						<Cadence>65</Cadence>
						<Extensions>
							<ns3:TPX>
								<ns3:Speed>4.477733</ns3:Speed>
								<ns3:Watts>287</ns3:Watts>
							</ns3:TPX>
						</Extensions>
					</Trackpoint>
					<Trackpoint>
						<Time>2026-02-22T11:12:07Z</Time>
						<Position>
							<LatitudeDegrees>46.641475</LatitudeDegrees>
							<LongitudeDegrees>13.84623</LongitudeDegrees>
						</Position>
						<AltitudeMeters>728.9</AltitudeMeters>
						<DistanceMeters>4868.159483</DistanceMeters>
						<HeartRateBpm>
							<Value>149</Value>
						</HeartRateBpm>
						<Cadence>66</Cadence>
						<Extensions>
							<ns3:TPX>
								<ns3:Speed>4.474533</ns3:Speed>
								<ns3:Watts>294</ns3:Watts>
							</ns3:TPX>
						</Extensions>
					</Trackpoint>
					<Trackpoint>
						<Time>2026-02-22T11:12:08Z</Time>
						<Position>
							<LatitudeDegrees>46.641505</LatitudeDegrees>
							<LongitudeDegrees>13.846153</LongitudeDegrees>
						</Position>
						<AltitudeMeters>729.4</AltitudeMeters>
						<DistanceMeters>4871.524871</DistanceMeters>
						<HeartRateBpm>
							<Value>149</Value>
						</HeartRateBpm>
						<Cadence>66</Cadence>
						<Extensions>
							<ns3:TPX>
								<ns3:Speed>4.4674</ns3:Speed>
								<ns3:Watts>294</ns3:Watts>
							</ns3:TPX>
						</Extensions>
					</Trackpoint>
					<Trackpoint>
						<Time>2026-02-22T11:12:10Z</Time>
						<Position>
							<LatitudeDegrees>46.641535</LatitudeDegrees>
							<LongitudeDegrees>13.846076</LongitudeDegrees>
						</Position>
						<AltitudeMeters>729.8</AltitudeMeters>
						<DistanceMeters>4874.990718</DistanceMeters>
						<HeartRateBpm>
							<Value>150</Value>
						</HeartRateBpm>
						<Cadence>67</Cadence>
						<Extensions>
							<ns3:TPX>
								<ns3:Speed>4.466133</ns3:Speed>
								<ns3:Watts>291</ns3:Watts>
							</ns3:TPX>
						</Extensions>
					</Trackpoint>
					<Trackpoint>
						<Time>2026-02-22T11:12:11Z</Time>
						<Position>
							<LatitudeDegrees>46.641568</LatitudeDegrees>
							<LongitudeDegrees>13.845997</LongitudeDegrees>
						</Position>
						<AltitudeMeters>730.2</AltitudeMeters>
						<DistanceMeters>4878.506796</DistanceMeters>
						<HeartRateBpm>
							<Value>150</Value>
						</HeartRateBpm>
						<Cadence>67</Cadence>
						<Extensions>
							<ns3:TPX>
								<ns3:Speed>4.474267</ns3:Speed>
								<ns3:Watts>291</ns3:Watts>
							</ns3:TPX>
						</Extensions>
					</Trackpoint>
					<Trackpoint>
						<Time>2026-02-22T11:12:12Z</Time>
						<Position>
							<LatitudeDegrees>46.641596</LatitudeDegrees>
							<LongitudeDegrees>13.845954</LongitudeDegrees>
						</Position>
						<AltitudeMeters>730.5</AltitudeMeters>
						<DistanceMeters>4880.91782</DistanceMeters>
						<HeartRateBpm>
							<Value>150</Value>
						</HeartRateBpm>
						<Cadence>67</Cadence>
						<Extensions>
							<ns3:TPX>
								<ns3:Speed>4.486933</ns3:Speed>
								<ns3:Watts>291</ns3:Watts>
							</ns3:TPX>
						</Extensions>
					</Trackpoint>
					<Trackpoint>
						<Time>2026-02-22T11:12:13Z</Time>
						<Position>
							<LatitudeDegrees>46.641633</LatitudeDegrees>
							<LongitudeDegrees>13.845921</LongitudeDegrees>
						</Position>
						<AltitudeMeters>730.7</AltitudeMeters>
						<DistanceMeters>4883.379074</DistanceMeters>
						<HeartRateBpm>
							<Value>150</Value>
						</HeartRateBpm>
						<Cadence>66</Cadence>
						<Extensions>
							<ns3:TPX>
								<ns3:Speed>4.498867</ns3:Speed>
								<ns3:Watts>274</ns3:Watts>
							</ns3:TPX>
						</Extensions>
					</Trackpoint>
					<Trackpoint>
						<Time>2026-02-22T11:12:15Z</Time>
						<Position>
							<LatitudeDegrees>46.641691</LatitudeDegrees>
							<LongitudeDegrees>13.84589</LongitudeDegrees>
						</Position>
						<AltitudeMeters>731.1</AltitudeMeters>
						<DistanceMeters>4886.945381</DistanceMeters>
						<HeartRateBpm>
							<Value>151</Value>
						</HeartRateBpm>
						<Cadence>67</Cadence>
						<Extensions>
							<ns3:TPX>
								<ns3:Speed>4.5178</ns3:Speed>
								<ns3:Watts>261</ns3:Watts>
							</ns3:TPX>
						</Extensions>
					</Trackpoint>
					<Trackpoint>
						<Time>2026-02-22T11:12:16Z</Time>
						<Position>
							<LatitudeDegrees>46.641757</LatitudeDegrees>
							<LongitudeDegrees>13.845889</LongitudeDegrees>
						</Position>
						<AltitudeMeters>731.4</AltitudeMeters>
						<DistanceMeters>4890.561917</DistanceMeters>
						<HeartRateBpm>
							<Value>151</Value>
						</HeartRateBpm>
						<Cadence>68</Cadence>
						<Extensions>
							<ns3:TPX>
								<ns3:Speed>4.544133</ns3:Speed>
								<ns3:Watts>256</ns3:Watts>
							</ns3:TPX>
						</Extensions>
					</Trackpoint>
					<Trackpoint>
						<Time>2026-02-22T11:12:17Z</Time>
						<Position>
							<LatitudeDegrees>46.6418</LatitudeDegrees>
							<LongitudeDegrees>13.845882</LongitudeDegrees>
						</Position>
						<AltitudeMeters>731.6</AltitudeMeters>
						<DistanceMeters>4893.073401</DistanceMeters>
						<HeartRateBpm>
							<Value>151</Value>
						</HeartRateBpm>
						<Cadence>70</Cadence>
						<Extensions>
							<ns3:TPX>
								<ns3:Speed>4.5778</ns3:Speed>
								<ns3:Watts>249</ns3:Watts>
							</ns3:TPX>
						</Extensions>
					</Trackpoint>
					<Trackpoint>
						<Time>2026-02-22T11:12:18Z</Time>
						<Position>
							<LatitudeDegrees>46.6418</LatitudeDegrees>
							<LongitudeDegrees>13.845882</LongitudeDegrees>
						</Position>
						<AltitudeMeters>731.6</AltitudeMeters>
						<DistanceMeters>4921.302477</DistanceMeters>
						<HeartRateBpm>
							<Value>151</Value>
						</HeartRateBpm>
						<Cadence>70</Cadence>
						<Extensions>
							<ns3:TPX>
								<ns3:Speed>4.616867</ns3:Speed>
								<ns3:Watts>249</ns3:Watts>
							</ns3:TPX>
						</Extensions>
					</Trackpoint>
					<Trackpoint>
						<Time>2026-02-22T11:12:19Z</Time>
						<Position>
							<LatitudeDegrees>46.641866</LatitudeDegrees>
							<LongitudeDegrees>13.845867</LongitudeDegrees>
						</Position>
						<AltitudeMeters>731.9</AltitudeMeters>
						<DistanceMeters>4925.069703</DistanceMeters>
						<HeartRateBpm>
							<Value>151</Value>
						</HeartRateBpm>
						<Cadence>69</Cadence>
						<Extensions>
							<ns3:TPX>
								<ns3:Speed>4.659333</ns3:Speed>
								<ns3:Watts>224</ns3:Watts>
							</ns3:TPX>
						</Extensions>
					</Trackpoint>
					<Trackpoint>
						<Time>2026-02-22T11:12:20Z</Time>
						<Position>
							<LatitudeDegrees>46.64193</LatitudeDegrees>
							<LongitudeDegrees>13.845837</LongitudeDegrees>
						</Position>
						<AltitudeMeters>732.1</AltitudeMeters>
						<DistanceMeters>4928.786699</DistanceMeters>
						<HeartRateBpm>
							<Value>151</Value>
						</HeartRateBpm>
						<Cadence>68</Cadence>
						<Extensions>
							<ns3:TPX>
								<ns3:Speed>4.700067</ns3:Speed>
								<ns3:Watts>211</ns3:Watts>
							</ns3:TPX>
						</Extensions>
					</Trackpoint>
					<Trackpoint>
						<Time>2026-02-22T11:12:21Z</Time>
						<Position>
							<LatitudeDegrees>46.641973</LatitudeDegrees>
							<LongitudeDegrees>13.845815</LongitudeDegrees>
						</Position>
						<AltitudeMeters>732.3</AltitudeMeters>
						<DistanceMeters>4931.348412</DistanceMeters>
						<HeartRateBpm>
							<Value>151</Value>
						</HeartRateBpm>
						<Cadence>70</Cadence>
						<Extensions>
							<ns3:TPX>
								<ns3:Speed>4.745733</ns3:Speed>
								<ns3:Watts>211</ns3:Watts>
							</ns3:TPX>
						</Extensions>
					</Trackpoint>
					<Trackpoint>
						<Time>2026-02-22T11:12:23Z</Time>
						<Position>
							<LatitudeDegrees>46.642034</LatitudeDegrees>
							<LongitudeDegrees>13.84577</LongitudeDegrees>
						</Position>
						<AltitudeMeters>732.4</AltitudeMeters>
						<DistanceMeters>4935.266326</DistanceMeters>
						<HeartRateBpm>
							<Value>151</Value>
						</HeartRateBpm>
						<Cadence>71</Cadence>
						<Extensions>
							<ns3:TPX>
								<ns3:Speed>4.8026</ns3:Speed>
								<ns3:Watts>199</ns3:Watts>
							</ns3:TPX>
						</Extensions>
					</Trackpoint>
					<Trackpoint>
						<Time>2026-02-22T11:12:24Z</Time>
						<Position>
							<LatitudeDegrees>46.642076</LatitudeDegrees>
							<LongitudeDegrees>13.845738</LongitudeDegrees>
						</Position>
						<AltitudeMeters>732.5</AltitudeMeters>
						<DistanceMeters>4937.928499</DistanceMeters>
						<HeartRateBpm>
							<Value>151</Value>
						</HeartRateBpm>
						<Cadence>72</Cadence>
						<Extensions>
							<ns3:TPX>
								<ns3:Speed>4.868333</ns3:Speed>
								<ns3:Watts>194</ns3:Watts>
							</ns3:TPX>
						</Extensions>
					</Trackpoint>
					<Trackpoint>
						<Time>2026-02-22T11:12:25Z</Time>
						<Position>
							<LatitudeDegrees>46.642119</LatitudeDegrees>
							<LongitudeDegrees>13.845708</LongitudeDegrees>
						</Position>
						<AltitudeMeters>732.5</AltitudeMeters>
						<DistanceMeters>4940.640902</DistanceMeters>
						<HeartRateBpm>
							<Value>151</Value>
						</HeartRateBpm>
						<Cadence>72</Cadence>
						<Extensions>
							<ns3:TPX>
								<ns3:Speed>4.937467</ns3:Speed>
								<ns3:Watts>183</ns3:Watts>
							</ns3:TPX>
						</Extensions>
					</Trackpoint>
					<Trackpoint>
						<Time>2026-02-22T11:12:26Z</Time>
						<Position>
							<LatitudeDegrees>46.642188</LatitudeDegrees>
							<LongitudeDegrees>13.845662</LongitudeDegrees>
						</Position>
						<AltitudeMeters>732.6</AltitudeMeters>
						<DistanceMeters>4944.860194</DistanceMeters>
						<HeartRateBpm>
							<Value>151</Value>
						</HeartRateBpm>
						<Cadence>75</Cadence>
						<Extensions>
							<ns3:TPX>
								<ns3:Speed>5.017</ns3:Speed>
								<ns3:Watts>186</ns3:Watts>
							</ns3:TPX>
						</Extensions>
					</Trackpoint>
					<Trackpoint>
						<Time>2026-02-22T11:12:27Z</Time>
						<Position>
							<LatitudeDegrees>46.642235</LatitudeDegrees>
							<LongitudeDegrees>13.845632</LongitudeDegrees>
						</Position>
						<AltitudeMeters>732.6</AltitudeMeters>
						<DistanceMeters>4947.773515</DistanceMeters>
						<HeartRateBpm>
							<Value>151</Value>
						</HeartRateBpm>
						<Cadence>76</Cadence>
						<Extensions>
							<ns3:TPX>
								<ns3:Speed>5.103667</ns3:Speed>
								<ns3:Watts>189</ns3:Watts>
							</ns3:TPX>
						</Extensions>
					</Trackpoint>
					<Trackpoint>
						<Time>2026-02-22T11:12:28Z</Time>
						<Position>
							<LatitudeDegrees>46.642235</LatitudeDegrees>
							<LongitudeDegrees>13.845632</LongitudeDegrees>
						</Position>
						<AltitudeMeters>732.6</AltitudeMeters>
						<DistanceMeters>4974.244553</DistanceMeters>
						<HeartRateBpm>
							<Value>151</Value>
						</HeartRateBpm>
						<Cadence>76</Cadence>
						<Extensions>
							<ns3:TPX>
								<ns3:Speed>5.184667</ns3:Speed>
								<ns3:Watts>189</ns3:Watts>
							</ns3:TPX>
						</Extensions>
					</Trackpoint>
					<Trackpoint>
						<Time>2026-02-22T11:12:29Z</Time>
						<Position>
							<LatitudeDegrees>46.642313</LatitudeDegrees>
							<LongitudeDegrees>13.845607</LongitudeDegrees>
						</Position>
						<AltitudeMeters>732.7</AltitudeMeters>
						<DistanceMeters>4978.865683</DistanceMeters>
						<HeartRateBpm>
							<Value>151</Value>
						</HeartRateBpm>
						<Cadence>76</Cadence>
						<Extensions>
							<ns3:TPX>
								<ns3:Speed>5.275667</ns3:Speed>
								<ns3:Watts>180</ns3:Watts>
							</ns3:TPX>
						</Extensions>
					</Trackpoint>
					<Trackpoint>
						<Time>2026-02-22T11:12:30Z</Time>
						<Position>
							<LatitudeDegrees>46.642368</LatitudeDegrees>
							<LongitudeDegrees>13.845596</LongitudeDegrees>
						</Position>
						<AltitudeMeters>732.8</AltitudeMeters>
						<DistanceMeters>4982.030152</DistanceMeters>
						<HeartRateBpm>
							<Value>150</Value>
						</HeartRateBpm>
						<Cadence>73</Cadence>
						<Extensions>
							<ns3:TPX>
								<ns3:Speed>5.374333</ns3:Speed>
								<ns3:Watts>170</ns3:Watts>
							</ns3:TPX>
						</Extensions>
					</Trackpoint>
					<Trackpoint>
						<Time>2026-02-22T11:12:31Z</Time>
						<Position>
							<LatitudeDegrees>46.642453</LatitudeDegrees>
							<LongitudeDegrees>13.84558</LongitudeDegrees>
						</Position>
						<AltitudeMeters>733</AltitudeMeters>
						<DistanceMeters>4986.751742</DistanceMeters>
						<HeartRateBpm>
							<Value>150</Value>
						</HeartRateBpm>
						<Cadence>73</Cadence>
						<Extensions>
							<ns3:TPX>
								<ns3:Speed>5.473667</ns3:Speed>
								<ns3:Watts>160</ns3:Watts>
							</ns3:TPX>
						</Extensions>
					</Trackpoint>
					<Trackpoint>
						<Time>2026-02-22T11:12:33Z</Time>
						<Position>
							<LatitudeDegrees>46.642537</LatitudeDegrees>
							<LongitudeDegrees>13.845564</LongitudeDegrees>
						</Position>
						<AltitudeMeters>733.1</AltitudeMeters>
						<DistanceMeters>4991.523561</DistanceMeters>
						<HeartRateBpm>
							<Value>150</Value>
						</HeartRateBpm>
						<Cadence>73</Cadence>
						<Extensions>
							<ns3:TPX>
								<ns3:Speed>5.572067</ns3:Speed>
								<ns3:Watts>160</ns3:Watts>
							</ns3:TPX>
						</Extensions>
					</Trackpoint>
					<Trackpoint>
						<Time>2026-02-22T11:12:34Z</Time>
						<Position>
							<LatitudeDegrees>46.642593</LatitudeDegrees>
							<LongitudeDegrees>13.845547</LongitudeDegrees>
						</Position>
						<AltitudeMeters>733.1</AltitudeMeters>
						<DistanceMeters>4994.788489</DistanceMeters>
						<HeartRateBpm>
							<Value>150</Value>
						</HeartRateBpm>
						<Cadence>74</Cadence>
						<Extensions>
							<ns3:TPX>
								<ns3:Speed>5.6732</ns3:Speed>
								<ns3:Watts>173</ns3:Watts>
							</ns3:TPX>
						</Extensions>
					</Trackpoint>
					<Trackpoint>
						<Time>2026-02-22T11:12:35Z</Time>
						<Position>
							<LatitudeDegrees>46.642677</LatitudeDegrees>
							<LongitudeDegrees>13.84551</LongitudeDegrees>
						</Position>
						<AltitudeMeters>733.2</AltitudeMeters>
						<DistanceMeters>4999.660768</DistanceMeters>
						<HeartRateBpm>
							<Value>147</Value>
						</HeartRateBpm>
						<Cadence>75</Cadence>
						<Extensions>
							<ns3:TPX>
								<ns3:Speed>5.784467</ns3:Speed>
								<ns3:Watts>177</ns3:Watts>
							</ns3:TPX>
						</Extensions>
					</Trackpoint>
					<Trackpoint>
						<Time>2026-02-22T11:12:36Z</Time>
						<Position>
							<LatitudeDegrees>46.642732</LatitudeDegrees>
							<LongitudeDegrees>13.845475</LongitudeDegrees>
						</Position>
						<AltitudeMeters>733.3</AltitudeMeters>
						<DistanceMeters>5002.975926</DistanceMeters>
						<HeartRateBpm>
							<Value>147</Value>
						</HeartRateBpm>
						<Cadence>73</Cadence>
						<Extensions>
							<ns3:TPX>
								<ns3:Speed>5.893133</ns3:Speed>
								<ns3:Watts>178</ns3:Watts>
							</ns3:TPX>
						</Extensions>
					</Trackpoint>
					<Trackpoint>
						<Time>2026-02-22T11:12:37Z</Time>
						<Position>
							<LatitudeDegrees>46.642787</LatitudeDegrees>
							<LongitudeDegrees>13.845443</LongitudeDegrees>
						</Position>
						<AltitudeMeters>733.4</AltitudeMeters>
						<DistanceMeters>5006.291085</DistanceMeters>
						<HeartRateBpm>
							<Value>147</Value>
						</HeartRateBpm>
						<Cadence>71</Cadence>
						<Extensions>
							<ns3:TPX>
								<ns3:Speed>5.998867</ns3:Speed>
								<ns3:Watts>179</ns3:Watts>
							</ns3:TPX>
						</Extensions>
					</Trackpoint>
					<Trackpoint>
						<Time>2026-02-22T11:12:38Z</Time>
						<Position>
							<LatitudeDegrees>46.642843</LatitudeDegrees>
							<LongitudeDegrees>13.845415</LongitudeDegrees>
						</Position>
						<AltitudeMeters>733.5</AltitudeMeters>
						<DistanceMeters>5009.606243</DistanceMeters>
						<HeartRateBpm>
							<Value>147</Value>
						</HeartRateBpm>
						<Cadence>73</Cadence>
						<Extensions>
							<ns3:TPX>
								<ns3:Speed>6.0946</ns3:Speed>
								<ns3:Watts>187</ns3:Watts>
							</ns3:TPX>
						</Extensions>
					</Trackpoint>
					<Trackpoint>
						<Time>2026-02-22T11:12:39Z</Time>
						<Position>
							<LatitudeDegrees>46.642843</LatitudeDegrees>
							<LongitudeDegrees>13.845415</LongitudeDegrees>
						</Position>
						<AltitudeMeters>733.5</AltitudeMeters>
						<DistanceMeters>5044.967933</DistanceMeters>
						<HeartRateBpm>
							<Value>146</Value>
						</HeartRateBpm>
						<Cadence>73</Cadence>
						<Extensions>
							<ns3:TPX>
								<ns3:Speed>6.180867</ns3:Speed>
								<ns3:Watts>187</ns3:Watts>
							</ns3:TPX>
						</Extensions>
					</Trackpoint>
					<Trackpoint>
						<Time>2026-02-22T11:12:40Z</Time>
						<Position>
							<LatitudeDegrees>46.642928</LatitudeDegrees>
							<LongitudeDegrees>13.845389</LongitudeDegrees>
						</Position>
						<AltitudeMeters>733.7</AltitudeMeters>
						<DistanceMeters>5049.890441</DistanceMeters>
						<HeartRateBpm>
							<Value>146</Value>
						</HeartRateBpm>
						<Cadence>75</Cadence>
						<Extensions>
							<ns3:TPX>
								<ns3:Speed>6.258467</ns3:Speed>
								<ns3:Watts>218</ns3:Watts>
							</ns3:TPX>
						</Extensions>
					</Trackpoint>
					<Trackpoint>
						<Time>2026-02-22T11:12:41Z</Time>
						<Position>
							<LatitudeDegrees>46.642986</LatitudeDegrees>
							<LongitudeDegrees>13.845375</LongitudeDegrees>
						</Position>
						<AltitudeMeters>733.9</AltitudeMeters>
						<DistanceMeters>5053.15537</DistanceMeters>
						<HeartRateBpm>
							<Value>146</Value>
						</HeartRateBpm>
						<Cadence>77</Cadence>
						<Extensions>
							<ns3:TPX>
								<ns3:Speed>6.3226</ns3:Speed>
								<ns3:Watts>236</ns3:Watts>
							</ns3:TPX>
						</Extensions>
					</Trackpoint>
					<Trackpoint>
						<Time>2026-02-22T11:12:42Z</Time>
						<Position>
							<LatitudeDegrees>46.643071</LatitudeDegrees>
							<LongitudeDegrees>13.845357</LongitudeDegrees>
						</Position>
						<AltitudeMeters>734.3</AltitudeMeters>
						<DistanceMeters>5057.876959</DistanceMeters>
						<HeartRateBpm>
							<Value>146</Value>
						</HeartRateBpm>
						<Cadence>78</Cadence>
						<Extensions>
							<ns3:TPX>
								<ns3:Speed>6.357933</ns3:Speed>
								<ns3:Watts>252</ns3:Watts>
							</ns3:TPX>
						</Extensions>
					</Trackpoint>
					<Trackpoint>
						<Time>2026-02-22T11:12:43Z</Time>
						<Position>
							<LatitudeDegrees>46.643126</LatitudeDegrees>
							<LongitudeDegrees>13.845345</LongitudeDegrees>
						</Position>
						<AltitudeMeters>734.7</AltitudeMeters>
						<DistanceMeters>5060.940969</DistanceMeters>
						<HeartRateBpm>
							<Value>146</Value>
						</HeartRateBpm>
						<Cadence>77</Cadence>
						<Extensions>
							<ns3:TPX>
								<ns3:Speed>6.3634</ns3:Speed>
								<ns3:Watts>258</ns3:Watts>
							</ns3:TPX>
						</Extensions>
					</Trackpoint>
					<Trackpoint>
						<Time>2026-02-22T11:12:44Z</Time>
						<Position>
							<LatitudeDegrees>46.643126</LatitudeDegrees>
							<LongitudeDegrees>13.845345</LongitudeDegrees>
						</Position>
						<AltitudeMeters>734.7</AltitudeMeters>
						<DistanceMeters>5076.914005</DistanceMeters>
						<HeartRateBpm>
							<Value>145</Value>
						</HeartRateBpm>
						<Cadence>77</Cadence>
						<Extensions>
							<ns3:TPX>
								<ns3:Speed>6.368867</ns3:Speed>
								<ns3:Watts>258</ns3:Watts>
							</ns3:TPX>
						</Extensions>
					</Trackpoint>
					<Trackpoint>
						<Time>2026-02-22T11:12:45Z</Time>
						<Position>
							<LatitudeDegrees>46.643204</LatitudeDegrees>
							<LongitudeDegrees>13.845326</LongitudeDegrees>
						</Position>
						<AltitudeMeters>735.3</AltitudeMeters>
						<DistanceMeters>5081.233757</DistanceMeters>
						<HeartRateBpm>
							<Value>145</Value>
						</HeartRateBpm>
						<Cadence>76</Cadence>
						<Extensions>
							<ns3:TPX>
								<ns3:Speed>6.333133</ns3:Speed>
								<ns3:Watts>272</ns3:Watts>
							</ns3:TPX>
						</Extensions>
					</Trackpoint>
					<Trackpoint>
						<Time>2026-02-22T11:12:46Z</Time>
						<Position>
							<LatitudeDegrees>46.643277</LatitudeDegrees>
							<LongitudeDegrees>13.845305</LongitudeDegrees>
						</Position>
						<AltitudeMeters>736</AltitudeMeters>
						<DistanceMeters>5085.252131</DistanceMeters>
						<HeartRateBpm>
							<Value>145</Value>
						</HeartRateBpm>
						<Cadence>73</Cadence>
						<Extensions>
							<ns3:TPX>
								<ns3:Speed>6.260733</ns3:Speed>
								<ns3:Watts>266</ns3:Watts>
							</ns3:TPX>
						</Extensions>
					</Trackpoint>
					<Trackpoint>
						<Time>2026-02-22T11:12:47Z</Time>
						<Position>
							<LatitudeDegrees>46.643319</LatitudeDegrees>
							<LongitudeDegrees>13.845277</LongitudeDegrees>
						</Position>
						<AltitudeMeters>736.6</AltitudeMeters>
						<DistanceMeters>5087.763615</DistanceMeters>
						<HeartRateBpm>
							<Value>145</Value>
						</HeartRateBpm>
						<Cadence>72</Cadence>
						<Extensions>
							<ns3:TPX>
								<ns3:Speed>6.168267</ns3:Speed>
								<ns3:Watts>270</ns3:Watts>
							</ns3:TPX>
						</Extensions>
					</Trackpoint>
					<Trackpoint>
						<Time>2026-02-22T11:12:48Z</Time>
						<Position>
							<LatitudeDegrees>46.643319</LatitudeDegrees>
							<LongitudeDegrees>13.845277</LongitudeDegrees>
						</Position>
						<AltitudeMeters>736.6</AltitudeMeters>
						<DistanceMeters>5098.613224</DistanceMeters>
						<HeartRateBpm>
							<Value>145</Value>
						</HeartRateBpm>
						<Cadence>72</Cadence>
						<Extensions>
							<ns3:TPX>
								<ns3:Speed>6.072667</ns3:Speed>
								<ns3:Watts>270</ns3:Watts>
							</ns3:TPX>
						</Extensions>
					</Trackpoint>
					<Trackpoint>
						<Time>2026-02-22T11:12:49Z</Time>
						<Position>
							<LatitudeDegrees>46.643376</LatitudeDegrees>
							<LongitudeDegrees>13.845235</LongitudeDegrees>
						</Position>
						<AltitudeMeters>737.3</AltitudeMeters>
						<DistanceMeters>5102.129301</DistanceMeters>
						<HeartRateBpm>
							<Value>144</Value>
						</HeartRateBpm>
						<Cadence>72</Cadence>
						<Extensions>
							<ns3:TPX>
								<ns3:Speed>5.9502</ns3:Speed>
								<ns3:Watts>281</ns3:Watts>
							</ns3:TPX>
						</Extensions>
					</Trackpoint>
					<Trackpoint>
						<Time>2026-02-22T11:12:50Z</Time>
						<Position>
							<LatitudeDegrees>46.643426</LatitudeDegrees>
							<LongitudeDegrees>13.845181</LongitudeDegrees>
						</Position>
						<AltitudeMeters>738.2</AltitudeMeters>
						<DistanceMeters>5105.544919</DistanceMeters>
						<HeartRateBpm>
							<Value>144</Value>
						</HeartRateBpm>
						<Cadence>71</Cadence>
						<Extensions>
							<ns3:TPX>
								<ns3:Speed>5.805267</ns3:Speed>
								<ns3:Watts>286</ns3:Watts>
							</ns3:TPX>
						</Extensions>
					</Trackpoint>
					<Trackpoint>
						<Time>2026-02-22T11:12:51Z</Time>
						<Position>
							<LatitudeDegrees>46.643426</LatitudeDegrees>
							<LongitudeDegrees>13.845181</LongitudeDegrees>
						</Position>
						<AltitudeMeters>738.2</AltitudeMeters>
						<DistanceMeters>5112.476614</DistanceMeters>
						<HeartRateBpm>
							<Value>144</Value>
						</HeartRateBpm>
						<Cadence>71</Cadence>
						<Extensions>
							<ns3:TPX>
								<ns3:Speed>5.658933</ns3:Speed>
								<ns3:Watts>286</ns3:Watts>
							</ns3:TPX>
						</Extensions>
					</Trackpoint>
					<Trackpoint>
						<Time>2026-02-22T11:12:52Z</Time>
						<Position>
							<LatitudeDegrees>46.643473</LatitudeDegrees>
							<LongitudeDegrees>13.845127</LongitudeDegrees>
						</Position>
						<AltitudeMeters>739.1</AltitudeMeters>
						<DistanceMeters>5115.791773</DistanceMeters>
						<HeartRateBpm>
							<Value>144</Value>
						</HeartRateBpm>
						<Cadence>73</Cadence>
						<Extensions>
							<ns3:TPX>
								<ns3:Speed>5.518867</ns3:Speed>
								<ns3:Watts>323</ns3:Watts>
							</ns3:TPX>
						</Extensions>
					</Trackpoint>
					<Trackpoint>
						<Time>2026-02-22T11:12:53Z</Time>
						<Position>
							<LatitudeDegrees>46.643503</LatitudeDegrees>
							<LongitudeDegrees>13.84509</LongitudeDegrees>
						</Position>
						<AltitudeMeters>739.7</AltitudeMeters>
						<DistanceMeters>5118.052108</DistanceMeters>
						<HeartRateBpm>
							<Value>144</Value>
						</HeartRateBpm>
						<Cadence>71</Cadence>
						<Extensions>
							<ns3:TPX>
								<ns3:Speed>5.3836</ns3:Speed>
								<ns3:Watts>320</ns3:Watts>
							</ns3:TPX>
						</Extensions>
					</Trackpoint>
					<Trackpoint>
						<Time>2026-02-22T11:12:54Z</Time>
						<Position>
							<LatitudeDegrees>46.643548</LatitudeDegrees>
							<LongitudeDegrees>13.845031</LongitudeDegrees>
						</Position>
						<AltitudeMeters>740.7</AltitudeMeters>
						<DistanceMeters>5121.417496</DistanceMeters>
						<HeartRateBpm>
							<Value>144</Value>
						</HeartRateBpm>
						<Cadence>71</Cadence>
						<Extensions>
							<ns3:TPX>
								<ns3:Speed>5.249</ns3:Speed>
								<ns3:Watts>330</ns3:Watts>
							</ns3:TPX>
						</Extensions>
					</Trackpoint>
					<Trackpoint>
						<Time>2026-02-22T11:12:55Z</Time>
						<Position>
							<LatitudeDegrees>46.643577</LatitudeDegrees>
							<LongitudeDegrees>13.844989</LongitudeDegrees>
						</Position>
						<AltitudeMeters>741.3</AltitudeMeters>
						<DistanceMeters>5123.677831</DistanceMeters>
						<HeartRateBpm>
							<Value>144</Value>
						</HeartRateBpm>
						<Cadence>70</Cadence>
						<Extensions>
							<ns3:TPX>
								<ns3:Speed>5.111867</ns3:Speed>
								<ns3:Watts>323</ns3:Watts>
							</ns3:TPX>
						</Extensions>
					</Trackpoint>
					<Trackpoint>
						<Time>2026-02-22T11:12:56Z</Time>
						<Position>
							<LatitudeDegrees>46.643605</LatitudeDegrees>
							<LongitudeDegrees>13.844949</LongitudeDegrees>
						</Position>
						<AltitudeMeters>742</AltitudeMeters>
						<DistanceMeters>5125.887937</DistanceMeters>
						<HeartRateBpm>
							<Value>144</Value>
						</HeartRateBpm>
						<Cadence>67</Cadence>
						<Extensions>
							<ns3:TPX>
								<ns3:Speed>4.9714</ns3:Speed>
								<ns3:Watts>301</ns3:Watts>
							</ns3:TPX>
						</Extensions>
					</Trackpoint>
					<Trackpoint>
						<Time>2026-02-22T11:12:57Z</Time>
						<Position>
							<LatitudeDegrees>46.643605</LatitudeDegrees>
							<LongitudeDegrees>13.844949</LongitudeDegrees>
						</Position>
						<AltitudeMeters>742</AltitudeMeters>
						<DistanceMeters>5139.29926</DistanceMeters>
						<HeartRateBpm>
							<Value>144</Value>
						</HeartRateBpm>
						<Cadence>67</Cadence>
						<Extensions>
							<ns3:TPX>
								<ns3:Speed>4.843933</ns3:Speed>
								<ns3:Watts>301</ns3:Watts>
							</ns3:TPX>
						</Extensions>
					</Trackpoint>
					<Trackpoint>
						<Time>2026-02-22T11:12:58Z</Time>
						<Position>
							<LatitudeDegrees>46.643648</LatitudeDegrees>
							<LongitudeDegrees>13.844892</LongitudeDegrees>
						</Position>
						<AltitudeMeters>742.9</AltitudeMeters>
						<DistanceMeters>5142.463729</DistanceMeters>
						<HeartRateBpm>
							<Value>144</Value>
						</HeartRateBpm>
						<Cadence>66</Cadence>
						<Extensions>
							<ns3:TPX>
								<ns3:Speed>4.7214</ns3:Speed>
								<ns3:Watts>294</ns3:Watts>
							</ns3:TPX>
						</Extensions>
					</Trackpoint>
					<Trackpoint>
						<Time>2026-02-22T11:12:59Z</Time>
						<Position>
							<LatitudeDegrees>46.643691</LatitudeDegrees>
							<LongitudeDegrees>13.844844</LongitudeDegrees>
						</Position>
						<AltitudeMeters>743.7</AltitudeMeters>
						<DistanceMeters>5145.527739</DistanceMeters>
						<HeartRateBpm>
							<Value>142</Value>
						</HeartRateBpm>
						<Cadence>66</Cadence>
						<Extensions>
							<ns3:TPX>
								<ns3:Speed>4.591867</ns3:Speed>
								<ns3:Watts>294</ns3:Watts>
							</ns3:TPX>
						</Extensions>
					</Trackpoint>
					<Trackpoint>
						<Time>2026-02-22T11:13:01Z</Time>
						<Position>
							<LatitudeDegrees>46.643745</LatitudeDegrees>
							<LongitudeDegrees>13.844826</LongitudeDegrees>
						</Position>
						<AltitudeMeters>744.5</AltitudeMeters>
						<DistanceMeters>5148.641979</DistanceMeters>
						<HeartRateBpm>
							<Value>142</Value>
						</HeartRateBpm>
						<Cadence>68</Cadence>
						<Extensions>
							<ns3:TPX>
								<ns3:Speed>4.490533</ns3:Speed>
								<ns3:Watts>308</ns3:Watts>
							</ns3:TPX>
						</Extensions>
					</Trackpoint>
					<Trackpoint>
						<Time>2026-02-22T11:13:02Z</Time>
						<Position>
							<LatitudeDegrees>46.643799</LatitudeDegrees>
							<LongitudeDegrees>13.844818</LongitudeDegrees>
						</Position>
						<AltitudeMeters>745.2</AltitudeMeters>
						<DistanceMeters>5151.705989</DistanceMeters>
						<HeartRateBpm>
							<Value>142</Value>
						</HeartRateBpm>
						<Cadence>67</Cadence>
						<Extensions>
							<ns3:TPX>
								<ns3:Speed>4.417467</ns3:Speed>
								<ns3:Watts>301</ns3:Watts>
							</ns3:TPX>
						</Extensions>
					</Trackpoint>
					<Trackpoint>
						<Time>2026-02-22T11:13:03Z</Time>
						<Position>
							<LatitudeDegrees>46.643834</LatitudeDegrees>
							<LongitudeDegrees>13.84483</LongitudeDegrees>
						</Position>
						<AltitudeMeters>745.7</AltitudeMeters>
						<DistanceMeters>5153.765406</DistanceMeters>
						<HeartRateBpm>
							<Value>142</Value>
						</HeartRateBpm>
						<Cadence>68</Cadence>
						<Extensions>
							<ns3:TPX>
								<ns3:Speed>4.363667</ns3:Speed>
								<ns3:Watts>308</ns3:Watts>
							</ns3:TPX>
						</Extensions>
					</Trackpoint>
					<Trackpoint>
						<Time>2026-02-22T11:13:05Z</Time>
						<Position>
							<LatitudeDegrees>46.643888</LatitudeDegrees>
							<LongitudeDegrees>13.844849</LongitudeDegrees>
						</Position>
						<AltitudeMeters>746.4</AltitudeMeters>
						<DistanceMeters>5156.879645</DistanceMeters>
						<HeartRateBpm>
							<Value>141</Value>
						</HeartRateBpm>
						<Cadence>68</Cadence>
						<Extensions>
							<ns3:TPX>
								<ns3:Speed>4.3114</ns3:Speed>
								<ns3:Watts>308</ns3:Watts>
							</ns3:TPX>
						</Extensions>
					</Trackpoint>
					<Trackpoint>
						<Time>2026-02-22T11:13:06Z</Time>
						<Position>
							<LatitudeDegrees>46.643944</LatitudeDegrees>
							<LongitudeDegrees>13.844855</LongitudeDegrees>
						</Position>
						<AltitudeMeters>747.1</AltitudeMeters>
						<DistanceMeters>5159.993885</DistanceMeters>
						<HeartRateBpm>
							<Value>141</Value>
						</HeartRateBpm>
						<Cadence>67</Cadence>
						<Extensions>
							<ns3:TPX>
								<ns3:Speed>4.2784</ns3:Speed>
								<ns3:Watts>301</ns3:Watts>
							</ns3:TPX>
						</Extensions>
					</Trackpoint>
					<Trackpoint>
						<Time>2026-02-22T11:13:07Z</Time>
						<Position>
							<LatitudeDegrees>46.643944</LatitudeDegrees>
							<LongitudeDegrees>13.844855</LongitudeDegrees>
						</Position>
						<AltitudeMeters>747.1</AltitudeMeters>
						<DistanceMeters>5180.688511</DistanceMeters>
						<HeartRateBpm>
							<Value>141</Value>
						</HeartRateBpm>
						<Cadence>67</Cadence>
						<Extensions>
							<ns3:TPX>
								<ns3:Speed>4.257733</ns3:Speed>
								<ns3:Watts>301</ns3:Watts>
							</ns3:TPX>
						</Extensions>
					</Trackpoint>
					<Trackpoint>
						<Time>2026-02-22T11:13:08Z</Time>
						<Position>
							<LatitudeDegrees>46.643998</LatitudeDegrees>
							<LongitudeDegrees>13.844852</LongitudeDegrees>
						</Position>
						<AltitudeMeters>747.8</AltitudeMeters>
						<DistanceMeters>5183.752521</DistanceMeters>
						<HeartRateBpm>
							<Value>141</Value>
						</HeartRateBpm>
						<Cadence>68</Cadence>
						<Extensions>
							<ns3:TPX>
								<ns3:Speed>4.2354</ns3:Speed>
								<ns3:Watts>308</ns3:Watts>
							</ns3:TPX>
						</Extensions>
					</Trackpoint>
					<Trackpoint>
						<Time>2026-02-22T11:13:09Z</Time>
						<Position>
							<LatitudeDegrees>46.64403</LatitudeDegrees>
							<LongitudeDegrees>13.844826</LongitudeDegrees>
						</Position>
						<AltitudeMeters>748.3</AltitudeMeters>
						<DistanceMeters>5185.811937</DistanceMeters>
						<HeartRateBpm>
							<Value>141</Value>
						</HeartRateBpm>
						<Cadence>67</Cadence>
						<Extensions>
							<ns3:TPX>
								<ns3:Speed>4.2108</ns3:Speed>
								<ns3:Watts>301</ns3:Watts>
							</ns3:TPX>
						</Extensions>
					</Trackpoint>
					<Trackpoint>
						<Time>2026-02-22T11:13:10Z</Time>
						<Position>
							<LatitudeDegrees>46.644062</LatitudeDegrees>
							<LongitudeDegrees>13.8448</LongitudeDegrees>
						</Position>
						<AltitudeMeters>748.8</AltitudeMeters>
						<DistanceMeters>5187.871354</DistanceMeters>
						<HeartRateBpm>
							<Value>141</Value>
						</HeartRateBpm>
						<Cadence>66</Cadence>
						<Extensions>
							<ns3:TPX>
								<ns3:Speed>4.183933</ns3:Speed>
								<ns3:Watts>294</ns3:Watts>
							</ns3:TPX>
						</Extensions>
					</Trackpoint>
					<Trackpoint>
						<Time>2026-02-22T11:13:11Z</Time>
						<Position>
							<LatitudeDegrees>46.644111</LatitudeDegrees>
							<LongitudeDegrees>13.844763</LongitudeDegrees>
						</Position>
						<AltitudeMeters>749.5</AltitudeMeters>
						<DistanceMeters>5190.935364</DistanceMeters>
						<HeartRateBpm>
							<Value>141</Value>
						</HeartRateBpm>
						<Cadence>66</Cadence>
						<Extensions>
							<ns3:TPX>
								<ns3:Speed>4.1538</ns3:Speed>
								<ns3:Watts>294</ns3:Watts>
							</ns3:TPX>
						</Extensions>
					</Trackpoint>
					<Trackpoint>
						<Time>2026-02-22T11:13:12Z</Time>
						<Position>
							<LatitudeDegrees>46.644143</LatitudeDegrees>
							<LongitudeDegrees>13.844738</LongitudeDegrees>
						</Position>
						<AltitudeMeters>750</AltitudeMeters>
						<DistanceMeters>5192.944551</DistanceMeters>
						<HeartRateBpm>
							<Value>141</Value>
						</HeartRateBpm>
						<Cadence>67</Cadence>
						<Extensions>
							<ns3:TPX>
								<ns3:Speed>4.127267</ns3:Speed>
								<ns3:Watts>301</ns3:Watts>
							</ns3:TPX>
						</Extensions>
					</Trackpoint>
					<Trackpoint>
						<Time>2026-02-22T11:13:13Z</Time>
						<Position>
							<LatitudeDegrees>46.644176</LatitudeDegrees>
							<LongitudeDegrees>13.844715</LongitudeDegrees>
						</Position>
						<AltitudeMeters>750.5</AltitudeMeters>
						<DistanceMeters>5195.054197</DistanceMeters>
						<HeartRateBpm>
							<Value>142</Value>
						</HeartRateBpm>
						<Cadence>68</Cadence>
						<Extensions>
							<ns3:TPX>
								<ns3:Speed>4.113</ns3:Speed>
								<ns3:Watts>308</ns3:Watts>
							</ns3:TPX>
						</Extensions>
					</Trackpoint>
					<Trackpoint>
						<Time>2026-02-22T11:13:15Z</Time>
						<Position>
							<LatitudeDegrees>46.64423</LatitudeDegrees>
							<LongitudeDegrees>13.844725</LongitudeDegrees>
						</Position>
						<AltitudeMeters>751.3</AltitudeMeters>
						<DistanceMeters>5198.067977</DistanceMeters>
						<HeartRateBpm>
							<Value>142</Value>
						</HeartRateBpm>
						<Cadence>67</Cadence>
						<Extensions>
							<ns3:TPX>
								<ns3:Speed>4.096133</ns3:Speed>
								<ns3:Watts>301</ns3:Watts>
							</ns3:TPX>
						</Extensions>
					</Trackpoint>
					<Trackpoint>
						<Time>2026-02-22T11:13:16Z</Time>
						<Position>
							<LatitudeDegrees>46.644266</LatitudeDegrees>
							<LongitudeDegrees>13.844732</LongitudeDegrees>
						</Position>
						<AltitudeMeters>751.9</AltitudeMeters>
						<DistanceMeters>5200.127394</DistanceMeters>
						<HeartRateBpm>
							<Value>142</Value>
						</HeartRateBpm>
						<Cadence>66</Cadence>
						<Extensions>
							<ns3:TPX>
								<ns3:Speed>4.087733</ns3:Speed>
								<ns3:Watts>294</ns3:Watts>
							</ns3:TPX>
						</Extensions>
					</Trackpoint>
					<Trackpoint>
						<Time>2026-02-22T11:13:17Z</Time>
						<Position>
							<LatitudeDegrees>46.644318</LatitudeDegrees>
							<LongitudeDegrees>13.844756</LongitudeDegrees>
						</Position>
						<AltitudeMeters>752.7</AltitudeMeters>
						<DistanceMeters>5203.141175</DistanceMeters>
						<HeartRateBpm>
							<Value>142</Value>
						</HeartRateBpm>
						<Cadence>65</Cadence>
						<Extensions>
							<ns3:TPX>
								<ns3:Speed>4.081533</ns3:Speed>
								<ns3:Watts>287</ns3:Watts>
							</ns3:TPX>
						</Extensions>
					</Trackpoint>
					<Trackpoint>
						<Time>2026-02-22T11:13:18Z</Time>
						<Position>
							<LatitudeDegrees>46.644318</LatitudeDegrees>
							<LongitudeDegrees>13.844756</LongitudeDegrees>
						</Position>
						<AltitudeMeters>752.7</AltitudeMeters>
						<DistanceMeters>5225.593838</DistanceMeters>
						<HeartRateBpm>
							<Value>146</Value>
						</HeartRateBpm>
						<Cadence>65</Cadence>
						<Extensions>
							<ns3:TPX>
								<ns3:Speed>4.073</ns3:Speed>
								<ns3:Watts>287</ns3:Watts>
							</ns3:TPX>
						</Extensions>
					</Trackpoint>
					<Trackpoint>
						<Time>2026-02-22T11:13:19Z</Time>
						<Position>
							<LatitudeDegrees>46.644368</LatitudeDegrees>
							<LongitudeDegrees>13.844782</LongitudeDegrees>
						</Position>
						<AltitudeMeters>753.5</AltitudeMeters>
						<DistanceMeters>5228.557389</DistanceMeters>
						<HeartRateBpm>
							<Value>146</Value>
						</HeartRateBpm>
						<Cadence>66</Cadence>
						<Extensions>
							<ns3:TPX>
								<ns3:Speed>4.063333</ns3:Speed>
								<ns3:Watts>294</ns3:Watts>
							</ns3:TPX>
						</Extensions>
					</Trackpoint>
					<Trackpoint>
						<Time>2026-02-22T11:13:20Z</Time>
						<Position>
							<LatitudeDegrees>46.644417</LatitudeDegrees>
							<LongitudeDegrees>13.844814</LongitudeDegrees>
						</Position>
						<AltitudeMeters>754.2</AltitudeMeters>
						<DistanceMeters>5231.52094</DistanceMeters>
						<HeartRateBpm>
							<Value>146</Value>
						</HeartRateBpm>
						<Cadence>66</Cadence>
						<Extensions>
							<ns3:TPX>
								<ns3:Speed>4.052667</ns3:Speed>
								<ns3:Watts>294</ns3:Watts>
							</ns3:TPX>
						</Extensions>
					</Trackpoint>
					<Trackpoint>
						<Time>2026-02-22T11:13:21Z</Time>
						<Position>
							<LatitudeDegrees>46.644417</LatitudeDegrees>
							<LongitudeDegrees>13.844814</LongitudeDegrees>
						</Position>
						<AltitudeMeters>754.2</AltitudeMeters>
						<DistanceMeters>5237.448041</DistanceMeters>
						<HeartRateBpm>
							<Value>146</Value>
						</HeartRateBpm>
						<Cadence>66</Cadence>
						<Extensions>
							<ns3:TPX>
								<ns3:Speed>4.040467</ns3:Speed>
								<ns3:Watts>294</ns3:Watts>
							</ns3:TPX>
						</Extensions>
					</Trackpoint>
					<Trackpoint>
						<Time>2026-02-22T11:13:22Z</Time>
						<Position>
							<LatitudeDegrees>46.644465</LatitudeDegrees>
							<LongitudeDegrees>13.844846</LongitudeDegrees>
						</Position>
						<AltitudeMeters>755</AltitudeMeters>
						<DistanceMeters>5240.411592</DistanceMeters>
						<HeartRateBpm>
							<Value>146</Value>
						</HeartRateBpm>
						<Cadence>64</Cadence>
						<Extensions>
							<ns3:TPX>
								<ns3:Speed>4.025067</ns3:Speed>
								<ns3:Watts>279</ns3:Watts>
							</ns3:TPX>
						</Extensions>
					</Trackpoint>
					<Trackpoint>
						<Time>2026-02-22T11:13:23Z</Time>
						<Position>
							<LatitudeDegrees>46.644511</LatitudeDegrees>
							<LongitudeDegrees>13.844881</LongitudeDegrees>
						</Position>
						<AltitudeMeters>755.8</AltitudeMeters>
						<DistanceMeters>5243.324913</DistanceMeters>
						<HeartRateBpm>
							<Value>146</Value>
						</HeartRateBpm>
						<Cadence>64</Cadence>
						<Extensions>
							<ns3:TPX>
								<ns3:Speed>4.005333</ns3:Speed>
								<ns3:Watts>279</ns3:Watts>
							</ns3:TPX>
						</Extensions>
					</Trackpoint>
					<Trackpoint>
						<Time>2026-02-22T11:13:24Z</Time>
						<Position>
							<LatitudeDegrees>46.644511</LatitudeDegrees>
							<LongitudeDegrees>13.844881</LongitudeDegrees>
						</Position>
						<AltitudeMeters>755.8</AltitudeMeters>
						<DistanceMeters>5249.201785</DistanceMeters>
						<HeartRateBpm>
							<Value>147</Value>
						</HeartRateBpm>
						<Cadence>64</Cadence>
						<Extensions>
							<ns3:TPX>
								<ns3:Speed>3.987267</ns3:Speed>
								<ns3:Watts>279</ns3:Watts>
							</ns3:TPX>
						</Extensions>
					</Trackpoint>
					<Trackpoint>
						<Time>2026-02-22T11:13:25Z</Time>
						<Position>
							<LatitudeDegrees>46.644557</LatitudeDegrees>
							<LongitudeDegrees>13.844915</LongitudeDegrees>
						</Position>
						<AltitudeMeters>756.6</AltitudeMeters>
						<DistanceMeters>5252.014647</DistanceMeters>
						<HeartRateBpm>
							<Value>147</Value>
						</HeartRateBpm>
						<Cadence>64</Cadence>
						<Extensions>
							<ns3:TPX>
								<ns3:Speed>3.966133</ns3:Speed>
								<ns3:Watts>279</ns3:Watts>
							</ns3:TPX>
						</Extensions>
					</Trackpoint>
					<Trackpoint>
						<Time>2026-02-22T11:13:26Z</Time>
						<Position>
							<LatitudeDegrees>46.644588</LatitudeDegrees>
							<LongitudeDegrees>13.844938</LongitudeDegrees>
						</Position>
						<AltitudeMeters>757.1</AltitudeMeters>
						<DistanceMeters>5253.923374</DistanceMeters>
						<HeartRateBpm>
							<Value>147</Value>
						</HeartRateBpm>
						<Cadence>66</Cadence>
						<Extensions>
							<ns3:TPX>
								<ns3:Speed>3.9484</ns3:Speed>
								<ns3:Watts>294</ns3:Watts>
							</ns3:TPX>
						</Extensions>
					</Trackpoint>
					<Trackpoint>
						<Time>2026-02-22T11:13:27Z</Time>
						<Position>
							<LatitudeDegrees>46.644633</LatitudeDegrees>
							<LongitudeDegrees>13.844971</LongitudeDegrees>
						</Position>
						<AltitudeMeters>757.9</AltitudeMeters>
						<DistanceMeters>5256.836695</DistanceMeters>
						<HeartRateBpm>
							<Value>147</Value>
						</HeartRateBpm>
						<Cadence>66</Cadence>
						<Extensions>
							<ns3:TPX>
								<ns3:Speed>3.937533</ns3:Speed>
								<ns3:Watts>294</ns3:Watts>
							</ns3:TPX>
						</Extensions>
					</Trackpoint>
					<Trackpoint>
						<Time>2026-02-22T11:13:28Z</Time>
						<Position>
							<LatitudeDegrees>46.644633</LatitudeDegrees>
							<LongitudeDegrees>13.844971</LongitudeDegrees>
						</Position>
						<AltitudeMeters>757.9</AltitudeMeters>
						<DistanceMeters>5264.471606</DistanceMeters>
						<HeartRateBpm>
							<Value>147</Value>
						</HeartRateBpm>
						<Cadence>66</Cadence>
						<Extensions>
							<ns3:TPX>
								<ns3:Speed>3.9254</ns3:Speed>
								<ns3:Watts>294</ns3:Watts>
							</ns3:TPX>
						</Extensions>
					</Trackpoint>
					<Trackpoint>
						<Time>2026-02-22T11:13:29Z</Time>
						<Position>
							<LatitudeDegrees>46.644681</LatitudeDegrees>
							<LongitudeDegrees>13.845001</LongitudeDegrees>
						</Position>
						<AltitudeMeters>758.6</AltitudeMeters>
						<DistanceMeters>5267.334697</DistanceMeters>
						<HeartRateBpm>
							<Value>147</Value>
						</HeartRateBpm>
						<Cadence>63</Cadence>
						<Extensions>
							<ns3:TPX>
								<ns3:Speed>3.902733</ns3:Speed>
								<ns3:Watts>272</ns3:Watts>
							</ns3:TPX>
						</Extensions>
					</Trackpoint>
					<Trackpoint>
						<Time>2026-02-22T11:13:30Z</Time>
						<Position>
							<LatitudeDegrees>46.644728</LatitudeDegrees>
							<LongitudeDegrees>13.845026</LongitudeDegrees>
						</Position>
						<AltitudeMeters>759.4</AltitudeMeters>
						<DistanceMeters>5270.147559</DistanceMeters>
						<HeartRateBpm>
							<Value>147</Value>
						</HeartRateBpm>
						<Cadence>64</Cadence>
						<Extensions>
							<ns3:TPX>
								<ns3:Speed>3.881267</ns3:Speed>
								<ns3:Watts>279</ns3:Watts>
							</ns3:TPX>
						</Extensions>
					</Trackpoint>
					<Trackpoint>
						<Time>2026-02-22T11:13:32Z</Time>
						<Position>
							<LatitudeDegrees>46.644776</LatitudeDegrees>
							<LongitudeDegrees>13.845052</LongitudeDegrees>
						</Position>
						<AltitudeMeters>760.2</AltitudeMeters>
						<DistanceMeters>5273.01065</DistanceMeters>
						<HeartRateBpm>
							<Value>147</Value>
						</HeartRateBpm>
						<Cadence>65</Cadence>
						<Extensions>
							<ns3:TPX>
								<ns3:Speed>3.8646</ns3:Speed>
								<ns3:Watts>287</ns3:Watts>
							</ns3:TPX>
						</Extensions>
					</Trackpoint>
					<Trackpoint>
						<Time>2026-02-22T11:13:33Z</Time>
						<Position>
							<LatitudeDegrees>46.644808</LatitudeDegrees>
							<LongitudeDegrees>13.845069</LongitudeDegrees>
						</Position>
						<AltitudeMeters>760.7</AltitudeMeters>
						<DistanceMeters>5274.919378</DistanceMeters>
						<HeartRateBpm>
							<Value>147</Value>
						</HeartRateBpm>
						<Cadence>64</Cadence>
						<Extensions>
							<ns3:TPX>
								<ns3:Speed>3.852533</ns3:Speed>
								<ns3:Watts>279</ns3:Watts>
							</ns3:TPX>
						</Extensions>
					</Trackpoint>
					<Trackpoint>
						<Time>2026-02-22T11:13:34Z</Time>
						<Position>
							<LatitudeDegrees>46.644855</LatitudeDegrees>
							<LongitudeDegrees>13.845096</LongitudeDegrees>
						</Position>
						<AltitudeMeters>761.5</AltitudeMeters>
						<DistanceMeters>5277.782469</DistanceMeters>
						<HeartRateBpm>
							<Value>147</Value>
						</HeartRateBpm>
						<Cadence>64</Cadence>
						<Extensions>
							<ns3:TPX>
								<ns3:Speed>3.838867</ns3:Speed>
								<ns3:Watts>279</ns3:Watts>
							</ns3:TPX>
						</Extensions>
					</Trackpoint>
					<Trackpoint>
						<Time>2026-02-22T11:13:35Z</Time>
						<Position>
							<LatitudeDegrees>46.644885</LatitudeDegrees>
							<LongitudeDegrees>13.845119</LongitudeDegrees>
						</Position>
						<AltitudeMeters>762</AltitudeMeters>
						<DistanceMeters>5279.640967</DistanceMeters>
						<HeartRateBpm>
							<Value>147</Value>
						</HeartRateBpm>
						<Cadence>64</Cadence>
						<Extensions>
							<ns3:TPX>
								<ns3:Speed>3.826733</ns3:Speed>
								<ns3:Watts>279</ns3:Watts>
							</ns3:TPX>
						</Extensions>
					</Trackpoint>
					<Trackpoint>
						<Time>2026-02-22T11:13:36Z</Time>
						<Position>
							<LatitudeDegrees>46.644915</LatitudeDegrees>
							<LongitudeDegrees>13.845143</LongitudeDegrees>
						</Position>
						<AltitudeMeters>762.5</AltitudeMeters>
						<DistanceMeters>5281.549695</DistanceMeters>
						<HeartRateBpm>
							<Value>147</Value>
						</HeartRateBpm>
						<Cadence>65</Cadence>
						<Extensions>
							<ns3:TPX>
								<ns3:Speed>3.816333</ns3:Speed>
								<ns3:Watts>287</ns3:Watts>
							</ns3:TPX>
						</Extensions>
					</Trackpoint>
					<Trackpoint>
						<Time>2026-02-22T11:13:37Z</Time>
						<Position>
							<LatitudeDegrees>46.644942</LatitudeDegrees>
							<LongitudeDegrees>13.84517</LongitudeDegrees>
						</Position>
						<AltitudeMeters>763</AltitudeMeters>
						<DistanceMeters>5283.458422</DistanceMeters>
						<HeartRateBpm>
							<Value>147</Value>
						</HeartRateBpm>
						<Cadence>65</Cadence>
						<Extensions>
							<ns3:TPX>
								<ns3:Speed>3.807267</ns3:Speed>
								<ns3:Watts>287</ns3:Watts>
							</ns3:TPX>
						</Extensions>
					</Trackpoint>
					<Trackpoint>
						<Time>2026-02-22T11:13:39Z</Time>
						<Position>
							<LatitudeDegrees>46.644941</LatitudeDegrees>
							<LongitudeDegrees>13.845244</LongitudeDegrees>
						</Position>
						<AltitudeMeters>763.9</AltitudeMeters>
						<DistanceMeters>5286.371743</DistanceMeters>
						<HeartRateBpm>
							<Value>147</Value>
						</HeartRateBpm>
						<Cadence>66</Cadence>
						<Extensions>
							<ns3:TPX>
								<ns3:Speed>3.804467</ns3:Speed>
								<ns3:Watts>294</ns3:Watts>
							</ns3:TPX>
						</Extensions>
					</Trackpoint>
					<Trackpoint>
						<Time>2026-02-22T11:13:40Z</Time>
						<Position>
							<LatitudeDegrees>46.644938</LatitudeDegrees>
							<LongitudeDegrees>13.845291</LongitudeDegrees>
						</Position>
						<AltitudeMeters>764.5</AltitudeMeters>
						<DistanceMeters>5288.330701</DistanceMeters>
						<HeartRateBpm>
							<Value>147</Value>
						</HeartRateBpm>
						<Cadence>67</Cadence>
						<Extensions>
							<ns3:TPX>
								<ns3:Speed>3.808533</ns3:Speed>
								<ns3:Watts>301</ns3:Watts>
							</ns3:TPX>
						</Extensions>
					</Trackpoint>
					<Trackpoint>
						<Time>2026-02-22T11:13:41Z</Time>
						<Position>
							<LatitudeDegrees>46.644888</LatitudeDegrees>
							<LongitudeDegrees>13.845313</LongitudeDegrees>
						</Position>
						<AltitudeMeters>765.2</AltitudeMeters>
						<DistanceMeters>5291.244022</DistanceMeters>
						<HeartRateBpm>
							<Value>147</Value>
						</HeartRateBpm>
						<Cadence>66</Cadence>
						<Extensions>
							<ns3:TPX>
								<ns3:Speed>3.813333</ns3:Speed>
								<ns3:Watts>294</ns3:Watts>
							</ns3:TPX>
						</Extensions>
					</Trackpoint>
					<Trackpoint>
						<Time>2026-02-22T11:13:42Z</Time>
						<Position>
							<LatitudeDegrees>46.644888</LatitudeDegrees>
							<LongitudeDegrees>13.845313</LongitudeDegrees>
						</Position>
						<AltitudeMeters>765.2</AltitudeMeters>
						<DistanceMeters>5318.016437</DistanceMeters>
						<HeartRateBpm>
							<Value>147</Value>
						</HeartRateBpm>
						<Cadence>66</Cadence>
						<Extensions>
							<ns3:TPX>
								<ns3:Speed>3.8204</ns3:Speed>
								<ns3:Watts>294</ns3:Watts>
							</ns3:TPX>
						</Extensions>
					</Trackpoint>
					<Trackpoint>
						<Time>2026-02-22T11:13:43Z</Time>
						<Position>
							<LatitudeDegrees>46.644837</LatitudeDegrees>
							<LongitudeDegrees>13.845333</LongitudeDegrees>
						</Position>
						<AltitudeMeters>766</AltitudeMeters>
						<DistanceMeters>5320.929759</DistanceMeters>
						<HeartRateBpm>
							<Value>147</Value>
						</HeartRateBpm>
						<Cadence>66</Cadence>
						<Extensions>
							<ns3:TPX>
								<ns3:Speed>3.826067</ns3:Speed>
								<ns3:Watts>294</ns3:Watts>
							</ns3:TPX>
						</Extensions>
					</Trackpoint>
					<Trackpoint>
						<Time>2026-02-22T11:13:44Z</Time>
						<Position>
							<LatitudeDegrees>46.644785</LatitudeDegrees>
							<LongitudeDegrees>13.845347</LongitudeDegrees>
						</Position>
						<AltitudeMeters>766.7</AltitudeMeters>
						<DistanceMeters>5323.893309</DistanceMeters>
						<HeartRateBpm>
							<Value>147</Value>
						</HeartRateBpm>
						<Cadence>66</Cadence>
						<Extensions>
							<ns3:TPX>
								<ns3:Speed>3.828467</ns3:Speed>
								<ns3:Watts>294</ns3:Watts>
							</ns3:TPX>
						</Extensions>
					</Trackpoint>
					<Trackpoint>
						<Time>2026-02-22T11:13:45Z</Time>
						<Position>
							<LatitudeDegrees>46.644785</LatitudeDegrees>
							<LongitudeDegrees>13.845347</LongitudeDegrees>
						</Position>
						<AltitudeMeters>766.7</AltitudeMeters>
						<DistanceMeters>5329.770181</DistanceMeters>
						<HeartRateBpm>
							<Value>147</Value>
						</HeartRateBpm>
						<Cadence>66</Cadence>
						<Extensions>
							<ns3:TPX>
								<ns3:Speed>3.830867</ns3:Speed>
								<ns3:Watts>294</ns3:Watts>
							</ns3:TPX>
						</Extensions>
					</Trackpoint>
					<Trackpoint>
						<Time>2026-02-22T11:13:46Z</Time>
						<Position>
							<LatitudeDegrees>46.644734</LatitudeDegrees>
							<LongitudeDegrees>13.845363</LongitudeDegrees>
						</Position>
						<AltitudeMeters>767.4</AltitudeMeters>
						<DistanceMeters>5332.733732</DistanceMeters>
						<HeartRateBpm>
							<Value>147</Value>
						</HeartRateBpm>
						<Cadence>66</Cadence>
						<Extensions>
							<ns3:TPX>
								<ns3:Speed>3.842067</ns3:Speed>
								<ns3:Watts>294</ns3:Watts>
							</ns3:TPX>
						</Extensions>
					</Trackpoint>
					<Trackpoint>
						<Time>2026-02-22T11:13:47Z</Time>
						<Position>
							<LatitudeDegrees>46.644684</LatitudeDegrees>
							<LongitudeDegrees>13.845389</LongitudeDegrees>
						</Position>
						<AltitudeMeters>768.2</AltitudeMeters>
						<DistanceMeters>5335.697283</DistanceMeters>
						<HeartRateBpm>
							<Value>147</Value>
						</HeartRateBpm>
						<Cadence>66</Cadence>
						<Extensions>
							<ns3:TPX>
								<ns3:Speed>3.8558</ns3:Speed>
								<ns3:Watts>294</ns3:Watts>
							</ns3:TPX>
						</Extensions>
					</Trackpoint>
					<Trackpoint>
						<Time>2026-02-22T11:13:48Z</Time>
						<Position>
							<LatitudeDegrees>46.64465</LatitudeDegrees>
							<LongitudeDegrees>13.845406</LongitudeDegrees>
						</Position>
						<AltitudeMeters>768.7</AltitudeMeters>
						<DistanceMeters>5337.65624</DistanceMeters>
						<HeartRateBpm>
							<Value>147</Value>
						</HeartRateBpm>
						<Cadence>66</Cadence>
						<Extensions>
							<ns3:TPX>
								<ns3:Speed>3.8666</ns3:Speed>
								<ns3:Watts>294</ns3:Watts>
							</ns3:TPX>
						</Extensions>
					</Trackpoint>
					<Trackpoint>
						<Time>2026-02-22T11:13:49Z</Time>
						<Position>
							<LatitudeDegrees>46.64465</LatitudeDegrees>
							<LongitudeDegrees>13.845406</LongitudeDegrees>
						</Position>
						<AltitudeMeters>768.7</AltitudeMeters>
						<DistanceMeters>5345.542298</DistanceMeters>
						<HeartRateBpm>
							<Value>146</Value>
						</HeartRateBpm>
						<Cadence>66</Cadence>
						<Extensions>
							<ns3:TPX>
								<ns3:Speed>3.8776</ns3:Speed>
								<ns3:Watts>294</ns3:Watts>
							</ns3:TPX>
						</Extensions>
					</Trackpoint>
					<Trackpoint>
						<Time>2026-02-22T11:13:50Z</Time>
						<Position>
							<LatitudeDegrees>46.6446</LatitudeDegrees>
							<LongitudeDegrees>13.845434</LongitudeDegrees>
						</Position>
						<AltitudeMeters>769.4</AltitudeMeters>
						<DistanceMeters>5348.556079</DistanceMeters>
						<HeartRateBpm>
							<Value>146</Value>
						</HeartRateBpm>
						<Cadence>66</Cadence>
						<Extensions>
							<ns3:TPX>
								<ns3:Speed>3.891067</ns3:Speed>
								<ns3:Watts>294</ns3:Watts>
							</ns3:TPX>
						</Extensions>
					</Trackpoint>
					<Trackpoint>
						<Time>2026-02-22T11:13:51Z</Time>
						<Position>
							<LatitudeDegrees>46.644567</LatitudeDegrees>
							<LongitudeDegrees>13.845453</LongitudeDegrees>
						</Position>
						<AltitudeMeters>769.9</AltitudeMeters>
						<DistanceMeters>5350.565266</DistanceMeters>
						<HeartRateBpm>
							<Value>146</Value>
						</HeartRateBpm>
						<Cadence>66</Cadence>
						<Extensions>
							<ns3:TPX>
								<ns3:Speed>3.905467</ns3:Speed>
								<ns3:Watts>294</ns3:Watts>
							</ns3:TPX>
						</Extensions>
					</Trackpoint>
					<Trackpoint>
						<Time>2026-02-22T11:13:52Z</Time>
						<Position>
							<LatitudeDegrees>46.644535</LatitudeDegrees>
							<LongitudeDegrees>13.845476</LongitudeDegrees>
						</Position>
						<AltitudeMeters>770.4</AltitudeMeters>
						<DistanceMeters>5352.574453</DistanceMeters>
						<HeartRateBpm>
							<Value>146</Value>
						</HeartRateBpm>
						<Cadence>66</Cadence>
						<Extensions>
							<ns3:TPX>
								<ns3:Speed>3.918</ns3:Speed>
								<ns3:Watts>294</ns3:Watts>
							</ns3:TPX>
						</Extensions>
					</Trackpoint>
					<Trackpoint>
						<Time>2026-02-22T11:13:53Z</Time>
						<Position>
							<LatitudeDegrees>46.644491</LatitudeDegrees>
							<LongitudeDegrees>13.845521</LongitudeDegrees>
						</Position>
						<AltitudeMeters>771.2</AltitudeMeters>
						<DistanceMeters>5355.588233</DistanceMeters>
						<HeartRateBpm>
							<Value>146</Value>
						</HeartRateBpm>
						<Cadence>67</Cadence>
						<Extensions>
							<ns3:TPX>
								<ns3:Speed>3.931867</ns3:Speed>
								<ns3:Watts>301</ns3:Watts>
							</ns3:TPX>
						</Extensions>
					</Trackpoint>
					<Trackpoint>
						<Time>2026-02-22T11:13:55Z</Time>
						<Position>
							<LatitudeDegrees>46.644452</LatitudeDegrees>
							<LongitudeDegrees>13.845575</LongitudeDegrees>
						</Position>
						<AltitudeMeters>771.9</AltitudeMeters>
						<DistanceMeters>5358.652243</DistanceMeters>
						<HeartRateBpm>
							<Value>146</Value>
						</HeartRateBpm>
						<Cadence>68</Cadence>
						<Extensions>
							<ns3:TPX>
								<ns3:Speed>3.950667</ns3:Speed>
								<ns3:Watts>308</ns3:Watts>
							</ns3:TPX>
						</Extensions>
					</Trackpoint>
					<Trackpoint>
						<Time>2026-02-22T11:13:56Z</Time>
						<Position>
							<LatitudeDegrees>46.644425</LatitudeDegrees>
							<LongitudeDegrees>13.845645</LongitudeDegrees>
						</Position>
						<AltitudeMeters>772.7</AltitudeMeters>
						<DistanceMeters>5361.766483</DistanceMeters>
						<HeartRateBpm>
							<Value>146</Value>
						</HeartRateBpm>
						<Cadence>68</Cadence>
						<Extensions>
							<ns3:TPX>
								<ns3:Speed>3.968533</ns3:Speed>
								<ns3:Watts>308</ns3:Watts>
							</ns3:TPX>
						</Extensions>
					</Trackpoint>
					<Trackpoint>
						<Time>2026-02-22T11:13:57Z</Time>
						<Position>
							<LatitudeDegrees>46.644425</LatitudeDegrees>
							<LongitudeDegrees>13.845645</LongitudeDegrees>
						</Position>
						<AltitudeMeters>772.7</AltitudeMeters>
						<DistanceMeters>5377.990667</DistanceMeters>
						<HeartRateBpm>
							<Value>146</Value>
						</HeartRateBpm>
						<Cadence>68</Cadence>
						<Extensions>
							<ns3:TPX>
								<ns3:Speed>3.985667</ns3:Speed>
								<ns3:Watts>308</ns3:Watts>
							</ns3:TPX>
						</Extensions>
					</Trackpoint>
					<Trackpoint>
						<Time>2026-02-22T11:13:58Z</Time>
						<Position>
							<LatitudeDegrees>46.644402</LatitudeDegrees>
							<LongitudeDegrees>13.845719</LongitudeDegrees>
						</Position>
						<AltitudeMeters>773.4</AltitudeMeters>
						<DistanceMeters>5381.104907</DistanceMeters>
						<HeartRateBpm>
							<Value>146</Value>
						</HeartRateBpm>
						<Cadence>67</Cadence>
						<Extensions>
							<ns3:TPX>
								<ns3:Speed>4.0024</ns3:Speed>
								<ns3:Watts>301</ns3:Watts>
							</ns3:TPX>
						</Extensions>
					</Trackpoint>
					<Trackpoint>
						<Time>2026-02-22T11:13:59Z</Time>
						<Position>
							<LatitudeDegrees>46.644384</LatitudeDegrees>
							<LongitudeDegrees>13.845796</LongitudeDegrees>
						</Position>
						<AltitudeMeters>774.1</AltitudeMeters>
						<DistanceMeters>5384.219147</DistanceMeters>
						<HeartRateBpm>
							<Value>146</Value>
						</HeartRateBpm>
						<Cadence>67</Cadence>
						<Extensions>
							<ns3:TPX>
								<ns3:Speed>4.017</ns3:Speed>
								<ns3:Watts>301</ns3:Watts>
							</ns3:TPX>
						</Extensions>
					</Trackpoint>
					<Trackpoint>
						<Time>2026-02-22T11:14:00Z</Time>
						<Position>
							<LatitudeDegrees>46.644384</LatitudeDegrees>
							<LongitudeDegrees>13.845796</LongitudeDegrees>
						</Position>
						<AltitudeMeters>774.1</AltitudeMeters>
						<DistanceMeters>5390.447626</DistanceMeters>
						<HeartRateBpm>
							<Value>146</Value>
						</HeartRateBpm>
						<Cadence>67</Cadence>
						<Extensions>
							<ns3:TPX>
								<ns3:Speed>4.0306</ns3:Speed>
								<ns3:Watts>301</ns3:Watts>
							</ns3:TPX>
						</Extensions>
					</Trackpoint>
					<Trackpoint>
						<Time>2026-02-22T11:14:01Z</Time>
						<Position>
							<LatitudeDegrees>46.644369</LatitudeDegrees>
							<LongitudeDegrees>13.845874</LongitudeDegrees>
						</Position>
						<AltitudeMeters>774.8</AltitudeMeters>
						<DistanceMeters>5393.561866</DistanceMeters>
						<HeartRateBpm>
							<Value>146</Value>
						</HeartRateBpm>
						<Cadence>65</Cadence>
						<Extensions>
							<ns3:TPX>
								<ns3:Speed>4.039067</ns3:Speed>
								<ns3:Watts>287</ns3:Watts>
							</ns3:TPX>
						</Extensions>
					</Trackpoint>
					<Trackpoint>
						<Time>2026-02-22T11:14:02Z</Time>
						<Position>
							<LatitudeDegrees>46.644356</LatitudeDegrees>
							<LongitudeDegrees>13.84595</LongitudeDegrees>
						</Position>
						<AltitudeMeters>775.6</AltitudeMeters>
						<DistanceMeters>5396.575647</DistanceMeters>
						<HeartRateBpm>
							<Value>146</Value>
						</HeartRateBpm>
						<Cadence>67</Cadence>
						<Extensions>
							<ns3:TPX>
								<ns3:Speed>4.046867</ns3:Speed>
								<ns3:Watts>301</ns3:Watts>
							</ns3:TPX>
						</Extensions>
					</Trackpoint>
					<Trackpoint>
						<Time>2026-02-22T11:14:03Z</Time>
						<Position>
							<LatitudeDegrees>46.644356</LatitudeDegrees>
							<LongitudeDegrees>13.84595</LongitudeDegrees>
						</Position>
						<AltitudeMeters>775.6</AltitudeMeters>
						<DistanceMeters>5402.703667</DistanceMeters>
						<HeartRateBpm>
							<Value>146</Value>
						</HeartRateBpm>
						<Cadence>67</Cadence>
						<Extensions>
							<ns3:TPX>
								<ns3:Speed>4.053533</ns3:Speed>
								<ns3:Watts>301</ns3:Watts>
							</ns3:TPX>
						</Extensions>
					</Trackpoint>
					<Trackpoint>
						<Time>2026-02-22T11:14:04Z</Time>
						<Position>
							<LatitudeDegrees>46.644348</LatitudeDegrees>
							<LongitudeDegrees>13.846029</LongitudeDegrees>
						</Position>
						<AltitudeMeters>776.3</AltitudeMeters>
						<DistanceMeters>5405.717447</DistanceMeters>
						<HeartRateBpm>
							<Value>146</Value>
						</HeartRateBpm>
						<Cadence>65</Cadence>
						<Extensions>
							<ns3:TPX>
								<ns3:Speed>4.0588</ns3:Speed>
								<ns3:Watts>287</ns3:Watts>
							</ns3:TPX>
						</Extensions>
					</Trackpoint>
					<Trackpoint>
						<Time>2026-02-22T11:14:05Z</Time>
						<Position>
							<LatitudeDegrees>46.644344</LatitudeDegrees>
							<LongitudeDegrees>13.846082</LongitudeDegrees>
						</Position>
						<AltitudeMeters>776.8</AltitudeMeters>
						<DistanceMeters>5407.776864</DistanceMeters>
						<HeartRateBpm>
							<Value>148</Value>
						</HeartRateBpm>
						<Cadence>65</Cadence>
						<Extensions>
							<ns3:TPX>
								<ns3:Speed>4.061133</ns3:Speed>
								<ns3:Watts>287</ns3:Watts>
							</ns3:TPX>
						</Extensions>
					</Trackpoint>
					<Trackpoint>
						<Time>2026-02-22T11:14:06Z</Time>
						<Position>
							<LatitudeDegrees>46.644348</LatitudeDegrees>
							<LongitudeDegrees>13.846158</LongitudeDegrees>
						</Position>
						<AltitudeMeters>777.5</AltitudeMeters>
						<DistanceMeters>5410.740415</DistanceMeters>
						<HeartRateBpm>
							<Value>148</Value>
						</HeartRateBpm>
						<Cadence>66</Cadence>
						<Extensions>
							<ns3:TPX>
								<ns3:Speed>4.0624</ns3:Speed>
								<ns3:Watts>294</ns3:Watts>
							</ns3:TPX>
						</Extensions>
					</Trackpoint>
					<Trackpoint>
						<Time>2026-02-22T11:14:07Z</Time>
						<Position>
							<LatitudeDegrees>46.644358</LatitudeDegrees>
							<LongitudeDegrees>13.846208</LongitudeDegrees>
						</Position>
						<AltitudeMeters>778</AltitudeMeters>
						<DistanceMeters>5412.749601</DistanceMeters>
						<HeartRateBpm>
							<Value>148</Value>
						</HeartRateBpm>
						<Cadence>66</Cadence>
						<Extensions>
							<ns3:TPX>
								<ns3:Speed>4.063667</ns3:Speed>
								<ns3:Watts>294</ns3:Watts>
							</ns3:TPX>
						</Extensions>
					</Trackpoint>
					<Trackpoint>
						<Time>2026-02-22T11:14:08Z</Time>
						<Position>
							<LatitudeDegrees>46.644369</LatitudeDegrees>
							<LongitudeDegrees>13.846258</LongitudeDegrees>
						</Position>
						<AltitudeMeters>778.5</AltitudeMeters>
						<DistanceMeters>5414.758788</DistanceMeters>
						<HeartRateBpm>
							<Value>148</Value>
						</HeartRateBpm>
						<Cadence>65</Cadence>
						<Extensions>
							<ns3:TPX>
								<ns3:Speed>4.0624</ns3:Speed>
								<ns3:Watts>287</ns3:Watts>
							</ns3:TPX>
						</Extensions>
					</Trackpoint>
					<Trackpoint>
						<Time>2026-02-22T11:14:10Z</Time>
						<Position>
							<LatitudeDegrees>46.644386</LatitudeDegrees>
							<LongitudeDegrees>13.846332</LongitudeDegrees>
						</Position>
						<AltitudeMeters>779.3</AltitudeMeters>
						<DistanceMeters>5417.772569</DistanceMeters>
						<HeartRateBpm>
							<Value>150</Value>
						</HeartRateBpm>
						<Cadence>66</Cadence>
						<Extensions>
							<ns3:TPX>
								<ns3:Speed>4.0596</ns3:Speed>
								<ns3:Watts>294</ns3:Watts>
							</ns3:TPX>
						</Extensions>
					</Trackpoint>
					<Trackpoint>
						<Time>2026-02-22T11:14:11Z</Time>
						<Position>
							<LatitudeDegrees>46.644403</LatitudeDegrees>
							<LongitudeDegrees>13.846406</LongitudeDegrees>
						</Position>
						<AltitudeMeters>780.1</AltitudeMeters>
						<DistanceMeters>5420.73612</DistanceMeters>
						<HeartRateBpm>
							<Value>150</Value>
						</HeartRateBpm>
						<Cadence>65</Cadence>
						<Extensions>
							<ns3:TPX>
								<ns3:Speed>4.048133</ns3:Speed>
								<ns3:Watts>287</ns3:Watts>
							</ns3:TPX>
						</Extensions>
					</Trackpoint>
					<Trackpoint>
						<Time>2026-02-22T11:14:12Z</Time>
						<Position>
							<LatitudeDegrees>46.644406</LatitudeDegrees>
							<LongitudeDegrees>13.846458</LongitudeDegrees>
						</Position>
						<AltitudeMeters>780.6</AltitudeMeters>
						<DistanceMeters>5422.695077</DistanceMeters>
						<HeartRateBpm>
							<Value>150</Value>
						</HeartRateBpm>
						<Cadence>63</Cadence>
						<Extensions>
							<ns3:TPX>
								<ns3:Speed>4.0288</ns3:Speed>
								<ns3:Watts>272</ns3:Watts>
							</ns3:TPX>
						</Extensions>
					</Trackpoint>
					<Trackpoint>
						<Time>2026-02-22T11:14:13Z</Time>
						<Position>
							<LatitudeDegrees>46.644406</LatitudeDegrees>
							<LongitudeDegrees>13.846458</LongitudeDegrees>
						</Position>
						<AltitudeMeters>780.6</AltitudeMeters>
						<DistanceMeters>5442.686487</DistanceMeters>
						<HeartRateBpm>
							<Value>150</Value>
						</HeartRateBpm>
						<Cadence>63</Cadence>
						<Extensions>
							<ns3:TPX>
								<ns3:Speed>4.009467</ns3:Speed>
								<ns3:Watts>272</ns3:Watts>
							</ns3:TPX>
						</Extensions>
					</Trackpoint>
					<Trackpoint>
						<Time>2026-02-22T11:14:14Z</Time>
						<Position>
							<LatitudeDegrees>46.644408</LatitudeDegrees>
							<LongitudeDegrees>13.846532</LongitudeDegrees>
						</Position>
						<AltitudeMeters>781.3</AltitudeMeters>
						<DistanceMeters>5445.599808</DistanceMeters>
						<HeartRateBpm>
							<Value>150</Value>
						</HeartRateBpm>
						<Cadence>66</Cadence>
						<Extensions>
							<ns3:TPX>
								<ns3:Speed>3.991067</ns3:Speed>
								<ns3:Watts>294</ns3:Watts>
							</ns3:TPX>
						</Extensions>
					</Trackpoint>
					<Trackpoint>
						<Time>2026-02-22T11:14:15Z</Time>
						<Position>
							<LatitudeDegrees>46.644408</LatitudeDegrees>
							<LongitudeDegrees>13.846609</LongitudeDegrees>
						</Position>
						<AltitudeMeters>782</AltitudeMeters>
						<DistanceMeters>5448.513129</DistanceMeters>
						<HeartRateBpm>
							<Value>151</Value>
						</HeartRateBpm>
						<Cadence>67</Cadence>
						<Extensions>
							<ns3:TPX>
								<ns3:Speed>3.9804</ns3:Speed>
								<ns3:Watts>301</ns3:Watts>
							</ns3:TPX>
						</Extensions>
					</Trackpoint>
					<Trackpoint>
						<Time>2026-02-22T11:14:16Z</Time>
						<Position>
							<LatitudeDegrees>46.644406</LatitudeDegrees>
							<LongitudeDegrees>13.846661</LongitudeDegrees>
						</Position>
						<AltitudeMeters>782.5</AltitudeMeters>
						<DistanceMeters>5450.522316</DistanceMeters>
						<HeartRateBpm>
							<Value>151</Value>
						</HeartRateBpm>
						<Cadence>67</Cadence>
						<Extensions>
							<ns3:TPX>
								<ns3:Speed>3.972333</ns3:Speed>
								<ns3:Watts>301</ns3:Watts>
							</ns3:TPX>
						</Extensions>
					</Trackpoint>
					<Trackpoint>
						<Time>2026-02-22T11:14:17Z</Time>
						<Position>
							<LatitudeDegrees>46.644405</LatitudeDegrees>
							<LongitudeDegrees>13.846713</LongitudeDegrees>
						</Position>
						<AltitudeMeters>783</AltitudeMeters>
						<DistanceMeters>5452.531503</DistanceMeters>
						<HeartRateBpm>
							<Value>151</Value>
						</HeartRateBpm>
						<Cadence>67</Cadence>
						<Extensions>
							<ns3:TPX>
								<ns3:Speed>3.970933</ns3:Speed>
								<ns3:Watts>301</ns3:Watts>
							</ns3:TPX>
						</Extensions>
					</Trackpoint>
					<Trackpoint>
						<Time>2026-02-22T11:14:18Z</Time>
						<Position>
							<LatitudeDegrees>46.644405</LatitudeDegrees>
							<LongitudeDegrees>13.846713</LongitudeDegrees>
						</Position>
						<AltitudeMeters>783</AltitudeMeters>
						<DistanceMeters>5462.376519</DistanceMeters>
						<HeartRateBpm>
							<Value>151</Value>
						</HeartRateBpm>
						<Cadence>67</Cadence>
						<Extensions>
							<ns3:TPX>
								<ns3:Speed>3.968933</ns3:Speed>
								<ns3:Watts>301</ns3:Watts>
							</ns3:TPX>
						</Extensions>
					</Trackpoint>
					<Trackpoint>
						<Time>2026-02-22T11:14:19Z</Time>
						<Position>
							<LatitudeDegrees>46.64443</LatitudeDegrees>
							<LongitudeDegrees>13.846783</LongitudeDegrees>
						</Position>
						<AltitudeMeters>783.9</AltitudeMeters>
						<DistanceMeters>5465.440529</DistanceMeters>
						<HeartRateBpm>
							<Value>151</Value>
						</HeartRateBpm>
						<Cadence>66</Cadence>
						<Extensions>
							<ns3:TPX>
								<ns3:Speed>3.966333</ns3:Speed>
								<ns3:Watts>294</ns3:Watts>
							</ns3:TPX>
						</Extensions>
					</Trackpoint>
					<Trackpoint>
						<Time>2026-02-22T11:14:20Z</Time>
						<Position>
							<LatitudeDegrees>46.644464</LatitudeDegrees>
							<LongitudeDegrees>13.846832</LongitudeDegrees>
						</Position>
						<AltitudeMeters>784.8</AltitudeMeters>
						<DistanceMeters>5468.40408</DistanceMeters>
						<HeartRateBpm>
							<Value>152</Value>
						</HeartRateBpm>
						<Cadence>66</Cadence>
						<Extensions>
							<ns3:TPX>
								<ns3:Speed>3.961267</ns3:Speed>
								<ns3:Watts>294</ns3:Watts>
							</ns3:TPX>
						</Extensions>
					</Trackpoint>
					<Trackpoint>
						<Time>2026-02-22T11:14:21Z</Time>
						<Position>
							<LatitudeDegrees>46.644464</LatitudeDegrees>
							<LongitudeDegrees>13.846832</LongitudeDegrees>
						</Position>
						<AltitudeMeters>784.8</AltitudeMeters>
						<DistanceMeters>5474.43164</DistanceMeters>
						<HeartRateBpm>
							<Value>152</Value>
						</HeartRateBpm>
						<Cadence>66</Cadence>
						<Extensions>
							<ns3:TPX>
								<ns3:Speed>3.959133</ns3:Speed>
								<ns3:Watts>294</ns3:Watts>
							</ns3:TPX>
						</Extensions>
					</Trackpoint>
					<Trackpoint>
						<Time>2026-02-22T11:14:22Z</Time>
						<Position>
							<LatitudeDegrees>46.644517</LatitudeDegrees>
							<LongitudeDegrees>13.846826</LongitudeDegrees>
						</Position>
						<AltitudeMeters>785.6</AltitudeMeters>
						<DistanceMeters>5477.445421</DistanceMeters>
						<HeartRateBpm>
							<Value>152</Value>
						</HeartRateBpm>
						<Cadence>68</Cadence>
						<Extensions>
							<ns3:TPX>
								<ns3:Speed>3.9592</ns3:Speed>
								<ns3:Watts>308</ns3:Watts>
							</ns3:TPX>
						</Extensions>
					</Trackpoint>
					<Trackpoint>
						<Time>2026-02-22T11:14:23Z</Time>
						<Position>
							<LatitudeDegrees>46.644553</LatitudeDegrees>
							<LongitudeDegrees>13.846822</LongitudeDegrees>
						</Position>
						<AltitudeMeters>786.1</AltitudeMeters>
						<DistanceMeters>5479.504837</DistanceMeters>
						<HeartRateBpm>
							<Value>152</Value>
						</HeartRateBpm>
						<Cadence>67</Cadence>
						<Extensions>
							<ns3:TPX>
								<ns3:Speed>3.9598</ns3:Speed>
								<ns3:Watts>301</ns3:Watts>
							</ns3:TPX>
						</Extensions>
					</Trackpoint>
					<Trackpoint>
						<Time>2026-02-22T11:14:24Z</Time>
						<Position>
							<LatitudeDegrees>46.644606</LatitudeDegrees>
							<LongitudeDegrees>13.846816</LongitudeDegrees>
						</Position>
						<AltitudeMeters>786.9</AltitudeMeters>
						<DistanceMeters>5482.468388</DistanceMeters>
						<HeartRateBpm>
							<Value>152</Value>
						</HeartRateBpm>
						<Cadence>66</Cadence>
						<Extensions>
							<ns3:TPX>
								<ns3:Speed>3.960067</ns3:Speed>
								<ns3:Watts>294</ns3:Watts>
							</ns3:TPX>
						</Extensions>
					</Trackpoint>
					<Trackpoint>
						<Time>2026-02-22T11:14:25Z</Time>
						<Position>
							<LatitudeDegrees>46.644642</LatitudeDegrees>
							<LongitudeDegrees>13.846811</LongitudeDegrees>
						</Position>
						<AltitudeMeters>787.5</AltitudeMeters>
						<DistanceMeters>5484.477575</DistanceMeters>
						<HeartRateBpm>
							<Value>152</Value>
						</HeartRateBpm>
						<Cadence>66</Cadence>
						<Extensions>
							<ns3:TPX>
								<ns3:Speed>3.957867</ns3:Speed>
								<ns3:Watts>294</ns3:Watts>
							</ns3:TPX>
						</Extensions>
					</Trackpoint>
					<Trackpoint>
						<Time>2026-02-22T11:14:26Z</Time>
						<Position>
							<LatitudeDegrees>46.644642</LatitudeDegrees>
							<LongitudeDegrees>13.846811</LongitudeDegrees>
						</Position>
						<AltitudeMeters>787.5</AltitudeMeters>
						<DistanceMeters>5494.52351</DistanceMeters>
						<HeartRateBpm>
							<Value>152</Value>
						</HeartRateBpm>
						<Cadence>66</Cadence>
						<Extensions>
							<ns3:TPX>
								<ns3:Speed>3.957533</ns3:Speed>
								<ns3:Watts>294</ns3:Watts>
							</ns3:TPX>
						</Extensions>
					</Trackpoint>
					<Trackpoint>
						<Time>2026-02-22T11:14:27Z</Time>
						<Position>
							<LatitudeDegrees>46.644695</LatitudeDegrees>
							<LongitudeDegrees>13.846817</LongitudeDegrees>
						</Position>
						<AltitudeMeters>788.3</AltitudeMeters>
						<DistanceMeters>5497.436831</DistanceMeters>
						<HeartRateBpm>
							<Value>152</Value>
						</HeartRateBpm>
						<Cadence>67</Cadence>
						<Extensions>
							<ns3:TPX>
								<ns3:Speed>3.963733</ns3:Speed>
								<ns3:Watts>301</ns3:Watts>
							</ns3:TPX>
						</Extensions>
					</Trackpoint>
					<Trackpoint>
						<Time>2026-02-22T11:14:28Z</Time>
						<Position>
							<LatitudeDegrees>46.644747</LatitudeDegrees>
							<LongitudeDegrees>13.846828</LongitudeDegrees>
						</Position>
						<AltitudeMeters>789.2</AltitudeMeters>
						<DistanceMeters>5500.450611</DistanceMeters>
						<HeartRateBpm>
							<Value>152</Value>
						</HeartRateBpm>
						<Cadence>66</Cadence>
						<Extensions>
							<ns3:TPX>
								<ns3:Speed>3.9696</ns3:Speed>
								<ns3:Watts>294</ns3:Watts>
							</ns3:TPX>
						</Extensions>
					</Trackpoint>
					<Trackpoint>
						<Time>2026-02-22T11:14:29Z</Time>
						<Position>
							<LatitudeDegrees>46.644782</LatitudeDegrees>
							<LongitudeDegrees>13.846838</LongitudeDegrees>
						</Position>
						<AltitudeMeters>789.8</AltitudeMeters>
						<DistanceMeters>5502.459798</DistanceMeters>
						<HeartRateBpm>
							<Value>152</Value>
						</HeartRateBpm>
						<Cadence>66</Cadence>
						<Extensions>
							<ns3:TPX>
								<ns3:Speed>3.9742</ns3:Speed>
								<ns3:Watts>294</ns3:Watts>
							</ns3:TPX>
						</Extensions>
					</Trackpoint>
					<Trackpoint>
						<Time>2026-02-22T11:14:30Z</Time>
						<Position>
							<LatitudeDegrees>46.644782</LatitudeDegrees>
							<LongitudeDegrees>13.846838</LongitudeDegrees>
						</Position>
						<AltitudeMeters>789.8</AltitudeMeters>
						<DistanceMeters>5510.396086</DistanceMeters>
						<HeartRateBpm>
							<Value>152</Value>
						</HeartRateBpm>
						<Cadence>66</Cadence>
						<Extensions>
							<ns3:TPX>
								<ns3:Speed>3.972867</ns3:Speed>
								<ns3:Watts>294</ns3:Watts>
							</ns3:TPX>
						</Extensions>
					</Trackpoint>
					<Trackpoint>
						<Time>2026-02-22T11:14:31Z</Time>
						<Position>
							<LatitudeDegrees>46.644834</LatitudeDegrees>
							<LongitudeDegrees>13.846857</LongitudeDegrees>
						</Position>
						<AltitudeMeters>790.6</AltitudeMeters>
						<DistanceMeters>5513.359637</DistanceMeters>
						<HeartRateBpm>
							<Value>152</Value>
						</HeartRateBpm>
						<Cadence>67</Cadence>
						<Extensions>
							<ns3:TPX>
								<ns3:Speed>3.973133</ns3:Speed>
								<ns3:Watts>301</ns3:Watts>
							</ns3:TPX>
						</Extensions>
					</Trackpoint>
					<Trackpoint>
						<Time>2026-02-22T11:14:32Z</Time>
						<Position>
							<LatitudeDegrees>46.644887</LatitudeDegrees>
							<LongitudeDegrees>13.846871</LongitudeDegrees>
						</Position>
						<AltitudeMeters>791.4</AltitudeMeters>
						<DistanceMeters>5516.373418</DistanceMeters>
						<HeartRateBpm>
							<Value>152</Value>
						</HeartRateBpm>
						<Cadence>66</Cadence>
						<Extensions>
							<ns3:TPX>
								<ns3:Speed>3.969933</ns3:Speed>
								<ns3:Watts>294</ns3:Watts>
							</ns3:TPX>
						</Extensions>
					</Trackpoint>
					<Trackpoint>
						<Time>2026-02-22T11:14:33Z</Time>
						<Position>
							<LatitudeDegrees>46.644887</LatitudeDegrees>
							<LongitudeDegrees>13.846871</LongitudeDegrees>
						</Position>
						<AltitudeMeters>791.4</AltitudeMeters>
						<DistanceMeters>5522.350749</DistanceMeters>
						<HeartRateBpm>
							<Value>152</Value>
						</HeartRateBpm>
						<Cadence>66</Cadence>
						<Extensions>
							<ns3:TPX>
								<ns3:Speed>3.966733</ns3:Speed>
								<ns3:Watts>294</ns3:Watts>
							</ns3:TPX>
						</Extensions>
					</Trackpoint>
					<Trackpoint>
						<Time>2026-02-22T11:14:34Z</Time>
						<Position>
							<LatitudeDegrees>46.64494</LatitudeDegrees>
							<LongitudeDegrees>13.846881</LongitudeDegrees>
						</Position>
						<AltitudeMeters>792.2</AltitudeMeters>
						<DistanceMeters>5525.314299</DistanceMeters>
						<HeartRateBpm>
							<Value>152</Value>
						</HeartRateBpm>
						<Cadence>66</Cadence>
						<Extensions>
							<ns3:TPX>
								<ns3:Speed>3.9626</ns3:Speed>
								<ns3:Watts>294</ns3:Watts>
							</ns3:TPX>
						</Extensions>
					</Trackpoint>
					<Trackpoint>
						<Time>2026-02-22T11:14:35Z</Time>
						<Position>
							<LatitudeDegrees>46.644993</LatitudeDegrees>
							<LongitudeDegrees>13.84688</LongitudeDegrees>
						</Position>
						<AltitudeMeters>793</AltitudeMeters>
						<DistanceMeters>5528.27785</DistanceMeters>
						<HeartRateBpm>
							<Value>152</Value>
						</HeartRateBpm>
						<Cadence>66</Cadence>
						<Extensions>
							<ns3:TPX>
								<ns3:Speed>3.961067</ns3:Speed>
								<ns3:Watts>294</ns3:Watts>
							</ns3:TPX>
						</Extensions>
					</Trackpoint>
					<Trackpoint>
						<Time>2026-02-22T11:14:36Z</Time>
						<Position>
							<LatitudeDegrees>46.645028</LatitudeDegrees>
							<LongitudeDegrees>13.846873</LongitudeDegrees>
						</Position>
						<AltitudeMeters>793.5</AltitudeMeters>
						<DistanceMeters>5530.287037</DistanceMeters>
						<HeartRateBpm>
							<Value>152</Value>
						</HeartRateBpm>
						<Cadence>67</Cadence>
						<Extensions>
							<ns3:TPX>
								<ns3:Speed>3.961667</ns3:Speed>
								<ns3:Watts>301</ns3:Watts>
							</ns3:TPX>
						</Extensions>
					</Trackpoint>
					<Trackpoint>
						<Time>2026-02-22T11:14:37Z</Time>
						<Position>
							<LatitudeDegrees>46.645064</LatitudeDegrees>
							<LongitudeDegrees>13.846867</LongitudeDegrees>
						</Position>
						<AltitudeMeters>794</AltitudeMeters>
						<DistanceMeters>5532.296224</DistanceMeters>
						<HeartRateBpm>
							<Value>152</Value>
						</HeartRateBpm>
						<Cadence>67</Cadence>
						<Extensions>
							<ns3:TPX>
								<ns3:Speed>3.961667</ns3:Speed>
								<ns3:Watts>301</ns3:Watts>
							</ns3:TPX>
						</Extensions>
					</Trackpoint>
					<Trackpoint>
						<Time>2026-02-22T11:14:38Z</Time>
						<Position>
							<LatitudeDegrees>46.645064</LatitudeDegrees>
							<LongitudeDegrees>13.846867</LongitudeDegrees>
						</Position>
						<AltitudeMeters>794</AltitudeMeters>
						<DistanceMeters>5542.241699</DistanceMeters>
						<HeartRateBpm>
							<Value>152</Value>
						</HeartRateBpm>
						<Cadence>67</Cadence>
						<Extensions>
							<ns3:TPX>
								<ns3:Speed>3.960733</ns3:Speed>
								<ns3:Watts>301</ns3:Watts>
							</ns3:TPX>
						</Extensions>
					</Trackpoint>
					<Trackpoint>
						<Time>2026-02-22T11:14:39Z</Time>
						<Position>
							<LatitudeDegrees>46.645117</LatitudeDegrees>
							<LongitudeDegrees>13.846858</LongitudeDegrees>
						</Position>
						<AltitudeMeters>794.7</AltitudeMeters>
						<DistanceMeters>5545.25548</DistanceMeters>
						<HeartRateBpm>
							<Value>152</Value>
						</HeartRateBpm>
						<Cadence>68</Cadence>
						<Extensions>
							<ns3:TPX>
								<ns3:Speed>3.964867</ns3:Speed>
								<ns3:Watts>308</ns3:Watts>
							</ns3:TPX>
						</Extensions>
					</Trackpoint>
					<Trackpoint>
						<Time>2026-02-22T11:14:40Z</Time>
						<Position>
							<LatitudeDegrees>46.645153</LatitudeDegrees>
							<LongitudeDegrees>13.846852</LongitudeDegrees>
						</Position>
						<AltitudeMeters>795.2</AltitudeMeters>
						<DistanceMeters>5547.264667</DistanceMeters>
						<HeartRateBpm>
							<Value>152</Value>
						</HeartRateBpm>
						<Cadence>68</Cadence>
						<Extensions>
							<ns3:TPX>
								<ns3:Speed>3.9728</ns3:Speed>
								<ns3:Watts>308</ns3:Watts>
							</ns3:TPX>
						</Extensions>
					</Trackpoint>
					<Trackpoint>
						<Time>2026-02-22T11:14:41Z</Time>
						<Position>
							<LatitudeDegrees>46.64519</LatitudeDegrees>
							<LongitudeDegrees>13.846847</LongitudeDegrees>
						</Position>
						<AltitudeMeters>795.7</AltitudeMeters>
						<DistanceMeters>5549.324083</DistanceMeters>
						<HeartRateBpm>
							<Value>152</Value>
						</HeartRateBpm>
						<Cadence>67</Cadence>
						<Extensions>
							<ns3:TPX>
								<ns3:Speed>3.9812</ns3:Speed>
								<ns3:Watts>301</ns3:Watts>
							</ns3:TPX>
						</Extensions>
					</Trackpoint>
					<Trackpoint>
						<Time>2026-02-22T11:14:42Z</Time>
						<Position>
							<LatitudeDegrees>46.645244</LatitudeDegrees>
							<LongitudeDegrees>13.846842</LongitudeDegrees>
						</Position>
						<AltitudeMeters>796.5</AltitudeMeters>
						<DistanceMeters>5552.388093</DistanceMeters>
						<HeartRateBpm>
							<Value>152</Value>
						</HeartRateBpm>
						<Cadence>66</Cadence>
						<Extensions>
							<ns3:TPX>
								<ns3:Speed>3.9866</ns3:Speed>
								<ns3:Watts>294</ns3:Watts>
							</ns3:TPX>
						</Extensions>
					</Trackpoint>
					<Trackpoint>
						<Time>2026-02-22T11:14:43Z</Time>
						<Position>
							<LatitudeDegrees>46.645244</LatitudeDegrees>
							<LongitudeDegrees>13.846842</LongitudeDegrees>
						</Position>
						<AltitudeMeters>796.5</AltitudeMeters>
						<DistanceMeters>5562.534487</DistanceMeters>
						<HeartRateBpm>
							<Value>152</Value>
						</HeartRateBpm>
						<Cadence>66</Cadence>
						<Extensions>
							<ns3:TPX>
								<ns3:Speed>3.992333</ns3:Speed>
								<ns3:Watts>294</ns3:Watts>
							</ns3:TPX>
						</Extensions>
					</Trackpoint>
					<Trackpoint>
						<Time>2026-02-22T11:14:44Z</Time>
						<Position>
							<LatitudeDegrees>46.645298</LatitudeDegrees>
							<LongitudeDegrees>13.846842</LongitudeDegrees>
						</Position>
						<AltitudeMeters>797.3</AltitudeMeters>
						<DistanceMeters>5565.498038</DistanceMeters>
						<HeartRateBpm>
							<Value>151</Value>
						</HeartRateBpm>
						<Cadence>64</Cadence>
						<Extensions>
							<ns3:TPX>
								<ns3:Speed>3.992667</ns3:Speed>
								<ns3:Watts>279</ns3:Watts>
							</ns3:TPX>
						</Extensions>
					</Trackpoint>
					<Trackpoint>
						<Time>2026-02-22T11:14:45Z</Time>
						<Position>
							<LatitudeDegrees>46.645333</LatitudeDegrees>
							<LongitudeDegrees>13.846847</LongitudeDegrees>
						</Position>
						<AltitudeMeters>797.8</AltitudeMeters>
						<DistanceMeters>5567.507225</DistanceMeters>
						<HeartRateBpm>
							<Value>151</Value>
						</HeartRateBpm>
						<Cadence>65</Cadence>
						<Extensions>
							<ns3:TPX>
								<ns3:Speed>3.991</ns3:Speed>
								<ns3:Watts>287</ns3:Watts>
							</ns3:TPX>
						</Extensions>
					</Trackpoint>
					<Trackpoint>
						<Time>2026-02-22T11:14:46Z</Time>
						<Position>
							<LatitudeDegrees>46.645368</LatitudeDegrees>
							<LongitudeDegrees>13.846852</LongitudeDegrees>
						</Position>
						<AltitudeMeters>798.3</AltitudeMeters>
						<DistanceMeters>5569.466182</DistanceMeters>
						<HeartRateBpm>
							<Value>151</Value>
						</HeartRateBpm>
						<Cadence>66</Cadence>
						<Extensions>
							<ns3:TPX>
								<ns3:Speed>3.9866</ns3:Speed>
								<ns3:Watts>294</ns3:Watts>
							</ns3:TPX>
						</Extensions>
					</Trackpoint>
					<Trackpoint>
						<Time>2026-02-22T11:14:47Z</Time>
						<Position>
							<LatitudeDegrees>46.645381</LatitudeDegrees>
							<LongitudeDegrees>13.846917</LongitudeDegrees>
						</Position>
						<AltitudeMeters>799</AltitudeMeters>
						<DistanceMeters>5572.429733</DistanceMeters>
						<HeartRateBpm>
							<Value>151</Value>
						</HeartRateBpm>
						<Cadence>67</Cadence>
						<Extensions>
							<ns3:TPX>
								<ns3:Speed>3.988933</ns3:Speed>
								<ns3:Watts>301</ns3:Watts>
							</ns3:TPX>
						</Extensions>
					</Trackpoint>
					<Trackpoint>
						<Time>2026-02-22T11:14:48Z</Time>
						<Position>
							<LatitudeDegrees>46.645383</LatitudeDegrees>
							<LongitudeDegrees>13.846969</LongitudeDegrees>
						</Position>
						<AltitudeMeters>799.6</AltitudeMeters>
						<DistanceMeters>5574.48915</DistanceMeters>
						<HeartRateBpm>
							<Value>151</Value>
						</HeartRateBpm>
						<Cadence>66</Cadence>
						<Extensions>
							<ns3:TPX>
								<ns3:Speed>3.991267</ns3:Speed>
								<ns3:Watts>294</ns3:Watts>
							</ns3:TPX>
						</Extensions>
					</Trackpoint>
					<Trackpoint>
						<Time>2026-02-22T11:14:50Z</Time>
						<Position>
							<LatitudeDegrees>46.645363</LatitudeDegrees>
							<LongitudeDegrees>13.847038</LongitudeDegrees>
						</Position>
						<AltitudeMeters>800.2</AltitudeMeters>
						<DistanceMeters>5577.4527</DistanceMeters>
						<HeartRateBpm>
							<Value>151</Value>
						</HeartRateBpm>
						<Cadence>65</Cadence>
						<Extensions>
							<ns3:TPX>
								<ns3:Speed>3.992267</ns3:Speed>
								<ns3:Watts>287</ns3:Watts>
							</ns3:TPX>
						</Extensions>
					</Trackpoint>
					<Trackpoint>
						<Time>2026-02-22T11:14:51Z</Time>
						<Position>
							<LatitudeDegrees>46.645335</LatitudeDegrees>
							<LongitudeDegrees>13.847104</LongitudeDegrees>
						</Position>
						<AltitudeMeters>800.9</AltitudeMeters>
						<DistanceMeters>5580.416251</DistanceMeters>
						<HeartRateBpm>
							<Value>151</Value>
						</HeartRateBpm>
						<Cadence>65</Cadence>
						<Extensions>
							<ns3:TPX>
								<ns3:Speed>3.993733</ns3:Speed>
								<ns3:Watts>287</ns3:Watts>
							</ns3:TPX>
						</Extensions>
					</Trackpoint>
					<Trackpoint>
						<Time>2026-02-22T11:14:52Z</Time>
						<Position>
							<LatitudeDegrees>46.645335</LatitudeDegrees>
							<LongitudeDegrees>13.847104</LongitudeDegrees>
						</Position>
						<AltitudeMeters>800.9</AltitudeMeters>
						<DistanceMeters>5598.298015</DistanceMeters>
						<HeartRateBpm>
							<Value>151</Value>
						</HeartRateBpm>
						<Cadence>65</Cadence>
						<Extensions>
							<ns3:TPX>
								<ns3:Speed>3.993067</ns3:Speed>
								<ns3:Watts>287</ns3:Watts>
							</ns3:TPX>
						</Extensions>
					</Trackpoint>
					<Trackpoint>
						<Time>2026-02-22T11:14:53Z</Time>
						<Position>
							<LatitudeDegrees>46.645299</LatitudeDegrees>
							<LongitudeDegrees>13.847162</LongitudeDegrees>
						</Position>
						<AltitudeMeters>801.5</AltitudeMeters>
						<DistanceMeters>5601.311795</DistanceMeters>
						<HeartRateBpm>
							<Value>151</Value>
						</HeartRateBpm>
						<Cadence>64</Cadence>
						<Extensions>
							<ns3:TPX>
								<ns3:Speed>3.9912</ns3:Speed>
								<ns3:Watts>279</ns3:Watts>
							</ns3:TPX>
						</Extensions>
					</Trackpoint>
					<Trackpoint>
						<Time>2026-02-22T11:14:54Z</Time>
						<Position>
							<LatitudeDegrees>46.645262</LatitudeDegrees>
							<LongitudeDegrees>13.847218</LongitudeDegrees>
						</Position>
						<AltitudeMeters>802</AltitudeMeters>
						<DistanceMeters>5604.275346</DistanceMeters>
						<HeartRateBpm>
							<Value>151</Value>
						</HeartRateBpm>
						<Cadence>63</Cadence>
						<Extensions>
							<ns3:TPX>
								<ns3:Speed>3.9866</ns3:Speed>
								<ns3:Watts>272</ns3:Watts>
							</ns3:TPX>
						</Extensions>
					</Trackpoint>
					<Trackpoint>
						<Time>2026-02-22T11:14:56Z</Time>
						<Position>
							<LatitudeDegrees>46.645222</LatitudeDegrees>
							<LongitudeDegrees>13.847267</LongitudeDegrees>
						</Position>
						<AltitudeMeters>802.5</AltitudeMeters>
						<DistanceMeters>5607.238897</DistanceMeters>
						<HeartRateBpm>
							<Value>151</Value>
						</HeartRateBpm>
						<Cadence>64</Cadence>
						<Extensions>
							<ns3:TPX>
								<ns3:Speed>3.980133</ns3:Speed>
								<ns3:Watts>279</ns3:Watts>
							</ns3:TPX>
						</Extensions>
					</Trackpoint>
					<Trackpoint>
						<Time>2026-02-22T11:14:57Z</Time>
						<Position>
							<LatitudeDegrees>46.64518</LatitudeDegrees>
							<LongitudeDegrees>13.847315</LongitudeDegrees>
						</Position>
						<AltitudeMeters>803.1</AltitudeMeters>
						<DistanceMeters>5610.252677</DistanceMeters>
						<HeartRateBpm>
							<Value>151</Value>
						</HeartRateBpm>
						<Cadence>65</Cadence>
						<Extensions>
							<ns3:TPX>
								<ns3:Speed>3.977533</ns3:Speed>
								<ns3:Watts>287</ns3:Watts>
							</ns3:TPX>
						</Extensions>
					</Trackpoint>
					<Trackpoint>
						<Time>2026-02-22T11:14:58Z</Time>
						<Position>
							<LatitudeDegrees>46.64518</LatitudeDegrees>
							<LongitudeDegrees>13.847315</LongitudeDegrees>
						</Position>
						<AltitudeMeters>803.1</AltitudeMeters>
						<DistanceMeters>5622.207339</DistanceMeters>
						<HeartRateBpm>
							<Value>151</Value>
						</HeartRateBpm>
						<Cadence>65</Cadence>
						<Extensions>
							<ns3:TPX>
								<ns3:Speed>3.974467</ns3:Speed>
								<ns3:Watts>287</ns3:Watts>
							</ns3:TPX>
						</Extensions>
					</Trackpoint>
					<Trackpoint>
						<Time>2026-02-22T11:14:59Z</Time>
						<Position>
							<LatitudeDegrees>46.645136</LatitudeDegrees>
							<LongitudeDegrees>13.847364</LongitudeDegrees>
						</Position>
						<AltitudeMeters>803.6</AltitudeMeters>
						<DistanceMeters>5625.271349</DistanceMeters>
						<HeartRateBpm>
							<Value>152</Value>
						</HeartRateBpm>
						<Cadence>66</Cadence>
						<Extensions>
							<ns3:TPX>
								<ns3:Speed>3.982733</ns3:Speed>
								<ns3:Watts>294</ns3:Watts>
							</ns3:TPX>
						</Extensions>
					</Trackpoint>
					<Trackpoint>
						<Time>2026-02-22T11:15:00Z</Time>
						<Position>
							<LatitudeDegrees>46.645107</LatitudeDegrees>
							<LongitudeDegrees>13.847398</LongitudeDegrees>
						</Position>
						<AltitudeMeters>804</AltitudeMeters>
						<DistanceMeters>5627.431225</DistanceMeters>
						<HeartRateBpm>
							<Value>152</Value>
						</HeartRateBpm>
						<Cadence>67</Cadence>
						<Extensions>
							<ns3:TPX>
								<ns3:Speed>3.9962</ns3:Speed>
								<ns3:Watts>301</ns3:Watts>
							</ns3:TPX>
						</Extensions>
					</Trackpoint>
					<Trackpoint>
						<Time>2026-02-22T11:15:01Z</Time>
						<Position>
							<LatitudeDegrees>46.645077</LatitudeDegrees>
							<LongitudeDegrees>13.847433</LongitudeDegrees>
						</Position>
						<AltitudeMeters>804.3</AltitudeMeters>
						<DistanceMeters>5629.591101</DistanceMeters>
						<HeartRateBpm>
							<Value>152</Value>
						</HeartRateBpm>
						<Cadence>68</Cadence>
						<Extensions>
							<ns3:TPX>
								<ns3:Speed>4.022067</ns3:Speed>
								<ns3:Watts>308</ns3:Watts>
							</ns3:TPX>
						</Extensions>
					</Trackpoint>
					<Trackpoint>
						<Time>2026-02-22T11:15:02Z</Time>
						<Position>
							<LatitudeDegrees>46.645031</LatitudeDegrees>
							<LongitudeDegrees>13.847486</LongitudeDegrees>
						</Position>
						<AltitudeMeters>804.9</AltitudeMeters>
						<DistanceMeters>5632.90626</DistanceMeters>
						<HeartRateBpm>
							<Value>152</Value>
						</HeartRateBpm>
						<Cadence>68</Cadence>
						<Extensions>
							<ns3:TPX>
								<ns3:Speed>4.057267</ns3:Speed>
								<ns3:Watts>308</ns3:Watts>
							</ns3:TPX>
						</Extensions>
					</Trackpoint>
					<Trackpoint>
						<Time>2026-02-22T11:15:03Z</Time>
						<Position>
							<LatitudeDegrees>46.645031</LatitudeDegrees>
							<LongitudeDegrees>13.847486</LongitudeDegrees>
						</Position>
						<AltitudeMeters>804.9</AltitudeMeters>
						<DistanceMeters>5643.60518</DistanceMeters>
						<HeartRateBpm>
							<Value>152</Value>
						</HeartRateBpm>
						<Cadence>68</Cadence>
						<Extensions>
							<ns3:TPX>
								<ns3:Speed>4.091</ns3:Speed>
								<ns3:Watts>308</ns3:Watts>
							</ns3:TPX>
						</Extensions>
					</Trackpoint>
					<Trackpoint>
						<Time>2026-02-22T11:15:04Z</Time>
						<Position>
							<LatitudeDegrees>46.644988</LatitudeDegrees>
							<LongitudeDegrees>13.847546</LongitudeDegrees>
						</Position>
						<AltitudeMeters>805.5</AltitudeMeters>
						<DistanceMeters>5646.920339</DistanceMeters>
						<HeartRateBpm>
							<Value>152</Value>
						</HeartRateBpm>
						<Cadence>67</Cadence>
						<Extensions>
							<ns3:TPX>
								<ns3:Speed>4.121133</ns3:Speed>
								<ns3:Watts>301</ns3:Watts>
							</ns3:TPX>
						</Extensions>
					</Trackpoint>
					<Trackpoint>
						<Time>2026-02-22T11:15:05Z</Time>
						<Position>
							<LatitudeDegrees>46.644961</LatitudeDegrees>
							<LongitudeDegrees>13.84759</LongitudeDegrees>
						</Position>
						<AltitudeMeters>805.9</AltitudeMeters>
						<DistanceMeters>5649.180674</DistanceMeters>
						<HeartRateBpm>
							<Value>152</Value>
						</HeartRateBpm>
						<Cadence>67</Cadence>
						<Extensions>
							<ns3:TPX>
								<ns3:Speed>4.152</ns3:Speed>
								<ns3:Watts>301</ns3:Watts>
							</ns3:TPX>
						</Extensions>
					</Trackpoint>
					<Trackpoint>
						<Time>2026-02-22T11:15:06Z</Time>
						<Position>
							<LatitudeDegrees>46.644935</LatitudeDegrees>
							<LongitudeDegrees>13.847636</LongitudeDegrees>
						</Position>
						<AltitudeMeters>806.3</AltitudeMeters>
						<DistanceMeters>5651.441009</DistanceMeters>
						<HeartRateBpm>
							<Value>152</Value>
						</HeartRateBpm>
						<Cadence>67</Cadence>
						<Extensions>
							<ns3:TPX>
								<ns3:Speed>4.186333</ns3:Speed>
								<ns3:Watts>301</ns3:Watts>
							</ns3:TPX>
						</Extensions>
					</Trackpoint>
					<Trackpoint>
						<Time>2026-02-22T11:15:07Z</Time>
						<Position>
							<LatitudeDegrees>46.644897</LatitudeDegrees>
							<LongitudeDegrees>13.847703</LongitudeDegrees>
						</Position>
						<AltitudeMeters>806.9</AltitudeMeters>
						<DistanceMeters>5654.806397</DistanceMeters>
						<HeartRateBpm>
							<Value>152</Value>
						</HeartRateBpm>
						<Cadence>66</Cadence>
						<Extensions>
							<ns3:TPX>
								<ns3:Speed>4.2188</ns3:Speed>
								<ns3:Watts>294</ns3:Watts>
							</ns3:TPX>
						</Extensions>
					</Trackpoint>
					<Trackpoint>
						<Time>2026-02-22T11:15:08Z</Time>
						<Position>
							<LatitudeDegrees>46.644872</LatitudeDegrees>
							<LongitudeDegrees>13.847749</LongitudeDegrees>
						</Position>
						<AltitudeMeters>807.3</AltitudeMeters>
						<DistanceMeters>5657.016503</DistanceMeters>
						<HeartRateBpm>
							<Value>151</Value>
						</HeartRateBpm>
						<Cadence>66</Cadence>
						<Extensions>
							<ns3:TPX>
								<ns3:Speed>4.2498</ns3:Speed>
								<ns3:Watts>294</ns3:Watts>
							</ns3:TPX>
						</Extensions>
					</Trackpoint>
					<Trackpoint>
						<Time>2026-02-22T11:15:09Z</Time>
						<Position>
							<LatitudeDegrees>46.644872</LatitudeDegrees>
							<LongitudeDegrees>13.847749</LongitudeDegrees>
						</Position>
						<AltitudeMeters>807.3</AltitudeMeters>
						<DistanceMeters>5670.427826</DistanceMeters>
						<HeartRateBpm>
							<Value>151</Value>
						</HeartRateBpm>
						<Cadence>66</Cadence>
						<Extensions>
							<ns3:TPX>
								<ns3:Speed>4.2806</ns3:Speed>
								<ns3:Watts>294</ns3:Watts>
							</ns3:TPX>
						</Extensions>
					</Trackpoint>
					<Trackpoint>
						<Time>2026-02-22T11:15:10Z</Time>
						<Position>
							<LatitudeDegrees>46.644835</LatitudeDegrees>
							<LongitudeDegrees>13.847816</LongitudeDegrees>
						</Position>
						<AltitudeMeters>807.8</AltitudeMeters>
						<DistanceMeters>5673.793214</DistanceMeters>
						<HeartRateBpm>
							<Value>151</Value>
						</HeartRateBpm>
						<Cadence>69</Cadence>
						<Extensions>
							<ns3:TPX>
								<ns3:Speed>4.318267</ns3:Speed>
								<ns3:Watts>315</ns3:Watts>
							</ns3:TPX>
						</Extensions>
					</Trackpoint>
					<Trackpoint>
						<Time>2026-02-22T11:15:11Z</Time>
						<Position>
							<LatitudeDegrees>46.644809</LatitudeDegrees>
							<LongitudeDegrees>13.847862</LongitudeDegrees>
						</Position>
						<AltitudeMeters>808.2</AltitudeMeters>
						<DistanceMeters>5676.053549</DistanceMeters>
						<HeartRateBpm>
							<Value>151</Value>
						</HeartRateBpm>
						<Cadence>66</Cadence>
						<Extensions>
							<ns3:TPX>
								<ns3:Speed>4.355</ns3:Speed>
								<ns3:Watts>294</ns3:Watts>
							</ns3:TPX>
						</Extensions>
					</Trackpoint>
					<Trackpoint>
						<Time>2026-02-22T11:15:12Z</Time>
						<Position>
							<LatitudeDegrees>46.644786</LatitudeDegrees>
							<LongitudeDegrees>13.847942</LongitudeDegrees>
						</Position>
						<AltitudeMeters>808.9</AltitudeMeters>
						<DistanceMeters>5679.318478</DistanceMeters>
						<HeartRateBpm>
							<Value>151</Value>
						</HeartRateBpm>
						<Cadence>63</Cadence>
						<Extensions>
							<ns3:TPX>
								<ns3:Speed>4.372267</ns3:Speed>
								<ns3:Watts>272</ns3:Watts>
							</ns3:TPX>
						</Extensions>
					</Trackpoint>
					<Trackpoint>
						<Time>2026-02-22T11:15:13Z</Time>
						<Position>
							<LatitudeDegrees>46.644786</LatitudeDegrees>
							<LongitudeDegrees>13.847942</LongitudeDegrees>
						</Position>
						<AltitudeMeters>808.9</AltitudeMeters>
						<DistanceMeters>5688.20913</DistanceMeters>
						<HeartRateBpm>
							<Value>150</Value>
						</HeartRateBpm>
						<Cadence>63</Cadence>
						<Extensions>
							<ns3:TPX>
								<ns3:Speed>4.389533</ns3:Speed>
								<ns3:Watts>272</ns3:Watts>
							</ns3:TPX>
						</Extensions>
					</Trackpoint>
					<Trackpoint>
						<Time>2026-02-22T11:15:14Z</Time>
						<Position>
							<LatitudeDegrees>46.644767</LatitudeDegrees>
							<LongitudeDegrees>13.84802</LongitudeDegrees>
						</Position>
						<AltitudeMeters>809.5</AltitudeMeters>
						<DistanceMeters>5691.3736</DistanceMeters>
						<HeartRateBpm>
							<Value>150</Value>
						</HeartRateBpm>
						<Cadence>64</Cadence>
						<Extensions>
							<ns3:TPX>
								<ns3:Speed>4.389133</ns3:Speed>
								<ns3:Watts>279</ns3:Watts>
							</ns3:TPX>
						</Extensions>
					</Trackpoint>
					<Trackpoint>
						<Time>2026-02-22T11:15:15Z</Time>
						<Position>
							<LatitudeDegrees>46.644761</LatitudeDegrees>
							<LongitudeDegrees>13.848074</LongitudeDegrees>
						</Position>
						<AltitudeMeters>810</AltitudeMeters>
						<DistanceMeters>5693.483246</DistanceMeters>
						<HeartRateBpm>
							<Value>150</Value>
						</HeartRateBpm>
						<Cadence>64</Cadence>
						<Extensions>
							<ns3:TPX>
								<ns3:Speed>4.380867</ns3:Speed>
								<ns3:Watts>279</ns3:Watts>
							</ns3:TPX>
						</Extensions>
					</Trackpoint>
					<Trackpoint>
						<Time>2026-02-22T11:15:16Z</Time>
						<Position>
							<LatitudeDegrees>46.644752</LatitudeDegrees>
							<LongitudeDegrees>13.848153</LongitudeDegrees>
						</Position>
						<AltitudeMeters>810.6</AltitudeMeters>
						<DistanceMeters>5696.547256</DistanceMeters>
						<HeartRateBpm>
							<Value>150</Value>
						</HeartRateBpm>
						<Cadence>64</Cadence>
						<Extensions>
							<ns3:TPX>
								<ns3:Speed>4.3634</ns3:Speed>
								<ns3:Watts>279</ns3:Watts>
							</ns3:TPX>
						</Extensions>
					</Trackpoint>
					<Trackpoint>
						<Time>2026-02-22T11:15:17Z</Time>
						<Position>
							<LatitudeDegrees>46.644752</LatitudeDegrees>
							<LongitudeDegrees>13.848153</LongitudeDegrees>
						</Position>
						<AltitudeMeters>810.6</AltitudeMeters>
						<DistanceMeters>5704.885382</DistanceMeters>
						<HeartRateBpm>
							<Value>150</Value>
						</HeartRateBpm>
						<Cadence>64</Cadence>
						<Extensions>
							<ns3:TPX>
								<ns3:Speed>4.3386</ns3:Speed>
								<ns3:Watts>279</ns3:Watts>
							</ns3:TPX>
						</Extensions>
					</Trackpoint>
					<Trackpoint>
						<Time>2026-02-22T11:15:18Z</Time>
						<Position>
							<LatitudeDegrees>46.644748</LatitudeDegrees>
							<LongitudeDegrees>13.848233</LongitudeDegrees>
						</Position>
						<AltitudeMeters>811.4</AltitudeMeters>
						<DistanceMeters>5707.949392</DistanceMeters>
						<HeartRateBpm>
							<Value>150</Value>
						</HeartRateBpm>
						<Cadence>65</Cadence>
						<Extensions>
							<ns3:TPX>
								<ns3:Speed>4.315133</ns3:Speed>
								<ns3:Watts>287</ns3:Watts>
							</ns3:TPX>
						</Extensions>
					</Trackpoint>
					<Trackpoint>
						<Time>2026-02-22T11:15:19Z</Time>
						<Position>
							<LatitudeDegrees>46.644745</LatitudeDegrees>
							<LongitudeDegrees>13.848286</LongitudeDegrees>
						</Position>
						<AltitudeMeters>811.9</AltitudeMeters>
						<DistanceMeters>5710.008808</DistanceMeters>
						<HeartRateBpm>
							<Value>151</Value>
						</HeartRateBpm>
						<Cadence>66</Cadence>
						<Extensions>
							<ns3:TPX>
								<ns3:Speed>4.2918</ns3:Speed>
								<ns3:Watts>294</ns3:Watts>
							</ns3:TPX>
						</Extensions>
					</Trackpoint>
					<Trackpoint>
						<Time>2026-02-22T11:15:20Z</Time>
						<Position>
							<LatitudeDegrees>46.644751</LatitudeDegrees>
							<LongitudeDegrees>13.848339</LongitudeDegrees>
						</Position>
						<AltitudeMeters>812.3</AltitudeMeters>
						<DistanceMeters>5712.068225</DistanceMeters>
						<HeartRateBpm>
							<Value>151</Value>
						</HeartRateBpm>
						<Cadence>66</Cadence>
						<Extensions>
							<ns3:TPX>
								<ns3:Speed>4.269267</ns3:Speed>
								<ns3:Watts>294</ns3:Watts>
							</ns3:TPX>
						</Extensions>
					</Trackpoint>
					<Trackpoint>
						<Time>2026-02-22T11:15:21Z</Time>
						<Position>
							<LatitudeDegrees>46.644766</LatitudeDegrees>
							<LongitudeDegrees>13.848417</LongitudeDegrees>
						</Position>
						<AltitudeMeters>813.1</AltitudeMeters>
						<DistanceMeters>5715.182465</DistanceMeters>
						<HeartRateBpm>
							<Value>151</Value>
						</HeartRateBpm>
						<Cadence>66</Cadence>
						<Extensions>
							<ns3:TPX>
								<ns3:Speed>4.2468</ns3:Speed>
								<ns3:Watts>294</ns3:Watts>
							</ns3:TPX>
						</Extensions>
					</Trackpoint>
					<Trackpoint>
						<Time>2026-02-22T11:15:22Z</Time>
						<Position>
							<LatitudeDegrees>46.644777</LatitudeDegrees>
							<LongitudeDegrees>13.848469</LongitudeDegrees>
						</Position>
						<AltitudeMeters>813.5</AltitudeMeters>
						<DistanceMeters>5717.241881</DistanceMeters>
						<HeartRateBpm>
							<Value>151</Value>
						</HeartRateBpm>
						<Cadence>66</Cadence>
						<Extensions>
							<ns3:TPX>
								<ns3:Speed>4.226267</ns3:Speed>
								<ns3:Watts>294</ns3:Watts>
							</ns3:TPX>
						</Extensions>
					</Trackpoint>
					<Trackpoint>
						<Time>2026-02-22T11:15:23Z</Time>
						<Position>
							<LatitudeDegrees>46.644777</LatitudeDegrees>
							<LongitudeDegrees>13.848469</LongitudeDegrees>
						</Position>
						<AltitudeMeters>813.5</AltitudeMeters>
						<DistanceMeters>5729.598381</DistanceMeters>
						<HeartRateBpm>
							<Value>152</Value>
						</HeartRateBpm>
						<Cadence>66</Cadence>
						<Extensions>
							<ns3:TPX>
								<ns3:Speed>4.2072</ns3:Speed>
								<ns3:Watts>294</ns3:Watts>
							</ns3:TPX>
						</Extensions>
					</Trackpoint>
					<Trackpoint>
						<Time>2026-02-22T11:15:24Z</Time>
						<Position>
							<LatitudeDegrees>46.644795</LatitudeDegrees>
							<LongitudeDegrees>13.848547</LongitudeDegrees>
						</Position>
						<AltitudeMeters>814.2</AltitudeMeters>
						<DistanceMeters>5732.76285</DistanceMeters>
						<HeartRateBpm>
							<Value>152</Value>
						</HeartRateBpm>
						<Cadence>67</Cadence>
						<Extensions>
							<ns3:TPX>
								<ns3:Speed>4.190867</ns3:Speed>
								<ns3:Watts>301</ns3:Watts>
							</ns3:TPX>
						</Extensions>
					</Trackpoint>
					<Trackpoint>
						<Time>2026-02-22T11:15:25Z</Time>
						<Position>
							<LatitudeDegrees>46.644815</LatitudeDegrees>
							<LongitudeDegrees>13.848623</LongitudeDegrees>
						</Position>
						<AltitudeMeters>814.9</AltitudeMeters>
						<DistanceMeters>5735.92732</DistanceMeters>
						<HeartRateBpm>
							<Value>152</Value>
						</HeartRateBpm>
						<Cadence>67</Cadence>
						<Extensions>
							<ns3:TPX>
								<ns3:Speed>4.1716</ns3:Speed>
								<ns3:Watts>301</ns3:Watts>
							</ns3:TPX>
						</Extensions>
					</Trackpoint>
					<Trackpoint>
						<Time>2026-02-22T11:15:26Z</Time>
						<Position>
							<LatitudeDegrees>46.644815</LatitudeDegrees>
							<LongitudeDegrees>13.848623</LongitudeDegrees>
						</Position>
						<AltitudeMeters>814.9</AltitudeMeters>
						<DistanceMeters>5742.256259</DistanceMeters>
						<HeartRateBpm>
							<Value>152</Value>
						</HeartRateBpm>
						<Cadence>67</Cadence>
						<Extensions>
							<ns3:TPX>
								<ns3:Speed>4.152533</ns3:Speed>
								<ns3:Watts>301</ns3:Watts>
							</ns3:TPX>
						</Extensions>
					</Trackpoint>
					<Trackpoint>
						<Time>2026-02-22T11:15:27Z</Time>
						<Position>
							<LatitudeDegrees>46.64484</LatitudeDegrees>
							<LongitudeDegrees>13.848698</LongitudeDegrees>
						</Position>
						<AltitudeMeters>815.6</AltitudeMeters>
						<DistanceMeters>5745.420728</DistanceMeters>
						<HeartRateBpm>
							<Value>152</Value>
						</HeartRateBpm>
						<Cadence>67</Cadence>
						<Extensions>
							<ns3:TPX>
								<ns3:Speed>4.148933</ns3:Speed>
								<ns3:Watts>301</ns3:Watts>
							</ns3:TPX>
						</Extensions>
					</Trackpoint>
					<Trackpoint>
						<Time>2026-02-22T11:15:28Z</Time>
						<Position>
							<LatitudeDegrees>46.644856</LatitudeDegrees>
							<LongitudeDegrees>13.848748</LongitudeDegrees>
						</Position>
						<AltitudeMeters>816</AltitudeMeters>
						<DistanceMeters>5747.530374</DistanceMeters>
						<HeartRateBpm>
							<Value>152</Value>
						</HeartRateBpm>
						<Cadence>66</Cadence>
						<Extensions>
							<ns3:TPX>
								<ns3:Speed>4.143667</ns3:Speed>
								<ns3:Watts>294</ns3:Watts>
							</ns3:TPX>
						</Extensions>
					</Trackpoint>
					<Trackpoint>
						<Time>2026-02-22T11:15:29Z</Time>
						<Position>
							<LatitudeDegrees>46.644873</LatitudeDegrees>
							<LongitudeDegrees>13.848797</LongitudeDegrees>
						</Position>
						<AltitudeMeters>816.5</AltitudeMeters>
						<DistanceMeters>5749.640021</DistanceMeters>
						<HeartRateBpm>
							<Value>152</Value>
						</HeartRateBpm>
						<Cadence>67</Cadence>
						<Extensions>
							<ns3:TPX>
								<ns3:Speed>4.146867</ns3:Speed>
								<ns3:Watts>301</ns3:Watts>
							</ns3:TPX>
						</Extensions>
					</Trackpoint>
					<Trackpoint>
						<Time>2026-02-22T11:15:30Z</Time>
						<Position>
							<LatitudeDegrees>46.644889</LatitudeDegrees>
							<LongitudeDegrees>13.848847</LongitudeDegrees>
						</Position>
						<AltitudeMeters>816.9</AltitudeMeters>
						<DistanceMeters>5751.799897</DistanceMeters>
						<HeartRateBpm>
							<Value>152</Value>
						</HeartRateBpm>
						<Cadence>67</Cadence>
						<Extensions>
							<ns3:TPX>
								<ns3:Speed>4.153533</ns3:Speed>
								<ns3:Watts>301</ns3:Watts>
							</ns3:TPX>
						</Extensions>
					</Trackpoint>
					<Trackpoint>
						<Time>2026-02-22T11:15:31Z</Time>
						<Position>
							<LatitudeDegrees>46.644912</LatitudeDegrees>
							<LongitudeDegrees>13.848922</LongitudeDegrees>
						</Position>
						<AltitudeMeters>817.6</AltitudeMeters>
						<DistanceMeters>5754.964366</DistanceMeters>
						<HeartRateBpm>
							<Value>152</Value>
						</HeartRateBpm>
						<Cadence>67</Cadence>
						<Extensions>
							<ns3:TPX>
								<ns3:Speed>4.164067</ns3:Speed>
								<ns3:Watts>301</ns3:Watts>
							</ns3:TPX>
						</Extensions>
					</Trackpoint>
					<Trackpoint>
						<Time>2026-02-22T11:15:32Z</Time>
						<Position>
							<LatitudeDegrees>46.644912</LatitudeDegrees>
							<LongitudeDegrees>13.848922</LongitudeDegrees>
						</Position>
						<AltitudeMeters>817.6</AltitudeMeters>
						<DistanceMeters>5767.672473</DistanceMeters>
						<HeartRateBpm>
							<Value>152</Value>
						</HeartRateBpm>
						<Cadence>67</Cadence>
						<Extensions>
							<ns3:TPX>
								<ns3:Speed>4.1746</ns3:Speed>
								<ns3:Watts>301</ns3:Watts>
							</ns3:TPX>
						</Extensions>
					</Trackpoint>
					<Trackpoint>
						<Time>2026-02-22T11:15:33Z</Time>
						<Position>
							<LatitudeDegrees>46.644935</LatitudeDegrees>
							<LongitudeDegrees>13.848999</LongitudeDegrees>
						</Position>
						<AltitudeMeters>818.2</AltitudeMeters>
						<DistanceMeters>5770.887173</DistanceMeters>
						<HeartRateBpm>
							<Value>152</Value>
						</HeartRateBpm>
						<Cadence>68</Cadence>
						<Extensions>
							<ns3:TPX>
								<ns3:Speed>4.1876</ns3:Speed>
								<ns3:Watts>308</ns3:Watts>
							</ns3:TPX>
						</Extensions>
					</Trackpoint>
					<Trackpoint>
						<Time>2026-02-22T11:15:34Z</Time>
						<Position>
							<LatitudeDegrees>46.644949</LatitudeDegrees>
							<LongitudeDegrees>13.849051</LongitudeDegrees>
						</Position>
						<AltitudeMeters>818.7</AltitudeMeters>
						<DistanceMeters>5773.047048</DistanceMeters>
						<HeartRateBpm>
							<Value>152</Value>
						</HeartRateBpm>
						<Cadence>69</Cadence>
						<Extensions>
							<ns3:TPX>
								<ns3:Speed>4.202067</ns3:Speed>
								<ns3:Watts>315</ns3:Watts>
							</ns3:TPX>
						</Extensions>
					</Trackpoint>
					<Trackpoint>
						<Time>2026-02-22T11:15:35Z</Time>
						<Position>
							<LatitudeDegrees>46.64497</LatitudeDegrees>
							<LongitudeDegrees>13.849131</LongitudeDegrees>
						</Position>
						<AltitudeMeters>819.3</AltitudeMeters>
						<DistanceMeters>5776.362207</DistanceMeters>
						<HeartRateBpm>
							<Value>152</Value>
						</HeartRateBpm>
						<Cadence>71</Cadence>
						<Extensions>
							<ns3:TPX>
								<ns3:Speed>4.223667</ns3:Speed>
								<ns3:Watts>330</ns3:Watts>
							</ns3:TPX>
						</Extensions>
					</Trackpoint>
					<Trackpoint>
						<Time>2026-02-22T11:15:36Z</Time>
						<Position>
							<LatitudeDegrees>46.644985</LatitudeDegrees>
							<LongitudeDegrees>13.849185</LongitudeDegrees>
						</Position>
						<AltitudeMeters>819.8</AltitudeMeters>
						<DistanceMeters>5778.572313</DistanceMeters>
						<HeartRateBpm>
							<Value>152</Value>
						</HeartRateBpm>
						<Cadence>67</Cadence>
						<Extensions>
							<ns3:TPX>
								<ns3:Speed>4.239533</ns3:Speed>
								<ns3:Watts>301</ns3:Watts>
							</ns3:TPX>
						</Extensions>
					</Trackpoint>
					<Trackpoint>
						<Time>2026-02-22T11:15:37Z</Time>
						<Position>
							<LatitudeDegrees>46.644985</LatitudeDegrees>
							<LongitudeDegrees>13.849185</LongitudeDegrees>
						</Position>
						<AltitudeMeters>819.8</AltitudeMeters>
						<DistanceMeters>5789.472152</DistanceMeters>
						<HeartRateBpm>
							<Value>152</Value>
						</HeartRateBpm>
						<Cadence>67</Cadence>
						<Extensions>
							<ns3:TPX>
								<ns3:Speed>4.255467</ns3:Speed>
								<ns3:Watts>301</ns3:Watts>
							</ns3:TPX>
						</Extensions>
					</Trackpoint>
					<Trackpoint>
						<Time>2026-02-22T11:15:38Z</Time>
						<Position>
							<LatitudeDegrees>46.645006</LatitudeDegrees>
							<LongitudeDegrees>13.849266</LongitudeDegrees>
						</Position>
						<AltitudeMeters>820.5</AltitudeMeters>
						<DistanceMeters>5792.78731</DistanceMeters>
						<HeartRateBpm>
							<Value>152</Value>
						</HeartRateBpm>
						<Cadence>69</Cadence>
						<Extensions>
							<ns3:TPX>
								<ns3:Speed>4.273333</ns3:Speed>
								<ns3:Watts>315</ns3:Watts>
							</ns3:TPX>
						</Extensions>
					</Trackpoint>
					<Trackpoint>
						<Time>2026-02-22T11:15:39Z</Time>
						<Position>
							<LatitudeDegrees>46.645016</LatitudeDegrees>
							<LongitudeDegrees>13.84935</LongitudeDegrees>
						</Position>
						<AltitudeMeters>821.2</AltitudeMeters>
						<DistanceMeters>5796.102469</DistanceMeters>
						<HeartRateBpm>
							<Value>152</Value>
						</HeartRateBpm>
						<Cadence>68</Cadence>
						<Extensions>
							<ns3:TPX>
								<ns3:Speed>4.286867</ns3:Speed>
								<ns3:Watts>308</ns3:Watts>
							</ns3:TPX>
						</Extensions>
					</Trackpoint>
					<Trackpoint>
						<Time>2026-02-22T11:15:40Z</Time>
						<Position>
							<LatitudeDegrees>46.645019</LatitudeDegrees>
							<LongitudeDegrees>13.849408</LongitudeDegrees>
						</Position>
						<AltitudeMeters>821.6</AltitudeMeters>
						<DistanceMeters>5798.262344</DistanceMeters>
						<HeartRateBpm>
							<Value>152</Value>
						</HeartRateBpm>
						<Cadence>68</Cadence>
						<Extensions>
							<ns3:TPX>
								<ns3:Speed>4.297733</ns3:Speed>
								<ns3:Watts>308</ns3:Watts>
							</ns3:TPX>
						</Extensions>
					</Trackpoint>
					<Trackpoint>
						<Time>2026-02-22T11:15:42Z</Time>
						<Position>
							<LatitudeDegrees>46.645018</LatitudeDegrees>
							<LongitudeDegrees>13.849493</LongitudeDegrees>
						</Position>
						<AltitudeMeters>822.4</AltitudeMeters>
						<DistanceMeters>5801.577503</DistanceMeters>
						<HeartRateBpm>
							<Value>152</Value>
						</HeartRateBpm>
						<Cadence>67</Cadence>
						<Extensions>
							<ns3:TPX>
								<ns3:Speed>4.3074</ns3:Speed>
								<ns3:Watts>301</ns3:Watts>
							</ns3:TPX>
						</Extensions>
					</Trackpoint>
					<Trackpoint>
						<Time>2026-02-22T11:15:43Z</Time>
						<Position>
							<LatitudeDegrees>46.645015</LatitudeDegrees>
							<LongitudeDegrees>13.849578</LongitudeDegrees>
						</Position>
						<AltitudeMeters>823.1</AltitudeMeters>
						<DistanceMeters>5804.842432</DistanceMeters>
						<HeartRateBpm>
							<Value>152</Value>
						</HeartRateBpm>
						<Cadence>68</Cadence>
						<Extensions>
							<ns3:TPX>
								<ns3:Speed>4.3126</ns3:Speed>
								<ns3:Watts>308</ns3:Watts>
							</ns3:TPX>
						</Extensions>
					</Trackpoint>
					<Trackpoint>
						<Time>2026-02-22T11:15:44Z</Time>
						<Position>
							<LatitudeDegrees>46.645015</LatitudeDegrees>
							<LongitudeDegrees>13.849578</LongitudeDegrees>
						</Position>
						<AltitudeMeters>823.1</AltitudeMeters>
						<DistanceMeters>5820.212712</DistanceMeters>
						<HeartRateBpm>
							<Value>153</Value>
						</HeartRateBpm>
						<Cadence>68</Cadence>
						<Extensions>
							<ns3:TPX>
								<ns3:Speed>4.319467</ns3:Speed>
								<ns3:Watts>308</ns3:Watts>
							</ns3:TPX>
						</Extensions>
					</Trackpoint>
					<Trackpoint>
						<Time>2026-02-22T11:15:45Z</Time>
						<Position>
							<LatitudeDegrees>46.645012</LatitudeDegrees>
							<LongitudeDegrees>13.849662</LongitudeDegrees>
						</Position>
						<AltitudeMeters>823.9</AltitudeMeters>
						<DistanceMeters>5823.377181</DistanceMeters>
						<HeartRateBpm>
							<Value>153</Value>
						</HeartRateBpm>
						<Cadence>66</Cadence>
						<Extensions>
							<ns3:TPX>
								<ns3:Speed>4.318467</ns3:Speed>
								<ns3:Watts>294</ns3:Watts>
							</ns3:TPX>
						</Extensions>
					</Trackpoint>
					<Trackpoint>
						<Time>2026-02-22T11:15:46Z</Time>
						<Position>
							<LatitudeDegrees>46.64501</LatitudeDegrees>
							<LongitudeDegrees>13.849716</LongitudeDegrees>
						</Position>
						<AltitudeMeters>824.4</AltitudeMeters>
						<DistanceMeters>5825.486827</DistanceMeters>
						<HeartRateBpm>
							<Value>153</Value>
						</HeartRateBpm>
						<Cadence>65</Cadence>
						<Extensions>
							<ns3:TPX>
								<ns3:Speed>4.3136</ns3:Speed>
								<ns3:Watts>287</ns3:Watts>
							</ns3:TPX>
						</Extensions>
					</Trackpoint>
					<Trackpoint>
						<Time>2026-02-22T11:15:47Z</Time>
						<Position>
							<LatitudeDegrees>46.644997</LatitudeDegrees>
							<LongitudeDegrees>13.849794</LongitudeDegrees>
						</Position>
						<AltitudeMeters>825.1</AltitudeMeters>
						<DistanceMeters>5828.550838</DistanceMeters>
						<HeartRateBpm>
							<Value>153</Value>
						</HeartRateBpm>
						<Cadence>66</Cadence>
						<Extensions>
							<ns3:TPX>
								<ns3:Speed>4.3062</ns3:Speed>
								<ns3:Watts>294</ns3:Watts>
							</ns3:TPX>
						</Extensions>
					</Trackpoint>
					<Trackpoint>
						<Time>2026-02-22T11:15:48Z</Time>
						<Position>
							<LatitudeDegrees>46.644997</LatitudeDegrees>
							<LongitudeDegrees>13.849794</LongitudeDegrees>
						</Position>
						<AltitudeMeters>825.1</AltitudeMeters>
						<DistanceMeters>5836.888963</DistanceMeters>
						<HeartRateBpm>
							<Value>154</Value>
						</HeartRateBpm>
						<Cadence>66</Cadence>
						<Extensions>
							<ns3:TPX>
								<ns3:Speed>4.2988</ns3:Speed>
								<ns3:Watts>294</ns3:Watts>
							</ns3:TPX>
						</Extensions>
					</Trackpoint>
					<Trackpoint>
						<Time>2026-02-22T11:15:49Z</Time>
						<Position>
							<LatitudeDegrees>46.644978</LatitudeDegrees>
							<LongitudeDegrees>13.84987</LongitudeDegrees>
						</Position>
						<AltitudeMeters>825.8</AltitudeMeters>
						<DistanceMeters>5839.952973</DistanceMeters>
						<HeartRateBpm>
							<Value>154</Value>
						</HeartRateBpm>
						<Cadence>65</Cadence>
						<Extensions>
							<ns3:TPX>
								<ns3:Speed>4.284467</ns3:Speed>
								<ns3:Watts>287</ns3:Watts>
							</ns3:TPX>
						</Extensions>
					</Trackpoint>
					<Trackpoint>
						<Time>2026-02-22T11:15:50Z</Time>
						<Position>
							<LatitudeDegrees>46.644966</LatitudeDegrees>
							<LongitudeDegrees>13.84992</LongitudeDegrees>
						</Position>
						<AltitudeMeters>826.2</AltitudeMeters>
						<DistanceMeters>5842.01239</DistanceMeters>
						<HeartRateBpm>
							<Value>154</Value>
						</HeartRateBpm>
						<Cadence>65</Cadence>
						<Extensions>
							<ns3:TPX>
								<ns3:Speed>4.266267</ns3:Speed>
								<ns3:Watts>287</ns3:Watts>
							</ns3:TPX>
						</Extensions>
					</Trackpoint>
					<Trackpoint>
						<Time>2026-02-22T11:15:51Z</Time>
						<Position>
							<LatitudeDegrees>46.644953</LatitudeDegrees>
							<LongitudeDegrees>13.84997</LongitudeDegrees>
						</Position>
						<AltitudeMeters>826.7</AltitudeMeters>
						<DistanceMeters>5844.071807</DistanceMeters>
						<HeartRateBpm>
							<Value>154</Value>
						</HeartRateBpm>
						<Cadence>67</Cadence>
						<Extensions>
							<ns3:TPX>
								<ns3:Speed>4.241467</ns3:Speed>
								<ns3:Watts>301</ns3:Watts>
							</ns3:TPX>
						</Extensions>
					</Trackpoint>
					<Trackpoint>
						<Time>2026-02-22T11:15:52Z</Time>
						<Position>
							<LatitudeDegrees>46.644934</LatitudeDegrees>
							<LongitudeDegrees>13.850046</LongitudeDegrees>
						</Position>
						<AltitudeMeters>827.4</AltitudeMeters>
						<DistanceMeters>5847.135817</DistanceMeters>
						<HeartRateBpm>
							<Value>154</Value>
						</HeartRateBpm>
						<Cadence>68</Cadence>
						<Extensions>
							<ns3:TPX>
								<ns3:Speed>4.228733</ns3:Speed>
								<ns3:Watts>308</ns3:Watts>
							</ns3:TPX>
						</Extensions>
					</Trackpoint>
					<Trackpoint>
						<Time>2026-02-22T11:15:53Z</Time>
						<Position>
							<LatitudeDegrees>46.644922</LatitudeDegrees>
							<LongitudeDegrees>13.850097</LongitudeDegrees>
						</Position>
						<AltitudeMeters>827.8</AltitudeMeters>
						<DistanceMeters>5849.245463</DistanceMeters>
						<HeartRateBpm>
							<Value>153</Value>
						</HeartRateBpm>
						<Cadence>67</Cadence>
						<Extensions>
							<ns3:TPX>
								<ns3:Speed>4.217067</ns3:Speed>
								<ns3:Watts>301</ns3:Watts>
							</ns3:TPX>
						</Extensions>
					</Trackpoint>
					<Trackpoint>
						<Time>2026-02-22T11:15:55Z</Time>
						<Position>
							<LatitudeDegrees>46.644902</LatitudeDegrees>
							<LongitudeDegrees>13.850175</LongitudeDegrees>
						</Position>
						<AltitudeMeters>828.5</AltitudeMeters>
						<DistanceMeters>5852.460162</DistanceMeters>
						<HeartRateBpm>
							<Value>153</Value>
						</HeartRateBpm>
						<Cadence>67</Cadence>
						<Extensions>
							<ns3:TPX>
								<ns3:Speed>4.205</ns3:Speed>
								<ns3:Watts>301</ns3:Watts>
							</ns3:TPX>
						</Extensions>
					</Trackpoint>
					<Trackpoint>
						<Time>2026-02-22T11:15:56Z</Time>
						<Position>
							<LatitudeDegrees>46.644899</LatitudeDegrees>
							<LongitudeDegrees>13.850258</LongitudeDegrees>
						</Position>
						<AltitudeMeters>829.1</AltitudeMeters>
						<DistanceMeters>5855.674861</DistanceMeters>
						<HeartRateBpm>
							<Value>153</Value>
						</HeartRateBpm>
						<Cadence>68</Cadence>
						<Extensions>
							<ns3:TPX>
								<ns3:Speed>4.1982</ns3:Speed>
								<ns3:Watts>308</ns3:Watts>
							</ns3:TPX>
						</Extensions>
					</Trackpoint>
					<Trackpoint>
						<Time>2026-02-22T11:15:57Z</Time>
						<Position>
							<LatitudeDegrees>46.644899</LatitudeDegrees>
							<LongitudeDegrees>13.850258</LongitudeDegrees>
						</Position>
						<AltitudeMeters>829.1</AltitudeMeters>
						<DistanceMeters>5874.460759</DistanceMeters>
						<HeartRateBpm>
							<Value>153</Value>
						</HeartRateBpm>
						<Cadence>68</Cadence>
						<Extensions>
							<ns3:TPX>
								<ns3:Speed>4.192867</ns3:Speed>
								<ns3:Watts>308</ns3:Watts>
							</ns3:TPX>
						</Extensions>
					</Trackpoint>
					<Trackpoint>
						<Time>2026-02-22T11:15:58Z</Time>
						<Position>
							<LatitudeDegrees>46.64491</LatitudeDegrees>
							<LongitudeDegrees>13.850313</LongitudeDegrees>
						</Position>
						<AltitudeMeters>829.8</AltitudeMeters>
						<DistanceMeters>5877.725688</DistanceMeters>
						<HeartRateBpm>
							<Value>153</Value>
						</HeartRateBpm>
						<Cadence>69</Cadence>
						<Extensions>
							<ns3:TPX>
								<ns3:Speed>4.194867</ns3:Speed>
								<ns3:Watts>315</ns3:Watts>
							</ns3:TPX>
						</Extensions>
					</Trackpoint>
					<Trackpoint>
						<Time>2026-02-22T11:15:59Z</Time>
						<Position>
							<LatitudeDegrees>46.644965</LatitudeDegrees>
							<LongitudeDegrees>13.85028</LongitudeDegrees>
						</Position>
						<AltitudeMeters>830.6</AltitudeMeters>
						<DistanceMeters>5881.040846</DistanceMeters>
						<HeartRateBpm>
							<Value>153</Value>
						</HeartRateBpm>
						<Cadence>68</Cadence>
						<Extensions>
							<ns3:TPX>
								<ns3:Speed>4.199</ns3:Speed>
								<ns3:Watts>308</ns3:Watts>
							</ns3:TPX>
						</Extensions>
					</Trackpoint>
					<Trackpoint>
						<Time>2026-02-22T11:16:00Z</Time>
						<Position>
							<LatitudeDegrees>46.644965</LatitudeDegrees>
							<LongitudeDegrees>13.85028</LongitudeDegrees>
						</Position>
						<AltitudeMeters>830.6</AltitudeMeters>
						<DistanceMeters>5887.620933</DistanceMeters>
						<HeartRateBpm>
							<Value>153</Value>
						</HeartRateBpm>
						<Cadence>68</Cadence>
						<Extensions>
							<ns3:TPX>
								<ns3:Speed>4.203133</ns3:Speed>
								<ns3:Watts>308</ns3:Watts>
							</ns3:TPX>
						</Extensions>
					</Trackpoint>
					<Trackpoint>
						<Time>2026-02-22T11:16:01Z</Time>
						<Position>
							<LatitudeDegrees>46.645</LatitudeDegrees>
							<LongitudeDegrees>13.850215</LongitudeDegrees>
						</Position>
						<AltitudeMeters>831.2</AltitudeMeters>
						<DistanceMeters>5890.885862</DistanceMeters>
						<HeartRateBpm>
							<Value>153</Value>
						</HeartRateBpm>
						<Cadence>68</Cadence>
						<Extensions>
							<ns3:TPX>
								<ns3:Speed>4.214533</ns3:Speed>
								<ns3:Watts>308</ns3:Watts>
							</ns3:TPX>
						</Extensions>
					</Trackpoint>
					<Trackpoint>
						<Time>2026-02-22T11:16:02Z</Time>
						<Position>
							<LatitudeDegrees>46.64502</LatitudeDegrees>
							<LongitudeDegrees>13.850166</LongitudeDegrees>
						</Position>
						<AltitudeMeters>831.5</AltitudeMeters>
						<DistanceMeters>5893.045738</DistanceMeters>
						<HeartRateBpm>
							<Value>153</Value>
						</HeartRateBpm>
						<Cadence>66</Cadence>
						<Extensions>
							<ns3:TPX>
								<ns3:Speed>4.227333</ns3:Speed>
								<ns3:Watts>294</ns3:Watts>
							</ns3:TPX>
						</Extensions>
					</Trackpoint>
					<Trackpoint>
						<Time>2026-02-22T11:16:03Z</Time>
						<Position>
							<LatitudeDegrees>46.645038</LatitudeDegrees>
							<LongitudeDegrees>13.850115</LongitudeDegrees>
						</Position>
						<AltitudeMeters>831.9</AltitudeMeters>
						<DistanceMeters>5895.255844</DistanceMeters>
						<HeartRateBpm>
							<Value>153</Value>
						</HeartRateBpm>
						<Cadence>68</Cadence>
						<Extensions>
							<ns3:TPX>
								<ns3:Speed>4.243</ns3:Speed>
								<ns3:Watts>308</ns3:Watts>
							</ns3:TPX>
						</Extensions>
					</Trackpoint>
					<Trackpoint>
						<Time>2026-02-22T11:16:04Z</Time>
						<Position>
							<LatitudeDegrees>46.645054</LatitudeDegrees>
							<LongitudeDegrees>13.850063</LongitudeDegrees>
						</Position>
						<AltitudeMeters>832.2</AltitudeMeters>
						<DistanceMeters>5897.465949</DistanceMeters>
						<HeartRateBpm>
							<Value>153</Value>
						</HeartRateBpm>
						<Cadence>68</Cadence>
						<Extensions>
							<ns3:TPX>
								<ns3:Speed>4.263133</ns3:Speed>
								<ns3:Watts>308</ns3:Watts>
							</ns3:TPX>
						</Extensions>
					</Trackpoint>
					<Trackpoint>
						<Time>2026-02-22T11:16:05Z</Time>
						<Position>
							<LatitudeDegrees>46.645079</LatitudeDegrees>
							<LongitudeDegrees>13.849984</LongitudeDegrees>
						</Position>
						<AltitudeMeters>832.7</AltitudeMeters>
						<DistanceMeters>5900.831337</DistanceMeters>
						<HeartRateBpm>
							<Value>153</Value>
						</HeartRateBpm>
						<Cadence>68</Cadence>
						<Extensions>
							<ns3:TPX>
								<ns3:Speed>4.292</ns3:Speed>
								<ns3:Watts>308</ns3:Watts>
							</ns3:TPX>
						</Extensions>
					</Trackpoint>
					<Trackpoint>
						<Time>2026-02-22T11:16:06Z</Time>
						<Position>
							<LatitudeDegrees>46.645095</LatitudeDegrees>
							<LongitudeDegrees>13.84993</LongitudeDegrees>
						</Position>
						<AltitudeMeters>833.1</AltitudeMeters>
						<DistanceMeters>5903.091673</DistanceMeters>
						<HeartRateBpm>
							<Value>153</Value>
						</HeartRateBpm>
						<Cadence>68</Cadence>
						<Extensions>
							<ns3:TPX>
								<ns3:Speed>4.325</ns3:Speed>
								<ns3:Watts>308</ns3:Watts>
							</ns3:TPX>
						</Extensions>
					</Trackpoint>
					<Trackpoint>
						<Time>2026-02-22T11:16:07Z</Time>
						<Position>
							<LatitudeDegrees>46.645095</LatitudeDegrees>
							<LongitudeDegrees>13.84993</LongitudeDegrees>
						</Position>
						<AltitudeMeters>833.1</AltitudeMeters>
						<DistanceMeters>5918.562412</DistanceMeters>
						<HeartRateBpm>
							<Value>153</Value>
						</HeartRateBpm>
						<Cadence>68</Cadence>
						<Extensions>
							<ns3:TPX>
								<ns3:Speed>4.355933</ns3:Speed>
								<ns3:Watts>308</ns3:Watts>
							</ns3:TPX>
						</Extensions>
					</Trackpoint>
					<Trackpoint>
						<Time>2026-02-22T11:16:08Z</Time>
						<Position>
							<LatitudeDegrees>46.645121</LatitudeDegrees>
							<LongitudeDegrees>13.849849</LongitudeDegrees>
						</Position>
						<AltitudeMeters>833.6</AltitudeMeters>
						<DistanceMeters>5921.97803</DistanceMeters>
						<HeartRateBpm>
							<Value>153</Value>
						</HeartRateBpm>
						<Cadence>67</Cadence>
						<Extensions>
							<ns3:TPX>
								<ns3:Speed>4.380267</ns3:Speed>
								<ns3:Watts>301</ns3:Watts>
							</ns3:TPX>
						</Extensions>
					</Trackpoint>
					<Trackpoint>
						<Time>2026-02-22T11:16:09Z</Time>
						<Position>
							<LatitudeDegrees>46.645146</LatitudeDegrees>
							<LongitudeDegrees>13.849767</LongitudeDegrees>
						</Position>
						<AltitudeMeters>834.2</AltitudeMeters>
						<DistanceMeters>5925.443877</DistanceMeters>
						<HeartRateBpm>
							<Value>153</Value>
						</HeartRateBpm>
						<Cadence>67</Cadence>
						<Extensions>
							<ns3:TPX>
								<ns3:Speed>4.404467</ns3:Speed>
								<ns3:Watts>301</ns3:Watts>
							</ns3:TPX>
						</Extensions>
					</Trackpoint>
					<Trackpoint>
						<Time>2026-02-22T11:16:10Z</Time>
						<Position>
							<LatitudeDegrees>46.645146</LatitudeDegrees>
							<LongitudeDegrees>13.849767</LongitudeDegrees>
						</Position>
						<AltitudeMeters>834.2</AltitudeMeters>
						<DistanceMeters>5932.325343</DistanceMeters>
						<HeartRateBpm>
							<Value>153</Value>
						</HeartRateBpm>
						<Cadence>67</Cadence>
						<Extensions>
							<ns3:TPX>
								<ns3:Speed>4.427133</ns3:Speed>
								<ns3:Watts>301</ns3:Watts>
							</ns3:TPX>
						</Extensions>
					</Trackpoint>
					<Trackpoint>
						<Time>2026-02-22T11:16:11Z</Time>
						<Position>
							<LatitudeDegrees>46.645171</LatitudeDegrees>
							<LongitudeDegrees>13.849685</LongitudeDegrees>
						</Position>
						<AltitudeMeters>834.8</AltitudeMeters>
						<DistanceMeters>5935.74096</DistanceMeters>
						<HeartRateBpm>
							<Value>153</Value>
						</HeartRateBpm>
						<Cadence>66</Cadence>
						<Extensions>
							<ns3:TPX>
								<ns3:Speed>4.445733</ns3:Speed>
								<ns3:Watts>294</ns3:Watts>
							</ns3:TPX>
						</Extensions>
					</Trackpoint>
					<Trackpoint>
						<Time>2026-02-22T11:16:12Z</Time>
						<Position>
							<LatitudeDegrees>46.645196</LatitudeDegrees>
							<LongitudeDegrees>13.849604</LongitudeDegrees>
						</Position>
						<AltitudeMeters>835.4</AltitudeMeters>
						<DistanceMeters>5939.156578</DistanceMeters>
						<HeartRateBpm>
							<Value>153</Value>
						</HeartRateBpm>
						<Cadence>65</Cadence>
						<Extensions>
							<ns3:TPX>
								<ns3:Speed>4.459867</ns3:Speed>
								<ns3:Watts>287</ns3:Watts>
							</ns3:TPX>
						</Extensions>
					</Trackpoint>
					<Trackpoint>
						<Time>2026-02-22T11:16:13Z</Time>
						<Position>
							<LatitudeDegrees>46.645196</LatitudeDegrees>
							<LongitudeDegrees>13.849604</LongitudeDegrees>
						</Position>
						<AltitudeMeters>835.4</AltitudeMeters>
						<DistanceMeters>5945.987814</DistanceMeters>
						<HeartRateBpm>
							<Value>153</Value>
						</HeartRateBpm>
						<Cadence>65</Cadence>
						<Extensions>
							<ns3:TPX>
								<ns3:Speed>4.467867</ns3:Speed>
								<ns3:Watts>287</ns3:Watts>
							</ns3:TPX>
						</Extensions>
					</Trackpoint>
					<Trackpoint>
						<Time>2026-02-22T11:16:14Z</Time>
						<Position>
							<LatitudeDegrees>46.645225</LatitudeDegrees>
							<LongitudeDegrees>13.849527</LongitudeDegrees>
						</Position>
						<AltitudeMeters>836</AltitudeMeters>
						<DistanceMeters>5949.403432</DistanceMeters>
						<HeartRateBpm>
							<Value>153</Value>
						</HeartRateBpm>
						<Cadence>67</Cadence>
						<Extensions>
							<ns3:TPX>
								<ns3:Speed>4.4756</ns3:Speed>
								<ns3:Watts>301</ns3:Watts>
							</ns3:TPX>
						</Extensions>
					</Trackpoint>
					<Trackpoint>
						<Time>2026-02-22T11:16:15Z</Time>
						<Position>
							<LatitudeDegrees>46.645256</LatitudeDegrees>
							<LongitudeDegrees>13.849451</LongitudeDegrees>
						</Position>
						<AltitudeMeters>836.6</AltitudeMeters>
						<DistanceMeters>5952.76882</DistanceMeters>
						<HeartRateBpm>
							<Value>153</Value>
						</HeartRateBpm>
						<Cadence>66</Cadence>
						<Extensions>
							<ns3:TPX>
								<ns3:Speed>4.484267</ns3:Speed>
								<ns3:Watts>294</ns3:Watts>
							</ns3:TPX>
						</Extensions>
					</Trackpoint>
					<Trackpoint>
						<Time>2026-02-22T11:16:17Z</Time>
						<Position>
							<LatitudeDegrees>46.645294</LatitudeDegrees>
							<LongitudeDegrees>13.849382</LongitudeDegrees>
						</Position>
						<AltitudeMeters>837.2</AltitudeMeters>
						<DistanceMeters>5956.134208</DistanceMeters>
						<HeartRateBpm>
							<Value>153</Value>
						</HeartRateBpm>
						<Cadence>66</Cadence>
						<Extensions>
							<ns3:TPX>
								<ns3:Speed>4.493533</ns3:Speed>
								<ns3:Watts>294</ns3:Watts>
							</ns3:TPX>
						</Extensions>
					</Trackpoint>
					<Trackpoint>
						<Time>2026-02-22T11:16:18Z</Time>
						<Position>
							<LatitudeDegrees>46.64532</LatitudeDegrees>
							<LongitudeDegrees>13.849336</LongitudeDegrees>
						</Position>
						<AltitudeMeters>837.6</AltitudeMeters>
						<DistanceMeters>5958.394543</DistanceMeters>
						<HeartRateBpm>
							<Value>153</Value>
						</HeartRateBpm>
						<Cadence>66</Cadence>
						<Extensions>
							<ns3:TPX>
								<ns3:Speed>4.5042</ns3:Speed>
								<ns3:Watts>294</ns3:Watts>
							</ns3:TPX>
						</Extensions>
					</Trackpoint>
					<Trackpoint>
						<Time>2026-02-22T11:16:19Z</Time>
						<Position>
							<LatitudeDegrees>46.645358</LatitudeDegrees>
							<LongitudeDegrees>13.849267</LongitudeDegrees>
						</Position>
						<AltitudeMeters>838.1</AltitudeMeters>
						<DistanceMeters>5961.810161</DistanceMeters>
						<HeartRateBpm>
							<Value>153</Value>
						</HeartRateBpm>
						<Cadence>67</Cadence>
						<Extensions>
							<ns3:TPX>
								<ns3:Speed>4.5158</ns3:Speed>
								<ns3:Watts>301</ns3:Watts>
							</ns3:TPX>
						</Extensions>
					</Trackpoint>
					<Trackpoint>
						<Time>2026-02-22T11:16:20Z</Time>
						<Position>
							<LatitudeDegrees>46.645358</LatitudeDegrees>
							<LongitudeDegrees>13.849267</LongitudeDegrees>
						</Position>
						<AltitudeMeters>838.1</AltitudeMeters>
						<DistanceMeters>5977.632508</DistanceMeters>
						<HeartRateBpm>
							<Value>153</Value>
						</HeartRateBpm>
						<Cadence>67</Cadence>
						<Extensions>
							<ns3:TPX>
								<ns3:Speed>4.522933</ns3:Speed>
								<ns3:Watts>301</ns3:Watts>
							</ns3:TPX>
						</Extensions>
					</Trackpoint>
					<Trackpoint>
						<Time>2026-02-22T11:16:21Z</Time>
						<Position>
							<LatitudeDegrees>46.645398</LatitudeDegrees>
							<LongitudeDegrees>13.849202</LongitudeDegrees>
						</Position>
						<AltitudeMeters>838.7</AltitudeMeters>
						<DistanceMeters>5980.997896</DistanceMeters>
						<HeartRateBpm>
							<Value>153</Value>
						</HeartRateBpm>
						<Cadence>66</Cadence>
						<Extensions>
							<ns3:TPX>
								<ns3:Speed>4.523</ns3:Speed>
								<ns3:Watts>294</ns3:Watts>
							</ns3:TPX>
						</Extensions>
					</Trackpoint>
					<Trackpoint>
						<Time>2026-02-22T11:16:22Z</Time>
						<Position>
							<LatitudeDegrees>46.64543</LatitudeDegrees>
							<LongitudeDegrees>13.849165</LongitudeDegrees>
						</Position>
						<AltitudeMeters>839.1</AltitudeMeters>
						<DistanceMeters>5983.258231</DistanceMeters>
						<HeartRateBpm>
							<Value>153</Value>
						</HeartRateBpm>
						<Cadence>66</Cadence>
						<Extensions>
							<ns3:TPX>
								<ns3:Speed>4.519333</ns3:Speed>
								<ns3:Watts>294</ns3:Watts>
							</ns3:TPX>
						</Extensions>
					</Trackpoint>
					<Trackpoint>
						<Time>2026-02-22T11:16:23Z</Time>
						<Position>
							<LatitudeDegrees>46.645478</LatitudeDegrees>
							<LongitudeDegrees>13.849111</LongitudeDegrees>
						</Position>
						<AltitudeMeters>839.6</AltitudeMeters>
						<DistanceMeters>5986.673849</DistanceMeters>
						<HeartRateBpm>
							<Value>153</Value>
						</HeartRateBpm>
						<Cadence>67</Cadence>
						<Extensions>
							<ns3:TPX>
								<ns3:Speed>4.517267</ns3:Speed>
								<ns3:Watts>301</ns3:Watts>
							</ns3:TPX>
						</Extensions>
					</Trackpoint>
					<Trackpoint>
						<Time>2026-02-22T11:16:24Z</Time>
						<Position>
							<LatitudeDegrees>46.645478</LatitudeDegrees>
							<LongitudeDegrees>13.849111</LongitudeDegrees>
						</Position>
						<AltitudeMeters>839.6</AltitudeMeters>
						<DistanceMeters>5995.71519</DistanceMeters>
						<HeartRateBpm>
							<Value>153</Value>
						</HeartRateBpm>
						<Cadence>67</Cadence>
						<Extensions>
							<ns3:TPX>
								<ns3:Speed>4.5148</ns3:Speed>
								<ns3:Watts>301</ns3:Watts>
							</ns3:TPX>
						</Extensions>
					</Trackpoint>
					<Trackpoint>
						<Time>2026-02-22T11:16:25Z</Time>
						<Position>
							<LatitudeDegrees>46.64553</LatitudeDegrees>
							<LongitudeDegrees>13.849066</LongitudeDegrees>
						</Position>
						<AltitudeMeters>840.2</AltitudeMeters>
						<DistanceMeters>5999.130808</DistanceMeters>
						<HeartRateBpm>
							<Value>153</Value>
						</HeartRateBpm>
						<Cadence>66</Cadence>
						<Extensions>
							<ns3:TPX>
								<ns3:Speed>4.5112</ns3:Speed>
								<ns3:Watts>294</ns3:Watts>
							</ns3:TPX>
						</Extensions>
					</Trackpoint>
					<Trackpoint>
						<Time>2026-02-22T11:16:26Z</Time>
						<Position>
							<LatitudeDegrees>46.64558</LatitudeDegrees>
							<LongitudeDegrees>13.849016</LongitudeDegrees>
						</Position>
						<AltitudeMeters>840.8</AltitudeMeters>
						<DistanceMeters>6002.496196</DistanceMeters>
						<HeartRateBpm>
							<Value>153</Value>
						</HeartRateBpm>
						<Cadence>67</Cadence>
						<Extensions>
							<ns3:TPX>
								<ns3:Speed>4.507467</ns3:Speed>
								<ns3:Watts>301</ns3:Watts>
							</ns3:TPX>
						</Extensions>
					</Trackpoint>
					<Trackpoint>
						<Time>2026-02-22T11:16:27Z</Time>
						<Position>
							<LatitudeDegrees>46.64558</LatitudeDegrees>
							<LongitudeDegrees>13.849016</LongitudeDegrees>
						</Position>
						<AltitudeMeters>840.8</AltitudeMeters>
						<DistanceMeters>6009.277202</DistanceMeters>
						<HeartRateBpm>
							<Value>153</Value>
						</HeartRateBpm>
						<Cadence>67</Cadence>
						<Extensions>
							<ns3:TPX>
								<ns3:Speed>4.504133</ns3:Speed>
								<ns3:Watts>301</ns3:Watts>
							</ns3:TPX>
						</Extensions>
					</Trackpoint>
					<Trackpoint>
						<Time>2026-02-22T11:16:28Z</Time>
						<Position>
							<LatitudeDegrees>46.645629</LatitudeDegrees>
							<LongitudeDegrees>13.848962</LongitudeDegrees>
						</Position>
						<AltitudeMeters>841.4</AltitudeMeters>
						<DistanceMeters>6012.74305</DistanceMeters>
						<HeartRateBpm>
							<Value>153</Value>
						</HeartRateBpm>
						<Cadence>68</Cadence>
						<Extensions>
							<ns3:TPX>
								<ns3:Speed>4.508467</ns3:Speed>
								<ns3:Watts>308</ns3:Watts>
							</ns3:TPX>
						</Extensions>
					</Trackpoint>
					<Trackpoint>
						<Time>2026-02-22T11:16:29Z</Time>
						<Position>
							<LatitudeDegrees>46.645671</LatitudeDegrees>
							<LongitudeDegrees>13.848898</LongitudeDegrees>
						</Position>
						<AltitudeMeters>842</AltitudeMeters>
						<DistanceMeters>6016.158668</DistanceMeters>
						<HeartRateBpm>
							<Value>153</Value>
						</HeartRateBpm>
						<Cadence>69</Cadence>
						<Extensions>
							<ns3:TPX>
								<ns3:Speed>4.515467</ns3:Speed>
								<ns3:Watts>315</ns3:Watts>
							</ns3:TPX>
						</Extensions>
					</Trackpoint>
					<Trackpoint>
						<Time>2026-02-22T11:16:30Z</Time>
						<Position>
							<LatitudeDegrees>46.645671</LatitudeDegrees>
							<LongitudeDegrees>13.848898</LongitudeDegrees>
						</Position>
						<AltitudeMeters>842</AltitudeMeters>
						<DistanceMeters>6023.040133</DistanceMeters>
						<HeartRateBpm>
							<Value>153</Value>
						</HeartRateBpm>
						<Cadence>69</Cadence>
						<Extensions>
							<ns3:TPX>
								<ns3:Speed>4.522733</ns3:Speed>
								<ns3:Watts>315</ns3:Watts>
							</ns3:TPX>
						</Extensions>
					</Trackpoint>
					<Trackpoint>
						<Time>2026-02-22T11:16:31Z</Time>
						<Position>
							<LatitudeDegrees>46.645711</LatitudeDegrees>
							<LongitudeDegrees>13.848828</LongitudeDegrees>
						</Position>
						<AltitudeMeters>842.7</AltitudeMeters>
						<DistanceMeters>6026.50598</DistanceMeters>
						<HeartRateBpm>
							<Value>153</Value>
						</HeartRateBpm>
						<Cadence>68</Cadence>
						<Extensions>
							<ns3:TPX>
								<ns3:Speed>4.5302</ns3:Speed>
								<ns3:Watts>308</ns3:Watts>
							</ns3:TPX>
						</Extensions>
					</Trackpoint>
					<Trackpoint>
						<Time>2026-02-22T11:16:32Z</Time>
						<Position>
							<LatitudeDegrees>46.645738</LatitudeDegrees>
							<LongitudeDegrees>13.848747</LongitudeDegrees>
						</Position>
						<AltitudeMeters>843.4</AltitudeMeters>
						<DistanceMeters>6029.971828</DistanceMeters>
						<HeartRateBpm>
							<Value>153</Value>
						</HeartRateBpm>
						<Cadence>67</Cadence>
						<Extensions>
							<ns3:TPX>
								<ns3:Speed>4.530933</ns3:Speed>
								<ns3:Watts>301</ns3:Watts>
							</ns3:TPX>
						</Extensions>
					</Trackpoint>
					<Trackpoint>
						<Time>2026-02-22T11:16:33Z</Time>
						<Position>
							<LatitudeDegrees>46.645738</LatitudeDegrees>
							<LongitudeDegrees>13.848747</LongitudeDegrees>
						</Position>
						<AltitudeMeters>843.4</AltitudeMeters>
						<DistanceMeters>6036.903523</DistanceMeters>
						<HeartRateBpm>
							<Value>153</Value>
						</HeartRateBpm>
						<Cadence>67</Cadence>
						<Extensions>
							<ns3:TPX>
								<ns3:Speed>4.531933</ns3:Speed>
								<ns3:Watts>301</ns3:Watts>
							</ns3:TPX>
						</Extensions>
					</Trackpoint>
					<Trackpoint>
						<Time>2026-02-22T11:16:34Z</Time>
						<Position>
							<LatitudeDegrees>46.645769</LatitudeDegrees>
							<LongitudeDegrees>13.848671</LongitudeDegrees>
						</Position>
						<AltitudeMeters>844.1</AltitudeMeters>
						<DistanceMeters>6040.218681</DistanceMeters>
						<HeartRateBpm>
							<Value>153</Value>
						</HeartRateBpm>
						<Cadence>67</Cadence>
						<Extensions>
							<ns3:TPX>
								<ns3:Speed>4.525067</ns3:Speed>
								<ns3:Watts>301</ns3:Watts>
							</ns3:TPX>
						</Extensions>
					</Trackpoint>
					<Trackpoint>
						<Time>2026-02-22T11:16:35Z</Time>
						<Position>
							<LatitudeDegrees>46.645792</LatitudeDegrees>
							<LongitudeDegrees>13.848625</LongitudeDegrees>
						</Position>
						<AltitudeMeters>844.6</AltitudeMeters>
						<DistanceMeters>6042.428787</DistanceMeters>
						<HeartRateBpm>
							<Value>153</Value>
						</HeartRateBpm>
						<Cadence>67</Cadence>
						<Extensions>
							<ns3:TPX>
								<ns3:Speed>4.515267</ns3:Speed>
								<ns3:Watts>301</ns3:Watts>
							</ns3:TPX>
						</Extensions>
					</Trackpoint>
					<Trackpoint>
						<Time>2026-02-22T11:16:36Z</Time>
						<Position>
							<LatitudeDegrees>46.645835</LatitudeDegrees>
							<LongitudeDegrees>13.84857</LongitudeDegrees>
						</Position>
						<AltitudeMeters>845.4</AltitudeMeters>
						<DistanceMeters>6045.693715</DistanceMeters>
						<HeartRateBpm>
							<Value>153</Value>
						</HeartRateBpm>
						<Cadence>68</Cadence>
						<Extensions>
							<ns3:TPX>
								<ns3:Speed>4.505333</ns3:Speed>
								<ns3:Watts>308</ns3:Watts>
							</ns3:TPX>
						</Extensions>
					</Trackpoint>
					<Trackpoint>
						<Time>2026-02-22T11:16:38Z</Time>
						<Position>
							<LatitudeDegrees>46.645888</LatitudeDegrees>
							<LongitudeDegrees>13.848535</LongitudeDegrees>
						</Position>
						<AltitudeMeters>846.2</AltitudeMeters>
						<DistanceMeters>6048.958644</DistanceMeters>
						<HeartRateBpm>
							<Value>153</Value>
						</HeartRateBpm>
						<Cadence>67</Cadence>
						<Extensions>
							<ns3:TPX>
								<ns3:Speed>4.4914</ns3:Speed>
								<ns3:Watts>301</ns3:Watts>
							</ns3:TPX>
						</Extensions>
					</Trackpoint>
					<Trackpoint>
						<Time>2026-02-22T11:16:39Z</Time>
						<Position>
							<LatitudeDegrees>46.645944</LatitudeDegrees>
							<LongitudeDegrees>13.848518</LongitudeDegrees>
						</Position>
						<AltitudeMeters>847</AltitudeMeters>
						<DistanceMeters>6052.123114</DistanceMeters>
						<HeartRateBpm>
							<Value>153</Value>
						</HeartRateBpm>
						<Cadence>66</Cadence>
						<Extensions>
							<ns3:TPX>
								<ns3:Speed>4.47</ns3:Speed>
								<ns3:Watts>294</ns3:Watts>
							</ns3:TPX>
						</Extensions>
					</Trackpoint>
					<Trackpoint>
						<Time>2026-02-22T11:16:40Z</Time>
						<Position>
							<LatitudeDegrees>46.645944</LatitudeDegrees>
							<LongitudeDegrees>13.848518</LongitudeDegrees>
						</Position>
						<AltitudeMeters>847</AltitudeMeters>
						<DistanceMeters>6067.342705</DistanceMeters>
						<HeartRateBpm>
							<Value>153</Value>
						</HeartRateBpm>
						<Cadence>66</Cadence>
						<Extensions>
							<ns3:TPX>
								<ns3:Speed>4.4486</ns3:Speed>
								<ns3:Watts>294</ns3:Watts>
							</ns3:TPX>
						</Extensions>
					</Trackpoint>
					<Trackpoint>
						<Time>2026-02-22T11:16:41Z</Time>
						<Position>
							<LatitudeDegrees>46.645999</LatitudeDegrees>
							<LongitudeDegrees>13.848508</LongitudeDegrees>
						</Position>
						<AltitudeMeters>847.7</AltitudeMeters>
						<DistanceMeters>6070.456944</DistanceMeters>
						<HeartRateBpm>
							<Value>153</Value>
						</HeartRateBpm>
						<Cadence>65</Cadence>
						<Extensions>
							<ns3:TPX>
								<ns3:Speed>4.420067</ns3:Speed>
								<ns3:Watts>287</ns3:Watts>
							</ns3:TPX>
						</Extensions>
					</Trackpoint>
					<Trackpoint>
						<Time>2026-02-22T11:16:42Z</Time>
						<Position>
							<LatitudeDegrees>46.646035</LatitudeDegrees>
							<LongitudeDegrees>13.848511</LongitudeDegrees>
						</Position>
						<AltitudeMeters>848.2</AltitudeMeters>
						<DistanceMeters>6072.516361</DistanceMeters>
						<HeartRateBpm>
							<Value>153</Value>
						</HeartRateBpm>
						<Cadence>66</Cadence>
						<Extensions>
							<ns3:TPX>
								<ns3:Speed>4.390067</ns3:Speed>
								<ns3:Watts>294</ns3:Watts>
							</ns3:TPX>
						</Extensions>
					</Trackpoint>
					<Trackpoint>
						<Time>2026-02-22T11:16:43Z</Time>
						<Position>
							<LatitudeDegrees>46.64609</LatitudeDegrees>
							<LongitudeDegrees>13.84852</LongitudeDegrees>
						</Position>
						<AltitudeMeters>848.9</AltitudeMeters>
						<DistanceMeters>6075.580371</DistanceMeters>
						<HeartRateBpm>
							<Value>153</Value>
						</HeartRateBpm>
						<Cadence>67</Cadence>
						<Extensions>
							<ns3:TPX>
								<ns3:Speed>4.362</ns3:Speed>
								<ns3:Watts>301</ns3:Watts>
							</ns3:TPX>
						</Extensions>
					</Trackpoint>
					<Trackpoint>
						<Time>2026-02-22T11:16:44Z</Time>
						<Position>
							<LatitudeDegrees>46.646127</LatitudeDegrees>
							<LongitudeDegrees>13.848527</LongitudeDegrees>
						</Position>
						<AltitudeMeters>849.4</AltitudeMeters>
						<DistanceMeters>6077.639788</DistanceMeters>
						<HeartRateBpm>
							<Value>153</Value>
						</HeartRateBpm>
						<Cadence>67</Cadence>
						<Extensions>
							<ns3:TPX>
								<ns3:Speed>4.3318</ns3:Speed>
								<ns3:Watts>301</ns3:Watts>
							</ns3:TPX>
						</Extensions>
					</Trackpoint>
					<Trackpoint>
						<Time>2026-02-22T11:16:45Z</Time>
						<Position>
							<LatitudeDegrees>46.646127</LatitudeDegrees>
							<LongitudeDegrees>13.848527</LongitudeDegrees>
						</Position>
						<AltitudeMeters>849.4</AltitudeMeters>
						<DistanceMeters>6087.936871</DistanceMeters>
						<HeartRateBpm>
							<Value>152</Value>
						</HeartRateBpm>
						<Cadence>67</Cadence>
						<Extensions>
							<ns3:TPX>
								<ns3:Speed>4.298933</ns3:Speed>
								<ns3:Watts>301</ns3:Watts>
							</ns3:TPX>
						</Extensions>
					</Trackpoint>
					<Trackpoint>
						<Time>2026-02-22T11:16:46Z</Time>
						<Position>
							<LatitudeDegrees>46.646181</LatitudeDegrees>
							<LongitudeDegrees>13.848538</LongitudeDegrees>
						</Position>
						<AltitudeMeters>850.2</AltitudeMeters>
						<DistanceMeters>6091.000881</DistanceMeters>
						<HeartRateBpm>
							<Value>152</Value>
						</HeartRateBpm>
						<Cadence>67</Cadence>
						<Extensions>
							<ns3:TPX>
								<ns3:Speed>4.2648</ns3:Speed>
								<ns3:Watts>301</ns3:Watts>
							</ns3:TPX>
						</Extensions>
					</Trackpoint>
					<Trackpoint>
						<Time>2026-02-22T11:16:47Z</Time>
						<Position>
							<LatitudeDegrees>46.646235</LatitudeDegrees>
							<LongitudeDegrees>13.848554</LongitudeDegrees>
						</Position>
						<AltitudeMeters>850.9</AltitudeMeters>
						<DistanceMeters>6094.064891</DistanceMeters>
						<HeartRateBpm>
							<Value>152</Value>
						</HeartRateBpm>
						<Cadence>67</Cadence>
						<Extensions>
							<ns3:TPX>
								<ns3:Speed>4.230333</ns3:Speed>
								<ns3:Watts>301</ns3:Watts>
							</ns3:TPX>
						</Extensions>
					</Trackpoint>
					<Trackpoint>
						<Time>2026-02-22T11:16:48Z</Time>
						<Position>
							<LatitudeDegrees>46.646235</LatitudeDegrees>
							<LongitudeDegrees>13.848554</LongitudeDegrees>
						</Position>
						<AltitudeMeters>850.9</AltitudeMeters>
						<DistanceMeters>6100.192911</DistanceMeters>
						<HeartRateBpm>
							<Value>152</Value>
						</HeartRateBpm>
						<Cadence>67</Cadence>
						<Extensions>
							<ns3:TPX>
								<ns3:Speed>4.2032</ns3:Speed>
								<ns3:Watts>301</ns3:Watts>
							</ns3:TPX>
						</Extensions>
					</Trackpoint>
					<Trackpoint>
						<Time>2026-02-22T11:16:49Z</Time>
						<Position>
							<LatitudeDegrees>46.646287</LatitudeDegrees>
							<LongitudeDegrees>13.848581</LongitudeDegrees>
						</Position>
						<AltitudeMeters>851.7</AltitudeMeters>
						<DistanceMeters>6103.307151</DistanceMeters>
						<HeartRateBpm>
							<Value>152</Value>
						</HeartRateBpm>
						<Cadence>66</Cadence>
						<Extensions>
							<ns3:TPX>
								<ns3:Speed>4.174933</ns3:Speed>
								<ns3:Watts>294</ns3:Watts>
							</ns3:TPX>
						</Extensions>
					</Trackpoint>
					<Trackpoint>
						<Time>2026-02-22T11:16:50Z</Time>
						<Position>
							<LatitudeDegrees>46.646321</LatitudeDegrees>
							<LongitudeDegrees>13.8486</LongitudeDegrees>
						</Position>
						<AltitudeMeters>852.2</AltitudeMeters>
						<DistanceMeters>6105.366567</DistanceMeters>
						<HeartRateBpm>
							<Value>154</Value>
						</HeartRateBpm>
						<Cadence>65</Cadence>
						<Extensions>
							<ns3:TPX>
								<ns3:Speed>4.149067</ns3:Speed>
								<ns3:Watts>287</ns3:Watts>
							</ns3:TPX>
						</Extensions>
					</Trackpoint>
					<Trackpoint>
						<Time>2026-02-22T11:16:51Z</Time>
						<Position>
							<LatitudeDegrees>46.646371</LatitudeDegrees>
							<LongitudeDegrees>13.848631</LongitudeDegrees>
						</Position>
						<AltitudeMeters>852.9</AltitudeMeters>
						<DistanceMeters>6108.330118</DistanceMeters>
						<HeartRateBpm>
							<Value>154</Value>
						</HeartRateBpm>
						<Cadence>65</Cadence>
						<Extensions>
							<ns3:TPX>
								<ns3:Speed>4.122067</ns3:Speed>
								<ns3:Watts>287</ns3:Watts>
							</ns3:TPX>
						</Extensions>
					</Trackpoint>
					<Trackpoint>
						<Time>2026-02-22T11:16:52Z</Time>
						<Position>
							<LatitudeDegrees>46.646403</LatitudeDegrees>
							<LongitudeDegrees>13.848652</LongitudeDegrees>
						</Position>
						<AltitudeMeters>853.4</AltitudeMeters>
						<DistanceMeters>6110.339305</DistanceMeters>
						<HeartRateBpm>
							<Value>154</Value>
						</HeartRateBpm>
						<Cadence>65</Cadence>
						<Extensions>
							<ns3:TPX>
								<ns3:Speed>4.095133</ns3:Speed>
								<ns3:Watts>287</ns3:Watts>
							</ns3:TPX>
						</Extensions>
					</Trackpoint>
					<Trackpoint>
						<Time>2026-02-22T11:16:53Z</Time>
						<Position>
							<LatitudeDegrees>46.646403</LatitudeDegrees>
							<LongitudeDegrees>13.848652</LongitudeDegrees>
						</Position>
						<AltitudeMeters>853.4</AltitudeMeters>
						<DistanceMeters>6120.485699</DistanceMeters>
						<HeartRateBpm>
							<Value>154</Value>
						</HeartRateBpm>
						<Cadence>65</Cadence>
						<Extensions>
							<ns3:TPX>
								<ns3:Speed>4.072867</ns3:Speed>
								<ns3:Watts>287</ns3:Watts>
							</ns3:TPX>
						</Extensions>
					</Trackpoint>
					<Trackpoint>
						<Time>2026-02-22T11:16:54Z</Time>
						<Position>
							<LatitudeDegrees>46.646453</LatitudeDegrees>
							<LongitudeDegrees>13.848681</LongitudeDegrees>
						</Position>
						<AltitudeMeters>854.2</AltitudeMeters>
						<DistanceMeters>6123.44925</DistanceMeters>
						<HeartRateBpm>
							<Value>154</Value>
						</HeartRateBpm>
						<Cadence>67</Cadence>
						<Extensions>
							<ns3:TPX>
								<ns3:Speed>4.059533</ns3:Speed>
								<ns3:Watts>301</ns3:Watts>
							</ns3:TPX>
						</Extensions>
					</Trackpoint>
					<Trackpoint>
						<Time>2026-02-22T11:16:55Z</Time>
						<Position>
							<LatitudeDegrees>46.646487</LatitudeDegrees>
							<LongitudeDegrees>13.848699</LongitudeDegrees>
						</Position>
						<AltitudeMeters>854.7</AltitudeMeters>
						<DistanceMeters>6125.508666</DistanceMeters>
						<HeartRateBpm>
							<Value>154</Value>
						</HeartRateBpm>
						<Cadence>67</Cadence>
						<Extensions>
							<ns3:TPX>
								<ns3:Speed>4.0486</ns3:Speed>
								<ns3:Watts>301</ns3:Watts>
							</ns3:TPX>
						</Extensions>
					</Trackpoint>
					<Trackpoint>
						<Time>2026-02-22T11:16:56Z</Time>
						<Position>
							<LatitudeDegrees>46.646538</LatitudeDegrees>
							<LongitudeDegrees>13.848727</LongitudeDegrees>
						</Position>
						<AltitudeMeters>855.5</AltitudeMeters>
						<DistanceMeters>6128.522447</DistanceMeters>
						<HeartRateBpm>
							<Value>154</Value>
						</HeartRateBpm>
						<Cadence>66</Cadence>
						<Extensions>
							<ns3:TPX>
								<ns3:Speed>4.044733</ns3:Speed>
								<ns3:Watts>294</ns3:Watts>
							</ns3:TPX>
						</Extensions>
					</Trackpoint>
					<Trackpoint>
						<Time>2026-02-22T11:16:57Z</Time>
						<Position>
							<LatitudeDegrees>46.646572</LatitudeDegrees>
							<LongitudeDegrees>13.848746</LongitudeDegrees>
						</Position>
						<AltitudeMeters>856</AltitudeMeters>
						<DistanceMeters>6130.531634</DistanceMeters>
						<HeartRateBpm>
							<Value>154</Value>
						</HeartRateBpm>
						<Cadence>67</Cadence>
						<Extensions>
							<ns3:TPX>
								<ns3:Speed>4.044133</ns3:Speed>
								<ns3:Watts>301</ns3:Watts>
							</ns3:TPX>
						</Extensions>
					</Trackpoint>
					<Trackpoint>
						<Time>2026-02-22T11:16:58Z</Time>
						<Position>
							<LatitudeDegrees>46.646572</LatitudeDegrees>
							<LongitudeDegrees>13.848746</LongitudeDegrees>
						</Position>
						<AltitudeMeters>856</AltitudeMeters>
						<DistanceMeters>6140.577568</DistanceMeters>
						<HeartRateBpm>
							<Value>154</Value>
						</HeartRateBpm>
						<Cadence>67</Cadence>
						<Extensions>
							<ns3:TPX>
								<ns3:Speed>4.0416</ns3:Speed>
								<ns3:Watts>301</ns3:Watts>
							</ns3:TPX>
						</Extensions>
					</Trackpoint>
					<Trackpoint>
						<Time>2026-02-22T11:16:59Z</Time>
						<Position>
							<LatitudeDegrees>46.646623</LatitudeDegrees>
							<LongitudeDegrees>13.848774</LongitudeDegrees>
						</Position>
						<AltitudeMeters>856.7</AltitudeMeters>
						<DistanceMeters>6143.641579</DistanceMeters>
						<HeartRateBpm>
							<Value>154</Value>
						</HeartRateBpm>
						<Cadence>67</Cadence>
						<Extensions>
							<ns3:TPX>
								<ns3:Speed>4.039467</ns3:Speed>
								<ns3:Watts>301</ns3:Watts>
							</ns3:TPX>
						</Extensions>
					</Trackpoint>
					<Trackpoint>
						<Time>2026-02-22T11:17:00Z</Time>
						<Position>
							<LatitudeDegrees>46.646657</LatitudeDegrees>
							<LongitudeDegrees>13.848793</LongitudeDegrees>
						</Position>
						<AltitudeMeters>857.2</AltitudeMeters>
						<DistanceMeters>6145.751225</DistanceMeters>
						<HeartRateBpm>
							<Value>154</Value>
						</HeartRateBpm>
						<Cadence>67</Cadence>
						<Extensions>
							<ns3:TPX>
								<ns3:Speed>4.038</ns3:Speed>
								<ns3:Watts>301</ns3:Watts>
							</ns3:TPX>
						</Extensions>
					</Trackpoint>
					<Trackpoint>
						<Time>2026-02-22T11:17:01Z</Time>
						<Position>
							<LatitudeDegrees>46.646709</LatitudeDegrees>
							<LongitudeDegrees>13.848822</LongitudeDegrees>
						</Position>
						<AltitudeMeters>858</AltitudeMeters>
						<DistanceMeters>6148.765005</DistanceMeters>
						<HeartRateBpm>
							<Value>154</Value>
						</HeartRateBpm>
						<Cadence>66</Cadence>
						<Extensions>
							<ns3:TPX>
								<ns3:Speed>4.0362</ns3:Speed>
								<ns3:Watts>294</ns3:Watts>
							</ns3:TPX>
						</Extensions>
					</Trackpoint>
					<Trackpoint>
						<Time>2026-02-22T11:17:02Z</Time>
						<Position>
							<LatitudeDegrees>46.646709</LatitudeDegrees>
							<LongitudeDegrees>13.848822</LongitudeDegrees>
						</Position>
						<AltitudeMeters>858</AltitudeMeters>
						<DistanceMeters>6156.952442</DistanceMeters>
						<HeartRateBpm>
							<Value>154</Value>
						</HeartRateBpm>
						<Cadence>66</Cadence>
						<Extensions>
							<ns3:TPX>
								<ns3:Speed>4.0336</ns3:Speed>
								<ns3:Watts>294</ns3:Watts>
							</ns3:TPX>
						</Extensions>
					</Trackpoint>
					<Trackpoint>
						<Time>2026-02-22T11:17:03Z</Time>
						<Position>
							<LatitudeDegrees>46.646759</LatitudeDegrees>
							<LongitudeDegrees>13.84885</LongitudeDegrees>
						</Position>
						<AltitudeMeters>858.7</AltitudeMeters>
						<DistanceMeters>6160.016452</DistanceMeters>
						<HeartRateBpm>
							<Value>154</Value>
						</HeartRateBpm>
						<Cadence>66</Cadence>
						<Extensions>
							<ns3:TPX>
								<ns3:Speed>4.028</ns3:Speed>
								<ns3:Watts>294</ns3:Watts>
							</ns3:TPX>
						</Extensions>
					</Trackpoint>
					<Trackpoint>
						<Time>2026-02-22T11:17:04Z</Time>
						<Position>
							<LatitudeDegrees>46.64681</LatitudeDegrees>
							<LongitudeDegrees>13.84888</LongitudeDegrees>
						</Position>
						<AltitudeMeters>859.3</AltitudeMeters>
						<DistanceMeters>6163.030232</DistanceMeters>
						<HeartRateBpm>
							<Value>154</Value>
						</HeartRateBpm>
						<Cadence>67</Cadence>
						<Extensions>
							<ns3:TPX>
								<ns3:Speed>4.026333</ns3:Speed>
								<ns3:Watts>301</ns3:Watts>
							</ns3:TPX>
						</Extensions>
					</Trackpoint>
					<Trackpoint>
						<Time>2026-02-22T11:17:05Z</Time>
						<Position>
							<LatitudeDegrees>46.64681</LatitudeDegrees>
							<LongitudeDegrees>13.84888</LongitudeDegrees>
						</Position>
						<AltitudeMeters>859.3</AltitudeMeters>
						<DistanceMeters>6169.108023</DistanceMeters>
						<HeartRateBpm>
							<Value>154</Value>
						</HeartRateBpm>
						<Cadence>67</Cadence>
						<Extensions>
							<ns3:TPX>
								<ns3:Speed>4.027933</ns3:Speed>
								<ns3:Watts>301</ns3:Watts>
							</ns3:TPX>
						</Extensions>
					</Trackpoint>
					<Trackpoint>
						<Time>2026-02-22T11:17:06Z</Time>
						<Position>
							<LatitudeDegrees>46.64686</LatitudeDegrees>
							<LongitudeDegrees>13.84891</LongitudeDegrees>
						</Position>
						<AltitudeMeters>860</AltitudeMeters>
						<DistanceMeters>6172.172033</DistanceMeters>
						<HeartRateBpm>
							<Value>154</Value>
						</HeartRateBpm>
						<Cadence>67</Cadence>
						<Extensions>
							<ns3:TPX>
								<ns3:Speed>4.034267</ns3:Speed>
								<ns3:Watts>301</ns3:Watts>
							</ns3:TPX>
						</Extensions>
					</Trackpoint>
					<Trackpoint>
						<Time>2026-02-22T11:17:07Z</Time>
						<Position>
							<LatitudeDegrees>46.646894</LatitudeDegrees>
							<LongitudeDegrees>13.848931</LongitudeDegrees>
						</Position>
						<AltitudeMeters>860.5</AltitudeMeters>
						<DistanceMeters>6174.23145</DistanceMeters>
						<HeartRateBpm>
							<Value>154</Value>
						</HeartRateBpm>
						<Cadence>68</Cadence>
						<Extensions>
							<ns3:TPX>
								<ns3:Speed>4.045133</ns3:Speed>
								<ns3:Watts>308</ns3:Watts>
							</ns3:TPX>
						</Extensions>
					</Trackpoint>
					<Trackpoint>
						<Time>2026-02-22T11:17:08Z</Time>
						<Position>
							<LatitudeDegrees>46.646928</LatitudeDegrees>
							<LongitudeDegrees>13.848951</LongitudeDegrees>
						</Position>
						<AltitudeMeters>861</AltitudeMeters>
						<DistanceMeters>6176.341096</DistanceMeters>
						<HeartRateBpm>
							<Value>154</Value>
						</HeartRateBpm>
						<Cadence>67</Cadence>
						<Extensions>
							<ns3:TPX>
								<ns3:Speed>4.0576</ns3:Speed>
								<ns3:Watts>301</ns3:Watts>
							</ns3:TPX>
						</Extensions>
					</Trackpoint>
					<Trackpoint>
						<Time>2026-02-22T11:17:09Z</Time>
						<Position>
							<LatitudeDegrees>46.64698</LatitudeDegrees>
							<LongitudeDegrees>13.848983</LongitudeDegrees>
						</Position>
						<AltitudeMeters>861.7</AltitudeMeters>
						<DistanceMeters>6179.455336</DistanceMeters>
						<HeartRateBpm>
							<Value>155</Value>
						</HeartRateBpm>
						<Cadence>68</Cadence>
						<Extensions>
							<ns3:TPX>
								<ns3:Speed>4.0694</ns3:Speed>
								<ns3:Watts>308</ns3:Watts>
							</ns3:TPX>
						</Extensions>
					</Trackpoint>
					<Trackpoint>
						<Time>2026-02-22T11:17:11Z</Time>
						<Position>
							<LatitudeDegrees>46.647032</LatitudeDegrees>
							<LongitudeDegrees>13.849014</LongitudeDegrees>
						</Position>
						<AltitudeMeters>862.4</AltitudeMeters>
						<DistanceMeters>6182.619805</DistanceMeters>
						<HeartRateBpm>
							<Value>155</Value>
						</HeartRateBpm>
						<Cadence>68</Cadence>
						<Extensions>
							<ns3:TPX>
								<ns3:Speed>4.0846</ns3:Speed>
								<ns3:Watts>308</ns3:Watts>
							</ns3:TPX>
						</Extensions>
					</Trackpoint>
					<Trackpoint>
						<Time>2026-02-22T11:17:12Z</Time>
						<Position>
							<LatitudeDegrees>46.647068</LatitudeDegrees>
							<LongitudeDegrees>13.849036</LongitudeDegrees>
						</Position>
						<AltitudeMeters>862.9</AltitudeMeters>
						<DistanceMeters>6184.779681</DistanceMeters>
						<HeartRateBpm>
							<Value>155</Value>
						</HeartRateBpm>
						<Cadence>66</Cadence>
						<Extensions>
							<ns3:TPX>
								<ns3:Speed>4.0968</ns3:Speed>
								<ns3:Watts>294</ns3:Watts>
							</ns3:TPX>
						</Extensions>
					</Trackpoint>
					<Trackpoint>
						<Time>2026-02-22T11:17:13Z</Time>
						<Position>
							<LatitudeDegrees>46.64712</LatitudeDegrees>
							<LongitudeDegrees>13.849068</LongitudeDegrees>
						</Position>
						<AltitudeMeters>863.6</AltitudeMeters>
						<DistanceMeters>6187.893921</DistanceMeters>
						<HeartRateBpm>
							<Value>155</Value>
						</HeartRateBpm>
						<Cadence>68</Cadence>
						<Extensions>
							<ns3:TPX>
								<ns3:Speed>4.106467</ns3:Speed>
								<ns3:Watts>308</ns3:Watts>
							</ns3:TPX>
						</Extensions>
					</Trackpoint>
					<Trackpoint>
						<Time>2026-02-22T11:17:14Z</Time>
						<Position>
							<LatitudeDegrees>46.647154</LatitudeDegrees>
							<LongitudeDegrees>13.84909</LongitudeDegrees>
						</Position>
						<AltitudeMeters>864.1</AltitudeMeters>
						<DistanceMeters>6190.053797</DistanceMeters>
						<HeartRateBpm>
							<Value>156</Value>
						</HeartRateBpm>
						<Cadence>68</Cadence>
						<Extensions>
							<ns3:TPX>
								<ns3:Speed>4.116933</ns3:Speed>
								<ns3:Watts>308</ns3:Watts>
							</ns3:TPX>
						</Extensions>
					</Trackpoint>
					<Trackpoint>
						<Time>2026-02-22T11:17:15Z</Time>
						<Position>
							<LatitudeDegrees>46.647189</LatitudeDegrees>
							<LongitudeDegrees>13.849112</LongitudeDegrees>
						</Position>
						<AltitudeMeters>864.6</AltitudeMeters>
						<DistanceMeters>6192.163443</DistanceMeters>
						<HeartRateBpm>
							<Value>156</Value>
						</HeartRateBpm>
						<Cadence>68</Cadence>
						<Extensions>
							<ns3:TPX>
								<ns3:Speed>4.126267</ns3:Speed>
								<ns3:Watts>308</ns3:Watts>
							</ns3:TPX>
						</Extensions>
					</Trackpoint>
					<Trackpoint>
						<Time>2026-02-22T11:17:16Z</Time>
						<Position>
							<LatitudeDegrees>46.647189</LatitudeDegrees>
							<LongitudeDegrees>13.849112</LongitudeDegrees>
						</Position>
						<AltitudeMeters>864.6</AltitudeMeters>
						<DistanceMeters>6215.218863</DistanceMeters>
						<HeartRateBpm>
							<Value>156</Value>
						</HeartRateBpm>
						<Cadence>68</Cadence>
						<Extensions>
							<ns3:TPX>
								<ns3:Speed>4.134933</ns3:Speed>
								<ns3:Watts>308</ns3:Watts>
							</ns3:TPX>
						</Extensions>
					</Trackpoint>
					<Trackpoint>
						<Time>2026-02-22T11:17:17Z</Time>
						<Position>
							<LatitudeDegrees>46.647237</LatitudeDegrees>
							<LongitudeDegrees>13.849155</LongitudeDegrees>
						</Position>
						<AltitudeMeters>865.4</AltitudeMeters>
						<DistanceMeters>6218.333103</DistanceMeters>
						<HeartRateBpm>
							<Value>156</Value>
						</HeartRateBpm>
						<Cadence>67</Cadence>
						<Extensions>
							<ns3:TPX>
								<ns3:Speed>4.142267</ns3:Speed>
								<ns3:Watts>301</ns3:Watts>
							</ns3:TPX>
						</Extensions>
					</Trackpoint>
					<Trackpoint>
						<Time>2026-02-22T11:17:18Z</Time>
						<Position>
							<LatitudeDegrees>46.64727</LatitudeDegrees>
							<LongitudeDegrees>13.849184</LongitudeDegrees>
						</Position>
						<AltitudeMeters>865.9</AltitudeMeters>
						<DistanceMeters>6220.442749</DistanceMeters>
						<HeartRateBpm>
							<Value>156</Value>
						</HeartRateBpm>
						<Cadence>68</Cadence>
						<Extensions>
							<ns3:TPX>
								<ns3:Speed>4.149667</ns3:Speed>
								<ns3:Watts>308</ns3:Watts>
							</ns3:TPX>
						</Extensions>
					</Trackpoint>
					<Trackpoint>
						<Time>2026-02-22T11:17:19Z</Time>
						<Position>
							<LatitudeDegrees>46.647301</LatitudeDegrees>
							<LongitudeDegrees>13.849212</LongitudeDegrees>
						</Position>
						<AltitudeMeters>866.4</AltitudeMeters>
						<DistanceMeters>6222.552395</DistanceMeters>
						<HeartRateBpm>
							<Value>156</Value>
						</HeartRateBpm>
						<Cadence>67</Cadence>
						<Extensions>
							<ns3:TPX>
								<ns3:Speed>4.159667</ns3:Speed>
								<ns3:Watts>301</ns3:Watts>
							</ns3:TPX>
						</Extensions>
					</Trackpoint>
					<Trackpoint>
						<Time>2026-02-22T11:17:20Z</Time>
						<Position>
							<LatitudeDegrees>46.647349</LatitudeDegrees>
							<LongitudeDegrees>13.849254</LongitudeDegrees>
						</Position>
						<AltitudeMeters>867.1</AltitudeMeters>
						<DistanceMeters>6225.616405</DistanceMeters>
						<HeartRateBpm>
							<Value>156</Value>
						</HeartRateBpm>
						<Cadence>65</Cadence>
						<Extensions>
							<ns3:TPX>
								<ns3:Speed>4.160533</ns3:Speed>
								<ns3:Watts>287</ns3:Watts>
							</ns3:TPX>
						</Extensions>
					</Trackpoint>
					<Trackpoint>
						<Time>2026-02-22T11:17:21Z</Time>
						<Position>
							<LatitudeDegrees>46.647349</LatitudeDegrees>
							<LongitudeDegrees>13.849254</LongitudeDegrees>
						</Position>
						<AltitudeMeters>867.1</AltitudeMeters>
						<DistanceMeters>6236.013948</DistanceMeters>
						<HeartRateBpm>
							<Value>156</Value>
						</HeartRateBpm>
						<Cadence>65</Cadence>
						<Extensions>
							<ns3:TPX>
								<ns3:Speed>4.1614</ns3:Speed>
								<ns3:Watts>287</ns3:Watts>
							</ns3:TPX>
						</Extensions>
					</Trackpoint>
					<Trackpoint>
						<Time>2026-02-22T11:17:22Z</Time>
						<Position>
							<LatitudeDegrees>46.647396</LatitudeDegrees>
							<LongitudeDegrees>13.849295</LongitudeDegrees>
						</Position>
						<AltitudeMeters>867.9</AltitudeMeters>
						<DistanceMeters>6239.077958</DistanceMeters>
						<HeartRateBpm>
							<Value>156</Value>
						</HeartRateBpm>
						<Cadence>66</Cadence>
						<Extensions>
							<ns3:TPX>
								<ns3:Speed>4.158</ns3:Speed>
								<ns3:Watts>294</ns3:Watts>
							</ns3:TPX>
						</Extensions>
					</Trackpoint>
					<Trackpoint>
						<Time>2026-02-22T11:17:23Z</Time>
						<Position>
							<LatitudeDegrees>46.647442</LatitudeDegrees>
							<LongitudeDegrees>13.849336</LongitudeDegrees>
						</Position>
						<AltitudeMeters>868.6</AltitudeMeters>
						<DistanceMeters>6242.041509</DistanceMeters>
						<HeartRateBpm>
							<Value>156</Value>
						</HeartRateBpm>
						<Cadence>65</Cadence>
						<Extensions>
							<ns3:TPX>
								<ns3:Speed>4.149133</ns3:Speed>
								<ns3:Watts>287</ns3:Watts>
							</ns3:TPX>
						</Extensions>
					</Trackpoint>
					<Trackpoint>
						<Time>2026-02-22T11:17:25Z</Time>
						<Position>
							<LatitudeDegrees>46.647488</LatitudeDegrees>
							<LongitudeDegrees>13.849376</LongitudeDegrees>
						</Position>
						<AltitudeMeters>869.4</AltitudeMeters>
						<DistanceMeters>6245.105519</DistanceMeters>
						<HeartRateBpm>
							<Value>156</Value>
						</HeartRateBpm>
						<Cadence>66</Cadence>
						<Extensions>
							<ns3:TPX>
								<ns3:Speed>4.1396</ns3:Speed>
								<ns3:Watts>294</ns3:Watts>
							</ns3:TPX>
						</Extensions>
					</Trackpoint>
					<Trackpoint>
						<Time>2026-02-22T11:17:26Z</Time>
						<Position>
							<LatitudeDegrees>46.647534</LatitudeDegrees>
							<LongitudeDegrees>13.849417</LongitudeDegrees>
						</Position>
						<AltitudeMeters>870.2</AltitudeMeters>
						<DistanceMeters>6248.069069</DistanceMeters>
						<HeartRateBpm>
							<Value>156</Value>
						</HeartRateBpm>
						<Cadence>67</Cadence>
						<Extensions>
							<ns3:TPX>
								<ns3:Speed>4.1302</ns3:Speed>
								<ns3:Watts>301</ns3:Watts>
							</ns3:TPX>
						</Extensions>
					</Trackpoint>
					<Trackpoint>
						<Time>2026-02-22T11:17:27Z</Time>
						<Position>
							<LatitudeDegrees>46.647534</LatitudeDegrees>
							<LongitudeDegrees>13.849417</LongitudeDegrees>
						</Position>
						<AltitudeMeters>870.2</AltitudeMeters>
						<DistanceMeters>6260.124191</DistanceMeters>
						<HeartRateBpm>
							<Value>156</Value>
						</HeartRateBpm>
						<Cadence>67</Cadence>
						<Extensions>
							<ns3:TPX>
								<ns3:Speed>4.115</ns3:Speed>
								<ns3:Watts>301</ns3:Watts>
							</ns3:TPX>
						</Extensions>
					</Trackpoint>
					<Trackpoint>
						<Time>2026-02-22T11:17:28Z</Time>
						<Position>
							<LatitudeDegrees>46.647582</LatitudeDegrees>
							<LongitudeDegrees>13.849454</LongitudeDegrees>
						</Position>
						<AltitudeMeters>870.9</AltitudeMeters>
						<DistanceMeters>6263.188201</DistanceMeters>
						<HeartRateBpm>
							<Value>155</Value>
						</HeartRateBpm>
						<Cadence>67</Cadence>
						<Extensions>
							<ns3:TPX>
								<ns3:Speed>4.105</ns3:Speed>
								<ns3:Watts>301</ns3:Watts>
							</ns3:TPX>
						</Extensions>
					</Trackpoint>
					<Trackpoint>
						<Time>2026-02-22T11:17:29Z</Time>
						<Position>
							<LatitudeDegrees>46.647615</LatitudeDegrees>
							<LongitudeDegrees>13.849479</LongitudeDegrees>
						</Position>
						<AltitudeMeters>871.4</AltitudeMeters>
						<DistanceMeters>6265.247618</DistanceMeters>
						<HeartRateBpm>
							<Value>155</Value>
						</HeartRateBpm>
						<Cadence>67</Cadence>
						<Extensions>
							<ns3:TPX>
								<ns3:Speed>4.096533</ns3:Speed>
								<ns3:Watts>301</ns3:Watts>
							</ns3:TPX>
						</Extensions>
					</Trackpoint>
					<Trackpoint>
						<Time>2026-02-22T11:17:30Z</Time>
						<Position>
							<LatitudeDegrees>46.647661</LatitudeDegrees>
							<LongitudeDegrees>13.84952</LongitudeDegrees>
						</Position>
						<AltitudeMeters>872.2</AltitudeMeters>
						<DistanceMeters>6268.311628</DistanceMeters>
						<HeartRateBpm>
							<Value>155</Value>
						</HeartRateBpm>
						<Cadence>67</Cadence>
						<Extensions>
							<ns3:TPX>
								<ns3:Speed>4.0878</ns3:Speed>
								<ns3:Watts>301</ns3:Watts>
							</ns3:TPX>
						</Extensions>
					</Trackpoint>
					<Trackpoint>
						<Time>2026-02-22T11:17:31Z</Time>
						<Position>
							<LatitudeDegrees>46.647692</LatitudeDegrees>
							<LongitudeDegrees>13.84955</LongitudeDegrees>
						</Position>
						<AltitudeMeters>872.7</AltitudeMeters>
						<DistanceMeters>6270.371044</DistanceMeters>
						<HeartRateBpm>
							<Value>155</Value>
						</HeartRateBpm>
						<Cadence>67</Cadence>
						<Extensions>
							<ns3:TPX>
								<ns3:Speed>4.078867</ns3:Speed>
								<ns3:Watts>301</ns3:Watts>
							</ns3:TPX>
						</Extensions>
					</Trackpoint>
					<Trackpoint>
						<Time>2026-02-22T11:17:32Z</Time>
						<Position>
							<LatitudeDegrees>46.647692</LatitudeDegrees>
							<LongitudeDegrees>13.84955</LongitudeDegrees>
						</Position>
						<AltitudeMeters>872.7</AltitudeMeters>
						<DistanceMeters>6280.617898</DistanceMeters>
						<HeartRateBpm>
							<Value>155</Value>
						</HeartRateBpm>
						<Cadence>67</Cadence>
						<Extensions>
							<ns3:TPX>
								<ns3:Speed>4.069933</ns3:Speed>
								<ns3:Watts>301</ns3:Watts>
							</ns3:TPX>
						</Extensions>
					</Trackpoint>
					<Trackpoint>
						<Time>2026-02-22T11:17:33Z</Time>
						<Position>
							<LatitudeDegrees>46.647715</LatitudeDegrees>
							<LongitudeDegrees>13.849606</LongitudeDegrees>
						</Position>
						<AltitudeMeters>873.6</AltitudeMeters>
						<DistanceMeters>6283.631678</DistanceMeters>
						<HeartRateBpm>
							<Value>156</Value>
						</HeartRateBpm>
						<Cadence>64</Cadence>
						<Extensions>
							<ns3:TPX>
								<ns3:Speed>4.056133</ns3:Speed>
								<ns3:Watts>279</ns3:Watts>
							</ns3:TPX>
						</Extensions>
					</Trackpoint>
					<Trackpoint>
						<Time>2026-02-22T11:17:34Z</Time>
						<Position>
							<LatitudeDegrees>46.647705</LatitudeDegrees>
							<LongitudeDegrees>13.849655</LongitudeDegrees>
						</Position>
						<AltitudeMeters>874.2</AltitudeMeters>
						<DistanceMeters>6285.590635</DistanceMeters>
						<HeartRateBpm>
							<Value>156</Value>
						</HeartRateBpm>
						<Cadence>64</Cadence>
						<Extensions>
							<ns3:TPX>
								<ns3:Speed>4.0372</ns3:Speed>
								<ns3:Watts>279</ns3:Watts>
							</ns3:TPX>
						</Extensions>
					</Trackpoint>
					<Trackpoint>
						<Time>2026-02-22T11:17:35Z</Time>
						<Position>
							<LatitudeDegrees>46.647687</LatitudeDegrees>
							<LongitudeDegrees>13.849693</LongitudeDegrees>
						</Position>
						<AltitudeMeters>874.8</AltitudeMeters>
						<DistanceMeters>6287.499363</DistanceMeters>
						<HeartRateBpm>
							<Value>156</Value>
						</HeartRateBpm>
						<Cadence>64</Cadence>
						<Extensions>
							<ns3:TPX>
								<ns3:Speed>4.0146</ns3:Speed>
								<ns3:Watts>279</ns3:Watts>
							</ns3:TPX>
						</Extensions>
					</Trackpoint>
					<Trackpoint>
						<Time>2026-02-22T11:17:36Z</Time>
						<Position>
							<LatitudeDegrees>46.647654</LatitudeDegrees>
							<LongitudeDegrees>13.849705</LongitudeDegrees>
						</Position>
						<AltitudeMeters>875.2</AltitudeMeters>
						<DistanceMeters>6289.45832</DistanceMeters>
						<HeartRateBpm>
							<Value>156</Value>
						</HeartRateBpm>
						<Cadence>64</Cadence>
						<Extensions>
							<ns3:TPX>
								<ns3:Speed>3.995467</ns3:Speed>
								<ns3:Watts>279</ns3:Watts>
							</ns3:TPX>
						</Extensions>
					</Trackpoint>
					<Trackpoint>
						<Time>2026-02-22T11:17:37Z</Time>
						<Position>
							<LatitudeDegrees>46.647604</LatitudeDegrees>
							<LongitudeDegrees>13.849722</LongitudeDegrees>
						</Position>
						<AltitudeMeters>875.9</AltitudeMeters>
						<DistanceMeters>6292.271182</DistanceMeters>
						<HeartRateBpm>
							<Value>156</Value>
						</HeartRateBpm>
						<Cadence>66</Cadence>
						<Extensions>
							<ns3:TPX>
								<ns3:Speed>3.9796</ns3:Speed>
								<ns3:Watts>294</ns3:Watts>
							</ns3:TPX>
						</Extensions>
					</Trackpoint>
					<Trackpoint>
						<Time>2026-02-22T11:17:38Z</Time>
						<Position>
							<LatitudeDegrees>46.647604</LatitudeDegrees>
							<LongitudeDegrees>13.849722</LongitudeDegrees>
						</Position>
						<AltitudeMeters>875.9</AltitudeMeters>
						<DistanceMeters>6303.924466</DistanceMeters>
						<HeartRateBpm>
							<Value>156</Value>
						</HeartRateBpm>
						<Cadence>66</Cadence>
						<Extensions>
							<ns3:TPX>
								<ns3:Speed>3.967333</ns3:Speed>
								<ns3:Watts>294</ns3:Watts>
							</ns3:TPX>
						</Extensions>
					</Trackpoint>
					<Trackpoint>
						<Time>2026-02-22T11:17:39Z</Time>
						<Position>
							<LatitudeDegrees>46.647552</LatitudeDegrees>
							<LongitudeDegrees>13.84973</LongitudeDegrees>
						</Position>
						<AltitudeMeters>876.6</AltitudeMeters>
						<DistanceMeters>6306.888017</DistanceMeters>
						<HeartRateBpm>
							<Value>156</Value>
						</HeartRateBpm>
						<Cadence>67</Cadence>
						<Extensions>
							<ns3:TPX>
								<ns3:Speed>3.965333</ns3:Speed>
								<ns3:Watts>301</ns3:Watts>
							</ns3:TPX>
						</Extensions>
					</Trackpoint>
					<Trackpoint>
						<Time>2026-02-22T11:17:40Z</Time>
						<Position>
							<LatitudeDegrees>46.647499</LatitudeDegrees>
							<LongitudeDegrees>13.849737</LongitudeDegrees>
						</Position>
						<AltitudeMeters>877.3</AltitudeMeters>
						<DistanceMeters>6309.901797</DistanceMeters>
						<HeartRateBpm>
							<Value>156</Value>
						</HeartRateBpm>
						<Cadence>66</Cadence>
						<Extensions>
							<ns3:TPX>
								<ns3:Speed>3.965133</ns3:Speed>
								<ns3:Watts>294</ns3:Watts>
							</ns3:TPX>
						</Extensions>
					</Trackpoint>
					<Trackpoint>
						<Time>2026-02-22T11:17:41Z</Time>
						<Position>
							<LatitudeDegrees>46.647499</LatitudeDegrees>
							<LongitudeDegrees>13.849737</LongitudeDegrees>
						</Position>
						<AltitudeMeters>877.3</AltitudeMeters>
						<DistanceMeters>6315.879128</DistanceMeters>
						<HeartRateBpm>
							<Value>156</Value>
						</HeartRateBpm>
						<Cadence>66</Cadence>
						<Extensions>
							<ns3:TPX>
								<ns3:Speed>3.9624</ns3:Speed>
								<ns3:Watts>294</ns3:Watts>
							</ns3:TPX>
						</Extensions>
					</Trackpoint>
					<Trackpoint>
						<Time>2026-02-22T11:17:42Z</Time>
						<Position>
							<LatitudeDegrees>46.647445</LatitudeDegrees>
							<LongitudeDegrees>13.849744</LongitudeDegrees>
						</Position>
						<AltitudeMeters>878</AltitudeMeters>
						<DistanceMeters>6318.892909</DistanceMeters>
						<HeartRateBpm>
							<Value>156</Value>
						</HeartRateBpm>
						<Cadence>66</Cadence>
						<Extensions>
							<ns3:TPX>
								<ns3:Speed>3.9612</ns3:Speed>
								<ns3:Watts>294</ns3:Watts>
							</ns3:TPX>
						</Extensions>
					</Trackpoint>
					<Trackpoint>
						<Time>2026-02-22T11:17:43Z</Time>
						<Position>
							<LatitudeDegrees>46.647409</LatitudeDegrees>
							<LongitudeDegrees>13.849749</LongitudeDegrees>
						</Position>
						<AltitudeMeters>878.4</AltitudeMeters>
						<DistanceMeters>6320.902096</DistanceMeters>
						<HeartRateBpm>
							<Value>155</Value>
						</HeartRateBpm>
						<Cadence>67</Cadence>
						<Extensions>
							<ns3:TPX>
								<ns3:Speed>3.960267</ns3:Speed>
								<ns3:Watts>301</ns3:Watts>
							</ns3:TPX>
						</Extensions>
					</Trackpoint>
					<Trackpoint>
						<Time>2026-02-22T11:17:44Z</Time>
						<Position>
							<LatitudeDegrees>46.647374</LatitudeDegrees>
							<LongitudeDegrees>13.849759</LongitudeDegrees>
						</Position>
						<AltitudeMeters>878.9</AltitudeMeters>
						<DistanceMeters>6322.961512</DistanceMeters>
						<HeartRateBpm>
							<Value>155</Value>
						</HeartRateBpm>
						<Cadence>67</Cadence>
						<Extensions>
							<ns3:TPX>
								<ns3:Speed>3.9614</ns3:Speed>
								<ns3:Watts>301</ns3:Watts>
							</ns3:TPX>
						</Extensions>
					</Trackpoint>
					<Trackpoint>
						<Time>2026-02-22T11:17:45Z</Time>
						<Position>
							<LatitudeDegrees>46.647321</LatitudeDegrees>
							<LongitudeDegrees>13.849783</LongitudeDegrees>
						</Position>
						<AltitudeMeters>879.6</AltitudeMeters>
						<DistanceMeters>6326.025522</DistanceMeters>
						<HeartRateBpm>
							<Value>155</Value>
						</HeartRateBpm>
						<Cadence>67</Cadence>
						<Extensions>
							<ns3:TPX>
								<ns3:Speed>3.964533</ns3:Speed>
								<ns3:Watts>301</ns3:Watts>
							</ns3:TPX>
						</Extensions>
					</Trackpoint>
					<Trackpoint>
						<Time>2026-02-22T11:17:46Z</Time>
						<Position>
							<LatitudeDegrees>46.647286</LatitudeDegrees>
							<LongitudeDegrees>13.849799</LongitudeDegrees>
						</Position>
						<AltitudeMeters>880</AltitudeMeters>
						<DistanceMeters>6328.135169</DistanceMeters>
						<HeartRateBpm>
							<Value>155</Value>
						</HeartRateBpm>
						<Cadence>68</Cadence>
						<Extensions>
							<ns3:TPX>
								<ns3:Speed>3.971</ns3:Speed>
								<ns3:Watts>308</ns3:Watts>
							</ns3:TPX>
						</Extensions>
					</Trackpoint>
					<Trackpoint>
						<Time>2026-02-22T11:17:47Z</Time>
						<Position>
							<LatitudeDegrees>46.647286</LatitudeDegrees>
							<LongitudeDegrees>13.849799</LongitudeDegrees>
						</Position>
						<AltitudeMeters>880</AltitudeMeters>
						<DistanceMeters>6340.391209</DistanceMeters>
						<HeartRateBpm>
							<Value>155</Value>
						</HeartRateBpm>
						<Cadence>68</Cadence>
						<Extensions>
							<ns3:TPX>
								<ns3:Speed>3.977467</ns3:Speed>
								<ns3:Watts>308</ns3:Watts>
							</ns3:TPX>
						</Extensions>
					</Trackpoint>
					<Trackpoint>
						<Time>2026-02-22T11:17:48Z</Time>
						<Position>
							<LatitudeDegrees>46.647232</LatitudeDegrees>
							<LongitudeDegrees>13.849824</LongitudeDegrees>
						</Position>
						<AltitudeMeters>880.7</AltitudeMeters>
						<DistanceMeters>6343.555679</DistanceMeters>
						<HeartRateBpm>
							<Value>155</Value>
						</HeartRateBpm>
						<Cadence>68</Cadence>
						<Extensions>
							<ns3:TPX>
								<ns3:Speed>3.993</ns3:Speed>
								<ns3:Watts>308</ns3:Watts>
							</ns3:TPX>
						</Extensions>
					</Trackpoint>
					<Trackpoint>
						<Time>2026-02-22T11:17:49Z</Time>
						<Position>
							<LatitudeDegrees>46.647196</LatitudeDegrees>
							<LongitudeDegrees>13.849842</LongitudeDegrees>
						</Position>
						<AltitudeMeters>881.2</AltitudeMeters>
						<DistanceMeters>6345.715554</DistanceMeters>
						<HeartRateBpm>
							<Value>154</Value>
						</HeartRateBpm>
						<Cadence>69</Cadence>
						<Extensions>
							<ns3:TPX>
								<ns3:Speed>4.016933</ns3:Speed>
								<ns3:Watts>315</ns3:Watts>
							</ns3:TPX>
						</Extensions>
					</Trackpoint>
					<Trackpoint>
						<Time>2026-02-22T11:17:50Z</Time>
						<Position>
							<LatitudeDegrees>46.647142</LatitudeDegrees>
							<LongitudeDegrees>13.849868</LongitudeDegrees>
						</Position>
						<AltitudeMeters>881.8</AltitudeMeters>
						<DistanceMeters>6348.880024</DistanceMeters>
						<HeartRateBpm>
							<Value>154</Value>
						</HeartRateBpm>
						<Cadence>67</Cadence>
						<Extensions>
							<ns3:TPX>
								<ns3:Speed>4.0444</ns3:Speed>
								<ns3:Watts>301</ns3:Watts>
							</ns3:TPX>
						</Extensions>
					</Trackpoint>
					<Trackpoint>
						<Time>2026-02-22T11:17:51Z</Time>
						<Position>
							<LatitudeDegrees>46.647105</LatitudeDegrees>
							<LongitudeDegrees>13.849885</LongitudeDegrees>
						</Position>
						<AltitudeMeters>882.3</AltitudeMeters>
						<DistanceMeters>6351.0399</DistanceMeters>
						<HeartRateBpm>
							<Value>154</Value>
						</HeartRateBpm>
						<Cadence>67</Cadence>
						<Extensions>
							<ns3:TPX>
								<ns3:Speed>4.0734</ns3:Speed>
								<ns3:Watts>301</ns3:Watts>
							</ns3:TPX>
						</Extensions>
					</Trackpoint>
					<Trackpoint>
						<Time>2026-02-22T11:17:52Z</Time>
						<Position>
							<LatitudeDegrees>46.647105</LatitudeDegrees>
							<LongitudeDegrees>13.849885</LongitudeDegrees>
						</Position>
						<AltitudeMeters>882.3</AltitudeMeters>
						<DistanceMeters>6361.688591</DistanceMeters>
						<HeartRateBpm>
							<Value>154</Value>
						</HeartRateBpm>
						<Cadence>67</Cadence>
						<Extensions>
							<ns3:TPX>
								<ns3:Speed>4.099133</ns3:Speed>
								<ns3:Watts>301</ns3:Watts>
							</ns3:TPX>
						</Extensions>
					</Trackpoint>
					<Trackpoint>
						<Time>2026-02-22T11:17:53Z</Time>
						<Position>
							<LatitudeDegrees>46.64705</LatitudeDegrees>
							<LongitudeDegrees>13.849881</LongitudeDegrees>
						</Position>
						<AltitudeMeters>883</AltitudeMeters>
						<DistanceMeters>6364.85306</DistanceMeters>
						<HeartRateBpm>
							<Value>154</Value>
						</HeartRateBpm>
						<Cadence>67</Cadence>
						<Extensions>
							<ns3:TPX>
								<ns3:Speed>4.123867</ns3:Speed>
								<ns3:Watts>301</ns3:Watts>
							</ns3:TPX>
						</Extensions>
					</Trackpoint>
					<Trackpoint>
						<Time>2026-02-22T11:17:54Z</Time>
						<Position>
							<LatitudeDegrees>46.646994</LatitudeDegrees>
							<LongitudeDegrees>13.849867</LongitudeDegrees>
						</Position>
						<AltitudeMeters>883.7</AltitudeMeters>
						<DistanceMeters>6367.9673</DistanceMeters>
						<HeartRateBpm>
							<Value>151</Value>
						</HeartRateBpm>
						<Cadence>67</Cadence>
						<Extensions>
							<ns3:TPX>
								<ns3:Speed>4.1402</ns3:Speed>
								<ns3:Watts>301</ns3:Watts>
							</ns3:TPX>
						</Extensions>
					</Trackpoint>
					<Trackpoint>
						<Time>2026-02-22T11:17:55Z</Time>
						<Position>
							<LatitudeDegrees>46.646994</LatitudeDegrees>
							<LongitudeDegrees>13.849867</LongitudeDegrees>
						</Position>
						<AltitudeMeters>883.7</AltitudeMeters>
						<DistanceMeters>6374.246009</DistanceMeters>
						<HeartRateBpm>
							<Value>151</Value>
						</HeartRateBpm>
						<Cadence>67</Cadence>
						<Extensions>
							<ns3:TPX>
								<ns3:Speed>4.1538</ns3:Speed>
								<ns3:Watts>301</ns3:Watts>
							</ns3:TPX>
						</Extensions>
					</Trackpoint>
					<Trackpoint>
						<Time>2026-02-22T11:17:56Z</Time>
						<Position>
							<LatitudeDegrees>46.646939</LatitudeDegrees>
							<LongitudeDegrees>13.849853</LongitudeDegrees>
						</Position>
						<AltitudeMeters>884.4</AltitudeMeters>
						<DistanceMeters>6377.410478</DistanceMeters>
						<HeartRateBpm>
							<Value>151</Value>
						</HeartRateBpm>
						<Cadence>67</Cadence>
						<Extensions>
							<ns3:TPX>
								<ns3:Speed>4.166933</ns3:Speed>
								<ns3:Watts>301</ns3:Watts>
							</ns3:TPX>
						</Extensions>
					</Trackpoint>
					<Trackpoint>
						<Time>2026-02-22T11:17:57Z</Time>
						<Position>
							<LatitudeDegrees>46.646883</LatitudeDegrees>
							<LongitudeDegrees>13.849839</LongitudeDegrees>
						</Position>
						<AltitudeMeters>885.2</AltitudeMeters>
						<DistanceMeters>6380.574948</DistanceMeters>
						<HeartRateBpm>
							<Value>151</Value>
						</HeartRateBpm>
						<Cadence>67</Cadence>
						<Extensions>
							<ns3:TPX>
								<ns3:Speed>4.178133</ns3:Speed>
								<ns3:Watts>301</ns3:Watts>
							</ns3:TPX>
						</Extensions>
					</Trackpoint>
					<Trackpoint>
						<Time>2026-02-22T11:17:58Z</Time>
						<Position>
							<LatitudeDegrees>46.646845</LatitudeDegrees>
							<LongitudeDegrees>13.849836</LongitudeDegrees>
						</Position>
						<AltitudeMeters>885.7</AltitudeMeters>
						<DistanceMeters>6382.634364</DistanceMeters>
						<HeartRateBpm>
							<Value>151</Value>
						</HeartRateBpm>
						<Cadence>66</Cadence>
						<Extensions>
							<ns3:TPX>
								<ns3:Speed>4.1846</ns3:Speed>
								<ns3:Watts>294</ns3:Watts>
							</ns3:TPX>
						</Extensions>
					</Trackpoint>
					<Trackpoint>
						<Time>2026-02-22T11:18:00Z</Time>
						<Position>
							<LatitudeDegrees>46.64679</LatitudeDegrees>
							<LongitudeDegrees>13.849831</LongitudeDegrees>
						</Position>
						<AltitudeMeters>886.4</AltitudeMeters>
						<DistanceMeters>6385.748604</DistanceMeters>
						<HeartRateBpm>
							<Value>151</Value>
						</HeartRateBpm>
						<Cadence>66</Cadence>
						<Extensions>
							<ns3:TPX>
								<ns3:Speed>4.186067</ns3:Speed>
								<ns3:Watts>294</ns3:Watts>
							</ns3:TPX>
						</Extensions>
					</Trackpoint>
					<Trackpoint>
						<Time>2026-02-22T11:18:01Z</Time>
						<Position>
							<LatitudeDegrees>46.646753</LatitudeDegrees>
							<LongitudeDegrees>13.849835</LongitudeDegrees>
						</Position>
						<AltitudeMeters>886.9</AltitudeMeters>
						<DistanceMeters>6387.808021</DistanceMeters>
						<HeartRateBpm>
							<Value>151</Value>
						</HeartRateBpm>
						<Cadence>67</Cadence>
						<Extensions>
							<ns3:TPX>
								<ns3:Speed>4.185267</ns3:Speed>
								<ns3:Watts>301</ns3:Watts>
							</ns3:TPX>
						</Extensions>
					</Trackpoint>
					<Trackpoint>
						<Time>2026-02-22T11:18:02Z</Time>
						<Position>
							<LatitudeDegrees>46.646698</LatitudeDegrees>
							<LongitudeDegrees>13.849845</LongitudeDegrees>
						</Position>
						<AltitudeMeters>887.7</AltitudeMeters>
						<DistanceMeters>6390.872031</DistanceMeters>
						<HeartRateBpm>
							<Value>151</Value>
						</HeartRateBpm>
						<Cadence>66</Cadence>
						<Extensions>
							<ns3:TPX>
								<ns3:Speed>4.180067</ns3:Speed>
								<ns3:Watts>294</ns3:Watts>
							</ns3:TPX>
						</Extensions>
					</Trackpoint>
					<Trackpoint>
						<Time>2026-02-22T11:18:03Z</Time>
						<Position>
							<LatitudeDegrees>46.646698</LatitudeDegrees>
							<LongitudeDegrees>13.849845</LongitudeDegrees>
						</Position>
						<AltitudeMeters>887.7</AltitudeMeters>
						<DistanceMeters>6407.498053</DistanceMeters>
						<HeartRateBpm>
							<Value>151</Value>
						</HeartRateBpm>
						<Cadence>66</Cadence>
						<Extensions>
							<ns3:TPX>
								<ns3:Speed>4.174867</ns3:Speed>
								<ns3:Watts>294</ns3:Watts>
							</ns3:TPX>
						</Extensions>
					</Trackpoint>
					<Trackpoint>
						<Time>2026-02-22T11:18:04Z</Time>
						<Position>
							<LatitudeDegrees>46.646653</LatitudeDegrees>
							<LongitudeDegrees>13.849885</LongitudeDegrees>
						</Position>
						<AltitudeMeters>888.4</AltitudeMeters>
						<DistanceMeters>6410.562063</DistanceMeters>
						<HeartRateBpm>
							<Value>150</Value>
						</HeartRateBpm>
						<Cadence>65</Cadence>
						<Extensions>
							<ns3:TPX>
								<ns3:Speed>4.1638</ns3:Speed>
								<ns3:Watts>287</ns3:Watts>
							</ns3:TPX>
						</Extensions>
					</Trackpoint>
					<Trackpoint>
						<Time>2026-02-22T11:18:05Z</Time>
						<Position>
							<LatitudeDegrees>46.646627</LatitudeDegrees>
							<LongitudeDegrees>13.849921</LongitudeDegrees>
						</Position>
						<AltitudeMeters>888.8</AltitudeMeters>
						<DistanceMeters>6412.621479</DistanceMeters>
						<HeartRateBpm>
							<Value>150</Value>
						</HeartRateBpm>
						<Cadence>65</Cadence>
						<Extensions>
							<ns3:TPX>
								<ns3:Speed>4.1478</ns3:Speed>
								<ns3:Watts>287</ns3:Watts>
							</ns3:TPX>
						</Extensions>
					</Trackpoint>
					<Trackpoint>
						<Time>2026-02-22T11:18:06Z</Time>
						<Position>
							<LatitudeDegrees>46.64659</LatitudeDegrees>
							<LongitudeDegrees>13.849978</LongitudeDegrees>
						</Position>
						<AltitudeMeters>889.5</AltitudeMeters>
						<DistanceMeters>6415.58503</DistanceMeters>
						<HeartRateBpm>
							<Value>150</Value>
						</HeartRateBpm>
						<Cadence>66</Cadence>
						<Extensions>
							<ns3:TPX>
								<ns3:Speed>4.133467</ns3:Speed>
								<ns3:Watts>294</ns3:Watts>
							</ns3:TPX>
						</Extensions>
					</Trackpoint>
					<Trackpoint>
						<Time>2026-02-22T11:18:07Z</Time>
						<Position>
							<LatitudeDegrees>46.64659</LatitudeDegrees>
							<LongitudeDegrees>13.849978</LongitudeDegrees>
						</Position>
						<AltitudeMeters>889.5</AltitudeMeters>
						<DistanceMeters>6423.672008</DistanceMeters>
						<HeartRateBpm>
							<Value>150</Value>
						</HeartRateBpm>
						<Cadence>66</Cadence>
						<Extensions>
							<ns3:TPX>
								<ns3:Speed>4.120467</ns3:Speed>
								<ns3:Watts>294</ns3:Watts>
							</ns3:TPX>
						</Extensions>
					</Trackpoint>
					<Trackpoint>
						<Time>2026-02-22T11:18:08Z</Time>
						<Position>
							<LatitudeDegrees>46.646556</LatitudeDegrees>
							<LongitudeDegrees>13.850039</LongitudeDegrees>
						</Position>
						<AltitudeMeters>890.2</AltitudeMeters>
						<DistanceMeters>6426.736018</DistanceMeters>
						<HeartRateBpm>
							<Value>150</Value>
						</HeartRateBpm>
						<Cadence>64</Cadence>
						<Extensions>
							<ns3:TPX>
								<ns3:Speed>4.104267</ns3:Speed>
								<ns3:Watts>279</ns3:Watts>
							</ns3:TPX>
						</Extensions>
					</Trackpoint>
					<Trackpoint>
						<Time>2026-02-22T11:18:09Z</Time>
						<Position>
							<LatitudeDegrees>46.646527</LatitudeDegrees>
							<LongitudeDegrees>13.850104</LongitudeDegrees>
						</Position>
						<AltitudeMeters>890.8</AltitudeMeters>
						<DistanceMeters>6429.649339</DistanceMeters>
						<HeartRateBpm>
							<Value>150</Value>
						</HeartRateBpm>
						<Cadence>64</Cadence>
						<Extensions>
							<ns3:TPX>
								<ns3:Speed>4.085467</ns3:Speed>
								<ns3:Watts>279</ns3:Watts>
							</ns3:TPX>
						</Extensions>
					</Trackpoint>
					<Trackpoint>
						<Time>2026-02-22T11:18:10Z</Time>
						<Position>
							<LatitudeDegrees>46.646511</LatitudeDegrees>
							<LongitudeDegrees>13.85015</LongitudeDegrees>
						</Position>
						<AltitudeMeters>891.3</AltitudeMeters>
						<DistanceMeters>6431.658526</DistanceMeters>
						<HeartRateBpm>
							<Value>150</Value>
						</HeartRateBpm>
						<Cadence>65</Cadence>
						<Extensions>
							<ns3:TPX>
								<ns3:Speed>4.0686</ns3:Speed>
								<ns3:Watts>287</ns3:Watts>
							</ns3:TPX>
						</Extensions>
					</Trackpoint>
					<Trackpoint>
						<Time>2026-02-22T11:18:11Z</Time>
						<Position>
							<LatitudeDegrees>46.646495</LatitudeDegrees>
							<LongitudeDegrees>13.850196</LongitudeDegrees>
						</Position>
						<AltitudeMeters>891.7</AltitudeMeters>
						<DistanceMeters>6433.617483</DistanceMeters>
						<HeartRateBpm>
							<Value>150</Value>
						</HeartRateBpm>
						<Cadence>65</Cadence>
						<Extensions>
							<ns3:TPX>
								<ns3:Speed>4.0526</ns3:Speed>
								<ns3:Watts>287</ns3:Watts>
							</ns3:TPX>
						</Extensions>
					</Trackpoint>
					<Trackpoint>
						<Time>2026-02-22T11:18:12Z</Time>
						<Position>
							<LatitudeDegrees>46.646495</LatitudeDegrees>
							<LongitudeDegrees>13.850196</LongitudeDegrees>
						</Position>
						<AltitudeMeters>891.7</AltitudeMeters>
						<DistanceMeters>6443.562958</DistanceMeters>
						<HeartRateBpm>
							<Value>150</Value>
						</HeartRateBpm>
						<Cadence>65</Cadence>
						<Extensions>
							<ns3:TPX>
								<ns3:Speed>4.037067</ns3:Speed>
								<ns3:Watts>287</ns3:Watts>
							</ns3:TPX>
						</Extensions>
					</Trackpoint>
					<Trackpoint>
						<Time>2026-02-22T11:18:13Z</Time>
						<Position>
							<LatitudeDegrees>46.646471</LatitudeDegrees>
							<LongitudeDegrees>13.850266</LongitudeDegrees>
						</Position>
						<AltitudeMeters>892.4</AltitudeMeters>
						<DistanceMeters>6446.626968</DistanceMeters>
						<HeartRateBpm>
							<Value>150</Value>
						</HeartRateBpm>
						<Cadence>67</Cadence>
						<Extensions>
							<ns3:TPX>
								<ns3:Speed>4.0288</ns3:Speed>
								<ns3:Watts>301</ns3:Watts>
							</ns3:TPX>
						</Extensions>
					</Trackpoint>
					<Trackpoint>
						<Time>2026-02-22T11:18:14Z</Time>
						<Position>
							<LatitudeDegrees>46.646454</LatitudeDegrees>
							<LongitudeDegrees>13.850314</LongitudeDegrees>
						</Position>
						<AltitudeMeters>892.9</AltitudeMeters>
						<DistanceMeters>6448.686385</DistanceMeters>
						<HeartRateBpm>
							<Value>150</Value>
						</HeartRateBpm>
						<Cadence>67</Cadence>
						<Extensions>
							<ns3:TPX>
								<ns3:Speed>4.025533</ns3:Speed>
								<ns3:Watts>301</ns3:Watts>
							</ns3:TPX>
						</Extensions>
					</Trackpoint>
					<Trackpoint>
						<Time>2026-02-22T11:18:15Z</Time>
						<Position>
							<LatitudeDegrees>46.64643</LatitudeDegrees>
							<LongitudeDegrees>13.850386</LongitudeDegrees>
						</Position>
						<AltitudeMeters>893.6</AltitudeMeters>
						<DistanceMeters>6451.750395</DistanceMeters>
						<HeartRateBpm>
							<Value>152</Value>
						</HeartRateBpm>
						<Cadence>68</Cadence>
						<Extensions>
							<ns3:TPX>
								<ns3:Speed>4.028733</ns3:Speed>
								<ns3:Watts>308</ns3:Watts>
							</ns3:TPX>
						</Extensions>
					</Trackpoint>
					<Trackpoint>
						<Time>2026-02-22T11:18:16Z</Time>
						<Position>
							<LatitudeDegrees>46.646414</LatitudeDegrees>
							<LongitudeDegrees>13.850435</LongitudeDegrees>
						</Position>
						<AltitudeMeters>894.1</AltitudeMeters>
						<DistanceMeters>6453.860041</DistanceMeters>
						<HeartRateBpm>
							<Value>152</Value>
						</HeartRateBpm>
						<Cadence>68</Cadence>
						<Extensions>
							<ns3:TPX>
								<ns3:Speed>4.033667</ns3:Speed>
								<ns3:Watts>308</ns3:Watts>
							</ns3:TPX>
						</Extensions>
					</Trackpoint>
					<Trackpoint>
						<Time>2026-02-22T11:18:17Z</Time>
						<Position>
							<LatitudeDegrees>46.646398</LatitudeDegrees>
							<LongitudeDegrees>13.850485</LongitudeDegrees>
						</Position>
						<AltitudeMeters>894.6</AltitudeMeters>
						<DistanceMeters>6455.969687</DistanceMeters>
						<HeartRateBpm>
							<Value>152</Value>
						</HeartRateBpm>
						<Cadence>66</Cadence>
						<Extensions>
							<ns3:TPX>
								<ns3:Speed>4.036067</ns3:Speed>
								<ns3:Watts>294</ns3:Watts>
							</ns3:TPX>
						</Extensions>
					</Trackpoint>
					<Trackpoint>
						<Time>2026-02-22T11:18:18Z</Time>
						<Position>
							<LatitudeDegrees>46.646398</LatitudeDegrees>
							<LongitudeDegrees>13.850485</LongitudeDegrees>
						</Position>
						<AltitudeMeters>894.6</AltitudeMeters>
						<DistanceMeters>6468.376417</DistanceMeters>
						<HeartRateBpm>
							<Value>152</Value>
						</HeartRateBpm>
						<Cadence>66</Cadence>
						<Extensions>
							<ns3:TPX>
								<ns3:Speed>4.038467</ns3:Speed>
								<ns3:Watts>294</ns3:Watts>
							</ns3:TPX>
						</Extensions>
					</Trackpoint>
					<Trackpoint>
						<Time>2026-02-22T11:18:19Z</Time>
						<Position>
							<LatitudeDegrees>46.646376</LatitudeDegrees>
							<LongitudeDegrees>13.850559</LongitudeDegrees>
						</Position>
						<AltitudeMeters>895.3</AltitudeMeters>
						<DistanceMeters>6471.440427</DistanceMeters>
						<HeartRateBpm>
							<Value>153</Value>
						</HeartRateBpm>
						<Cadence>66</Cadence>
						<Extensions>
							<ns3:TPX>
								<ns3:Speed>4.040733</ns3:Speed>
								<ns3:Watts>294</ns3:Watts>
							</ns3:TPX>
						</Extensions>
					</Trackpoint>
					<Trackpoint>
						<Time>2026-02-22T11:18:20Z</Time>
						<Position>
							<LatitudeDegrees>46.646361</LatitudeDegrees>
							<LongitudeDegrees>13.850607</LongitudeDegrees>
						</Position>
						<AltitudeMeters>895.8</AltitudeMeters>
						<DistanceMeters>6473.499843</DistanceMeters>
						<HeartRateBpm>
							<Value>153</Value>
						</HeartRateBpm>
						<Cadence>67</Cadence>
						<Extensions>
							<ns3:TPX>
								<ns3:Speed>4.0454</ns3:Speed>
								<ns3:Watts>301</ns3:Watts>
							</ns3:TPX>
						</Extensions>
					</Trackpoint>
					<Trackpoint>
						<Time>2026-02-22T11:18:21Z</Time>
						<Position>
							<LatitudeDegrees>46.646337</LatitudeDegrees>
							<LongitudeDegrees>13.850679</LongitudeDegrees>
						</Position>
						<AltitudeMeters>896.6</AltitudeMeters>
						<DistanceMeters>6476.563854</DistanceMeters>
						<HeartRateBpm>
							<Value>153</Value>
						</HeartRateBpm>
						<Cadence>67</Cadence>
						<Extensions>
							<ns3:TPX>
								<ns3:Speed>4.050667</ns3:Speed>
								<ns3:Watts>301</ns3:Watts>
							</ns3:TPX>
						</Extensions>
					</Trackpoint>
					<Trackpoint>
						<Time>2026-02-22T11:18:22Z</Time>
						<Position>
							<LatitudeDegrees>46.646337</LatitudeDegrees>
							<LongitudeDegrees>13.850679</LongitudeDegrees>
						</Position>
						<AltitudeMeters>896.6</AltitudeMeters>
						<DistanceMeters>6484.75129</DistanceMeters>
						<HeartRateBpm>
							<Value>153</Value>
						</HeartRateBpm>
						<Cadence>67</Cadence>
						<Extensions>
							<ns3:TPX>
								<ns3:Speed>4.055933</ns3:Speed>
								<ns3:Watts>301</ns3:Watts>
							</ns3:TPX>
						</Extensions>
					</Trackpoint>
					<Trackpoint>
						<Time>2026-02-22T11:18:23Z</Time>
						<Position>
							<LatitudeDegrees>46.646312</LatitudeDegrees>
							<LongitudeDegrees>13.850752</LongitudeDegrees>
						</Position>
						<AltitudeMeters>897.3</AltitudeMeters>
						<DistanceMeters>6487.86553</DistanceMeters>
						<HeartRateBpm>
							<Value>153</Value>
						</HeartRateBpm>
						<Cadence>64</Cadence>
						<Extensions>
							<ns3:TPX>
								<ns3:Speed>4.062733</ns3:Speed>
								<ns3:Watts>279</ns3:Watts>
							</ns3:TPX>
						</Extensions>
					</Trackpoint>
					<Trackpoint>
						<Time>2026-02-22T11:18:24Z</Time>
						<Position>
							<LatitudeDegrees>46.646293</LatitudeDegrees>
							<LongitudeDegrees>13.850798</LongitudeDegrees>
						</Position>
						<AltitudeMeters>897.8</AltitudeMeters>
						<DistanceMeters>6489.874717</DistanceMeters>
						<HeartRateBpm>
							<Value>153</Value>
						</HeartRateBpm>
						<Cadence>62</Cadence>
						<Extensions>
							<ns3:TPX>
								<ns3:Speed>4.064333</ns3:Speed>
								<ns3:Watts>265</ns3:Watts>
							</ns3:TPX>
						</Extensions>
					</Trackpoint>
					<Trackpoint>
						<Time>2026-02-22T11:18:25Z</Time>
						<Position>
							<LatitudeDegrees>46.646266</LatitudeDegrees>
							<LongitudeDegrees>13.850863</LongitudeDegrees>
						</Position>
						<AltitudeMeters>898.5</AltitudeMeters>
						<DistanceMeters>6492.737808</DistanceMeters>
						<HeartRateBpm>
							<Value>155</Value>
						</HeartRateBpm>
						<Cadence>64</Cadence>
						<Extensions>
							<ns3:TPX>
								<ns3:Speed>4.0592</ns3:Speed>
								<ns3:Watts>279</ns3:Watts>
							</ns3:TPX>
						</Extensions>
					</Trackpoint>
					<Trackpoint>
						<Time>2026-02-22T11:18:26Z</Time>
						<Position>
							<LatitudeDegrees>46.646249</LatitudeDegrees>
							<LongitudeDegrees>13.850907</LongitudeDegrees>
						</Position>
						<AltitudeMeters>899</AltitudeMeters>
						<DistanceMeters>6494.696766</DistanceMeters>
						<HeartRateBpm>
							<Value>155</Value>
						</HeartRateBpm>
						<Cadence>65</Cadence>
						<Extensions>
							<ns3:TPX>
								<ns3:Speed>4.055</ns3:Speed>
								<ns3:Watts>287</ns3:Watts>
							</ns3:TPX>
						</Extensions>
					</Trackpoint>
					<Trackpoint>
						<Time>2026-02-22T11:18:27Z</Time>
						<Position>
							<LatitudeDegrees>46.646231</LatitudeDegrees>
							<LongitudeDegrees>13.850951</LongitudeDegrees>
						</Position>
						<AltitudeMeters>899.5</AltitudeMeters>
						<DistanceMeters>6496.705953</DistanceMeters>
						<HeartRateBpm>
							<Value>155</Value>
						</HeartRateBpm>
						<Cadence>66</Cadence>
						<Extensions>
							<ns3:TPX>
								<ns3:Speed>4.054133</ns3:Speed>
								<ns3:Watts>294</ns3:Watts>
							</ns3:TPX>
						</Extensions>
					</Trackpoint>
					<Trackpoint>
						<Time>2026-02-22T11:18:28Z</Time>
						<Position>
							<LatitudeDegrees>46.646231</LatitudeDegrees>
							<LongitudeDegrees>13.850951</LongitudeDegrees>
						</Position>
						<AltitudeMeters>899.5</AltitudeMeters>
						<DistanceMeters>6508.660615</DistanceMeters>
						<HeartRateBpm>
							<Value>155</Value>
						</HeartRateBpm>
						<Cadence>66</Cadence>
						<Extensions>
							<ns3:TPX>
								<ns3:Speed>4.0464</ns3:Speed>
								<ns3:Watts>294</ns3:Watts>
							</ns3:TPX>
						</Extensions>
					</Trackpoint>
					<Trackpoint>
						<Time>2026-02-22T11:18:29Z</Time>
						<Position>
							<LatitudeDegrees>46.646203</LatitudeDegrees>
							<LongitudeDegrees>13.851017</LongitudeDegrees>
						</Position>
						<AltitudeMeters>900.2</AltitudeMeters>
						<DistanceMeters>6511.674395</DistanceMeters>
						<HeartRateBpm>
							<Value>155</Value>
						</HeartRateBpm>
						<Cadence>66</Cadence>
						<Extensions>
							<ns3:TPX>
								<ns3:Speed>4.038867</ns3:Speed>
								<ns3:Watts>294</ns3:Watts>
							</ns3:TPX>
						</Extensions>
					</Trackpoint>
					<Trackpoint>
						<Time>2026-02-22T11:18:30Z</Time>
						<Position>
							<LatitudeDegrees>46.646171</LatitudeDegrees>
							<LongitudeDegrees>13.85108</LongitudeDegrees>
						</Position>
						<AltitudeMeters>900.9</AltitudeMeters>
						<DistanceMeters>6514.587716</DistanceMeters>
						<HeartRateBpm>
							<Value>156</Value>
						</HeartRateBpm>
						<Cadence>64</Cadence>
						<Extensions>
							<ns3:TPX>
								<ns3:Speed>4.023467</ns3:Speed>
								<ns3:Watts>279</ns3:Watts>
							</ns3:TPX>
						</Extensions>
					</Trackpoint>
					<Trackpoint>
						<Time>2026-02-22T11:18:31Z</Time>
						<Position>
							<LatitudeDegrees>46.64615</LatitudeDegrees>
							<LongitudeDegrees>13.851122</LongitudeDegrees>
						</Position>
						<AltitudeMeters>901.4</AltitudeMeters>
						<DistanceMeters>6516.546674</DistanceMeters>
						<HeartRateBpm>
							<Value>156</Value>
						</HeartRateBpm>
						<Cadence>63</Cadence>
						<Extensions>
							<ns3:TPX>
								<ns3:Speed>4.0012</ns3:Speed>
								<ns3:Watts>272</ns3:Watts>
							</ns3:TPX>
						</Extensions>
					</Trackpoint>
					<Trackpoint>
						<Time>2026-02-22T11:18:32Z</Time>
						<Position>
							<LatitudeDegrees>46.646129</LatitudeDegrees>
							<LongitudeDegrees>13.851161</LongitudeDegrees>
						</Position>
						<AltitudeMeters>901.9</AltitudeMeters>
						<DistanceMeters>6518.455401</DistanceMeters>
						<HeartRateBpm>
							<Value>156</Value>
						</HeartRateBpm>
						<Cadence>63</Cadence>
						<Extensions>
							<ns3:TPX>
								<ns3:Speed>3.9794</ns3:Speed>
								<ns3:Watts>272</ns3:Watts>
							</ns3:TPX>
						</Extensions>
					</Trackpoint>
					<Trackpoint>
						<Time>2026-02-22T11:18:33Z</Time>
						<Position>
							<LatitudeDegrees>46.646129</LatitudeDegrees>
							<LongitudeDegrees>13.851161</LongitudeDegrees>
						</Position>
						<AltitudeMeters>901.9</AltitudeMeters>
						<DistanceMeters>6528.250187</DistanceMeters>
						<HeartRateBpm>
							<Value>156</Value>
						</HeartRateBpm>
						<Cadence>63</Cadence>
						<Extensions>
							<ns3:TPX>
								<ns3:Speed>3.9576</ns3:Speed>
								<ns3:Watts>272</ns3:Watts>
							</ns3:TPX>
						</Extensions>
					</Trackpoint>
					<Trackpoint>
						<Time>2026-02-22T11:18:34Z</Time>
						<Position>
							<LatitudeDegrees>46.646097</LatitudeDegrees>
							<LongitudeDegrees>13.851219</LongitudeDegrees>
						</Position>
						<AltitudeMeters>902.5</AltitudeMeters>
						<DistanceMeters>6531.113279</DistanceMeters>
						<HeartRateBpm>
							<Value>156</Value>
						</HeartRateBpm>
						<Cadence>61</Cadence>
						<Extensions>
							<ns3:TPX>
								<ns3:Speed>3.935533</ns3:Speed>
								<ns3:Watts>258</ns3:Watts>
							</ns3:TPX>
						</Extensions>
					</Trackpoint>
					<Trackpoint>
						<Time>2026-02-22T11:18:35Z</Time>
						<Position>
							<LatitudeDegrees>46.646076</LatitudeDegrees>
							<LongitudeDegrees>13.851256</LongitudeDegrees>
						</Position>
						<AltitudeMeters>903</AltitudeMeters>
						<DistanceMeters>6532.971777</DistanceMeters>
						<HeartRateBpm>
							<Value>156</Value>
						</HeartRateBpm>
						<Cadence>63</Cadence>
						<Extensions>
							<ns3:TPX>
								<ns3:Speed>3.9108</ns3:Speed>
								<ns3:Watts>272</ns3:Watts>
							</ns3:TPX>
						</Extensions>
					</Trackpoint>
					<Trackpoint>
						<Time>2026-02-22T11:18:36Z</Time>
						<Position>
							<LatitudeDegrees>46.64606</LatitudeDegrees>
							<LongitudeDegrees>13.851299</LongitudeDegrees>
						</Position>
						<AltitudeMeters>903.4</AltitudeMeters>
						<DistanceMeters>6534.830275</DistanceMeters>
						<HeartRateBpm>
							<Value>156</Value>
						</HeartRateBpm>
						<Cadence>64</Cadence>
						<Extensions>
							<ns3:TPX>
								<ns3:Speed>3.886533</ns3:Speed>
								<ns3:Watts>279</ns3:Watts>
							</ns3:TPX>
						</Extensions>
					</Trackpoint>
					<Trackpoint>
						<Time>2026-02-22T11:18:37Z</Time>
						<Position>
							<LatitudeDegrees>46.646044</LatitudeDegrees>
							<LongitudeDegrees>13.851342</LongitudeDegrees>
						</Position>
						<AltitudeMeters>903.9</AltitudeMeters>
						<DistanceMeters>6536.739002</DistanceMeters>
						<HeartRateBpm>
							<Value>156</Value>
						</HeartRateBpm>
						<Cadence>62</Cadence>
						<Extensions>
							<ns3:TPX>
								<ns3:Speed>3.861867</ns3:Speed>
								<ns3:Watts>265</ns3:Watts>
							</ns3:TPX>
						</Extensions>
					</Trackpoint>
					<Trackpoint>
						<Time>2026-02-22T11:18:38Z</Time>
						<Position>
							<LatitudeDegrees>46.64603</LatitudeDegrees>
							<LongitudeDegrees>13.85141</LongitudeDegrees>
						</Position>
						<AltitudeMeters>904.6</AltitudeMeters>
						<DistanceMeters>6539.501634</DistanceMeters>
						<HeartRateBpm>
							<Value>156</Value>
						</HeartRateBpm>
						<Cadence>62</Cadence>
						<Extensions>
							<ns3:TPX>
								<ns3:Speed>3.835867</ns3:Speed>
								<ns3:Watts>265</ns3:Watts>
							</ns3:TPX>
						</Extensions>
					</Trackpoint>
					<Trackpoint>
						<Time>2026-02-22T11:18:40Z</Time>
						<Position>
							<LatitudeDegrees>46.646038</LatitudeDegrees>
							<LongitudeDegrees>13.851481</LongitudeDegrees>
						</Position>
						<AltitudeMeters>905.4</AltitudeMeters>
						<DistanceMeters>6542.264266</DistanceMeters>
						<HeartRateBpm>
							<Value>156</Value>
						</HeartRateBpm>
						<Cadence>63</Cadence>
						<Extensions>
							<ns3:TPX>
								<ns3:Speed>3.8198</ns3:Speed>
								<ns3:Watts>272</ns3:Watts>
							</ns3:TPX>
						</Extensions>
					</Trackpoint>
					<Trackpoint>
						<Time>2026-02-22T11:18:41Z</Time>
						<Position>
							<LatitudeDegrees>46.646046</LatitudeDegrees>
							<LongitudeDegrees>13.851526</LongitudeDegrees>
						</Position>
						<AltitudeMeters>905.9</AltitudeMeters>
						<DistanceMeters>6544.172994</DistanceMeters>
						<HeartRateBpm>
							<Value>156</Value>
						</HeartRateBpm>
						<Cadence>64</Cadence>
						<Extensions>
							<ns3:TPX>
								<ns3:Speed>3.8104</ns3:Speed>
								<ns3:Watts>279</ns3:Watts>
							</ns3:TPX>
						</Extensions>
					</Trackpoint>
					<Trackpoint>
						<Time>2026-02-22T11:18:42Z</Time>
						<Position>
							<LatitudeDegrees>46.646082</LatitudeDegrees>
							<LongitudeDegrees>13.851578</LongitudeDegrees>
						</Position>
						<AltitudeMeters>906.6</AltitudeMeters>
						<DistanceMeters>6546.985856</DistanceMeters>
						<HeartRateBpm>
							<Value>156</Value>
						</HeartRateBpm>
						<Cadence>66</Cadence>
						<Extensions>
							<ns3:TPX>
								<ns3:Speed>3.8064</ns3:Speed>
								<ns3:Watts>294</ns3:Watts>
							</ns3:TPX>
						</Extensions>
					</Trackpoint>
					<Trackpoint>
						<Time>2026-02-22T11:18:43Z</Time>
						<Position>
							<LatitudeDegrees>46.646082</LatitudeDegrees>
							<LongitudeDegrees>13.851578</LongitudeDegrees>
						</Position>
						<AltitudeMeters>906.6</AltitudeMeters>
						<DistanceMeters>6565.721524</DistanceMeters>
						<HeartRateBpm>
							<Value>156</Value>
						</HeartRateBpm>
						<Cadence>66</Cadence>
						<Extensions>
							<ns3:TPX>
								<ns3:Speed>3.799067</ns3:Speed>
								<ns3:Watts>294</ns3:Watts>
							</ns3:TPX>
						</Extensions>
					</Trackpoint>
					<Trackpoint>
						<Time>2026-02-22T11:18:44Z</Time>
						<Position>
							<LatitudeDegrees>46.646119</LatitudeDegrees>
							<LongitudeDegrees>13.85163</LongitudeDegrees>
						</Position>
						<AltitudeMeters>907.3</AltitudeMeters>
						<DistanceMeters>6568.685075</DistanceMeters>
						<HeartRateBpm>
							<Value>156</Value>
						</HeartRateBpm>
						<Cadence>67</Cadence>
						<Extensions>
							<ns3:TPX>
								<ns3:Speed>3.799333</ns3:Speed>
								<ns3:Watts>301</ns3:Watts>
							</ns3:TPX>
						</Extensions>
					</Trackpoint>
					<Trackpoint>
						<Time>2026-02-22T11:18:45Z</Time>
						<Position>
							<LatitudeDegrees>46.646169</LatitudeDegrees>
							<LongitudeDegrees>13.851663</LongitudeDegrees>
						</Position>
						<AltitudeMeters>907.9</AltitudeMeters>
						<DistanceMeters>6571.698855</DistanceMeters>
						<HeartRateBpm>
							<Value>157</Value>
						</HeartRateBpm>
						<Cadence>67</Cadence>
						<Extensions>
							<ns3:TPX>
								<ns3:Speed>3.8036</ns3:Speed>
								<ns3:Watts>301</ns3:Watts>
							</ns3:TPX>
						</Extensions>
					</Trackpoint>
					<Trackpoint>
						<Time>2026-02-22T11:18:46Z</Time>
						<Position>
							<LatitudeDegrees>46.646169</LatitudeDegrees>
							<LongitudeDegrees>13.851663</LongitudeDegrees>
						</Position>
						<AltitudeMeters>907.9</AltitudeMeters>
						<DistanceMeters>6577.676186</DistanceMeters>
						<HeartRateBpm>
							<Value>157</Value>
						</HeartRateBpm>
						<Cadence>67</Cadence>
						<Extensions>
							<ns3:TPX>
								<ns3:Speed>3.811533</ns3:Speed>
								<ns3:Watts>301</ns3:Watts>
							</ns3:TPX>
						</Extensions>
					</Trackpoint>
					<Trackpoint>
						<Time>2026-02-22T11:18:47Z</Time>
						<Position>
							<LatitudeDegrees>46.646218</LatitudeDegrees>
							<LongitudeDegrees>13.851696</LongitudeDegrees>
						</Position>
						<AltitudeMeters>908.6</AltitudeMeters>
						<DistanceMeters>6580.740196</DistanceMeters>
						<HeartRateBpm>
							<Value>157</Value>
						</HeartRateBpm>
						<Cadence>64</Cadence>
						<Extensions>
							<ns3:TPX>
								<ns3:Speed>3.824467</ns3:Speed>
								<ns3:Watts>279</ns3:Watts>
							</ns3:TPX>
						</Extensions>
					</Trackpoint>
					<Trackpoint>
						<Time>2026-02-22T11:18:48Z</Time>
						<Position>
							<LatitudeDegrees>46.646268</LatitudeDegrees>
							<LongitudeDegrees>13.85173</LongitudeDegrees>
						</Position>
						<AltitudeMeters>909.2</AltitudeMeters>
						<DistanceMeters>6583.753977</DistanceMeters>
						<HeartRateBpm>
							<Value>157</Value>
						</HeartRateBpm>
						<Cadence>65</Cadence>
						<Extensions>
							<ns3:TPX>
								<ns3:Speed>3.838467</ns3:Speed>
								<ns3:Watts>287</ns3:Watts>
							</ns3:TPX>
						</Extensions>
					</Trackpoint>
					<Trackpoint>
						<Time>2026-02-22T11:18:49Z</Time>
						<Position>
							<LatitudeDegrees>46.646301</LatitudeDegrees>
							<LongitudeDegrees>13.851752</LongitudeDegrees>
						</Position>
						<AltitudeMeters>909.6</AltitudeMeters>
						<DistanceMeters>6585.813393</DistanceMeters>
						<HeartRateBpm>
							<Value>157</Value>
						</HeartRateBpm>
						<Cadence>67</Cadence>
						<Extensions>
							<ns3:TPX>
								<ns3:Speed>3.857467</ns3:Speed>
								<ns3:Watts>301</ns3:Watts>
							</ns3:TPX>
						</Extensions>
					</Trackpoint>
					<Trackpoint>
						<Time>2026-02-22T11:18:50Z</Time>
						<Position>
							<LatitudeDegrees>46.646336</LatitudeDegrees>
							<LongitudeDegrees>13.851767</LongitudeDegrees>
						</Position>
						<AltitudeMeters>910</AltitudeMeters>
						<DistanceMeters>6587.923039</DistanceMeters>
						<HeartRateBpm>
							<Value>157</Value>
						</HeartRateBpm>
						<Cadence>67</Cadence>
						<Extensions>
							<ns3:TPX>
								<ns3:Speed>3.885</ns3:Speed>
								<ns3:Watts>301</ns3:Watts>
							</ns3:TPX>
						</Extensions>
					</Trackpoint>
					<Trackpoint>
						<Time>2026-02-22T11:18:51Z</Time>
						<Position>
							<LatitudeDegrees>46.646336</LatitudeDegrees>
							<LongitudeDegrees>13.851767</LongitudeDegrees>
						</Position>
						<AltitudeMeters>910</AltitudeMeters>
						<DistanceMeters>6598.169893</DistanceMeters>
						<HeartRateBpm>
							<Value>157</Value>
						</HeartRateBpm>
						<Cadence>67</Cadence>
						<Extensions>
							<ns3:TPX>
								<ns3:Speed>3.9144</ns3:Speed>
								<ns3:Watts>301</ns3:Watts>
							</ns3:TPX>
						</Extensions>
					</Trackpoint>
					<Trackpoint>
						<Time>2026-02-22T11:18:52Z</Time>
						<Position>
							<LatitudeDegrees>46.646389</LatitudeDegrees>
							<LongitudeDegrees>13.851788</LongitudeDegrees>
						</Position>
						<AltitudeMeters>910.6</AltitudeMeters>
						<DistanceMeters>6601.233903</DistanceMeters>
						<HeartRateBpm>
							<Value>157</Value>
						</HeartRateBpm>
						<Cadence>65</Cadence>
						<Extensions>
							<ns3:TPX>
								<ns3:Speed>3.938467</ns3:Speed>
								<ns3:Watts>287</ns3:Watts>
							</ns3:TPX>
						</Extensions>
					</Trackpoint>
					<Trackpoint>
						<Time>2026-02-22T11:18:53Z</Time>
						<Position>
							<LatitudeDegrees>46.646426</LatitudeDegrees>
							<LongitudeDegrees>13.851795</LongitudeDegrees>
						</Position>
						<AltitudeMeters>911</AltitudeMeters>
						<DistanceMeters>6603.343549</DistanceMeters>
						<HeartRateBpm>
							<Value>157</Value>
						</HeartRateBpm>
						<Cadence>66</Cadence>
						<Extensions>
							<ns3:TPX>
								<ns3:Speed>3.963333</ns3:Speed>
								<ns3:Watts>294</ns3:Watts>
							</ns3:TPX>
						</Extensions>
					</Trackpoint>
					<Trackpoint>
						<Time>2026-02-22T11:18:54Z</Time>
						<Position>
							<LatitudeDegrees>46.646482</LatitudeDegrees>
							<LongitudeDegrees>13.851797</LongitudeDegrees>
						</Position>
						<AltitudeMeters>911.6</AltitudeMeters>
						<DistanceMeters>6606.407559</DistanceMeters>
						<HeartRateBpm>
							<Value>157</Value>
						</HeartRateBpm>
						<Cadence>67</Cadence>
						<Extensions>
							<ns3:TPX>
								<ns3:Speed>3.9954</ns3:Speed>
								<ns3:Watts>301</ns3:Watts>
							</ns3:TPX>
						</Extensions>
					</Trackpoint>
					<Trackpoint>
						<Time>2026-02-22T11:18:55Z</Time>
						<Position>
							<LatitudeDegrees>46.646482</LatitudeDegrees>
							<LongitudeDegrees>13.851797</LongitudeDegrees>
						</Position>
						<AltitudeMeters>911.6</AltitudeMeters>
						<DistanceMeters>6614.645226</DistanceMeters>
						<HeartRateBpm>
							<Value>157</Value>
						</HeartRateBpm>
						<Cadence>67</Cadence>
						<Extensions>
							<ns3:TPX>
								<ns3:Speed>4.026333</ns3:Speed>
								<ns3:Watts>301</ns3:Watts>
							</ns3:TPX>
						</Extensions>
					</Trackpoint>
					<Trackpoint>
						<Time>2026-02-22T11:18:56Z</Time>
						<Position>
							<LatitudeDegrees>46.646537</LatitudeDegrees>
							<LongitudeDegrees>13.851788</LongitudeDegrees>
						</Position>
						<AltitudeMeters>912.3</AltitudeMeters>
						<DistanceMeters>6617.859925</DistanceMeters>
						<HeartRateBpm>
							<Value>157</Value>
						</HeartRateBpm>
						<Cadence>68</Cadence>
						<Extensions>
							<ns3:TPX>
								<ns3:Speed>4.0604</ns3:Speed>
								<ns3:Watts>308</ns3:Watts>
							</ns3:TPX>
						</Extensions>
					</Trackpoint>
					<Trackpoint>
						<Time>2026-02-22T11:18:57Z</Time>
						<Position>
							<LatitudeDegrees>46.646593</LatitudeDegrees>
							<LongitudeDegrees>13.851767</LongitudeDegrees>
						</Position>
						<AltitudeMeters>912.9</AltitudeMeters>
						<DistanceMeters>6621.024394</DistanceMeters>
						<HeartRateBpm>
							<Value>157</Value>
						</HeartRateBpm>
						<Cadence>67</Cadence>
						<Extensions>
							<ns3:TPX>
								<ns3:Speed>4.088333</ns3:Speed>
								<ns3:Watts>301</ns3:Watts>
							</ns3:TPX>
						</Extensions>
					</Trackpoint>
					<Trackpoint>
						<Time>2026-02-22T11:18:58Z</Time>
						<Position>
							<LatitudeDegrees>46.646626</LatitudeDegrees>
							<LongitudeDegrees>13.851741</LongitudeDegrees>
						</Position>
						<AltitudeMeters>913.4</AltitudeMeters>
						<DistanceMeters>6623.18427</DistanceMeters>
						<HeartRateBpm>
							<Value>157</Value>
						</HeartRateBpm>
						<Cadence>68</Cadence>
						<Extensions>
							<ns3:TPX>
								<ns3:Speed>4.117867</ns3:Speed>
								<ns3:Watts>308</ns3:Watts>
							</ns3:TPX>
						</Extensions>
					</Trackpoint>
					<Trackpoint>
						<Time>2026-02-22T11:19:00Z</Time>
						<Position>
							<LatitudeDegrees>46.646671</LatitudeDegrees>
							<LongitudeDegrees>13.85169</LongitudeDegrees>
						</Position>
						<AltitudeMeters>914.1</AltitudeMeters>
						<DistanceMeters>6626.398969</DistanceMeters>
						<HeartRateBpm>
							<Value>156</Value>
						</HeartRateBpm>
						<Cadence>68</Cadence>
						<Extensions>
							<ns3:TPX>
								<ns3:Speed>4.1404</ns3:Speed>
								<ns3:Watts>308</ns3:Watts>
							</ns3:TPX>
						</Extensions>
					</Trackpoint>
					<Trackpoint>
						<Time>2026-02-22T11:19:01Z</Time>
						<Position>
							<LatitudeDegrees>46.64671</LatitudeDegrees>
							<LongitudeDegrees>13.851628</LongitudeDegrees>
						</Position>
						<AltitudeMeters>914.8</AltitudeMeters>
						<DistanceMeters>6629.613668</DistanceMeters>
						<HeartRateBpm>
							<Value>156</Value>
						</HeartRateBpm>
						<Cadence>69</Cadence>
						<Extensions>
							<ns3:TPX>
								<ns3:Speed>4.158067</ns3:Speed>
								<ns3:Watts>315</ns3:Watts>
							</ns3:TPX>
						</Extensions>
					</Trackpoint>
					<Trackpoint>
						<Time>2026-02-22T11:19:03Z</Time>
						<Position>
							<LatitudeDegrees>46.646745</LatitudeDegrees>
							<LongitudeDegrees>13.851561</LongitudeDegrees>
						</Position>
						<AltitudeMeters>915.6</AltitudeMeters>
						<DistanceMeters>6632.878597</DistanceMeters>
						<HeartRateBpm>
							<Value>156</Value>
						</HeartRateBpm>
						<Cadence>68</Cadence>
						<Extensions>
							<ns3:TPX>
								<ns3:Speed>4.1754</ns3:Speed>
								<ns3:Watts>308</ns3:Watts>
							</ns3:TPX>
						</Extensions>
					</Trackpoint>
					<Trackpoint>
						<Time>2026-02-22T11:19:04Z</Time>
						<Position>
							<LatitudeDegrees>46.646786</LatitudeDegrees>
							<LongitudeDegrees>13.851501</LongitudeDegrees>
						</Position>
						<AltitudeMeters>916.5</AltitudeMeters>
						<DistanceMeters>6636.093296</DistanceMeters>
						<HeartRateBpm>
							<Value>157</Value>
						</HeartRateBpm>
						<Cadence>67</Cadence>
						<Extensions>
							<ns3:TPX>
								<ns3:Speed>4.187733</ns3:Speed>
								<ns3:Watts>301</ns3:Watts>
							</ns3:TPX>
						</Extensions>
					</Trackpoint>
					<Trackpoint>
						<Time>2026-02-22T11:19:06Z</Time>
						<Position>
							<LatitudeDegrees>46.646827</LatitudeDegrees>
							<LongitudeDegrees>13.851444</LongitudeDegrees>
						</Position>
						<AltitudeMeters>917.3</AltitudeMeters>
						<DistanceMeters>6639.257766</DistanceMeters>
						<HeartRateBpm>
							<Value>157</Value>
						</HeartRateBpm>
						<Cadence>65</Cadence>
						<Extensions>
							<ns3:TPX>
								<ns3:Speed>4.1954</ns3:Speed>
								<ns3:Watts>287</ns3:Watts>
							</ns3:TPX>
						</Extensions>
					</Trackpoint>
					<Trackpoint>
						<Time>2026-02-22T11:19:07Z</Time>
						<Position>
							<LatitudeDegrees>46.64686</LatitudeDegrees>
							<LongitudeDegrees>13.851419</LongitudeDegrees>
						</Position>
						<AltitudeMeters>917.9</AltitudeMeters>
						<DistanceMeters>6641.317182</DistanceMeters>
						<HeartRateBpm>
							<Value>157</Value>
						</HeartRateBpm>
						<Cadence>66</Cadence>
						<Extensions>
							<ns3:TPX>
								<ns3:Speed>4.193933</ns3:Speed>
								<ns3:Watts>294</ns3:Watts>
							</ns3:TPX>
						</Extensions>
					</Trackpoint>
					<Trackpoint>
						<Time>2026-02-22T11:19:08Z</Time>
						<Position>
							<LatitudeDegrees>46.646891</LatitudeDegrees>
							<LongitudeDegrees>13.851394</LongitudeDegrees>
						</Position>
						<AltitudeMeters>918.4</AltitudeMeters>
						<DistanceMeters>6643.326369</DistanceMeters>
						<HeartRateBpm>
							<Value>157</Value>
						</HeartRateBpm>
						<Cadence>67</Cadence>
						<Extensions>
							<ns3:TPX>
								<ns3:Speed>4.1884</ns3:Speed>
								<ns3:Watts>301</ns3:Watts>
							</ns3:TPX>
						</Extensions>
					</Trackpoint>
					<Trackpoint>
						<Time>2026-02-22T11:19:09Z</Time>
						<Position>
							<LatitudeDegrees>46.646943</LatitudeDegrees>
							<LongitudeDegrees>13.851377</LongitudeDegrees>
						</Position>
						<AltitudeMeters>919.3</AltitudeMeters>
						<DistanceMeters>6646.390379</DistanceMeters>
						<HeartRateBpm>
							<Value>157</Value>
						</HeartRateBpm>
						<Cadence>66</Cadence>
						<Extensions>
							<ns3:TPX>
								<ns3:Speed>4.1812</ns3:Speed>
								<ns3:Watts>294</ns3:Watts>
							</ns3:TPX>
						</Extensions>
					</Trackpoint>
					<Trackpoint>
						<Time>2026-02-22T11:19:10Z</Time>
						<Position>
							<LatitudeDegrees>46.646979</LatitudeDegrees>
							<LongitudeDegrees>13.851383</LongitudeDegrees>
						</Position>
						<AltitudeMeters>919.8</AltitudeMeters>
						<DistanceMeters>6648.399566</DistanceMeters>
						<HeartRateBpm>
							<Value>157</Value>
						</HeartRateBpm>
						<Cadence>66</Cadence>
						<Extensions>
							<ns3:TPX>
								<ns3:Speed>4.175667</ns3:Speed>
								<ns3:Watts>294</ns3:Watts>
							</ns3:TPX>
						</Extensions>
					</Trackpoint>
					<Trackpoint>
						<Time>2026-02-22T11:19:11Z</Time>
						<Position>
							<LatitudeDegrees>46.646979</LatitudeDegrees>
							<LongitudeDegrees>13.851383</LongitudeDegrees>
						</Position>
						<AltitudeMeters>919.8</AltitudeMeters>
						<DistanceMeters>6682.153907</DistanceMeters>
						<HeartRateBpm>
							<Value>157</Value>
						</HeartRateBpm>
						<Cadence>66</Cadence>
						<Extensions>
							<ns3:TPX>
								<ns3:Speed>4.169733</ns3:Speed>
								<ns3:Watts>294</ns3:Watts>
							</ns3:TPX>
						</Extensions>
					</Trackpoint>
					<Trackpoint>
						<Time>2026-02-22T11:19:12Z</Time>
						<Position>
							<LatitudeDegrees>46.647032</LatitudeDegrees>
							<LongitudeDegrees>13.851394</LongitudeDegrees>
						</Position>
						<AltitudeMeters>920.6</AltitudeMeters>
						<DistanceMeters>6685.217917</DistanceMeters>
						<HeartRateBpm>
							<Value>157</Value>
						</HeartRateBpm>
						<Cadence>66</Cadence>
						<Extensions>
							<ns3:TPX>
								<ns3:Speed>4.159733</ns3:Speed>
								<ns3:Watts>294</ns3:Watts>
							</ns3:TPX>
						</Extensions>
					</Trackpoint>
					<Trackpoint>
						<Time>2026-02-22T11:19:13Z</Time>
						<Position>
							<LatitudeDegrees>46.647085</LatitudeDegrees>
							<LongitudeDegrees>13.851411</LongitudeDegrees>
						</Position>
						<AltitudeMeters>921.3</AltitudeMeters>
						<DistanceMeters>6688.181467</DistanceMeters>
						<HeartRateBpm>
							<Value>157</Value>
						</HeartRateBpm>
						<Cadence>67</Cadence>
						<Extensions>
							<ns3:TPX>
								<ns3:Speed>4.150133</ns3:Speed>
								<ns3:Watts>301</ns3:Watts>
							</ns3:TPX>
						</Extensions>
					</Trackpoint>
					<Trackpoint>
						<Time>2026-02-22T11:19:14Z</Time>
						<Position>
							<LatitudeDegrees>46.647085</LatitudeDegrees>
							<LongitudeDegrees>13.851411</LongitudeDegrees>
						</Position>
						<AltitudeMeters>921.3</AltitudeMeters>
						<DistanceMeters>6694.209028</DistanceMeters>
						<HeartRateBpm>
							<Value>156</Value>
						</HeartRateBpm>
						<Cadence>67</Cadence>
						<Extensions>
							<ns3:TPX>
								<ns3:Speed>4.136133</ns3:Speed>
								<ns3:Watts>301</ns3:Watts>
							</ns3:TPX>
						</Extensions>
					</Trackpoint>
					<Trackpoint>
						<Time>2026-02-22T11:19:15Z</Time>
						<Position>
							<LatitudeDegrees>46.647133</LatitudeDegrees>
							<LongitudeDegrees>13.85144</LongitudeDegrees>
						</Position>
						<AltitudeMeters>922.1</AltitudeMeters>
						<DistanceMeters>6697.273038</DistanceMeters>
						<HeartRateBpm>
							<Value>156</Value>
						</HeartRateBpm>
						<Cadence>66</Cadence>
						<Extensions>
							<ns3:TPX>
								<ns3:Speed>4.119</ns3:Speed>
								<ns3:Watts>294</ns3:Watts>
							</ns3:TPX>
						</Extensions>
					</Trackpoint>
					<Trackpoint>
						<Time>2026-02-22T11:19:16Z</Time>
						<Position>
							<LatitudeDegrees>46.647169</LatitudeDegrees>
							<LongitudeDegrees>13.851499</LongitudeDegrees>
						</Position>
						<AltitudeMeters>922.8</AltitudeMeters>
						<DistanceMeters>6700.236589</DistanceMeters>
						<HeartRateBpm>
							<Value>156</Value>
						</HeartRateBpm>
						<Cadence>66</Cadence>
						<Extensions>
							<ns3:TPX>
								<ns3:Speed>4.0994</ns3:Speed>
								<ns3:Watts>294</ns3:Watts>
							</ns3:TPX>
						</Extensions>
					</Trackpoint>
					<Trackpoint>
						<Time>2026-02-22T11:19:17Z</Time>
						<Position>
							<LatitudeDegrees>46.647193</LatitudeDegrees>
							<LongitudeDegrees>13.851538</LongitudeDegrees>
						</Position>
						<AltitudeMeters>923.3</AltitudeMeters>
						<DistanceMeters>6702.245776</DistanceMeters>
						<HeartRateBpm>
							<Value>156</Value>
						</HeartRateBpm>
						<Cadence>66</Cadence>
						<Extensions>
							<ns3:TPX>
								<ns3:Speed>4.078867</ns3:Speed>
								<ns3:Watts>294</ns3:Watts>
							</ns3:TPX>
						</Extensions>
					</Trackpoint>
					<Trackpoint>
						<Time>2026-02-22T11:19:18Z</Time>
						<Position>
							<LatitudeDegrees>46.647193</LatitudeDegrees>
							<LongitudeDegrees>13.851538</LongitudeDegrees>
						</Position>
						<AltitudeMeters>923.3</AltitudeMeters>
						<DistanceMeters>6710.282524</DistanceMeters>
						<HeartRateBpm>
							<Value>156</Value>
						</HeartRateBpm>
						<Cadence>66</Cadence>
						<Extensions>
							<ns3:TPX>
								<ns3:Speed>4.056533</ns3:Speed>
								<ns3:Watts>294</ns3:Watts>
							</ns3:TPX>
						</Extensions>
					</Trackpoint>
					<Trackpoint>
						<Time>2026-02-22T11:19:19Z</Time>
						<Position>
							<LatitudeDegrees>46.64723</LatitudeDegrees>
							<LongitudeDegrees>13.851593</LongitudeDegrees>
						</Position>
						<AltitudeMeters>924.1</AltitudeMeters>
						<DistanceMeters>6713.296304</DistanceMeters>
						<HeartRateBpm>
							<Value>156</Value>
						</HeartRateBpm>
						<Cadence>66</Cadence>
						<Extensions>
							<ns3:TPX>
								<ns3:Speed>4.034267</ns3:Speed>
								<ns3:Watts>294</ns3:Watts>
							</ns3:TPX>
						</Extensions>
					</Trackpoint>
					<Trackpoint>
						<Time>2026-02-22T11:19:20Z</Time>
						<Position>
							<LatitudeDegrees>46.647268</LatitudeDegrees>
							<LongitudeDegrees>13.851649</LongitudeDegrees>
						</Position>
						<AltitudeMeters>924.8</AltitudeMeters>
						<DistanceMeters>6716.259855</DistanceMeters>
						<HeartRateBpm>
							<Value>156</Value>
						</HeartRateBpm>
						<Cadence>65</Cadence>
						<Extensions>
							<ns3:TPX>
								<ns3:Speed>4.0146</ns3:Speed>
								<ns3:Watts>287</ns3:Watts>
							</ns3:TPX>
						</Extensions>
					</Trackpoint>
					<Trackpoint>
						<Time>2026-02-22T11:19:21Z</Time>
						<Position>
							<LatitudeDegrees>46.647297</LatitudeDegrees>
							<LongitudeDegrees>13.851679</LongitudeDegrees>
						</Position>
						<AltitudeMeters>925.3</AltitudeMeters>
						<DistanceMeters>6718.269042</DistanceMeters>
						<HeartRateBpm>
							<Value>156</Value>
						</HeartRateBpm>
						<Cadence>66</Cadence>
						<Extensions>
							<ns3:TPX>
								<ns3:Speed>4.002467</ns3:Speed>
								<ns3:Watts>294</ns3:Watts>
							</ns3:TPX>
						</Extensions>
					</Trackpoint>
					<Trackpoint>
						<Time>2026-02-22T11:19:22Z</Time>
						<Position>
							<LatitudeDegrees>46.647297</LatitudeDegrees>
							<LongitudeDegrees>13.851679</LongitudeDegrees>
						</Position>
						<AltitudeMeters>925.3</AltitudeMeters>
						<DistanceMeters>6726.25556</DistanceMeters>
						<HeartRateBpm>
							<Value>156</Value>
						</HeartRateBpm>
						<Cadence>66</Cadence>
						<Extensions>
							<ns3:TPX>
								<ns3:Speed>3.994467</ns3:Speed>
								<ns3:Watts>294</ns3:Watts>
							</ns3:TPX>
						</Extensions>
					</Trackpoint>
					<Trackpoint>
						<Time>2026-02-22T11:19:23Z</Time>
						<Position>
							<LatitudeDegrees>46.64734</LatitudeDegrees>
							<LongitudeDegrees>13.851724</LongitudeDegrees>
						</Position>
						<AltitudeMeters>926.1</AltitudeMeters>
						<DistanceMeters>6729.26934</DistanceMeters>
						<HeartRateBpm>
							<Value>156</Value>
						</HeartRateBpm>
						<Cadence>69</Cadence>
						<Extensions>
							<ns3:TPX>
								<ns3:Speed>3.9934</ns3:Speed>
								<ns3:Watts>315</ns3:Watts>
							</ns3:TPX>
						</Extensions>
					</Trackpoint>
					<Trackpoint>
						<Time>2026-02-22T11:19:24Z</Time>
						<Position>
							<LatitudeDegrees>46.647369</LatitudeDegrees>
							<LongitudeDegrees>13.851757</LongitudeDegrees>
						</Position>
						<AltitudeMeters>926.7</AltitudeMeters>
						<DistanceMeters>6731.328757</DistanceMeters>
						<HeartRateBpm>
							<Value>155</Value>
						</HeartRateBpm>
						<Cadence>68</Cadence>
						<Extensions>
							<ns3:TPX>
								<ns3:Speed>3.997733</ns3:Speed>
								<ns3:Watts>308</ns3:Watts>
							</ns3:TPX>
						</Extensions>
					</Trackpoint>
					<Trackpoint>
						<Time>2026-02-22T11:19:25Z</Time>
						<Position>
							<LatitudeDegrees>46.647398</LatitudeDegrees>
							<LongitudeDegrees>13.85179</LongitudeDegrees>
						</Position>
						<AltitudeMeters>927.2</AltitudeMeters>
						<DistanceMeters>6733.388173</DistanceMeters>
						<HeartRateBpm>
							<Value>155</Value>
						</HeartRateBpm>
						<Cadence>67</Cadence>
						<Extensions>
							<ns3:TPX>
								<ns3:Speed>4.003733</ns3:Speed>
								<ns3:Watts>301</ns3:Watts>
							</ns3:TPX>
						</Extensions>
					</Trackpoint>
					<Trackpoint>
						<Time>2026-02-22T11:19:26Z</Time>
						<Position>
							<LatitudeDegrees>46.647438</LatitudeDegrees>
							<LongitudeDegrees>13.851845</LongitudeDegrees>
						</Position>
						<AltitudeMeters>928</AltitudeMeters>
						<DistanceMeters>6736.502413</DistanceMeters>
						<HeartRateBpm>
							<Value>155</Value>
						</HeartRateBpm>
						<Cadence>68</Cadence>
						<Extensions>
							<ns3:TPX>
								<ns3:Speed>4.011</ns3:Speed>
								<ns3:Watts>308</ns3:Watts>
							</ns3:TPX>
						</Extensions>
					</Trackpoint>
					<Trackpoint>
						<Time>2026-02-22T11:19:27Z</Time>
						<Position>
							<LatitudeDegrees>46.647438</LatitudeDegrees>
							<LongitudeDegrees>13.851845</LongitudeDegrees>
						</Position>
						<AltitudeMeters>928</AltitudeMeters>
						<DistanceMeters>6746.749267</DistanceMeters>
						<HeartRateBpm>
							<Value>155</Value>
						</HeartRateBpm>
						<Cadence>68</Cadence>
						<Extensions>
							<ns3:TPX>
								<ns3:Speed>4.018133</ns3:Speed>
								<ns3:Watts>308</ns3:Watts>
							</ns3:TPX>
						</Extensions>
					</Trackpoint>
					<Trackpoint>
						<Time>2026-02-22T11:19:28Z</Time>
						<Position>
							<LatitudeDegrees>46.64747</LatitudeDegrees>
							<LongitudeDegrees>13.851912</LongitudeDegrees>
						</Position>
						<AltitudeMeters>928.7</AltitudeMeters>
						<DistanceMeters>6749.813277</DistanceMeters>
						<HeartRateBpm>
							<Value>155</Value>
						</HeartRateBpm>
						<Cadence>67</Cadence>
						<Extensions>
							<ns3:TPX>
								<ns3:Speed>4.0254</ns3:Speed>
								<ns3:Watts>301</ns3:Watts>
							</ns3:TPX>
						</Extensions>
					</Trackpoint>
					<Trackpoint>
						<Time>2026-02-22T11:19:29Z</Time>
						<Position>
							<LatitudeDegrees>46.64748</LatitudeDegrees>
							<LongitudeDegrees>13.851981</LongitudeDegrees>
						</Position>
						<AltitudeMeters>929.5</AltitudeMeters>
						<DistanceMeters>6752.927516</DistanceMeters>
						<HeartRateBpm>
							<Value>155</Value>
						</HeartRateBpm>
						<Cadence>66</Cadence>
						<Extensions>
							<ns3:TPX>
								<ns3:Speed>4.029467</ns3:Speed>
								<ns3:Watts>294</ns3:Watts>
							</ns3:TPX>
						</Extensions>
					</Trackpoint>
					<Trackpoint>
						<Time>2026-02-22T11:19:31Z</Time>
						<Position>
							<LatitudeDegrees>46.647457</LatitudeDegrees>
							<LongitudeDegrees>13.852054</LongitudeDegrees>
						</Position>
						<AltitudeMeters>930.2</AltitudeMeters>
						<DistanceMeters>6755.991526</DistanceMeters>
						<HeartRateBpm>
							<Value>155</Value>
						</HeartRateBpm>
						<Cadence>67</Cadence>
						<Extensions>
							<ns3:TPX>
								<ns3:Speed>4.0352</ns3:Speed>
								<ns3:Watts>301</ns3:Watts>
							</ns3:TPX>
						</Extensions>
					</Trackpoint>
					<Trackpoint>
						<Time>2026-02-22T11:19:32Z</Time>
						<Position>
							<LatitudeDegrees>46.647439</LatitudeDegrees>
							<LongitudeDegrees>13.8521</LongitudeDegrees>
						</Position>
						<AltitudeMeters>930.7</AltitudeMeters>
						<DistanceMeters>6758.050943</DistanceMeters>
						<HeartRateBpm>
							<Value>155</Value>
						</HeartRateBpm>
						<Cadence>67</Cadence>
						<Extensions>
							<ns3:TPX>
								<ns3:Speed>4.043333</ns3:Speed>
								<ns3:Watts>301</ns3:Watts>
							</ns3:TPX>
						</Extensions>
					</Trackpoint>
					<Trackpoint>
						<Time>2026-02-22T11:19:33Z</Time>
						<Position>
							<LatitudeDegrees>46.647404</LatitudeDegrees>
							<LongitudeDegrees>13.852163</LongitudeDegrees>
						</Position>
						<AltitudeMeters>931.3</AltitudeMeters>
						<DistanceMeters>6761.165183</DistanceMeters>
						<HeartRateBpm>
							<Value>155</Value>
						</HeartRateBpm>
						<Cadence>67</Cadence>
						<Extensions>
							<ns3:TPX>
								<ns3:Speed>4.054</ns3:Speed>
								<ns3:Watts>301</ns3:Watts>
							</ns3:TPX>
						</Extensions>
					</Trackpoint>
					<Trackpoint>
						<Time>2026-02-22T11:19:35Z</Time>
						<Position>
							<LatitudeDegrees>46.647372</LatitudeDegrees>
							<LongitudeDegrees>13.852229</LongitudeDegrees>
						</Position>
						<AltitudeMeters>932</AltitudeMeters>
						<DistanceMeters>6764.279423</DistanceMeters>
						<HeartRateBpm>
							<Value>155</Value>
						</HeartRateBpm>
						<Cadence>66</Cadence>
						<Extensions>
							<ns3:TPX>
								<ns3:Speed>4.065933</ns3:Speed>
								<ns3:Watts>294</ns3:Watts>
							</ns3:TPX>
						</Extensions>
					</Trackpoint>
					<Trackpoint>
						<Time>2026-02-22T11:19:36Z</Time>
						<Position>
							<LatitudeDegrees>46.647354</LatitudeDegrees>
							<LongitudeDegrees>13.852277</LongitudeDegrees>
						</Position>
						<AltitudeMeters>932.4</AltitudeMeters>
						<DistanceMeters>6766.389069</DistanceMeters>
						<HeartRateBpm>
							<Value>155</Value>
						</HeartRateBpm>
						<Cadence>66</Cadence>
						<Extensions>
							<ns3:TPX>
								<ns3:Speed>4.078267</ns3:Speed>
								<ns3:Watts>294</ns3:Watts>
							</ns3:TPX>
						</Extensions>
					</Trackpoint>
					<Trackpoint>
						<Time>2026-02-22T11:19:37Z</Time>
						<Position>
							<LatitudeDegrees>46.647336</LatitudeDegrees>
							<LongitudeDegrees>13.852324</LongitudeDegrees>
						</Position>
						<AltitudeMeters>932.8</AltitudeMeters>
						<DistanceMeters>6768.498715</DistanceMeters>
						<HeartRateBpm>
							<Value>155</Value>
						</HeartRateBpm>
						<Cadence>66</Cadence>
						<Extensions>
							<ns3:TPX>
								<ns3:Speed>4.094</ns3:Speed>
								<ns3:Watts>294</ns3:Watts>
							</ns3:TPX>
						</Extensions>
					</Trackpoint>
					<Trackpoint>
						<Time>2026-02-22T11:19:38Z</Time>
						<Position>
							<LatitudeDegrees>46.64733</LatitudeDegrees>
							<LongitudeDegrees>13.852405</LongitudeDegrees>
						</Position>
						<AltitudeMeters>933.4</AltitudeMeters>
						<DistanceMeters>6771.612955</DistanceMeters>
						<HeartRateBpm>
							<Value>155</Value>
						</HeartRateBpm>
						<Cadence>66</Cadence>
						<Extensions>
							<ns3:TPX>
								<ns3:Speed>4.1114</ns3:Speed>
								<ns3:Watts>294</ns3:Watts>
							</ns3:TPX>
						</Extensions>
					</Trackpoint>
					<Trackpoint>
						<Time>2026-02-22T11:19:40Z</Time>
						<Position>
							<LatitudeDegrees>46.647332</LatitudeDegrees>
							<LongitudeDegrees>13.852487</LongitudeDegrees>
						</Position>
						<AltitudeMeters>933.9</AltitudeMeters>
						<DistanceMeters>6774.777424</DistanceMeters>
						<HeartRateBpm>
							<Value>155</Value>
						</HeartRateBpm>
						<Cadence>64</Cadence>
						<Extensions>
							<ns3:TPX>
								<ns3:Speed>4.1248</ns3:Speed>
								<ns3:Watts>279</ns3:Watts>
							</ns3:TPX>
						</Extensions>
					</Trackpoint>
					<Trackpoint>
						<Time>2026-02-22T11:19:41Z</Time>
						<Position>
							<LatitudeDegrees>46.647341</LatitudeDegrees>
							<LongitudeDegrees>13.852539</LongitudeDegrees>
						</Position>
						<AltitudeMeters>934.3</AltitudeMeters>
						<DistanceMeters>6776.836841</DistanceMeters>
						<HeartRateBpm>
							<Value>155</Value>
						</HeartRateBpm>
						<Cadence>65</Cadence>
						<Extensions>
							<ns3:TPX>
								<ns3:Speed>4.133267</ns3:Speed>
								<ns3:Watts>287</ns3:Watts>
							</ns3:TPX>
						</Extensions>
					</Trackpoint>
					<Trackpoint>
						<Time>2026-02-22T11:19:42Z</Time>
						<Position>
							<LatitudeDegrees>46.647356</LatitudeDegrees>
							<LongitudeDegrees>13.852619</LongitudeDegrees>
						</Position>
						<AltitudeMeters>934.7</AltitudeMeters>
						<DistanceMeters>6780.05154</DistanceMeters>
						<HeartRateBpm>
							<Value>155</Value>
						</HeartRateBpm>
						<Cadence>65</Cadence>
						<Extensions>
							<ns3:TPX>
								<ns3:Speed>4.144267</ns3:Speed>
								<ns3:Watts>287</ns3:Watts>
							</ns3:TPX>
						</Extensions>
					</Trackpoint>
					<Trackpoint>
						<Time>2026-02-22T11:19:43Z</Time>
						<Position>
							<LatitudeDegrees>46.647356</LatitudeDegrees>
							<LongitudeDegrees>13.852619</LongitudeDegrees>
						</Position>
						<AltitudeMeters>934.7</AltitudeMeters>
						<DistanceMeters>6813.353813</DistanceMeters>
						<HeartRateBpm>
							<Value>155</Value>
						</HeartRateBpm>
						<Cadence>65</Cadence>
						<Extensions>
							<ns3:TPX>
								<ns3:Speed>4.155067</ns3:Speed>
								<ns3:Watts>287</ns3:Watts>
							</ns3:TPX>
						</Extensions>
					</Trackpoint>
					<Trackpoint>
						<Time>2026-02-22T11:19:44Z</Time>
						<Position>
							<LatitudeDegrees>46.647379</LatitudeDegrees>
							<LongitudeDegrees>13.852696</LongitudeDegrees>
						</Position>
						<AltitudeMeters>935.2</AltitudeMeters>
						<DistanceMeters>6816.618742</DistanceMeters>
						<HeartRateBpm>
							<Value>155</Value>
						</HeartRateBpm>
						<Cadence>64</Cadence>
						<Extensions>
							<ns3:TPX>
								<ns3:Speed>4.168533</ns3:Speed>
								<ns3:Watts>279</ns3:Watts>
							</ns3:TPX>
						</Extensions>
					</Trackpoint>
					<Trackpoint>
						<Time>2026-02-22T11:19:45Z</Time>
						<Position>
							<LatitudeDegrees>46.647396</LatitudeDegrees>
							<LongitudeDegrees>13.852747</LongitudeDegrees>
						</Position>
						<AltitudeMeters>935.4</AltitudeMeters>
						<DistanceMeters>6818.778618</DistanceMeters>
						<HeartRateBpm>
							<Value>155</Value>
						</HeartRateBpm>
						<Cadence>64</Cadence>
						<Extensions>
							<ns3:TPX>
								<ns3:Speed>4.184467</ns3:Speed>
								<ns3:Watts>270</ns3:Watts>
							</ns3:TPX>
						</Extensions>
					</Trackpoint>
					<Trackpoint>
						<Time>2026-02-22T11:19:46Z</Time>
						<Position>
							<LatitudeDegrees>46.64743</LatitudeDegrees>
							<LongitudeDegrees>13.852817</LongitudeDegrees>
						</Position>
						<AltitudeMeters>935.8</AltitudeMeters>
						<DistanceMeters>6822.093777</DistanceMeters>
						<HeartRateBpm>
							<Value>155</Value>
						</HeartRateBpm>
						<Cadence>64</Cadence>
						<Extensions>
							<ns3:TPX>
								<ns3:Speed>4.2044</ns3:Speed>
								<ns3:Watts>270</ns3:Watts>
							</ns3:TPX>
						</Extensions>
					</Trackpoint>
					<Trackpoint>
						<Time>2026-02-22T11:19:47Z</Time>
						<Position>
							<LatitudeDegrees>46.647455</LatitudeDegrees>
							<LongitudeDegrees>13.852862</LongitudeDegrees>
						</Position>
						<AltitudeMeters>936.1</AltitudeMeters>
						<DistanceMeters>6824.354112</DistanceMeters>
						<HeartRateBpm>
							<Value>155</Value>
						</HeartRateBpm>
						<Cadence>64</Cadence>
						<Extensions>
							<ns3:TPX>
								<ns3:Speed>4.2288</ns3:Speed>
								<ns3:Watts>261</ns3:Watts>
							</ns3:TPX>
						</Extensions>
					</Trackpoint>
					<Trackpoint>
						<Time>2026-02-22T11:19:48Z</Time>
						<Position>
							<LatitudeDegrees>46.647455</LatitudeDegrees>
							<LongitudeDegrees>13.852862</LongitudeDegrees>
						</Position>
						<AltitudeMeters>936.1</AltitudeMeters>
						<DistanceMeters>6835.35441</DistanceMeters>
						<HeartRateBpm>
							<Value>155</Value>
						</HeartRateBpm>
						<Cadence>64</Cadence>
						<Extensions>
							<ns3:TPX>
								<ns3:Speed>4.2536</ns3:Speed>
								<ns3:Watts>261</ns3:Watts>
							</ns3:TPX>
						</Extensions>
					</Trackpoint>
					<Trackpoint>
						<Time>2026-02-22T11:19:49Z</Time>
						<Position>
							<LatitudeDegrees>46.647504</LatitudeDegrees>
							<LongitudeDegrees>13.85291</LongitudeDegrees>
						</Position>
						<AltitudeMeters>936.4</AltitudeMeters>
						<DistanceMeters>6838.669569</DistanceMeters>
						<HeartRateBpm>
							<Value>155</Value>
						</HeartRateBpm>
						<Cadence>64</Cadence>
						<Extensions>
							<ns3:TPX>
								<ns3:Speed>4.278467</ns3:Speed>
								<ns3:Watts>251</ns3:Watts>
							</ns3:TPX>
						</Extensions>
					</Trackpoint>
					<Trackpoint>
						<Time>2026-02-22T11:19:50Z</Time>
						<Position>
							<LatitudeDegrees>46.64754</LatitudeDegrees>
							<LongitudeDegrees>13.852936</LongitudeDegrees>
						</Position>
						<AltitudeMeters>936.6</AltitudeMeters>
						<DistanceMeters>6840.980134</DistanceMeters>
						<HeartRateBpm>
							<Value>155</Value>
						</HeartRateBpm>
						<Cadence>65</Cadence>
						<Extensions>
							<ns3:TPX>
								<ns3:Speed>4.304267</ns3:Speed>
								<ns3:Watts>248</ns3:Watts>
							</ns3:TPX>
						</Extensions>
					</Trackpoint>
					<Trackpoint>
						<Time>2026-02-22T11:19:51Z</Time>
						<Position>
							<LatitudeDegrees>46.647598</LatitudeDegrees>
							<LongitudeDegrees>13.852961</LongitudeDegrees>
						</Position>
						<AltitudeMeters>936.9</AltitudeMeters>
						<DistanceMeters>6844.395752</DistanceMeters>
						<HeartRateBpm>
							<Value>155</Value>
						</HeartRateBpm>
						<Cadence>66</Cadence>
						<Extensions>
							<ns3:TPX>
								<ns3:Speed>4.3308</ns3:Speed>
								<ns3:Watts>234</ns3:Watts>
							</ns3:TPX>
						</Extensions>
					</Trackpoint>
					<Trackpoint>
						<Time>2026-02-22T11:19:52Z</Time>
						<Position>
							<LatitudeDegrees>46.647598</LatitudeDegrees>
							<LongitudeDegrees>13.852961</LongitudeDegrees>
						</Position>
						<AltitudeMeters>936.9</AltitudeMeters>
						<DistanceMeters>6853.437093</DistanceMeters>
						<HeartRateBpm>
							<Value>155</Value>
						</HeartRateBpm>
						<Cadence>66</Cadence>
						<Extensions>
							<ns3:TPX>
								<ns3:Speed>4.3572</ns3:Speed>
								<ns3:Watts>234</ns3:Watts>
							</ns3:TPX>
						</Extensions>
					</Trackpoint>
					<Trackpoint>
						<Time>2026-02-22T11:19:53Z</Time>
						<Position>
							<LatitudeDegrees>46.647658</LatitudeDegrees>
							<LongitudeDegrees>13.852979</LongitudeDegrees>
						</Position>
						<AltitudeMeters>937.2</AltitudeMeters>
						<DistanceMeters>6856.752251</DistanceMeters>
						<HeartRateBpm>
							<Value>155</Value>
						</HeartRateBpm>
						<Cadence>65</Cadence>
						<Extensions>
							<ns3:TPX>
								<ns3:Speed>4.371533</ns3:Speed>
								<ns3:Watts>196</ns3:Watts>
							</ns3:TPX>
						</Extensions>
					</Trackpoint>
					<Trackpoint>
						<Time>2026-02-22T11:19:54Z</Time>
						<Position>
							<LatitudeDegrees>46.647696</LatitudeDegrees>
							<LongitudeDegrees>13.852995</LongitudeDegrees>
						</Position>
						<AltitudeMeters>937.3</AltitudeMeters>
						<DistanceMeters>6859.012587</DistanceMeters>
						<HeartRateBpm>
							<Value>155</Value>
						</HeartRateBpm>
						<Cadence>66</Cadence>
						<Extensions>
							<ns3:TPX>
								<ns3:Speed>4.391267</ns3:Speed>
								<ns3:Watts>184</ns3:Watts>
							</ns3:TPX>
						</Extensions>
					</Trackpoint>
					<Trackpoint>
						<Time>2026-02-22T11:19:55Z</Time>
						<Position>
							<LatitudeDegrees>46.647735</LatitudeDegrees>
							<LongitudeDegrees>13.853013</LongitudeDegrees>
						</Position>
						<AltitudeMeters>937.5</AltitudeMeters>
						<DistanceMeters>6861.373381</DistanceMeters>
						<HeartRateBpm>
							<Value>155</Value>
						</HeartRateBpm>
						<Cadence>65</Cadence>
						<Extensions>
							<ns3:TPX>
								<ns3:Speed>4.437</ns3:Speed>
								<ns3:Watts>164</ns3:Watts>
							</ns3:TPX>
						</Extensions>
					</Trackpoint>
					<Trackpoint>
						<Time>2026-02-22T11:19:56Z</Time>
						<Position>
							<LatitudeDegrees>46.647796</LatitudeDegrees>
							<LongitudeDegrees>13.853053</LongitudeDegrees>
						</Position>
						<AltitudeMeters>937.7</AltitudeMeters>
						<DistanceMeters>6865.291296</DistanceMeters>
						<HeartRateBpm>
							<Value>155</Value>
						</HeartRateBpm>
						<Cadence>66</Cadence>
						<Extensions>
							<ns3:TPX>
								<ns3:Speed>4.514267</ns3:Speed>
								<ns3:Watts>152</ns3:Watts>
							</ns3:TPX>
						</Extensions>
					</Trackpoint>
					<Trackpoint>
						<Time>2026-02-22T11:19:58Z</Time>
						<Position>
							<LatitudeDegrees>46.647862</LatitudeDegrees>
							<LongitudeDegrees>13.853104</LongitudeDegrees>
						</Position>
						<AltitudeMeters>938</AltitudeMeters>
						<DistanceMeters>6869.560818</DistanceMeters>
						<HeartRateBpm>
							<Value>155</Value>
						</HeartRateBpm>
						<Cadence>66</Cadence>
						<Extensions>
							<ns3:TPX>
								<ns3:Speed>4.618333</ns3:Speed>
								<ns3:Watts>119</ns3:Watts>
							</ns3:TPX>
						</Extensions>
					</Trackpoint>
					<Trackpoint>
						<Time>2026-02-22T11:19:59Z</Time>
						<Position>
							<LatitudeDegrees>46.647931</LatitudeDegrees>
							<LongitudeDegrees>13.853165</LongitudeDegrees>
						</Position>
						<AltitudeMeters>938.3</AltitudeMeters>
						<DistanceMeters>6874.232178</DistanceMeters>
						<HeartRateBpm>
							<Value>155</Value>
						</HeartRateBpm>
						<Cadence>68</Cadence>
						<Extensions>
							<ns3:TPX>
								<ns3:Speed>4.7556</ns3:Speed>
								<ns3:Watts>106</ns3:Watts>
							</ns3:TPX>
						</Extensions>
					</Trackpoint>
					<Trackpoint>
						<Time>2026-02-22T11:20:00Z</Time>
						<Position>
							<LatitudeDegrees>46.647931</LatitudeDegrees>
							<LongitudeDegrees>13.853165</LongitudeDegrees>
						</Position>
						<AltitudeMeters>938.3</AltitudeMeters>
						<DistanceMeters>6895.027262</DistanceMeters>
						<HeartRateBpm>
							<Value>155</Value>
						</HeartRateBpm>
						<Cadence>68</Cadence>
						<Extensions>
							<ns3:TPX>
								<ns3:Speed>4.888933</ns3:Speed>
								<ns3:Watts>106</ns3:Watts>
							</ns3:TPX>
						</Extensions>
					</Trackpoint>
					<Trackpoint>
						<Time>2026-02-22T11:20:01Z</Time>
						<Position>
							<LatitudeDegrees>46.648015</LatitudeDegrees>
							<LongitudeDegrees>13.853201</LongitudeDegrees>
						</Position>
						<AltitudeMeters>938.5</AltitudeMeters>
						<DistanceMeters>6900</DistanceMeters>
						<HeartRateBpm>
							<Value>155</Value>
						</HeartRateBpm>
						<Cadence>71</Cadence>
						<Extensions>
							<ns3:TPX>
								<ns3:Speed>5.052667</ns3:Speed>
								<ns3:Watts>74</ns3:Watts>
							</ns3:TPX>
						</Extensions>
					</Trackpoint>
				</Track>
			</Lap>
			<Creator xsi:type="Device_t">
				<Name>Apple Watch Series 10</Name>
				<UnitId>0</UnitId>
				<ProductID>164</ProductID>
				<Version>
					<VersionMajor>0</VersionMajor>
					<VersionMinor>0</VersionMinor>
					<BuildMajor>1</BuildMajor>
					<BuildMinor>1</BuildMinor>
				</Version>
			</Creator>
		</Activity>
	</Activities>
	<Author xsi:type="Application_t">
		<Name>GOTOES STRAVA TOOLS</Name>
		<Build>
			<Version>
				<VersionMajor>41</VersionMajor>
				<VersionMinor>5</VersionMinor>
				<BuildMajor>1</BuildMajor>
				<BuildMinor>1</BuildMinor>
			</Version>
		</Build>
		<LangID>en</LangID>
		<PartNumber>1</PartNumber>
	</Author>
</TrainingCenterDatabase>
