<?xml version="1.0" encoding="UTF-8"?>
<TrainingCenterDatabase xmlns="http://www.garmin.com/xmlschemas/TrainingCenterDatabase/v2" xmlns:xsi="http://www.w3.org/2001/XMLSchema-instance" xmlns:ns3="http://www.garmin.com/xmlschemas/ActivityExtension/v2" xmlns:bikeapp="urn:bikeapp" xsi:schemaLocation="http://www.garmin.com/xmlschemas/TrainingCenterDatabase/v2 http://www.garmin.com/xmlschemas/TrainingCenterDatabasev2.xsd">
<Activities>
<Activity Sport="VirtualRide">
<Id>2026-05-29T20:34:35.017Z</Id>
<Lap StartTime="2026-05-29T20:34:35.017Z">
<TotalTimeSeconds>2836.4</TotalTimeSeconds>
<DistanceMeters>22450.8</DistanceMeters>
<Calories>620</Calories>
<Intensity>Active</Intensity>
<TriggerMethod>Manual</TriggerMethod>
<Track>
<Trackpoint>
<Time>2026-05-29T20:34:35.097Z</Time>
<DistanceMeters>0.0</DistanceMeters>
<HeartRateBpm><Value>79</Value></HeartRateBpm>
<Cadence>0</Cadence>
<Extensions>
<ns3:TPX>
<ns3:Speed>0.000</ns3:Speed>
<ns3:Watts>0</ns3:Watts>
</ns3:TPX>
<bikeapp:Resistance01>11</bikeapp:Resistance01>
<bikeapp:BikeTotalDistanceM>0.0</bikeapp:BikeTotalDistanceM>
</Extensions>
</Trackpoint>
<Trackpoint>
<Time>2026-05-29T20:34:36.109Z</Time>
<DistanceMeters>0.0</DistanceMeters>
<HeartRateBpm><Value>80</Value></HeartRateBpm>
<Cadence>0</Cadence>
<Extensions>
<ns3:TPX>
<ns3:Speed>0.000</ns3:Speed>
<ns3:Watts>0</ns3:Watts>
</ns3:TPX>
<bikeapp:Resistance01>11</bikeapp:Resistance01>
<bikeapp:BikeTotalDistanceM>0.0</bikeapp:BikeTotalDistanceM>
</Extensions>
</Trackpoint>
<Trackpoint>
<Time>2026-05-29T20:34:37.110Z</Time>
<DistanceMeters>0.0</DistanceMeters>
<HeartRateBpm><Value>80</Value></HeartRateBpm>
<Cadence>0</Cadence>
<Extensions>
<ns3:TPX>
<ns3:Speed>0.000</ns3:Speed>
<ns3:Watts>0</ns3:Watts>
</ns3:TPX>
<bikeapp:Resistance01>11</bikeapp:Resistance01>
<bikeapp:BikeTotalDistanceM>0.0</bikeapp:BikeTotalDistanceM>
</Extensions>
</Trackpoint>
<Trackpoint>
<Time>2026-05-29T20:34:38.609Z</Time>
<DistanceMeters>0.0</DistanceMeters>
<HeartRateBpm><Value>79</Value></HeartRateBpm>
<Cadence>0</Cadence>
<Extensions>
<ns3:TPX>
<ns3:Speed>0.000</ns3:Speed>
<ns3:Watts>0</ns3:Watts>
</ns3:TPX>
<bikeapp:Resistance01>11</bikeapp:Resistance01>
<bikeapp:BikeTotalDistanceM>0.0</bikeapp:BikeTotalDistanceM>
</Extensions>
</Trackpoint>
<Trackpoint>
<Time>2026-05-29T20:34:40.110Z</Time>
<DistanceMeters>0.2</DistanceMeters>
<HeartRateBpm><Value>79</Value></HeartRateBpm>
<Cadence>53</Cadence>
<Extensions>
<ns3:TPX>
<ns3:Speed>0.359</ns3:Speed>
<ns3:Watts>81</ns3:Watts>
</ns3:TPX>
<bikeapp:Resistance01>11</bikeapp:Resistance01>
<bikeapp:BikeTotalDistanceM>5.0</bikeapp:BikeTotalDistanceM>
</Extensions>
</Trackpoint>
<Trackpoint>
<Time>2026-05-29T20:34:41.610Z</Time>
<DistanceMeters>1.8</DistanceMeters>
<HeartRateBpm><Value>80</Value></HeartRateBpm>
<Cadence>60</Cadence>
<Extensions>
<ns3:TPX>
<ns3:Speed>1.409</ns3:Speed>
<ns3:Watts>100</ns3:Watts>
</ns3:TPX>
<bikeapp:Resistance01>11</bikeapp:Resistance01>
<bikeapp:BikeTotalDistanceM>11.0</bikeapp:BikeTotalDistanceM>
</Extensions>
</Trackpoint>
<Trackpoint>
<Time>2026-05-29T20:34:43.122Z</Time>
<DistanceMeters>5.0</DistanceMeters>
<HeartRateBpm><Value>83</Value></HeartRateBpm>
<Cadence>65</Cadence>
<Extensions>
<ns3:TPX>
<ns3:Speed>2.467</ns3:Speed>
<ns3:Watts>116</ns3:Watts>
</ns3:TPX>
<bikeapp:Resistance01>11</bikeapp:Resistance01>
<bikeapp:BikeTotalDistanceM>25.0</bikeapp:BikeTotalDistanceM>
</Extensions>
</Trackpoint>
<Trackpoint>
<Time>2026-05-29T20:34:44.609Z</Time>
<DistanceMeters>9.7</DistanceMeters>
<HeartRateBpm><Value>86</Value></HeartRateBpm>
<Cadence>65</Cadence>
<Extensions>
<ns3:TPX>
<ns3:Speed>3.508</ns3:Speed>
<ns3:Watts>116</ns3:Watts>
</ns3:TPX>
<bikeapp:Resistance01>11</bikeapp:Resistance01>
<bikeapp:BikeTotalDistanceM>31.0</bikeapp:BikeTotalDistanceM>
</Extensions>
</Trackpoint>
<Trackpoint>
<Time>2026-05-29T20:34:46.109Z</Time>
<DistanceMeters>16.0</DistanceMeters>
<HeartRateBpm><Value>87</Value></HeartRateBpm>
<Cadence>65</Cadence>
<Extensions>
<ns3:TPX>
<ns3:Speed>4.558</ns3:Speed>
<ns3:Watts>116</ns3:Watts>
</ns3:TPX>
<bikeapp:Resistance01>11</bikeapp:Resistance01>
<bikeapp:BikeTotalDistanceM>45.0</bikeapp:BikeTotalDistanceM>
</Extensions>
</Trackpoint>
<Trackpoint>
<Time>2026-05-29T20:34:47.609Z</Time>
<DistanceMeters>23.9</DistanceMeters>
<HeartRateBpm><Value>89</Value></HeartRateBpm>
<Cadence>65</Cadence>
<Extensions>
<ns3:TPX>
<ns3:Speed>5.608</ns3:Speed>
<ns3:Watts>116</ns3:Watts>
</ns3:TPX>
<bikeapp:Resistance01>11</bikeapp:Resistance01>
<bikeapp:BikeTotalDistanceM>51.0</bikeapp:BikeTotalDistanceM>
</Extensions>
</Trackpoint>
<Trackpoint>
<Time>2026-05-29T20:34:49.111Z</Time>
<DistanceMeters>33.2</DistanceMeters>
<HeartRateBpm><Value>88</Value></HeartRateBpm>
<Cadence>70</Cadence>
<Extensions>
<ns3:TPX>
<ns3:Speed>6.329</ns3:Speed>
<ns3:Watts>132</ns3:Watts>
</ns3:TPX>
<bikeapp:Resistance01>11</bikeapp:Resistance01>
<bikeapp:BikeTotalDistanceM>65.0</bikeapp:BikeTotalDistanceM>
</Extensions>
</Trackpoint>
<Trackpoint>
<Time>2026-05-29T20:34:50.622Z</Time>
<DistanceMeters>42.9</DistanceMeters>
<HeartRateBpm><Value>87</Value></HeartRateBpm>
<Cadence>71</Cadence>
<Extensions>
<ns3:TPX>
<ns3:Speed>6.496</ns3:Speed>
<ns3:Watts>135</ns3:Watts>
</ns3:TPX>
<bikeapp:Resistance01>11</bikeapp:Resistance01>
<bikeapp:BikeTotalDistanceM>73.0</bikeapp:BikeTotalDistanceM>
</Extensions>
</Trackpoint>
<Trackpoint>
<Time>2026-05-29T20:34:52.110Z</Time>
<DistanceMeters>52.6</DistanceMeters>
<HeartRateBpm><Value>86</Value></HeartRateBpm>
<Cadence>71</Cadence>
<Extensions>
<ns3:TPX>
<ns3:Speed>6.564</ns3:Speed>
<ns3:Watts>135</ns3:Watts>
</ns3:TPX>
<bikeapp:Resistance01>11</bikeapp:Resistance01>
<bikeapp:BikeTotalDistanceM>87.0</bikeapp:BikeTotalDistanceM>
</Extensions>
</Trackpoint>
<Trackpoint>
<Time>2026-05-29T20:34:53.609Z</Time>
<DistanceMeters>62.5</DistanceMeters>
<HeartRateBpm><Value>87</Value></HeartRateBpm>
<Cadence>71</Cadence>
<Extensions>
<ns3:TPX>
<ns3:Speed>6.616</ns3:Speed>
<ns3:Watts>135</ns3:Watts>
</ns3:TPX>
<bikeapp:Resistance01>11</bikeapp:Resistance01>
<bikeapp:BikeTotalDistanceM>95.0</bikeapp:BikeTotalDistanceM>
</Extensions>
</Trackpoint>
<Trackpoint>
<Time>2026-05-29T20:34:55.110Z</Time>
<DistanceMeters>72.5</DistanceMeters>
<HeartRateBpm><Value>90</Value></HeartRateBpm>
<Cadence>71</Cadence>
<Extensions>
<ns3:TPX>
<ns3:Speed>6.658</ns3:Speed>
<ns3:Watts>135</ns3:Watts>
</ns3:TPX>
<bikeapp:Resistance01>11</bikeapp:Resistance01>
<bikeapp:BikeTotalDistanceM>110.0</bikeapp:BikeTotalDistanceM>
</Extensions>
</Trackpoint>
<Trackpoint>
<Time>2026-05-29T20:34:56.110Z</Time>
<DistanceMeters>79.2</DistanceMeters>
<HeartRateBpm><Value>92</Value></HeartRateBpm>
<Cadence>70</Cadence>
<Extensions>
<ns3:TPX>
<ns3:Speed>6.647</ns3:Speed>
<ns3:Watts>132</ns3:Watts>
</ns3:TPX>
<bikeapp:Resistance01>11</bikeapp:Resistance01>
<bikeapp:BikeTotalDistanceM>117.0</bikeapp:BikeTotalDistanceM>
</Extensions>
</Trackpoint>
<Trackpoint>
<Time>2026-05-29T20:34:57.597Z</Time>
<DistanceMeters>89.0</DistanceMeters>
<HeartRateBpm><Value>94</Value></HeartRateBpm>
<Cadence>70</Cadence>
<Extensions>
<ns3:TPX>
<ns3:Speed>6.623</ns3:Speed>
<ns3:Watts>132</ns3:Watts>
</ns3:TPX>
<bikeapp:Resistance01>11</bikeapp:Resistance01>
<bikeapp:BikeTotalDistanceM>124.0</bikeapp:BikeTotalDistanceM>
</Extensions>
</Trackpoint>
<Trackpoint>
<Time>2026-05-29T20:34:58.610Z</Time>
<DistanceMeters>95.7</DistanceMeters>
<HeartRateBpm><Value>94</Value></HeartRateBpm>
<Cadence>68</Cadence>
<Extensions>
<ns3:TPX>
<ns3:Speed>6.558</ns3:Speed>
<ns3:Watts>125</ns3:Watts>
</ns3:TPX>
<bikeapp:Resistance01>11</bikeapp:Resistance01>
<bikeapp:BikeTotalDistanceM>131.0</bikeapp:BikeTotalDistanceM>
</Extensions>
</Trackpoint>
<Trackpoint>
<Time>2026-05-29T20:35:00.110Z</Time>
<DistanceMeters>105.4</DistanceMeters>
<HeartRateBpm><Value>92</Value></HeartRateBpm>
<Cadence>68</Cadence>
<Extensions>
<ns3:TPX>
<ns3:Speed>6.504</ns3:Speed>
<ns3:Watts>125</ns3:Watts>
</ns3:TPX>
<bikeapp:Resistance01>11</bikeapp:Resistance01>
<bikeapp:BikeTotalDistanceM>145.0</bikeapp:BikeTotalDistanceM>
</Extensions>
</Trackpoint>
<Trackpoint>
<Time>2026-05-29T20:35:01.622Z</Time>
<DistanceMeters>115.3</DistanceMeters>
<HeartRateBpm><Value>88</Value></HeartRateBpm>
<Cadence>71</Cadence>
<Extensions>
<ns3:TPX>
<ns3:Speed>6.561</ns3:Speed>
<ns3:Watts>135</ns3:Watts>
</ns3:TPX>
<bikeapp:Resistance01>11</bikeapp:Resistance01>
<bikeapp:BikeTotalDistanceM>153.0</bikeapp:BikeTotalDistanceM>
</Extensions>
</Trackpoint>
<Trackpoint>
<Time>2026-05-29T20:35:03.110Z</Time>
<DistanceMeters>125.2</DistanceMeters>
<HeartRateBpm><Value>87</Value></HeartRateBpm>
<Cadence>76</Cadence>
<Extensions>
<ns3:TPX>
<ns3:Speed>6.695</ns3:Speed>
<ns3:Watts>150</ns3:Watts>
</ns3:TPX>
<bikeapp:Resistance01>11</bikeapp:Resistance01>
<bikeapp:BikeTotalDistanceM>168.0</bikeapp:BikeTotalDistanceM>
</Extensions>
</Trackpoint>
<Trackpoint>
<Time>2026-05-29T20:35:04.609Z</Time>
<DistanceMeters>135.4</DistanceMeters>
<HeartRateBpm><Value>87</Value></HeartRateBpm>
<Cadence>78</Cadence>
<Extensions>
<ns3:TPX>
<ns3:Speed>6.873</ns3:Speed>
<ns3:Watts>156</ns3:Watts>
</ns3:TPX>
<bikeapp:Resistance01>11</bikeapp:Resistance01>
<bikeapp:BikeTotalDistanceM>176.0</bikeapp:BikeTotalDistanceM>
</Extensions>
</Trackpoint>
<Trackpoint>
<Time>2026-05-29T20:35:05.610Z</Time>
<DistanceMeters>142.3</DistanceMeters>
<HeartRateBpm><Value>88</Value></HeartRateBpm>
<Cadence>76</Cadence>
<Extensions>
<ns3:TPX>
<ns3:Speed>6.904</ns3:Speed>
<ns3:Watts>150</ns3:Watts>
</ns3:TPX>
<bikeapp:Resistance01>11</bikeapp:Resistance01>
<bikeapp:BikeTotalDistanceM>184.0</bikeapp:BikeTotalDistanceM>
</Extensions>
</Trackpoint>
<Trackpoint>
<Time>2026-05-29T20:35:07.110Z</Time>
<DistanceMeters>152.6</DistanceMeters>
<HeartRateBpm><Value>92</Value></HeartRateBpm>
<Cadence>73</Cadence>
<Extensions>
<ns3:TPX>
<ns3:Speed>6.858</ns3:Speed>
<ns3:Watts>141</ns3:Watts>
</ns3:TPX>
<bikeapp:Resistance01>11</bikeapp:Resistance01>
<bikeapp:BikeTotalDistanceM>199.0</bikeapp:BikeTotalDistanceM>
</Extensions>
</Trackpoint>
<Trackpoint>
<Time>2026-05-29T20:35:08.609Z</Time>
<DistanceMeters>162.9</DistanceMeters>
<HeartRateBpm><Value>96</Value></HeartRateBpm>
<Cadence>72</Cadence>
<Extensions>
<ns3:TPX>
<ns3:Speed>6.796</ns3:Speed>
<ns3:Watts>138</ns3:Watts>
</ns3:TPX>
<bikeapp:Resistance01>11</bikeapp:Resistance01>
<bikeapp:BikeTotalDistanceM>206.0</bikeapp:BikeTotalDistanceM>
</Extensions>
</Trackpoint>
<Trackpoint>
<Time>2026-05-29T20:35:10.111Z</Time>
<DistanceMeters>173.0</DistanceMeters>
<HeartRateBpm><Value>98</Value></HeartRateBpm>
<Cadence>73</Cadence>
<Extensions>
<ns3:TPX>
<ns3:Speed>6.771</ns3:Speed>
<ns3:Watts>141</ns3:Watts>
</ns3:TPX>
<bikeapp:Resistance01>11</bikeapp:Resistance01>
<bikeapp:BikeTotalDistanceM>221.0</bikeapp:BikeTotalDistanceM>
</Extensions>
</Trackpoint>
<Trackpoint>
<Time>2026-05-29T20:35:11.610Z</Time>
<DistanceMeters>183.2</DistanceMeters>
<HeartRateBpm><Value>95</Value></HeartRateBpm>
<Cadence>72</Cadence>
<Extensions>
<ns3:TPX>
<ns3:Speed>6.754</ns3:Speed>
<ns3:Watts>138</ns3:Watts>
</ns3:TPX>
<bikeapp:Resistance01>11</bikeapp:Resistance01>
<bikeapp:BikeTotalDistanceM>229.0</bikeapp:BikeTotalDistanceM>
</Extensions>
</Trackpoint>
<Trackpoint>
<Time>2026-05-29T20:35:13.110Z</Time>
<DistanceMeters>193.4</DistanceMeters>
<HeartRateBpm><Value>94</Value></HeartRateBpm>
<Cadence>74</Cadence>
<Extensions>
<ns3:TPX>
<ns3:Speed>6.816</ns3:Speed>
<ns3:Watts>144</ns3:Watts>
</ns3:TPX>
<bikeapp:Resistance01>11</bikeapp:Resistance01>
<bikeapp:BikeTotalDistanceM>244.0</bikeapp:BikeTotalDistanceM>
</Extensions>
</Trackpoint>
<Trackpoint>
<Time>2026-05-29T20:35:14.610Z</Time>
<DistanceMeters>203.6</DistanceMeters>
<HeartRateBpm><Value>94</Value></HeartRateBpm>
<Cadence>73</Cadence>
<Extensions>
<ns3:TPX>
<ns3:Speed>6.806</ns3:Speed>
<ns3:Watts>141</ns3:Watts>
</ns3:TPX>
<bikeapp:Resistance01>11</bikeapp:Resistance01>
<bikeapp:BikeTotalDistanceM>252.0</bikeapp:BikeTotalDistanceM>
</Extensions>
</Trackpoint>
<Trackpoint>
<Time>2026-05-29T20:35:16.110Z</Time>
<DistanceMeters>213.7</DistanceMeters>
<HeartRateBpm><Value>94</Value></HeartRateBpm>
<Cadence>70</Cadence>
<Extensions>
<ns3:TPX>
<ns3:Speed>6.718</ns3:Speed>
<ns3:Watts>132</ns3:Watts>
</ns3:TPX>
<bikeapp:Resistance01>11</bikeapp:Resistance01>
<bikeapp:BikeTotalDistanceM>266.0</bikeapp:BikeTotalDistanceM>
</Extensions>
</Trackpoint>
<Trackpoint>
<Time>2026-05-29T20:35:17.610Z</Time>
<DistanceMeters>223.7</DistanceMeters>
<HeartRateBpm><Value>97</Value></HeartRateBpm>
<Cadence>70</Cadence>
<Extensions>
<ns3:TPX>
<ns3:Speed>6.657</ns3:Speed>
<ns3:Watts>132</ns3:Watts>
</ns3:TPX>
<bikeapp:Resistance01>11</bikeapp:Resistance01>
<bikeapp:BikeTotalDistanceM>274.0</bikeapp:BikeTotalDistanceM>
</Extensions>
</Trackpoint>
<Trackpoint>
<Time>2026-05-29T20:35:19.110Z</Time>
<DistanceMeters>233.7</DistanceMeters>
<HeartRateBpm><Value>97</Value></HeartRateBpm>
<Cadence>70</Cadence>
<Extensions>
<ns3:TPX>
<ns3:Speed>6.647</ns3:Speed>
<ns3:Watts>132</ns3:Watts>
</ns3:TPX>
<bikeapp:Resistance01>11</bikeapp:Resistance01>
<bikeapp:BikeTotalDistanceM>288.0</bikeapp:BikeTotalDistanceM>
</Extensions>
</Trackpoint>
<Trackpoint>
<Time>2026-05-29T20:35:20.610Z</Time>
<DistanceMeters>243.6</DistanceMeters>
<HeartRateBpm><Value>99</Value></HeartRateBpm>
<Cadence>70</Cadence>
<Extensions>
<ns3:TPX>
<ns3:Speed>6.623</ns3:Speed>
<ns3:Watts>132</ns3:Watts>
</ns3:TPX>
<bikeapp:Resistance01>11</bikeapp:Resistance01>
<bikeapp:BikeTotalDistanceM>296.0</bikeapp:BikeTotalDistanceM>
</Extensions>
</Trackpoint>
<Trackpoint>
<Time>2026-05-29T20:35:22.109Z</Time>
<DistanceMeters>253.6</DistanceMeters>
<HeartRateBpm><Value>99</Value></HeartRateBpm>
<Cadence>72</Cadence>
<Extensions>
<ns3:TPX>
<ns3:Speed>6.657</ns3:Speed>
<ns3:Watts>138</ns3:Watts>
</ns3:TPX>
<bikeapp:Resistance01>11</bikeapp:Resistance01>
<bikeapp:BikeTotalDistanceM>310.0</bikeapp:BikeTotalDistanceM>
</Extensions>
</Trackpoint>
<Trackpoint>
<Time>2026-05-29T20:35:23.609Z</Time>
<DistanceMeters>263.6</DistanceMeters>
<HeartRateBpm><Value>99</Value></HeartRateBpm>
<Cadence>73</Cadence>
<Extensions>
<ns3:TPX>
<ns3:Speed>6.714</ns3:Speed>
<ns3:Watts>141</ns3:Watts>
</ns3:TPX>
<bikeapp:Resistance01>11</bikeapp:Resistance01>
<bikeapp:BikeTotalDistanceM>318.0</bikeapp:BikeTotalDistanceM>
</Extensions>
</Trackpoint>
<Trackpoint>
<Time>2026-05-29T20:35:25.110Z</Time>
<DistanceMeters>273.8</DistanceMeters>
<HeartRateBpm><Value>97</Value></HeartRateBpm>
<Cadence>72</Cadence>
<Extensions>
<ns3:TPX>
<ns3:Speed>6.754</ns3:Speed>
<ns3:Watts>138</ns3:Watts>
</ns3:TPX>
<bikeapp:Resistance01>11</bikeapp:Resistance01>
<bikeapp:BikeTotalDistanceM>333.0</bikeapp:BikeTotalDistanceM>
</Extensions>
</Trackpoint>
<Trackpoint>
<Time>2026-05-29T20:35:26.610Z</Time>
<DistanceMeters>283.9</DistanceMeters>
<HeartRateBpm><Value>95</Value></HeartRateBpm>
<Cadence>70</Cadence>
<Extensions>
<ns3:TPX>
<ns3:Speed>6.691</ns3:Speed>
<ns3:Watts>132</ns3:Watts>
</ns3:TPX>
<bikeapp:Resistance01>11</bikeapp:Resistance01>
<bikeapp:BikeTotalDistanceM>340.0</bikeapp:BikeTotalDistanceM>
</Extensions>
</Trackpoint>
<Trackpoint>
<Time>2026-05-29T20:35:28.109Z</Time>
<DistanceMeters>293.8</DistanceMeters>
<HeartRateBpm><Value>95</Value></HeartRateBpm>
<Cadence>69</Cadence>
<Extensions>
<ns3:TPX>
<ns3:Speed>6.626</ns3:Speed>
<ns3:Watts>128</ns3:Watts>
</ns3:TPX>
<bikeapp:Resistance01>11</bikeapp:Resistance01>
<bikeapp:BikeTotalDistanceM>355.0</bikeapp:BikeTotalDistanceM>
</Extensions>
</Trackpoint>
<Trackpoint>
<Time>2026-05-29T20:35:29.613Z</Time>
<DistanceMeters>303.7</DistanceMeters>
<HeartRateBpm><Value>97</Value></HeartRateBpm>
<Cadence>69</Cadence>
<Extensions>
<ns3:TPX>
<ns3:Speed>6.570</ns3:Speed>
<ns3:Watts>128</ns3:Watts>
</ns3:TPX>
<bikeapp:Resistance01>11</bikeapp:Resistance01>
<bikeapp:BikeTotalDistanceM>362.0</bikeapp:BikeTotalDistanceM>
</Extensions>
</Trackpoint>
<Trackpoint>
<Time>2026-05-29T20:35:31.124Z</Time>
<DistanceMeters>313.6</DistanceMeters>
<HeartRateBpm><Value>98</Value></HeartRateBpm>
<Cadence>67</Cadence>
<Extensions>
<ns3:TPX>
<ns3:Speed>6.495</ns3:Speed>
<ns3:Watts>122</ns3:Watts>
</ns3:TPX>
<bikeapp:Resistance01>11</bikeapp:Resistance01>
<bikeapp:BikeTotalDistanceM>376.0</bikeapp:BikeTotalDistanceM>
</Extensions>
</Trackpoint>
<Trackpoint>
<Time>2026-05-29T20:35:32.610Z</Time>
<DistanceMeters>323.2</DistanceMeters>
<HeartRateBpm><Value>102</Value></HeartRateBpm>
<Cadence>68</Cadence>
<Extensions>
<ns3:TPX>
<ns3:Speed>6.466</ns3:Speed>
<ns3:Watts>125</ns3:Watts>
</ns3:TPX>
<bikeapp:Resistance01>11</bikeapp:Resistance01>
<bikeapp:BikeTotalDistanceM>383.0</bikeapp:BikeTotalDistanceM>
</Extensions>
</Trackpoint>
<Trackpoint>
<Time>2026-05-29T20:35:34.110Z</Time>
<DistanceMeters>332.9</DistanceMeters>
<HeartRateBpm><Value>104</Value></HeartRateBpm>
<Cadence>67</Cadence>
<Extensions>
<ns3:TPX>
<ns3:Speed>6.465</ns3:Speed>
<ns3:Watts>122</ns3:Watts>
</ns3:TPX>
<bikeapp:Resistance01>11</bikeapp:Resistance01>
<bikeapp:BikeTotalDistanceM>397.0</bikeapp:BikeTotalDistanceM>
</Extensions>
</Trackpoint>
<Trackpoint>
<Time>2026-05-29T20:35:35.610Z</Time>
<DistanceMeters>342.6</DistanceMeters>
<HeartRateBpm><Value>107</Value></HeartRateBpm>
<Cadence>67</Cadence>
<Extensions>
<ns3:TPX>
<ns3:Speed>6.426</ns3:Speed>
<ns3:Watts>122</ns3:Watts>
</ns3:TPX>
<bikeapp:Resistance01>11</bikeapp:Resistance01>
<bikeapp:BikeTotalDistanceM>404.0</bikeapp:BikeTotalDistanceM>
</Extensions>
</Trackpoint>
<Trackpoint>
<Time>2026-05-29T20:35:37.123Z</Time>
<DistanceMeters>352.3</DistanceMeters>
<HeartRateBpm><Value>109</Value></HeartRateBpm>
<Cadence>67</Cadence>
<Extensions>
<ns3:TPX>
<ns3:Speed>6.427</ns3:Speed>
<ns3:Watts>122</ns3:Watts>
</ns3:TPX>
<bikeapp:Resistance01>11</bikeapp:Resistance01>
<bikeapp:BikeTotalDistanceM>418.0</bikeapp:BikeTotalDistanceM>
</Extensions>
</Trackpoint>
<Trackpoint>
<Time>2026-05-29T20:35:38.610Z</Time>
<DistanceMeters>361.8</DistanceMeters>
<HeartRateBpm><Value>109</Value></HeartRateBpm>
<Cadence>67</Cadence>
<Extensions>
<ns3:TPX>
<ns3:Speed>6.408</ns3:Speed>
<ns3:Watts>122</ns3:Watts>
</ns3:TPX>
<bikeapp:Resistance01>11</bikeapp:Resistance01>
<bikeapp:BikeTotalDistanceM>425.0</bikeapp:BikeTotalDistanceM>
</Extensions>
</Trackpoint>
<Trackpoint>
<Time>2026-05-29T20:35:40.111Z</Time>
<DistanceMeters>371.5</DistanceMeters>
<HeartRateBpm><Value>107</Value></HeartRateBpm>
<Cadence>67</Cadence>
<Extensions>
<ns3:TPX>
<ns3:Speed>6.418</ns3:Speed>
<ns3:Watts>122</ns3:Watts>
</ns3:TPX>
<bikeapp:Resistance01>11</bikeapp:Resistance01>
<bikeapp:BikeTotalDistanceM>439.0</bikeapp:BikeTotalDistanceM>
</Extensions>
</Trackpoint>
<Trackpoint>
<Time>2026-05-29T20:35:41.610Z</Time>
<DistanceMeters>381.1</DistanceMeters>
<HeartRateBpm><Value>104</Value></HeartRateBpm>
<Cadence>66</Cadence>
<Extensions>
<ns3:TPX>
<ns3:Speed>6.379</ns3:Speed>
<ns3:Watts>119</ns3:Watts>
</ns3:TPX>
<bikeapp:Resistance01>11</bikeapp:Resistance01>
<bikeapp:BikeTotalDistanceM>446.0</bikeapp:BikeTotalDistanceM>
</Extensions>
</Trackpoint>
<Trackpoint>
<Time>2026-05-29T20:35:43.110Z</Time>
<DistanceMeters>390.6</DistanceMeters>
<HeartRateBpm><Value>104</Value></HeartRateBpm>
<Cadence>70</Cadence>
<Extensions>
<ns3:TPX>
<ns3:Speed>6.412</ns3:Speed>
<ns3:Watts>132</ns3:Watts>
</ns3:TPX>
<bikeapp:Resistance01>11</bikeapp:Resistance01>
<bikeapp:BikeTotalDistanceM>460.0</bikeapp:BikeTotalDistanceM>
</Extensions>
</Trackpoint>
<Trackpoint>
<Time>2026-05-29T20:35:44.611Z</Time>
<DistanceMeters>400.4</DistanceMeters>
<HeartRateBpm><Value>103</Value></HeartRateBpm>
<Cadence>72</Cadence>
<Extensions>
<ns3:TPX>
<ns3:Speed>6.558</ns3:Speed>
<ns3:Watts>138</ns3:Watts>
</ns3:TPX>
<bikeapp:Resistance01>11</bikeapp:Resistance01>
<bikeapp:BikeTotalDistanceM>467.0</bikeapp:BikeTotalDistanceM>
</Extensions>
</Trackpoint>
<Trackpoint>
<Time>2026-05-29T20:35:46.110Z</Time>
<DistanceMeters>410.4</DistanceMeters>
<HeartRateBpm><Value>104</Value></HeartRateBpm>
<Cadence>74</Cadence>
<Extensions>
<ns3:TPX>
<ns3:Speed>6.687</ns3:Speed>
<ns3:Watts>144</ns3:Watts>
</ns3:TPX>
<bikeapp:Resistance01>11</bikeapp:Resistance01>
<bikeapp:BikeTotalDistanceM>482.0</bikeapp:BikeTotalDistanceM>
</Extensions>
</Trackpoint>
<Trackpoint>
<Time>2026-05-29T20:35:47.610Z</Time>
<DistanceMeters>420.5</DistanceMeters>
<HeartRateBpm><Value>107</Value></HeartRateBpm>
<Cadence>74</Cadence>
<Extensions>
<ns3:TPX>
<ns3:Speed>6.767</ns3:Speed>
<ns3:Watts>144</ns3:Watts>
</ns3:TPX>
<bikeapp:Resistance01>11</bikeapp:Resistance01>
<bikeapp:BikeTotalDistanceM>490.0</bikeapp:BikeTotalDistanceM>
</Extensions>
</Trackpoint>
<Trackpoint>
<Time>2026-05-29T20:35:49.110Z</Time>
<DistanceMeters>430.7</DistanceMeters>
<HeartRateBpm><Value>108</Value></HeartRateBpm>
<Cadence>75</Cadence>
<Extensions>
<ns3:TPX>
<ns3:Speed>6.835</ns3:Speed>
<ns3:Watts>147</ns3:Watts>
</ns3:TPX>
<bikeapp:Resistance01>11</bikeapp:Resistance01>
<bikeapp:BikeTotalDistanceM>506.0</bikeapp:BikeTotalDistanceM>
</Extensions>
</Trackpoint>
<Trackpoint>
<Time>2026-05-29T20:35:50.611Z</Time>
<DistanceMeters>441.0</DistanceMeters>
<HeartRateBpm><Value>110</Value></HeartRateBpm>
<Cadence>75</Cadence>
<Extensions>
<ns3:TPX>
<ns3:Speed>6.868</ns3:Speed>
<ns3:Watts>147</ns3:Watts>
</ns3:TPX>
<bikeapp:Resistance01>11</bikeapp:Resistance01>
<bikeapp:BikeTotalDistanceM>513.0</bikeapp:BikeTotalDistanceM>
</Extensions>
</Trackpoint>
<Trackpoint>
<Time>2026-05-29T20:35:52.110Z</Time>
<DistanceMeters>451.4</DistanceMeters>
<HeartRateBpm><Value>111</Value></HeartRateBpm>
<Cadence>77</Cadence>
<Extensions>
<ns3:TPX>
<ns3:Speed>6.925</ns3:Speed>
<ns3:Watts>153</ns3:Watts>
</ns3:TPX>
<bikeapp:Resistance01>11</bikeapp:Resistance01>
<bikeapp:BikeTotalDistanceM>529.0</bikeapp:BikeTotalDistanceM>
</Extensions>
</Trackpoint>
<Trackpoint>
<Time>2026-05-29T20:35:53.610Z</Time>
<DistanceMeters>461.8</DistanceMeters>
<HeartRateBpm><Value>111</Value></HeartRateBpm>
<Cadence>76</Cadence>
<Extensions>
<ns3:TPX>
<ns3:Speed>6.947</ns3:Speed>
<ns3:Watts>150</ns3:Watts>
</ns3:TPX>
<bikeapp:Resistance01>11</bikeapp:Resistance01>
<bikeapp:BikeTotalDistanceM>537.0</bikeapp:BikeTotalDistanceM>
</Extensions>
</Trackpoint>
<Trackpoint>
<Time>2026-05-29T20:35:55.110Z</Time>
<DistanceMeters>472.2</DistanceMeters>
<HeartRateBpm><Value>111</Value></HeartRateBpm>
<Cadence>74</Cadence>
<Extensions>
<ns3:TPX>
<ns3:Speed>6.909</ns3:Speed>
<ns3:Watts>144</ns3:Watts>
</ns3:TPX>
<bikeapp:Resistance01>11</bikeapp:Resistance01>
<bikeapp:BikeTotalDistanceM>552.0</bikeapp:BikeTotalDistanceM>
</Extensions>
</Trackpoint>
<Trackpoint>
<Time>2026-05-29T20:35:56.610Z</Time>
<DistanceMeters>482.5</DistanceMeters>
<HeartRateBpm><Value>110</Value></HeartRateBpm>
<Cadence>73</Cadence>
<Extensions>
<ns3:TPX>
<ns3:Speed>6.850</ns3:Speed>
<ns3:Watts>141</ns3:Watts>
</ns3:TPX>
<bikeapp:Resistance01>11</bikeapp:Resistance01>
<bikeapp:BikeTotalDistanceM>560.0</bikeapp:BikeTotalDistanceM>
</Extensions>
</Trackpoint>
<Trackpoint>
<Time>2026-05-29T20:35:58.110Z</Time>
<DistanceMeters>492.8</DistanceMeters>
<HeartRateBpm><Value>110</Value></HeartRateBpm>
<Cadence>78</Cadence>
<Extensions>
<ns3:TPX>
<ns3:Speed>6.895</ns3:Speed>
<ns3:Watts>156</ns3:Watts>
</ns3:TPX>
<bikeapp:Resistance01>11</bikeapp:Resistance01>
<bikeapp:BikeTotalDistanceM>576.0</bikeapp:BikeTotalDistanceM>
</Extensions>
</Trackpoint>
<Trackpoint>
<Time>2026-05-29T20:35:59.610Z</Time>
<DistanceMeters>503.2</DistanceMeters>
<HeartRateBpm><Value>110</Value></HeartRateBpm>
<Cadence>80</Cadence>
<Extensions>
<ns3:TPX>
<ns3:Speed>7.032</ns3:Speed>
<ns3:Watts>163</ns3:Watts>
</ns3:TPX>
<bikeapp:Resistance01>11</bikeapp:Resistance01>
<bikeapp:BikeTotalDistanceM>584.0</bikeapp:BikeTotalDistanceM>
</Extensions>
</Trackpoint>
<Trackpoint>
<Time>2026-05-29T20:36:01.110Z</Time>
<DistanceMeters>513.7</DistanceMeters>
<HeartRateBpm><Value>112</Value></HeartRateBpm>
<Cadence>76</Cadence>
<Extensions>
<ns3:TPX>
<ns3:Speed>6.991</ns3:Speed>
<ns3:Watts>150</ns3:Watts>
</ns3:TPX>
<bikeapp:Resistance01>11</bikeapp:Resistance01>
<bikeapp:BikeTotalDistanceM>600.0</bikeapp:BikeTotalDistanceM>
</Extensions>
</Trackpoint>
<Trackpoint>
<Time>2026-05-29T20:36:02.610Z</Time>
<DistanceMeters>524.2</DistanceMeters>
<HeartRateBpm><Value>113</Value></HeartRateBpm>
<Cadence>76</Cadence>
<Extensions>
<ns3:TPX>
<ns3:Speed>6.972</ns3:Speed>
<ns3:Watts>150</ns3:Watts>
</ns3:TPX>
<bikeapp:Resistance01>11</bikeapp:Resistance01>
<bikeapp:BikeTotalDistanceM>608.0</bikeapp:BikeTotalDistanceM>
</Extensions>
</Trackpoint>
<Trackpoint>
<Time>2026-05-29T20:36:04.110Z</Time>
<DistanceMeters>534.8</DistanceMeters>
<HeartRateBpm><Value>114</Value></HeartRateBpm>
<Cadence>82</Cadence>
<Extensions>
<ns3:TPX>
<ns3:Speed>7.091</ns3:Speed>
<ns3:Watts>170</ns3:Watts>
</ns3:TPX>
<bikeapp:Resistance01>11</bikeapp:Resistance01>
<bikeapp:BikeTotalDistanceM>624.0</bikeapp:BikeTotalDistanceM>
</Extensions>
</Trackpoint>
<Trackpoint>
<Time>2026-05-29T20:36:05.610Z</Time>
<DistanceMeters>545.5</DistanceMeters>
<HeartRateBpm><Value>114</Value></HeartRateBpm>
<Cadence>81</Cadence>
<Extensions>
<ns3:TPX>
<ns3:Speed>7.179</ns3:Speed>
<ns3:Watts>166</ns3:Watts>
</ns3:TPX>
<bikeapp:Resistance01>11</bikeapp:Resistance01>
<bikeapp:BikeTotalDistanceM>633.0</bikeapp:BikeTotalDistanceM>
</Extensions>
</Trackpoint>
<Trackpoint>
<Time>2026-05-29T20:36:07.111Z</Time>
<DistanceMeters>556.3</DistanceMeters>
<HeartRateBpm><Value>113</Value></HeartRateBpm>
<Cadence>80</Cadence>
<Extensions>
<ns3:TPX>
<ns3:Speed>7.185</ns3:Speed>
<ns3:Watts>163</ns3:Watts>
</ns3:TPX>
<bikeapp:Resistance01>11</bikeapp:Resistance01>
<bikeapp:BikeTotalDistanceM>649.0</bikeapp:BikeTotalDistanceM>
</Extensions>
</Trackpoint>
<Trackpoint>
<Time>2026-05-29T20:36:08.613Z</Time>
<DistanceMeters>567.1</DistanceMeters>
<HeartRateBpm><Value>111</Value></HeartRateBpm>
<Cadence>79</Cadence>
<Extensions>
<ns3:TPX>
<ns3:Speed>7.160</ns3:Speed>
<ns3:Watts>159</ns3:Watts>
</ns3:TPX>
<bikeapp:Resistance01>11</bikeapp:Resistance01>
<bikeapp:BikeTotalDistanceM>657.0</bikeapp:BikeTotalDistanceM>
</Extensions>
</Trackpoint>
<Trackpoint>
<Time>2026-05-29T20:36:10.110Z</Time>
<DistanceMeters>577.6</DistanceMeters>
<HeartRateBpm><Value>109</Value></HeartRateBpm>
<Cadence>74</Cadence>
<Extensions>
<ns3:TPX>
<ns3:Speed>6.994</ns3:Speed>
<ns3:Watts>144</ns3:Watts>
</ns3:TPX>
<bikeapp:Resistance01>11</bikeapp:Resistance01>
<bikeapp:BikeTotalDistanceM>673.0</bikeapp:BikeTotalDistanceM>
</Extensions>
</Trackpoint>
<Trackpoint>
<Time>2026-05-29T20:36:11.610Z</Time>
<DistanceMeters>588.0</DistanceMeters>
<HeartRateBpm><Value>108</Value></HeartRateBpm>
<Cadence>75</Cadence>
<Extensions>
<ns3:TPX>
<ns3:Speed>6.936</ns3:Speed>
<ns3:Watts>147</ns3:Watts>
</ns3:TPX>
<bikeapp:Resistance01>11</bikeapp:Resistance01>
<bikeapp:BikeTotalDistanceM>681.0</bikeapp:BikeTotalDistanceM>
</Extensions>
</Trackpoint>
<Trackpoint>
<Time>2026-05-29T20:36:13.110Z</Time>
<DistanceMeters>598.4</DistanceMeters>
<HeartRateBpm><Value>108</Value></HeartRateBpm>
<Cadence>76</Cadence>
<Extensions>
<ns3:TPX>
<ns3:Speed>6.945</ns3:Speed>
<ns3:Watts>150</ns3:Watts>
</ns3:TPX>
<bikeapp:Resistance01>11</bikeapp:Resistance01>
<bikeapp:BikeTotalDistanceM>696.0</bikeapp:BikeTotalDistanceM>
</Extensions>
</Trackpoint>
<Trackpoint>
<Time>2026-05-29T20:36:14.610Z</Time>
<DistanceMeters>608.9</DistanceMeters>
<HeartRateBpm><Value>108</Value></HeartRateBpm>
<Cadence>76</Cadence>
<Extensions>
<ns3:TPX>
<ns3:Speed>6.950</ns3:Speed>
<ns3:Watts>150</ns3:Watts>
</ns3:TPX>
<bikeapp:Resistance01>11</bikeapp:Resistance01>
<bikeapp:BikeTotalDistanceM>704.0</bikeapp:BikeTotalDistanceM>
</Extensions>
</Trackpoint>
<Trackpoint>
<Time>2026-05-29T20:36:16.111Z</Time>
<DistanceMeters>619.3</DistanceMeters>
<HeartRateBpm><Value>109</Value></HeartRateBpm>
<Cadence>76</Cadence>
<Extensions>
<ns3:TPX>
<ns3:Speed>6.952</ns3:Speed>
<ns3:Watts>150</ns3:Watts>
</ns3:TPX>
<bikeapp:Resistance01>11</bikeapp:Resistance01>
<bikeapp:BikeTotalDistanceM>720.0</bikeapp:BikeTotalDistanceM>
</Extensions>
</Trackpoint>
<Trackpoint>
<Time>2026-05-29T20:36:17.610Z</Time>
<DistanceMeters>629.7</DistanceMeters>
<HeartRateBpm><Value>111</Value></HeartRateBpm>
<Cadence>77</Cadence>
<Extensions>
<ns3:TPX>
<ns3:Speed>6.975</ns3:Speed>
<ns3:Watts>153</ns3:Watts>
</ns3:TPX>
<bikeapp:Resistance01>11</bikeapp:Resistance01>
<bikeapp:BikeTotalDistanceM>728.0</bikeapp:BikeTotalDistanceM>
</Extensions>
</Trackpoint>
<Trackpoint>
<Time>2026-05-29T20:36:19.098Z</Time>
<DistanceMeters>640.1</DistanceMeters>
<HeartRateBpm><Value>111</Value></HeartRateBpm>
<Cadence>77</Cadence>
<Extensions>
<ns3:TPX>
<ns3:Speed>6.993</ns3:Speed>
<ns3:Watts>153</ns3:Watts>
</ns3:TPX>
<bikeapp:Resistance01>11</bikeapp:Resistance01>
<bikeapp:BikeTotalDistanceM>744.0</bikeapp:BikeTotalDistanceM>
</Extensions>
</Trackpoint>
<Trackpoint>
<Time>2026-05-29T20:36:20.098Z</Time>
<DistanceMeters>647.1</DistanceMeters>
<HeartRateBpm><Value>111</Value></HeartRateBpm>
<Cadence>76</Cadence>
<Extensions>
<ns3:TPX>
<ns3:Speed>6.987</ns3:Speed>
<ns3:Watts>150</ns3:Watts>
</ns3:TPX>
<bikeapp:Resistance01>11</bikeapp:Resistance01>
<bikeapp:BikeTotalDistanceM>752.0</bikeapp:BikeTotalDistanceM>
</Extensions>
</Trackpoint>
<Trackpoint>
<Time>2026-05-29T20:36:21.598Z</Time>
<DistanceMeters>657.5</DistanceMeters>
<HeartRateBpm><Value>108</Value></HeartRateBpm>
<Cadence>74</Cadence>
<Extensions>
<ns3:TPX>
<ns3:Speed>6.926</ns3:Speed>
<ns3:Watts>144</ns3:Watts>
</ns3:TPX>
<bikeapp:Resistance01>11</bikeapp:Resistance01>
<bikeapp:BikeTotalDistanceM>759.0</bikeapp:BikeTotalDistanceM>
</Extensions>
</Trackpoint>
<Trackpoint>
<Time>2026-05-29T20:36:22.599Z</Time>
<DistanceMeters>664.4</DistanceMeters>
<HeartRateBpm><Value>107</Value></HeartRateBpm>
<Cadence>73</Cadence>
<Extensions>
<ns3:TPX>
<ns3:Speed>6.870</ns3:Speed>
<ns3:Watts>141</ns3:Watts>
</ns3:TPX>
<bikeapp:Resistance01>11</bikeapp:Resistance01>
<bikeapp:BikeTotalDistanceM>767.0</bikeapp:BikeTotalDistanceM>
</Extensions>
</Trackpoint>
<Trackpoint>
<Time>2026-05-29T20:36:24.099Z</Time>
<DistanceMeters>674.7</DistanceMeters>
<HeartRateBpm><Value>106</Value></HeartRateBpm>
<Cadence>75</Cadence>
<Extensions>
<ns3:TPX>
<ns3:Speed>6.849</ns3:Speed>
<ns3:Watts>147</ns3:Watts>
</ns3:TPX>
<bikeapp:Resistance01>11</bikeapp:Resistance01>
<bikeapp:BikeTotalDistanceM>782.0</bikeapp:BikeTotalDistanceM>
</Extensions>
</Trackpoint>
<Trackpoint>
<Time>2026-05-29T20:36:25.102Z</Time>
<DistanceMeters>681.6</DistanceMeters>
<HeartRateBpm><Value>106</Value></HeartRateBpm>
<Cadence>75</Cadence>
<Extensions>
<ns3:TPX>
<ns3:Speed>6.912</ns3:Speed>
<ns3:Watts>158</ns3:Watts>
</ns3:TPX>
<bikeapp:Resistance01>12</bikeapp:Resistance01>
<bikeapp:BikeTotalDistanceM>790.0</bikeapp:BikeTotalDistanceM>
</Extensions>
</Trackpoint>
<Trackpoint>
<Time>2026-05-29T20:36:26.598Z</Time>
<DistanceMeters>692.1</DistanceMeters>
<HeartRateBpm><Value>107</Value></HeartRateBpm>
<Cadence>75</Cadence>
<Extensions>
<ns3:TPX>
<ns3:Speed>7.010</ns3:Speed>
<ns3:Watts>158</ns3:Watts>
</ns3:TPX>
<bikeapp:Resistance01>12</bikeapp:Resistance01>
<bikeapp:BikeTotalDistanceM>798.0</bikeapp:BikeTotalDistanceM>
</Extensions>
</Trackpoint>
<Trackpoint>
<Time>2026-05-29T20:36:27.624Z</Time>
<DistanceMeters>699.3</DistanceMeters>
<HeartRateBpm><Value>109</Value></HeartRateBpm>
<Cadence>75</Cadence>
<Extensions>
<ns3:TPX>
<ns3:Speed>7.046</ns3:Speed>
<ns3:Watts>158</ns3:Watts>
</ns3:TPX>
<bikeapp:Resistance01>13</bikeapp:Resistance01>
<bikeapp:BikeTotalDistanceM>806.0</bikeapp:BikeTotalDistanceM>
</Extensions>
</Trackpoint>
<Trackpoint>
<Time>2026-05-29T20:36:29.124Z</Time>
<DistanceMeters>710.0</DistanceMeters>
<HeartRateBpm><Value>110</Value></HeartRateBpm>
<Cadence>73</Cadence>
<Extensions>
<ns3:TPX>
<ns3:Speed>7.144</ns3:Speed>
<ns3:Watts>160</ns3:Watts>
</ns3:TPX>
<bikeapp:Resistance01>13</bikeapp:Resistance01>
<bikeapp:BikeTotalDistanceM>821.0</bikeapp:BikeTotalDistanceM>
</Extensions>
</Trackpoint>
<Trackpoint>
<Time>2026-05-29T20:36:30.598Z</Time>
<DistanceMeters>720.5</DistanceMeters>
<HeartRateBpm><Value>112</Value></HeartRateBpm>
<Cadence>73</Cadence>
<Extensions>
<ns3:TPX>
<ns3:Speed>7.140</ns3:Speed>
<ns3:Watts>160</ns3:Watts>
</ns3:TPX>
<bikeapp:Resistance01>13</bikeapp:Resistance01>
<bikeapp:BikeTotalDistanceM>829.0</bikeapp:BikeTotalDistanceM>
</Extensions>
</Trackpoint>
<Trackpoint>
<Time>2026-05-29T20:36:32.110Z</Time>
<DistanceMeters>731.3</DistanceMeters>
<HeartRateBpm><Value>112</Value></HeartRateBpm>
<Cadence>74</Cadence>
<Extensions>
<ns3:TPX>
<ns3:Speed>7.150</ns3:Speed>
<ns3:Watts>163</ns3:Watts>
</ns3:TPX>
<bikeapp:Resistance01>13</bikeapp:Resistance01>
<bikeapp:BikeTotalDistanceM>844.0</bikeapp:BikeTotalDistanceM>
</Extensions>
</Trackpoint>
<Trackpoint>
<Time>2026-05-29T20:36:33.111Z</Time>
<DistanceMeters>738.5</DistanceMeters>
<HeartRateBpm><Value>112</Value></HeartRateBpm>
<Cadence>77</Cadence>
<Extensions>
<ns3:TPX>
<ns3:Speed>7.202</ns3:Speed>
<ns3:Watts>173</ns3:Watts>
</ns3:TPX>
<bikeapp:Resistance01>13</bikeapp:Resistance01>
<bikeapp:BikeTotalDistanceM>852.0</bikeapp:BikeTotalDistanceM>
</Extensions>
</Trackpoint>
<Trackpoint>
<Time>2026-05-29T20:36:34.123Z</Time>
<DistanceMeters>745.8</DistanceMeters>
<HeartRateBpm><Value>111</Value></HeartRateBpm>
<Cadence>77</Cadence>
<Extensions>
<ns3:TPX>
<ns3:Speed>7.265</ns3:Speed>
<ns3:Watts>173</ns3:Watts>
</ns3:TPX>
<bikeapp:Resistance01>13</bikeapp:Resistance01>
<bikeapp:BikeTotalDistanceM>860.0</bikeapp:BikeTotalDistanceM>
</Extensions>
</Trackpoint>
<Trackpoint>
<Time>2026-05-29T20:36:35.623Z</Time>
<DistanceMeters>756.8</DistanceMeters>
<HeartRateBpm><Value>109</Value></HeartRateBpm>
<Cadence>76</Cadence>
<Extensions>
<ns3:TPX>
<ns3:Speed>7.296</ns3:Speed>
<ns3:Watts>170</ns3:Watts>
</ns3:TPX>
<bikeapp:Resistance01>13</bikeapp:Resistance01>
<bikeapp:BikeTotalDistanceM>868.0</bikeapp:BikeTotalDistanceM>
</Extensions>
</Trackpoint>
<Trackpoint>
<Time>2026-05-29T20:36:37.111Z</Time>
<DistanceMeters>767.6</DistanceMeters>
<HeartRateBpm><Value>107</Value></HeartRateBpm>
<Cadence>74</Cadence>
<Extensions>
<ns3:TPX>
<ns3:Speed>7.277</ns3:Speed>
<ns3:Watts>163</ns3:Watts>
</ns3:TPX>
<bikeapp:Resistance01>13</bikeapp:Resistance01>
<bikeapp:BikeTotalDistanceM>883.0</bikeapp:BikeTotalDistanceM>
</Extensions>
</Trackpoint>
<Trackpoint>
<Time>2026-05-29T20:36:38.610Z</Time>
<DistanceMeters>778.5</DistanceMeters>
<HeartRateBpm><Value>106</Value></HeartRateBpm>
<Cadence>76</Cadence>
<Extensions>
<ns3:TPX>
<ns3:Speed>7.279</ns3:Speed>
<ns3:Watts>170</ns3:Watts>
</ns3:TPX>
<bikeapp:Resistance01>13</bikeapp:Resistance01>
<bikeapp:BikeTotalDistanceM>891.0</bikeapp:BikeTotalDistanceM>
</Extensions>
</Trackpoint>
<Trackpoint>
<Time>2026-05-29T20:36:39.611Z</Time>
<DistanceMeters>785.9</DistanceMeters>
<HeartRateBpm><Value>106</Value></HeartRateBpm>
<Cadence>80</Cadence>
<Extensions>
<ns3:TPX>
<ns3:Speed>7.381</ns3:Speed>
<ns3:Watts>184</ns3:Watts>
</ns3:TPX>
<bikeapp:Resistance01>13</bikeapp:Resistance01>
<bikeapp:BikeTotalDistanceM>899.0</bikeapp:BikeTotalDistanceM>
</Extensions>
</Trackpoint>
<Trackpoint>
<Time>2026-05-29T20:36:40.611Z</Time>
<DistanceMeters>793.3</DistanceMeters>
<HeartRateBpm><Value>108</Value></HeartRateBpm>
<Cadence>78</Cadence>
<Extensions>
<ns3:TPX>
<ns3:Speed>7.400</ns3:Speed>
<ns3:Watts>177</ns3:Watts>
</ns3:TPX>
<bikeapp:Resistance01>13</bikeapp:Resistance01>
<bikeapp:BikeTotalDistanceM>907.0</bikeapp:BikeTotalDistanceM>
</Extensions>
</Trackpoint>
<Trackpoint>
<Time>2026-05-29T20:36:41.612Z</Time>
<DistanceMeters>800.6</DistanceMeters>
<HeartRateBpm><Value>109</Value></HeartRateBpm>
<Cadence>75</Cadence>
<Extensions>
<ns3:TPX>
<ns3:Speed>7.345</ns3:Speed>
<ns3:Watts>167</ns3:Watts>
</ns3:TPX>
<bikeapp:Resistance01>13</bikeapp:Resistance01>
<bikeapp:BikeTotalDistanceM>915.0</bikeapp:BikeTotalDistanceM>
</Extensions>
</Trackpoint>
<Trackpoint>
<Time>2026-05-29T20:36:43.110Z</Time>
<DistanceMeters>811.6</DistanceMeters>
<HeartRateBpm><Value>109</Value></HeartRateBpm>
<Cadence>76</Cadence>
<Extensions>
<ns3:TPX>
<ns3:Speed>7.312</ns3:Speed>
<ns3:Watts>170</ns3:Watts>
</ns3:TPX>
<bikeapp:Resistance01>13</bikeapp:Resistance01>
<bikeapp:BikeTotalDistanceM>931.0</bikeapp:BikeTotalDistanceM>
</Extensions>
</Trackpoint>
<Trackpoint>
<Time>2026-05-29T20:36:44.113Z</Time>
<DistanceMeters>818.9</DistanceMeters>
<HeartRateBpm><Value>111</Value></HeartRateBpm>
<Cadence>75</Cadence>
<Extensions>
<ns3:TPX>
<ns3:Speed>7.300</ns3:Speed>
<ns3:Watts>167</ns3:Watts>
</ns3:TPX>
<bikeapp:Resistance01>13</bikeapp:Resistance01>
<bikeapp:BikeTotalDistanceM>938.0</bikeapp:BikeTotalDistanceM>
</Extensions>
</Trackpoint>
<Trackpoint>
<Time>2026-05-29T20:36:45.623Z</Time>
<DistanceMeters>829.9</DistanceMeters>
<HeartRateBpm><Value>113</Value></HeartRateBpm>
<Cadence>76</Cadence>
<Extensions>
<ns3:TPX>
<ns3:Speed>7.299</ns3:Speed>
<ns3:Watts>170</ns3:Watts>
</ns3:TPX>
<bikeapp:Resistance01>13</bikeapp:Resistance01>
<bikeapp:BikeTotalDistanceM>946.0</bikeapp:BikeTotalDistanceM>
</Extensions>
</Trackpoint>
<Trackpoint>
<Time>2026-05-29T20:36:47.111Z</Time>
<DistanceMeters>840.8</DistanceMeters>
<HeartRateBpm><Value>113</Value></HeartRateBpm>
<Cadence>76</Cadence>
<Extensions>
<ns3:TPX>
<ns3:Speed>7.305</ns3:Speed>
<ns3:Watts>170</ns3:Watts>
</ns3:TPX>
<bikeapp:Resistance01>13</bikeapp:Resistance01>
<bikeapp:BikeTotalDistanceM>962.0</bikeapp:BikeTotalDistanceM>
</Extensions>
</Trackpoint>
<Trackpoint>
<Time>2026-05-29T20:36:48.611Z</Time>
<DistanceMeters>851.8</DistanceMeters>
<HeartRateBpm><Value>111</Value></HeartRateBpm>
<Cadence>77</Cadence>
<Extensions>
<ns3:TPX>
<ns3:Speed>7.328</ns3:Speed>
<ns3:Watts>173</ns3:Watts>
</ns3:TPX>
<bikeapp:Resistance01>13</bikeapp:Resistance01>
<bikeapp:BikeTotalDistanceM>970.0</bikeapp:BikeTotalDistanceM>
</Extensions>
</Trackpoint>
<Trackpoint>
<Time>2026-05-29T20:36:49.611Z</Time>
<DistanceMeters>859.1</DistanceMeters>
<HeartRateBpm><Value>109</Value></HeartRateBpm>
<Cadence>76</Cadence>
<Extensions>
<ns3:TPX>
<ns3:Speed>7.322</ns3:Speed>
<ns3:Watts>170</ns3:Watts>
</ns3:TPX>
<bikeapp:Resistance01>13</bikeapp:Resistance01>
<bikeapp:BikeTotalDistanceM>978.0</bikeapp:BikeTotalDistanceM>
</Extensions>
</Trackpoint>
<Trackpoint>
<Time>2026-05-29T20:36:51.123Z</Time>
<DistanceMeters>870.2</DistanceMeters>
<HeartRateBpm><Value>108</Value></HeartRateBpm>
<Cadence>79</Cadence>
<Extensions>
<ns3:TPX>
<ns3:Speed>7.353</ns3:Speed>
<ns3:Watts>180</ns3:Watts>
</ns3:TPX>
<bikeapp:Resistance01>13</bikeapp:Resistance01>
<bikeapp:BikeTotalDistanceM>994.0</bikeapp:BikeTotalDistanceM>
</Extensions>
</Trackpoint>
<Trackpoint>
<Time>2026-05-29T20:36:52.612Z</Time>
<DistanceMeters>881.2</DistanceMeters>
<HeartRateBpm><Value>109</Value></HeartRateBpm>
<Cadence>77</Cadence>
<Extensions>
<ns3:TPX>
<ns3:Speed>7.373</ns3:Speed>
<ns3:Watts>173</ns3:Watts>
</ns3:TPX>
<bikeapp:Resistance01>13</bikeapp:Resistance01>
<bikeapp:BikeTotalDistanceM>1002.0</bikeapp:BikeTotalDistanceM>
</Extensions>
</Trackpoint>
<Trackpoint>
<Time>2026-05-29T20:36:54.111Z</Time>
<DistanceMeters>892.3</DistanceMeters>
<HeartRateBpm><Value>109</Value></HeartRateBpm>
<Cadence>81</Cadence>
<Extensions>
<ns3:TPX>
<ns3:Speed>7.441</ns3:Speed>
<ns3:Watts>188</ns3:Watts>
</ns3:TPX>
<bikeapp:Resistance01>13</bikeapp:Resistance01>
<bikeapp:BikeTotalDistanceM>1018.0</bikeapp:BikeTotalDistanceM>
</Extensions>
</Trackpoint>
<Trackpoint>
<Time>2026-05-29T20:36:55.611Z</Time>
<DistanceMeters>903.5</DistanceMeters>
<HeartRateBpm><Value>112</Value></HeartRateBpm>
<Cadence>79</Cadence>
<Extensions>
<ns3:TPX>
<ns3:Speed>7.478</ns3:Speed>
<ns3:Watts>180</ns3:Watts>
</ns3:TPX>
<bikeapp:Resistance01>13</bikeapp:Resistance01>
<bikeapp:BikeTotalDistanceM>1027.0</bikeapp:BikeTotalDistanceM>
</Extensions>
</Trackpoint>
<Trackpoint>
<Time>2026-05-29T20:36:56.611Z</Time>
<DistanceMeters>911.0</DistanceMeters>
<HeartRateBpm><Value>113</Value></HeartRateBpm>
<Cadence>79</Cadence>
<Extensions>
<ns3:TPX>
<ns3:Speed>7.478</ns3:Speed>
<ns3:Watts>180</ns3:Watts>
</ns3:TPX>
<bikeapp:Resistance01>13</bikeapp:Resistance01>
<bikeapp:BikeTotalDistanceM>1035.0</bikeapp:BikeTotalDistanceM>
</Extensions>
</Trackpoint>
<Trackpoint>
<Time>2026-05-29T20:36:58.111Z</Time>
<DistanceMeters>922.2</DistanceMeters>
<HeartRateBpm><Value>114</Value></HeartRateBpm>
<Cadence>78</Cadence>
<Extensions>
<ns3:TPX>
<ns3:Speed>7.468</ns3:Speed>
<ns3:Watts>177</ns3:Watts>
</ns3:TPX>
<bikeapp:Resistance01>13</bikeapp:Resistance01>
<bikeapp:BikeTotalDistanceM>1051.0</bikeapp:BikeTotalDistanceM>
</Extensions>
</Trackpoint>
<Trackpoint>
<Time>2026-05-29T20:36:59.611Z</Time>
<DistanceMeters>933.4</DistanceMeters>
<HeartRateBpm><Value>114</Value></HeartRateBpm>
<Cadence>78</Cadence>
<Extensions>
<ns3:TPX>
<ns3:Speed>7.447</ns3:Speed>
<ns3:Watts>177</ns3:Watts>
</ns3:TPX>
<bikeapp:Resistance01>13</bikeapp:Resistance01>
<bikeapp:BikeTotalDistanceM>1059.0</bikeapp:BikeTotalDistanceM>
</Extensions>
</Trackpoint>
<Trackpoint>
<Time>2026-05-29T20:37:01.111Z</Time>
<DistanceMeters>944.5</DistanceMeters>
<HeartRateBpm><Value>114</Value></HeartRateBpm>
<Cadence>75</Cadence>
<Extensions>
<ns3:TPX>
<ns3:Speed>7.365</ns3:Speed>
<ns3:Watts>167</ns3:Watts>
</ns3:TPX>
<bikeapp:Resistance01>13</bikeapp:Resistance01>
<bikeapp:BikeTotalDistanceM>1075.0</bikeapp:BikeTotalDistanceM>
</Extensions>
</Trackpoint>
<Trackpoint>
<Time>2026-05-29T20:37:02.111Z</Time>
<DistanceMeters>951.8</DistanceMeters>
<HeartRateBpm><Value>115</Value></HeartRateBpm>
<Cadence>75</Cadence>
<Extensions>
<ns3:TPX>
<ns3:Speed>7.324</ns3:Speed>
<ns3:Watts>167</ns3:Watts>
</ns3:TPX>
<bikeapp:Resistance01>13</bikeapp:Resistance01>
<bikeapp:BikeTotalDistanceM>1083.0</bikeapp:BikeTotalDistanceM>
</Extensions>
</Trackpoint>
<Trackpoint>
<Time>2026-05-29T20:37:03.611Z</Time>
<DistanceMeters>962.8</DistanceMeters>
<HeartRateBpm><Value>115</Value></HeartRateBpm>
<Cadence>73</Cadence>
<Extensions>
<ns3:TPX>
<ns3:Speed>7.311</ns3:Speed>
<ns3:Watts>170</ns3:Watts>
</ns3:TPX>
<bikeapp:Resistance01>14</bikeapp:Resistance01>
<bikeapp:BikeTotalDistanceM>1090.0</bikeapp:BikeTotalDistanceM>
</Extensions>
</Trackpoint>
<Trackpoint>
<Time>2026-05-29T20:37:04.611Z</Time>
<DistanceMeters>970.1</DistanceMeters>
<HeartRateBpm><Value>115</Value></HeartRateBpm>
<Cadence>76</Cadence>
<Extensions>
<ns3:TPX>
<ns3:Speed>7.376</ns3:Speed>
<ns3:Watts>180</ns3:Watts>
</ns3:TPX>
<bikeapp:Resistance01>14</bikeapp:Resistance01>
<bikeapp:BikeTotalDistanceM>1098.0</bikeapp:BikeTotalDistanceM>
</Extensions>
</Trackpoint>
<Trackpoint>
<Time>2026-05-29T20:37:05.611Z</Time>
<DistanceMeters>977.6</DistanceMeters>
<HeartRateBpm><Value>116</Value></HeartRateBpm>
<Cadence>80</Cadence>
<Extensions>
<ns3:TPX>
<ns3:Speed>7.502</ns3:Speed>
<ns3:Watts>194</ns3:Watts>
</ns3:TPX>
<bikeapp:Resistance01>14</bikeapp:Resistance01>
<bikeapp:BikeTotalDistanceM>1106.0</bikeapp:BikeTotalDistanceM>
</Extensions>
</Trackpoint>
<Trackpoint>
<Time>2026-05-29T20:37:06.612Z</Time>
<DistanceMeters>985.1</DistanceMeters>
<HeartRateBpm><Value>116</Value></HeartRateBpm>
<Cadence>78</Cadence>
<Extensions>
<ns3:TPX>
<ns3:Speed>7.537</ns3:Speed>
<ns3:Watts>187</ns3:Watts>
</ns3:TPX>
<bikeapp:Resistance01>14</bikeapp:Resistance01>
<bikeapp:BikeTotalDistanceM>1114.0</bikeapp:BikeTotalDistanceM>
</Extensions>
</Trackpoint>
<Trackpoint>
<Time>2026-05-29T20:37:08.111Z</Time>
<DistanceMeters>996.5</DistanceMeters>
<HeartRateBpm><Value>116</Value></HeartRateBpm>
<Cadence>81</Cadence>
<Extensions>
<ns3:TPX>
<ns3:Speed>7.603</ns3:Speed>
<ns3:Watts>198</ns3:Watts>
</ns3:TPX>
<bikeapp:Resistance01>14</bikeapp:Resistance01>
<bikeapp:BikeTotalDistanceM>1131.0</bikeapp:BikeTotalDistanceM>
</Extensions>
</Trackpoint>
<Trackpoint>
<Time>2026-05-29T20:37:09.111Z</Time>
<DistanceMeters>1004.2</DistanceMeters>
<HeartRateBpm><Value>116</Value></HeartRateBpm>
<Cadence>85</Cadence>
<Extensions>
<ns3:TPX>
<ns3:Speed>7.729</ns3:Speed>
<ns3:Watts>218</ns3:Watts>
</ns3:TPX>
<bikeapp:Resistance01>14</bikeapp:Resistance01>
<bikeapp:BikeTotalDistanceM>1140.0</bikeapp:BikeTotalDistanceM>
</Extensions>
</Trackpoint>
<Trackpoint>
<Time>2026-05-29T20:37:10.611Z</Time>
<DistanceMeters>1015.9</DistanceMeters>
<HeartRateBpm><Value>118</Value></HeartRateBpm>
<Cadence>82</Cadence>
<Extensions>
<ns3:TPX>
<ns3:Speed>7.816</ns3:Speed>
<ns3:Watts>203</ns3:Watts>
</ns3:TPX>
<bikeapp:Resistance01>14</bikeapp:Resistance01>
<bikeapp:BikeTotalDistanceM>1148.0</bikeapp:BikeTotalDistanceM>
</Extensions>
</Trackpoint>
<Trackpoint>
<Time>2026-05-29T20:37:11.611Z</Time>
<DistanceMeters>1023.6</DistanceMeters>
<HeartRateBpm><Value>118</Value></HeartRateBpm>
<Cadence>79</Cadence>
<Extensions>
<ns3:TPX>
<ns3:Speed>7.748</ns3:Speed>
<ns3:Watts>190</ns3:Watts>
</ns3:TPX>
<bikeapp:Resistance01>14</bikeapp:Resistance01>
<bikeapp:BikeTotalDistanceM>1156.0</bikeapp:BikeTotalDistanceM>
</Extensions>
</Trackpoint>
<Trackpoint>
<Time>2026-05-29T20:37:12.611Z</Time>
<DistanceMeters>1031.3</DistanceMeters>
<HeartRateBpm><Value>119</Value></HeartRateBpm>
<Cadence>79</Cadence>
<Extensions>
<ns3:TPX>
<ns3:Speed>7.706</ns3:Speed>
<ns3:Watts>190</ns3:Watts>
</ns3:TPX>
<bikeapp:Resistance01>14</bikeapp:Resistance01>
<bikeapp:BikeTotalDistanceM>1164.0</bikeapp:BikeTotalDistanceM>
</Extensions>
</Trackpoint>
<Trackpoint>
<Time>2026-05-29T20:37:13.611Z</Time>
<DistanceMeters>1039.1</DistanceMeters>
<HeartRateBpm><Value>119</Value></HeartRateBpm>
<Cadence>80</Cadence>
<Extensions>
<ns3:TPX>
<ns3:Speed>7.704</ns3:Speed>
<ns3:Watts>194</ns3:Watts>
</ns3:TPX>
<bikeapp:Resistance01>14</bikeapp:Resistance01>
<bikeapp:BikeTotalDistanceM>1173.0</bikeapp:BikeTotalDistanceM>
</Extensions>
</Trackpoint>
<Trackpoint>
<Time>2026-05-29T20:37:15.111Z</Time>
<DistanceMeters>1050.6</DistanceMeters>
<HeartRateBpm><Value>120</Value></HeartRateBpm>
<Cadence>80</Cadence>
<Extensions>
<ns3:TPX>
<ns3:Speed>7.684</ns3:Speed>
<ns3:Watts>194</ns3:Watts>
</ns3:TPX>
<bikeapp:Resistance01>14</bikeapp:Resistance01>
<bikeapp:BikeTotalDistanceM>1189.0</bikeapp:BikeTotalDistanceM>
</Extensions>
</Trackpoint>
<Trackpoint>
<Time>2026-05-29T20:37:16.111Z</Time>
<DistanceMeters>1058.3</DistanceMeters>
<HeartRateBpm><Value>120</Value></HeartRateBpm>
<Cadence>81</Cadence>
<Extensions>
<ns3:TPX>
<ns3:Speed>7.704</ns3:Speed>
<ns3:Watts>198</ns3:Watts>
</ns3:TPX>
<bikeapp:Resistance01>14</bikeapp:Resistance01>
<bikeapp:BikeTotalDistanceM>1198.0</bikeapp:BikeTotalDistanceM>
</Extensions>
</Trackpoint>
<Trackpoint>
<Time>2026-05-29T20:37:17.111Z</Time>
<DistanceMeters>1066.0</DistanceMeters>
<HeartRateBpm><Value>119</Value></HeartRateBpm>
<Cadence>81</Cadence>
<Extensions>
<ns3:TPX>
<ns3:Speed>7.727</ns3:Speed>
<ns3:Watts>198</ns3:Watts>
</ns3:TPX>
<bikeapp:Resistance01>14</bikeapp:Resistance01>
<bikeapp:BikeTotalDistanceM>1206.0</bikeapp:BikeTotalDistanceM>
</Extensions>
</Trackpoint>
<Trackpoint>
<Time>2026-05-29T20:37:18.113Z</Time>
<DistanceMeters>1073.7</DistanceMeters>
<HeartRateBpm><Value>118</Value></HeartRateBpm>
<Cadence>81</Cadence>
<Extensions>
<ns3:TPX>
<ns3:Speed>7.741</ns3:Speed>
<ns3:Watts>198</ns3:Watts>
</ns3:TPX>
<bikeapp:Resistance01>14</bikeapp:Resistance01>
<bikeapp:BikeTotalDistanceM>1214.0</bikeapp:BikeTotalDistanceM>
</Extensions>
</Trackpoint>
<Trackpoint>
<Time>2026-05-29T20:37:19.612Z</Time>
<DistanceMeters>1085.3</DistanceMeters>
<HeartRateBpm><Value>119</Value></HeartRateBpm>
<Cadence>80</Cadence>
<Extensions>
<ns3:TPX>
<ns3:Speed>7.729</ns3:Speed>
<ns3:Watts>194</ns3:Watts>
</ns3:TPX>
<bikeapp:Resistance01>14</bikeapp:Resistance01>
<bikeapp:BikeTotalDistanceM>1223.0</bikeapp:BikeTotalDistanceM>
</Extensions>
</Trackpoint>
<Trackpoint>
<Time>2026-05-29T20:37:20.612Z</Time>
<DistanceMeters>1093.0</DistanceMeters>
<HeartRateBpm><Value>119</Value></HeartRateBpm>
<Cadence>79</Cadence>
<Extensions>
<ns3:TPX>
<ns3:Speed>7.694</ns3:Speed>
<ns3:Watts>190</ns3:Watts>
</ns3:TPX>
<bikeapp:Resistance01>14</bikeapp:Resistance01>
<bikeapp:BikeTotalDistanceM>1231.0</bikeapp:BikeTotalDistanceM>
</Extensions>
</Trackpoint>
<Trackpoint>
<Time>2026-05-29T20:37:22.111Z</Time>
<DistanceMeters>1104.6</DistanceMeters>
<HeartRateBpm><Value>120</Value></HeartRateBpm>
<Cadence>82</Cadence>
<Extensions>
<ns3:TPX>
<ns3:Speed>7.728</ns3:Speed>
<ns3:Watts>203</ns3:Watts>
</ns3:TPX>
<bikeapp:Resistance01>14</bikeapp:Resistance01>
<bikeapp:BikeTotalDistanceM>1248.0</bikeapp:BikeTotalDistanceM>
</Extensions>
</Trackpoint>
<Trackpoint>
<Time>2026-05-29T20:37:23.125Z</Time>
<DistanceMeters>1112.5</DistanceMeters>
<HeartRateBpm><Value>120</Value></HeartRateBpm>
<Cadence>82</Cadence>
<Extensions>
<ns3:TPX>
<ns3:Speed>7.772</ns3:Speed>
<ns3:Watts>203</ns3:Watts>
</ns3:TPX>
<bikeapp:Resistance01>14</bikeapp:Resistance01>
<bikeapp:BikeTotalDistanceM>1256.0</bikeapp:BikeTotalDistanceM>
</Extensions>
</Trackpoint>
<Trackpoint>
<Time>2026-05-29T20:37:24.611Z</Time>
<DistanceMeters>1124.1</DistanceMeters>
<HeartRateBpm><Value>121</Value></HeartRateBpm>
<Cadence>83</Cadence>
<Extensions>
<ns3:TPX>
<ns3:Speed>7.836</ns3:Speed>
<ns3:Watts>208</ns3:Watts>
</ns3:TPX>
<bikeapp:Resistance01>14</bikeapp:Resistance01>
<bikeapp:BikeTotalDistanceM>1265.0</bikeapp:BikeTotalDistanceM>
</Extensions>
</Trackpoint>
<Trackpoint>
<Time>2026-05-29T20:37:25.612Z</Time>
<DistanceMeters>1131.9</DistanceMeters>
<HeartRateBpm><Value>121</Value></HeartRateBpm>
<Cadence>82</Cadence>
<Extensions>
<ns3:TPX>
<ns3:Speed>7.837</ns3:Speed>
<ns3:Watts>203</ns3:Watts>
</ns3:TPX>
<bikeapp:Resistance01>14</bikeapp:Resistance01>
<bikeapp:BikeTotalDistanceM>1273.0</bikeapp:BikeTotalDistanceM>
</Extensions>
</Trackpoint>
<Trackpoint>
<Time>2026-05-29T20:37:27.111Z</Time>
<DistanceMeters>1143.6</DistanceMeters>
<HeartRateBpm><Value>121</Value></HeartRateBpm>
<Cadence>80</Cadence>
<Extensions>
<ns3:TPX>
<ns3:Speed>7.767</ns3:Speed>
<ns3:Watts>194</ns3:Watts>
</ns3:TPX>
<bikeapp:Resistance01>14</bikeapp:Resistance01>
<bikeapp:BikeTotalDistanceM>1290.0</bikeapp:BikeTotalDistanceM>
</Extensions>
</Trackpoint>
<Trackpoint>
<Time>2026-05-29T20:37:28.112Z</Time>
<DistanceMeters>1151.4</DistanceMeters>
<HeartRateBpm><Value>120</Value></HeartRateBpm>
<Cadence>80</Cadence>
<Extensions>
<ns3:TPX>
<ns3:Speed>7.742</ns3:Speed>
<ns3:Watts>194</ns3:Watts>
</ns3:TPX>
<bikeapp:Resistance01>14</bikeapp:Resistance01>
<bikeapp:BikeTotalDistanceM>1298.0</bikeapp:BikeTotalDistanceM>
</Extensions>
</Trackpoint>
<Trackpoint>
<Time>2026-05-29T20:37:29.612Z</Time>
<DistanceMeters>1162.9</DistanceMeters>
<HeartRateBpm><Value>117</Value></HeartRateBpm>
<Cadence>80</Cadence>
<Extensions>
<ns3:TPX>
<ns3:Speed>7.721</ns3:Speed>
<ns3:Watts>194</ns3:Watts>
</ns3:TPX>
<bikeapp:Resistance01>14</bikeapp:Resistance01>
<bikeapp:BikeTotalDistanceM>1306.0</bikeapp:BikeTotalDistanceM>
</Extensions>
</Trackpoint>
<Trackpoint>
<Time>2026-05-29T20:37:31.111Z</Time>
<DistanceMeters>1174.5</DistanceMeters>
<HeartRateBpm><Value>116</Value></HeartRateBpm>
<Cadence>80</Cadence>
<Extensions>
<ns3:TPX>
<ns3:Speed>7.711</ns3:Speed>
<ns3:Watts>194</ns3:Watts>
</ns3:TPX>
<bikeapp:Resistance01>14</bikeapp:Resistance01>
<bikeapp:BikeTotalDistanceM>1323.0</bikeapp:BikeTotalDistanceM>
</Extensions>
</Trackpoint>
<Trackpoint>
<Time>2026-05-29T20:37:32.611Z</Time>
<DistanceMeters>1186.1</DistanceMeters>
<HeartRateBpm><Value>116</Value></HeartRateBpm>
<Cadence>81</Cadence>
<Extensions>
<ns3:TPX>
<ns3:Speed>7.730</ns3:Speed>
<ns3:Watts>198</ns3:Watts>
</ns3:TPX>
<bikeapp:Resistance01>14</bikeapp:Resistance01>
<bikeapp:BikeTotalDistanceM>1331.0</bikeapp:BikeTotalDistanceM>
</Extensions>
</Trackpoint>
<Trackpoint>
<Time>2026-05-29T20:37:34.111Z</Time>
<DistanceMeters>1197.7</DistanceMeters>
<HeartRateBpm><Value>117</Value></HeartRateBpm>
<Cadence>80</Cadence>
<Extensions>
<ns3:TPX>
<ns3:Speed>7.734</ns3:Speed>
<ns3:Watts>194</ns3:Watts>
</ns3:TPX>
<bikeapp:Resistance01>14</bikeapp:Resistance01>
<bikeapp:BikeTotalDistanceM>1348.0</bikeapp:BikeTotalDistanceM>
</Extensions>
</Trackpoint>
<Trackpoint>
<Time>2026-05-29T20:37:35.611Z</Time>
<DistanceMeters>1209.3</DistanceMeters>
<HeartRateBpm><Value>118</Value></HeartRateBpm>
<Cadence>79</Cadence>
<Extensions>
<ns3:TPX>
<ns3:Speed>7.693</ns3:Speed>
<ns3:Watts>190</ns3:Watts>
</ns3:TPX>
<bikeapp:Resistance01>14</bikeapp:Resistance01>
<bikeapp:BikeTotalDistanceM>1356.0</bikeapp:BikeTotalDistanceM>
</Extensions>
</Trackpoint>
<Trackpoint>
<Time>2026-05-29T20:37:36.611Z</Time>
<DistanceMeters>1217.0</DistanceMeters>
<HeartRateBpm><Value>118</Value></HeartRateBpm>
<Cadence>80</Cadence>
<Extensions>
<ns3:TPX>
<ns3:Speed>7.697</ns3:Speed>
<ns3:Watts>194</ns3:Watts>
</ns3:TPX>
<bikeapp:Resistance01>14</bikeapp:Resistance01>
<bikeapp:BikeTotalDistanceM>1364.0</bikeapp:BikeTotalDistanceM>
</Extensions>
</Trackpoint>
<Trackpoint>
<Time>2026-05-29T20:37:37.612Z</Time>
<DistanceMeters>1224.7</DistanceMeters>
<HeartRateBpm><Value>120</Value></HeartRateBpm>
<Cadence>80</Cadence>
<Extensions>
<ns3:TPX>
<ns3:Speed>7.699</ns3:Speed>
<ns3:Watts>194</ns3:Watts>
</ns3:TPX>
<bikeapp:Resistance01>14</bikeapp:Resistance01>
<bikeapp:BikeTotalDistanceM>1373.0</bikeapp:BikeTotalDistanceM>
</Extensions>
</Trackpoint>
<Trackpoint>
<Time>2026-05-29T20:37:38.612Z</Time>
<DistanceMeters>1232.4</DistanceMeters>
<HeartRateBpm><Value>120</Value></HeartRateBpm>
<Cadence>80</Cadence>
<Extensions>
<ns3:TPX>
<ns3:Speed>7.700</ns3:Speed>
<ns3:Watts>194</ns3:Watts>
</ns3:TPX>
<bikeapp:Resistance01>14</bikeapp:Resistance01>
<bikeapp:BikeTotalDistanceM>1381.0</bikeapp:BikeTotalDistanceM>
</Extensions>
</Trackpoint>
<Trackpoint>
<Time>2026-05-29T20:37:40.113Z</Time>
<DistanceMeters>1243.9</DistanceMeters>
<HeartRateBpm><Value>120</Value></HeartRateBpm>
<Cadence>79</Cadence>
<Extensions>
<ns3:TPX>
<ns3:Speed>7.668</ns3:Speed>
<ns3:Watts>190</ns3:Watts>
</ns3:TPX>
<bikeapp:Resistance01>14</bikeapp:Resistance01>
<bikeapp:BikeTotalDistanceM>1397.0</bikeapp:BikeTotalDistanceM>
</Extensions>
</Trackpoint>
<Trackpoint>
<Time>2026-05-29T20:37:41.612Z</Time>
<DistanceMeters>1255.4</DistanceMeters>
<HeartRateBpm><Value>120</Value></HeartRateBpm>
<Cadence>83</Cadence>
<Extensions>
<ns3:TPX>
<ns3:Speed>7.760</ns3:Speed>
<ns3:Watts>208</ns3:Watts>
</ns3:TPX>
<bikeapp:Resistance01>14</bikeapp:Resistance01>
<bikeapp:BikeTotalDistanceM>1406.0</bikeapp:BikeTotalDistanceM>
</Extensions>
</Trackpoint>
<Trackpoint>
<Time>2026-05-29T20:37:43.112Z</Time>
<DistanceMeters>1267.1</DistanceMeters>
<HeartRateBpm><Value>118</Value></HeartRateBpm>
<Cadence>80</Cadence>
<Extensions>
<ns3:TPX>
<ns3:Speed>7.771</ns3:Speed>
<ns3:Watts>194</ns3:Watts>
</ns3:TPX>
<bikeapp:Resistance01>14</bikeapp:Resistance01>
<bikeapp:BikeTotalDistanceM>1423.0</bikeapp:BikeTotalDistanceM>
</Extensions>
</Trackpoint>
<Trackpoint>
<Time>2026-05-29T20:37:44.611Z</Time>
<DistanceMeters>1278.7</DistanceMeters>
<HeartRateBpm><Value>118</Value></HeartRateBpm>
<Cadence>80</Cadence>
<Extensions>
<ns3:TPX>
<ns3:Speed>7.735</ns3:Speed>
<ns3:Watts>194</ns3:Watts>
</ns3:TPX>
<bikeapp:Resistance01>14</bikeapp:Resistance01>
<bikeapp:BikeTotalDistanceM>1431.0</bikeapp:BikeTotalDistanceM>
</Extensions>
</Trackpoint>
<Trackpoint>
<Time>2026-05-29T20:37:46.111Z</Time>
<DistanceMeters>1290.3</DistanceMeters>
<HeartRateBpm><Value>118</Value></HeartRateBpm>
<Cadence>79</Cadence>
<Extensions>
<ns3:TPX>
<ns3:Speed>7.704</ns3:Speed>
<ns3:Watts>190</ns3:Watts>
</ns3:TPX>
<bikeapp:Resistance01>14</bikeapp:Resistance01>
<bikeapp:BikeTotalDistanceM>1447.0</bikeapp:BikeTotalDistanceM>
</Extensions>
</Trackpoint>
<Trackpoint>
<Time>2026-05-29T20:37:47.611Z</Time>
<DistanceMeters>1301.8</DistanceMeters>
<HeartRateBpm><Value>119</Value></HeartRateBpm>
<Cadence>80</Cadence>
<Extensions>
<ns3:TPX>
<ns3:Speed>7.695</ns3:Speed>
<ns3:Watts>194</ns3:Watts>
</ns3:TPX>
<bikeapp:Resistance01>14</bikeapp:Resistance01>
<bikeapp:BikeTotalDistanceM>1456.0</bikeapp:BikeTotalDistanceM>
</Extensions>
</Trackpoint>
<Trackpoint>
<Time>2026-05-29T20:37:48.612Z</Time>
<DistanceMeters>1309.5</DistanceMeters>
<HeartRateBpm><Value>119</Value></HeartRateBpm>
<Cadence>79</Cadence>
<Extensions>
<ns3:TPX>
<ns3:Speed>7.673</ns3:Speed>
<ns3:Watts>190</ns3:Watts>
</ns3:TPX>
<bikeapp:Resistance01>14</bikeapp:Resistance01>
<bikeapp:BikeTotalDistanceM>1464.0</bikeapp:BikeTotalDistanceM>
</Extensions>
</Trackpoint>
<Trackpoint>
<Time>2026-05-29T20:37:49.612Z</Time>
<DistanceMeters>1317.2</DistanceMeters>
<HeartRateBpm><Value>119</Value></HeartRateBpm>
<Cadence>78</Cadence>
<Extensions>
<ns3:TPX>
<ns3:Speed>7.642</ns3:Speed>
<ns3:Watts>187</ns3:Watts>
</ns3:TPX>
<bikeapp:Resistance01>14</bikeapp:Resistance01>
<bikeapp:BikeTotalDistanceM>1472.0</bikeapp:BikeTotalDistanceM>
</Extensions>
</Trackpoint>
<Trackpoint>
<Time>2026-05-29T20:37:51.112Z</Time>
<DistanceMeters>1328.6</DistanceMeters>
<HeartRateBpm><Value>119</Value></HeartRateBpm>
<Cadence>78</Cadence>
<Extensions>
<ns3:TPX>
<ns3:Speed>7.616</ns3:Speed>
<ns3:Watts>187</ns3:Watts>
</ns3:TPX>
<bikeapp:Resistance01>14</bikeapp:Resistance01>
<bikeapp:BikeTotalDistanceM>1488.0</bikeapp:BikeTotalDistanceM>
</Extensions>
</Trackpoint>
<Trackpoint>
<Time>2026-05-29T20:37:52.611Z</Time>
<DistanceMeters>1340.0</DistanceMeters>
<HeartRateBpm><Value>118</Value></HeartRateBpm>
<Cadence>77</Cadence>
<Extensions>
<ns3:TPX>
<ns3:Speed>7.578</ns3:Speed>
<ns3:Watts>183</ns3:Watts>
</ns3:TPX>
<bikeapp:Resistance01>14</bikeapp:Resistance01>
<bikeapp:BikeTotalDistanceM>1496.0</bikeapp:BikeTotalDistanceM>
</Extensions>
</Trackpoint>
<Trackpoint>
<Time>2026-05-29T20:37:53.613Z</Time>
<DistanceMeters>1347.6</DistanceMeters>
<HeartRateBpm><Value>118</Value></HeartRateBpm>
<Cadence>77</Cadence>
<Extensions>
<ns3:TPX>
<ns3:Speed>7.559</ns3:Speed>
<ns3:Watts>183</ns3:Watts>
</ns3:TPX>
<bikeapp:Resistance01>14</bikeapp:Resistance01>
<bikeapp:BikeTotalDistanceM>1504.0</bikeapp:BikeTotalDistanceM>
</Extensions>
</Trackpoint>
<Trackpoint>
<Time>2026-05-29T20:37:55.122Z</Time>
<DistanceMeters>1359.0</DistanceMeters>
<HeartRateBpm><Value>117</Value></HeartRateBpm>
<Cadence>79</Cadence>
<Extensions>
<ns3:TPX>
<ns3:Speed>7.601</ns3:Speed>
<ns3:Watts>190</ns3:Watts>
</ns3:TPX>
<bikeapp:Resistance01>14</bikeapp:Resistance01>
<bikeapp:BikeTotalDistanceM>1521.0</bikeapp:BikeTotalDistanceM>
</Extensions>
</Trackpoint>
<Trackpoint>
<Time>2026-05-29T20:37:56.612Z</Time>
<DistanceMeters>1370.4</DistanceMeters>
<HeartRateBpm><Value>117</Value></HeartRateBpm>
<Cadence>80</Cadence>
<Extensions>
<ns3:TPX>
<ns3:Speed>7.645</ns3:Speed>
<ns3:Watts>194</ns3:Watts>
</ns3:TPX>
<bikeapp:Resistance01>14</bikeapp:Resistance01>
<bikeapp:BikeTotalDistanceM>1529.0</bikeapp:BikeTotalDistanceM>
</Extensions>
</Trackpoint>
<Trackpoint>
<Time>2026-05-29T20:37:58.111Z</Time>
<DistanceMeters>1381.9</DistanceMeters>
<HeartRateBpm><Value>117</Value></HeartRateBpm>
<Cadence>79</Cadence>
<Extensions>
<ns3:TPX>
<ns3:Speed>7.661</ns3:Speed>
<ns3:Watts>190</ns3:Watts>
</ns3:TPX>
<bikeapp:Resistance01>14</bikeapp:Resistance01>
<bikeapp:BikeTotalDistanceM>1545.0</bikeapp:BikeTotalDistanceM>
</Extensions>
</Trackpoint>
<Trackpoint>
<Time>2026-05-29T20:37:59.124Z</Time>
<DistanceMeters>1389.6</DistanceMeters>
<HeartRateBpm><Value>117</Value></HeartRateBpm>
<Cadence>79</Cadence>
<Extensions>
<ns3:TPX>
<ns3:Speed>7.653</ns3:Speed>
<ns3:Watts>190</ns3:Watts>
</ns3:TPX>
<bikeapp:Resistance01>14</bikeapp:Resistance01>
<bikeapp:BikeTotalDistanceM>1553.0</bikeapp:BikeTotalDistanceM>
</Extensions>
</Trackpoint>
<Trackpoint>
<Time>2026-05-29T20:38:00.611Z</Time>
<DistanceMeters>1401.0</DistanceMeters>
<HeartRateBpm><Value>117</Value></HeartRateBpm>
<Cadence>78</Cadence>
<Extensions>
<ns3:TPX>
<ns3:Speed>7.627</ns3:Speed>
<ns3:Watts>187</ns3:Watts>
</ns3:TPX>
<bikeapp:Resistance01>14</bikeapp:Resistance01>
<bikeapp:BikeTotalDistanceM>1562.0</bikeapp:BikeTotalDistanceM>
</Extensions>
</Trackpoint>
<Trackpoint>
<Time>2026-05-29T20:38:01.612Z</Time>
<DistanceMeters>1408.6</DistanceMeters>
<HeartRateBpm><Value>118</Value></HeartRateBpm>
<Cadence>78</Cadence>
<Extensions>
<ns3:TPX>
<ns3:Speed>7.614</ns3:Speed>
<ns3:Watts>187</ns3:Watts>
</ns3:TPX>
<bikeapp:Resistance01>14</bikeapp:Resistance01>
<bikeapp:BikeTotalDistanceM>1570.0</bikeapp:BikeTotalDistanceM>
</Extensions>
</Trackpoint>
<Trackpoint>
<Time>2026-05-29T20:38:03.112Z</Time>
<DistanceMeters>1420.0</DistanceMeters>
<HeartRateBpm><Value>117</Value></HeartRateBpm>
<Cadence>79</Cadence>
<Extensions>
<ns3:TPX>
<ns3:Speed>7.627</ns3:Speed>
<ns3:Watts>190</ns3:Watts>
</ns3:TPX>
<bikeapp:Resistance01>14</bikeapp:Resistance01>
<bikeapp:BikeTotalDistanceM>1586.0</bikeapp:BikeTotalDistanceM>
</Extensions>
</Trackpoint>
<Trackpoint>
<Time>2026-05-29T20:38:04.112Z</Time>
<DistanceMeters>1427.7</DistanceMeters>
<HeartRateBpm><Value>116</Value></HeartRateBpm>
<Cadence>80</Cadence>
<Extensions>
<ns3:TPX>
<ns3:Speed>7.645</ns3:Speed>
<ns3:Watts>194</ns3:Watts>
</ns3:TPX>
<bikeapp:Resistance01>14</bikeapp:Resistance01>
<bikeapp:BikeTotalDistanceM>1594.0</bikeapp:BikeTotalDistanceM>
</Extensions>
</Trackpoint>
<Trackpoint>
<Time>2026-05-29T20:38:05.612Z</Time>
<DistanceMeters>1439.2</DistanceMeters>
<HeartRateBpm><Value>114</Value></HeartRateBpm>
<Cadence>79</Cadence>
<Extensions>
<ns3:TPX>
<ns3:Speed>7.651</ns3:Speed>
<ns3:Watts>190</ns3:Watts>
</ns3:TPX>
<bikeapp:Resistance01>14</bikeapp:Resistance01>
<bikeapp:BikeTotalDistanceM>1602.0</bikeapp:BikeTotalDistanceM>
</Extensions>
</Trackpoint>
<Trackpoint>
<Time>2026-05-29T20:38:06.613Z</Time>
<DistanceMeters>1446.8</DistanceMeters>
<HeartRateBpm><Value>115</Value></HeartRateBpm>
<Cadence>77</Cadence>
<Extensions>
<ns3:TPX>
<ns3:Speed>7.603</ns3:Speed>
<ns3:Watts>183</ns3:Watts>
</ns3:TPX>
<bikeapp:Resistance01>14</bikeapp:Resistance01>
<bikeapp:BikeTotalDistanceM>1610.0</bikeapp:BikeTotalDistanceM>
</Extensions>
</Trackpoint>
<Trackpoint>
<Time>2026-05-29T20:38:08.112Z</Time>
<DistanceMeters>1458.1</DistanceMeters>
<HeartRateBpm><Value>116</Value></HeartRateBpm>
<Cadence>75</Cadence>
<Extensions>
<ns3:TPX>
<ns3:Speed>7.527</ns3:Speed>
<ns3:Watts>177</ns3:Watts>
</ns3:TPX>
<bikeapp:Resistance01>14</bikeapp:Resistance01>
<bikeapp:BikeTotalDistanceM>1626.0</bikeapp:BikeTotalDistanceM>
</Extensions>
</Trackpoint>
<Trackpoint>
<Time>2026-05-29T20:38:09.114Z</Time>
<DistanceMeters>1465.6</DistanceMeters>
<HeartRateBpm><Value>116</Value></HeartRateBpm>
<Cadence>76</Cadence>
<Extensions>
<ns3:TPX>
<ns3:Speed>7.500</ns3:Speed>
<ns3:Watts>180</ns3:Watts>
</ns3:TPX>
<bikeapp:Resistance01>14</bikeapp:Resistance01>
<bikeapp:BikeTotalDistanceM>1634.0</bikeapp:BikeTotalDistanceM>
</Extensions>
</Trackpoint>
<Trackpoint>
<Time>2026-05-29T20:38:10.612Z</Time>
<DistanceMeters>1476.8</DistanceMeters>
<HeartRateBpm><Value>118</Value></HeartRateBpm>
<Cadence>76</Cadence>
<Extensions>
<ns3:TPX>
<ns3:Speed>7.489</ns3:Speed>
<ns3:Watts>180</ns3:Watts>
</ns3:TPX>
<bikeapp:Resistance01>14</bikeapp:Resistance01>
<bikeapp:BikeTotalDistanceM>1642.0</bikeapp:BikeTotalDistanceM>
</Extensions>
</Trackpoint>
<Trackpoint>
<Time>2026-05-29T20:38:11.618Z</Time>
<DistanceMeters>1484.4</DistanceMeters>
<HeartRateBpm><Value>118</Value></HeartRateBpm>
<Cadence>77</Cadence>
<Extensions>
<ns3:TPX>
<ns3:Speed>7.504</ns3:Speed>
<ns3:Watts>183</ns3:Watts>
</ns3:TPX>
<bikeapp:Resistance01>14</bikeapp:Resistance01>
<bikeapp:BikeTotalDistanceM>1650.0</bikeapp:BikeTotalDistanceM>
</Extensions>
</Trackpoint>
<Trackpoint>
<Time>2026-05-29T20:38:13.112Z</Time>
<DistanceMeters>1495.7</DistanceMeters>
<HeartRateBpm><Value>118</Value></HeartRateBpm>
<Cadence>80</Cadence>
<Extensions>
<ns3:TPX>
<ns3:Speed>7.573</ns3:Speed>
<ns3:Watts>194</ns3:Watts>
</ns3:TPX>
<bikeapp:Resistance01>14</bikeapp:Resistance01>
<bikeapp:BikeTotalDistanceM>1666.0</bikeapp:BikeTotalDistanceM>
</Extensions>
</Trackpoint>
<Trackpoint>
<Time>2026-05-29T20:38:14.112Z</Time>
<DistanceMeters>1503.3</DistanceMeters>
<HeartRateBpm><Value>116</Value></HeartRateBpm>
<Cadence>80</Cadence>
<Extensions>
<ns3:TPX>
<ns3:Speed>7.623</ns3:Speed>
<ns3:Watts>194</ns3:Watts>
</ns3:TPX>
<bikeapp:Resistance01>14</bikeapp:Resistance01>
<bikeapp:BikeTotalDistanceM>1674.0</bikeapp:BikeTotalDistanceM>
</Extensions>
</Trackpoint>
<Trackpoint>
<Time>2026-05-29T20:38:15.112Z</Time>
<DistanceMeters>1510.9</DistanceMeters>
<HeartRateBpm><Value>115</Value></HeartRateBpm>
<Cadence>78</Cadence>
<Extensions>
<ns3:TPX>
<ns3:Speed>7.630</ns3:Speed>
<ns3:Watts>187</ns3:Watts>
</ns3:TPX>
<bikeapp:Resistance01>14</bikeapp:Resistance01>
<bikeapp:BikeTotalDistanceM>1683.0</bikeapp:BikeTotalDistanceM>
</Extensions>
</Trackpoint>
<Trackpoint>
<Time>2026-05-29T20:38:16.112Z</Time>
<DistanceMeters>1518.5</DistanceMeters>
<HeartRateBpm><Value>113</Value></HeartRateBpm>
<Cadence>76</Cadence>
<Extensions>
<ns3:TPX>
<ns3:Speed>7.590</ns3:Speed>
<ns3:Watts>180</ns3:Watts>
</ns3:TPX>
<bikeapp:Resistance01>14</bikeapp:Resistance01>
<bikeapp:BikeTotalDistanceM>1690.0</bikeapp:BikeTotalDistanceM>
</Extensions>
</Trackpoint>
<Trackpoint>
<Time>2026-05-29T20:38:17.611Z</Time>
<DistanceMeters>1529.9</DistanceMeters>
<HeartRateBpm><Value>113</Value></HeartRateBpm>
<Cadence>78</Cadence>
<Extensions>
<ns3:TPX>
<ns3:Speed>7.576</ns3:Speed>
<ns3:Watts>187</ns3:Watts>
</ns3:TPX>
<bikeapp:Resistance01>14</bikeapp:Resistance01>
<bikeapp:BikeTotalDistanceM>1698.0</bikeapp:BikeTotalDistanceM>
</Extensions>
</Trackpoint>
<Trackpoint>
<Time>2026-05-29T20:38:18.612Z</Time>
<DistanceMeters>1537.4</DistanceMeters>
<HeartRateBpm><Value>113</Value></HeartRateBpm>
<Cadence>77</Cadence>
<Extensions>
<ns3:TPX>
<ns3:Speed>7.557</ns3:Speed>
<ns3:Watts>183</ns3:Watts>
</ns3:TPX>
<bikeapp:Resistance01>14</bikeapp:Resistance01>
<bikeapp:BikeTotalDistanceM>1706.0</bikeapp:BikeTotalDistanceM>
</Extensions>
</Trackpoint>
<Trackpoint>
<Time>2026-05-29T20:38:20.112Z</Time>
<DistanceMeters>1548.7</DistanceMeters>
<HeartRateBpm><Value>113</Value></HeartRateBpm>
<Cadence>77</Cadence>
<Extensions>
<ns3:TPX>
<ns3:Speed>7.492</ns3:Speed>
<ns3:Watts>183</ns3:Watts>
</ns3:TPX>
<bikeapp:Resistance01>14</bikeapp:Resistance01>
<bikeapp:BikeTotalDistanceM>1722.0</bikeapp:BikeTotalDistanceM>
</Extensions>
</Trackpoint>
<Trackpoint>
<Time>2026-05-29T20:38:21.124Z</Time>
<DistanceMeters>1556.3</DistanceMeters>
<HeartRateBpm><Value>115</Value></HeartRateBpm>
<Cadence>77</Cadence>
<Extensions>
<ns3:TPX>
<ns3:Speed>7.506</ns3:Speed>
<ns3:Watts>183</ns3:Watts>
</ns3:TPX>
<bikeapp:Resistance01>14</bikeapp:Resistance01>
<bikeapp:BikeTotalDistanceM>1730.0</bikeapp:BikeTotalDistanceM>
</Extensions>
</Trackpoint>
<Trackpoint>
<Time>2026-05-29T20:38:22.612Z</Time>
<DistanceMeters>1567.4</DistanceMeters>
<HeartRateBpm><Value>119</Value></HeartRateBpm>
<Cadence>76</Cadence>
<Extensions>
<ns3:TPX>
<ns3:Speed>7.498</ns3:Speed>
<ns3:Watts>180</ns3:Watts>
</ns3:TPX>
<bikeapp:Resistance01>15</bikeapp:Resistance01>
<bikeapp:BikeTotalDistanceM>1738.0</bikeapp:BikeTotalDistanceM>
</Extensions>
</Trackpoint>
<Trackpoint>
<Time>2026-05-29T20:38:24.111Z</Time>
<DistanceMeters>1578.6</DistanceMeters>
<HeartRateBpm><Value>120</Value></HeartRateBpm>
<Cadence>72</Cadence>
<Extensions>
<ns3:TPX>
<ns3:Speed>7.460</ns3:Speed>
<ns3:Watts>175</ns3:Watts>
</ns3:TPX>
<bikeapp:Resistance01>15</bikeapp:Resistance01>
<bikeapp:BikeTotalDistanceM>1753.0</bikeapp:BikeTotalDistanceM>
</Extensions>
</Trackpoint>
<Trackpoint>
<Time>2026-05-29T20:38:25.112Z</Time>
<DistanceMeters>1586.1</DistanceMeters>
<HeartRateBpm><Value>120</Value></HeartRateBpm>
<Cadence>74</Cadence>
<Extensions>
<ns3:TPX>
<ns3:Speed>7.460</ns3:Speed>
<ns3:Watts>182</ns3:Watts>
</ns3:TPX>
<bikeapp:Resistance01>15</bikeapp:Resistance01>
<bikeapp:BikeTotalDistanceM>1761.0</bikeapp:BikeTotalDistanceM>
</Extensions>
</Trackpoint>
<Trackpoint>
<Time>2026-05-29T20:38:26.113Z</Time>
<DistanceMeters>1593.6</DistanceMeters>
<HeartRateBpm><Value>120</Value></HeartRateBpm>
<Cadence>77</Cadence>
<Extensions>
<ns3:TPX>
<ns3:Speed>7.551</ns3:Speed>
<ns3:Watts>203</ns3:Watts>
</ns3:TPX>
<bikeapp:Resistance01>16</bikeapp:Resistance01>
<bikeapp:BikeTotalDistanceM>1769.0</bikeapp:BikeTotalDistanceM>
</Extensions>
</Trackpoint>
<Trackpoint>
<Time>2026-05-29T20:38:27.152Z</Time>
<DistanceMeters>1601.6</DistanceMeters>
<HeartRateBpm><Value>118</Value></HeartRateBpm>
<Cadence>78</Cadence>
<Extensions>
<ns3:TPX>
<ns3:Speed>7.681</ns3:Speed>
<ns3:Watts>207</ns3:Watts>
</ns3:TPX>
<bikeapp:Resistance01>16</bikeapp:Resistance01>
<bikeapp:BikeTotalDistanceM>1777.0</bikeapp:BikeTotalDistanceM>
</Extensions>
</Trackpoint>
<Trackpoint>
<Time>2026-05-29T20:38:28.612Z</Time>
<DistanceMeters>1612.9</DistanceMeters>
<HeartRateBpm><Value>112</Value></HeartRateBpm>
<Cadence>76</Cadence>
<Extensions>
<ns3:TPX>
<ns3:Speed>7.746</ns3:Speed>
<ns3:Watts>199</ns3:Watts>
</ns3:TPX>
<bikeapp:Resistance01>16</bikeapp:Resistance01>
<bikeapp:BikeTotalDistanceM>1784.0</bikeapp:BikeTotalDistanceM>
</Extensions>
</Trackpoint>
<Trackpoint>
<Time>2026-05-29T20:38:29.613Z</Time>
<DistanceMeters>1620.6</DistanceMeters>
<HeartRateBpm><Value>109</Value></HeartRateBpm>
<Cadence>74</Cadence>
<Extensions>
<ns3:TPX>
<ns3:Speed>7.711</ns3:Speed>
<ns3:Watts>191</ns3:Watts>
</ns3:TPX>
<bikeapp:Resistance01>16</bikeapp:Resistance01>
<bikeapp:BikeTotalDistanceM>1792.0</bikeapp:BikeTotalDistanceM>
</Extensions>
</Trackpoint>
<Trackpoint>
<Time>2026-05-29T20:38:31.125Z</Time>
<DistanceMeters>1632.3</DistanceMeters>
<HeartRateBpm><Value>107</Value></HeartRateBpm>
<Cadence>84</Cadence>
<Extensions>
<ns3:TPX>
<ns3:Speed>7.846</ns3:Speed>
<ns3:Watts>236</ns3:Watts>
</ns3:TPX>
<bikeapp:Resistance01>16</bikeapp:Resistance01>
<bikeapp:BikeTotalDistanceM>1809.0</bikeapp:BikeTotalDistanceM>
</Extensions>
</Trackpoint>
<Trackpoint>
<Time>2026-05-29T20:38:32.625Z</Time>
<DistanceMeters>1644.4</DistanceMeters>
<HeartRateBpm><Value>109</Value></HeartRateBpm>
<Cadence>87</Cadence>
<Extensions>
<ns3:TPX>
<ns3:Speed>8.169</ns3:Speed>
<ns3:Watts>252</ns3:Watts>
</ns3:TPX>
<bikeapp:Resistance01>16</bikeapp:Resistance01>
<bikeapp:BikeTotalDistanceM>1818.0</bikeapp:BikeTotalDistanceM>
</Extensions>
</Trackpoint>
<Trackpoint>
<Time>2026-05-29T20:38:34.124Z</Time>
<DistanceMeters>1656.6</DistanceMeters>
<HeartRateBpm><Value>112</Value></HeartRateBpm>
<Cadence>78</Cadence>
<Extensions>
<ns3:TPX>
<ns3:Speed>8.064</ns3:Speed>
<ns3:Watts>207</ns3:Watts>
</ns3:TPX>
<bikeapp:Resistance01>16</bikeapp:Resistance01>
<bikeapp:BikeTotalDistanceM>1834.0</bikeapp:BikeTotalDistanceM>
</Extensions>
</Trackpoint>
<Trackpoint>
<Time>2026-05-29T20:38:35.625Z</Time>
<DistanceMeters>1668.6</DistanceMeters>
<HeartRateBpm><Value>116</Value></HeartRateBpm>
<Cadence>77</Cadence>
<Extensions>
<ns3:TPX>
<ns3:Speed>7.955</ns3:Speed>
<ns3:Watts>203</ns3:Watts>
</ns3:TPX>
<bikeapp:Resistance01>16</bikeapp:Resistance01>
<bikeapp:BikeTotalDistanceM>1842.0</bikeapp:BikeTotalDistanceM>
</Extensions>
</Trackpoint>
<Trackpoint>
<Time>2026-05-29T20:38:37.125Z</Time>
<DistanceMeters>1680.4</DistanceMeters>
<HeartRateBpm><Value>117</Value></HeartRateBpm>
<Cadence>77</Cadence>
<Extensions>
<ns3:TPX>
<ns3:Speed>7.877</ns3:Speed>
<ns3:Watts>203</ns3:Watts>
</ns3:TPX>
<bikeapp:Resistance01>16</bikeapp:Resistance01>
<bikeapp:BikeTotalDistanceM>1858.0</bikeapp:BikeTotalDistanceM>
</Extensions>
</Trackpoint>
<Trackpoint>
<Time>2026-05-29T20:38:38.625Z</Time>
<DistanceMeters>1692.2</DistanceMeters>
<HeartRateBpm><Value>119</Value></HeartRateBpm>
<Cadence>77</Cadence>
<Extensions>
<ns3:TPX>
<ns3:Speed>7.857</ns3:Speed>
<ns3:Watts>203</ns3:Watts>
</ns3:TPX>
<bikeapp:Resistance01>16</bikeapp:Resistance01>
<bikeapp:BikeTotalDistanceM>1866.0</bikeapp:BikeTotalDistanceM>
</Extensions>
</Trackpoint>
<Trackpoint>
<Time>2026-05-29T20:38:40.125Z</Time>
<DistanceMeters>1704.0</DistanceMeters>
<HeartRateBpm><Value>119</Value></HeartRateBpm>
<Cadence>79</Cadence>
<Extensions>
<ns3:TPX>
<ns3:Speed>7.892</ns3:Speed>
<ns3:Watts>211</ns3:Watts>
</ns3:TPX>
<bikeapp:Resistance01>16</bikeapp:Resistance01>
<bikeapp:BikeTotalDistanceM>1882.0</bikeapp:BikeTotalDistanceM>
</Extensions>
</Trackpoint>
<Trackpoint>
<Time>2026-05-29T20:38:41.624Z</Time>
<DistanceMeters>1715.9</DistanceMeters>
<HeartRateBpm><Value>119</Value></HeartRateBpm>
<Cadence>79</Cadence>
<Extensions>
<ns3:TPX>
<ns3:Speed>7.927</ns3:Speed>
<ns3:Watts>211</ns3:Watts>
</ns3:TPX>
<bikeapp:Resistance01>16</bikeapp:Resistance01>
<bikeapp:BikeTotalDistanceM>1890.0</bikeapp:BikeTotalDistanceM>
</Extensions>
</Trackpoint>
<Trackpoint>
<Time>2026-05-29T20:38:43.124Z</Time>
<DistanceMeters>1727.8</DistanceMeters>
<HeartRateBpm><Value>119</Value></HeartRateBpm>
<Cadence>78</Cadence>
<Extensions>
<ns3:TPX>
<ns3:Speed>7.912</ns3:Speed>
<ns3:Watts>207</ns3:Watts>
</ns3:TPX>
<bikeapp:Resistance01>16</bikeapp:Resistance01>
<bikeapp:BikeTotalDistanceM>1906.0</bikeapp:BikeTotalDistanceM>
</Extensions>
</Trackpoint>
<Trackpoint>
<Time>2026-05-29T20:38:44.625Z</Time>
<DistanceMeters>1739.6</DistanceMeters>
<HeartRateBpm><Value>120</Value></HeartRateBpm>
<Cadence>79</Cadence>
<Extensions>
<ns3:TPX>
<ns3:Speed>7.928</ns3:Speed>
<ns3:Watts>211</ns3:Watts>
</ns3:TPX>
<bikeapp:Resistance01>16</bikeapp:Resistance01>
<bikeapp:BikeTotalDistanceM>1915.0</bikeapp:BikeTotalDistanceM>
</Extensions>
</Trackpoint>
<Trackpoint>
<Time>2026-05-29T20:38:46.126Z</Time>
<DistanceMeters>1751.5</DistanceMeters>
<HeartRateBpm><Value>120</Value></HeartRateBpm>
<Cadence>78</Cadence>
<Extensions>
<ns3:TPX>
<ns3:Speed>7.931</ns3:Speed>
<ns3:Watts>207</ns3:Watts>
</ns3:TPX>
<bikeapp:Resistance01>16</bikeapp:Resistance01>
<bikeapp:BikeTotalDistanceM>1931.0</bikeapp:BikeTotalDistanceM>
</Extensions>
</Trackpoint>
<Trackpoint>
<Time>2026-05-29T20:38:47.643Z</Time>
<DistanceMeters>1763.5</DistanceMeters>
<HeartRateBpm><Value>122</Value></HeartRateBpm>
<Cadence>77</Cadence>
<Extensions>
<ns3:TPX>
<ns3:Speed>7.891</ns3:Speed>
<ns3:Watts>203</ns3:Watts>
</ns3:TPX>
<bikeapp:Resistance01>16</bikeapp:Resistance01>
<bikeapp:BikeTotalDistanceM>1939.0</bikeapp:BikeTotalDistanceM>
</Extensions>
</Trackpoint>
<Trackpoint>
<Time>2026-05-29T20:38:49.124Z</Time>
<DistanceMeters>1775.1</DistanceMeters>
<HeartRateBpm><Value>123</Value></HeartRateBpm>
<Cadence>74</Cadence>
<Extensions>
<ns3:TPX>
<ns3:Speed>7.769</ns3:Speed>
<ns3:Watts>191</ns3:Watts>
</ns3:TPX>
<bikeapp:Resistance01>16</bikeapp:Resistance01>
<bikeapp:BikeTotalDistanceM>1954.0</bikeapp:BikeTotalDistanceM>
</Extensions>
</Trackpoint>
<Trackpoint>
<Time>2026-05-29T20:38:50.624Z</Time>
<DistanceMeters>1786.7</DistanceMeters>
<HeartRateBpm><Value>123</Value></HeartRateBpm>
<Cadence>76</Cadence>
<Extensions>
<ns3:TPX>
<ns3:Speed>7.758</ns3:Speed>
<ns3:Watts>199</ns3:Watts>
</ns3:TPX>
<bikeapp:Resistance01>16</bikeapp:Resistance01>
<bikeapp:BikeTotalDistanceM>1962.0</bikeapp:BikeTotalDistanceM>
</Extensions>
</Trackpoint>
<Trackpoint>
<Time>2026-05-29T20:38:52.124Z</Time>
<DistanceMeters>1798.4</DistanceMeters>
<HeartRateBpm><Value>123</Value></HeartRateBpm>
<Cadence>75</Cadence>
<Extensions>
<ns3:TPX>
<ns3:Speed>7.773</ns3:Speed>
<ns3:Watts>195</ns3:Watts>
</ns3:TPX>
<bikeapp:Resistance01>16</bikeapp:Resistance01>
<bikeapp:BikeTotalDistanceM>1978.0</bikeapp:BikeTotalDistanceM>
</Extensions>
</Trackpoint>
<Trackpoint>
<Time>2026-05-29T20:38:53.125Z</Time>
<DistanceMeters>1806.2</DistanceMeters>
<HeartRateBpm><Value>122</Value></HeartRateBpm>
<Cadence>75</Cadence>
<Extensions>
<ns3:TPX>
<ns3:Speed>7.752</ns3:Speed>
<ns3:Watts>195</ns3:Watts>
</ns3:TPX>
<bikeapp:Resistance01>16</bikeapp:Resistance01>
<bikeapp:BikeTotalDistanceM>1986.0</bikeapp:BikeTotalDistanceM>
</Extensions>
</Trackpoint>
<Trackpoint>
<Time>2026-05-29T20:38:54.126Z</Time>
<DistanceMeters>1813.9</DistanceMeters>
<HeartRateBpm><Value>122</Value></HeartRateBpm>
<Cadence>77</Cadence>
<Extensions>
<ns3:TPX>
<ns3:Speed>7.765</ns3:Speed>
<ns3:Watts>203</ns3:Watts>
</ns3:TPX>
<bikeapp:Resistance01>16</bikeapp:Resistance01>
<bikeapp:BikeTotalDistanceM>1994.0</bikeapp:BikeTotalDistanceM>
</Extensions>
</Trackpoint>
<Trackpoint>
<Time>2026-05-29T20:38:55.625Z</Time>
<DistanceMeters>1825.6</DistanceMeters>
<HeartRateBpm><Value>121</Value></HeartRateBpm>
<Cadence>79</Cadence>
<Extensions>
<ns3:TPX>
<ns3:Speed>7.850</ns3:Speed>
<ns3:Watts>211</ns3:Watts>
</ns3:TPX>
<bikeapp:Resistance01>16</bikeapp:Resistance01>
<bikeapp:BikeTotalDistanceM>2002.0</bikeapp:BikeTotalDistanceM>
</Extensions>
</Trackpoint>
<Trackpoint>
<Time>2026-05-29T20:38:57.125Z</Time>
<DistanceMeters>1837.4</DistanceMeters>
<HeartRateBpm><Value>121</Value></HeartRateBpm>
<Cadence>76</Cadence>
<Extensions>
<ns3:TPX>
<ns3:Speed>7.850</ns3:Speed>
<ns3:Watts>199</ns3:Watts>
</ns3:TPX>
<bikeapp:Resistance01>16</bikeapp:Resistance01>
<bikeapp:BikeTotalDistanceM>2018.0</bikeapp:BikeTotalDistanceM>
</Extensions>
</Trackpoint>
<Trackpoint>
<Time>2026-05-29T20:38:58.625Z</Time>
<DistanceMeters>1849.2</DistanceMeters>
<HeartRateBpm><Value>121</Value></HeartRateBpm>
<Cadence>76</Cadence>
<Extensions>
<ns3:TPX>
<ns3:Speed>7.813</ns3:Speed>
<ns3:Watts>199</ns3:Watts>
</ns3:TPX>
<bikeapp:Resistance01>16</bikeapp:Resistance01>
<bikeapp:BikeTotalDistanceM>2026.0</bikeapp:BikeTotalDistanceM>
</Extensions>
</Trackpoint>
<Trackpoint>
<Time>2026-05-29T20:38:59.625Z</Time>
<DistanceMeters>1857.0</DistanceMeters>
<HeartRateBpm><Value>121</Value></HeartRateBpm>
<Cadence>77</Cadence>
<Extensions>
<ns3:TPX>
<ns3:Speed>7.823</ns3:Speed>
<ns3:Watts>203</ns3:Watts>
</ns3:TPX>
<bikeapp:Resistance01>16</bikeapp:Resistance01>
<bikeapp:BikeTotalDistanceM>2033.0</bikeapp:BikeTotalDistanceM>
</Extensions>
</Trackpoint>
<Trackpoint>
<Time>2026-05-29T20:39:01.125Z</Time>
<DistanceMeters>1868.7</DistanceMeters>
<HeartRateBpm><Value>122</Value></HeartRateBpm>
<Cadence>76</Cadence>
<Extensions>
<ns3:TPX>
<ns3:Speed>7.800</ns3:Speed>
<ns3:Watts>199</ns3:Watts>
</ns3:TPX>
<bikeapp:Resistance01>16</bikeapp:Resistance01>
<bikeapp:BikeTotalDistanceM>2049.0</bikeapp:BikeTotalDistanceM>
</Extensions>
</Trackpoint>
<Trackpoint>
<Time>2026-05-29T20:39:02.612Z</Time>
<DistanceMeters>1880.3</DistanceMeters>
<HeartRateBpm><Value>122</Value></HeartRateBpm>
<Cadence>77</Cadence>
<Extensions>
<ns3:TPX>
<ns3:Speed>7.813</ns3:Speed>
<ns3:Watts>203</ns3:Watts>
</ns3:TPX>
<bikeapp:Resistance01>16</bikeapp:Resistance01>
<bikeapp:BikeTotalDistanceM>2057.0</bikeapp:BikeTotalDistanceM>
</Extensions>
</Trackpoint>
<Trackpoint>
<Time>2026-05-29T20:39:04.112Z</Time>
<DistanceMeters>1892.0</DistanceMeters>
<HeartRateBpm><Value>122</Value></HeartRateBpm>
<Cadence>77</Cadence>
<Extensions>
<ns3:TPX>
<ns3:Speed>7.790</ns3:Speed>
<ns3:Watts>203</ns3:Watts>
</ns3:TPX>
<bikeapp:Resistance01>16</bikeapp:Resistance01>
<bikeapp:BikeTotalDistanceM>2073.0</bikeapp:BikeTotalDistanceM>
</Extensions>
</Trackpoint>
<Trackpoint>
<Time>2026-05-29T20:39:05.113Z</Time>
<DistanceMeters>1899.8</DistanceMeters>
<HeartRateBpm><Value>122</Value></HeartRateBpm>
<Cadence>81</Cadence>
<Extensions>
<ns3:TPX>
<ns3:Speed>7.863</ns3:Speed>
<ns3:Watts>220</ns3:Watts>
</ns3:TPX>
<bikeapp:Resistance01>16</bikeapp:Resistance01>
<bikeapp:BikeTotalDistanceM>2081.0</bikeapp:BikeTotalDistanceM>
</Extensions>
</Trackpoint>
<Trackpoint>
<Time>2026-05-29T20:39:06.113Z</Time>
<DistanceMeters>1907.7</DistanceMeters>
<HeartRateBpm><Value>122</Value></HeartRateBpm>
<Cadence>80</Cadence>
<Extensions>
<ns3:TPX>
<ns3:Speed>7.935</ns3:Speed>
<ns3:Watts>215</ns3:Watts>
</ns3:TPX>
<bikeapp:Resistance01>16</bikeapp:Resistance01>
<bikeapp:BikeTotalDistanceM>2090.0</bikeapp:BikeTotalDistanceM>
</Extensions>
</Trackpoint>
<Trackpoint>
<Time>2026-05-29T20:39:07.612Z</Time>
<DistanceMeters>1919.6</DistanceMeters>
<HeartRateBpm><Value>123</Value></HeartRateBpm>
<Cadence>78</Cadence>
<Extensions>
<ns3:TPX>
<ns3:Speed>7.932</ns3:Speed>
<ns3:Watts>207</ns3:Watts>
</ns3:TPX>
<bikeapp:Resistance01>16</bikeapp:Resistance01>
<bikeapp:BikeTotalDistanceM>2098.0</bikeapp:BikeTotalDistanceM>
</Extensions>
</Trackpoint>
<Trackpoint>
<Time>2026-05-29T20:39:08.625Z</Time>
<DistanceMeters>1927.7</DistanceMeters>
<HeartRateBpm><Value>123</Value></HeartRateBpm>
<Cadence>78</Cadence>
<Extensions>
<ns3:TPX>
<ns3:Speed>7.919</ns3:Speed>
<ns3:Watts>207</ns3:Watts>
</ns3:TPX>
<bikeapp:Resistance01>16</bikeapp:Resistance01>
<bikeapp:BikeTotalDistanceM>2106.0</bikeapp:BikeTotalDistanceM>
</Extensions>
</Trackpoint>
<Trackpoint>
<Time>2026-05-29T20:39:10.114Z</Time>
<DistanceMeters>1939.5</DistanceMeters>
<HeartRateBpm><Value>124</Value></HeartRateBpm>
<Cadence>81</Cadence>
<Extensions>
<ns3:TPX>
<ns3:Speed>7.968</ns3:Speed>
<ns3:Watts>220</ns3:Watts>
</ns3:TPX>
<bikeapp:Resistance01>16</bikeapp:Resistance01>
<bikeapp:BikeTotalDistanceM>2122.0</bikeapp:BikeTotalDistanceM>
</Extensions>
</Trackpoint>
<Trackpoint>
<Time>2026-05-29T20:39:11.612Z</Time>
<DistanceMeters>1951.5</DistanceMeters>
<HeartRateBpm><Value>125</Value></HeartRateBpm>
<Cadence>82</Cadence>
<Extensions>
<ns3:TPX>
<ns3:Speed>8.057</ns3:Speed>
<ns3:Watts>225</ns3:Watts>
</ns3:TPX>
<bikeapp:Resistance01>16</bikeapp:Resistance01>
<bikeapp:BikeTotalDistanceM>2131.0</bikeapp:BikeTotalDistanceM>
</Extensions>
</Trackpoint>
<Trackpoint>
<Time>2026-05-29T20:39:12.624Z</Time>
<DistanceMeters>1959.7</DistanceMeters>
<HeartRateBpm><Value>125</Value></HeartRateBpm>
<Cadence>80</Cadence>
<Extensions>
<ns3:TPX>
<ns3:Speed>8.041</ns3:Speed>
<ns3:Watts>215</ns3:Watts>
</ns3:TPX>
<bikeapp:Resistance01>16</bikeapp:Resistance01>
<bikeapp:BikeTotalDistanceM>2139.0</bikeapp:BikeTotalDistanceM>
</Extensions>
</Trackpoint>
<Trackpoint>
<Time>2026-05-29T20:39:14.162Z</Time>
<DistanceMeters>1972.0</DistanceMeters>
<HeartRateBpm><Value>125</Value></HeartRateBpm>
<Cadence>81</Cadence>
<Extensions>
<ns3:TPX>
<ns3:Speed>8.045</ns3:Speed>
<ns3:Watts>220</ns3:Watts>
</ns3:TPX>
<bikeapp:Resistance01>16</bikeapp:Resistance01>
<bikeapp:BikeTotalDistanceM>2156.0</bikeapp:BikeTotalDistanceM>
</Extensions>
</Trackpoint>
<Trackpoint>
<Time>2026-05-29T20:39:15.637Z</Time>
<DistanceMeters>1983.9</DistanceMeters>
<HeartRateBpm><Value>125</Value></HeartRateBpm>
<Cadence>80</Cadence>
<Extensions>
<ns3:TPX>
<ns3:Speed>8.039</ns3:Speed>
<ns3:Watts>215</ns3:Watts>
</ns3:TPX>
<bikeapp:Resistance01>16</bikeapp:Resistance01>
<bikeapp:BikeTotalDistanceM>2164.0</bikeapp:BikeTotalDistanceM>
</Extensions>
</Trackpoint>
<Trackpoint>
<Time>2026-05-29T20:39:16.637Z</Time>
<DistanceMeters>1992.0</DistanceMeters>
<HeartRateBpm><Value>124</Value></HeartRateBpm>
<Cadence>81</Cadence>
<Extensions>
<ns3:TPX>
<ns3:Speed>8.058</ns3:Speed>
<ns3:Watts>220</ns3:Watts>
</ns3:TPX>
<bikeapp:Resistance01>16</bikeapp:Resistance01>
<bikeapp:BikeTotalDistanceM>2172.0</bikeapp:BikeTotalDistanceM>
</Extensions>
</Trackpoint>
<Trackpoint>
<Time>2026-05-29T20:39:18.136Z</Time>
<DistanceMeters>2004.0</DistanceMeters>
<HeartRateBpm><Value>123</Value></HeartRateBpm>
<Cadence>78</Cadence>
<Extensions>
<ns3:TPX>
<ns3:Speed>8.032</ns3:Speed>
<ns3:Watts>207</ns3:Watts>
</ns3:TPX>
<bikeapp:Resistance01>16</bikeapp:Resistance01>
<bikeapp:BikeTotalDistanceM>2189.0</bikeapp:BikeTotalDistanceM>
</Extensions>
</Trackpoint>
<Trackpoint>
<Time>2026-05-29T20:39:19.137Z</Time>
<DistanceMeters>2012.0</DistanceMeters>
<HeartRateBpm><Value>123</Value></HeartRateBpm>
<Cadence>77</Cadence>
<Extensions>
<ns3:TPX>
<ns3:Speed>7.967</ns3:Speed>
<ns3:Watts>203</ns3:Watts>
</ns3:TPX>
<bikeapp:Resistance01>16</bikeapp:Resistance01>
<bikeapp:BikeTotalDistanceM>2197.0</bikeapp:BikeTotalDistanceM>
</Extensions>
</Trackpoint>
<Trackpoint>
<Time>2026-05-29T20:39:20.629Z</Time>
<DistanceMeters>2023.8</DistanceMeters>
<HeartRateBpm><Value>124</Value></HeartRateBpm>
<Cadence>77</Cadence>
<Extensions>
<ns3:TPX>
<ns3:Speed>7.901</ns3:Speed>
<ns3:Watts>203</ns3:Watts>
</ns3:TPX>
<bikeapp:Resistance01>16</bikeapp:Resistance01>
<bikeapp:BikeTotalDistanceM>2205.0</bikeapp:BikeTotalDistanceM>
</Extensions>
</Trackpoint>
<Trackpoint>
<Time>2026-05-29T20:39:22.125Z</Time>
<DistanceMeters>2035.7</DistanceMeters>
<HeartRateBpm><Value>124</Value></HeartRateBpm>
<Cadence>78</Cadence>
<Extensions>
<ns3:TPX>
<ns3:Speed>7.900</ns3:Speed>
<ns3:Watts>207</ns3:Watts>
</ns3:TPX>
<bikeapp:Resistance01>16</bikeapp:Resistance01>
<bikeapp:BikeTotalDistanceM>2221.0</bikeapp:BikeTotalDistanceM>
</Extensions>
</Trackpoint>
<Trackpoint>
<Time>2026-05-29T20:39:23.625Z</Time>
<DistanceMeters>2047.5</DistanceMeters>
<HeartRateBpm><Value>125</Value></HeartRateBpm>
<Cadence>80</Cadence>
<Extensions>
<ns3:TPX>
<ns3:Speed>7.945</ns3:Speed>
<ns3:Watts>215</ns3:Watts>
</ns3:TPX>
<bikeapp:Resistance01>16</bikeapp:Resistance01>
<bikeapp:BikeTotalDistanceM>2229.0</bikeapp:BikeTotalDistanceM>
</Extensions>
</Trackpoint>
<Trackpoint>
<Time>2026-05-29T20:39:24.637Z</Time>
<DistanceMeters>2055.6</DistanceMeters>
<HeartRateBpm><Value>125</Value></HeartRateBpm>
<Cadence>80</Cadence>
<Extensions>
<ns3:TPX>
<ns3:Speed>7.973</ns3:Speed>
<ns3:Watts>215</ns3:Watts>
</ns3:TPX>
<bikeapp:Resistance01>16</bikeapp:Resistance01>
<bikeapp:BikeTotalDistanceM>2238.0</bikeapp:BikeTotalDistanceM>
</Extensions>
</Trackpoint>
<Trackpoint>
<Time>2026-05-29T20:39:26.126Z</Time>
<DistanceMeters>2067.5</DistanceMeters>
<HeartRateBpm><Value>124</Value></HeartRateBpm>
<Cadence>79</Cadence>
<Extensions>
<ns3:TPX>
<ns3:Speed>7.965</ns3:Speed>
<ns3:Watts>211</ns3:Watts>
</ns3:TPX>
<bikeapp:Resistance01>16</bikeapp:Resistance01>
<bikeapp:BikeTotalDistanceM>2254.0</bikeapp:BikeTotalDistanceM>
</Extensions>
</Trackpoint>
<Trackpoint>
<Time>2026-05-29T20:39:27.625Z</Time>
<DistanceMeters>2079.4</DistanceMeters>
<HeartRateBpm><Value>121</Value></HeartRateBpm>
<Cadence>79</Cadence>
<Extensions>
<ns3:TPX>
<ns3:Speed>7.962</ns3:Speed>
<ns3:Watts>211</ns3:Watts>
</ns3:TPX>
<bikeapp:Resistance01>16</bikeapp:Resistance01>
<bikeapp:BikeTotalDistanceM>2262.0</bikeapp:BikeTotalDistanceM>
</Extensions>
</Trackpoint>
<Trackpoint>
<Time>2026-05-29T20:39:28.626Z</Time>
<DistanceMeters>2087.4</DistanceMeters>
<HeartRateBpm><Value>119</Value></HeartRateBpm>
<Cadence>80</Cadence>
<Extensions>
<ns3:TPX>
<ns3:Speed>7.983</ns3:Speed>
<ns3:Watts>215</ns3:Watts>
</ns3:TPX>
<bikeapp:Resistance01>16</bikeapp:Resistance01>
<bikeapp:BikeTotalDistanceM>2270.0</bikeapp:BikeTotalDistanceM>
</Extensions>
</Trackpoint>
<Trackpoint>
<Time>2026-05-29T20:39:29.626Z</Time>
<DistanceMeters>2095.4</DistanceMeters>
<HeartRateBpm><Value>118</Value></HeartRateBpm>
<Cadence>81</Cadence>
<Extensions>
<ns3:TPX>
<ns3:Speed>8.024</ns3:Speed>
<ns3:Watts>220</ns3:Watts>
</ns3:TPX>
<bikeapp:Resistance01>16</bikeapp:Resistance01>
<bikeapp:BikeTotalDistanceM>2279.0</bikeapp:BikeTotalDistanceM>
</Extensions>
</Trackpoint>
<Trackpoint>
<Time>2026-05-29T20:39:31.125Z</Time>
<DistanceMeters>2107.4</DistanceMeters>
<HeartRateBpm><Value>118</Value></HeartRateBpm>
<Cadence>79</Cadence>
<Extensions>
<ns3:TPX>
<ns3:Speed>8.007</ns3:Speed>
<ns3:Watts>211</ns3:Watts>
</ns3:TPX>
<bikeapp:Resistance01>16</bikeapp:Resistance01>
<bikeapp:BikeTotalDistanceM>2295.0</bikeapp:BikeTotalDistanceM>
</Extensions>
</Trackpoint>
<Trackpoint>
<Time>2026-05-29T20:39:32.625Z</Time>
<DistanceMeters>2119.4</DistanceMeters>
<HeartRateBpm><Value>120</Value></HeartRateBpm>
<Cadence>77</Cadence>
<Extensions>
<ns3:TPX>
<ns3:Speed>7.936</ns3:Speed>
<ns3:Watts>203</ns3:Watts>
</ns3:TPX>
<bikeapp:Resistance01>16</bikeapp:Resistance01>
<bikeapp:BikeTotalDistanceM>2303.0</bikeapp:BikeTotalDistanceM>
</Extensions>
</Trackpoint>
<Trackpoint>
<Time>2026-05-29T20:39:34.126Z</Time>
<DistanceMeters>2131.2</DistanceMeters>
<HeartRateBpm><Value>121</Value></HeartRateBpm>
<Cadence>74</Cadence>
<Extensions>
<ns3:TPX>
<ns3:Speed>7.827</ns3:Speed>
<ns3:Watts>191</ns3:Watts>
</ns3:TPX>
<bikeapp:Resistance01>16</bikeapp:Resistance01>
<bikeapp:BikeTotalDistanceM>2319.0</bikeapp:BikeTotalDistanceM>
</Extensions>
</Trackpoint>
<Trackpoint>
<Time>2026-05-29T20:39:35.126Z</Time>
<DistanceMeters>2139.0</DistanceMeters>
<HeartRateBpm><Value>122</Value></HeartRateBpm>
<Cadence>75</Cadence>
<Extensions>
<ns3:TPX>
<ns3:Speed>7.774</ns3:Speed>
<ns3:Watts>195</ns3:Watts>
</ns3:TPX>
<bikeapp:Resistance01>16</bikeapp:Resistance01>
<bikeapp:BikeTotalDistanceM>2327.0</bikeapp:BikeTotalDistanceM>
</Extensions>
</Trackpoint>
<Trackpoint>
<Time>2026-05-29T20:39:36.640Z</Time>
<DistanceMeters>2150.7</DistanceMeters>
<HeartRateBpm><Value>122</Value></HeartRateBpm>
<Cadence>75</Cadence>
<Extensions>
<ns3:TPX>
<ns3:Speed>7.744</ns3:Speed>
<ns3:Watts>195</ns3:Watts>
</ns3:TPX>
<bikeapp:Resistance01>16</bikeapp:Resistance01>
<bikeapp:BikeTotalDistanceM>2334.0</bikeapp:BikeTotalDistanceM>
</Extensions>
</Trackpoint>
<Trackpoint>
<Time>2026-05-29T20:39:38.125Z</Time>
<DistanceMeters>2162.2</DistanceMeters>
<HeartRateBpm><Value>122</Value></HeartRateBpm>
<Cadence>77</Cadence>
<Extensions>
<ns3:TPX>
<ns3:Speed>7.738</ns3:Speed>
<ns3:Watts>203</ns3:Watts>
</ns3:TPX>
<bikeapp:Resistance01>16</bikeapp:Resistance01>
<bikeapp:BikeTotalDistanceM>2350.0</bikeapp:BikeTotalDistanceM>
</Extensions>
</Trackpoint>
<Trackpoint>
<Time>2026-05-29T20:39:39.125Z</Time>
<DistanceMeters>2169.9</DistanceMeters>
<HeartRateBpm><Value>121</Value></HeartRateBpm>
<Cadence>78</Cadence>
<Extensions>
<ns3:TPX>
<ns3:Speed>7.791</ns3:Speed>
<ns3:Watts>207</ns3:Watts>
</ns3:TPX>
<bikeapp:Resistance01>16</bikeapp:Resistance01>
<bikeapp:BikeTotalDistanceM>2358.0</bikeapp:BikeTotalDistanceM>
</Extensions>
</Trackpoint>
<Trackpoint>
<Time>2026-05-29T20:39:40.625Z</Time>
<DistanceMeters>2181.7</DistanceMeters>
<HeartRateBpm><Value>120</Value></HeartRateBpm>
<Cadence>77</Cadence>
<Extensions>
<ns3:TPX>
<ns3:Speed>7.824</ns3:Speed>
<ns3:Watts>203</ns3:Watts>
</ns3:TPX>
<bikeapp:Resistance01>16</bikeapp:Resistance01>
<bikeapp:BikeTotalDistanceM>2366.0</bikeapp:BikeTotalDistanceM>
</Extensions>
</Trackpoint>
<Trackpoint>
<Time>2026-05-29T20:39:41.625Z</Time>
<DistanceMeters>2189.5</DistanceMeters>
<HeartRateBpm><Value>120</Value></HeartRateBpm>
<Cadence>79</Cadence>
<Extensions>
<ns3:TPX>
<ns3:Speed>7.876</ns3:Speed>
<ns3:Watts>211</ns3:Watts>
</ns3:TPX>
<bikeapp:Resistance01>16</bikeapp:Resistance01>
<bikeapp:BikeTotalDistanceM>2374.0</bikeapp:BikeTotalDistanceM>
</Extensions>
</Trackpoint>
<Trackpoint>
<Time>2026-05-29T20:39:42.626Z</Time>
<DistanceMeters>2197.4</DistanceMeters>
<HeartRateBpm><Value>120</Value></HeartRateBpm>
<Cadence>79</Cadence>
<Extensions>
<ns3:TPX>
<ns3:Speed>7.908</ns3:Speed>
<ns3:Watts>211</ns3:Watts>
</ns3:TPX>
<bikeapp:Resistance01>16</bikeapp:Resistance01>
<bikeapp:BikeTotalDistanceM>2382.0</bikeapp:BikeTotalDistanceM>
</Extensions>
</Trackpoint>
<Trackpoint>
<Time>2026-05-29T20:39:44.125Z</Time>
<DistanceMeters>2209.3</DistanceMeters>
<HeartRateBpm><Value>121</Value></HeartRateBpm>
<Cadence>77</Cadence>
<Extensions>
<ns3:TPX>
<ns3:Speed>7.890</ns3:Speed>
<ns3:Watts>203</ns3:Watts>
</ns3:TPX>
<bikeapp:Resistance01>16</bikeapp:Resistance01>
<bikeapp:BikeTotalDistanceM>2399.0</bikeapp:BikeTotalDistanceM>
</Extensions>
</Trackpoint>
<Trackpoint>
<Time>2026-05-29T20:39:45.625Z</Time>
<DistanceMeters>2221.1</DistanceMeters>
<HeartRateBpm><Value>123</Value></HeartRateBpm>
<Cadence>80</Cadence>
<Extensions>
<ns3:TPX>
<ns3:Speed>7.933</ns3:Speed>
<ns3:Watts>215</ns3:Watts>
</ns3:TPX>
<bikeapp:Resistance01>16</bikeapp:Resistance01>
<bikeapp:BikeTotalDistanceM>2407.0</bikeapp:BikeTotalDistanceM>
</Extensions>
</Trackpoint>
<Trackpoint>
<Time>2026-05-29T20:39:47.125Z</Time>
<DistanceMeters>2233.1</DistanceMeters>
<HeartRateBpm><Value>124</Value></HeartRateBpm>
<Cadence>79</Cadence>
<Extensions>
<ns3:TPX>
<ns3:Speed>7.964</ns3:Speed>
<ns3:Watts>211</ns3:Watts>
</ns3:TPX>
<bikeapp:Resistance01>16</bikeapp:Resistance01>
<bikeapp:BikeTotalDistanceM>2423.0</bikeapp:BikeTotalDistanceM>
</Extensions>
</Trackpoint>
<Trackpoint>
<Time>2026-05-29T20:39:48.126Z</Time>
<DistanceMeters>2241.0</DistanceMeters>
<HeartRateBpm><Value>124</Value></HeartRateBpm>
<Cadence>78</Cadence>
<Extensions>
<ns3:TPX>
<ns3:Speed>7.949</ns3:Speed>
<ns3:Watts>207</ns3:Watts>
</ns3:TPX>
<bikeapp:Resistance01>16</bikeapp:Resistance01>
<bikeapp:BikeTotalDistanceM>2431.0</bikeapp:BikeTotalDistanceM>
</Extensions>
</Trackpoint>
<Trackpoint>
<Time>2026-05-29T20:39:49.625Z</Time>
<DistanceMeters>2252.9</DistanceMeters>
<HeartRateBpm><Value>122</Value></HeartRateBpm>
<Cadence>78</Cadence>
<Extensions>
<ns3:TPX>
<ns3:Speed>7.923</ns3:Speed>
<ns3:Watts>207</ns3:Watts>
</ns3:TPX>
<bikeapp:Resistance01>16</bikeapp:Resistance01>
<bikeapp:BikeTotalDistanceM>2439.0</bikeapp:BikeTotalDistanceM>
</Extensions>
</Trackpoint>
<Trackpoint>
<Time>2026-05-29T20:39:51.125Z</Time>
<DistanceMeters>2264.8</DistanceMeters>
<HeartRateBpm><Value>121</Value></HeartRateBpm>
<Cadence>80</Cadence>
<Extensions>
<ns3:TPX>
<ns3:Speed>7.954</ns3:Speed>
<ns3:Watts>215</ns3:Watts>
</ns3:TPX>
<bikeapp:Resistance01>16</bikeapp:Resistance01>
<bikeapp:BikeTotalDistanceM>2456.0</bikeapp:BikeTotalDistanceM>
</Extensions>
</Trackpoint>
<Trackpoint>
<Time>2026-05-29T20:39:52.125Z</Time>
<DistanceMeters>2272.8</DistanceMeters>
<HeartRateBpm><Value>120</Value></HeartRateBpm>
<Cadence>79</Cadence>
<Extensions>
<ns3:TPX>
<ns3:Speed>7.966</ns3:Speed>
<ns3:Watts>211</ns3:Watts>
</ns3:TPX>
<bikeapp:Resistance01>16</bikeapp:Resistance01>
<bikeapp:BikeTotalDistanceM>2464.0</bikeapp:BikeTotalDistanceM>
</Extensions>
</Trackpoint>
<Trackpoint>
<Time>2026-05-29T20:39:53.125Z</Time>
<DistanceMeters>2280.8</DistanceMeters>
<HeartRateBpm><Value>121</Value></HeartRateBpm>
<Cadence>79</Cadence>
<Extensions>
<ns3:TPX>
<ns3:Speed>7.963</ns3:Speed>
<ns3:Watts>211</ns3:Watts>
</ns3:TPX>
<bikeapp:Resistance01>16</bikeapp:Resistance01>
<bikeapp:BikeTotalDistanceM>2472.0</bikeapp:BikeTotalDistanceM>
</Extensions>
</Trackpoint>
<Trackpoint>
<Time>2026-05-29T20:39:54.626Z</Time>
<DistanceMeters>2292.7</DistanceMeters>
<HeartRateBpm><Value>123</Value></HeartRateBpm>
<Cadence>76</Cadence>
<Extensions>
<ns3:TPX>
<ns3:Speed>7.892</ns3:Speed>
<ns3:Watts>199</ns3:Watts>
</ns3:TPX>
<bikeapp:Resistance01>16</bikeapp:Resistance01>
<bikeapp:BikeTotalDistanceM>2480.0</bikeapp:BikeTotalDistanceM>
</Extensions>
</Trackpoint>
<Trackpoint>
<Time>2026-05-29T20:39:56.139Z</Time>
<DistanceMeters>2304.5</DistanceMeters>
<HeartRateBpm><Value>123</Value></HeartRateBpm>
<Cadence>76</Cadence>
<Extensions>
<ns3:TPX>
<ns3:Speed>7.833</ns3:Speed>
<ns3:Watts>199</ns3:Watts>
</ns3:TPX>
<bikeapp:Resistance01>16</bikeapp:Resistance01>
<bikeapp:BikeTotalDistanceM>2496.0</bikeapp:BikeTotalDistanceM>
</Extensions>
</Trackpoint>
<Trackpoint>
<Time>2026-05-29T20:39:57.625Z</Time>
<DistanceMeters>2316.2</DistanceMeters>
<HeartRateBpm><Value>124</Value></HeartRateBpm>
<Cadence>76</Cadence>
<Extensions>
<ns3:TPX>
<ns3:Speed>7.805</ns3:Speed>
<ns3:Watts>199</ns3:Watts>
</ns3:TPX>
<bikeapp:Resistance01>16</bikeapp:Resistance01>
<bikeapp:BikeTotalDistanceM>2504.0</bikeapp:BikeTotalDistanceM>
</Extensions>
</Trackpoint>
<Trackpoint>
<Time>2026-05-29T20:39:58.625Z</Time>
<DistanceMeters>2323.9</DistanceMeters>
<HeartRateBpm><Value>125</Value></HeartRateBpm>
<Cadence>74</Cadence>
<Extensions>
<ns3:TPX>
<ns3:Speed>7.747</ns3:Speed>
<ns3:Watts>191</ns3:Watts>
</ns3:TPX>
<bikeapp:Resistance01>16</bikeapp:Resistance01>
<bikeapp:BikeTotalDistanceM>2511.0</bikeapp:BikeTotalDistanceM>
</Extensions>
</Trackpoint>
<Trackpoint>
<Time>2026-05-29T20:39:59.625Z</Time>
<DistanceMeters>2331.6</DistanceMeters>
<HeartRateBpm><Value>124</Value></HeartRateBpm>
<Cadence>74</Cadence>
<Extensions>
<ns3:TPX>
<ns3:Speed>7.711</ns3:Speed>
<ns3:Watts>191</ns3:Watts>
</ns3:TPX>
<bikeapp:Resistance01>16</bikeapp:Resistance01>
<bikeapp:BikeTotalDistanceM>2519.0</bikeapp:BikeTotalDistanceM>
</Extensions>
</Trackpoint>
<Trackpoint>
<Time>2026-05-29T20:40:01.137Z</Time>
<DistanceMeters>2343.3</DistanceMeters>
<HeartRateBpm><Value>121</Value></HeartRateBpm>
<Cadence>75</Cadence>
<Extensions>
<ns3:TPX>
<ns3:Speed>7.733</ns3:Speed>
<ns3:Watts>195</ns3:Watts>
</ns3:TPX>
<bikeapp:Resistance01>16</bikeapp:Resistance01>
<bikeapp:BikeTotalDistanceM>2535.0</bikeapp:BikeTotalDistanceM>
</Extensions>
</Trackpoint>
<Trackpoint>
<Time>2026-05-29T20:40:02.625Z</Time>
<DistanceMeters>2354.8</DistanceMeters>
<HeartRateBpm><Value>120</Value></HeartRateBpm>
<Cadence>75</Cadence>
<Extensions>
<ns3:TPX>
<ns3:Speed>7.725</ns3:Speed>
<ns3:Watts>195</ns3:Watts>
</ns3:TPX>
<bikeapp:Resistance01>16</bikeapp:Resistance01>
<bikeapp:BikeTotalDistanceM>2542.0</bikeapp:BikeTotalDistanceM>
</Extensions>
</Trackpoint>
<Trackpoint>
<Time>2026-05-29T20:40:03.625Z</Time>
<DistanceMeters>2362.6</DistanceMeters>
<HeartRateBpm><Value>120</Value></HeartRateBpm>
<Cadence>76</Cadence>
<Extensions>
<ns3:TPX>
<ns3:Speed>7.746</ns3:Speed>
<ns3:Watts>199</ns3:Watts>
</ns3:TPX>
<bikeapp:Resistance01>16</bikeapp:Resistance01>
<bikeapp:BikeTotalDistanceM>2550.0</bikeapp:BikeTotalDistanceM>
</Extensions>
</Trackpoint>
<Trackpoint>
<Time>2026-05-29T20:40:04.626Z</Time>
<DistanceMeters>2370.3</DistanceMeters>
<HeartRateBpm><Value>121</Value></HeartRateBpm>
<Cadence>76</Cadence>
<Extensions>
<ns3:TPX>
<ns3:Speed>7.759</ns3:Speed>
<ns3:Watts>199</ns3:Watts>
</ns3:TPX>
<bikeapp:Resistance01>16</bikeapp:Resistance01>
<bikeapp:BikeTotalDistanceM>2558.0</bikeapp:BikeTotalDistanceM>
</Extensions>
</Trackpoint>
<Trackpoint>
<Time>2026-05-29T20:40:06.126Z</Time>
<DistanceMeters>2381.9</DistanceMeters>
<HeartRateBpm><Value>121</Value></HeartRateBpm>
<Cadence>75</Cadence>
<Extensions>
<ns3:TPX>
<ns3:Speed>7.737</ns3:Speed>
<ns3:Watts>195</ns3:Watts>
</ns3:TPX>
<bikeapp:Resistance01>16</bikeapp:Resistance01>
<bikeapp:BikeTotalDistanceM>2574.0</bikeapp:BikeTotalDistanceM>
</Extensions>
</Trackpoint>
<Trackpoint>
<Time>2026-05-29T20:40:07.626Z</Time>
<DistanceMeters>2393.5</DistanceMeters>
<HeartRateBpm><Value>121</Value></HeartRateBpm>
<Cadence>74</Cadence>
<Extensions>
<ns3:TPX>
<ns3:Speed>7.703</ns3:Speed>
<ns3:Watts>191</ns3:Watts>
</ns3:TPX>
<bikeapp:Resistance01>16</bikeapp:Resistance01>
<bikeapp:BikeTotalDistanceM>2581.0</bikeapp:BikeTotalDistanceM>
</Extensions>
</Trackpoint>
<Trackpoint>
<Time>2026-05-29T20:40:09.125Z</Time>
<DistanceMeters>2405.1</DistanceMeters>
<HeartRateBpm><Value>120</Value></HeartRateBpm>
<Cadence>76</Cadence>
<Extensions>
<ns3:TPX>
<ns3:Speed>7.724</ns3:Speed>
<ns3:Watts>199</ns3:Watts>
</ns3:TPX>
<bikeapp:Resistance01>16</bikeapp:Resistance01>
<bikeapp:BikeTotalDistanceM>2597.0</bikeapp:BikeTotalDistanceM>
</Extensions>
</Trackpoint>
<Trackpoint>
<Time>2026-05-29T20:40:10.125Z</Time>
<DistanceMeters>2412.8</DistanceMeters>
<HeartRateBpm><Value>119</Value></HeartRateBpm>
<Cadence>75</Cadence>
<Extensions>
<ns3:TPX>
<ns3:Speed>7.732</ns3:Speed>
<ns3:Watts>195</ns3:Watts>
</ns3:TPX>
<bikeapp:Resistance01>16</bikeapp:Resistance01>
<bikeapp:BikeTotalDistanceM>2605.0</bikeapp:BikeTotalDistanceM>
</Extensions>
</Trackpoint>
<Trackpoint>
<Time>2026-05-29T20:40:11.126Z</Time>
<DistanceMeters>2420.5</DistanceMeters>
<HeartRateBpm><Value>118</Value></HeartRateBpm>
<Cadence>75</Cadence>
<Extensions>
<ns3:TPX>
<ns3:Speed>7.726</ns3:Speed>
<ns3:Watts>195</ns3:Watts>
</ns3:TPX>
<bikeapp:Resistance01>16</bikeapp:Resistance01>
<bikeapp:BikeTotalDistanceM>2613.0</bikeapp:BikeTotalDistanceM>
</Extensions>
</Trackpoint>
<Trackpoint>
<Time>2026-05-29T20:40:12.625Z</Time>
<DistanceMeters>2432.1</DistanceMeters>
<HeartRateBpm><Value>117</Value></HeartRateBpm>
<Cadence>74</Cadence>
<Extensions>
<ns3:TPX>
<ns3:Speed>7.698</ns3:Speed>
<ns3:Watts>191</ns3:Watts>
</ns3:TPX>
<bikeapp:Resistance01>16</bikeapp:Resistance01>
<bikeapp:BikeTotalDistanceM>2620.0</bikeapp:BikeTotalDistanceM>
</Extensions>
</Trackpoint>
<Trackpoint>
<Time>2026-05-29T20:40:13.625Z</Time>
<DistanceMeters>2439.8</DistanceMeters>
<HeartRateBpm><Value>117</Value></HeartRateBpm>
<Cadence>73</Cadence>
<Extensions>
<ns3:TPX>
<ns3:Speed>7.657</ns3:Speed>
<ns3:Watts>187</ns3:Watts>
</ns3:TPX>
<bikeapp:Resistance01>16</bikeapp:Resistance01>
<bikeapp:BikeTotalDistanceM>2628.0</bikeapp:BikeTotalDistanceM>
</Extensions>
</Trackpoint>
<Trackpoint>
<Time>2026-05-29T20:40:14.626Z</Time>
<DistanceMeters>2447.5</DistanceMeters>
<HeartRateBpm><Value>118</Value></HeartRateBpm>
<Cadence>77</Cadence>
<Extensions>
<ns3:TPX>
<ns3:Speed>7.727</ns3:Speed>
<ns3:Watts>203</ns3:Watts>
</ns3:TPX>
<bikeapp:Resistance01>16</bikeapp:Resistance01>
<bikeapp:BikeTotalDistanceM>2636.0</bikeapp:BikeTotalDistanceM>
</Extensions>
</Trackpoint>
<Trackpoint>
<Time>2026-05-29T20:40:15.626Z</Time>
<DistanceMeters>2455.3</DistanceMeters>
<HeartRateBpm><Value>119</Value></HeartRateBpm>
<Cadence>81</Cadence>
<Extensions>
<ns3:TPX>
<ns3:Speed>7.867</ns3:Speed>
<ns3:Watts>220</ns3:Watts>
</ns3:TPX>
<bikeapp:Resistance01>16</bikeapp:Resistance01>
<bikeapp:BikeTotalDistanceM>2644.0</bikeapp:BikeTotalDistanceM>
</Extensions>
</Trackpoint>
<Trackpoint>
<Time>2026-05-29T20:40:16.627Z</Time>
<DistanceMeters>2463.2</DistanceMeters>
<HeartRateBpm><Value>120</Value></HeartRateBpm>
<Cadence>79</Cadence>
<Extensions>
<ns3:TPX>
<ns3:Speed>7.903</ns3:Speed>
<ns3:Watts>211</ns3:Watts>
</ns3:TPX>
<bikeapp:Resistance01>16</bikeapp:Resistance01>
<bikeapp:BikeTotalDistanceM>2652.0</bikeapp:BikeTotalDistanceM>
</Extensions>
</Trackpoint>
<Trackpoint>
<Time>2026-05-29T20:40:17.627Z</Time>
<DistanceMeters>2471.2</DistanceMeters>
<HeartRateBpm><Value>120</Value></HeartRateBpm>
<Cadence>81</Cadence>
<Extensions>
<ns3:TPX>
<ns3:Speed>7.974</ns3:Speed>
<ns3:Watts>220</ns3:Watts>
</ns3:TPX>
<bikeapp:Resistance01>16</bikeapp:Resistance01>
<bikeapp:BikeTotalDistanceM>2661.0</bikeapp:BikeTotalDistanceM>
</Extensions>
</Trackpoint>
<Trackpoint>
<Time>2026-05-29T20:40:19.126Z</Time>
<DistanceMeters>2483.2</DistanceMeters>
<HeartRateBpm><Value>122</Value></HeartRateBpm>
<Cadence>81</Cadence>
<Extensions>
<ns3:TPX>
<ns3:Speed>8.034</ns3:Speed>
<ns3:Watts>220</ns3:Watts>
</ns3:TPX>
<bikeapp:Resistance01>16</bikeapp:Resistance01>
<bikeapp:BikeTotalDistanceM>2678.0</bikeapp:BikeTotalDistanceM>
</Extensions>
</Trackpoint>
<Trackpoint>
<Time>2026-05-29T20:40:20.625Z</Time>
<DistanceMeters>2495.3</DistanceMeters>
<HeartRateBpm><Value>122</Value></HeartRateBpm>
<Cadence>81</Cadence>
<Extensions>
<ns3:TPX>
<ns3:Speed>8.062</ns3:Speed>
<ns3:Watts>220</ns3:Watts>
</ns3:TPX>
<bikeapp:Resistance01>16</bikeapp:Resistance01>
<bikeapp:BikeTotalDistanceM>2686.0</bikeapp:BikeTotalDistanceM>
</Extensions>
</Trackpoint>
<Trackpoint>
<Time>2026-05-29T20:40:21.625Z</Time>
<DistanceMeters>2503.4</DistanceMeters>
<HeartRateBpm><Value>122</Value></HeartRateBpm>
<Cadence>81</Cadence>
<Extensions>
<ns3:TPX>
<ns3:Speed>8.072</ns3:Speed>
<ns3:Watts>220</ns3:Watts>
</ns3:TPX>
<bikeapp:Resistance01>16</bikeapp:Resistance01>
<bikeapp:BikeTotalDistanceM>2694.0</bikeapp:BikeTotalDistanceM>
</Extensions>
</Trackpoint>
<Trackpoint>
<Time>2026-05-29T20:40:22.625Z</Time>
<DistanceMeters>2511.4</DistanceMeters>
<HeartRateBpm><Value>122</Value></HeartRateBpm>
<Cadence>79</Cadence>
<Extensions>
<ns3:TPX>
<ns3:Speed>8.028</ns3:Speed>
<ns3:Watts>211</ns3:Watts>
</ns3:TPX>
<bikeapp:Resistance01>16</bikeapp:Resistance01>
<bikeapp:BikeTotalDistanceM>2703.0</bikeapp:BikeTotalDistanceM>
</Extensions>
</Trackpoint>
<Trackpoint>
<Time>2026-05-29T20:40:24.126Z</Time>
<DistanceMeters>2523.4</DistanceMeters>
<HeartRateBpm><Value>122</Value></HeartRateBpm>
<Cadence>78</Cadence>
<Extensions>
<ns3:TPX>
<ns3:Speed>7.979</ns3:Speed>
<ns3:Watts>207</ns3:Watts>
</ns3:TPX>
<bikeapp:Resistance01>16</bikeapp:Resistance01>
<bikeapp:BikeTotalDistanceM>2719.0</bikeapp:BikeTotalDistanceM>
</Extensions>
</Trackpoint>
<Trackpoint>
<Time>2026-05-29T20:40:25.626Z</Time>
<DistanceMeters>2535.3</DistanceMeters>
<HeartRateBpm><Value>122</Value></HeartRateBpm>
<Cadence>79</Cadence>
<Extensions>
<ns3:TPX>
<ns3:Speed>7.960</ns3:Speed>
<ns3:Watts>211</ns3:Watts>
</ns3:TPX>
<bikeapp:Resistance01>16</bikeapp:Resistance01>
<bikeapp:BikeTotalDistanceM>2727.0</bikeapp:BikeTotalDistanceM>
</Extensions>
</Trackpoint>
<Trackpoint>
<Time>2026-05-29T20:40:26.626Z</Time>
<DistanceMeters>2543.3</DistanceMeters>
<HeartRateBpm><Value>123</Value></HeartRateBpm>
<Cadence>79</Cadence>
<Extensions>
<ns3:TPX>
<ns3:Speed>7.959</ns3:Speed>
<ns3:Watts>211</ns3:Watts>
</ns3:TPX>
<bikeapp:Resistance01>16</bikeapp:Resistance01>
<bikeapp:BikeTotalDistanceM>2735.0</bikeapp:BikeTotalDistanceM>
</Extensions>
</Trackpoint>
<Trackpoint>
<Time>2026-05-29T20:40:27.627Z</Time>
<DistanceMeters>2551.2</DistanceMeters>
<HeartRateBpm><Value>123</Value></HeartRateBpm>
<Cadence>76</Cadence>
<Extensions>
<ns3:TPX>
<ns3:Speed>7.889</ns3:Speed>
<ns3:Watts>199</ns3:Watts>
</ns3:TPX>
<bikeapp:Resistance01>16</bikeapp:Resistance01>
<bikeapp:BikeTotalDistanceM>2743.0</bikeapp:BikeTotalDistanceM>
</Extensions>
</Trackpoint>
<Trackpoint>
<Time>2026-05-29T20:40:29.126Z</Time>
<DistanceMeters>2563.1</DistanceMeters>
<HeartRateBpm><Value>124</Value></HeartRateBpm>
<Cadence>79</Cadence>
<Extensions>
<ns3:TPX>
<ns3:Speed>7.925</ns3:Speed>
<ns3:Watts>211</ns3:Watts>
</ns3:TPX>
<bikeapp:Resistance01>16</bikeapp:Resistance01>
<bikeapp:BikeTotalDistanceM>2759.0</bikeapp:BikeTotalDistanceM>
</Extensions>
</Trackpoint>
<Trackpoint>
<Time>2026-05-29T20:40:30.625Z</Time>
<DistanceMeters>2575.0</DistanceMeters>
<HeartRateBpm><Value>124</Value></HeartRateBpm>
<Cadence>78</Cadence>
<Extensions>
<ns3:TPX>
<ns3:Speed>7.920</ns3:Speed>
<ns3:Watts>207</ns3:Watts>
</ns3:TPX>
<bikeapp:Resistance01>16</bikeapp:Resistance01>
<bikeapp:BikeTotalDistanceM>2768.0</bikeapp:BikeTotalDistanceM>
</Extensions>
</Trackpoint>
<Trackpoint>
<Time>2026-05-29T20:40:31.638Z</Time>
<DistanceMeters>2583.0</DistanceMeters>
<HeartRateBpm><Value>124</Value></HeartRateBpm>
<Cadence>79</Cadence>
<Extensions>
<ns3:TPX>
<ns3:Speed>7.935</ns3:Speed>
<ns3:Watts>211</ns3:Watts>
</ns3:TPX>
<bikeapp:Resistance01>16</bikeapp:Resistance01>
<bikeapp:BikeTotalDistanceM>2776.0</bikeapp:BikeTotalDistanceM>
</Extensions>
</Trackpoint>
<Trackpoint>
<Time>2026-05-29T20:40:33.126Z</Time>
<DistanceMeters>2594.8</DistanceMeters>
<HeartRateBpm><Value>124</Value></HeartRateBpm>
<Cadence>77</Cadence>
<Extensions>
<ns3:TPX>
<ns3:Speed>7.921</ns3:Speed>
<ns3:Watts>203</ns3:Watts>
</ns3:TPX>
<bikeapp:Resistance01>16</bikeapp:Resistance01>
<bikeapp:BikeTotalDistanceM>2792.0</bikeapp:BikeTotalDistanceM>
</Extensions>
</Trackpoint>
<Trackpoint>
<Time>2026-05-29T20:40:34.626Z</Time>
<DistanceMeters>2606.7</DistanceMeters>
<HeartRateBpm><Value>123</Value></HeartRateBpm>
<Cadence>79</Cadence>
<Extensions>
<ns3:TPX>
<ns3:Speed>7.925</ns3:Speed>
<ns3:Watts>211</ns3:Watts>
</ns3:TPX>
<bikeapp:Resistance01>16</bikeapp:Resistance01>
<bikeapp:BikeTotalDistanceM>2800.0</bikeapp:BikeTotalDistanceM>
</Extensions>
</Trackpoint>
<Trackpoint>
<Time>2026-05-29T20:40:35.626Z</Time>
<DistanceMeters>2614.6</DistanceMeters>
<HeartRateBpm><Value>122</Value></HeartRateBpm>
<Cadence>81</Cadence>
<Extensions>
<ns3:TPX>
<ns3:Speed>7.988</ns3:Speed>
<ns3:Watts>220</ns3:Watts>
</ns3:TPX>
<bikeapp:Resistance01>16</bikeapp:Resistance01>
<bikeapp:BikeTotalDistanceM>2808.0</bikeapp:BikeTotalDistanceM>
</Extensions>
</Trackpoint>
<Trackpoint>
<Time>2026-05-29T20:40:36.626Z</Time>
<DistanceMeters>2622.7</DistanceMeters>
<HeartRateBpm><Value>122</Value></HeartRateBpm>
<Cadence>81</Cadence>
<Extensions>
<ns3:TPX>
<ns3:Speed>8.027</ns3:Speed>
<ns3:Watts>220</ns3:Watts>
</ns3:TPX>
<bikeapp:Resistance01>16</bikeapp:Resistance01>
<bikeapp:BikeTotalDistanceM>2817.0</bikeapp:BikeTotalDistanceM>
</Extensions>
</Trackpoint>
<Trackpoint>
<Time>2026-05-29T20:40:38.126Z</Time>
<DistanceMeters>2634.7</DistanceMeters>
<HeartRateBpm><Value>123</Value></HeartRateBpm>
<Cadence>79</Cadence>
<Extensions>
<ns3:TPX>
<ns3:Speed>8.030</ns3:Speed>
<ns3:Watts>211</ns3:Watts>
</ns3:TPX>
<bikeapp:Resistance01>16</bikeapp:Resistance01>
<bikeapp:BikeTotalDistanceM>2833.0</bikeapp:BikeTotalDistanceM>
</Extensions>
</Trackpoint>
<Trackpoint>
<Time>2026-05-29T20:40:39.127Z</Time>
<DistanceMeters>2642.7</DistanceMeters>
<HeartRateBpm><Value>124</Value></HeartRateBpm>
<Cadence>80</Cadence>
<Extensions>
<ns3:TPX>
<ns3:Speed>8.015</ns3:Speed>
<ns3:Watts>215</ns3:Watts>
</ns3:TPX>
<bikeapp:Resistance01>16</bikeapp:Resistance01>
<bikeapp:BikeTotalDistanceM>2842.0</bikeapp:BikeTotalDistanceM>
</Extensions>
</Trackpoint>
<Trackpoint>
<Time>2026-05-29T20:40:40.626Z</Time>
<DistanceMeters>2654.8</DistanceMeters>
<HeartRateBpm><Value>126</Value></HeartRateBpm>
<Cadence>81</Cadence>
<Extensions>
<ns3:TPX>
<ns3:Speed>8.044</ns3:Speed>
<ns3:Watts>220</ns3:Watts>
</ns3:TPX>
<bikeapp:Resistance01>16</bikeapp:Resistance01>
<bikeapp:BikeTotalDistanceM>2850.0</bikeapp:BikeTotalDistanceM>
</Extensions>
</Trackpoint>
<Trackpoint>
<Time>2026-05-29T20:40:42.126Z</Time>
<DistanceMeters>2666.9</DistanceMeters>
<HeartRateBpm><Value>127</Value></HeartRateBpm>
<Cadence>82</Cadence>
<Extensions>
<ns3:TPX>
<ns3:Speed>8.103</ns3:Speed>
<ns3:Watts>225</ns3:Watts>
</ns3:TPX>
<bikeapp:Resistance01>16</bikeapp:Resistance01>
<bikeapp:BikeTotalDistanceM>2867.0</bikeapp:BikeTotalDistanceM>
</Extensions>
</Trackpoint>
<Trackpoint>
<Time>2026-05-29T20:40:43.127Z</Time>
<DistanceMeters>2675.0</DistanceMeters>
<HeartRateBpm><Value>127</Value></HeartRateBpm>
<Cadence>80</Cadence>
<Extensions>
<ns3:TPX>
<ns3:Speed>8.094</ns3:Speed>
<ns3:Watts>215</ns3:Watts>
</ns3:TPX>
<bikeapp:Resistance01>16</bikeapp:Resistance01>
<bikeapp:BikeTotalDistanceM>2875.0</bikeapp:BikeTotalDistanceM>
</Extensions>
</Trackpoint>
<Trackpoint>
<Time>2026-05-29T20:40:44.138Z</Time>
<DistanceMeters>2683.2</DistanceMeters>
<HeartRateBpm><Value>127</Value></HeartRateBpm>
<Cadence>80</Cadence>
<Extensions>
<ns3:TPX>
<ns3:Speed>8.064</ns3:Speed>
<ns3:Watts>215</ns3:Watts>
</ns3:TPX>
<bikeapp:Resistance01>16</bikeapp:Resistance01>
<bikeapp:BikeTotalDistanceM>2884.0</bikeapp:BikeTotalDistanceM>
</Extensions>
</Trackpoint>
<Trackpoint>
<Time>2026-05-29T20:40:45.626Z</Time>
<DistanceMeters>2695.2</DistanceMeters>
<HeartRateBpm><Value>127</Value></HeartRateBpm>
<Cadence>81</Cadence>
<Extensions>
<ns3:TPX>
<ns3:Speed>8.067</ns3:Speed>
<ns3:Watts>220</ns3:Watts>
</ns3:TPX>
<bikeapp:Resistance01>16</bikeapp:Resistance01>
<bikeapp:BikeTotalDistanceM>2892.0</bikeapp:BikeTotalDistanceM>
</Extensions>
</Trackpoint>
<Trackpoint>
<Time>2026-05-29T20:40:46.626Z</Time>
<DistanceMeters>2703.3</DistanceMeters>
<HeartRateBpm><Value>126</Value></HeartRateBpm>
<Cadence>83</Cadence>
<Extensions>
<ns3:TPX>
<ns3:Speed>8.129</ns3:Speed>
<ns3:Watts>230</ns3:Watts>
</ns3:TPX>
<bikeapp:Resistance01>16</bikeapp:Resistance01>
<bikeapp:BikeTotalDistanceM>2901.0</bikeapp:BikeTotalDistanceM>
</Extensions>
</Trackpoint>
<Trackpoint>
<Time>2026-05-29T20:40:47.638Z</Time>
<DistanceMeters>2711.6</DistanceMeters>
<HeartRateBpm><Value>126</Value></HeartRateBpm>
<Cadence>87</Cadence>
<Extensions>
<ns3:TPX>
<ns3:Speed>8.283</ns3:Speed>
<ns3:Watts>252</ns3:Watts>
</ns3:TPX>
<bikeapp:Resistance01>16</bikeapp:Resistance01>
<bikeapp:BikeTotalDistanceM>2910.0</bikeapp:BikeTotalDistanceM>
</Extensions>
</Trackpoint>
<Trackpoint>
<Time>2026-05-29T20:40:49.126Z</Time>
<DistanceMeters>2724.1</DistanceMeters>
<HeartRateBpm><Value>127</Value></HeartRateBpm>
<Cadence>81</Cadence>
<Extensions>
<ns3:TPX>
<ns3:Speed>8.331</ns3:Speed>
<ns3:Watts>220</ns3:Watts>
</ns3:TPX>
<bikeapp:Resistance01>16</bikeapp:Resistance01>
<bikeapp:BikeTotalDistanceM>2927.0</bikeapp:BikeTotalDistanceM>
</Extensions>
</Trackpoint>
<Trackpoint>
<Time>2026-05-29T20:40:50.626Z</Time>
<DistanceMeters>2736.4</DistanceMeters>
<HeartRateBpm><Value>128</Value></HeartRateBpm>
<Cadence>81</Cadence>
<Extensions>
<ns3:TPX>
<ns3:Speed>8.205</ns3:Speed>
<ns3:Watts>220</ns3:Watts>
</ns3:TPX>
<bikeapp:Resistance01>16</bikeapp:Resistance01>
<bikeapp:BikeTotalDistanceM>2935.0</bikeapp:BikeTotalDistanceM>
</Extensions>
</Trackpoint>
<Trackpoint>
<Time>2026-05-29T20:40:52.126Z</Time>
<DistanceMeters>2748.7</DistanceMeters>
<HeartRateBpm><Value>128</Value></HeartRateBpm>
<Cadence>83</Cadence>
<Extensions>
<ns3:TPX>
<ns3:Speed>8.196</ns3:Speed>
<ns3:Watts>230</ns3:Watts>
</ns3:TPX>
<bikeapp:Resistance01>16</bikeapp:Resistance01>
<bikeapp:BikeTotalDistanceM>2953.0</bikeapp:BikeTotalDistanceM>
</Extensions>
</Trackpoint>
<Trackpoint>
<Time>2026-05-29T20:40:53.139Z</Time>
<DistanceMeters>2757.0</DistanceMeters>
<HeartRateBpm><Value>127</Value></HeartRateBpm>
<Cadence>83</Cadence>
<Extensions>
<ns3:TPX>
<ns3:Speed>8.208</ns3:Speed>
<ns3:Watts>230</ns3:Watts>
</ns3:TPX>
<bikeapp:Resistance01>16</bikeapp:Resistance01>
<bikeapp:BikeTotalDistanceM>2961.0</bikeapp:BikeTotalDistanceM>
</Extensions>
</Trackpoint>
<Trackpoint>
<Time>2026-05-29T20:40:54.630Z</Time>
<DistanceMeters>2769.3</DistanceMeters>
<HeartRateBpm><Value>124</Value></HeartRateBpm>
<Cadence>84</Cadence>
<Extensions>
<ns3:TPX>
<ns3:Speed>8.250</ns3:Speed>
<ns3:Watts>236</ns3:Watts>
</ns3:TPX>
<bikeapp:Resistance01>16</bikeapp:Resistance01>
<bikeapp:BikeTotalDistanceM>2970.0</bikeapp:BikeTotalDistanceM>
</Extensions>
</Trackpoint>
<Trackpoint>
<Time>2026-05-29T20:40:56.126Z</Time>
<DistanceMeters>2781.6</DistanceMeters>
<HeartRateBpm><Value>123</Value></HeartRateBpm>
<Cadence>82</Cadence>
<Extensions>
<ns3:TPX>
<ns3:Speed>8.203</ns3:Speed>
<ns3:Watts>225</ns3:Watts>
</ns3:TPX>
<bikeapp:Resistance01>16</bikeapp:Resistance01>
<bikeapp:BikeTotalDistanceM>2987.0</bikeapp:BikeTotalDistanceM>
</Extensions>
</Trackpoint>
<Trackpoint>
<Time>2026-05-29T20:40:57.626Z</Time>
<DistanceMeters>2793.9</DistanceMeters>
<HeartRateBpm><Value>124</Value></HeartRateBpm>
<Cadence>81</Cadence>
<Extensions>
<ns3:TPX>
<ns3:Speed>8.152</ns3:Speed>
<ns3:Watts>220</ns3:Watts>
</ns3:TPX>
<bikeapp:Resistance01>16</bikeapp:Resistance01>
<bikeapp:BikeTotalDistanceM>2995.0</bikeapp:BikeTotalDistanceM>
</Extensions>
</Trackpoint>
<Trackpoint>
<Time>2026-05-29T20:40:58.627Z</Time>
<DistanceMeters>2802.0</DistanceMeters>
<HeartRateBpm><Value>125</Value></HeartRateBpm>
<Cadence>79</Cadence>
<Extensions>
<ns3:TPX>
<ns3:Speed>8.077</ns3:Speed>
<ns3:Watts>211</ns3:Watts>
</ns3:TPX>
<bikeapp:Resistance01>16</bikeapp:Resistance01>
<bikeapp:BikeTotalDistanceM>3003.0</bikeapp:BikeTotalDistanceM>
</Extensions>
</Trackpoint>
<Trackpoint>
<Time>2026-05-29T20:41:00.126Z</Time>
<DistanceMeters>2814.0</DistanceMeters>
<HeartRateBpm><Value>126</Value></HeartRateBpm>
<Cadence>79</Cadence>
<Extensions>
<ns3:TPX>
<ns3:Speed>7.997</ns3:Speed>
<ns3:Watts>211</ns3:Watts>
</ns3:TPX>
<bikeapp:Resistance01>16</bikeapp:Resistance01>
<bikeapp:BikeTotalDistanceM>3020.0</bikeapp:BikeTotalDistanceM>
</Extensions>
</Trackpoint>
<Trackpoint>
<Time>2026-05-29T20:41:01.626Z</Time>
<DistanceMeters>2826.0</DistanceMeters>
<HeartRateBpm><Value>127</Value></HeartRateBpm>
<Cadence>81</Cadence>
<Extensions>
<ns3:TPX>
<ns3:Speed>8.027</ns3:Speed>
<ns3:Watts>220</ns3:Watts>
</ns3:TPX>
<bikeapp:Resistance01>16</bikeapp:Resistance01>
<bikeapp:BikeTotalDistanceM>3028.0</bikeapp:BikeTotalDistanceM>
</Extensions>
</Trackpoint>
<Trackpoint>
<Time>2026-05-29T20:41:03.126Z</Time>
<DistanceMeters>2838.1</DistanceMeters>
<HeartRateBpm><Value>128</Value></HeartRateBpm>
<Cadence>82</Cadence>
<Extensions>
<ns3:TPX>
<ns3:Speed>8.096</ns3:Speed>
<ns3:Watts>225</ns3:Watts>
</ns3:TPX>
<bikeapp:Resistance01>16</bikeapp:Resistance01>
<bikeapp:BikeTotalDistanceM>3045.0</bikeapp:BikeTotalDistanceM>
</Extensions>
</Trackpoint>
<Trackpoint>
<Time>2026-05-29T20:41:04.626Z</Time>
<DistanceMeters>2850.3</DistanceMeters>
<HeartRateBpm><Value>127</Value></HeartRateBpm>
<Cadence>81</Cadence>
<Extensions>
<ns3:TPX>
<ns3:Speed>8.101</ns3:Speed>
<ns3:Watts>220</ns3:Watts>
</ns3:TPX>
<bikeapp:Resistance01>16</bikeapp:Resistance01>
<bikeapp:BikeTotalDistanceM>3053.0</bikeapp:BikeTotalDistanceM>
</Extensions>
</Trackpoint>
<Trackpoint>
<Time>2026-05-29T20:41:06.126Z</Time>
<DistanceMeters>2862.4</DistanceMeters>
<HeartRateBpm><Value>127</Value></HeartRateBpm>
<Cadence>81</Cadence>
<Extensions>
<ns3:TPX>
<ns3:Speed>8.094</ns3:Speed>
<ns3:Watts>220</ns3:Watts>
</ns3:TPX>
<bikeapp:Resistance01>16</bikeapp:Resistance01>
<bikeapp:BikeTotalDistanceM>3070.0</bikeapp:BikeTotalDistanceM>
</Extensions>
</Trackpoint>
<Trackpoint>
<Time>2026-05-29T20:41:07.626Z</Time>
<DistanceMeters>2874.5</DistanceMeters>
<HeartRateBpm><Value>125</Value></HeartRateBpm>
<Cadence>81</Cadence>
<Extensions>
<ns3:TPX>
<ns3:Speed>8.091</ns3:Speed>
<ns3:Watts>220</ns3:Watts>
</ns3:TPX>
<bikeapp:Resistance01>16</bikeapp:Resistance01>
<bikeapp:BikeTotalDistanceM>3079.0</bikeapp:BikeTotalDistanceM>
</Extensions>
</Trackpoint>
<Trackpoint>
<Time>2026-05-29T20:41:08.627Z</Time>
<DistanceMeters>2882.6</DistanceMeters>
<HeartRateBpm><Value>125</Value></HeartRateBpm>
<Cadence>80</Cadence>
<Extensions>
<ns3:TPX>
<ns3:Speed>8.062</ns3:Speed>
<ns3:Watts>215</ns3:Watts>
</ns3:TPX>
<bikeapp:Resistance01>16</bikeapp:Resistance01>
<bikeapp:BikeTotalDistanceM>3087.0</bikeapp:BikeTotalDistanceM>
</Extensions>
</Trackpoint>
<Trackpoint>
<Time>2026-05-29T20:41:10.126Z</Time>
<DistanceMeters>2894.6</DistanceMeters>
<HeartRateBpm><Value>125</Value></HeartRateBpm>
<Cadence>78</Cadence>
<Extensions>
<ns3:TPX>
<ns3:Speed>7.995</ns3:Speed>
<ns3:Watts>207</ns3:Watts>
</ns3:TPX>
<bikeapp:Resistance01>16</bikeapp:Resistance01>
<bikeapp:BikeTotalDistanceM>3103.0</bikeapp:BikeTotalDistanceM>
</Extensions>
</Trackpoint>
<Trackpoint>
<Time>2026-05-29T20:41:11.127Z</Time>
<DistanceMeters>2902.6</DistanceMeters>
<HeartRateBpm><Value>125</Value></HeartRateBpm>
<Cadence>77</Cadence>
<Extensions>
<ns3:TPX>
<ns3:Speed>7.945</ns3:Speed>
<ns3:Watts>203</ns3:Watts>
</ns3:TPX>
<bikeapp:Resistance01>16</bikeapp:Resistance01>
<bikeapp:BikeTotalDistanceM>3111.0</bikeapp:BikeTotalDistanceM>
</Extensions>
</Trackpoint>
<Trackpoint>
<Time>2026-05-29T20:41:12.626Z</Time>
<DistanceMeters>2914.5</DistanceMeters>
<HeartRateBpm><Value>126</Value></HeartRateBpm>
<Cadence>77</Cadence>
<Extensions>
<ns3:TPX>
<ns3:Speed>7.890</ns3:Speed>
<ns3:Watts>203</ns3:Watts>
</ns3:TPX>
<bikeapp:Resistance01>16</bikeapp:Resistance01>
<bikeapp:BikeTotalDistanceM>3119.0</bikeapp:BikeTotalDistanceM>
</Extensions>
</Trackpoint>
<Trackpoint>
<Time>2026-05-29T20:41:14.127Z</Time>
<DistanceMeters>2926.3</DistanceMeters>
<HeartRateBpm><Value>126</Value></HeartRateBpm>
<Cadence>77</Cadence>
<Extensions>
<ns3:TPX>
<ns3:Speed>7.864</ns3:Speed>
<ns3:Watts>203</ns3:Watts>
</ns3:TPX>
<bikeapp:Resistance01>16</bikeapp:Resistance01>
<bikeapp:BikeTotalDistanceM>3135.0</bikeapp:BikeTotalDistanceM>
</Extensions>
</Trackpoint>
<Trackpoint>
<Time>2026-05-29T20:41:15.626Z</Time>
<DistanceMeters>2938.1</DistanceMeters>
<HeartRateBpm><Value>125</Value></HeartRateBpm>
<Cadence>77</Cadence>
<Extensions>
<ns3:TPX>
<ns3:Speed>7.851</ns3:Speed>
<ns3:Watts>203</ns3:Watts>
</ns3:TPX>
<bikeapp:Resistance01>16</bikeapp:Resistance01>
<bikeapp:BikeTotalDistanceM>3143.0</bikeapp:BikeTotalDistanceM>
</Extensions>
</Trackpoint>
<Trackpoint>
<Time>2026-05-29T20:41:17.139Z</Time>
<DistanceMeters>2949.9</DistanceMeters>
<HeartRateBpm><Value>123</Value></HeartRateBpm>
<Cadence>77</Cadence>
<Extensions>
<ns3:TPX>
<ns3:Speed>7.845</ns3:Speed>
<ns3:Watts>203</ns3:Watts>
</ns3:TPX>
<bikeapp:Resistance01>16</bikeapp:Resistance01>
<bikeapp:BikeTotalDistanceM>3159.0</bikeapp:BikeTotalDistanceM>
</Extensions>
</Trackpoint>
<Trackpoint>
<Time>2026-05-29T20:41:18.626Z</Time>
<DistanceMeters>2961.6</DistanceMeters>
<HeartRateBpm><Value>122</Value></HeartRateBpm>
<Cadence>77</Cadence>
<Extensions>
<ns3:TPX>
<ns3:Speed>7.842</ns3:Speed>
<ns3:Watts>203</ns3:Watts>
</ns3:TPX>
<bikeapp:Resistance01>16</bikeapp:Resistance01>
<bikeapp:BikeTotalDistanceM>3167.0</bikeapp:BikeTotalDistanceM>
</Extensions>
</Trackpoint>
<Trackpoint>
<Time>2026-05-29T20:41:19.626Z</Time>
<DistanceMeters>2969.4</DistanceMeters>
<HeartRateBpm><Value>121</Value></HeartRateBpm>
<Cadence>76</Cadence>
<Extensions>
<ns3:TPX>
<ns3:Speed>7.818</ns3:Speed>
<ns3:Watts>199</ns3:Watts>
</ns3:TPX>
<bikeapp:Resistance01>16</bikeapp:Resistance01>
<bikeapp:BikeTotalDistanceM>3175.0</bikeapp:BikeTotalDistanceM>
</Extensions>
</Trackpoint>
<Trackpoint>
<Time>2026-05-29T20:41:21.126Z</Time>
<DistanceMeters>2981.1</DistanceMeters>
<HeartRateBpm><Value>122</Value></HeartRateBpm>
<Cadence>76</Cadence>
<Extensions>
<ns3:TPX>
<ns3:Speed>7.798</ns3:Speed>
<ns3:Watts>199</ns3:Watts>
</ns3:TPX>
<bikeapp:Resistance01>16</bikeapp:Resistance01>
<bikeapp:BikeTotalDistanceM>3191.0</bikeapp:BikeTotalDistanceM>
</Extensions>
</Trackpoint>
<Trackpoint>
<Time>2026-05-29T20:41:22.128Z</Time>
<DistanceMeters>2988.9</DistanceMeters>
<HeartRateBpm><Value>123</Value></HeartRateBpm>
<Cadence>76</Cadence>
<Extensions>
<ns3:TPX>
<ns3:Speed>7.790</ns3:Speed>
<ns3:Watts>199</ns3:Watts>
</ns3:TPX>
<bikeapp:Resistance01>16</bikeapp:Resistance01>
<bikeapp:BikeTotalDistanceM>3198.0</bikeapp:BikeTotalDistanceM>
</Extensions>
</Trackpoint>
<Trackpoint>
<Time>2026-05-29T20:41:23.627Z</Time>
<DistanceMeters>3000.6</DistanceMeters>
<HeartRateBpm><Value>125</Value></HeartRateBpm>
<Cadence>76</Cadence>
<Extensions>
<ns3:TPX>
<ns3:Speed>7.784</ns3:Speed>
<ns3:Watts>199</ns3:Watts>
</ns3:TPX>
<bikeapp:Resistance01>16</bikeapp:Resistance01>
<bikeapp:BikeTotalDistanceM>3206.0</bikeapp:BikeTotalDistanceM>
</Extensions>
</Trackpoint>
<Trackpoint>
<Time>2026-05-29T20:41:25.126Z</Time>
<DistanceMeters>3012.3</DistanceMeters>
<HeartRateBpm><Value>125</Value></HeartRateBpm>
<Cadence>78</Cadence>
<Extensions>
<ns3:TPX>
<ns3:Speed>7.808</ns3:Speed>
<ns3:Watts>207</ns3:Watts>
</ns3:TPX>
<bikeapp:Resistance01>16</bikeapp:Resistance01>
<bikeapp:BikeTotalDistanceM>3222.0</bikeapp:BikeTotalDistanceM>
</Extensions>
</Trackpoint>
<Trackpoint>
<Time>2026-05-29T20:41:26.127Z</Time>
<DistanceMeters>3020.1</DistanceMeters>
<HeartRateBpm><Value>126</Value></HeartRateBpm>
<Cadence>78</Cadence>
<Extensions>
<ns3:TPX>
<ns3:Speed>7.843</ns3:Speed>
<ns3:Watts>207</ns3:Watts>
</ns3:TPX>
<bikeapp:Resistance01>16</bikeapp:Resistance01>
<bikeapp:BikeTotalDistanceM>3230.0</bikeapp:BikeTotalDistanceM>
</Extensions>
</Trackpoint>
<Trackpoint>
<Time>2026-05-29T20:41:27.139Z</Time>
<DistanceMeters>3028.1</DistanceMeters>
<HeartRateBpm><Value>126</Value></HeartRateBpm>
<Cadence>77</Cadence>
<Extensions>
<ns3:TPX>
<ns3:Speed>7.852</ns3:Speed>
<ns3:Watts>203</ns3:Watts>
</ns3:TPX>
<bikeapp:Resistance01>16</bikeapp:Resistance01>
<bikeapp:BikeTotalDistanceM>3238.0</bikeapp:BikeTotalDistanceM>
</Extensions>
</Trackpoint>
<Trackpoint>
<Time>2026-05-29T20:41:28.139Z</Time>
<DistanceMeters>3035.9</DistanceMeters>
<HeartRateBpm><Value>125</Value></HeartRateBpm>
<Cadence>74</Cadence>
<Extensions>
<ns3:TPX>
<ns3:Speed>7.806</ns3:Speed>
<ns3:Watts>191</ns3:Watts>
</ns3:TPX>
<bikeapp:Resistance01>16</bikeapp:Resistance01>
<bikeapp:BikeTotalDistanceM>3246.0</bikeapp:BikeTotalDistanceM>
</Extensions>
</Trackpoint>
<Trackpoint>
<Time>2026-05-29T20:41:29.140Z</Time>
<DistanceMeters>3043.7</DistanceMeters>
<HeartRateBpm><Value>125</Value></HeartRateBpm>
<Cadence>74</Cadence>
<Extensions>
<ns3:TPX>
<ns3:Speed>7.747</ns3:Speed>
<ns3:Watts>191</ns3:Watts>
</ns3:TPX>
<bikeapp:Resistance01>16</bikeapp:Resistance01>
<bikeapp:BikeTotalDistanceM>3254.0</bikeapp:BikeTotalDistanceM>
</Extensions>
</Trackpoint>
<Trackpoint>
<Time>2026-05-29T20:41:30.626Z</Time>
<DistanceMeters>3055.1</DistanceMeters>
<HeartRateBpm><Value>125</Value></HeartRateBpm>
<Cadence>74</Cadence>
<Extensions>
<ns3:TPX>
<ns3:Speed>7.700</ns3:Speed>
<ns3:Watts>191</ns3:Watts>
</ns3:TPX>
<bikeapp:Resistance01>16</bikeapp:Resistance01>
<bikeapp:BikeTotalDistanceM>3261.0</bikeapp:BikeTotalDistanceM>
</Extensions>
</Trackpoint>
<Trackpoint>
<Time>2026-05-29T20:41:31.627Z</Time>
<DistanceMeters>3062.8</DistanceMeters>
<HeartRateBpm><Value>126</Value></HeartRateBpm>
<Cadence>74</Cadence>
<Extensions>
<ns3:TPX>
<ns3:Speed>7.682</ns3:Speed>
<ns3:Watts>191</ns3:Watts>
</ns3:TPX>
<bikeapp:Resistance01>16</bikeapp:Resistance01>
<bikeapp:BikeTotalDistanceM>3269.0</bikeapp:BikeTotalDistanceM>
</Extensions>
</Trackpoint>
<Trackpoint>
<Time>2026-05-29T20:41:33.127Z</Time>
<DistanceMeters>3074.4</DistanceMeters>
<HeartRateBpm><Value>126</Value></HeartRateBpm>
<Cadence>76</Cadence>
<Extensions>
<ns3:TPX>
<ns3:Speed>7.714</ns3:Speed>
<ns3:Watts>199</ns3:Watts>
</ns3:TPX>
<bikeapp:Resistance01>16</bikeapp:Resistance01>
<bikeapp:BikeTotalDistanceM>3285.0</bikeapp:BikeTotalDistanceM>
</Extensions>
</Trackpoint>
<Trackpoint>
<Time>2026-05-29T20:41:34.626Z</Time>
<DistanceMeters>3086.0</DistanceMeters>
<HeartRateBpm><Value>127</Value></HeartRateBpm>
<Cadence>79</Cadence>
<Extensions>
<ns3:TPX>
<ns3:Speed>7.817</ns3:Speed>
<ns3:Watts>211</ns3:Watts>
</ns3:TPX>
<bikeapp:Resistance01>16</bikeapp:Resistance01>
<bikeapp:BikeTotalDistanceM>3293.0</bikeapp:BikeTotalDistanceM>
</Extensions>
</Trackpoint>
<Trackpoint>
<Time>2026-05-29T20:41:35.626Z</Time>
<DistanceMeters>3093.9</DistanceMeters>
<HeartRateBpm><Value>127</Value></HeartRateBpm>
<Cadence>80</Cadence>
<Extensions>
<ns3:TPX>
<ns3:Speed>7.895</ns3:Speed>
<ns3:Watts>215</ns3:Watts>
</ns3:TPX>
<bikeapp:Resistance01>16</bikeapp:Resistance01>
<bikeapp:BikeTotalDistanceM>3301.0</bikeapp:BikeTotalDistanceM>
</Extensions>
</Trackpoint>
<Trackpoint>
<Time>2026-05-29T20:41:37.128Z</Time>
<DistanceMeters>3105.8</DistanceMeters>
<HeartRateBpm><Value>128</Value></HeartRateBpm>
<Cadence>78</Cadence>
<Extensions>
<ns3:TPX>
<ns3:Speed>7.915</ns3:Speed>
<ns3:Watts>207</ns3:Watts>
</ns3:TPX>
<bikeapp:Resistance01>16</bikeapp:Resistance01>
<bikeapp:BikeTotalDistanceM>3317.0</bikeapp:BikeTotalDistanceM>
</Extensions>
</Trackpoint>
<Trackpoint>
<Time>2026-05-29T20:41:38.631Z</Time>
<DistanceMeters>3117.7</DistanceMeters>
<HeartRateBpm><Value>125</Value></HeartRateBpm>
<Cadence>79</Cadence>
<Extensions>
<ns3:TPX>
<ns3:Speed>7.930</ns3:Speed>
<ns3:Watts>211</ns3:Watts>
</ns3:TPX>
<bikeapp:Resistance01>16</bikeapp:Resistance01>
<bikeapp:BikeTotalDistanceM>3326.0</bikeapp:BikeTotalDistanceM>
</Extensions>
</Trackpoint>
<Trackpoint>
<Time>2026-05-29T20:41:40.142Z</Time>
<DistanceMeters>3129.6</DistanceMeters>
<HeartRateBpm><Value>124</Value></HeartRateBpm>
<Cadence>77</Cadence>
<Extensions>
<ns3:TPX>
<ns3:Speed>7.882</ns3:Speed>
<ns3:Watts>203</ns3:Watts>
</ns3:TPX>
<bikeapp:Resistance01>16</bikeapp:Resistance01>
<bikeapp:BikeTotalDistanceM>3341.0</bikeapp:BikeTotalDistanceM>
</Extensions>
</Trackpoint>
<Trackpoint>
<Time>2026-05-29T20:41:41.627Z</Time>
<DistanceMeters>3141.3</DistanceMeters>
<HeartRateBpm><Value>124</Value></HeartRateBpm>
<Cadence>76</Cadence>
<Extensions>
<ns3:TPX>
<ns3:Speed>7.837</ns3:Speed>
<ns3:Watts>199</ns3:Watts>
</ns3:TPX>
<bikeapp:Resistance01>16</bikeapp:Resistance01>
<bikeapp:BikeTotalDistanceM>3349.0</bikeapp:BikeTotalDistanceM>
</Extensions>
</Trackpoint>
<Trackpoint>
<Time>2026-05-29T20:41:43.139Z</Time>
<DistanceMeters>3153.4</DistanceMeters>
<HeartRateBpm><Value>125</Value></HeartRateBpm>
<Cadence>83</Cadence>
<Extensions>
<ns3:TPX>
<ns3:Speed>8.066</ns3:Speed>
<ns3:Watts>230</ns3:Watts>
</ns3:TPX>
<bikeapp:Resistance01>16</bikeapp:Resistance01>
<bikeapp:BikeTotalDistanceM>3367.0</bikeapp:BikeTotalDistanceM>
</Extensions>
</Trackpoint>
<Trackpoint>
<Time>2026-05-29T20:41:44.139Z</Time>
<DistanceMeters>3161.5</DistanceMeters>
<HeartRateBpm><Value>125</Value></HeartRateBpm>
<Cadence>81</Cadence>
<Extensions>
<ns3:TPX>
<ns3:Speed>8.098</ns3:Speed>
<ns3:Watts>220</ns3:Watts>
</ns3:TPX>
<bikeapp:Resistance01>16</bikeapp:Resistance01>
<bikeapp:BikeTotalDistanceM>3375.0</bikeapp:BikeTotalDistanceM>
</Extensions>
</Trackpoint>
<Trackpoint>
<Time>2026-05-29T20:41:45.627Z</Time>
<DistanceMeters>3173.5</DistanceMeters>
<HeartRateBpm><Value>126</Value></HeartRateBpm>
<Cadence>79</Cadence>
<Extensions>
<ns3:TPX>
<ns3:Speed>8.042</ns3:Speed>
<ns3:Watts>211</ns3:Watts>
</ns3:TPX>
<bikeapp:Resistance01>16</bikeapp:Resistance01>
<bikeapp:BikeTotalDistanceM>3383.0</bikeapp:BikeTotalDistanceM>
</Extensions>
</Trackpoint>
<Trackpoint>
<Time>2026-05-29T20:41:46.627Z</Time>
<DistanceMeters>3181.5</DistanceMeters>
<HeartRateBpm><Value>127</Value></HeartRateBpm>
<Cadence>79</Cadence>
<Extensions>
<ns3:TPX>
<ns3:Speed>8.010</ns3:Speed>
<ns3:Watts>211</ns3:Watts>
</ns3:TPX>
<bikeapp:Resistance01>16</bikeapp:Resistance01>
<bikeapp:BikeTotalDistanceM>3391.0</bikeapp:BikeTotalDistanceM>
</Extensions>
</Trackpoint>
<Trackpoint>
<Time>2026-05-29T20:41:47.640Z</Time>
<DistanceMeters>3189.6</DistanceMeters>
<HeartRateBpm><Value>128</Value></HeartRateBpm>
<Cadence>79</Cadence>
<Extensions>
<ns3:TPX>
<ns3:Speed>7.990</ns3:Speed>
<ns3:Watts>211</ns3:Watts>
</ns3:TPX>
<bikeapp:Resistance01>16</bikeapp:Resistance01>
<bikeapp:BikeTotalDistanceM>3400.0</bikeapp:BikeTotalDistanceM>
</Extensions>
</Trackpoint>
<Trackpoint>
<Time>2026-05-29T20:41:49.139Z</Time>
<DistanceMeters>3201.5</DistanceMeters>
<HeartRateBpm><Value>128</Value></HeartRateBpm>
<Cadence>76</Cadence>
<Extensions>
<ns3:TPX>
<ns3:Speed>7.916</ns3:Speed>
<ns3:Watts>199</ns3:Watts>
</ns3:TPX>
<bikeapp:Resistance01>16</bikeapp:Resistance01>
<bikeapp:BikeTotalDistanceM>3416.0</bikeapp:BikeTotalDistanceM>
</Extensions>
</Trackpoint>
<Trackpoint>
<Time>2026-05-29T20:41:50.163Z</Time>
<DistanceMeters>3209.6</DistanceMeters>
<HeartRateBpm><Value>128</Value></HeartRateBpm>
<Cadence>75</Cadence>
<Extensions>
<ns3:TPX>
<ns3:Speed>7.849</ns3:Speed>
<ns3:Watts>195</ns3:Watts>
</ns3:TPX>
<bikeapp:Resistance01>16</bikeapp:Resistance01>
<bikeapp:BikeTotalDistanceM>3423.0</bikeapp:BikeTotalDistanceM>
</Extensions>
</Trackpoint>
<Trackpoint>
<Time>2026-05-29T20:41:51.651Z</Time>
<DistanceMeters>3221.2</DistanceMeters>
<HeartRateBpm><Value>126</Value></HeartRateBpm>
<Cadence>77</Cadence>
<Extensions>
<ns3:TPX>
<ns3:Speed>7.828</ns3:Speed>
<ns3:Watts>203</ns3:Watts>
</ns3:TPX>
<bikeapp:Resistance01>16</bikeapp:Resistance01>
<bikeapp:BikeTotalDistanceM>3431.0</bikeapp:BikeTotalDistanceM>
</Extensions>
</Trackpoint>
<Trackpoint>
<Time>2026-05-29T20:41:52.664Z</Time>
<DistanceMeters>3229.1</DistanceMeters>
<HeartRateBpm><Value>126</Value></HeartRateBpm>
<Cadence>75</Cadence>
<Extensions>
<ns3:TPX>
<ns3:Speed>7.785</ns3:Speed>
<ns3:Watts>195</ns3:Watts>
</ns3:TPX>
<bikeapp:Resistance01>16</bikeapp:Resistance01>
<bikeapp:BikeTotalDistanceM>3439.0</bikeapp:BikeTotalDistanceM>
</Extensions>
</Trackpoint>
<Trackpoint>
<Time>2026-05-29T20:41:54.165Z</Time>
<DistanceMeters>3240.8</DistanceMeters>
<HeartRateBpm><Value>125</Value></HeartRateBpm>
<Cadence>75</Cadence>
<Extensions>
<ns3:TPX>
<ns3:Speed>7.750</ns3:Speed>
<ns3:Watts>195</ns3:Watts>
</ns3:TPX>
<bikeapp:Resistance01>16</bikeapp:Resistance01>
<bikeapp:BikeTotalDistanceM>3455.0</bikeapp:BikeTotalDistanceM>
</Extensions>
</Trackpoint>
<Trackpoint>
<Time>2026-05-29T20:41:55.660Z</Time>
<DistanceMeters>3252.4</DistanceMeters>
<HeartRateBpm><Value>123</Value></HeartRateBpm>
<Cadence>75</Cadence>
<Extensions>
<ns3:TPX>
<ns3:Speed>7.804</ns3:Speed>
<ns3:Watts>207</ns3:Watts>
</ns3:TPX>
<bikeapp:Resistance01>17</bikeapp:Resistance01>
<bikeapp:BikeTotalDistanceM>3462.0</bikeapp:BikeTotalDistanceM>
</Extensions>
</Trackpoint>
<Trackpoint>
<Time>2026-05-29T20:41:57.152Z</Time>
<DistanceMeters>3264.2</DistanceMeters>
<HeartRateBpm><Value>123</Value></HeartRateBpm>
<Cadence>82</Cadence>
<Extensions>
<ns3:TPX>
<ns3:Speed>8.005</ns3:Speed>
<ns3:Watts>239</ns3:Watts>
</ns3:TPX>
<bikeapp:Resistance01>17</bikeapp:Resistance01>
<bikeapp:BikeTotalDistanceM>3479.0</bikeapp:BikeTotalDistanceM>
</Extensions>
</Trackpoint>
<Trackpoint>
<Time>2026-05-29T20:41:58.652Z</Time>
<DistanceMeters>3276.4</DistanceMeters>
<HeartRateBpm><Value>124</Value></HeartRateBpm>
<Cadence>82</Cadence>
<Extensions>
<ns3:TPX>
<ns3:Speed>8.185</ns3:Speed>
<ns3:Watts>239</ns3:Watts>
</ns3:TPX>
<bikeapp:Resistance01>17</bikeapp:Resistance01>
<bikeapp:BikeTotalDistanceM>3487.0</bikeapp:BikeTotalDistanceM>
</Extensions>
</Trackpoint>
<Trackpoint>
<Time>2026-05-29T20:42:00.152Z</Time>
<DistanceMeters>3288.9</DistanceMeters>
<HeartRateBpm><Value>124</Value></HeartRateBpm>
<Cadence>83</Cadence>
<Extensions>
<ns3:TPX>
<ns3:Speed>8.336</ns3:Speed>
<ns3:Watts>245</ns3:Watts>
</ns3:TPX>
<bikeapp:Resistance01>17</bikeapp:Resistance01>
<bikeapp:BikeTotalDistanceM>3505.0</bikeapp:BikeTotalDistanceM>
</Extensions>
</Trackpoint>
<Trackpoint>
<Time>2026-05-29T20:42:01.651Z</Time>
<DistanceMeters>3301.4</DistanceMeters>
<HeartRateBpm><Value>125</Value></HeartRateBpm>
<Cadence>84</Cadence>
<Extensions>
<ns3:TPX>
<ns3:Speed>8.415</ns3:Speed>
<ns3:Watts>251</ns3:Watts>
</ns3:TPX>
<bikeapp:Resistance01>17</bikeapp:Resistance01>
<bikeapp:BikeTotalDistanceM>3513.0</bikeapp:BikeTotalDistanceM>
</Extensions>
</Trackpoint>
<Trackpoint>
<Time>2026-05-29T20:42:03.152Z</Time>
<DistanceMeters>3314.1</DistanceMeters>
<HeartRateBpm><Value>126</Value></HeartRateBpm>
<Cadence>81</Cadence>
<Extensions>
<ns3:TPX>
<ns3:Speed>8.387</ns3:Speed>
<ns3:Watts>233</ns3:Watts>
</ns3:TPX>
<bikeapp:Resistance01>17</bikeapp:Resistance01>
<bikeapp:BikeTotalDistanceM>3530.0</bikeapp:BikeTotalDistanceM>
</Extensions>
</Trackpoint>
<Trackpoint>
<Time>2026-05-29T20:42:04.652Z</Time>
<DistanceMeters>3326.6</DistanceMeters>
<HeartRateBpm><Value>128</Value></HeartRateBpm>
<Cadence>81</Cadence>
<Extensions>
<ns3:TPX>
<ns3:Speed>8.326</ns3:Speed>
<ns3:Watts>233</ns3:Watts>
</ns3:TPX>
<bikeapp:Resistance01>17</bikeapp:Resistance01>
<bikeapp:BikeTotalDistanceM>3539.0</bikeapp:BikeTotalDistanceM>
</Extensions>
</Trackpoint>
<Trackpoint>
<Time>2026-05-29T20:42:06.152Z</Time>
<DistanceMeters>3339.0</DistanceMeters>
<HeartRateBpm><Value>128</Value></HeartRateBpm>
<Cadence>81</Cadence>
<Extensions>
<ns3:TPX>
<ns3:Speed>8.296</ns3:Speed>
<ns3:Watts>233</ns3:Watts>
</ns3:TPX>
<bikeapp:Resistance01>17</bikeapp:Resistance01>
<bikeapp:BikeTotalDistanceM>3556.0</bikeapp:BikeTotalDistanceM>
</Extensions>
</Trackpoint>
<Trackpoint>
<Time>2026-05-29T20:42:07.652Z</Time>
<DistanceMeters>3351.4</DistanceMeters>
<HeartRateBpm><Value>130</Value></HeartRateBpm>
<Cadence>80</Cadence>
<Extensions>
<ns3:TPX>
<ns3:Speed>8.255</ns3:Speed>
<ns3:Watts>228</ns3:Watts>
</ns3:TPX>
<bikeapp:Resistance01>17</bikeapp:Resistance01>
<bikeapp:BikeTotalDistanceM>3564.0</bikeapp:BikeTotalDistanceM>
</Extensions>
</Trackpoint>
<Trackpoint>
<Time>2026-05-29T20:42:09.164Z</Time>
<DistanceMeters>3363.9</DistanceMeters>
<HeartRateBpm><Value>130</Value></HeartRateBpm>
<Cadence>82</Cadence>
<Extensions>
<ns3:TPX>
<ns3:Speed>8.281</ns3:Speed>
<ns3:Watts>239</ns3:Watts>
</ns3:TPX>
<bikeapp:Resistance01>17</bikeapp:Resistance01>
<bikeapp:BikeTotalDistanceM>3581.0</bikeapp:BikeTotalDistanceM>
</Extensions>
</Trackpoint>
<Trackpoint>
<Time>2026-05-29T20:42:10.656Z</Time>
<DistanceMeters>3376.3</DistanceMeters>
<HeartRateBpm><Value>131</Value></HeartRateBpm>
<Cadence>81</Cadence>
<Extensions>
<ns3:TPX>
<ns3:Speed>8.285</ns3:Speed>
<ns3:Watts>233</ns3:Watts>
</ns3:TPX>
<bikeapp:Resistance01>17</bikeapp:Resistance01>
<bikeapp:BikeTotalDistanceM>3589.0</bikeapp:BikeTotalDistanceM>
</Extensions>
</Trackpoint>
<Trackpoint>
<Time>2026-05-29T20:42:12.152Z</Time>
<DistanceMeters>3388.6</DistanceMeters>
<HeartRateBpm><Value>132</Value></HeartRateBpm>
<Cadence>79</Cadence>
<Extensions>
<ns3:TPX>
<ns3:Speed>8.226</ns3:Speed>
<ns3:Watts>223</ns3:Watts>
</ns3:TPX>
<bikeapp:Resistance01>17</bikeapp:Resistance01>
<bikeapp:BikeTotalDistanceM>3606.0</bikeapp:BikeTotalDistanceM>
</Extensions>
</Trackpoint>
<Trackpoint>
<Time>2026-05-29T20:42:13.653Z</Time>
<DistanceMeters>3400.9</DistanceMeters>
<HeartRateBpm><Value>133</Value></HeartRateBpm>
<Cadence>77</Cadence>
<Extensions>
<ns3:TPX>
<ns3:Speed>8.132</ns3:Speed>
<ns3:Watts>215</ns3:Watts>
</ns3:TPX>
<bikeapp:Resistance01>17</bikeapp:Resistance01>
<bikeapp:BikeTotalDistanceM>3614.0</bikeapp:BikeTotalDistanceM>
</Extensions>
</Trackpoint>
<Trackpoint>
<Time>2026-05-29T20:42:15.152Z</Time>
<DistanceMeters>3413.1</DistanceMeters>
<HeartRateBpm><Value>133</Value></HeartRateBpm>
<Cadence>79</Cadence>
<Extensions>
<ns3:TPX>
<ns3:Speed>8.114</ns3:Speed>
<ns3:Watts>223</ns3:Watts>
</ns3:TPX>
<bikeapp:Resistance01>17</bikeapp:Resistance01>
<bikeapp:BikeTotalDistanceM>3630.0</bikeapp:BikeTotalDistanceM>
</Extensions>
</Trackpoint>
<Trackpoint>
<Time>2026-05-29T20:42:16.653Z</Time>
<DistanceMeters>3425.2</DistanceMeters>
<HeartRateBpm><Value>133</Value></HeartRateBpm>
<Cadence>77</Cadence>
<Extensions>
<ns3:TPX>
<ns3:Speed>8.079</ns3:Speed>
<ns3:Watts>215</ns3:Watts>
</ns3:TPX>
<bikeapp:Resistance01>17</bikeapp:Resistance01>
<bikeapp:BikeTotalDistanceM>3638.0</bikeapp:BikeTotalDistanceM>
</Extensions>
</Trackpoint>
<Trackpoint>
<Time>2026-05-29T20:42:18.152Z</Time>
<DistanceMeters>3437.4</DistanceMeters>
<HeartRateBpm><Value>133</Value></HeartRateBpm>
<Cadence>79</Cadence>
<Extensions>
<ns3:TPX>
<ns3:Speed>8.106</ns3:Speed>
<ns3:Watts>223</ns3:Watts>
</ns3:TPX>
<bikeapp:Resistance01>17</bikeapp:Resistance01>
<bikeapp:BikeTotalDistanceM>3654.0</bikeapp:BikeTotalDistanceM>
</Extensions>
</Trackpoint>
<Trackpoint>
<Time>2026-05-29T20:42:19.652Z</Time>
<DistanceMeters>3449.6</DistanceMeters>
<HeartRateBpm><Value>132</Value></HeartRateBpm>
<Cadence>80</Cadence>
<Extensions>
<ns3:TPX>
<ns3:Speed>8.146</ns3:Speed>
<ns3:Watts>228</ns3:Watts>
</ns3:TPX>
<bikeapp:Resistance01>17</bikeapp:Resistance01>
<bikeapp:BikeTotalDistanceM>3662.0</bikeapp:BikeTotalDistanceM>
</Extensions>
</Trackpoint>
<Trackpoint>
<Time>2026-05-29T20:42:21.152Z</Time>
<DistanceMeters>3461.9</DistanceMeters>
<HeartRateBpm><Value>132</Value></HeartRateBpm>
<Cadence>82</Cadence>
<Extensions>
<ns3:TPX>
<ns3:Speed>8.252</ns3:Speed>
<ns3:Watts>239</ns3:Watts>
</ns3:TPX>
<bikeapp:Resistance01>17</bikeapp:Resistance01>
<bikeapp:BikeTotalDistanceM>3679.0</bikeapp:BikeTotalDistanceM>
</Extensions>
</Trackpoint>
<Trackpoint>
<Time>2026-05-29T20:42:22.652Z</Time>
<DistanceMeters>3474.3</DistanceMeters>
<HeartRateBpm><Value>132</Value></HeartRateBpm>
<Cadence>80</Cadence>
<Extensions>
<ns3:TPX>
<ns3:Speed>8.245</ns3:Speed>
<ns3:Watts>228</ns3:Watts>
</ns3:TPX>
<bikeapp:Resistance01>17</bikeapp:Resistance01>
<bikeapp:BikeTotalDistanceM>3688.0</bikeapp:BikeTotalDistanceM>
</Extensions>
</Trackpoint>
<Trackpoint>
<Time>2026-05-29T20:42:24.164Z</Time>
<DistanceMeters>3486.8</DistanceMeters>
<HeartRateBpm><Value>133</Value></HeartRateBpm>
<Cadence>82</Cadence>
<Extensions>
<ns3:TPX>
<ns3:Speed>8.276</ns3:Speed>
<ns3:Watts>239</ns3:Watts>
</ns3:TPX>
<bikeapp:Resistance01>17</bikeapp:Resistance01>
<bikeapp:BikeTotalDistanceM>3705.0</bikeapp:BikeTotalDistanceM>
</Extensions>
</Trackpoint>
<Trackpoint>
<Time>2026-05-29T20:42:25.652Z</Time>
<DistanceMeters>3499.1</DistanceMeters>
<HeartRateBpm><Value>133</Value></HeartRateBpm>
<Cadence>81</Cadence>
<Extensions>
<ns3:TPX>
<ns3:Speed>8.283</ns3:Speed>
<ns3:Watts>233</ns3:Watts>
</ns3:TPX>
<bikeapp:Resistance01>17</bikeapp:Resistance01>
<bikeapp:BikeTotalDistanceM>3713.0</bikeapp:BikeTotalDistanceM>
</Extensions>
</Trackpoint>
<Trackpoint>
<Time>2026-05-29T20:42:27.152Z</Time>
<DistanceMeters>3511.5</DistanceMeters>
<HeartRateBpm><Value>134</Value></HeartRateBpm>
<Cadence>79</Cadence>
<Extensions>
<ns3:TPX>
<ns3:Speed>8.245</ns3:Speed>
<ns3:Watts>223</ns3:Watts>
</ns3:TPX>
<bikeapp:Resistance01>17</bikeapp:Resistance01>
<bikeapp:BikeTotalDistanceM>3730.0</bikeapp:BikeTotalDistanceM>
</Extensions>
</Trackpoint>
<Trackpoint>
<Time>2026-05-29T20:42:28.652Z</Time>
<DistanceMeters>3523.8</DistanceMeters>
<HeartRateBpm><Value>133</Value></HeartRateBpm>
<Cadence>78</Cadence>
<Extensions>
<ns3:TPX>
<ns3:Speed>8.163</ns3:Speed>
<ns3:Watts>219</ns3:Watts>
</ns3:TPX>
<bikeapp:Resistance01>17</bikeapp:Resistance01>
<bikeapp:BikeTotalDistanceM>3738.0</bikeapp:BikeTotalDistanceM>
</Extensions>
</Trackpoint>
<Trackpoint>
<Time>2026-05-29T20:42:30.152Z</Time>
<DistanceMeters>3535.9</DistanceMeters>
<HeartRateBpm><Value>133</Value></HeartRateBpm>
<Cadence>77</Cadence>
<Extensions>
<ns3:TPX>
<ns3:Speed>8.087</ns3:Speed>
<ns3:Watts>215</ns3:Watts>
</ns3:TPX>
<bikeapp:Resistance01>17</bikeapp:Resistance01>
<bikeapp:BikeTotalDistanceM>3754.0</bikeapp:BikeTotalDistanceM>
</Extensions>
</Trackpoint>
<Trackpoint>
<Time>2026-05-29T20:42:31.652Z</Time>
<DistanceMeters>3548.0</DistanceMeters>
<HeartRateBpm><Value>131</Value></HeartRateBpm>
<Cadence>78</Cadence>
<Extensions>
<ns3:TPX>
<ns3:Speed>8.072</ns3:Speed>
<ns3:Watts>219</ns3:Watts>
</ns3:TPX>
<bikeapp:Resistance01>17</bikeapp:Resistance01>
<bikeapp:BikeTotalDistanceM>3762.0</bikeapp:BikeTotalDistanceM>
</Extensions>
</Trackpoint>
<Trackpoint>
<Time>2026-05-29T20:42:33.152Z</Time>
<DistanceMeters>3560.1</DistanceMeters>
<HeartRateBpm><Value>129</Value></HeartRateBpm>
<Cadence>77</Cadence>
<Extensions>
<ns3:TPX>
<ns3:Speed>8.043</ns3:Speed>
<ns3:Watts>215</ns3:Watts>
</ns3:TPX>
<bikeapp:Resistance01>17</bikeapp:Resistance01>
<bikeapp:BikeTotalDistanceM>3778.0</bikeapp:BikeTotalDistanceM>
</Extensions>
</Trackpoint>
<Trackpoint>
<Time>2026-05-29T20:42:34.653Z</Time>
<DistanceMeters>3572.2</DistanceMeters>
<HeartRateBpm><Value>127</Value></HeartRateBpm>
<Cadence>78</Cadence>
<Extensions>
<ns3:TPX>
<ns3:Speed>8.052</ns3:Speed>
<ns3:Watts>219</ns3:Watts>
</ns3:TPX>
<bikeapp:Resistance01>17</bikeapp:Resistance01>
<bikeapp:BikeTotalDistanceM>3786.0</bikeapp:BikeTotalDistanceM>
</Extensions>
</Trackpoint>
<Trackpoint>
<Time>2026-05-29T20:42:36.152Z</Time>
<DistanceMeters>3584.4</DistanceMeters>
<HeartRateBpm><Value>127</Value></HeartRateBpm>
<Cadence>81</Cadence>
<Extensions>
<ns3:TPX>
<ns3:Speed>8.144</ns3:Speed>
<ns3:Watts>233</ns3:Watts>
</ns3:TPX>
<bikeapp:Resistance01>17</bikeapp:Resistance01>
<bikeapp:BikeTotalDistanceM>3802.0</bikeapp:BikeTotalDistanceM>
</Extensions>
</Trackpoint>
<Trackpoint>
<Time>2026-05-29T20:42:37.652Z</Time>
<DistanceMeters>3596.6</DistanceMeters>
<HeartRateBpm><Value>127</Value></HeartRateBpm>
<Cadence>80</Cadence>
<Extensions>
<ns3:TPX>
<ns3:Speed>8.183</ns3:Speed>
<ns3:Watts>228</ns3:Watts>
</ns3:TPX>
<bikeapp:Resistance01>17</bikeapp:Resistance01>
<bikeapp:BikeTotalDistanceM>3811.0</bikeapp:BikeTotalDistanceM>
</Extensions>
</Trackpoint>
<Trackpoint>
<Time>2026-05-29T20:42:39.164Z</Time>
<DistanceMeters>3609.0</DistanceMeters>
<HeartRateBpm><Value>127</Value></HeartRateBpm>
<Cadence>79</Cadence>
<Extensions>
<ns3:TPX>
<ns3:Speed>8.155</ns3:Speed>
<ns3:Watts>223</ns3:Watts>
</ns3:TPX>
<bikeapp:Resistance01>17</bikeapp:Resistance01>
<bikeapp:BikeTotalDistanceM>3827.0</bikeapp:BikeTotalDistanceM>
</Extensions>
</Trackpoint>
<Trackpoint>
<Time>2026-05-29T20:42:40.652Z</Time>
<DistanceMeters>3621.1</DistanceMeters>
<HeartRateBpm><Value>127</Value></HeartRateBpm>
<Cadence>80</Cadence>
<Extensions>
<ns3:TPX>
<ns3:Speed>8.169</ns3:Speed>
<ns3:Watts>228</ns3:Watts>
</ns3:TPX>
<bikeapp:Resistance01>17</bikeapp:Resistance01>
<bikeapp:BikeTotalDistanceM>3835.0</bikeapp:BikeTotalDistanceM>
</Extensions>
</Trackpoint>
<Trackpoint>
<Time>2026-05-29T20:42:42.155Z</Time>
<DistanceMeters>3633.3</DistanceMeters>
<HeartRateBpm><Value>127</Value></HeartRateBpm>
<Cadence>77</Cadence>
<Extensions>
<ns3:TPX>
<ns3:Speed>8.090</ns3:Speed>
<ns3:Watts>215</ns3:Watts>
</ns3:TPX>
<bikeapp:Resistance01>17</bikeapp:Resistance01>
<bikeapp:BikeTotalDistanceM>3851.0</bikeapp:BikeTotalDistanceM>
</Extensions>
</Trackpoint>
<Trackpoint>
<Time>2026-05-29T20:42:43.652Z</Time>
<DistanceMeters>3645.3</DistanceMeters>
<HeartRateBpm><Value>126</Value></HeartRateBpm>
<Cadence>75</Cadence>
<Extensions>
<ns3:TPX>
<ns3:Speed>8.006</ns3:Speed>
<ns3:Watts>207</ns3:Watts>
</ns3:TPX>
<bikeapp:Resistance01>17</bikeapp:Resistance01>
<bikeapp:BikeTotalDistanceM>3859.0</bikeapp:BikeTotalDistanceM>
</Extensions>
</Trackpoint>
<Trackpoint>
<Time>2026-05-29T20:42:45.152Z</Time>
<DistanceMeters>3657.3</DistanceMeters>
<HeartRateBpm><Value>126</Value></HeartRateBpm>
<Cadence>78</Cadence>
<Extensions>
<ns3:TPX>
<ns3:Speed>7.989</ns3:Speed>
<ns3:Watts>219</ns3:Watts>
</ns3:TPX>
<bikeapp:Resistance01>17</bikeapp:Resistance01>
<bikeapp:BikeTotalDistanceM>3875.0</bikeapp:BikeTotalDistanceM>
</Extensions>
</Trackpoint>
<Trackpoint>
<Time>2026-05-29T20:42:46.652Z</Time>
<DistanceMeters>3669.4</DistanceMeters>
<HeartRateBpm><Value>126</Value></HeartRateBpm>
<Cadence>80</Cadence>
<Extensions>
<ns3:TPX>
<ns3:Speed>8.082</ns3:Speed>
<ns3:Watts>228</ns3:Watts>
</ns3:TPX>
<bikeapp:Resistance01>17</bikeapp:Resistance01>
<bikeapp:BikeTotalDistanceM>3883.0</bikeapp:BikeTotalDistanceM>
</Extensions>
</Trackpoint>
<Trackpoint>
<Time>2026-05-29T20:42:48.139Z</Time>
<DistanceMeters>3681.5</DistanceMeters>
<HeartRateBpm><Value>127</Value></HeartRateBpm>
<Cadence>81</Cadence>
<Extensions>
<ns3:TPX>
<ns3:Speed>8.158</ns3:Speed>
<ns3:Watts>233</ns3:Watts>
</ns3:TPX>
<bikeapp:Resistance01>17</bikeapp:Resistance01>
<bikeapp:BikeTotalDistanceM>3900.0</bikeapp:BikeTotalDistanceM>
</Extensions>
</Trackpoint>
<Trackpoint>
<Time>2026-05-29T20:42:49.639Z</Time>
<DistanceMeters>3693.8</DistanceMeters>
<HeartRateBpm><Value>127</Value></HeartRateBpm>
<Cadence>80</Cadence>
<Extensions>
<ns3:TPX>
<ns3:Speed>8.189</ns3:Speed>
<ns3:Watts>228</ns3:Watts>
</ns3:TPX>
<bikeapp:Resistance01>17</bikeapp:Resistance01>
<bikeapp:BikeTotalDistanceM>3908.0</bikeapp:BikeTotalDistanceM>
</Extensions>
</Trackpoint>
<Trackpoint>
<Time>2026-05-29T20:42:50.640Z</Time>
<DistanceMeters>3701.9</DistanceMeters>
<HeartRateBpm><Value>127</Value></HeartRateBpm>
<Cadence>78</Cadence>
<Extensions>
<ns3:TPX>
<ns3:Speed>8.145</ns3:Speed>
<ns3:Watts>219</ns3:Watts>
</ns3:TPX>
<bikeapp:Resistance01>17</bikeapp:Resistance01>
<bikeapp:BikeTotalDistanceM>3916.0</bikeapp:BikeTotalDistanceM>
</Extensions>
</Trackpoint>
<Trackpoint>
<Time>2026-05-29T20:42:52.140Z</Time>
<DistanceMeters>3714.2</DistanceMeters>
<HeartRateBpm><Value>128</Value></HeartRateBpm>
<Cadence>80</Cadence>
<Extensions>
<ns3:TPX>
<ns3:Speed>8.174</ns3:Speed>
<ns3:Watts>228</ns3:Watts>
</ns3:TPX>
<bikeapp:Resistance01>17</bikeapp:Resistance01>
<bikeapp:BikeTotalDistanceM>3933.0</bikeapp:BikeTotalDistanceM>
</Extensions>
</Trackpoint>
<Trackpoint>
<Time>2026-05-29T20:42:53.640Z</Time>
<DistanceMeters>3726.4</DistanceMeters>
<HeartRateBpm><Value>126</Value></HeartRateBpm>
<Cadence>80</Cadence>
<Extensions>
<ns3:TPX>
<ns3:Speed>8.187</ns3:Speed>
<ns3:Watts>228</ns3:Watts>
</ns3:TPX>
<bikeapp:Resistance01>17</bikeapp:Resistance01>
<bikeapp:BikeTotalDistanceM>3941.0</bikeapp:BikeTotalDistanceM>
</Extensions>
</Trackpoint>
<Trackpoint>
<Time>2026-05-29T20:42:54.644Z</Time>
<DistanceMeters>3734.7</DistanceMeters>
<HeartRateBpm><Value>125</Value></HeartRateBpm>
<Cadence>80</Cadence>
<Extensions>
<ns3:TPX>
<ns3:Speed>8.192</ns3:Speed>
<ns3:Watts>228</ns3:Watts>
</ns3:TPX>
<bikeapp:Resistance01>17</bikeapp:Resistance01>
<bikeapp:BikeTotalDistanceM>3949.0</bikeapp:BikeTotalDistanceM>
</Extensions>
</Trackpoint>
<Trackpoint>
<Time>2026-05-29T20:42:56.140Z</Time>
<DistanceMeters>3746.9</DistanceMeters>
<HeartRateBpm><Value>125</Value></HeartRateBpm>
<Cadence>77</Cadence>
<Extensions>
<ns3:TPX>
<ns3:Speed>8.135</ns3:Speed>
<ns3:Watts>215</ns3:Watts>
</ns3:TPX>
<bikeapp:Resistance01>17</bikeapp:Resistance01>
<bikeapp:BikeTotalDistanceM>3966.0</bikeapp:BikeTotalDistanceM>
</Extensions>
</Trackpoint>
<Trackpoint>
<Time>2026-05-29T20:42:57.640Z</Time>
<DistanceMeters>3759.0</DistanceMeters>
<HeartRateBpm><Value>126</Value></HeartRateBpm>
<Cadence>77</Cadence>
<Extensions>
<ns3:TPX>
<ns3:Speed>8.073</ns3:Speed>
<ns3:Watts>215</ns3:Watts>
</ns3:TPX>
<bikeapp:Resistance01>17</bikeapp:Resistance01>
<bikeapp:BikeTotalDistanceM>3973.0</bikeapp:BikeTotalDistanceM>
</Extensions>
</Trackpoint>
<Trackpoint>
<Time>2026-05-29T20:42:59.140Z</Time>
<DistanceMeters>3771.1</DistanceMeters>
<HeartRateBpm><Value>128</Value></HeartRateBpm>
<Cadence>78</Cadence>
<Extensions>
<ns3:TPX>
<ns3:Speed>8.056</ns3:Speed>
<ns3:Watts>219</ns3:Watts>
</ns3:TPX>
<bikeapp:Resistance01>17</bikeapp:Resistance01>
<bikeapp:BikeTotalDistanceM>3990.0</bikeapp:BikeTotalDistanceM>
</Extensions>
</Trackpoint>
<Trackpoint>
<Time>2026-05-29T20:43:00.639Z</Time>
<DistanceMeters>3783.2</DistanceMeters>
<HeartRateBpm><Value>130</Value></HeartRateBpm>
<Cadence>78</Cadence>
<Extensions>
<ns3:TPX>
<ns3:Speed>8.065</ns3:Speed>
<ns3:Watts>219</ns3:Watts>
</ns3:TPX>
<bikeapp:Resistance01>17</bikeapp:Resistance01>
<bikeapp:BikeTotalDistanceM>3998.0</bikeapp:BikeTotalDistanceM>
</Extensions>
</Trackpoint>
<Trackpoint>
<Time>2026-05-29T20:43:01.640Z</Time>
<DistanceMeters>3791.2</DistanceMeters>
<HeartRateBpm><Value>131</Value></HeartRateBpm>
<Cadence>77</Cadence>
<Extensions>
<ns3:TPX>
<ns3:Speed>8.046</ns3:Speed>
<ns3:Watts>215</ns3:Watts>
</ns3:TPX>
<bikeapp:Resistance01>17</bikeapp:Resistance01>
<bikeapp:BikeTotalDistanceM>4006.0</bikeapp:BikeTotalDistanceM>
</Extensions>
</Trackpoint>
<Trackpoint>
<Time>2026-05-29T20:43:03.140Z</Time>
<DistanceMeters>3803.3</DistanceMeters>
<HeartRateBpm><Value>132</Value></HeartRateBpm>
<Cadence>77</Cadence>
<Extensions>
<ns3:TPX>
<ns3:Speed>8.013</ns3:Speed>
<ns3:Watts>215</ns3:Watts>
</ns3:TPX>
<bikeapp:Resistance01>17</bikeapp:Resistance01>
<bikeapp:BikeTotalDistanceM>4021.0</bikeapp:BikeTotalDistanceM>
</Extensions>
</Trackpoint>
<Trackpoint>
<Time>2026-05-29T20:43:04.152Z</Time>
<DistanceMeters>3811.4</DistanceMeters>
<HeartRateBpm><Value>131</Value></HeartRateBpm>
<Cadence>77</Cadence>
<Extensions>
<ns3:TPX>
<ns3:Speed>8.014</ns3:Speed>
<ns3:Watts>215</ns3:Watts>
</ns3:TPX>
<bikeapp:Resistance01>17</bikeapp:Resistance01>
<bikeapp:BikeTotalDistanceM>4029.0</bikeapp:BikeTotalDistanceM>
</Extensions>
</Trackpoint>
<Trackpoint>
<Time>2026-05-29T20:43:05.641Z</Time>
<DistanceMeters>3823.3</DistanceMeters>
<HeartRateBpm><Value>129</Value></HeartRateBpm>
<Cadence>78</Cadence>
<Extensions>
<ns3:TPX>
<ns3:Speed>8.038</ns3:Speed>
<ns3:Watts>219</ns3:Watts>
</ns3:TPX>
<bikeapp:Resistance01>17</bikeapp:Resistance01>
<bikeapp:BikeTotalDistanceM>4037.0</bikeapp:BikeTotalDistanceM>
</Extensions>
</Trackpoint>
<Trackpoint>
<Time>2026-05-29T20:43:07.139Z</Time>
<DistanceMeters>3835.5</DistanceMeters>
<HeartRateBpm><Value>130</Value></HeartRateBpm>
<Cadence>82</Cadence>
<Extensions>
<ns3:TPX>
<ns3:Speed>8.155</ns3:Speed>
<ns3:Watts>239</ns3:Watts>
</ns3:TPX>
<bikeapp:Resistance01>17</bikeapp:Resistance01>
<bikeapp:BikeTotalDistanceM>4054.0</bikeapp:BikeTotalDistanceM>
</Extensions>
</Trackpoint>
<Trackpoint>
<Time>2026-05-29T20:43:08.140Z</Time>
<DistanceMeters>3843.7</DistanceMeters>
<HeartRateBpm><Value>130</Value></HeartRateBpm>
<Cadence>80</Cadence>
<Extensions>
<ns3:TPX>
<ns3:Speed>8.198</ns3:Speed>
<ns3:Watts>228</ns3:Watts>
</ns3:TPX>
<bikeapp:Resistance01>17</bikeapp:Resistance01>
<bikeapp:BikeTotalDistanceM>4063.0</bikeapp:BikeTotalDistanceM>
</Extensions>
</Trackpoint>
<Trackpoint>
<Time>2026-05-29T20:43:09.664Z</Time>
<DistanceMeters>3856.2</DistanceMeters>
<HeartRateBpm><Value>131</Value></HeartRateBpm>
<Cadence>80</Cadence>
<Extensions>
<ns3:TPX>
<ns3:Speed>8.199</ns3:Speed>
<ns3:Watts>228</ns3:Watts>
</ns3:TPX>
<bikeapp:Resistance01>17</bikeapp:Resistance01>
<bikeapp:BikeTotalDistanceM>4071.0</bikeapp:BikeTotalDistanceM>
</Extensions>
</Trackpoint>
<Trackpoint>
<Time>2026-05-29T20:43:11.143Z</Time>
<DistanceMeters>3868.3</DistanceMeters>
<HeartRateBpm><Value>131</Value></HeartRateBpm>
<Cadence>81</Cadence>
<Extensions>
<ns3:TPX>
<ns3:Speed>8.215</ns3:Speed>
<ns3:Watts>233</ns3:Watts>
</ns3:TPX>
<bikeapp:Resistance01>17</bikeapp:Resistance01>
<bikeapp:BikeTotalDistanceM>4087.0</bikeapp:BikeTotalDistanceM>
</Extensions>
</Trackpoint>
<Trackpoint>
<Time>2026-05-29T20:43:12.641Z</Time>
<DistanceMeters>3880.6</DistanceMeters>
<HeartRateBpm><Value>133</Value></HeartRateBpm>
<Cadence>80</Cadence>
<Extensions>
<ns3:TPX>
<ns3:Speed>8.216</ns3:Speed>
<ns3:Watts>228</ns3:Watts>
</ns3:TPX>
<bikeapp:Resistance01>17</bikeapp:Resistance01>
<bikeapp:BikeTotalDistanceM>4096.0</bikeapp:BikeTotalDistanceM>
</Extensions>
</Trackpoint>
<Trackpoint>
<Time>2026-05-29T20:43:14.139Z</Time>
<DistanceMeters>3893.0</DistanceMeters>
<HeartRateBpm><Value>134</Value></HeartRateBpm>
<Cadence>82</Cadence>
<Extensions>
<ns3:TPX>
<ns3:Speed>8.261</ns3:Speed>
<ns3:Watts>239</ns3:Watts>
</ns3:TPX>
<bikeapp:Resistance01>17</bikeapp:Resistance01>
<bikeapp:BikeTotalDistanceM>4113.0</bikeapp:BikeTotalDistanceM>
</Extensions>
</Trackpoint>
<Trackpoint>
<Time>2026-05-29T20:43:15.152Z</Time>
<DistanceMeters>3901.4</DistanceMeters>
<HeartRateBpm><Value>134</Value></HeartRateBpm>
<Cadence>81</Cadence>
<Extensions>
<ns3:TPX>
<ns3:Speed>8.278</ns3:Speed>
<ns3:Watts>233</ns3:Watts>
</ns3:TPX>
<bikeapp:Resistance01>17</bikeapp:Resistance01>
<bikeapp:BikeTotalDistanceM>4121.0</bikeapp:BikeTotalDistanceM>
</Extensions>
</Trackpoint>
<Trackpoint>
<Time>2026-05-29T20:43:16.640Z</Time>
<DistanceMeters>3913.6</DistanceMeters>
<HeartRateBpm><Value>133</Value></HeartRateBpm>
<Cadence>80</Cadence>
<Extensions>
<ns3:TPX>
<ns3:Speed>8.247</ns3:Speed>
<ns3:Watts>228</ns3:Watts>
</ns3:TPX>
<bikeapp:Resistance01>17</bikeapp:Resistance01>
<bikeapp:BikeTotalDistanceM>4129.0</bikeapp:BikeTotalDistanceM>
</Extensions>
</Trackpoint>
<Trackpoint>
<Time>2026-05-29T20:43:17.640Z</Time>
<DistanceMeters>3921.9</DistanceMeters>
<HeartRateBpm><Value>133</Value></HeartRateBpm>
<Cadence>80</Cadence>
<Extensions>
<ns3:TPX>
<ns3:Speed>8.229</ns3:Speed>
<ns3:Watts>228</ns3:Watts>
</ns3:TPX>
<bikeapp:Resistance01>17</bikeapp:Resistance01>
<bikeapp:BikeTotalDistanceM>4138.0</bikeapp:BikeTotalDistanceM>
</Extensions>
</Trackpoint>
<Trackpoint>
<Time>2026-05-29T20:43:19.140Z</Time>
<DistanceMeters>3934.2</DistanceMeters>
<HeartRateBpm><Value>132</Value></HeartRateBpm>
<Cadence>80</Cadence>
<Extensions>
<ns3:TPX>
<ns3:Speed>8.214</ns3:Speed>
<ns3:Watts>228</ns3:Watts>
</ns3:TPX>
<bikeapp:Resistance01>17</bikeapp:Resistance01>
<bikeapp:BikeTotalDistanceM>4154.0</bikeapp:BikeTotalDistanceM>
</Extensions>
</Trackpoint>
<Trackpoint>
<Time>2026-05-29T20:43:20.640Z</Time>
<DistanceMeters>3946.5</DistanceMeters>
<HeartRateBpm><Value>133</Value></HeartRateBpm>
<Cadence>80</Cadence>
<Extensions>
<ns3:TPX>
<ns3:Speed>8.207</ns3:Speed>
<ns3:Watts>228</ns3:Watts>
</ns3:TPX>
<bikeapp:Resistance01>17</bikeapp:Resistance01>
<bikeapp:BikeTotalDistanceM>4162.0</bikeapp:BikeTotalDistanceM>
</Extensions>
</Trackpoint>
<Trackpoint>
<Time>2026-05-29T20:43:22.140Z</Time>
<DistanceMeters>3958.8</DistanceMeters>
<HeartRateBpm><Value>133</Value></HeartRateBpm>
<Cadence>80</Cadence>
<Extensions>
<ns3:TPX>
<ns3:Speed>8.203</ns3:Speed>
<ns3:Watts>228</ns3:Watts>
</ns3:TPX>
<bikeapp:Resistance01>17</bikeapp:Resistance01>
<bikeapp:BikeTotalDistanceM>4179.0</bikeapp:BikeTotalDistanceM>
</Extensions>
</Trackpoint>
<Trackpoint>
<Time>2026-05-29T20:43:23.640Z</Time>
<DistanceMeters>3971.1</DistanceMeters>
<HeartRateBpm><Value>134</Value></HeartRateBpm>
<Cadence>80</Cadence>
<Extensions>
<ns3:TPX>
<ns3:Speed>8.202</ns3:Speed>
<ns3:Watts>228</ns3:Watts>
</ns3:TPX>
<bikeapp:Resistance01>17</bikeapp:Resistance01>
<bikeapp:BikeTotalDistanceM>4187.0</bikeapp:BikeTotalDistanceM>
</Extensions>
</Trackpoint>
<Trackpoint>
<Time>2026-05-29T20:43:25.140Z</Time>
<DistanceMeters>3983.4</DistanceMeters>
<HeartRateBpm><Value>134</Value></HeartRateBpm>
<Cadence>81</Cadence>
<Extensions>
<ns3:TPX>
<ns3:Speed>8.216</ns3:Speed>
<ns3:Watts>233</ns3:Watts>
</ns3:TPX>
<bikeapp:Resistance01>17</bikeapp:Resistance01>
<bikeapp:BikeTotalDistanceM>4204.0</bikeapp:BikeTotalDistanceM>
</Extensions>
</Trackpoint>
<Trackpoint>
<Time>2026-05-29T20:43:26.141Z</Time>
<DistanceMeters>3991.7</DistanceMeters>
<HeartRateBpm><Value>134</Value></HeartRateBpm>
<Cadence>80</Cadence>
<Extensions>
<ns3:TPX>
<ns3:Speed>8.222</ns3:Speed>
<ns3:Watts>228</ns3:Watts>
</ns3:TPX>
<bikeapp:Resistance01>17</bikeapp:Resistance01>
<bikeapp:BikeTotalDistanceM>4212.0</bikeapp:BikeTotalDistanceM>
</Extensions>
</Trackpoint>
<Trackpoint>
<Time>2026-05-29T20:43:27.640Z</Time>
<DistanceMeters>4004.0</DistanceMeters>
<HeartRateBpm><Value>133</Value></HeartRateBpm>
<Cadence>79</Cadence>
<Extensions>
<ns3:TPX>
<ns3:Speed>8.183</ns3:Speed>
<ns3:Watts>223</ns3:Watts>
</ns3:TPX>
<bikeapp:Resistance01>17</bikeapp:Resistance01>
<bikeapp:BikeTotalDistanceM>4220.0</bikeapp:BikeTotalDistanceM>
</Extensions>
</Trackpoint>
<Trackpoint>
<Time>2026-05-29T20:43:28.644Z</Time>
<DistanceMeters>4012.3</DistanceMeters>
<HeartRateBpm><Value>133</Value></HeartRateBpm>
<Cadence>84</Cadence>
<Extensions>
<ns3:TPX>
<ns3:Speed>8.310</ns3:Speed>
<ns3:Watts>251</ns3:Watts>
</ns3:TPX>
<bikeapp:Resistance01>17</bikeapp:Resistance01>
<bikeapp:BikeTotalDistanceM>4229.0</bikeapp:BikeTotalDistanceM>
</Extensions>
</Trackpoint>
<Trackpoint>
<Time>2026-05-29T20:43:30.140Z</Time>
<DistanceMeters>4024.8</DistanceMeters>
<HeartRateBpm><Value>133</Value></HeartRateBpm>
<Cadence>80</Cadence>
<Extensions>
<ns3:TPX>
<ns3:Speed>8.322</ns3:Speed>
<ns3:Watts>228</ns3:Watts>
</ns3:TPX>
<bikeapp:Resistance01>17</bikeapp:Resistance01>
<bikeapp:BikeTotalDistanceM>4246.0</bikeapp:BikeTotalDistanceM>
</Extensions>
</Trackpoint>
<Trackpoint>
<Time>2026-05-29T20:43:31.640Z</Time>
<DistanceMeters>4037.1</DistanceMeters>
<HeartRateBpm><Value>133</Value></HeartRateBpm>
<Cadence>79</Cadence>
<Extensions>
<ns3:TPX>
<ns3:Speed>8.232</ns3:Speed>
<ns3:Watts>223</ns3:Watts>
</ns3:TPX>
<bikeapp:Resistance01>17</bikeapp:Resistance01>
<bikeapp:BikeTotalDistanceM>4254.0</bikeapp:BikeTotalDistanceM>
</Extensions>
</Trackpoint>
<Trackpoint>
<Time>2026-05-29T20:43:32.641Z</Time>
<DistanceMeters>4045.4</DistanceMeters>
<HeartRateBpm><Value>134</Value></HeartRateBpm>
<Cadence>79</Cadence>
<Extensions>
<ns3:TPX>
<ns3:Speed>8.192</ns3:Speed>
<ns3:Watts>223</ns3:Watts>
</ns3:TPX>
<bikeapp:Resistance01>17</bikeapp:Resistance01>
<bikeapp:BikeTotalDistanceM>4262.0</bikeapp:BikeTotalDistanceM>
</Extensions>
</Trackpoint>
<Trackpoint>
<Time>2026-05-29T20:43:34.152Z</Time>
<DistanceMeters>4057.7</DistanceMeters>
<HeartRateBpm><Value>134</Value></HeartRateBpm>
<Cadence>80</Cadence>
<Extensions>
<ns3:TPX>
<ns3:Speed>8.197</ns3:Speed>
<ns3:Watts>228</ns3:Watts>
</ns3:TPX>
<bikeapp:Resistance01>17</bikeapp:Resistance01>
<bikeapp:BikeTotalDistanceM>4279.0</bikeapp:BikeTotalDistanceM>
</Extensions>
</Trackpoint>
<Trackpoint>
<Time>2026-05-29T20:43:35.640Z</Time>
<DistanceMeters>4069.9</DistanceMeters>
<HeartRateBpm><Value>135</Value></HeartRateBpm>
<Cadence>80</Cadence>
<Extensions>
<ns3:TPX>
<ns3:Speed>8.198</ns3:Speed>
<ns3:Watts>228</ns3:Watts>
</ns3:TPX>
<bikeapp:Resistance01>17</bikeapp:Resistance01>
<bikeapp:BikeTotalDistanceM>4287.0</bikeapp:BikeTotalDistanceM>
</Extensions>
</Trackpoint>
<Trackpoint>
<Time>2026-05-29T20:43:37.140Z</Time>
<DistanceMeters>4082.3</DistanceMeters>
<HeartRateBpm><Value>135</Value></HeartRateBpm>
<Cadence>81</Cadence>
<Extensions>
<ns3:TPX>
<ns3:Speed>8.235</ns3:Speed>
<ns3:Watts>233</ns3:Watts>
</ns3:TPX>
<bikeapp:Resistance01>17</bikeapp:Resistance01>
<bikeapp:BikeTotalDistanceM>4304.0</bikeapp:BikeTotalDistanceM>
</Extensions>
</Trackpoint>
<Trackpoint>
<Time>2026-05-29T20:43:38.640Z</Time>
<DistanceMeters>4094.6</DistanceMeters>
<HeartRateBpm><Value>136</Value></HeartRateBpm>
<Cadence>81</Cadence>
<Extensions>
<ns3:TPX>
<ns3:Speed>8.253</ns3:Speed>
<ns3:Watts>233</ns3:Watts>
</ns3:TPX>
<bikeapp:Resistance01>17</bikeapp:Resistance01>
<bikeapp:BikeTotalDistanceM>4312.0</bikeapp:BikeTotalDistanceM>
</Extensions>
</Trackpoint>
<Trackpoint>
<Time>2026-05-29T20:43:39.640Z</Time>
<DistanceMeters>4102.9</DistanceMeters>
<HeartRateBpm><Value>136</Value></HeartRateBpm>
<Cadence>80</Cadence>
<Extensions>
<ns3:TPX>
<ns3:Speed>8.232</ns3:Speed>
<ns3:Watts>228</ns3:Watts>
</ns3:TPX>
<bikeapp:Resistance01>17</bikeapp:Resistance01>
<bikeapp:BikeTotalDistanceM>4321.0</bikeapp:BikeTotalDistanceM>
</Extensions>
</Trackpoint>
<Trackpoint>
<Time>2026-05-29T20:43:40.651Z</Time>
<DistanceMeters>4111.2</DistanceMeters>
<HeartRateBpm><Value>136</Value></HeartRateBpm>
<Cadence>80</Cadence>
<Extensions>
<ns3:TPX>
<ns3:Speed>8.220</ns3:Speed>
<ns3:Watts>228</ns3:Watts>
</ns3:TPX>
<bikeapp:Resistance01>17</bikeapp:Resistance01>
<bikeapp:BikeTotalDistanceM>4329.0</bikeapp:BikeTotalDistanceM>
</Extensions>
</Trackpoint>
<Trackpoint>
<Time>2026-05-29T20:43:42.141Z</Time>
<DistanceMeters>4123.4</DistanceMeters>
<HeartRateBpm><Value>136</Value></HeartRateBpm>
<Cadence>78</Cadence>
<Extensions>
<ns3:TPX>
<ns3:Speed>8.161</ns3:Speed>
<ns3:Watts>219</ns3:Watts>
</ns3:TPX>
<bikeapp:Resistance01>17</bikeapp:Resistance01>
<bikeapp:BikeTotalDistanceM>4345.0</bikeapp:BikeTotalDistanceM>
</Extensions>
</Trackpoint>
<Trackpoint>
<Time>2026-05-29T20:43:43.645Z</Time>
<DistanceMeters>4135.6</DistanceMeters>
<HeartRateBpm><Value>136</Value></HeartRateBpm>
<Cadence>77</Cadence>
<Extensions>
<ns3:TPX>
<ns3:Speed>8.093</ns3:Speed>
<ns3:Watts>215</ns3:Watts>
</ns3:TPX>
<bikeapp:Resistance01>17</bikeapp:Resistance01>
<bikeapp:BikeTotalDistanceM>4353.0</bikeapp:BikeTotalDistanceM>
</Extensions>
</Trackpoint>
<Trackpoint>
<Time>2026-05-29T20:43:45.143Z</Time>
<DistanceMeters>4147.6</DistanceMeters>
<HeartRateBpm><Value>136</Value></HeartRateBpm>
<Cadence>74</Cadence>
<Extensions>
<ns3:TPX>
<ns3:Speed>7.994</ns3:Speed>
<ns3:Watts>202</ns3:Watts>
</ns3:TPX>
<bikeapp:Resistance01>17</bikeapp:Resistance01>
<bikeapp:BikeTotalDistanceM>4369.0</bikeapp:BikeTotalDistanceM>
</Extensions>
</Trackpoint>
<Trackpoint>
<Time>2026-05-29T20:43:46.640Z</Time>
<DistanceMeters>4159.5</DistanceMeters>
<HeartRateBpm><Value>136</Value></HeartRateBpm>
<Cadence>75</Cadence>
<Extensions>
<ns3:TPX>
<ns3:Speed>7.935</ns3:Speed>
<ns3:Watts>207</ns3:Watts>
</ns3:TPX>
<bikeapp:Resistance01>17</bikeapp:Resistance01>
<bikeapp:BikeTotalDistanceM>4376.0</bikeapp:BikeTotalDistanceM>
</Extensions>
</Trackpoint>
<Trackpoint>
<Time>2026-05-29T20:43:47.640Z</Time>
<DistanceMeters>4167.5</DistanceMeters>
<HeartRateBpm><Value>136</Value></HeartRateBpm>
<Cadence>79</Cadence>
<Extensions>
<ns3:TPX>
<ns3:Speed>8.011</ns3:Speed>
<ns3:Watts>223</ns3:Watts>
</ns3:TPX>
<bikeapp:Resistance01>17</bikeapp:Resistance01>
<bikeapp:BikeTotalDistanceM>4385.0</bikeapp:BikeTotalDistanceM>
</Extensions>
</Trackpoint>
<Trackpoint>
<Time>2026-05-29T20:43:48.641Z</Time>
<DistanceMeters>4175.6</DistanceMeters>
<HeartRateBpm><Value>136</Value></HeartRateBpm>
<Cadence>79</Cadence>
<Extensions>
<ns3:TPX>
<ns3:Speed>8.057</ns3:Speed>
<ns3:Watts>223</ns3:Watts>
</ns3:TPX>
<bikeapp:Resistance01>17</bikeapp:Resistance01>
<bikeapp:BikeTotalDistanceM>4393.0</bikeapp:BikeTotalDistanceM>
</Extensions>
</Trackpoint>
<Trackpoint>
<Time>2026-05-29T20:43:50.140Z</Time>
<DistanceMeters>4187.7</DistanceMeters>
<HeartRateBpm><Value>136</Value></HeartRateBpm>
<Cadence>80</Cadence>
<Extensions>
<ns3:TPX>
<ns3:Speed>8.132</ns3:Speed>
<ns3:Watts>228</ns3:Watts>
</ns3:TPX>
<bikeapp:Resistance01>17</bikeapp:Resistance01>
<bikeapp:BikeTotalDistanceM>4409.0</bikeapp:BikeTotalDistanceM>
</Extensions>
</Trackpoint>
<Trackpoint>
<Time>2026-05-29T20:43:51.152Z</Time>
<DistanceMeters>4196.0</DistanceMeters>
<HeartRateBpm><Value>135</Value></HeartRateBpm>
<Cadence>79</Cadence>
<Extensions>
<ns3:TPX>
<ns3:Speed>8.143</ns3:Speed>
<ns3:Watts>223</ns3:Watts>
</ns3:TPX>
<bikeapp:Resistance01>17</bikeapp:Resistance01>
<bikeapp:BikeTotalDistanceM>4418.0</bikeapp:BikeTotalDistanceM>
</Extensions>
</Trackpoint>
<Trackpoint>
<Time>2026-05-29T20:43:52.640Z</Time>
<DistanceMeters>4208.1</DistanceMeters>
<HeartRateBpm><Value>134</Value></HeartRateBpm>
<Cadence>78</Cadence>
<Extensions>
<ns3:TPX>
<ns3:Speed>8.115</ns3:Speed>
<ns3:Watts>219</ns3:Watts>
</ns3:TPX>
<bikeapp:Resistance01>17</bikeapp:Resistance01>
<bikeapp:BikeTotalDistanceM>4426.0</bikeapp:BikeTotalDistanceM>
</Extensions>
</Trackpoint>
<Trackpoint>
<Time>2026-05-29T20:43:54.140Z</Time>
<DistanceMeters>4220.2</DistanceMeters>
<HeartRateBpm><Value>134</Value></HeartRateBpm>
<Cadence>77</Cadence>
<Extensions>
<ns3:TPX>
<ns3:Speed>8.063</ns3:Speed>
<ns3:Watts>215</ns3:Watts>
</ns3:TPX>
<bikeapp:Resistance01>17</bikeapp:Resistance01>
<bikeapp:BikeTotalDistanceM>4442.0</bikeapp:BikeTotalDistanceM>
</Extensions>
</Trackpoint>
<Trackpoint>
<Time>2026-05-29T20:43:55.141Z</Time>
<DistanceMeters>4228.2</DistanceMeters>
<HeartRateBpm><Value>134</Value></HeartRateBpm>
<Cadence>76</Cadence>
<Extensions>
<ns3:TPX>
<ns3:Speed>8.033</ns3:Speed>
<ns3:Watts>211</ns3:Watts>
</ns3:TPX>
<bikeapp:Resistance01>17</bikeapp:Resistance01>
<bikeapp:BikeTotalDistanceM>4449.0</bikeapp:BikeTotalDistanceM>
</Extensions>
</Trackpoint>
<Trackpoint>
<Time>2026-05-29T20:43:56.640Z</Time>
<DistanceMeters>4240.2</DistanceMeters>
<HeartRateBpm><Value>135</Value></HeartRateBpm>
<Cadence>76</Cadence>
<Extensions>
<ns3:TPX>
<ns3:Speed>7.994</ns3:Speed>
<ns3:Watts>211</ns3:Watts>
</ns3:TPX>
<bikeapp:Resistance01>17</bikeapp:Resistance01>
<bikeapp:BikeTotalDistanceM>4457.0</bikeapp:BikeTotalDistanceM>
</Extensions>
</Trackpoint>
<Trackpoint>
<Time>2026-05-29T20:43:57.641Z</Time>
<DistanceMeters>4248.4</DistanceMeters>
<HeartRateBpm><Value>135</Value></HeartRateBpm>
<Cadence>83</Cadence>
<Extensions>
<ns3:TPX>
<ns3:Speed>8.163</ns3:Speed>
<ns3:Watts>245</ns3:Watts>
</ns3:TPX>
<bikeapp:Resistance01>17</bikeapp:Resistance01>
<bikeapp:BikeTotalDistanceM>4466.0</bikeapp:BikeTotalDistanceM>
</Extensions>
</Trackpoint>
<Trackpoint>
<Time>2026-05-29T20:43:58.641Z</Time>
<DistanceMeters>4256.6</DistanceMeters>
<HeartRateBpm><Value>136</Value></HeartRateBpm>
<Cadence>82</Cadence>
<Extensions>
<ns3:TPX>
<ns3:Speed>8.235</ns3:Speed>
<ns3:Watts>239</ns3:Watts>
</ns3:TPX>
<bikeapp:Resistance01>17</bikeapp:Resistance01>
<bikeapp:BikeTotalDistanceM>4474.0</bikeapp:BikeTotalDistanceM>
</Extensions>
</Trackpoint>
<Trackpoint>
<Time>2026-05-29T20:43:59.642Z</Time>
<DistanceMeters>4264.8</DistanceMeters>
<HeartRateBpm><Value>137</Value></HeartRateBpm>
<Cadence>81</Cadence>
<Extensions>
<ns3:TPX>
<ns3:Speed>8.248</ns3:Speed>
<ns3:Watts>233</ns3:Watts>
</ns3:TPX>
<bikeapp:Resistance01>17</bikeapp:Resistance01>
<bikeapp:BikeTotalDistanceM>4483.0</bikeapp:BikeTotalDistanceM>
</Extensions>
</Trackpoint>
<Trackpoint>
<Time>2026-05-29T20:44:01.141Z</Time>
<DistanceMeters>4277.2</DistanceMeters>
<HeartRateBpm><Value>137</Value></HeartRateBpm>
<Cadence>80</Cadence>
<Extensions>
<ns3:TPX>
<ns3:Speed>8.244</ns3:Speed>
<ns3:Watts>228</ns3:Watts>
</ns3:TPX>
<bikeapp:Resistance01>17</bikeapp:Resistance01>
<bikeapp:BikeTotalDistanceM>4499.0</bikeapp:BikeTotalDistanceM>
</Extensions>
</Trackpoint>
<Trackpoint>
<Time>2026-05-29T20:44:02.153Z</Time>
<DistanceMeters>4285.5</DistanceMeters>
<HeartRateBpm><Value>136</Value></HeartRateBpm>
<Cadence>80</Cadence>
<Extensions>
<ns3:TPX>
<ns3:Speed>8.227</ns3:Speed>
<ns3:Watts>228</ns3:Watts>
</ns3:TPX>
<bikeapp:Resistance01>17</bikeapp:Resistance01>
<bikeapp:BikeTotalDistanceM>4508.0</bikeapp:BikeTotalDistanceM>
</Extensions>
</Trackpoint>
<Trackpoint>
<Time>2026-05-29T20:44:03.641Z</Time>
<DistanceMeters>4297.8</DistanceMeters>
<HeartRateBpm><Value>133</Value></HeartRateBpm>
<Cadence>80</Cadence>
<Extensions>
<ns3:TPX>
<ns3:Speed>8.213</ns3:Speed>
<ns3:Watts>228</ns3:Watts>
</ns3:TPX>
<bikeapp:Resistance01>17</bikeapp:Resistance01>
<bikeapp:BikeTotalDistanceM>4516.0</bikeapp:BikeTotalDistanceM>
</Extensions>
</Trackpoint>
<Trackpoint>
<Time>2026-05-29T20:44:04.641Z</Time>
<DistanceMeters>4306.0</DistanceMeters>
<HeartRateBpm><Value>133</Value></HeartRateBpm>
<Cadence>80</Cadence>
<Extensions>
<ns3:TPX>
<ns3:Speed>8.208</ns3:Speed>
<ns3:Watts>228</ns3:Watts>
</ns3:TPX>
<bikeapp:Resistance01>17</bikeapp:Resistance01>
<bikeapp:BikeTotalDistanceM>4524.0</bikeapp:BikeTotalDistanceM>
</Extensions>
</Trackpoint>
<Trackpoint>
<Time>2026-05-29T20:44:06.140Z</Time>
<DistanceMeters>4318.3</DistanceMeters>
<HeartRateBpm><Value>132</Value></HeartRateBpm>
<Cadence>79</Cadence>
<Extensions>
<ns3:TPX>
<ns3:Speed>8.189</ns3:Speed>
<ns3:Watts>223</ns3:Watts>
</ns3:TPX>
<bikeapp:Resistance01>17</bikeapp:Resistance01>
<bikeapp:BikeTotalDistanceM>4541.0</bikeapp:BikeTotalDistanceM>
</Extensions>
</Trackpoint>
<Trackpoint>
<Time>2026-05-29T20:44:07.653Z</Time>
<DistanceMeters>4330.6</DistanceMeters>
<HeartRateBpm><Value>133</Value></HeartRateBpm>
<Cadence>78</Cadence>
<Extensions>
<ns3:TPX>
<ns3:Speed>8.136</ns3:Speed>
<ns3:Watts>219</ns3:Watts>
</ns3:TPX>
<bikeapp:Resistance01>17</bikeapp:Resistance01>
<bikeapp:BikeTotalDistanceM>4549.0</bikeapp:BikeTotalDistanceM>
</Extensions>
</Trackpoint>
<Trackpoint>
<Time>2026-05-29T20:44:09.141Z</Time>
<DistanceMeters>4342.7</DistanceMeters>
<HeartRateBpm><Value>134</Value></HeartRateBpm>
<Cadence>79</Cadence>
<Extensions>
<ns3:TPX>
<ns3:Speed>8.099</ns3:Speed>
<ns3:Watts>223</ns3:Watts>
</ns3:TPX>
<bikeapp:Resistance01>17</bikeapp:Resistance01>
<bikeapp:BikeTotalDistanceM>4565.0</bikeapp:BikeTotalDistanceM>
</Extensions>
</Trackpoint>
<Trackpoint>
<Time>2026-05-29T20:44:10.640Z</Time>
<DistanceMeters>4354.8</DistanceMeters>
<HeartRateBpm><Value>135</Value></HeartRateBpm>
<Cadence>80</Cadence>
<Extensions>
<ns3:TPX>
<ns3:Speed>8.142</ns3:Speed>
<ns3:Watts>228</ns3:Watts>
</ns3:TPX>
<bikeapp:Resistance01>17</bikeapp:Resistance01>
<bikeapp:BikeTotalDistanceM>4573.0</bikeapp:BikeTotalDistanceM>
</Extensions>
</Trackpoint>
<Trackpoint>
<Time>2026-05-29T20:44:11.641Z</Time>
<DistanceMeters>4363.0</DistanceMeters>
<HeartRateBpm><Value>135</Value></HeartRateBpm>
<Cadence>78</Cadence>
<Extensions>
<ns3:TPX>
<ns3:Speed>8.116</ns3:Speed>
<ns3:Watts>219</ns3:Watts>
</ns3:TPX>
<bikeapp:Resistance01>17</bikeapp:Resistance01>
<bikeapp:BikeTotalDistanceM>4581.0</bikeapp:BikeTotalDistanceM>
</Extensions>
</Trackpoint>
<Trackpoint>
<Time>2026-05-29T20:44:13.140Z</Time>
<DistanceMeters>4375.1</DistanceMeters>
<HeartRateBpm><Value>135</Value></HeartRateBpm>
<Cadence>77</Cadence>
<Extensions>
<ns3:TPX>
<ns3:Speed>8.082</ns3:Speed>
<ns3:Watts>215</ns3:Watts>
</ns3:TPX>
<bikeapp:Resistance01>17</bikeapp:Resistance01>
<bikeapp:BikeTotalDistanceM>4597.0</bikeapp:BikeTotalDistanceM>
</Extensions>
</Trackpoint>
<Trackpoint>
<Time>2026-05-29T20:44:14.141Z</Time>
<DistanceMeters>4383.2</DistanceMeters>
<HeartRateBpm><Value>135</Value></HeartRateBpm>
<Cadence>78</Cadence>
<Extensions>
<ns3:TPX>
<ns3:Speed>8.069</ns3:Speed>
<ns3:Watts>219</ns3:Watts>
</ns3:TPX>
<bikeapp:Resistance01>17</bikeapp:Resistance01>
<bikeapp:BikeTotalDistanceM>4606.0</bikeapp:BikeTotalDistanceM>
</Extensions>
</Trackpoint>
<Trackpoint>
<Time>2026-05-29T20:44:15.641Z</Time>
<DistanceMeters>4395.3</DistanceMeters>
<HeartRateBpm><Value>134</Value></HeartRateBpm>
<Cadence>79</Cadence>
<Extensions>
<ns3:TPX>
<ns3:Speed>8.093</ns3:Speed>
<ns3:Watts>223</ns3:Watts>
</ns3:TPX>
<bikeapp:Resistance01>17</bikeapp:Resistance01>
<bikeapp:BikeTotalDistanceM>4614.0</bikeapp:BikeTotalDistanceM>
</Extensions>
</Trackpoint>
<Trackpoint>
<Time>2026-05-29T20:44:16.641Z</Time>
<DistanceMeters>4403.4</DistanceMeters>
<HeartRateBpm><Value>133</Value></HeartRateBpm>
<Cadence>79</Cadence>
<Extensions>
<ns3:TPX>
<ns3:Speed>8.108</ns3:Speed>
<ns3:Watts>223</ns3:Watts>
</ns3:TPX>
<bikeapp:Resistance01>17</bikeapp:Resistance01>
<bikeapp:BikeTotalDistanceM>4622.0</bikeapp:BikeTotalDistanceM>
</Extensions>
</Trackpoint>
<Trackpoint>
<Time>2026-05-29T20:44:17.656Z</Time>
<DistanceMeters>4411.6</DistanceMeters>
<HeartRateBpm><Value>133</Value></HeartRateBpm>
<Cadence>77</Cadence>
<Extensions>
<ns3:TPX>
<ns3:Speed>8.072</ns3:Speed>
<ns3:Watts>215</ns3:Watts>
</ns3:TPX>
<bikeapp:Resistance01>17</bikeapp:Resistance01>
<bikeapp:BikeTotalDistanceM>4630.0</bikeapp:BikeTotalDistanceM>
</Extensions>
</Trackpoint>
<Trackpoint>
<Time>2026-05-29T20:44:19.141Z</Time>
<DistanceMeters>4423.5</DistanceMeters>
<HeartRateBpm><Value>132</Value></HeartRateBpm>
<Cadence>77</Cadence>
<Extensions>
<ns3:TPX>
<ns3:Speed>8.026</ns3:Speed>
<ns3:Watts>215</ns3:Watts>
</ns3:TPX>
<bikeapp:Resistance01>17</bikeapp:Resistance01>
<bikeapp:BikeTotalDistanceM>4646.0</bikeapp:BikeTotalDistanceM>
</Extensions>
</Trackpoint>
<Trackpoint>
<Time>2026-05-29T20:44:20.641Z</Time>
<DistanceMeters>4435.6</DistanceMeters>
<HeartRateBpm><Value>133</Value></HeartRateBpm>
<Cadence>77</Cadence>
<Extensions>
<ns3:TPX>
<ns3:Speed>8.021</ns3:Speed>
<ns3:Watts>215</ns3:Watts>
</ns3:TPX>
<bikeapp:Resistance01>17</bikeapp:Resistance01>
<bikeapp:BikeTotalDistanceM>4654.0</bikeapp:BikeTotalDistanceM>
</Extensions>
</Trackpoint>
<Trackpoint>
<Time>2026-05-29T20:44:22.141Z</Time>
<DistanceMeters>4447.6</DistanceMeters>
<HeartRateBpm><Value>133</Value></HeartRateBpm>
<Cadence>79</Cadence>
<Extensions>
<ns3:TPX>
<ns3:Speed>8.026</ns3:Speed>
<ns3:Watts>223</ns3:Watts>
</ns3:TPX>
<bikeapp:Resistance01>17</bikeapp:Resistance01>
<bikeapp:BikeTotalDistanceM>4670.0</bikeapp:BikeTotalDistanceM>
</Extensions>
</Trackpoint>
<Trackpoint>
<Time>2026-05-29T20:44:23.654Z</Time>
<DistanceMeters>4459.8</DistanceMeters>
<HeartRateBpm><Value>134</Value></HeartRateBpm>
<Cadence>78</Cadence>
<Extensions>
<ns3:TPX>
<ns3:Speed>8.058</ns3:Speed>
<ns3:Watts>219</ns3:Watts>
</ns3:TPX>
<bikeapp:Resistance01>17</bikeapp:Resistance01>
<bikeapp:BikeTotalDistanceM>4678.0</bikeapp:BikeTotalDistanceM>
</Extensions>
</Trackpoint>
<Trackpoint>
<Time>2026-05-29T20:44:25.141Z</Time>
<DistanceMeters>4471.8</DistanceMeters>
<HeartRateBpm><Value>135</Value></HeartRateBpm>
<Cadence>79</Cadence>
<Extensions>
<ns3:TPX>
<ns3:Speed>8.096</ns3:Speed>
<ns3:Watts>223</ns3:Watts>
</ns3:TPX>
<bikeapp:Resistance01>17</bikeapp:Resistance01>
<bikeapp:BikeTotalDistanceM>4694.0</bikeapp:BikeTotalDistanceM>
</Extensions>
</Trackpoint>
<Trackpoint>
<Time>2026-05-29T20:44:26.141Z</Time>
<DistanceMeters>4479.9</DistanceMeters>
<HeartRateBpm><Value>135</Value></HeartRateBpm>
<Cadence>78</Cadence>
<Extensions>
<ns3:TPX>
<ns3:Speed>8.097</ns3:Speed>
<ns3:Watts>219</ns3:Watts>
</ns3:TPX>
<bikeapp:Resistance01>17</bikeapp:Resistance01>
<bikeapp:BikeTotalDistanceM>4702.0</bikeapp:BikeTotalDistanceM>
</Extensions>
</Trackpoint>
<Trackpoint>
<Time>2026-05-29T20:44:27.641Z</Time>
<DistanceMeters>4492.0</DistanceMeters>
<HeartRateBpm><Value>134</Value></HeartRateBpm>
<Cadence>79</Cadence>
<Extensions>
<ns3:TPX>
<ns3:Speed>8.107</ns3:Speed>
<ns3:Watts>223</ns3:Watts>
</ns3:TPX>
<bikeapp:Resistance01>17</bikeapp:Resistance01>
<bikeapp:BikeTotalDistanceM>4710.0</bikeapp:BikeTotalDistanceM>
</Extensions>
</Trackpoint>
<Trackpoint>
<Time>2026-05-29T20:44:28.641Z</Time>
<DistanceMeters>4500.2</DistanceMeters>
<HeartRateBpm><Value>134</Value></HeartRateBpm>
<Cadence>79</Cadence>
<Extensions>
<ns3:TPX>
<ns3:Speed>8.116</ns3:Speed>
<ns3:Watts>223</ns3:Watts>
</ns3:TPX>
<bikeapp:Resistance01>17</bikeapp:Resistance01>
<bikeapp:BikeTotalDistanceM>4719.0</bikeapp:BikeTotalDistanceM>
</Extensions>
</Trackpoint>
<Trackpoint>
<Time>2026-05-29T20:44:30.141Z</Time>
<DistanceMeters>4512.3</DistanceMeters>
<HeartRateBpm><Value>133</Value></HeartRateBpm>
<Cadence>78</Cadence>
<Extensions>
<ns3:TPX>
<ns3:Speed>8.111</ns3:Speed>
<ns3:Watts>219</ns3:Watts>
</ns3:TPX>
<bikeapp:Resistance01>17</bikeapp:Resistance01>
<bikeapp:BikeTotalDistanceM>4735.0</bikeapp:BikeTotalDistanceM>
</Extensions>
</Trackpoint>
<Trackpoint>
<Time>2026-05-29T20:44:31.153Z</Time>
<DistanceMeters>4520.5</DistanceMeters>
<HeartRateBpm><Value>133</Value></HeartRateBpm>
<Cadence>80</Cadence>
<Extensions>
<ns3:TPX>
<ns3:Speed>8.125</ns3:Speed>
<ns3:Watts>228</ns3:Watts>
</ns3:TPX>
<bikeapp:Resistance01>17</bikeapp:Resistance01>
<bikeapp:BikeTotalDistanceM>4743.0</bikeapp:BikeTotalDistanceM>
</Extensions>
</Trackpoint>
<Trackpoint>
<Time>2026-05-29T20:44:32.156Z</Time>
<DistanceMeters>4528.7</DistanceMeters>
<HeartRateBpm><Value>134</Value></HeartRateBpm>
<Cadence>77</Cadence>
<Extensions>
<ns3:TPX>
<ns3:Speed>8.114</ns3:Speed>
<ns3:Watts>215</ns3:Watts>
</ns3:TPX>
<bikeapp:Resistance01>17</bikeapp:Resistance01>
<bikeapp:BikeTotalDistanceM>4751.0</bikeapp:BikeTotalDistanceM>
</Extensions>
</Trackpoint>
<Trackpoint>
<Time>2026-05-29T20:44:33.666Z</Time>
<DistanceMeters>4540.9</DistanceMeters>
<HeartRateBpm><Value>133</Value></HeartRateBpm>
<Cadence>77</Cadence>
<Extensions>
<ns3:TPX>
<ns3:Speed>8.063</ns3:Speed>
<ns3:Watts>215</ns3:Watts>
</ns3:TPX>
<bikeapp:Resistance01>17</bikeapp:Resistance01>
<bikeapp:BikeTotalDistanceM>4759.0</bikeapp:BikeTotalDistanceM>
</Extensions>
</Trackpoint>
<Trackpoint>
<Time>2026-05-29T20:44:34.678Z</Time>
<DistanceMeters>4549.0</DistanceMeters>
<HeartRateBpm><Value>133</Value></HeartRateBpm>
<Cadence>77</Cadence>
<Extensions>
<ns3:TPX>
<ns3:Speed>8.045</ns3:Speed>
<ns3:Watts>215</ns3:Watts>
</ns3:TPX>
<bikeapp:Resistance01>17</bikeapp:Resistance01>
<bikeapp:BikeTotalDistanceM>4767.0</bikeapp:BikeTotalDistanceM>
</Extensions>
</Trackpoint>
<Trackpoint>
<Time>2026-05-29T20:44:36.153Z</Time>
<DistanceMeters>4561.0</DistanceMeters>
<HeartRateBpm><Value>133</Value></HeartRateBpm>
<Cadence>79</Cadence>
<Extensions>
<ns3:TPX>
<ns3:Speed>8.089</ns3:Speed>
<ns3:Watts>223</ns3:Watts>
</ns3:TPX>
<bikeapp:Resistance01>17</bikeapp:Resistance01>
<bikeapp:BikeTotalDistanceM>4784.0</bikeapp:BikeTotalDistanceM>
</Extensions>
</Trackpoint>
<Trackpoint>
<Time>2026-05-29T20:44:37.666Z</Time>
<DistanceMeters>4573.2</DistanceMeters>
<HeartRateBpm><Value>132</Value></HeartRateBpm>
<Cadence>79</Cadence>
<Extensions>
<ns3:TPX>
<ns3:Speed>8.111</ns3:Speed>
<ns3:Watts>223</ns3:Watts>
</ns3:TPX>
<bikeapp:Resistance01>17</bikeapp:Resistance01>
<bikeapp:BikeTotalDistanceM>4792.0</bikeapp:BikeTotalDistanceM>
</Extensions>
</Trackpoint>
<Trackpoint>
<Time>2026-05-29T20:44:39.179Z</Time>
<DistanceMeters>4585.5</DistanceMeters>
<HeartRateBpm><Value>132</Value></HeartRateBpm>
<Cadence>80</Cadence>
<Extensions>
<ns3:TPX>
<ns3:Speed>8.137</ns3:Speed>
<ns3:Watts>228</ns3:Watts>
</ns3:TPX>
<bikeapp:Resistance01>17</bikeapp:Resistance01>
<bikeapp:BikeTotalDistanceM>4808.0</bikeapp:BikeTotalDistanceM>
</Extensions>
</Trackpoint>
<Trackpoint>
<Time>2026-05-29T20:44:40.678Z</Time>
<DistanceMeters>4597.7</DistanceMeters>
<HeartRateBpm><Value>132</Value></HeartRateBpm>
<Cadence>79</Cadence>
<Extensions>
<ns3:TPX>
<ns3:Speed>8.143</ns3:Speed>
<ns3:Watts>223</ns3:Watts>
</ns3:TPX>
<bikeapp:Resistance01>17</bikeapp:Resistance01>
<bikeapp:BikeTotalDistanceM>4816.0</bikeapp:BikeTotalDistanceM>
</Extensions>
</Trackpoint>
<Trackpoint>
<Time>2026-05-29T20:44:42.179Z</Time>
<DistanceMeters>4610.0</DistanceMeters>
<HeartRateBpm><Value>133</Value></HeartRateBpm>
<Cadence>80</Cadence>
<Extensions>
<ns3:TPX>
<ns3:Speed>8.173</ns3:Speed>
<ns3:Watts>228</ns3:Watts>
</ns3:TPX>
<bikeapp:Resistance01>17</bikeapp:Resistance01>
<bikeapp:BikeTotalDistanceM>4833.0</bikeapp:BikeTotalDistanceM>
</Extensions>
</Trackpoint>
<Trackpoint>
<Time>2026-05-29T20:44:43.666Z</Time>
<DistanceMeters>4622.1</DistanceMeters>
<HeartRateBpm><Value>134</Value></HeartRateBpm>
<Cadence>80</Cadence>
<Extensions>
<ns3:TPX>
<ns3:Speed>8.187</ns3:Speed>
<ns3:Watts>228</ns3:Watts>
</ns3:TPX>
<bikeapp:Resistance01>17</bikeapp:Resistance01>
<bikeapp:BikeTotalDistanceM>4841.0</bikeapp:BikeTotalDistanceM>
</Extensions>
</Trackpoint>
<Trackpoint>
<Time>2026-05-29T20:44:45.178Z</Time>
<DistanceMeters>4634.5</DistanceMeters>
<HeartRateBpm><Value>134</Value></HeartRateBpm>
<Cadence>79</Cadence>
<Extensions>
<ns3:TPX>
<ns3:Speed>8.157</ns3:Speed>
<ns3:Watts>223</ns3:Watts>
</ns3:TPX>
<bikeapp:Resistance01>17</bikeapp:Resistance01>
<bikeapp:BikeTotalDistanceM>4858.0</bikeapp:BikeTotalDistanceM>
</Extensions>
</Trackpoint>
<Trackpoint>
<Time>2026-05-29T20:44:46.666Z</Time>
<DistanceMeters>4646.6</DistanceMeters>
<HeartRateBpm><Value>135</Value></HeartRateBpm>
<Cadence>78</Cadence>
<Extensions>
<ns3:TPX>
<ns3:Speed>8.122</ns3:Speed>
<ns3:Watts>219</ns3:Watts>
</ns3:TPX>
<bikeapp:Resistance01>17</bikeapp:Resistance01>
<bikeapp:BikeTotalDistanceM>4866.0</bikeapp:BikeTotalDistanceM>
</Extensions>
</Trackpoint>
<Trackpoint>
<Time>2026-05-29T20:44:48.178Z</Time>
<DistanceMeters>4658.8</DistanceMeters>
<HeartRateBpm><Value>135</Value></HeartRateBpm>
<Cadence>77</Cadence>
<Extensions>
<ns3:TPX>
<ns3:Speed>8.083</ns3:Speed>
<ns3:Watts>215</ns3:Watts>
</ns3:TPX>
<bikeapp:Resistance01>17</bikeapp:Resistance01>
<bikeapp:BikeTotalDistanceM>4882.0</bikeapp:BikeTotalDistanceM>
</Extensions>
</Trackpoint>
<Trackpoint>
<Time>2026-05-29T20:44:49.666Z</Time>
<DistanceMeters>4670.9</DistanceMeters>
<HeartRateBpm><Value>135</Value></HeartRateBpm>
<Cadence>79</Cadence>
<Extensions>
<ns3:TPX>
<ns3:Speed>8.093</ns3:Speed>
<ns3:Watts>223</ns3:Watts>
</ns3:TPX>
<bikeapp:Resistance01>17</bikeapp:Resistance01>
<bikeapp:BikeTotalDistanceM>4890.0</bikeapp:BikeTotalDistanceM>
</Extensions>
</Trackpoint>
<Trackpoint>
<Time>2026-05-29T20:44:51.195Z</Time>
<DistanceMeters>4683.3</DistanceMeters>
<HeartRateBpm><Value>136</Value></HeartRateBpm>
<Cadence>77</Cadence>
<Extensions>
<ns3:TPX>
<ns3:Speed>8.107</ns3:Speed>
<ns3:Watts>215</ns3:Watts>
</ns3:TPX>
<bikeapp:Resistance01>17</bikeapp:Resistance01>
<bikeapp:BikeTotalDistanceM>4906.0</bikeapp:BikeTotalDistanceM>
</Extensions>
</Trackpoint>
<Trackpoint>
<Time>2026-05-29T20:44:52.685Z</Time>
<DistanceMeters>4695.3</DistanceMeters>
<HeartRateBpm><Value>137</Value></HeartRateBpm>
<Cadence>77</Cadence>
<Extensions>
<ns3:TPX>
<ns3:Speed>8.060</ns3:Speed>
<ns3:Watts>215</ns3:Watts>
</ns3:TPX>
<bikeapp:Resistance01>17</bikeapp:Resistance01>
<bikeapp:BikeTotalDistanceM>4914.0</bikeapp:BikeTotalDistanceM>
</Extensions>
</Trackpoint>
<Trackpoint>
<Time>2026-05-29T20:44:54.179Z</Time>
<DistanceMeters>4707.4</DistanceMeters>
<HeartRateBpm><Value>137</Value></HeartRateBpm>
<Cadence>80</Cadence>
<Extensions>
<ns3:TPX>
<ns3:Speed>8.112</ns3:Speed>
<ns3:Watts>228</ns3:Watts>
</ns3:TPX>
<bikeapp:Resistance01>17</bikeapp:Resistance01>
<bikeapp:BikeTotalDistanceM>4931.0</bikeapp:BikeTotalDistanceM>
</Extensions>
</Trackpoint>
<Trackpoint>
<Time>2026-05-29T20:44:55.667Z</Time>
<DistanceMeters>4719.5</DistanceMeters>
<HeartRateBpm><Value>137</Value></HeartRateBpm>
<Cadence>81</Cadence>
<Extensions>
<ns3:TPX>
<ns3:Speed>8.184</ns3:Speed>
<ns3:Watts>233</ns3:Watts>
</ns3:TPX>
<bikeapp:Resistance01>17</bikeapp:Resistance01>
<bikeapp:BikeTotalDistanceM>4939.0</bikeapp:BikeTotalDistanceM>
</Extensions>
</Trackpoint>
<Trackpoint>
<Time>2026-05-29T20:44:57.178Z</Time>
<DistanceMeters>4731.9</DistanceMeters>
<HeartRateBpm><Value>137</Value></HeartRateBpm>
<Cadence>82</Cadence>
<Extensions>
<ns3:TPX>
<ns3:Speed>8.227</ns3:Speed>
<ns3:Watts>239</ns3:Watts>
</ns3:TPX>
<bikeapp:Resistance01>17</bikeapp:Resistance01>
<bikeapp:BikeTotalDistanceM>4956.0</bikeapp:BikeTotalDistanceM>
</Extensions>
</Trackpoint>
<Trackpoint>
<Time>2026-05-29T20:44:58.678Z</Time>
<DistanceMeters>4744.3</DistanceMeters>
<HeartRateBpm><Value>135</Value></HeartRateBpm>
<Cadence>82</Cadence>
<Extensions>
<ns3:TPX>
<ns3:Speed>8.291</ns3:Speed>
<ns3:Watts>239</ns3:Watts>
</ns3:TPX>
<bikeapp:Resistance01>17</bikeapp:Resistance01>
<bikeapp:BikeTotalDistanceM>4964.0</bikeapp:BikeTotalDistanceM>
</Extensions>
</Trackpoint>
<Trackpoint>
<Time>2026-05-29T20:45:00.178Z</Time>
<DistanceMeters>4756.7</DistanceMeters>
<HeartRateBpm><Value>135</Value></HeartRateBpm>
<Cadence>77</Cadence>
<Extensions>
<ns3:TPX>
<ns3:Speed>8.181</ns3:Speed>
<ns3:Watts>215</ns3:Watts>
</ns3:TPX>
<bikeapp:Resistance01>17</bikeapp:Resistance01>
<bikeapp:BikeTotalDistanceM>4980.0</bikeapp:BikeTotalDistanceM>
</Extensions>
</Trackpoint>
<Trackpoint>
<Time>2026-05-29T20:45:01.667Z</Time>
<DistanceMeters>4768.8</DistanceMeters>
<HeartRateBpm><Value>135</Value></HeartRateBpm>
<Cadence>78</Cadence>
<Extensions>
<ns3:TPX>
<ns3:Speed>8.118</ns3:Speed>
<ns3:Watts>219</ns3:Watts>
</ns3:TPX>
<bikeapp:Resistance01>17</bikeapp:Resistance01>
<bikeapp:BikeTotalDistanceM>4989.0</bikeapp:BikeTotalDistanceM>
</Extensions>
</Trackpoint>
<Trackpoint>
<Time>2026-05-29T20:45:03.178Z</Time>
<DistanceMeters>4781.1</DistanceMeters>
<HeartRateBpm><Value>135</Value></HeartRateBpm>
<Cadence>81</Cadence>
<Extensions>
<ns3:TPX>
<ns3:Speed>8.156</ns3:Speed>
<ns3:Watts>233</ns3:Watts>
</ns3:TPX>
<bikeapp:Resistance01>17</bikeapp:Resistance01>
<bikeapp:BikeTotalDistanceM>5005.0</bikeapp:BikeTotalDistanceM>
</Extensions>
</Trackpoint>
<Trackpoint>
<Time>2026-05-29T20:45:04.669Z</Time>
<DistanceMeters>4793.3</DistanceMeters>
<HeartRateBpm><Value>136</Value></HeartRateBpm>
<Cadence>80</Cadence>
<Extensions>
<ns3:TPX>
<ns3:Speed>8.188</ns3:Speed>
<ns3:Watts>228</ns3:Watts>
</ns3:TPX>
<bikeapp:Resistance01>17</bikeapp:Resistance01>
<bikeapp:BikeTotalDistanceM>5013.0</bikeapp:BikeTotalDistanceM>
</Extensions>
</Trackpoint>
<Trackpoint>
<Time>2026-05-29T20:45:05.678Z</Time>
<DistanceMeters>4801.5</DistanceMeters>
<HeartRateBpm><Value>136</Value></HeartRateBpm>
<Cadence>80</Cadence>
<Extensions>
<ns3:TPX>
<ns3:Speed>8.193</ns3:Speed>
<ns3:Watts>228</ns3:Watts>
</ns3:TPX>
<bikeapp:Resistance01>17</bikeapp:Resistance01>
<bikeapp:BikeTotalDistanceM>5022.0</bikeapp:BikeTotalDistanceM>
</Extensions>
</Trackpoint>
<Trackpoint>
<Time>2026-05-29T20:45:07.170Z</Time>
<DistanceMeters>4813.8</DistanceMeters>
<HeartRateBpm><Value>136</Value></HeartRateBpm>
<Cadence>80</Cadence>
<Extensions>
<ns3:TPX>
<ns3:Speed>8.197</ns3:Speed>
<ns3:Watts>228</ns3:Watts>
</ns3:TPX>
<bikeapp:Resistance01>17</bikeapp:Resistance01>
<bikeapp:BikeTotalDistanceM>5038.0</bikeapp:BikeTotalDistanceM>
</Extensions>
</Trackpoint>
<Trackpoint>
<Time>2026-05-29T20:45:08.182Z</Time>
<DistanceMeters>4822.1</DistanceMeters>
<HeartRateBpm><Value>135</Value></HeartRateBpm>
<Cadence>80</Cadence>
<Extensions>
<ns3:TPX>
<ns3:Speed>8.198</ns3:Speed>
<ns3:Watts>228</ns3:Watts>
</ns3:TPX>
<bikeapp:Resistance01>17</bikeapp:Resistance01>
<bikeapp:BikeTotalDistanceM>5047.0</bikeapp:BikeTotalDistanceM>
</Extensions>
</Trackpoint>
<Trackpoint>
<Time>2026-05-29T20:45:09.667Z</Time>
<DistanceMeters>4834.3</DistanceMeters>
<HeartRateBpm><Value>135</Value></HeartRateBpm>
<Cadence>84</Cadence>
<Extensions>
<ns3:TPX>
<ns3:Speed>8.319</ns3:Speed>
<ns3:Watts>251</ns3:Watts>
</ns3:TPX>
<bikeapp:Resistance01>17</bikeapp:Resistance01>
<bikeapp:BikeTotalDistanceM>5055.0</bikeapp:BikeTotalDistanceM>
</Extensions>
</Trackpoint>
<Trackpoint>
<Time>2026-05-29T20:45:11.179Z</Time>
<DistanceMeters>4847.0</DistanceMeters>
<HeartRateBpm><Value>133</Value></HeartRateBpm>
<Cadence>84</Cadence>
<Extensions>
<ns3:TPX>
<ns3:Speed>8.418</ns3:Speed>
<ns3:Watts>251</ns3:Watts>
</ns3:TPX>
<bikeapp:Resistance01>17</bikeapp:Resistance01>
<bikeapp:BikeTotalDistanceM>5073.0</bikeapp:BikeTotalDistanceM>
</Extensions>
</Trackpoint>
<Trackpoint>
<Time>2026-05-29T20:45:12.179Z</Time>
<DistanceMeters>4855.4</DistanceMeters>
<HeartRateBpm><Value>133</Value></HeartRateBpm>
<Cadence>82</Cadence>
<Extensions>
<ns3:TPX>
<ns3:Speed>8.418</ns3:Speed>
<ns3:Watts>239</ns3:Watts>
</ns3:TPX>
<bikeapp:Resistance01>17</bikeapp:Resistance01>
<bikeapp:BikeTotalDistanceM>5081.0</bikeapp:BikeTotalDistanceM>
</Extensions>
</Trackpoint>
<Trackpoint>
<Time>2026-05-29T20:45:13.666Z</Time>
<DistanceMeters>4867.9</DistanceMeters>
<HeartRateBpm><Value>133</Value></HeartRateBpm>
<Cadence>80</Cadence>
<Extensions>
<ns3:TPX>
<ns3:Speed>8.325</ns3:Speed>
<ns3:Watts>228</ns3:Watts>
</ns3:TPX>
<bikeapp:Resistance01>17</bikeapp:Resistance01>
<bikeapp:BikeTotalDistanceM>5089.0</bikeapp:BikeTotalDistanceM>
</Extensions>
</Trackpoint>
<Trackpoint>
<Time>2026-05-29T20:45:14.666Z</Time>
<DistanceMeters>4876.1</DistanceMeters>
<HeartRateBpm><Value>134</Value></HeartRateBpm>
<Cadence>79</Cadence>
<Extensions>
<ns3:TPX>
<ns3:Speed>8.250</ns3:Speed>
<ns3:Watts>223</ns3:Watts>
</ns3:TPX>
<bikeapp:Resistance01>17</bikeapp:Resistance01>
<bikeapp:BikeTotalDistanceM>5098.0</bikeapp:BikeTotalDistanceM>
</Extensions>
</Trackpoint>
<Trackpoint>
<Time>2026-05-29T20:45:16.166Z</Time>
<DistanceMeters>4888.5</DistanceMeters>
<HeartRateBpm><Value>134</Value></HeartRateBpm>
<Cadence>80</Cadence>
<Extensions>
<ns3:TPX>
<ns3:Speed>8.203</ns3:Speed>
<ns3:Watts>228</ns3:Watts>
</ns3:TPX>
<bikeapp:Resistance01>17</bikeapp:Resistance01>
<bikeapp:BikeTotalDistanceM>5114.0</bikeapp:BikeTotalDistanceM>
</Extensions>
</Trackpoint>
<Trackpoint>
<Time>2026-05-29T20:45:17.190Z</Time>
<DistanceMeters>4896.9</DistanceMeters>
<HeartRateBpm><Value>135</Value></HeartRateBpm>
<Cadence>80</Cadence>
<Extensions>
<ns3:TPX>
<ns3:Speed>8.202</ns3:Speed>
<ns3:Watts>228</ns3:Watts>
</ns3:TPX>
<bikeapp:Resistance01>17</bikeapp:Resistance01>
<bikeapp:BikeTotalDistanceM>5122.0</bikeapp:BikeTotalDistanceM>
</Extensions>
</Trackpoint>
<Trackpoint>
<Time>2026-05-29T20:45:18.667Z</Time>
<DistanceMeters>4908.9</DistanceMeters>
<HeartRateBpm><Value>135</Value></HeartRateBpm>
<Cadence>79</Cadence>
<Extensions>
<ns3:TPX>
<ns3:Speed>8.174</ns3:Speed>
<ns3:Watts>223</ns3:Watts>
</ns3:TPX>
<bikeapp:Resistance01>17</bikeapp:Resistance01>
<bikeapp:BikeTotalDistanceM>5131.0</bikeapp:BikeTotalDistanceM>
</Extensions>
</Trackpoint>
<Trackpoint>
<Time>2026-05-29T20:45:20.179Z</Time>
<DistanceMeters>4921.3</DistanceMeters>
<HeartRateBpm><Value>135</Value></HeartRateBpm>
<Cadence>79</Cadence>
<Extensions>
<ns3:TPX>
<ns3:Speed>8.134</ns3:Speed>
<ns3:Watts>223</ns3:Watts>
</ns3:TPX>
<bikeapp:Resistance01>17</bikeapp:Resistance01>
<bikeapp:BikeTotalDistanceM>5147.0</bikeapp:BikeTotalDistanceM>
</Extensions>
</Trackpoint>
<Trackpoint>
<Time>2026-05-29T20:45:21.193Z</Time>
<DistanceMeters>4929.5</DistanceMeters>
<HeartRateBpm><Value>135</Value></HeartRateBpm>
<Cadence>80</Cadence>
<Extensions>
<ns3:TPX>
<ns3:Speed>8.149</ns3:Speed>
<ns3:Watts>228</ns3:Watts>
</ns3:TPX>
<bikeapp:Resistance01>17</bikeapp:Resistance01>
<bikeapp:BikeTotalDistanceM>5155.0</bikeapp:BikeTotalDistanceM>
</Extensions>
</Trackpoint>
<Trackpoint>
<Time>2026-05-29T20:45:22.693Z</Time>
<DistanceMeters>4941.8</DistanceMeters>
<HeartRateBpm><Value>134</Value></HeartRateBpm>
<Cadence>80</Cadence>
<Extensions>
<ns3:TPX>
<ns3:Speed>8.176</ns3:Speed>
<ns3:Watts>228</ns3:Watts>
</ns3:TPX>
<bikeapp:Resistance01>17</bikeapp:Resistance01>
<bikeapp:BikeTotalDistanceM>5163.0</bikeapp:BikeTotalDistanceM>
</Extensions>
</Trackpoint>
<Trackpoint>
<Time>2026-05-29T20:45:24.179Z</Time>
<DistanceMeters>4954.0</DistanceMeters>
<HeartRateBpm><Value>134</Value></HeartRateBpm>
<Cadence>82</Cadence>
<Extensions>
<ns3:TPX>
<ns3:Speed>8.242</ns3:Speed>
<ns3:Watts>239</ns3:Watts>
</ns3:TPX>
<bikeapp:Resistance01>17</bikeapp:Resistance01>
<bikeapp:BikeTotalDistanceM>5180.0</bikeapp:BikeTotalDistanceM>
</Extensions>
</Trackpoint>
<Trackpoint>
<Time>2026-05-29T20:45:25.666Z</Time>
<DistanceMeters>4966.3</DistanceMeters>
<HeartRateBpm><Value>135</Value></HeartRateBpm>
<Cadence>80</Cadence>
<Extensions>
<ns3:TPX>
<ns3:Speed>8.240</ns3:Speed>
<ns3:Watts>228</ns3:Watts>
</ns3:TPX>
<bikeapp:Resistance01>17</bikeapp:Resistance01>
<bikeapp:BikeTotalDistanceM>5189.0</bikeapp:BikeTotalDistanceM>
</Extensions>
</Trackpoint>
<Trackpoint>
<Time>2026-05-29T20:45:27.179Z</Time>
<DistanceMeters>4978.7</DistanceMeters>
<HeartRateBpm><Value>135</Value></HeartRateBpm>
<Cadence>82</Cadence>
<Extensions>
<ns3:TPX>
<ns3:Speed>8.253</ns3:Speed>
<ns3:Watts>239</ns3:Watts>
</ns3:TPX>
<bikeapp:Resistance01>17</bikeapp:Resistance01>
<bikeapp:BikeTotalDistanceM>5205.0</bikeapp:BikeTotalDistanceM>
</Extensions>
</Trackpoint>
<Trackpoint>
<Time>2026-05-29T20:45:28.667Z</Time>
<DistanceMeters>4991.0</DistanceMeters>
<HeartRateBpm><Value>136</Value></HeartRateBpm>
<Cadence>81</Cadence>
<Extensions>
<ns3:TPX>
<ns3:Speed>8.272</ns3:Speed>
<ns3:Watts>233</ns3:Watts>
</ns3:TPX>
<bikeapp:Resistance01>17</bikeapp:Resistance01>
<bikeapp:BikeTotalDistanceM>5214.0</bikeapp:BikeTotalDistanceM>
</Extensions>
</Trackpoint>
<Trackpoint>
<Time>2026-05-29T20:45:30.180Z</Time>
<DistanceMeters>5003.5</DistanceMeters>
<HeartRateBpm><Value>137</Value></HeartRateBpm>
<Cadence>81</Cadence>
<Extensions>
<ns3:TPX>
<ns3:Speed>8.250</ns3:Speed>
<ns3:Watts>233</ns3:Watts>
</ns3:TPX>
<bikeapp:Resistance01>17</bikeapp:Resistance01>
<bikeapp:BikeTotalDistanceM>5230.0</bikeapp:BikeTotalDistanceM>
</Extensions>
</Trackpoint>
<Trackpoint>
<Time>2026-05-29T20:45:31.667Z</Time>
<DistanceMeters>5015.8</DistanceMeters>
<HeartRateBpm><Value>137</Value></HeartRateBpm>
<Cadence>81</Cadence>
<Extensions>
<ns3:TPX>
<ns3:Speed>8.260</ns3:Speed>
<ns3:Watts>233</ns3:Watts>
</ns3:TPX>
<bikeapp:Resistance01>17</bikeapp:Resistance01>
<bikeapp:BikeTotalDistanceM>5239.0</bikeapp:BikeTotalDistanceM>
</Extensions>
</Trackpoint>
<Trackpoint>
<Time>2026-05-29T20:45:33.179Z</Time>
<DistanceMeters>5028.3</DistanceMeters>
<HeartRateBpm><Value>137</Value></HeartRateBpm>
<Cadence>81</Cadence>
<Extensions>
<ns3:TPX>
<ns3:Speed>8.265</ns3:Speed>
<ns3:Watts>233</ns3:Watts>
</ns3:TPX>
<bikeapp:Resistance01>17</bikeapp:Resistance01>
<bikeapp:BikeTotalDistanceM>5255.0</bikeapp:BikeTotalDistanceM>
</Extensions>
</Trackpoint>
<Trackpoint>
<Time>2026-05-29T20:45:34.666Z</Time>
<DistanceMeters>5040.6</DistanceMeters>
<HeartRateBpm><Value>135</Value></HeartRateBpm>
<Cadence>81</Cadence>
<Extensions>
<ns3:TPX>
<ns3:Speed>8.267</ns3:Speed>
<ns3:Watts>233</ns3:Watts>
</ns3:TPX>
<bikeapp:Resistance01>17</bikeapp:Resistance01>
<bikeapp:BikeTotalDistanceM>5264.0</bikeapp:BikeTotalDistanceM>
</Extensions>
</Trackpoint>
<Trackpoint>
<Time>2026-05-29T20:45:35.669Z</Time>
<DistanceMeters>5048.9</DistanceMeters>
<HeartRateBpm><Value>135</Value></HeartRateBpm>
<Cadence>81</Cadence>
<Extensions>
<ns3:TPX>
<ns3:Speed>8.268</ns3:Speed>
<ns3:Watts>233</ns3:Watts>
</ns3:TPX>
<bikeapp:Resistance01>17</bikeapp:Resistance01>
<bikeapp:BikeTotalDistanceM>5272.0</bikeapp:BikeTotalDistanceM>
</Extensions>
</Trackpoint>
<Trackpoint>
<Time>2026-05-29T20:45:37.167Z</Time>
<DistanceMeters>5061.2</DistanceMeters>
<HeartRateBpm><Value>135</Value></HeartRateBpm>
<Cadence>79</Cadence>
<Extensions>
<ns3:TPX>
<ns3:Speed>8.217</ns3:Speed>
<ns3:Watts>223</ns3:Watts>
</ns3:TPX>
<bikeapp:Resistance01>17</bikeapp:Resistance01>
<bikeapp:BikeTotalDistanceM>5289.0</bikeapp:BikeTotalDistanceM>
</Extensions>
</Trackpoint>
<Trackpoint>
<Time>2026-05-29T20:45:38.181Z</Time>
<DistanceMeters>5069.5</DistanceMeters>
<HeartRateBpm><Value>135</Value></HeartRateBpm>
<Cadence>80</Cadence>
<Extensions>
<ns3:TPX>
<ns3:Speed>8.199</ns3:Speed>
<ns3:Watts>228</ns3:Watts>
</ns3:TPX>
<bikeapp:Resistance01>17</bikeapp:Resistance01>
<bikeapp:BikeTotalDistanceM>5297.0</bikeapp:BikeTotalDistanceM>
</Extensions>
</Trackpoint>
<Trackpoint>
<Time>2026-05-29T20:45:39.183Z</Time>
<DistanceMeters>5077.7</DistanceMeters>
<HeartRateBpm><Value>135</Value></HeartRateBpm>
<Cadence>81</Cadence>
<Extensions>
<ns3:TPX>
<ns3:Speed>8.215</ns3:Speed>
<ns3:Watts>233</ns3:Watts>
</ns3:TPX>
<bikeapp:Resistance01>17</bikeapp:Resistance01>
<bikeapp:BikeTotalDistanceM>5305.0</bikeapp:BikeTotalDistanceM>
</Extensions>
</Trackpoint>
<Trackpoint>
<Time>2026-05-29T20:45:40.666Z</Time>
<DistanceMeters>5089.9</DistanceMeters>
<HeartRateBpm><Value>135</Value></HeartRateBpm>
<Cadence>80</Cadence>
<Extensions>
<ns3:TPX>
<ns3:Speed>8.216</ns3:Speed>
<ns3:Watts>228</ns3:Watts>
</ns3:TPX>
<bikeapp:Resistance01>17</bikeapp:Resistance01>
<bikeapp:BikeTotalDistanceM>5314.0</bikeapp:BikeTotalDistanceM>
</Extensions>
</Trackpoint>
<Trackpoint>
<Time>2026-05-29T20:45:41.667Z</Time>
<DistanceMeters>5098.1</DistanceMeters>
<HeartRateBpm><Value>135</Value></HeartRateBpm>
<Cadence>79</Cadence>
<Extensions>
<ns3:TPX>
<ns3:Speed>8.183</ns3:Speed>
<ns3:Watts>223</ns3:Watts>
</ns3:TPX>
<bikeapp:Resistance01>17</bikeapp:Resistance01>
<bikeapp:BikeTotalDistanceM>5322.0</bikeapp:BikeTotalDistanceM>
</Extensions>
</Trackpoint>
<Trackpoint>
<Time>2026-05-29T20:45:43.167Z</Time>
<DistanceMeters>5110.3</DistanceMeters>
<HeartRateBpm><Value>135</Value></HeartRateBpm>
<Cadence>77</Cadence>
<Extensions>
<ns3:TPX>
<ns3:Speed>8.096</ns3:Speed>
<ns3:Watts>215</ns3:Watts>
</ns3:TPX>
<bikeapp:Resistance01>17</bikeapp:Resistance01>
<bikeapp:BikeTotalDistanceM>5338.0</bikeapp:BikeTotalDistanceM>
</Extensions>
</Trackpoint>
<Trackpoint>
<Time>2026-05-29T20:45:44.179Z</Time>
<DistanceMeters>5118.5</DistanceMeters>
<HeartRateBpm><Value>134</Value></HeartRateBpm>
<Cadence>80</Cadence>
<Extensions>
<ns3:TPX>
<ns3:Speed>8.106</ns3:Speed>
<ns3:Watts>228</ns3:Watts>
</ns3:TPX>
<bikeapp:Resistance01>17</bikeapp:Resistance01>
<bikeapp:BikeTotalDistanceM>5346.0</bikeapp:BikeTotalDistanceM>
</Extensions>
</Trackpoint>
<Trackpoint>
<Time>2026-05-29T20:45:45.666Z</Time>
<DistanceMeters>5130.7</DistanceMeters>
<HeartRateBpm><Value>132</Value></HeartRateBpm>
<Cadence>83</Cadence>
<Extensions>
<ns3:TPX>
<ns3:Speed>8.244</ns3:Speed>
<ns3:Watts>245</ns3:Watts>
</ns3:TPX>
<bikeapp:Resistance01>17</bikeapp:Resistance01>
<bikeapp:BikeTotalDistanceM>5355.0</bikeapp:BikeTotalDistanceM>
</Extensions>
</Trackpoint>
<Trackpoint>
<Time>2026-05-29T20:45:46.667Z</Time>
<DistanceMeters>5138.9</DistanceMeters>
<HeartRateBpm><Value>132</Value></HeartRateBpm>
<Cadence>80</Cadence>
<Extensions>
<ns3:TPX>
<ns3:Speed>8.227</ns3:Speed>
<ns3:Watts>228</ns3:Watts>
</ns3:TPX>
<bikeapp:Resistance01>17</bikeapp:Resistance01>
<bikeapp:BikeTotalDistanceM>5363.0</bikeapp:BikeTotalDistanceM>
</Extensions>
</Trackpoint>
<Trackpoint>
<Time>2026-05-29T20:45:47.667Z</Time>
<DistanceMeters>5147.1</DistanceMeters>
<HeartRateBpm><Value>132</Value></HeartRateBpm>
<Cadence>79</Cadence>
<Extensions>
<ns3:TPX>
<ns3:Speed>8.190</ns3:Speed>
<ns3:Watts>223</ns3:Watts>
</ns3:TPX>
<bikeapp:Resistance01>17</bikeapp:Resistance01>
<bikeapp:BikeTotalDistanceM>5371.0</bikeapp:BikeTotalDistanceM>
</Extensions>
</Trackpoint>
<Trackpoint>
<Time>2026-05-29T20:45:49.166Z</Time>
<DistanceMeters>5159.3</DistanceMeters>
<HeartRateBpm><Value>133</Value></HeartRateBpm>
<Cadence>79</Cadence>
<Extensions>
<ns3:TPX>
<ns3:Speed>8.142</ns3:Speed>
<ns3:Watts>223</ns3:Watts>
</ns3:TPX>
<bikeapp:Resistance01>17</bikeapp:Resistance01>
<bikeapp:BikeTotalDistanceM>5387.0</bikeapp:BikeTotalDistanceM>
</Extensions>
</Trackpoint>
<Trackpoint>
<Time>2026-05-29T20:45:50.179Z</Time>
<DistanceMeters>5167.6</DistanceMeters>
<HeartRateBpm><Value>133</Value></HeartRateBpm>
<Cadence>78</Cadence>
<Extensions>
<ns3:TPX>
<ns3:Speed>8.125</ns3:Speed>
<ns3:Watts>219</ns3:Watts>
</ns3:TPX>
<bikeapp:Resistance01>17</bikeapp:Resistance01>
<bikeapp:BikeTotalDistanceM>5396.0</bikeapp:BikeTotalDistanceM>
</Extensions>
</Trackpoint>
<Trackpoint>
<Time>2026-05-29T20:45:51.666Z</Time>
<DistanceMeters>5179.6</DistanceMeters>
<HeartRateBpm><Value>134</Value></HeartRateBpm>
<Cadence>78</Cadence>
<Extensions>
<ns3:TPX>
<ns3:Speed>8.098</ns3:Speed>
<ns3:Watts>219</ns3:Watts>
</ns3:TPX>
<bikeapp:Resistance01>17</bikeapp:Resistance01>
<bikeapp:BikeTotalDistanceM>5404.0</bikeapp:BikeTotalDistanceM>
</Extensions>
</Trackpoint>
<Trackpoint>
<Time>2026-05-29T20:45:52.667Z</Time>
<DistanceMeters>5187.7</DistanceMeters>
<HeartRateBpm><Value>135</Value></HeartRateBpm>
<Cadence>78</Cadence>
<Extensions>
<ns3:TPX>
<ns3:Speed>8.089</ns3:Speed>
<ns3:Watts>219</ns3:Watts>
</ns3:TPX>
<bikeapp:Resistance01>17</bikeapp:Resistance01>
<bikeapp:BikeTotalDistanceM>5412.0</bikeapp:BikeTotalDistanceM>
</Extensions>
</Trackpoint>
<Trackpoint>
<Time>2026-05-29T20:45:53.669Z</Time>
<DistanceMeters>5195.8</DistanceMeters>
<HeartRateBpm><Value>135</Value></HeartRateBpm>
<Cadence>77</Cadence>
<Extensions>
<ns3:TPX>
<ns3:Speed>8.061</ns3:Speed>
<ns3:Watts>215</ns3:Watts>
</ns3:TPX>
<bikeapp:Resistance01>17</bikeapp:Resistance01>
<bikeapp:BikeTotalDistanceM>5420.0</bikeapp:BikeTotalDistanceM>
</Extensions>
</Trackpoint>
<Trackpoint>
<Time>2026-05-29T20:45:54.675Z</Time>
<DistanceMeters>5203.9</DistanceMeters>
<HeartRateBpm><Value>135</Value></HeartRateBpm>
<Cadence>77</Cadence>
<Extensions>
<ns3:TPX>
<ns3:Speed>8.043</ns3:Speed>
<ns3:Watts>215</ns3:Watts>
</ns3:TPX>
<bikeapp:Resistance01>17</bikeapp:Resistance01>
<bikeapp:BikeTotalDistanceM>5428.0</bikeapp:BikeTotalDistanceM>
</Extensions>
</Trackpoint>
<Trackpoint>
<Time>2026-05-29T20:45:56.179Z</Time>
<DistanceMeters>5215.9</DistanceMeters>
<HeartRateBpm><Value>135</Value></HeartRateBpm>
<Cadence>75</Cadence>
<Extensions>
<ns3:TPX>
<ns3:Speed>7.986</ns3:Speed>
<ns3:Watts>207</ns3:Watts>
</ns3:TPX>
<bikeapp:Resistance01>17</bikeapp:Resistance01>
<bikeapp:BikeTotalDistanceM>5443.0</bikeapp:BikeTotalDistanceM>
</Extensions>
</Trackpoint>
<Trackpoint>
<Time>2026-05-29T20:45:57.180Z</Time>
<DistanceMeters>5223.9</DistanceMeters>
<HeartRateBpm><Value>136</Value></HeartRateBpm>
<Cadence>75</Cadence>
<Extensions>
<ns3:TPX>
<ns3:Speed>7.952</ns3:Speed>
<ns3:Watts>207</ns3:Watts>
</ns3:TPX>
<bikeapp:Resistance01>17</bikeapp:Resistance01>
<bikeapp:BikeTotalDistanceM>5451.0</bikeapp:BikeTotalDistanceM>
</Extensions>
</Trackpoint>
<Trackpoint>
<Time>2026-05-29T20:45:58.667Z</Time>
<DistanceMeters>5235.7</DistanceMeters>
<HeartRateBpm><Value>135</Value></HeartRateBpm>
<Cadence>76</Cadence>
<Extensions>
<ns3:TPX>
<ns3:Speed>7.948</ns3:Speed>
<ns3:Watts>211</ns3:Watts>
</ns3:TPX>
<bikeapp:Resistance01>17</bikeapp:Resistance01>
<bikeapp:BikeTotalDistanceM>5459.0</bikeapp:BikeTotalDistanceM>
</Extensions>
</Trackpoint>
<Trackpoint>
<Time>2026-05-29T20:46:00.179Z</Time>
<DistanceMeters>5247.7</DistanceMeters>
<HeartRateBpm><Value>135</Value></HeartRateBpm>
<Cadence>75</Cadence>
<Extensions>
<ns3:TPX>
<ns3:Speed>7.922</ns3:Speed>
<ns3:Watts>207</ns3:Watts>
</ns3:TPX>
<bikeapp:Resistance01>17</bikeapp:Resistance01>
<bikeapp:BikeTotalDistanceM>5474.0</bikeapp:BikeTotalDistanceM>
</Extensions>
</Trackpoint>
<Trackpoint>
<Time>2026-05-29T20:46:01.670Z</Time>
<DistanceMeters>5259.5</DistanceMeters>
<HeartRateBpm><Value>135</Value></HeartRateBpm>
<Cadence>76</Cadence>
<Extensions>
<ns3:TPX>
<ns3:Speed>7.933</ns3:Speed>
<ns3:Watts>211</ns3:Watts>
</ns3:TPX>
<bikeapp:Resistance01>17</bikeapp:Resistance01>
<bikeapp:BikeTotalDistanceM>5482.0</bikeapp:BikeTotalDistanceM>
</Extensions>
</Trackpoint>
<Trackpoint>
<Time>2026-05-29T20:46:03.180Z</Time>
<DistanceMeters>5271.5</DistanceMeters>
<HeartRateBpm><Value>134</Value></HeartRateBpm>
<Cadence>77</Cadence>
<Extensions>
<ns3:TPX>
<ns3:Speed>7.977</ns3:Speed>
<ns3:Watts>215</ns3:Watts>
</ns3:TPX>
<bikeapp:Resistance01>17</bikeapp:Resistance01>
<bikeapp:BikeTotalDistanceM>5498.0</bikeapp:BikeTotalDistanceM>
</Extensions>
</Trackpoint>
<Trackpoint>
<Time>2026-05-29T20:46:04.668Z</Time>
<DistanceMeters>5283.4</DistanceMeters>
<HeartRateBpm><Value>134</Value></HeartRateBpm>
<Cadence>77</Cadence>
<Extensions>
<ns3:TPX>
<ns3:Speed>7.997</ns3:Speed>
<ns3:Watts>215</ns3:Watts>
</ns3:TPX>
<bikeapp:Resistance01>17</bikeapp:Resistance01>
<bikeapp:BikeTotalDistanceM>5506.0</bikeapp:BikeTotalDistanceM>
</Extensions>
</Trackpoint>
<Trackpoint>
<Time>2026-05-29T20:46:06.180Z</Time>
<DistanceMeters>5295.6</DistanceMeters>
<HeartRateBpm><Value>135</Value></HeartRateBpm>
<Cadence>80</Cadence>
<Extensions>
<ns3:TPX>
<ns3:Speed>8.104</ns3:Speed>
<ns3:Watts>228</ns3:Watts>
</ns3:TPX>
<bikeapp:Resistance01>17</bikeapp:Resistance01>
<bikeapp:BikeTotalDistanceM>5523.0</bikeapp:BikeTotalDistanceM>
</Extensions>
</Trackpoint>
<Trackpoint>
<Time>2026-05-29T20:46:07.671Z</Time>
<DistanceMeters>5307.8</DistanceMeters>
<HeartRateBpm><Value>135</Value></HeartRateBpm>
<Cadence>79</Cadence>
<Extensions>
<ns3:TPX>
<ns3:Speed>8.127</ns3:Speed>
<ns3:Watts>223</ns3:Watts>
</ns3:TPX>
<bikeapp:Resistance01>17</bikeapp:Resistance01>
<bikeapp:BikeTotalDistanceM>5531.0</bikeapp:BikeTotalDistanceM>
</Extensions>
</Trackpoint>
<Trackpoint>
<Time>2026-05-29T20:46:09.179Z</Time>
<DistanceMeters>5319.9</DistanceMeters>
<HeartRateBpm><Value>135</Value></HeartRateBpm>
<Cadence>77</Cadence>
<Extensions>
<ns3:TPX>
<ns3:Speed>8.052</ns3:Speed>
<ns3:Watts>215</ns3:Watts>
</ns3:TPX>
<bikeapp:Resistance01>17</bikeapp:Resistance01>
<bikeapp:BikeTotalDistanceM>5547.0</bikeapp:BikeTotalDistanceM>
</Extensions>
</Trackpoint>
<Trackpoint>
<Time>2026-05-29T20:46:10.679Z</Time>
<DistanceMeters>5332.0</DistanceMeters>
<HeartRateBpm><Value>135</Value></HeartRateBpm>
<Cadence>77</Cadence>
<Extensions>
<ns3:TPX>
<ns3:Speed>8.033</ns3:Speed>
<ns3:Watts>215</ns3:Watts>
</ns3:TPX>
<bikeapp:Resistance01>17</bikeapp:Resistance01>
<bikeapp:BikeTotalDistanceM>5555.0</bikeapp:BikeTotalDistanceM>
</Extensions>
</Trackpoint>
<Trackpoint>
<Time>2026-05-29T20:46:12.179Z</Time>
<DistanceMeters>5344.0</DistanceMeters>
<HeartRateBpm><Value>136</Value></HeartRateBpm>
<Cadence>76</Cadence>
<Extensions>
<ns3:TPX>
<ns3:Speed>8.012</ns3:Speed>
<ns3:Watts>211</ns3:Watts>
</ns3:TPX>
<bikeapp:Resistance01>17</bikeapp:Resistance01>
<bikeapp:BikeTotalDistanceM>5571.0</bikeapp:BikeTotalDistanceM>
</Extensions>
</Trackpoint>
<Trackpoint>
<Time>2026-05-29T20:46:13.667Z</Time>
<DistanceMeters>5355.9</DistanceMeters>
<HeartRateBpm><Value>136</Value></HeartRateBpm>
<Cadence>76</Cadence>
<Extensions>
<ns3:TPX>
<ns3:Speed>7.984</ns3:Speed>
<ns3:Watts>211</ns3:Watts>
</ns3:TPX>
<bikeapp:Resistance01>17</bikeapp:Resistance01>
<bikeapp:BikeTotalDistanceM>5578.0</bikeapp:BikeTotalDistanceM>
</Extensions>
</Trackpoint>
<Trackpoint>
<Time>2026-05-29T20:46:15.167Z</Time>
<DistanceMeters>5367.8</DistanceMeters>
<HeartRateBpm><Value>137</Value></HeartRateBpm>
<Cadence>74</Cadence>
<Extensions>
<ns3:TPX>
<ns3:Speed>7.924</ns3:Speed>
<ns3:Watts>202</ns3:Watts>
</ns3:TPX>
<bikeapp:Resistance01>17</bikeapp:Resistance01>
<bikeapp:BikeTotalDistanceM>5594.0</bikeapp:BikeTotalDistanceM>
</Extensions>
</Trackpoint>
<Trackpoint>
<Time>2026-05-29T20:46:16.167Z</Time>
<DistanceMeters>5375.7</DistanceMeters>
<HeartRateBpm><Value>137</Value></HeartRateBpm>
<Cadence>75</Cadence>
<Extensions>
<ns3:TPX>
<ns3:Speed>7.902</ns3:Speed>
<ns3:Watts>207</ns3:Watts>
</ns3:TPX>
<bikeapp:Resistance01>17</bikeapp:Resistance01>
<bikeapp:BikeTotalDistanceM>5602.0</bikeapp:BikeTotalDistanceM>
</Extensions>
</Trackpoint>
<Trackpoint>
<Time>2026-05-29T20:46:17.179Z</Time>
<DistanceMeters>5383.7</DistanceMeters>
<HeartRateBpm><Value>137</Value></HeartRateBpm>
<Cadence>76</Cadence>
<Extensions>
<ns3:TPX>
<ns3:Speed>7.914</ns3:Speed>
<ns3:Watts>211</ns3:Watts>
</ns3:TPX>
<bikeapp:Resistance01>17</bikeapp:Resistance01>
<bikeapp:BikeTotalDistanceM>5610.0</bikeapp:BikeTotalDistanceM>
</Extensions>
</Trackpoint>
<Trackpoint>
<Time>2026-05-29T20:46:18.667Z</Time>
<DistanceMeters>5395.6</DistanceMeters>
<HeartRateBpm><Value>137</Value></HeartRateBpm>
<Cadence>77</Cadence>
<Extensions>
<ns3:TPX>
<ns3:Speed>7.959</ns3:Speed>
<ns3:Watts>215</ns3:Watts>
</ns3:TPX>
<bikeapp:Resistance01>17</bikeapp:Resistance01>
<bikeapp:BikeTotalDistanceM>5618.0</bikeapp:BikeTotalDistanceM>
</Extensions>
</Trackpoint>
<Trackpoint>
<Time>2026-05-29T20:46:20.181Z</Time>
<DistanceMeters>5407.7</DistanceMeters>
<HeartRateBpm><Value>136</Value></HeartRateBpm>
<Cadence>76</Cadence>
<Extensions>
<ns3:TPX>
<ns3:Speed>7.994</ns3:Speed>
<ns3:Watts>211</ns3:Watts>
</ns3:TPX>
<bikeapp:Resistance01>17</bikeapp:Resistance01>
<bikeapp:BikeTotalDistanceM>5633.0</bikeapp:BikeTotalDistanceM>
</Extensions>
</Trackpoint>
<Trackpoint>
<Time>2026-05-29T20:46:21.667Z</Time>
<DistanceMeters>5419.5</DistanceMeters>
<HeartRateBpm><Value>136</Value></HeartRateBpm>
<Cadence>77</Cadence>
<Extensions>
<ns3:TPX>
<ns3:Speed>7.998</ns3:Speed>
<ns3:Watts>215</ns3:Watts>
</ns3:TPX>
<bikeapp:Resistance01>17</bikeapp:Resistance01>
<bikeapp:BikeTotalDistanceM>5641.0</bikeapp:BikeTotalDistanceM>
</Extensions>
</Trackpoint>
<Trackpoint>
<Time>2026-05-29T20:46:22.686Z</Time>
<DistanceMeters>5427.7</DistanceMeters>
<HeartRateBpm><Value>136</Value></HeartRateBpm>
<Cadence>78</Cadence>
<Extensions>
<ns3:TPX>
<ns3:Speed>8.028</ns3:Speed>
<ns3:Watts>219</ns3:Watts>
</ns3:TPX>
<bikeapp:Resistance01>17</bikeapp:Resistance01>
<bikeapp:BikeTotalDistanceM>5650.0</bikeapp:BikeTotalDistanceM>
</Extensions>
</Trackpoint>
<Trackpoint>
<Time>2026-05-29T20:46:24.179Z</Time>
<DistanceMeters>5439.7</DistanceMeters>
<HeartRateBpm><Value>137</Value></HeartRateBpm>
<Cadence>76</Cadence>
<Extensions>
<ns3:TPX>
<ns3:Speed>8.026</ns3:Speed>
<ns3:Watts>211</ns3:Watts>
</ns3:TPX>
<bikeapp:Resistance01>17</bikeapp:Resistance01>
<bikeapp:BikeTotalDistanceM>5665.0</bikeapp:BikeTotalDistanceM>
</Extensions>
</Trackpoint>
<Trackpoint>
<Time>2026-05-29T20:46:25.191Z</Time>
<DistanceMeters>5447.8</DistanceMeters>
<HeartRateBpm><Value>137</Value></HeartRateBpm>
<Cadence>77</Cadence>
<Extensions>
<ns3:TPX>
<ns3:Speed>8.013</ns3:Speed>
<ns3:Watts>215</ns3:Watts>
</ns3:TPX>
<bikeapp:Resistance01>17</bikeapp:Resistance01>
<bikeapp:BikeTotalDistanceM>5673.0</bikeapp:BikeTotalDistanceM>
</Extensions>
</Trackpoint>
<Trackpoint>
<Time>2026-05-29T20:46:26.667Z</Time>
<DistanceMeters>5459.6</DistanceMeters>
<HeartRateBpm><Value>137</Value></HeartRateBpm>
<Cadence>76</Cadence>
<Extensions>
<ns3:TPX>
<ns3:Speed>7.992</ns3:Speed>
<ns3:Watts>211</ns3:Watts>
</ns3:TPX>
<bikeapp:Resistance01>17</bikeapp:Resistance01>
<bikeapp:BikeTotalDistanceM>5681.0</bikeapp:BikeTotalDistanceM>
</Extensions>
</Trackpoint>
<Trackpoint>
<Time>2026-05-29T20:46:28.190Z</Time>
<DistanceMeters>5471.8</DistanceMeters>
<HeartRateBpm><Value>137</Value></HeartRateBpm>
<Cadence>76</Cadence>
<Extensions>
<ns3:TPX>
<ns3:Speed>7.992</ns3:Speed>
<ns3:Watts>211</ns3:Watts>
</ns3:TPX>
<bikeapp:Resistance01>17</bikeapp:Resistance01>
<bikeapp:BikeTotalDistanceM>5697.0</bikeapp:BikeTotalDistanceM>
</Extensions>
</Trackpoint>
<Trackpoint>
<Time>2026-05-29T20:46:29.666Z</Time>
<DistanceMeters>5483.5</DistanceMeters>
<HeartRateBpm><Value>136</Value></HeartRateBpm>
<Cadence>74</Cadence>
<Extensions>
<ns3:TPX>
<ns3:Speed>7.923</ns3:Speed>
<ns3:Watts>202</ns3:Watts>
</ns3:TPX>
<bikeapp:Resistance01>17</bikeapp:Resistance01>
<bikeapp:BikeTotalDistanceM>5705.0</bikeapp:BikeTotalDistanceM>
</Extensions>
</Trackpoint>
<Trackpoint>
<Time>2026-05-29T20:46:30.667Z</Time>
<DistanceMeters>5491.5</DistanceMeters>
<HeartRateBpm><Value>135</Value></HeartRateBpm>
<Cadence>75</Cadence>
<Extensions>
<ns3:TPX>
<ns3:Speed>7.914</ns3:Speed>
<ns3:Watts>207</ns3:Watts>
</ns3:TPX>
<bikeapp:Resistance01>17</bikeapp:Resistance01>
<bikeapp:BikeTotalDistanceM>5713.0</bikeapp:BikeTotalDistanceM>
</Extensions>
</Trackpoint>
<Trackpoint>
<Time>2026-05-29T20:46:31.667Z</Time>
<DistanceMeters>5499.4</DistanceMeters>
<HeartRateBpm><Value>135</Value></HeartRateBpm>
<Cadence>75</Cadence>
<Extensions>
<ns3:TPX>
<ns3:Speed>7.908</ns3:Speed>
<ns3:Watts>207</ns3:Watts>
</ns3:TPX>
<bikeapp:Resistance01>17</bikeapp:Resistance01>
<bikeapp:BikeTotalDistanceM>5720.0</bikeapp:BikeTotalDistanceM>
</Extensions>
</Trackpoint>
<Trackpoint>
<Time>2026-05-29T20:46:33.167Z</Time>
<DistanceMeters>5511.3</DistanceMeters>
<HeartRateBpm><Value>134</Value></HeartRateBpm>
<Cadence>78</Cadence>
<Extensions>
<ns3:TPX>
<ns3:Speed>7.959</ns3:Speed>
<ns3:Watts>219</ns3:Watts>
</ns3:TPX>
<bikeapp:Resistance01>17</bikeapp:Resistance01>
<bikeapp:BikeTotalDistanceM>5736.0</bikeapp:BikeTotalDistanceM>
</Extensions>
</Trackpoint>
<Trackpoint>
<Time>2026-05-29T20:46:34.192Z</Time>
<DistanceMeters>5519.5</DistanceMeters>
<HeartRateBpm><Value>133</Value></HeartRateBpm>
<Cadence>79</Cadence>
<Extensions>
<ns3:TPX>
<ns3:Speed>8.018</ns3:Speed>
<ns3:Watts>223</ns3:Watts>
</ns3:TPX>
<bikeapp:Resistance01>17</bikeapp:Resistance01>
<bikeapp:BikeTotalDistanceM>5744.0</bikeapp:BikeTotalDistanceM>
</Extensions>
</Trackpoint>
<Trackpoint>
<Time>2026-05-29T20:46:35.670Z</Time>
<DistanceMeters>5531.4</DistanceMeters>
<HeartRateBpm><Value>133</Value></HeartRateBpm>
<Cadence>78</Cadence>
<Extensions>
<ns3:TPX>
<ns3:Speed>8.054</ns3:Speed>
<ns3:Watts>219</ns3:Watts>
</ns3:TPX>
<bikeapp:Resistance01>17</bikeapp:Resistance01>
<bikeapp:BikeTotalDistanceM>5753.0</bikeapp:BikeTotalDistanceM>
</Extensions>
</Trackpoint>
<Trackpoint>
<Time>2026-05-29T20:46:37.168Z</Time>
<DistanceMeters>5543.4</DistanceMeters>
<HeartRateBpm><Value>133</Value></HeartRateBpm>
<Cadence>77</Cadence>
<Extensions>
<ns3:TPX>
<ns3:Speed>8.052</ns3:Speed>
<ns3:Watts>215</ns3:Watts>
</ns3:TPX>
<bikeapp:Resistance01>17</bikeapp:Resistance01>
<bikeapp:BikeTotalDistanceM>5769.0</bikeapp:BikeTotalDistanceM>
</Extensions>
</Trackpoint>
<Trackpoint>
<Time>2026-05-29T20:46:38.180Z</Time>
<DistanceMeters>5551.6</DistanceMeters>
<HeartRateBpm><Value>134</Value></HeartRateBpm>
<Cadence>76</Cadence>
<Extensions>
<ns3:TPX>
<ns3:Speed>8.025</ns3:Speed>
<ns3:Watts>211</ns3:Watts>
</ns3:TPX>
<bikeapp:Resistance01>17</bikeapp:Resistance01>
<bikeapp:BikeTotalDistanceM>5776.0</bikeapp:BikeTotalDistanceM>
</Extensions>
</Trackpoint>
<Trackpoint>
<Time>2026-05-29T20:46:39.187Z</Time>
<DistanceMeters>5559.6</DistanceMeters>
<HeartRateBpm><Value>135</Value></HeartRateBpm>
<Cadence>77</Cadence>
<Extensions>
<ns3:TPX>
<ns3:Speed>8.012</ns3:Speed>
<ns3:Watts>215</ns3:Watts>
</ns3:TPX>
<bikeapp:Resistance01>17</bikeapp:Resistance01>
<bikeapp:BikeTotalDistanceM>5784.0</bikeapp:BikeTotalDistanceM>
</Extensions>
</Trackpoint>
<Trackpoint>
<Time>2026-05-29T20:46:40.191Z</Time>
<DistanceMeters>5567.7</DistanceMeters>
<HeartRateBpm><Value>135</Value></HeartRateBpm>
<Cadence>80</Cadence>
<Extensions>
<ns3:TPX>
<ns3:Speed>8.056</ns3:Speed>
<ns3:Watts>228</ns3:Watts>
</ns3:TPX>
<bikeapp:Resistance01>17</bikeapp:Resistance01>
<bikeapp:BikeTotalDistanceM>5793.0</bikeapp:BikeTotalDistanceM>
</Extensions>
</Trackpoint>
<Trackpoint>
<Time>2026-05-29T20:46:41.667Z</Time>
<DistanceMeters>5579.7</DistanceMeters>
<HeartRateBpm><Value>135</Value></HeartRateBpm>
<Cadence>80</Cadence>
<Extensions>
<ns3:TPX>
<ns3:Speed>8.130</ns3:Speed>
<ns3:Watts>228</ns3:Watts>
</ns3:TPX>
<bikeapp:Resistance01>17</bikeapp:Resistance01>
<bikeapp:BikeTotalDistanceM>5801.0</bikeapp:BikeTotalDistanceM>
</Extensions>
</Trackpoint>
<Trackpoint>
<Time>2026-05-29T20:46:42.667Z</Time>
<DistanceMeters>5587.9</DistanceMeters>
<HeartRateBpm><Value>135</Value></HeartRateBpm>
<Cadence>81</Cadence>
<Extensions>
<ns3:TPX>
<ns3:Speed>8.184</ns3:Speed>
<ns3:Watts>233</ns3:Watts>
</ns3:TPX>
<bikeapp:Resistance01>17</bikeapp:Resistance01>
<bikeapp:BikeTotalDistanceM>5809.0</bikeapp:BikeTotalDistanceM>
</Extensions>
</Trackpoint>
<Trackpoint>
<Time>2026-05-29T20:46:43.668Z</Time>
<DistanceMeters>5596.0</DistanceMeters>
<HeartRateBpm><Value>135</Value></HeartRateBpm>
<Cadence>79</Cadence>
<Extensions>
<ns3:TPX>
<ns3:Speed>8.163</ns3:Speed>
<ns3:Watts>223</ns3:Watts>
</ns3:TPX>
<bikeapp:Resistance01>17</bikeapp:Resistance01>
<bikeapp:BikeTotalDistanceM>5818.0</bikeapp:BikeTotalDistanceM>
</Extensions>
</Trackpoint>
<Trackpoint>
<Time>2026-05-29T20:46:45.180Z</Time>
<DistanceMeters>5608.3</DistanceMeters>
<HeartRateBpm><Value>134</Value></HeartRateBpm>
<Cadence>76</Cadence>
<Extensions>
<ns3:TPX>
<ns3:Speed>8.073</ns3:Speed>
<ns3:Watts>211</ns3:Watts>
</ns3:TPX>
<bikeapp:Resistance01>17</bikeapp:Resistance01>
<bikeapp:BikeTotalDistanceM>5833.0</bikeapp:BikeTotalDistanceM>
</Extensions>
</Trackpoint>
<Trackpoint>
<Time>2026-05-29T20:46:46.192Z</Time>
<DistanceMeters>5616.4</DistanceMeters>
<HeartRateBpm><Value>134</Value></HeartRateBpm>
<Cadence>76</Cadence>
<Extensions>
<ns3:TPX>
<ns3:Speed>8.028</ns3:Speed>
<ns3:Watts>211</ns3:Watts>
</ns3:TPX>
<bikeapp:Resistance01>17</bikeapp:Resistance01>
<bikeapp:BikeTotalDistanceM>5841.0</bikeapp:BikeTotalDistanceM>
</Extensions>
</Trackpoint>
<Trackpoint>
<Time>2026-05-29T20:46:47.668Z</Time>
<DistanceMeters>5628.2</DistanceMeters>
<HeartRateBpm><Value>134</Value></HeartRateBpm>
<Cadence>76</Cadence>
<Extensions>
<ns3:TPX>
<ns3:Speed>7.992</ns3:Speed>
<ns3:Watts>211</ns3:Watts>
</ns3:TPX>
<bikeapp:Resistance01>17</bikeapp:Resistance01>
<bikeapp:BikeTotalDistanceM>5849.0</bikeapp:BikeTotalDistanceM>
</Extensions>
</Trackpoint>
<Trackpoint>
<Time>2026-05-29T20:46:49.193Z</Time>
<DistanceMeters>5640.4</DistanceMeters>
<HeartRateBpm><Value>134</Value></HeartRateBpm>
<Cadence>76</Cadence>
<Extensions>
<ns3:TPX>
<ns3:Speed>7.957</ns3:Speed>
<ns3:Watts>211</ns3:Watts>
</ns3:TPX>
<bikeapp:Resistance01>17</bikeapp:Resistance01>
<bikeapp:BikeTotalDistanceM>5865.0</bikeapp:BikeTotalDistanceM>
</Extensions>
</Trackpoint>
<Trackpoint>
<Time>2026-05-29T20:46:50.667Z</Time>
<DistanceMeters>5652.1</DistanceMeters>
<HeartRateBpm><Value>135</Value></HeartRateBpm>
<Cadence>77</Cadence>
<Extensions>
<ns3:TPX>
<ns3:Speed>7.980</ns3:Speed>
<ns3:Watts>215</ns3:Watts>
</ns3:TPX>
<bikeapp:Resistance01>17</bikeapp:Resistance01>
<bikeapp:BikeTotalDistanceM>5873.0</bikeapp:BikeTotalDistanceM>
</Extensions>
</Trackpoint>
<Trackpoint>
<Time>2026-05-29T20:46:52.192Z</Time>
<DistanceMeters>5664.3</DistanceMeters>
<HeartRateBpm><Value>135</Value></HeartRateBpm>
<Cadence>78</Cadence>
<Extensions>
<ns3:TPX>
<ns3:Speed>8.030</ns3:Speed>
<ns3:Watts>219</ns3:Watts>
</ns3:TPX>
<bikeapp:Resistance01>17</bikeapp:Resistance01>
<bikeapp:BikeTotalDistanceM>5889.0</bikeapp:BikeTotalDistanceM>
</Extensions>
</Trackpoint>
<Trackpoint>
<Time>2026-05-29T20:46:53.669Z</Time>
<DistanceMeters>5676.2</DistanceMeters>
<HeartRateBpm><Value>135</Value></HeartRateBpm>
<Cadence>78</Cadence>
<Extensions>
<ns3:TPX>
<ns3:Speed>8.052</ns3:Speed>
<ns3:Watts>219</ns3:Watts>
</ns3:TPX>
<bikeapp:Resistance01>17</bikeapp:Resistance01>
<bikeapp:BikeTotalDistanceM>5897.0</bikeapp:BikeTotalDistanceM>
</Extensions>
</Trackpoint>
<Trackpoint>
<Time>2026-05-29T20:46:55.192Z</Time>
<DistanceMeters>5688.5</DistanceMeters>
<HeartRateBpm><Value>134</Value></HeartRateBpm>
<Cadence>77</Cadence>
<Extensions>
<ns3:TPX>
<ns3:Speed>8.033</ns3:Speed>
<ns3:Watts>215</ns3:Watts>
</ns3:TPX>
<bikeapp:Resistance01>17</bikeapp:Resistance01>
<bikeapp:BikeTotalDistanceM>5913.0</bikeapp:BikeTotalDistanceM>
</Extensions>
</Trackpoint>
<Trackpoint>
<Time>2026-05-29T20:46:56.667Z</Time>
<DistanceMeters>5700.3</DistanceMeters>
<HeartRateBpm><Value>134</Value></HeartRateBpm>
<Cadence>78</Cadence>
<Extensions>
<ns3:TPX>
<ns3:Speed>8.047</ns3:Speed>
<ns3:Watts>219</ns3:Watts>
</ns3:TPX>
<bikeapp:Resistance01>17</bikeapp:Resistance01>
<bikeapp:BikeTotalDistanceM>5921.0</bikeapp:BikeTotalDistanceM>
</Extensions>
</Trackpoint>
<Trackpoint>
<Time>2026-05-29T20:46:57.668Z</Time>
<DistanceMeters>5708.4</DistanceMeters>
<HeartRateBpm><Value>134</Value></HeartRateBpm>
<Cadence>79</Cadence>
<Extensions>
<ns3:TPX>
<ns3:Speed>8.079</ns3:Speed>
<ns3:Watts>223</ns3:Watts>
</ns3:TPX>
<bikeapp:Resistance01>17</bikeapp:Resistance01>
<bikeapp:BikeTotalDistanceM>5929.0</bikeapp:BikeTotalDistanceM>
</Extensions>
</Trackpoint>
<Trackpoint>
<Time>2026-05-29T20:46:59.180Z</Time>
<DistanceMeters>5720.6</DistanceMeters>
<HeartRateBpm><Value>134</Value></HeartRateBpm>
<Cadence>77</Cadence>
<Extensions>
<ns3:TPX>
<ns3:Speed>8.064</ns3:Speed>
<ns3:Watts>215</ns3:Watts>
</ns3:TPX>
<bikeapp:Resistance01>17</bikeapp:Resistance01>
<bikeapp:BikeTotalDistanceM>5945.0</bikeapp:BikeTotalDistanceM>
</Extensions>
</Trackpoint>
<Trackpoint>
<Time>2026-05-29T20:47:00.668Z</Time>
<DistanceMeters>5732.6</DistanceMeters>
<HeartRateBpm><Value>134</Value></HeartRateBpm>
<Cadence>77</Cadence>
<Extensions>
<ns3:TPX>
<ns3:Speed>8.039</ns3:Speed>
<ns3:Watts>215</ns3:Watts>
</ns3:TPX>
<bikeapp:Resistance01>17</bikeapp:Resistance01>
<bikeapp:BikeTotalDistanceM>5953.0</bikeapp:BikeTotalDistanceM>
</Extensions>
</Trackpoint>
<Trackpoint>
<Time>2026-05-29T20:47:02.180Z</Time>
<DistanceMeters>5744.7</DistanceMeters>
<HeartRateBpm><Value>134</Value></HeartRateBpm>
<Cadence>77</Cadence>
<Extensions>
<ns3:TPX>
<ns3:Speed>7.992</ns3:Speed>
<ns3:Watts>215</ns3:Watts>
</ns3:TPX>
<bikeapp:Resistance01>17</bikeapp:Resistance01>
<bikeapp:BikeTotalDistanceM>5969.0</bikeapp:BikeTotalDistanceM>
</Extensions>
</Trackpoint>
<Trackpoint>
<Time>2026-05-29T20:47:03.668Z</Time>
<DistanceMeters>5756.6</DistanceMeters>
<HeartRateBpm><Value>135</Value></HeartRateBpm>
<Cadence>77</Cadence>
<Extensions>
<ns3:TPX>
<ns3:Speed>8.005</ns3:Speed>
<ns3:Watts>215</ns3:Watts>
</ns3:TPX>
<bikeapp:Resistance01>17</bikeapp:Resistance01>
<bikeapp:BikeTotalDistanceM>5977.0</bikeapp:BikeTotalDistanceM>
</Extensions>
</Trackpoint>
<Trackpoint>
<Time>2026-05-29T20:47:05.167Z</Time>
<DistanceMeters>5768.6</DistanceMeters>
<HeartRateBpm><Value>135</Value></HeartRateBpm>
<Cadence>76</Cadence>
<Extensions>
<ns3:TPX>
<ns3:Speed>7.998</ns3:Speed>
<ns3:Watts>211</ns3:Watts>
</ns3:TPX>
<bikeapp:Resistance01>17</bikeapp:Resistance01>
<bikeapp:BikeTotalDistanceM>5993.0</bikeapp:BikeTotalDistanceM>
</Extensions>
</Trackpoint>
<Trackpoint>
<Time>2026-05-29T20:47:06.680Z</Time>
<DistanceMeters>5780.6</DistanceMeters>
<HeartRateBpm><Value>134</Value></HeartRateBpm>
<Cadence>75</Cadence>
<Extensions>
<ns3:TPX>
<ns3:Speed>7.954</ns3:Speed>
<ns3:Watts>207</ns3:Watts>
</ns3:TPX>
<bikeapp:Resistance01>17</bikeapp:Resistance01>
<bikeapp:BikeTotalDistanceM>6001.0</bikeapp:BikeTotalDistanceM>
</Extensions>
</Trackpoint>
<Trackpoint>
<Time>2026-05-29T20:47:08.189Z</Time>
<DistanceMeters>5792.6</DistanceMeters>
<HeartRateBpm><Value>134</Value></HeartRateBpm>
<Cadence>75</Cadence>
<Extensions>
<ns3:TPX>
<ns3:Speed>7.925</ns3:Speed>
<ns3:Watts>207</ns3:Watts>
</ns3:TPX>
<bikeapp:Resistance01>17</bikeapp:Resistance01>
<bikeapp:BikeTotalDistanceM>6016.0</bikeapp:BikeTotalDistanceM>
</Extensions>
</Trackpoint>
<Trackpoint>
<Time>2026-05-29T20:47:09.668Z</Time>
<DistanceMeters>5804.3</DistanceMeters>
<HeartRateBpm><Value>134</Value></HeartRateBpm>
<Cadence>75</Cadence>
<Extensions>
<ns3:TPX>
<ns3:Speed>7.912</ns3:Speed>
<ns3:Watts>207</ns3:Watts>
</ns3:TPX>
<bikeapp:Resistance01>17</bikeapp:Resistance01>
<bikeapp:BikeTotalDistanceM>6024.0</bikeapp:BikeTotalDistanceM>
</Extensions>
</Trackpoint>
<Trackpoint>
<Time>2026-05-29T20:47:10.680Z</Time>
<DistanceMeters>5812.3</DistanceMeters>
<HeartRateBpm><Value>134</Value></HeartRateBpm>
<Cadence>73</Cadence>
<Extensions>
<ns3:TPX>
<ns3:Speed>7.854</ns3:Speed>
<ns3:Watts>198</ns3:Watts>
</ns3:TPX>
<bikeapp:Resistance01>17</bikeapp:Resistance01>
<bikeapp:BikeTotalDistanceM>6031.0</bikeapp:BikeTotalDistanceM>
</Extensions>
</Trackpoint>
<Trackpoint>
<Time>2026-05-29T20:47:12.180Z</Time>
<DistanceMeters>5824.0</DistanceMeters>
<HeartRateBpm><Value>135</Value></HeartRateBpm>
<Cadence>74</Cadence>
<Extensions>
<ns3:TPX>
<ns3:Speed>7.839</ns3:Speed>
<ns3:Watts>202</ns3:Watts>
</ns3:TPX>
<bikeapp:Resistance01>17</bikeapp:Resistance01>
<bikeapp:BikeTotalDistanceM>6047.0</bikeapp:BikeTotalDistanceM>
</Extensions>
</Trackpoint>
<Trackpoint>
<Time>2026-05-29T20:47:13.680Z</Time>
<DistanceMeters>5835.8</DistanceMeters>
<HeartRateBpm><Value>135</Value></HeartRateBpm>
<Cadence>74</Cadence>
<Extensions>
<ns3:TPX>
<ns3:Speed>7.831</ns3:Speed>
<ns3:Watts>202</ns3:Watts>
</ns3:TPX>
<bikeapp:Resistance01>17</bikeapp:Resistance01>
<bikeapp:BikeTotalDistanceM>6054.0</bikeapp:BikeTotalDistanceM>
</Extensions>
</Trackpoint>
<Trackpoint>
<Time>2026-05-29T20:47:15.180Z</Time>
<DistanceMeters>5847.6</DistanceMeters>
<HeartRateBpm><Value>136</Value></HeartRateBpm>
<Cadence>75</Cadence>
<Extensions>
<ns3:TPX>
<ns3:Speed>7.867</ns3:Speed>
<ns3:Watts>207</ns3:Watts>
</ns3:TPX>
<bikeapp:Resistance01>17</bikeapp:Resistance01>
<bikeapp:BikeTotalDistanceM>6070.0</bikeapp:BikeTotalDistanceM>
</Extensions>
</Trackpoint>
<Trackpoint>
<Time>2026-05-29T20:47:16.680Z</Time>
<DistanceMeters>5859.4</DistanceMeters>
<HeartRateBpm><Value>135</Value></HeartRateBpm>
<Cadence>76</Cadence>
<Extensions>
<ns3:TPX>
<ns3:Speed>7.907</ns3:Speed>
<ns3:Watts>211</ns3:Watts>
</ns3:TPX>
<bikeapp:Resistance01>17</bikeapp:Resistance01>
<bikeapp:BikeTotalDistanceM>6078.0</bikeapp:BikeTotalDistanceM>
</Extensions>
</Trackpoint>
<Trackpoint>
<Time>2026-05-29T20:47:17.692Z</Time>
<DistanceMeters>5867.4</DistanceMeters>
<HeartRateBpm><Value>134</Value></HeartRateBpm>
<Cadence>76</Cadence>
<Extensions>
<ns3:TPX>
<ns3:Speed>7.927</ns3:Speed>
<ns3:Watts>211</ns3:Watts>
</ns3:TPX>
<bikeapp:Resistance01>17</bikeapp:Resistance01>
<bikeapp:BikeTotalDistanceM>6086.0</bikeapp:BikeTotalDistanceM>
</Extensions>
</Trackpoint>
<Trackpoint>
<Time>2026-05-29T20:47:19.180Z</Time>
<DistanceMeters>5879.3</DistanceMeters>
<HeartRateBpm><Value>133</Value></HeartRateBpm>
<Cadence>79</Cadence>
<Extensions>
<ns3:TPX>
<ns3:Speed>7.998</ns3:Speed>
<ns3:Watts>223</ns3:Watts>
</ns3:TPX>
<bikeapp:Resistance01>17</bikeapp:Resistance01>
<bikeapp:BikeTotalDistanceM>6102.0</bikeapp:BikeTotalDistanceM>
</Extensions>
</Trackpoint>
<Trackpoint>
<Time>2026-05-29T20:47:20.192Z</Time>
<DistanceMeters>5887.4</DistanceMeters>
<HeartRateBpm><Value>132</Value></HeartRateBpm>
<Cadence>77</Cadence>
<Extensions>
<ns3:TPX>
<ns3:Speed>8.025</ns3:Speed>
<ns3:Watts>215</ns3:Watts>
</ns3:TPX>
<bikeapp:Resistance01>17</bikeapp:Resistance01>
<bikeapp:BikeTotalDistanceM>6110.0</bikeapp:BikeTotalDistanceM>
</Extensions>
</Trackpoint>
<Trackpoint>
<Time>2026-05-29T20:47:21.680Z</Time>
<DistanceMeters>5899.3</DistanceMeters>
<HeartRateBpm><Value>132</Value></HeartRateBpm>
<Cadence>75</Cadence>
<Extensions>
<ns3:TPX>
<ns3:Speed>7.975</ns3:Speed>
<ns3:Watts>207</ns3:Watts>
</ns3:TPX>
<bikeapp:Resistance01>17</bikeapp:Resistance01>
<bikeapp:BikeTotalDistanceM>6118.0</bikeapp:BikeTotalDistanceM>
</Extensions>
</Trackpoint>
<Trackpoint>
<Time>2026-05-29T20:47:22.685Z</Time>
<DistanceMeters>5907.3</DistanceMeters>
<HeartRateBpm><Value>132</Value></HeartRateBpm>
<Cadence>77</Cadence>
<Extensions>
<ns3:TPX>
<ns3:Speed>7.991</ns3:Speed>
<ns3:Watts>215</ns3:Watts>
</ns3:TPX>
<bikeapp:Resistance01>17</bikeapp:Resistance01>
<bikeapp:BikeTotalDistanceM>6126.0</bikeapp:BikeTotalDistanceM>
</Extensions>
</Trackpoint>
<Trackpoint>
<Time>2026-05-29T20:47:24.184Z</Time>
<DistanceMeters>5919.3</DistanceMeters>
<HeartRateBpm><Value>133</Value></HeartRateBpm>
<Cadence>76</Cadence>
<Extensions>
<ns3:TPX>
<ns3:Speed>7.974</ns3:Speed>
<ns3:Watts>211</ns3:Watts>
</ns3:TPX>
<bikeapp:Resistance01>17</bikeapp:Resistance01>
<bikeapp:BikeTotalDistanceM>6141.0</bikeapp:BikeTotalDistanceM>
</Extensions>
</Trackpoint>
<Trackpoint>
<Time>2026-05-29T20:47:25.680Z</Time>
<DistanceMeters>5931.3</DistanceMeters>
<HeartRateBpm><Value>135</Value></HeartRateBpm>
<Cadence>78</Cadence>
<Extensions>
<ns3:TPX>
<ns3:Speed>8.011</ns3:Speed>
<ns3:Watts>219</ns3:Watts>
</ns3:TPX>
<bikeapp:Resistance01>17</bikeapp:Resistance01>
<bikeapp:BikeTotalDistanceM>6149.0</bikeapp:BikeTotalDistanceM>
</Extensions>
</Trackpoint>
<Trackpoint>
<Time>2026-05-29T20:47:27.180Z</Time>
<DistanceMeters>5943.3</DistanceMeters>
<HeartRateBpm><Value>135</Value></HeartRateBpm>
<Cadence>78</Cadence>
<Extensions>
<ns3:TPX>
<ns3:Speed>8.044</ns3:Speed>
<ns3:Watts>219</ns3:Watts>
</ns3:TPX>
<bikeapp:Resistance01>17</bikeapp:Resistance01>
<bikeapp:BikeTotalDistanceM>6166.0</bikeapp:BikeTotalDistanceM>
</Extensions>
</Trackpoint>
<Trackpoint>
<Time>2026-05-29T20:47:28.680Z</Time>
<DistanceMeters>5955.4</DistanceMeters>
<HeartRateBpm><Value>135</Value></HeartRateBpm>
<Cadence>78</Cadence>
<Extensions>
<ns3:TPX>
<ns3:Speed>8.059</ns3:Speed>
<ns3:Watts>219</ns3:Watts>
</ns3:TPX>
<bikeapp:Resistance01>17</bikeapp:Resistance01>
<bikeapp:BikeTotalDistanceM>6174.0</bikeapp:BikeTotalDistanceM>
</Extensions>
</Trackpoint>
<Trackpoint>
<Time>2026-05-29T20:47:29.680Z</Time>
<DistanceMeters>5963.4</DistanceMeters>
<HeartRateBpm><Value>135</Value></HeartRateBpm>
<Cadence>77</Cadence>
<Extensions>
<ns3:TPX>
<ns3:Speed>8.043</ns3:Speed>
<ns3:Watts>215</ns3:Watts>
</ns3:TPX>
<bikeapp:Resistance01>17</bikeapp:Resistance01>
<bikeapp:BikeTotalDistanceM>6182.0</bikeapp:BikeTotalDistanceM>
</Extensions>
</Trackpoint>
<Trackpoint>
<Time>2026-05-29T20:47:31.180Z</Time>
<DistanceMeters>5975.5</DistanceMeters>
<HeartRateBpm><Value>135</Value></HeartRateBpm>
<Cadence>78</Cadence>
<Extensions>
<ns3:TPX>
<ns3:Speed>8.059</ns3:Speed>
<ns3:Watts>219</ns3:Watts>
</ns3:TPX>
<bikeapp:Resistance01>17</bikeapp:Resistance01>
<bikeapp:BikeTotalDistanceM>6198.0</bikeapp:BikeTotalDistanceM>
</Extensions>
</Trackpoint>
<Trackpoint>
<Time>2026-05-29T20:47:32.181Z</Time>
<DistanceMeters>5983.6</DistanceMeters>
<HeartRateBpm><Value>134</Value></HeartRateBpm>
<Cadence>76</Cadence>
<Extensions>
<ns3:TPX>
<ns3:Speed>8.040</ns3:Speed>
<ns3:Watts>211</ns3:Watts>
</ns3:TPX>
<bikeapp:Resistance01>17</bikeapp:Resistance01>
<bikeapp:BikeTotalDistanceM>6206.0</bikeapp:BikeTotalDistanceM>
</Extensions>
</Trackpoint>
<Trackpoint>
<Time>2026-05-29T20:47:33.181Z</Time>
<DistanceMeters>5991.6</DistanceMeters>
<HeartRateBpm><Value>133</Value></HeartRateBpm>
<Cadence>76</Cadence>
<Extensions>
<ns3:TPX>
<ns3:Speed>8.008</ns3:Speed>
<ns3:Watts>211</ns3:Watts>
</ns3:TPX>
<bikeapp:Resistance01>17</bikeapp:Resistance01>
<bikeapp:BikeTotalDistanceM>6214.0</bikeapp:BikeTotalDistanceM>
</Extensions>
</Trackpoint>
<Trackpoint>
<Time>2026-05-29T20:47:34.680Z</Time>
<DistanceMeters>6003.6</DistanceMeters>
<HeartRateBpm><Value>133</Value></HeartRateBpm>
<Cadence>79</Cadence>
<Extensions>
<ns3:TPX>
<ns3:Speed>8.048</ns3:Speed>
<ns3:Watts>223</ns3:Watts>
</ns3:TPX>
<bikeapp:Resistance01>17</bikeapp:Resistance01>
<bikeapp:BikeTotalDistanceM>6222.0</bikeapp:BikeTotalDistanceM>
</Extensions>
</Trackpoint>
<Trackpoint>
<Time>2026-05-29T20:47:35.680Z</Time>
<DistanceMeters>6011.7</DistanceMeters>
<HeartRateBpm><Value>133</Value></HeartRateBpm>
<Cadence>78</Cadence>
<Extensions>
<ns3:TPX>
<ns3:Speed>8.058</ns3:Speed>
<ns3:Watts>219</ns3:Watts>
</ns3:TPX>
<bikeapp:Resistance01>17</bikeapp:Resistance01>
<bikeapp:BikeTotalDistanceM>6230.0</bikeapp:BikeTotalDistanceM>
</Extensions>
</Trackpoint>
<Trackpoint>
<Time>2026-05-29T20:47:37.180Z</Time>
<DistanceMeters>6023.7</DistanceMeters>
<HeartRateBpm><Value>134</Value></HeartRateBpm>
<Cadence>77</Cadence>
<Extensions>
<ns3:TPX>
<ns3:Speed>8.036</ns3:Speed>
<ns3:Watts>215</ns3:Watts>
</ns3:TPX>
<bikeapp:Resistance01>17</bikeapp:Resistance01>
<bikeapp:BikeTotalDistanceM>6246.0</bikeapp:BikeTotalDistanceM>
</Extensions>
</Trackpoint>
<Trackpoint>
<Time>2026-05-29T20:47:38.193Z</Time>
<DistanceMeters>6031.9</DistanceMeters>
<HeartRateBpm><Value>134</Value></HeartRateBpm>
<Cadence>79</Cadence>
<Extensions>
<ns3:TPX>
<ns3:Speed>8.053</ns3:Speed>
<ns3:Watts>223</ns3:Watts>
</ns3:TPX>
<bikeapp:Resistance01>17</bikeapp:Resistance01>
<bikeapp:BikeTotalDistanceM>6254.0</bikeapp:BikeTotalDistanceM>
</Extensions>
</Trackpoint>
<Trackpoint>
<Time>2026-05-29T20:47:39.194Z</Time>
<DistanceMeters>6040.0</DistanceMeters>
<HeartRateBpm><Value>134</Value></HeartRateBpm>
<Cadence>78</Cadence>
<Extensions>
<ns3:TPX>
<ns3:Speed>8.071</ns3:Speed>
<ns3:Watts>219</ns3:Watts>
</ns3:TPX>
<bikeapp:Resistance01>17</bikeapp:Resistance01>
<bikeapp:BikeTotalDistanceM>6262.0</bikeapp:BikeTotalDistanceM>
</Extensions>
</Trackpoint>
<Trackpoint>
<Time>2026-05-29T20:47:40.206Z</Time>
<DistanceMeters>6048.1</DistanceMeters>
<HeartRateBpm><Value>134</Value></HeartRateBpm>
<Cadence>79</Cadence>
<Extensions>
<ns3:TPX>
<ns3:Speed>8.084</ns3:Speed>
<ns3:Watts>223</ns3:Watts>
</ns3:TPX>
<bikeapp:Resistance01>17</bikeapp:Resistance01>
<bikeapp:BikeTotalDistanceM>6270.0</bikeapp:BikeTotalDistanceM>
</Extensions>
</Trackpoint>
<Trackpoint>
<Time>2026-05-29T20:47:41.705Z</Time>
<DistanceMeters>6060.3</DistanceMeters>
<HeartRateBpm><Value>133</Value></HeartRateBpm>
<Cadence>78</Cadence>
<Extensions>
<ns3:TPX>
<ns3:Speed>8.086</ns3:Speed>
<ns3:Watts>219</ns3:Watts>
</ns3:TPX>
<bikeapp:Resistance01>17</bikeapp:Resistance01>
<bikeapp:BikeTotalDistanceM>6278.0</bikeapp:BikeTotalDistanceM>
</Extensions>
</Trackpoint>
<Trackpoint>
<Time>2026-05-29T20:47:43.205Z</Time>
<DistanceMeters>6072.4</DistanceMeters>
<HeartRateBpm><Value>133</Value></HeartRateBpm>
<Cadence>79</Cadence>
<Extensions>
<ns3:TPX>
<ns3:Speed>8.092</ns3:Speed>
<ns3:Watts>223</ns3:Watts>
</ns3:TPX>
<bikeapp:Resistance01>17</bikeapp:Resistance01>
<bikeapp:BikeTotalDistanceM>6295.0</bikeapp:BikeTotalDistanceM>
</Extensions>
</Trackpoint>
<Trackpoint>
<Time>2026-05-29T20:47:44.705Z</Time>
<DistanceMeters>6084.5</DistanceMeters>
<HeartRateBpm><Value>133</Value></HeartRateBpm>
<Cadence>78</Cadence>
<Extensions>
<ns3:TPX>
<ns3:Speed>8.090</ns3:Speed>
<ns3:Watts>219</ns3:Watts>
</ns3:TPX>
<bikeapp:Resistance01>17</bikeapp:Resistance01>
<bikeapp:BikeTotalDistanceM>6303.0</bikeapp:BikeTotalDistanceM>
</Extensions>
</Trackpoint>
<Trackpoint>
<Time>2026-05-29T20:47:45.705Z</Time>
<DistanceMeters>6092.6</DistanceMeters>
<HeartRateBpm><Value>133</Value></HeartRateBpm>
<Cadence>78</Cadence>
<Extensions>
<ns3:TPX>
<ns3:Speed>8.084</ns3:Speed>
<ns3:Watts>219</ns3:Watts>
</ns3:TPX>
<bikeapp:Resistance01>17</bikeapp:Resistance01>
<bikeapp:BikeTotalDistanceM>6311.0</bikeapp:BikeTotalDistanceM>
</Extensions>
</Trackpoint>
<Trackpoint>
<Time>2026-05-29T20:47:47.206Z</Time>
<DistanceMeters>6104.7</DistanceMeters>
<HeartRateBpm><Value>133</Value></HeartRateBpm>
<Cadence>79</Cadence>
<Extensions>
<ns3:TPX>
<ns3:Speed>8.074</ns3:Speed>
<ns3:Watts>223</ns3:Watts>
</ns3:TPX>
<bikeapp:Resistance01>17</bikeapp:Resistance01>
<bikeapp:BikeTotalDistanceM>6327.0</bikeapp:BikeTotalDistanceM>
</Extensions>
</Trackpoint>
<Trackpoint>
<Time>2026-05-29T20:47:48.705Z</Time>
<DistanceMeters>6116.9</DistanceMeters>
<HeartRateBpm><Value>134</Value></HeartRateBpm>
<Cadence>80</Cadence>
<Extensions>
<ns3:TPX>
<ns3:Speed>8.130</ns3:Speed>
<ns3:Watts>228</ns3:Watts>
</ns3:TPX>
<bikeapp:Resistance01>17</bikeapp:Resistance01>
<bikeapp:BikeTotalDistanceM>6335.0</bikeapp:BikeTotalDistanceM>
</Extensions>
</Trackpoint>
<Trackpoint>
<Time>2026-05-29T20:47:50.205Z</Time>
<DistanceMeters>6129.0</DistanceMeters>
<HeartRateBpm><Value>134</Value></HeartRateBpm>
<Cadence>78</Cadence>
<Extensions>
<ns3:TPX>
<ns3:Speed>8.101</ns3:Speed>
<ns3:Watts>219</ns3:Watts>
</ns3:TPX>
<bikeapp:Resistance01>17</bikeapp:Resistance01>
<bikeapp:BikeTotalDistanceM>6351.0</bikeapp:BikeTotalDistanceM>
</Extensions>
</Trackpoint>
<Trackpoint>
<Time>2026-05-29T20:47:51.705Z</Time>
<DistanceMeters>6141.2</DistanceMeters>
<HeartRateBpm><Value>133</Value></HeartRateBpm>
<Cadence>79</Cadence>
<Extensions>
<ns3:TPX>
<ns3:Speed>8.109</ns3:Speed>
<ns3:Watts>223</ns3:Watts>
</ns3:TPX>
<bikeapp:Resistance01>17</bikeapp:Resistance01>
<bikeapp:BikeTotalDistanceM>6360.0</bikeapp:BikeTotalDistanceM>
</Extensions>
</Trackpoint>
<Trackpoint>
<Time>2026-05-29T20:47:53.206Z</Time>
<DistanceMeters>6153.3</DistanceMeters>
<HeartRateBpm><Value>133</Value></HeartRateBpm>
<Cadence>78</Cadence>
<Extensions>
<ns3:TPX>
<ns3:Speed>8.073</ns3:Speed>
<ns3:Watts>219</ns3:Watts>
</ns3:TPX>
<bikeapp:Resistance01>17</bikeapp:Resistance01>
<bikeapp:BikeTotalDistanceM>6376.0</bikeapp:BikeTotalDistanceM>
</Extensions>
</Trackpoint>
<Trackpoint>
<Time>2026-05-29T20:47:54.708Z</Time>
<DistanceMeters>6165.5</DistanceMeters>
<HeartRateBpm><Value>132</Value></HeartRateBpm>
<Cadence>79</Cadence>
<Extensions>
<ns3:TPX>
<ns3:Speed>8.096</ns3:Speed>
<ns3:Watts>223</ns3:Watts>
</ns3:TPX>
<bikeapp:Resistance01>17</bikeapp:Resistance01>
<bikeapp:BikeTotalDistanceM>6384.0</bikeapp:BikeTotalDistanceM>
</Extensions>
</Trackpoint>
<Trackpoint>
<Time>2026-05-29T20:47:56.210Z</Time>
<DistanceMeters>6177.6</DistanceMeters>
<HeartRateBpm><Value>131</Value></HeartRateBpm>
<Cadence>78</Cadence>
<Extensions>
<ns3:TPX>
<ns3:Speed>8.101</ns3:Speed>
<ns3:Watts>219</ns3:Watts>
</ns3:TPX>
<bikeapp:Resistance01>17</bikeapp:Resistance01>
<bikeapp:BikeTotalDistanceM>6400.0</bikeapp:BikeTotalDistanceM>
</Extensions>
</Trackpoint>
<Trackpoint>
<Time>2026-05-29T20:47:57.718Z</Time>
<DistanceMeters>6189.8</DistanceMeters>
<HeartRateBpm><Value>131</Value></HeartRateBpm>
<Cadence>76</Cadence>
<Extensions>
<ns3:TPX>
<ns3:Speed>8.042</ns3:Speed>
<ns3:Watts>211</ns3:Watts>
</ns3:TPX>
<bikeapp:Resistance01>17</bikeapp:Resistance01>
<bikeapp:BikeTotalDistanceM>6408.0</bikeapp:BikeTotalDistanceM>
</Extensions>
</Trackpoint>
<Trackpoint>
<Time>2026-05-29T20:47:59.205Z</Time>
<DistanceMeters>6201.7</DistanceMeters>
<HeartRateBpm><Value>132</Value></HeartRateBpm>
<Cadence>76</Cadence>
<Extensions>
<ns3:TPX>
<ns3:Speed>7.981</ns3:Speed>
<ns3:Watts>211</ns3:Watts>
</ns3:TPX>
<bikeapp:Resistance01>17</bikeapp:Resistance01>
<bikeapp:BikeTotalDistanceM>6424.0</bikeapp:BikeTotalDistanceM>
</Extensions>
</Trackpoint>
<Trackpoint>
<Time>2026-05-29T20:48:00.705Z</Time>
<DistanceMeters>6213.7</DistanceMeters>
<HeartRateBpm><Value>133</Value></HeartRateBpm>
<Cadence>76</Cadence>
<Extensions>
<ns3:TPX>
<ns3:Speed>7.969</ns3:Speed>
<ns3:Watts>211</ns3:Watts>
</ns3:TPX>
<bikeapp:Resistance01>17</bikeapp:Resistance01>
<bikeapp:BikeTotalDistanceM>6431.0</bikeapp:BikeTotalDistanceM>
</Extensions>
</Trackpoint>
<Trackpoint>
<Time>2026-05-29T20:48:02.205Z</Time>
<DistanceMeters>6225.6</DistanceMeters>
<HeartRateBpm><Value>134</Value></HeartRateBpm>
<Cadence>75</Cadence>
<Extensions>
<ns3:TPX>
<ns3:Speed>7.933</ns3:Speed>
<ns3:Watts>207</ns3:Watts>
</ns3:TPX>
<bikeapp:Resistance01>17</bikeapp:Resistance01>
<bikeapp:BikeTotalDistanceM>6447.0</bikeapp:BikeTotalDistanceM>
</Extensions>
</Trackpoint>
<Trackpoint>
<Time>2026-05-29T20:48:03.706Z</Time>
<DistanceMeters>6237.5</DistanceMeters>
<HeartRateBpm><Value>135</Value></HeartRateBpm>
<Cadence>79</Cadence>
<Extensions>
<ns3:TPX>
<ns3:Speed>8.005</ns3:Speed>
<ns3:Watts>223</ns3:Watts>
</ns3:TPX>
<bikeapp:Resistance01>17</bikeapp:Resistance01>
<bikeapp:BikeTotalDistanceM>6455.0</bikeapp:BikeTotalDistanceM>
</Extensions>
</Trackpoint>
<Trackpoint>
<Time>2026-05-29T20:48:05.206Z</Time>
<DistanceMeters>6249.6</DistanceMeters>
<HeartRateBpm><Value>135</Value></HeartRateBpm>
<Cadence>78</Cadence>
<Extensions>
<ns3:TPX>
<ns3:Speed>8.079</ns3:Speed>
<ns3:Watts>219</ns3:Watts>
</ns3:TPX>
<bikeapp:Resistance01>17</bikeapp:Resistance01>
<bikeapp:BikeTotalDistanceM>6472.0</bikeapp:BikeTotalDistanceM>
</Extensions>
</Trackpoint>
<Trackpoint>
<Time>2026-05-29T20:48:06.705Z</Time>
<DistanceMeters>6261.7</DistanceMeters>
<HeartRateBpm><Value>133</Value></HeartRateBpm>
<Cadence>78</Cadence>
<Extensions>
<ns3:TPX>
<ns3:Speed>8.076</ns3:Speed>
<ns3:Watts>219</ns3:Watts>
</ns3:TPX>
<bikeapp:Resistance01>17</bikeapp:Resistance01>
<bikeapp:BikeTotalDistanceM>6480.0</bikeapp:BikeTotalDistanceM>
</Extensions>
</Trackpoint>
<Trackpoint>
<Time>2026-05-29T20:48:08.205Z</Time>
<DistanceMeters>6273.8</DistanceMeters>
<HeartRateBpm><Value>132</Value></HeartRateBpm>
<Cadence>78</Cadence>
<Extensions>
<ns3:TPX>
<ns3:Speed>8.075</ns3:Speed>
<ns3:Watts>219</ns3:Watts>
</ns3:TPX>
<bikeapp:Resistance01>17</bikeapp:Resistance01>
<bikeapp:BikeTotalDistanceM>6496.0</bikeapp:BikeTotalDistanceM>
</Extensions>
</Trackpoint>
<Trackpoint>
<Time>2026-05-29T20:48:09.705Z</Time>
<DistanceMeters>6286.0</DistanceMeters>
<HeartRateBpm><Value>131</Value></HeartRateBpm>
<Cadence>81</Cadence>
<Extensions>
<ns3:TPX>
<ns3:Speed>8.150</ns3:Speed>
<ns3:Watts>233</ns3:Watts>
</ns3:TPX>
<bikeapp:Resistance01>17</bikeapp:Resistance01>
<bikeapp:BikeTotalDistanceM>6504.0</bikeapp:BikeTotalDistanceM>
</Extensions>
</Trackpoint>
<Trackpoint>
<Time>2026-05-29T20:48:11.193Z</Time>
<DistanceMeters>6298.2</DistanceMeters>
<HeartRateBpm><Value>132</Value></HeartRateBpm>
<Cadence>80</Cadence>
<Extensions>
<ns3:TPX>
<ns3:Speed>8.197</ns3:Speed>
<ns3:Watts>228</ns3:Watts>
</ns3:TPX>
<bikeapp:Resistance01>17</bikeapp:Resistance01>
<bikeapp:BikeTotalDistanceM>6521.0</bikeapp:BikeTotalDistanceM>
</Extensions>
</Trackpoint>
<Trackpoint>
<Time>2026-05-29T20:48:12.205Z</Time>
<DistanceMeters>6306.5</DistanceMeters>
<HeartRateBpm><Value>132</Value></HeartRateBpm>
<Cadence>80</Cadence>
<Extensions>
<ns3:TPX>
<ns3:Speed>8.198</ns3:Speed>
<ns3:Watts>228</ns3:Watts>
</ns3:TPX>
<bikeapp:Resistance01>17</bikeapp:Resistance01>
<bikeapp:BikeTotalDistanceM>6529.0</bikeapp:BikeTotalDistanceM>
</Extensions>
</Trackpoint>
<Trackpoint>
<Time>2026-05-29T20:48:13.206Z</Time>
<DistanceMeters>6314.7</DistanceMeters>
<HeartRateBpm><Value>133</Value></HeartRateBpm>
<Cadence>81</Cadence>
<Extensions>
<ns3:TPX>
<ns3:Speed>8.214</ns3:Speed>
<ns3:Watts>233</ns3:Watts>
</ns3:TPX>
<bikeapp:Resistance01>17</bikeapp:Resistance01>
<bikeapp:BikeTotalDistanceM>6538.0</bikeapp:BikeTotalDistanceM>
</Extensions>
</Trackpoint>
<Trackpoint>
<Time>2026-05-29T20:48:14.705Z</Time>
<DistanceMeters>6327.1</DistanceMeters>
<HeartRateBpm><Value>135</Value></HeartRateBpm>
<Cadence>81</Cadence>
<Extensions>
<ns3:TPX>
<ns3:Speed>8.243</ns3:Speed>
<ns3:Watts>233</ns3:Watts>
</ns3:TPX>
<bikeapp:Resistance01>17</bikeapp:Resistance01>
<bikeapp:BikeTotalDistanceM>6546.0</bikeapp:BikeTotalDistanceM>
</Extensions>
</Trackpoint>
<Trackpoint>
<Time>2026-05-29T20:48:16.205Z</Time>
<DistanceMeters>6339.4</DistanceMeters>
<HeartRateBpm><Value>136</Value></HeartRateBpm>
<Cadence>79</Cadence>
<Extensions>
<ns3:TPX>
<ns3:Speed>8.226</ns3:Speed>
<ns3:Watts>223</ns3:Watts>
</ns3:TPX>
<bikeapp:Resistance01>17</bikeapp:Resistance01>
<bikeapp:BikeTotalDistanceM>6563.0</bikeapp:BikeTotalDistanceM>
</Extensions>
</Trackpoint>
<Trackpoint>
<Time>2026-05-29T20:48:17.206Z</Time>
<DistanceMeters>6347.6</DistanceMeters>
<HeartRateBpm><Value>137</Value></HeartRateBpm>
<Cadence>77</Cadence>
<Extensions>
<ns3:TPX>
<ns3:Speed>8.164</ns3:Speed>
<ns3:Watts>215</ns3:Watts>
</ns3:TPX>
<bikeapp:Resistance01>17</bikeapp:Resistance01>
<bikeapp:BikeTotalDistanceM>6570.0</bikeapp:BikeTotalDistanceM>
</Extensions>
</Trackpoint>
<Trackpoint>
<Time>2026-05-29T20:48:18.706Z</Time>
<DistanceMeters>6359.8</DistanceMeters>
<HeartRateBpm><Value>139</Value></HeartRateBpm>
<Cadence>77</Cadence>
<Extensions>
<ns3:TPX>
<ns3:Speed>8.087</ns3:Speed>
<ns3:Watts>215</ns3:Watts>
</ns3:TPX>
<bikeapp:Resistance01>17</bikeapp:Resistance01>
<bikeapp:BikeTotalDistanceM>6578.0</bikeapp:BikeTotalDistanceM>
</Extensions>
</Trackpoint>
<Trackpoint>
<Time>2026-05-29T20:48:20.206Z</Time>
<DistanceMeters>6371.9</DistanceMeters>
<HeartRateBpm><Value>139</Value></HeartRateBpm>
<Cadence>79</Cadence>
<Extensions>
<ns3:TPX>
<ns3:Speed>8.110</ns3:Speed>
<ns3:Watts>223</ns3:Watts>
</ns3:TPX>
<bikeapp:Resistance01>17</bikeapp:Resistance01>
<bikeapp:BikeTotalDistanceM>6595.0</bikeapp:BikeTotalDistanceM>
</Extensions>
</Trackpoint>
<Trackpoint>
<Time>2026-05-29T20:48:21.705Z</Time>
<DistanceMeters>6384.1</DistanceMeters>
<HeartRateBpm><Value>139</Value></HeartRateBpm>
<Cadence>78</Cadence>
<Extensions>
<ns3:TPX>
<ns3:Speed>8.099</ns3:Speed>
<ns3:Watts>219</ns3:Watts>
</ns3:TPX>
<bikeapp:Resistance01>17</bikeapp:Resistance01>
<bikeapp:BikeTotalDistanceM>6603.0</bikeapp:BikeTotalDistanceM>
</Extensions>
</Trackpoint>
<Trackpoint>
<Time>2026-05-29T20:48:23.205Z</Time>
<DistanceMeters>6396.1</DistanceMeters>
<HeartRateBpm><Value>138</Value></HeartRateBpm>
<Cadence>76</Cadence>
<Extensions>
<ns3:TPX>
<ns3:Speed>8.026</ns3:Speed>
<ns3:Watts>211</ns3:Watts>
</ns3:TPX>
<bikeapp:Resistance01>17</bikeapp:Resistance01>
<bikeapp:BikeTotalDistanceM>6619.0</bikeapp:BikeTotalDistanceM>
</Extensions>
</Trackpoint>
<Trackpoint>
<Time>2026-05-29T20:48:24.706Z</Time>
<DistanceMeters>6408.2</DistanceMeters>
<HeartRateBpm><Value>138</Value></HeartRateBpm>
<Cadence>77</Cadence>
<Extensions>
<ns3:TPX>
<ns3:Speed>8.013</ns3:Speed>
<ns3:Watts>215</ns3:Watts>
</ns3:TPX>
<bikeapp:Resistance01>17</bikeapp:Resistance01>
<bikeapp:BikeTotalDistanceM>6627.0</bikeapp:BikeTotalDistanceM>
</Extensions>
</Trackpoint>
<Trackpoint>
<Time>2026-05-29T20:48:26.206Z</Time>
<DistanceMeters>6420.3</DistanceMeters>
<HeartRateBpm><Value>137</Value></HeartRateBpm>
<Cadence>80</Cadence>
<Extensions>
<ns3:TPX>
<ns3:Speed>8.090</ns3:Speed>
<ns3:Watts>228</ns3:Watts>
</ns3:TPX>
<bikeapp:Resistance01>17</bikeapp:Resistance01>
<bikeapp:BikeTotalDistanceM>6643.0</bikeapp:BikeTotalDistanceM>
</Extensions>
</Trackpoint>
<Trackpoint>
<Time>2026-05-29T20:48:27.706Z</Time>
<DistanceMeters>6432.5</DistanceMeters>
<HeartRateBpm><Value>136</Value></HeartRateBpm>
<Cadence>80</Cadence>
<Extensions>
<ns3:TPX>
<ns3:Speed>8.147</ns3:Speed>
<ns3:Watts>228</ns3:Watts>
</ns3:TPX>
<bikeapp:Resistance01>17</bikeapp:Resistance01>
<bikeapp:BikeTotalDistanceM>6651.0</bikeapp:BikeTotalDistanceM>
</Extensions>
</Trackpoint>
<Trackpoint>
<Time>2026-05-29T20:48:29.206Z</Time>
<DistanceMeters>6444.6</DistanceMeters>
<HeartRateBpm><Value>135</Value></HeartRateBpm>
<Cadence>79</Cadence>
<Extensions>
<ns3:TPX>
<ns3:Speed>8.122</ns3:Speed>
<ns3:Watts>223</ns3:Watts>
</ns3:TPX>
<bikeapp:Resistance01>17</bikeapp:Resistance01>
<bikeapp:BikeTotalDistanceM>6668.0</bikeapp:BikeTotalDistanceM>
</Extensions>
</Trackpoint>
<Trackpoint>
<Time>2026-05-29T20:48:30.706Z</Time>
<DistanceMeters>6456.8</DistanceMeters>
<HeartRateBpm><Value>134</Value></HeartRateBpm>
<Cadence>79</Cadence>
<Extensions>
<ns3:TPX>
<ns3:Speed>8.126</ns3:Speed>
<ns3:Watts>223</ns3:Watts>
</ns3:TPX>
<bikeapp:Resistance01>17</bikeapp:Resistance01>
<bikeapp:BikeTotalDistanceM>6676.0</bikeapp:BikeTotalDistanceM>
</Extensions>
</Trackpoint>
<Trackpoint>
<Time>2026-05-29T20:48:32.206Z</Time>
<DistanceMeters>6469.0</DistanceMeters>
<HeartRateBpm><Value>135</Value></HeartRateBpm>
<Cadence>77</Cadence>
<Extensions>
<ns3:TPX>
<ns3:Speed>8.103</ns3:Speed>
<ns3:Watts>215</ns3:Watts>
</ns3:TPX>
<bikeapp:Resistance01>17</bikeapp:Resistance01>
<bikeapp:BikeTotalDistanceM>6692.0</bikeapp:BikeTotalDistanceM>
</Extensions>
</Trackpoint>
<Trackpoint>
<Time>2026-05-29T20:48:33.706Z</Time>
<DistanceMeters>6481.1</DistanceMeters>
<HeartRateBpm><Value>135</Value></HeartRateBpm>
<Cadence>78</Cadence>
<Extensions>
<ns3:TPX>
<ns3:Speed>8.080</ns3:Speed>
<ns3:Watts>219</ns3:Watts>
</ns3:TPX>
<bikeapp:Resistance01>17</bikeapp:Resistance01>
<bikeapp:BikeTotalDistanceM>6700.0</bikeapp:BikeTotalDistanceM>
</Extensions>
</Trackpoint>
<Trackpoint>
<Time>2026-05-29T20:48:35.205Z</Time>
<DistanceMeters>6493.3</DistanceMeters>
<HeartRateBpm><Value>135</Value></HeartRateBpm>
<Cadence>78</Cadence>
<Extensions>
<ns3:TPX>
<ns3:Speed>8.077</ns3:Speed>
<ns3:Watts>219</ns3:Watts>
</ns3:TPX>
<bikeapp:Resistance01>17</bikeapp:Resistance01>
<bikeapp:BikeTotalDistanceM>6716.0</bikeapp:BikeTotalDistanceM>
</Extensions>
</Trackpoint>
<Trackpoint>
<Time>2026-05-29T20:48:36.705Z</Time>
<DistanceMeters>6505.3</DistanceMeters>
<HeartRateBpm><Value>136</Value></HeartRateBpm>
<Cadence>76</Cadence>
<Extensions>
<ns3:TPX>
<ns3:Speed>8.031</ns3:Speed>
<ns3:Watts>211</ns3:Watts>
</ns3:TPX>
<bikeapp:Resistance01>17</bikeapp:Resistance01>
<bikeapp:BikeTotalDistanceM>6724.0</bikeapp:BikeTotalDistanceM>
</Extensions>
</Trackpoint>
<Trackpoint>
<Time>2026-05-29T20:48:38.206Z</Time>
<DistanceMeters>6517.3</DistanceMeters>
<HeartRateBpm><Value>136</Value></HeartRateBpm>
<Cadence>76</Cadence>
<Extensions>
<ns3:TPX>
<ns3:Speed>7.975</ns3:Speed>
<ns3:Watts>211</ns3:Watts>
</ns3:TPX>
<bikeapp:Resistance01>17</bikeapp:Resistance01>
<bikeapp:BikeTotalDistanceM>6740.0</bikeapp:BikeTotalDistanceM>
</Extensions>
</Trackpoint>
<Trackpoint>
<Time>2026-05-29T20:48:39.705Z</Time>
<DistanceMeters>6529.3</DistanceMeters>
<HeartRateBpm><Value>136</Value></HeartRateBpm>
<Cadence>78</Cadence>
<Extensions>
<ns3:TPX>
<ns3:Speed>8.011</ns3:Speed>
<ns3:Watts>219</ns3:Watts>
</ns3:TPX>
<bikeapp:Resistance01>17</bikeapp:Resistance01>
<bikeapp:BikeTotalDistanceM>6748.0</bikeapp:BikeTotalDistanceM>
</Extensions>
</Trackpoint>
<Trackpoint>
<Time>2026-05-29T20:48:41.207Z</Time>
<DistanceMeters>6541.4</DistanceMeters>
<HeartRateBpm><Value>135</Value></HeartRateBpm>
<Cadence>77</Cadence>
<Extensions>
<ns3:TPX>
<ns3:Speed>8.031</ns3:Speed>
<ns3:Watts>215</ns3:Watts>
</ns3:TPX>
<bikeapp:Resistance01>17</bikeapp:Resistance01>
<bikeapp:BikeTotalDistanceM>6764.0</bikeapp:BikeTotalDistanceM>
</Extensions>
</Trackpoint>
<Trackpoint>
<Time>2026-05-29T20:48:42.706Z</Time>
<DistanceMeters>6553.4</DistanceMeters>
<HeartRateBpm><Value>133</Value></HeartRateBpm>
<Cadence>77</Cadence>
<Extensions>
<ns3:TPX>
<ns3:Speed>8.023</ns3:Speed>
<ns3:Watts>215</ns3:Watts>
</ns3:TPX>
<bikeapp:Resistance01>17</bikeapp:Resistance01>
<bikeapp:BikeTotalDistanceM>6772.0</bikeapp:BikeTotalDistanceM>
</Extensions>
</Trackpoint>
<Trackpoint>
<Time>2026-05-29T20:48:44.194Z</Time>
<DistanceMeters>6565.4</DistanceMeters>
<HeartRateBpm><Value>133</Value></HeartRateBpm>
<Cadence>78</Cadence>
<Extensions>
<ns3:TPX>
<ns3:Speed>8.050</ns3:Speed>
<ns3:Watts>219</ns3:Watts>
</ns3:TPX>
<bikeapp:Resistance01>17</bikeapp:Resistance01>
<bikeapp:BikeTotalDistanceM>6788.0</bikeapp:BikeTotalDistanceM>
</Extensions>
</Trackpoint>
<Trackpoint>
<Time>2026-05-29T20:48:45.706Z</Time>
<DistanceMeters>6577.5</DistanceMeters>
<HeartRateBpm><Value>133</Value></HeartRateBpm>
<Cadence>78</Cadence>
<Extensions>
<ns3:TPX>
<ns3:Speed>8.062</ns3:Speed>
<ns3:Watts>219</ns3:Watts>
</ns3:TPX>
<bikeapp:Resistance01>17</bikeapp:Resistance01>
<bikeapp:BikeTotalDistanceM>6796.0</bikeapp:BikeTotalDistanceM>
</Extensions>
</Trackpoint>
<Trackpoint>
<Time>2026-05-29T20:48:47.206Z</Time>
<DistanceMeters>6589.7</DistanceMeters>
<HeartRateBpm><Value>134</Value></HeartRateBpm>
<Cadence>80</Cadence>
<Extensions>
<ns3:TPX>
<ns3:Speed>8.096</ns3:Speed>
<ns3:Watts>228</ns3:Watts>
</ns3:TPX>
<bikeapp:Resistance01>17</bikeapp:Resistance01>
<bikeapp:BikeTotalDistanceM>6812.0</bikeapp:BikeTotalDistanceM>
</Extensions>
</Trackpoint>
<Trackpoint>
<Time>2026-05-29T20:48:48.706Z</Time>
<DistanceMeters>6601.8</DistanceMeters>
<HeartRateBpm><Value>135</Value></HeartRateBpm>
<Cadence>79</Cadence>
<Extensions>
<ns3:TPX>
<ns3:Speed>8.123</ns3:Speed>
<ns3:Watts>223</ns3:Watts>
</ns3:TPX>
<bikeapp:Resistance01>17</bikeapp:Resistance01>
<bikeapp:BikeTotalDistanceM>6821.0</bikeapp:BikeTotalDistanceM>
</Extensions>
</Trackpoint>
<Trackpoint>
<Time>2026-05-29T20:48:50.218Z</Time>
<DistanceMeters>6614.1</DistanceMeters>
<HeartRateBpm><Value>136</Value></HeartRateBpm>
<Cadence>78</Cadence>
<Extensions>
<ns3:TPX>
<ns3:Speed>8.114</ns3:Speed>
<ns3:Watts>219</ns3:Watts>
</ns3:TPX>
<bikeapp:Resistance01>17</bikeapp:Resistance01>
<bikeapp:BikeTotalDistanceM>6837.0</bikeapp:BikeTotalDistanceM>
</Extensions>
</Trackpoint>
<Trackpoint>
<Time>2026-05-29T20:48:51.706Z</Time>
<DistanceMeters>6626.2</DistanceMeters>
<HeartRateBpm><Value>136</Value></HeartRateBpm>
<Cadence>79</Cadence>
<Extensions>
<ns3:TPX>
<ns3:Speed>8.115</ns3:Speed>
<ns3:Watts>223</ns3:Watts>
</ns3:TPX>
<bikeapp:Resistance01>17</bikeapp:Resistance01>
<bikeapp:BikeTotalDistanceM>6845.0</bikeapp:BikeTotalDistanceM>
</Extensions>
</Trackpoint>
<Trackpoint>
<Time>2026-05-29T20:48:53.206Z</Time>
<DistanceMeters>6638.3</DistanceMeters>
<HeartRateBpm><Value>136</Value></HeartRateBpm>
<Cadence>76</Cadence>
<Extensions>
<ns3:TPX>
<ns3:Speed>8.051</ns3:Speed>
<ns3:Watts>211</ns3:Watts>
</ns3:TPX>
<bikeapp:Resistance01>17</bikeapp:Resistance01>
<bikeapp:BikeTotalDistanceM>6861.0</bikeapp:BikeTotalDistanceM>
</Extensions>
</Trackpoint>
<Trackpoint>
<Time>2026-05-29T20:48:54.706Z</Time>
<DistanceMeters>6650.3</DistanceMeters>
<HeartRateBpm><Value>135</Value></HeartRateBpm>
<Cadence>76</Cadence>
<Extensions>
<ns3:TPX>
<ns3:Speed>8.003</ns3:Speed>
<ns3:Watts>211</ns3:Watts>
</ns3:TPX>
<bikeapp:Resistance01>17</bikeapp:Resistance01>
<bikeapp:BikeTotalDistanceM>6869.0</bikeapp:BikeTotalDistanceM>
</Extensions>
</Trackpoint>
<Trackpoint>
<Time>2026-05-29T20:48:56.206Z</Time>
<DistanceMeters>6662.4</DistanceMeters>
<HeartRateBpm><Value>134</Value></HeartRateBpm>
<Cadence>79</Cadence>
<Extensions>
<ns3:TPX>
<ns3:Speed>8.052</ns3:Speed>
<ns3:Watts>223</ns3:Watts>
</ns3:TPX>
<bikeapp:Resistance01>17</bikeapp:Resistance01>
<bikeapp:BikeTotalDistanceM>6885.0</bikeapp:BikeTotalDistanceM>
</Extensions>
</Trackpoint>
<Trackpoint>
<Time>2026-05-29T20:48:57.706Z</Time>
<DistanceMeters>6674.5</DistanceMeters>
<HeartRateBpm><Value>135</Value></HeartRateBpm>
<Cadence>79</Cadence>
<Extensions>
<ns3:TPX>
<ns3:Speed>8.093</ns3:Speed>
<ns3:Watts>223</ns3:Watts>
</ns3:TPX>
<bikeapp:Resistance01>17</bikeapp:Resistance01>
<bikeapp:BikeTotalDistanceM>6893.0</bikeapp:BikeTotalDistanceM>
</Extensions>
</Trackpoint>
<Trackpoint>
<Time>2026-05-29T20:48:59.206Z</Time>
<DistanceMeters>6686.6</DistanceMeters>
<HeartRateBpm><Value>135</Value></HeartRateBpm>
<Cadence>77</Cadence>
<Extensions>
<ns3:TPX>
<ns3:Speed>8.087</ns3:Speed>
<ns3:Watts>215</ns3:Watts>
</ns3:TPX>
<bikeapp:Resistance01>17</bikeapp:Resistance01>
<bikeapp:BikeTotalDistanceM>6909.0</bikeapp:BikeTotalDistanceM>
</Extensions>
</Trackpoint>
<Trackpoint>
<Time>2026-05-29T20:49:00.706Z</Time>
<DistanceMeters>6698.7</DistanceMeters>
<HeartRateBpm><Value>136</Value></HeartRateBpm>
<Cadence>77</Cadence>
<Extensions>
<ns3:TPX>
<ns3:Speed>8.050</ns3:Speed>
<ns3:Watts>215</ns3:Watts>
</ns3:TPX>
<bikeapp:Resistance01>17</bikeapp:Resistance01>
<bikeapp:BikeTotalDistanceM>6917.0</bikeapp:BikeTotalDistanceM>
</Extensions>
</Trackpoint>
<Trackpoint>
<Time>2026-05-29T20:49:02.206Z</Time>
<DistanceMeters>6710.8</DistanceMeters>
<HeartRateBpm><Value>136</Value></HeartRateBpm>
<Cadence>77</Cadence>
<Extensions>
<ns3:TPX>
<ns3:Speed>8.015</ns3:Speed>
<ns3:Watts>215</ns3:Watts>
</ns3:TPX>
<bikeapp:Resistance01>17</bikeapp:Resistance01>
<bikeapp:BikeTotalDistanceM>6933.0</bikeapp:BikeTotalDistanceM>
</Extensions>
</Trackpoint>
<Trackpoint>
<Time>2026-05-29T20:49:03.707Z</Time>
<DistanceMeters>6722.8</DistanceMeters>
<HeartRateBpm><Value>136</Value></HeartRateBpm>
<Cadence>76</Cadence>
<Extensions>
<ns3:TPX>
<ns3:Speed>7.993</ns3:Speed>
<ns3:Watts>211</ns3:Watts>
</ns3:TPX>
<bikeapp:Resistance01>17</bikeapp:Resistance01>
<bikeapp:BikeTotalDistanceM>6941.0</bikeapp:BikeTotalDistanceM>
</Extensions>
</Trackpoint>
<Trackpoint>
<Time>2026-05-29T20:49:05.206Z</Time>
<DistanceMeters>6734.8</DistanceMeters>
<HeartRateBpm><Value>135</Value></HeartRateBpm>
<Cadence>78</Cadence>
<Extensions>
<ns3:TPX>
<ns3:Speed>8.035</ns3:Speed>
<ns3:Watts>219</ns3:Watts>
</ns3:TPX>
<bikeapp:Resistance01>17</bikeapp:Resistance01>
<bikeapp:BikeTotalDistanceM>6957.0</bikeapp:BikeTotalDistanceM>
</Extensions>
</Trackpoint>
<Trackpoint>
<Time>2026-05-29T20:49:06.706Z</Time>
<DistanceMeters>6746.9</DistanceMeters>
<HeartRateBpm><Value>134</Value></HeartRateBpm>
<Cadence>77</Cadence>
<Extensions>
<ns3:TPX>
<ns3:Speed>8.033</ns3:Speed>
<ns3:Watts>215</ns3:Watts>
</ns3:TPX>
<bikeapp:Resistance01>17</bikeapp:Resistance01>
<bikeapp:BikeTotalDistanceM>6965.0</bikeapp:BikeTotalDistanceM>
</Extensions>
</Trackpoint>
<Trackpoint>
<Time>2026-05-29T20:49:08.206Z</Time>
<DistanceMeters>6758.9</DistanceMeters>
<HeartRateBpm><Value>133</Value></HeartRateBpm>
<Cadence>79</Cadence>
<Extensions>
<ns3:TPX>
<ns3:Speed>8.033</ns3:Speed>
<ns3:Watts>223</ns3:Watts>
</ns3:TPX>
<bikeapp:Resistance01>17</bikeapp:Resistance01>
<bikeapp:BikeTotalDistanceM>6981.0</bikeapp:BikeTotalDistanceM>
</Extensions>
</Trackpoint>
<Trackpoint>
<Time>2026-05-29T20:49:09.706Z</Time>
<DistanceMeters>6771.0</DistanceMeters>
<HeartRateBpm><Value>133</Value></HeartRateBpm>
<Cadence>78</Cadence>
<Extensions>
<ns3:TPX>
<ns3:Speed>8.062</ns3:Speed>
<ns3:Watts>219</ns3:Watts>
</ns3:TPX>
<bikeapp:Resistance01>17</bikeapp:Resistance01>
<bikeapp:BikeTotalDistanceM>6989.0</bikeapp:BikeTotalDistanceM>
</Extensions>
</Trackpoint>
<Trackpoint>
<Time>2026-05-29T20:49:11.206Z</Time>
<DistanceMeters>6783.1</DistanceMeters>
<HeartRateBpm><Value>133</Value></HeartRateBpm>
<Cadence>79</Cadence>
<Extensions>
<ns3:TPX>
<ns3:Speed>8.081</ns3:Speed>
<ns3:Watts>223</ns3:Watts>
</ns3:TPX>
<bikeapp:Resistance01>17</bikeapp:Resistance01>
<bikeapp:BikeTotalDistanceM>7006.0</bikeapp:BikeTotalDistanceM>
</Extensions>
</Trackpoint>
<Trackpoint>
<Time>2026-05-29T20:49:12.721Z</Time>
<DistanceMeters>6795.3</DistanceMeters>
<HeartRateBpm><Value>134</Value></HeartRateBpm>
<Cadence>78</Cadence>
<Extensions>
<ns3:TPX>
<ns3:Speed>8.085</ns3:Speed>
<ns3:Watts>219</ns3:Watts>
</ns3:TPX>
<bikeapp:Resistance01>17</bikeapp:Resistance01>
<bikeapp:BikeTotalDistanceM>7014.0</bikeapp:BikeTotalDistanceM>
</Extensions>
</Trackpoint>
<Trackpoint>
<Time>2026-05-29T20:49:14.206Z</Time>
<DistanceMeters>6807.3</DistanceMeters>
<HeartRateBpm><Value>135</Value></HeartRateBpm>
<Cadence>76</Cadence>
<Extensions>
<ns3:TPX>
<ns3:Speed>8.036</ns3:Speed>
<ns3:Watts>211</ns3:Watts>
</ns3:TPX>
<bikeapp:Resistance01>17</bikeapp:Resistance01>
<bikeapp:BikeTotalDistanceM>7030.0</bikeapp:BikeTotalDistanceM>
</Extensions>
</Trackpoint>
<Trackpoint>
<Time>2026-05-29T20:49:15.707Z</Time>
<DistanceMeters>6819.3</DistanceMeters>
<HeartRateBpm><Value>134</Value></HeartRateBpm>
<Cadence>75</Cadence>
<Extensions>
<ns3:TPX>
<ns3:Speed>7.973</ns3:Speed>
<ns3:Watts>207</ns3:Watts>
</ns3:TPX>
<bikeapp:Resistance01>17</bikeapp:Resistance01>
<bikeapp:BikeTotalDistanceM>7037.0</bikeapp:BikeTotalDistanceM>
</Extensions>
</Trackpoint>
<Trackpoint>
<Time>2026-05-29T20:49:17.194Z</Time>
<DistanceMeters>6831.2</DistanceMeters>
<HeartRateBpm><Value>133</Value></HeartRateBpm>
<Cadence>78</Cadence>
<Extensions>
<ns3:TPX>
<ns3:Speed>7.990</ns3:Speed>
<ns3:Watts>219</ns3:Watts>
</ns3:TPX>
<bikeapp:Resistance01>17</bikeapp:Resistance01>
<bikeapp:BikeTotalDistanceM>7053.0</bikeapp:BikeTotalDistanceM>
</Extensions>
</Trackpoint>
<Trackpoint>
<Time>2026-05-29T20:49:18.194Z</Time>
<DistanceMeters>6839.2</DistanceMeters>
<HeartRateBpm><Value>133</Value></HeartRateBpm>
<Cadence>78</Cadence>
<Extensions>
<ns3:TPX>
<ns3:Speed>8.023</ns3:Speed>
<ns3:Watts>219</ns3:Watts>
</ns3:TPX>
<bikeapp:Resistance01>17</bikeapp:Resistance01>
<bikeapp:BikeTotalDistanceM>7061.0</bikeapp:BikeTotalDistanceM>
</Extensions>
</Trackpoint>
<Trackpoint>
<Time>2026-05-29T20:49:19.206Z</Time>
<DistanceMeters>6847.3</DistanceMeters>
<HeartRateBpm><Value>133</Value></HeartRateBpm>
<Cadence>77</Cadence>
<Extensions>
<ns3:TPX>
<ns3:Speed>8.030</ns3:Speed>
<ns3:Watts>215</ns3:Watts>
</ns3:TPX>
<bikeapp:Resistance01>17</bikeapp:Resistance01>
<bikeapp:BikeTotalDistanceM>7069.0</bikeapp:BikeTotalDistanceM>
</Extensions>
</Trackpoint>
<Trackpoint>
<Time>2026-05-29T20:49:20.219Z</Time>
<DistanceMeters>6855.4</DistanceMeters>
<HeartRateBpm><Value>133</Value></HeartRateBpm>
<Cadence>77</Cadence>
<Extensions>
<ns3:TPX>
<ns3:Speed>8.025</ns3:Speed>
<ns3:Watts>215</ns3:Watts>
</ns3:TPX>
<bikeapp:Resistance01>17</bikeapp:Resistance01>
<bikeapp:BikeTotalDistanceM>7077.0</bikeapp:BikeTotalDistanceM>
</Extensions>
</Trackpoint>
<Trackpoint>
<Time>2026-05-29T20:49:21.706Z</Time>
<DistanceMeters>6867.3</DistanceMeters>
<HeartRateBpm><Value>134</Value></HeartRateBpm>
<Cadence>76</Cadence>
<Extensions>
<ns3:TPX>
<ns3:Speed>7.998</ns3:Speed>
<ns3:Watts>211</ns3:Watts>
</ns3:TPX>
<bikeapp:Resistance01>17</bikeapp:Resistance01>
<bikeapp:BikeTotalDistanceM>7085.0</bikeapp:BikeTotalDistanceM>
</Extensions>
</Trackpoint>
<Trackpoint>
<Time>2026-05-29T20:49:23.207Z</Time>
<DistanceMeters>6879.3</DistanceMeters>
<HeartRateBpm><Value>135</Value></HeartRateBpm>
<Cadence>76</Cadence>
<Extensions>
<ns3:TPX>
<ns3:Speed>7.960</ns3:Speed>
<ns3:Watts>211</ns3:Watts>
</ns3:TPX>
<bikeapp:Resistance01>17</bikeapp:Resistance01>
<bikeapp:BikeTotalDistanceM>7101.0</bikeapp:BikeTotalDistanceM>
</Extensions>
</Trackpoint>
<Trackpoint>
<Time>2026-05-29T20:49:24.706Z</Time>
<DistanceMeters>6891.2</DistanceMeters>
<HeartRateBpm><Value>136</Value></HeartRateBpm>
<Cadence>76</Cadence>
<Extensions>
<ns3:TPX>
<ns3:Speed>7.959</ns3:Speed>
<ns3:Watts>211</ns3:Watts>
</ns3:TPX>
<bikeapp:Resistance01>17</bikeapp:Resistance01>
<bikeapp:BikeTotalDistanceM>7109.0</bikeapp:BikeTotalDistanceM>
</Extensions>
</Trackpoint>
<Trackpoint>
<Time>2026-05-29T20:49:26.206Z</Time>
<DistanceMeters>6903.1</DistanceMeters>
<HeartRateBpm><Value>136</Value></HeartRateBpm>
<Cadence>74</Cadence>
<Extensions>
<ns3:TPX>
<ns3:Speed>7.911</ns3:Speed>
<ns3:Watts>202</ns3:Watts>
</ns3:TPX>
<bikeapp:Resistance01>17</bikeapp:Resistance01>
<bikeapp:BikeTotalDistanceM>7124.0</bikeapp:BikeTotalDistanceM>
</Extensions>
</Trackpoint>
<Trackpoint>
<Time>2026-05-29T20:49:27.207Z</Time>
<DistanceMeters>6911.0</DistanceMeters>
<HeartRateBpm><Value>135</Value></HeartRateBpm>
<Cadence>75</Cadence>
<Extensions>
<ns3:TPX>
<ns3:Speed>7.894</ns3:Speed>
<ns3:Watts>207</ns3:Watts>
</ns3:TPX>
<bikeapp:Resistance01>17</bikeapp:Resistance01>
<bikeapp:BikeTotalDistanceM>7132.0</bikeapp:BikeTotalDistanceM>
</Extensions>
</Trackpoint>
<Trackpoint>
<Time>2026-05-29T20:49:28.698Z</Time>
<DistanceMeters>6922.8</DistanceMeters>
<HeartRateBpm><Value>135</Value></HeartRateBpm>
<Cadence>75</Cadence>
<Extensions>
<ns3:TPX>
<ns3:Speed>7.897</ns3:Speed>
<ns3:Watts>207</ns3:Watts>
</ns3:TPX>
<bikeapp:Resistance01>17</bikeapp:Resistance01>
<bikeapp:BikeTotalDistanceM>7140.0</bikeapp:BikeTotalDistanceM>
</Extensions>
</Trackpoint>
<Trackpoint>
<Time>2026-05-29T20:49:29.706Z</Time>
<DistanceMeters>6930.8</DistanceMeters>
<HeartRateBpm><Value>135</Value></HeartRateBpm>
<Cadence>76</Cadence>
<Extensions>
<ns3:TPX>
<ns3:Speed>7.921</ns3:Speed>
<ns3:Watts>211</ns3:Watts>
</ns3:TPX>
<bikeapp:Resistance01>17</bikeapp:Resistance01>
<bikeapp:BikeTotalDistanceM>7148.0</bikeapp:BikeTotalDistanceM>
</Extensions>
</Trackpoint>
<Trackpoint>
<Time>2026-05-29T20:49:31.207Z</Time>
<DistanceMeters>6942.7</DistanceMeters>
<HeartRateBpm><Value>135</Value></HeartRateBpm>
<Cadence>79</Cadence>
<Extensions>
<ns3:TPX>
<ns3:Speed>7.995</ns3:Speed>
<ns3:Watts>223</ns3:Watts>
</ns3:TPX>
<bikeapp:Resistance01>17</bikeapp:Resistance01>
<bikeapp:BikeTotalDistanceM>7164.0</bikeapp:BikeTotalDistanceM>
</Extensions>
</Trackpoint>
<Trackpoint>
<Time>2026-05-29T20:49:32.707Z</Time>
<DistanceMeters>6954.8</DistanceMeters>
<HeartRateBpm><Value>137</Value></HeartRateBpm>
<Cadence>78</Cadence>
<Extensions>
<ns3:TPX>
<ns3:Speed>8.044</ns3:Speed>
<ns3:Watts>219</ns3:Watts>
</ns3:TPX>
<bikeapp:Resistance01>17</bikeapp:Resistance01>
<bikeapp:BikeTotalDistanceM>7172.0</bikeapp:BikeTotalDistanceM>
</Extensions>
</Trackpoint>
<Trackpoint>
<Time>2026-05-29T20:49:34.206Z</Time>
<DistanceMeters>6966.9</DistanceMeters>
<HeartRateBpm><Value>138</Value></HeartRateBpm>
<Cadence>78</Cadence>
<Extensions>
<ns3:TPX>
<ns3:Speed>8.059</ns3:Speed>
<ns3:Watts>219</ns3:Watts>
</ns3:TPX>
<bikeapp:Resistance01>17</bikeapp:Resistance01>
<bikeapp:BikeTotalDistanceM>7188.0</bikeapp:BikeTotalDistanceM>
</Extensions>
</Trackpoint>
<Trackpoint>
<Time>2026-05-29T20:49:35.206Z</Time>
<DistanceMeters>6974.9</DistanceMeters>
<HeartRateBpm><Value>138</Value></HeartRateBpm>
<Cadence>78</Cadence>
<Extensions>
<ns3:TPX>
<ns3:Speed>8.065</ns3:Speed>
<ns3:Watts>219</ns3:Watts>
</ns3:TPX>
<bikeapp:Resistance01>17</bikeapp:Resistance01>
<bikeapp:BikeTotalDistanceM>7196.0</bikeapp:BikeTotalDistanceM>
</Extensions>
</Trackpoint>
<Trackpoint>
<Time>2026-05-29T20:49:36.706Z</Time>
<DistanceMeters>6987.0</DistanceMeters>
<HeartRateBpm><Value>138</Value></HeartRateBpm>
<Cadence>77</Cadence>
<Extensions>
<ns3:TPX>
<ns3:Speed>8.047</ns3:Speed>
<ns3:Watts>215</ns3:Watts>
</ns3:TPX>
<bikeapp:Resistance01>17</bikeapp:Resistance01>
<bikeapp:BikeTotalDistanceM>7204.0</bikeapp:BikeTotalDistanceM>
</Extensions>
</Trackpoint>
<Trackpoint>
<Time>2026-05-29T20:49:38.207Z</Time>
<DistanceMeters>6999.1</DistanceMeters>
<HeartRateBpm><Value>137</Value></HeartRateBpm>
<Cadence>78</Cadence>
<Extensions>
<ns3:TPX>
<ns3:Speed>8.078</ns3:Speed>
<ns3:Watts>219</ns3:Watts>
</ns3:TPX>
<bikeapp:Resistance01>17</bikeapp:Resistance01>
<bikeapp:BikeTotalDistanceM>7220.0</bikeapp:BikeTotalDistanceM>
</Extensions>
</Trackpoint>
<Trackpoint>
<Time>2026-05-29T20:49:39.694Z</Time>
<DistanceMeters>7011.1</DistanceMeters>
<HeartRateBpm><Value>137</Value></HeartRateBpm>
<Cadence>77</Cadence>
<Extensions>
<ns3:TPX>
<ns3:Speed>8.054</ns3:Speed>
<ns3:Watts>215</ns3:Watts>
</ns3:TPX>
<bikeapp:Resistance01>17</bikeapp:Resistance01>
<bikeapp:BikeTotalDistanceM>7228.0</bikeapp:BikeTotalDistanceM>
</Extensions>
</Trackpoint>
<Trackpoint>
<Time>2026-05-29T20:49:40.694Z</Time>
<DistanceMeters>7019.2</DistanceMeters>
<HeartRateBpm><Value>137</Value></HeartRateBpm>
<Cadence>78</Cadence>
<Extensions>
<ns3:TPX>
<ns3:Speed>8.062</ns3:Speed>
<ns3:Watts>219</ns3:Watts>
</ns3:TPX>
<bikeapp:Resistance01>17</bikeapp:Resistance01>
<bikeapp:BikeTotalDistanceM>7236.0</bikeapp:BikeTotalDistanceM>
</Extensions>
</Trackpoint>
<Trackpoint>
<Time>2026-05-29T20:49:41.695Z</Time>
<DistanceMeters>7027.2</DistanceMeters>
<HeartRateBpm><Value>137</Value></HeartRateBpm>
<Cadence>77</Cadence>
<Extensions>
<ns3:TPX>
<ns3:Speed>8.044</ns3:Speed>
<ns3:Watts>215</ns3:Watts>
</ns3:TPX>
<bikeapp:Resistance01>17</bikeapp:Resistance01>
<bikeapp:BikeTotalDistanceM>7244.0</bikeapp:BikeTotalDistanceM>
</Extensions>
</Trackpoint>
<Trackpoint>
<Time>2026-05-29T20:49:42.699Z</Time>
<DistanceMeters>7035.3</DistanceMeters>
<HeartRateBpm><Value>137</Value></HeartRateBpm>
<Cadence>78</Cadence>
<Extensions>
<ns3:TPX>
<ns3:Speed>8.056</ns3:Speed>
<ns3:Watts>219</ns3:Watts>
</ns3:TPX>
<bikeapp:Resistance01>17</bikeapp:Resistance01>
<bikeapp:BikeTotalDistanceM>7252.0</bikeapp:BikeTotalDistanceM>
</Extensions>
</Trackpoint>
<Trackpoint>
<Time>2026-05-29T20:49:44.199Z</Time>
<DistanceMeters>7047.5</DistanceMeters>
<HeartRateBpm><Value>138</Value></HeartRateBpm>
<Cadence>79</Cadence>
<Extensions>
<ns3:TPX>
<ns3:Speed>8.116</ns3:Speed>
<ns3:Watts>223</ns3:Watts>
</ns3:TPX>
<bikeapp:Resistance01>17</bikeapp:Resistance01>
<bikeapp:BikeTotalDistanceM>7269.0</bikeapp:BikeTotalDistanceM>
</Extensions>
</Trackpoint>
<Trackpoint>
<Time>2026-05-29T20:49:45.694Z</Time>
<DistanceMeters>7059.6</DistanceMeters>
<HeartRateBpm><Value>138</Value></HeartRateBpm>
<Cadence>76</Cadence>
<Extensions>
<ns3:TPX>
<ns3:Speed>8.057</ns3:Speed>
<ns3:Watts>211</ns3:Watts>
</ns3:TPX>
<bikeapp:Resistance01>17</bikeapp:Resistance01>
<bikeapp:BikeTotalDistanceM>7277.0</bikeapp:BikeTotalDistanceM>
</Extensions>
</Trackpoint>
<Trackpoint>
<Time>2026-05-29T20:49:46.695Z</Time>
<DistanceMeters>7067.6</DistanceMeters>
<HeartRateBpm><Value>138</Value></HeartRateBpm>
<Cadence>75</Cadence>
<Extensions>
<ns3:TPX>
<ns3:Speed>7.996</ns3:Speed>
<ns3:Watts>207</ns3:Watts>
</ns3:TPX>
<bikeapp:Resistance01>17</bikeapp:Resistance01>
<bikeapp:BikeTotalDistanceM>7285.0</bikeapp:BikeTotalDistanceM>
</Extensions>
</Trackpoint>
<Trackpoint>
<Time>2026-05-29T20:49:47.706Z</Time>
<DistanceMeters>7075.6</DistanceMeters>
<HeartRateBpm><Value>138</Value></HeartRateBpm>
<Cadence>75</Cadence>
<Extensions>
<ns3:TPX>
<ns3:Speed>7.958</ns3:Speed>
<ns3:Watts>207</ns3:Watts>
</ns3:TPX>
<bikeapp:Resistance01>17</bikeapp:Resistance01>
<bikeapp:BikeTotalDistanceM>7292.0</bikeapp:BikeTotalDistanceM>
</Extensions>
</Trackpoint>
<Trackpoint>
<Time>2026-05-29T20:49:49.194Z</Time>
<DistanceMeters>7087.5</DistanceMeters>
<HeartRateBpm><Value>138</Value></HeartRateBpm>
<Cadence>76</Cadence>
<Extensions>
<ns3:TPX>
<ns3:Speed>7.976</ns3:Speed>
<ns3:Watts>211</ns3:Watts>
</ns3:TPX>
<bikeapp:Resistance01>17</bikeapp:Resistance01>
<bikeapp:BikeTotalDistanceM>7308.0</bikeapp:BikeTotalDistanceM>
</Extensions>
</Trackpoint>
<Trackpoint>
<Time>2026-05-29T20:49:50.694Z</Time>
<DistanceMeters>7099.5</DistanceMeters>
<HeartRateBpm><Value>138</Value></HeartRateBpm>
<Cadence>77</Cadence>
<Extensions>
<ns3:TPX>
<ns3:Speed>7.989</ns3:Speed>
<ns3:Watts>215</ns3:Watts>
</ns3:TPX>
<bikeapp:Resistance01>17</bikeapp:Resistance01>
<bikeapp:BikeTotalDistanceM>7316.0</bikeapp:BikeTotalDistanceM>
</Extensions>
</Trackpoint>
<Trackpoint>
<Time>2026-05-29T20:49:51.694Z</Time>
<DistanceMeters>7107.5</DistanceMeters>
<HeartRateBpm><Value>137</Value></HeartRateBpm>
<Cadence>77</Cadence>
<Extensions>
<ns3:TPX>
<ns3:Speed>8.000</ns3:Speed>
<ns3:Watts>215</ns3:Watts>
</ns3:TPX>
<bikeapp:Resistance01>17</bikeapp:Resistance01>
<bikeapp:BikeTotalDistanceM>7324.0</bikeapp:BikeTotalDistanceM>
</Extensions>
</Trackpoint>
<Trackpoint>
<Time>2026-05-29T20:49:53.194Z</Time>
<DistanceMeters>7119.4</DistanceMeters>
<HeartRateBpm><Value>137</Value></HeartRateBpm>
<Cadence>75</Cadence>
<Extensions>
<ns3:TPX>
<ns3:Speed>7.947</ns3:Speed>
<ns3:Watts>207</ns3:Watts>
</ns3:TPX>
<bikeapp:Resistance01>17</bikeapp:Resistance01>
<bikeapp:BikeTotalDistanceM>7340.0</bikeapp:BikeTotalDistanceM>
</Extensions>
</Trackpoint>
<Trackpoint>
<Time>2026-05-29T20:49:54.195Z</Time>
<DistanceMeters>7127.4</DistanceMeters>
<HeartRateBpm><Value>138</Value></HeartRateBpm>
<Cadence>77</Cadence>
<Extensions>
<ns3:TPX>
<ns3:Speed>7.954</ns3:Speed>
<ns3:Watts>215</ns3:Watts>
</ns3:TPX>
<bikeapp:Resistance01>17</bikeapp:Resistance01>
<bikeapp:BikeTotalDistanceM>7348.0</bikeapp:BikeTotalDistanceM>
</Extensions>
</Trackpoint>
<Trackpoint>
<Time>2026-05-29T20:49:55.207Z</Time>
<DistanceMeters>7135.4</DistanceMeters>
<HeartRateBpm><Value>138</Value></HeartRateBpm>
<Cadence>76</Cadence>
<Extensions>
<ns3:TPX>
<ns3:Speed>7.966</ns3:Speed>
<ns3:Watts>211</ns3:Watts>
</ns3:TPX>
<bikeapp:Resistance01>17</bikeapp:Resistance01>
<bikeapp:BikeTotalDistanceM>7355.0</bikeapp:BikeTotalDistanceM>
</Extensions>
</Trackpoint>
<Trackpoint>
<Time>2026-05-29T20:49:56.694Z</Time>
<DistanceMeters>7147.3</DistanceMeters>
<HeartRateBpm><Value>137</Value></HeartRateBpm>
<Cadence>75</Cadence>
<Extensions>
<ns3:TPX>
<ns3:Speed>7.939</ns3:Speed>
<ns3:Watts>207</ns3:Watts>
</ns3:TPX>
<bikeapp:Resistance01>17</bikeapp:Resistance01>
<bikeapp:BikeTotalDistanceM>7363.0</bikeapp:BikeTotalDistanceM>
</Extensions>
</Trackpoint>
<Trackpoint>
<Time>2026-05-29T20:49:57.697Z</Time>
<DistanceMeters>7155.2</DistanceMeters>
<HeartRateBpm><Value>137</Value></HeartRateBpm>
<Cadence>76</Cadence>
<Extensions>
<ns3:TPX>
<ns3:Speed>7.946</ns3:Speed>
<ns3:Watts>211</ns3:Watts>
</ns3:TPX>
<bikeapp:Resistance01>17</bikeapp:Resistance01>
<bikeapp:BikeTotalDistanceM>7371.0</bikeapp:BikeTotalDistanceM>
</Extensions>
</Trackpoint>
<Trackpoint>
<Time>2026-05-29T20:49:59.196Z</Time>
<DistanceMeters>7167.2</DistanceMeters>
<HeartRateBpm><Value>136</Value></HeartRateBpm>
<Cadence>77</Cadence>
<Extensions>
<ns3:TPX>
<ns3:Speed>8.000</ns3:Speed>
<ns3:Watts>215</ns3:Watts>
</ns3:TPX>
<bikeapp:Resistance01>17</bikeapp:Resistance01>
<bikeapp:BikeTotalDistanceM>7387.0</bikeapp:BikeTotalDistanceM>
</Extensions>
</Trackpoint>
<Trackpoint>
<Time>2026-05-29T20:50:00.208Z</Time>
<DistanceMeters>7175.3</DistanceMeters>
<HeartRateBpm><Value>136</Value></HeartRateBpm>
<Cadence>77</Cadence>
<Extensions>
<ns3:TPX>
<ns3:Speed>8.007</ns3:Speed>
<ns3:Watts>215</ns3:Watts>
</ns3:TPX>
<bikeapp:Resistance01>17</bikeapp:Resistance01>
<bikeapp:BikeTotalDistanceM>7395.0</bikeapp:BikeTotalDistanceM>
</Extensions>
</Trackpoint>
<Trackpoint>
<Time>2026-05-29T20:50:01.694Z</Time>
<DistanceMeters>7187.2</DistanceMeters>
<HeartRateBpm><Value>136</Value></HeartRateBpm>
<Cadence>79</Cadence>
<Extensions>
<ns3:TPX>
<ns3:Speed>8.055</ns3:Speed>
<ns3:Watts>223</ns3:Watts>
</ns3:TPX>
<bikeapp:Resistance01>17</bikeapp:Resistance01>
<bikeapp:BikeTotalDistanceM>7403.0</bikeapp:BikeTotalDistanceM>
</Extensions>
</Trackpoint>
<Trackpoint>
<Time>2026-05-29T20:50:02.707Z</Time>
<DistanceMeters>7195.4</DistanceMeters>
<HeartRateBpm><Value>136</Value></HeartRateBpm>
<Cadence>78</Cadence>
<Extensions>
<ns3:TPX>
<ns3:Speed>8.062</ns3:Speed>
<ns3:Watts>219</ns3:Watts>
</ns3:TPX>
<bikeapp:Resistance01>17</bikeapp:Resistance01>
<bikeapp:BikeTotalDistanceM>7411.0</bikeapp:BikeTotalDistanceM>
</Extensions>
</Trackpoint>
<Trackpoint>
<Time>2026-05-29T20:50:04.220Z</Time>
<DistanceMeters>7207.5</DistanceMeters>
<HeartRateBpm><Value>135</Value></HeartRateBpm>
<Cadence>76</Cadence>
<Extensions>
<ns3:TPX>
<ns3:Speed>8.008</ns3:Speed>
<ns3:Watts>211</ns3:Watts>
</ns3:TPX>
<bikeapp:Resistance01>17</bikeapp:Resistance01>
<bikeapp:BikeTotalDistanceM>7427.0</bikeapp:BikeTotalDistanceM>
</Extensions>
</Trackpoint>
<Trackpoint>
<Time>2026-05-29T20:50:05.706Z</Time>
<DistanceMeters>7219.4</DistanceMeters>
<HeartRateBpm><Value>135</Value></HeartRateBpm>
<Cadence>77</Cadence>
<Extensions>
<ns3:TPX>
<ns3:Speed>8.005</ns3:Speed>
<ns3:Watts>215</ns3:Watts>
</ns3:TPX>
<bikeapp:Resistance01>17</bikeapp:Resistance01>
<bikeapp:BikeTotalDistanceM>7435.0</bikeapp:BikeTotalDistanceM>
</Extensions>
</Trackpoint>
<Trackpoint>
<Time>2026-05-29T20:50:06.707Z</Time>
<DistanceMeters>7227.4</DistanceMeters>
<HeartRateBpm><Value>135</Value></HeartRateBpm>
<Cadence>76</Cadence>
<Extensions>
<ns3:TPX>
<ns3:Speed>7.987</ns3:Speed>
<ns3:Watts>211</ns3:Watts>
</ns3:TPX>
<bikeapp:Resistance01>17</bikeapp:Resistance01>
<bikeapp:BikeTotalDistanceM>7443.0</bikeapp:BikeTotalDistanceM>
</Extensions>
</Trackpoint>
<Trackpoint>
<Time>2026-05-29T20:50:08.206Z</Time>
<DistanceMeters>7239.4</DistanceMeters>
<HeartRateBpm><Value>135</Value></HeartRateBpm>
<Cadence>75</Cadence>
<Extensions>
<ns3:TPX>
<ns3:Speed>7.959</ns3:Speed>
<ns3:Watts>207</ns3:Watts>
</ns3:TPX>
<bikeapp:Resistance01>17</bikeapp:Resistance01>
<bikeapp:BikeTotalDistanceM>7459.0</bikeapp:BikeTotalDistanceM>
</Extensions>
</Trackpoint>
<Trackpoint>
<Time>2026-05-29T20:50:09.207Z</Time>
<DistanceMeters>7247.3</DistanceMeters>
<HeartRateBpm><Value>134</Value></HeartRateBpm>
<Cadence>75</Cadence>
<Extensions>
<ns3:TPX>
<ns3:Speed>7.936</ns3:Speed>
<ns3:Watts>207</ns3:Watts>
</ns3:TPX>
<bikeapp:Resistance01>17</bikeapp:Resistance01>
<bikeapp:BikeTotalDistanceM>7466.0</bikeapp:BikeTotalDistanceM>
</Extensions>
</Trackpoint>
<Trackpoint>
<Time>2026-05-29T20:50:10.694Z</Time>
<DistanceMeters>7259.1</DistanceMeters>
<HeartRateBpm><Value>134</Value></HeartRateBpm>
<Cadence>76</Cadence>
<Extensions>
<ns3:TPX>
<ns3:Speed>7.940</ns3:Speed>
<ns3:Watts>211</ns3:Watts>
</ns3:TPX>
<bikeapp:Resistance01>17</bikeapp:Resistance01>
<bikeapp:BikeTotalDistanceM>7474.0</bikeapp:BikeTotalDistanceM>
</Extensions>
</Trackpoint>
<Trackpoint>
<Time>2026-05-29T20:50:11.706Z</Time>
<DistanceMeters>7267.2</DistanceMeters>
<HeartRateBpm><Value>134</Value></HeartRateBpm>
<Cadence>78</Cadence>
<Extensions>
<ns3:TPX>
<ns3:Speed>7.992</ns3:Speed>
<ns3:Watts>219</ns3:Watts>
</ns3:TPX>
<bikeapp:Resistance01>17</bikeapp:Resistance01>
<bikeapp:BikeTotalDistanceM>7482.0</bikeapp:BikeTotalDistanceM>
</Extensions>
</Trackpoint>
<Trackpoint>
<Time>2026-05-29T20:50:12.721Z</Time>
<DistanceMeters>7275.3</DistanceMeters>
<HeartRateBpm><Value>134</Value></HeartRateBpm>
<Cadence>78</Cadence>
<Extensions>
<ns3:TPX>
<ns3:Speed>8.024</ns3:Speed>
<ns3:Watts>219</ns3:Watts>
</ns3:TPX>
<bikeapp:Resistance01>17</bikeapp:Resistance01>
<bikeapp:BikeTotalDistanceM>7490.0</bikeapp:BikeTotalDistanceM>
</Extensions>
</Trackpoint>
<Trackpoint>
<Time>2026-05-29T20:50:14.207Z</Time>
<DistanceMeters>7287.3</DistanceMeters>
<HeartRateBpm><Value>134</Value></HeartRateBpm>
<Cadence>77</Cadence>
<Extensions>
<ns3:TPX>
<ns3:Speed>8.037</ns3:Speed>
<ns3:Watts>215</ns3:Watts>
</ns3:TPX>
<bikeapp:Resistance01>17</bikeapp:Resistance01>
<bikeapp:BikeTotalDistanceM>7506.0</bikeapp:BikeTotalDistanceM>
</Extensions>
</Trackpoint>
<Trackpoint>
<Time>2026-05-29T20:50:15.207Z</Time>
<DistanceMeters>7295.3</DistanceMeters>
<HeartRateBpm><Value>134</Value></HeartRateBpm>
<Cadence>75</Cadence>
<Extensions>
<ns3:TPX>
<ns3:Speed>8.004</ns3:Speed>
<ns3:Watts>207</ns3:Watts>
</ns3:TPX>
<bikeapp:Resistance01>17</bikeapp:Resistance01>
<bikeapp:BikeTotalDistanceM>7514.0</bikeapp:BikeTotalDistanceM>
</Extensions>
</Trackpoint>
<Trackpoint>
<Time>2026-05-29T20:50:16.207Z</Time>
<DistanceMeters>7303.3</DistanceMeters>
<HeartRateBpm><Value>133</Value></HeartRateBpm>
<Cadence>75</Cadence>
<Extensions>
<ns3:TPX>
<ns3:Speed>7.963</ns3:Speed>
<ns3:Watts>207</ns3:Watts>
</ns3:TPX>
<bikeapp:Resistance01>17</bikeapp:Resistance01>
<bikeapp:BikeTotalDistanceM>7522.0</bikeapp:BikeTotalDistanceM>
</Extensions>
</Trackpoint>
<Trackpoint>
<Time>2026-05-29T20:50:17.706Z</Time>
<DistanceMeters>7315.2</DistanceMeters>
<HeartRateBpm><Value>133</Value></HeartRateBpm>
<Cadence>76</Cadence>
<Extensions>
<ns3:TPX>
<ns3:Speed>7.953</ns3:Speed>
<ns3:Watts>211</ns3:Watts>
</ns3:TPX>
<bikeapp:Resistance01>17</bikeapp:Resistance01>
<bikeapp:BikeTotalDistanceM>7530.0</bikeapp:BikeTotalDistanceM>
</Extensions>
</Trackpoint>
<Trackpoint>
<Time>2026-05-29T20:50:18.707Z</Time>
<DistanceMeters>7323.2</DistanceMeters>
<HeartRateBpm><Value>133</Value></HeartRateBpm>
<Cadence>76</Cadence>
<Extensions>
<ns3:TPX>
<ns3:Speed>7.955</ns3:Speed>
<ns3:Watts>211</ns3:Watts>
</ns3:TPX>
<bikeapp:Resistance01>17</bikeapp:Resistance01>
<bikeapp:BikeTotalDistanceM>7538.0</bikeapp:BikeTotalDistanceM>
</Extensions>
</Trackpoint>
<Trackpoint>
<Time>2026-05-29T20:50:20.208Z</Time>
<DistanceMeters>7335.1</DistanceMeters>
<HeartRateBpm><Value>135</Value></HeartRateBpm>
<Cadence>77</Cadence>
<Extensions>
<ns3:TPX>
<ns3:Speed>7.987</ns3:Speed>
<ns3:Watts>215</ns3:Watts>
</ns3:TPX>
<bikeapp:Resistance01>17</bikeapp:Resistance01>
<bikeapp:BikeTotalDistanceM>7554.0</bikeapp:BikeTotalDistanceM>
</Extensions>
</Trackpoint>
<Trackpoint>
<Time>2026-05-29T20:50:21.219Z</Time>
<DistanceMeters>7343.2</DistanceMeters>
<HeartRateBpm><Value>135</Value></HeartRateBpm>
<Cadence>76</Cadence>
<Extensions>
<ns3:TPX>
<ns3:Speed>7.986</ns3:Speed>
<ns3:Watts>211</ns3:Watts>
</ns3:TPX>
<bikeapp:Resistance01>17</bikeapp:Resistance01>
<bikeapp:BikeTotalDistanceM>7562.0</bikeapp:BikeTotalDistanceM>
</Extensions>
</Trackpoint>
<Trackpoint>
<Time>2026-05-29T20:50:22.694Z</Time>
<DistanceMeters>7355.0</DistanceMeters>
<HeartRateBpm><Value>136</Value></HeartRateBpm>
<Cadence>76</Cadence>
<Extensions>
<ns3:TPX>
<ns3:Speed>7.972</ns3:Speed>
<ns3:Watts>211</ns3:Watts>
</ns3:TPX>
<bikeapp:Resistance01>17</bikeapp:Resistance01>
<bikeapp:BikeTotalDistanceM>7569.0</bikeapp:BikeTotalDistanceM>
</Extensions>
</Trackpoint>
<Trackpoint>
<Time>2026-05-29T20:50:23.707Z</Time>
<DistanceMeters>7363.0</DistanceMeters>
<HeartRateBpm><Value>136</Value></HeartRateBpm>
<Cadence>76</Cadence>
<Extensions>
<ns3:TPX>
<ns3:Speed>7.966</ns3:Speed>
<ns3:Watts>211</ns3:Watts>
</ns3:TPX>
<bikeapp:Resistance01>17</bikeapp:Resistance01>
<bikeapp:BikeTotalDistanceM>7577.0</bikeapp:BikeTotalDistanceM>
</Extensions>
</Trackpoint>
<Trackpoint>
<Time>2026-05-29T20:50:24.719Z</Time>
<DistanceMeters>7371.1</DistanceMeters>
<HeartRateBpm><Value>136</Value></HeartRateBpm>
<Cadence>74</Cadence>
<Extensions>
<ns3:TPX>
<ns3:Speed>7.911</ns3:Speed>
<ns3:Watts>202</ns3:Watts>
</ns3:TPX>
<bikeapp:Resistance01>17</bikeapp:Resistance01>
<bikeapp:BikeTotalDistanceM>7585.0</bikeapp:BikeTotalDistanceM>
</Extensions>
</Trackpoint>
<Trackpoint>
<Time>2026-05-29T20:50:26.207Z</Time>
<DistanceMeters>7382.8</DistanceMeters>
<HeartRateBpm><Value>136</Value></HeartRateBpm>
<Cadence>74</Cadence>
<Extensions>
<ns3:TPX>
<ns3:Speed>7.848</ns3:Speed>
<ns3:Watts>202</ns3:Watts>
</ns3:TPX>
<bikeapp:Resistance01>17</bikeapp:Resistance01>
<bikeapp:BikeTotalDistanceM>7600.0</bikeapp:BikeTotalDistanceM>
</Extensions>
</Trackpoint>
<Trackpoint>
<Time>2026-05-29T20:50:27.208Z</Time>
<DistanceMeters>7390.6</DistanceMeters>
<HeartRateBpm><Value>135</Value></HeartRateBpm>
<Cadence>75</Cadence>
<Extensions>
<ns3:TPX>
<ns3:Speed>7.855</ns3:Speed>
<ns3:Watts>207</ns3:Watts>
</ns3:TPX>
<bikeapp:Resistance01>17</bikeapp:Resistance01>
<bikeapp:BikeTotalDistanceM>7608.0</bikeapp:BikeTotalDistanceM>
</Extensions>
</Trackpoint>
<Trackpoint>
<Time>2026-05-29T20:50:28.695Z</Time>
<DistanceMeters>7402.3</DistanceMeters>
<HeartRateBpm><Value>135</Value></HeartRateBpm>
<Cadence>75</Cadence>
<Extensions>
<ns3:TPX>
<ns3:Speed>7.878</ns3:Speed>
<ns3:Watts>207</ns3:Watts>
</ns3:TPX>
<bikeapp:Resistance01>17</bikeapp:Resistance01>
<bikeapp:BikeTotalDistanceM>7616.0</bikeapp:BikeTotalDistanceM>
</Extensions>
</Trackpoint>
<Trackpoint>
<Time>2026-05-29T20:50:29.707Z</Time>
<DistanceMeters>7410.3</DistanceMeters>
<HeartRateBpm><Value>133</Value></HeartRateBpm>
<Cadence>75</Cadence>
<Extensions>
<ns3:TPX>
<ns3:Speed>7.886</ns3:Speed>
<ns3:Watts>207</ns3:Watts>
</ns3:TPX>
<bikeapp:Resistance01>17</bikeapp:Resistance01>
<bikeapp:BikeTotalDistanceM>7623.0</bikeapp:BikeTotalDistanceM>
</Extensions>
</Trackpoint>
<Trackpoint>
<Time>2026-05-29T20:50:31.207Z</Time>
<DistanceMeters>7422.2</DistanceMeters>
<HeartRateBpm><Value>132</Value></HeartRateBpm>
<Cadence>76</Cadence>
<Extensions>
<ns3:TPX>
<ns3:Speed>7.924</ns3:Speed>
<ns3:Watts>211</ns3:Watts>
</ns3:TPX>
<bikeapp:Resistance01>17</bikeapp:Resistance01>
<bikeapp:BikeTotalDistanceM>7639.0</bikeapp:BikeTotalDistanceM>
</Extensions>
</Trackpoint>
<Trackpoint>
<Time>2026-05-29T20:50:32.207Z</Time>
<DistanceMeters>7430.1</DistanceMeters>
<HeartRateBpm><Value>132</Value></HeartRateBpm>
<Cadence>76</Cadence>
<Extensions>
<ns3:TPX>
<ns3:Speed>7.937</ns3:Speed>
<ns3:Watts>211</ns3:Watts>
</ns3:TPX>
<bikeapp:Resistance01>17</bikeapp:Resistance01>
<bikeapp:BikeTotalDistanceM>7647.0</bikeapp:BikeTotalDistanceM>
</Extensions>
</Trackpoint>
<Trackpoint>
<Time>2026-05-29T20:50:33.220Z</Time>
<DistanceMeters>7438.2</DistanceMeters>
<HeartRateBpm><Value>133</Value></HeartRateBpm>
<Cadence>75</Cadence>
<Extensions>
<ns3:TPX>
<ns3:Speed>7.932</ns3:Speed>
<ns3:Watts>207</ns3:Watts>
</ns3:TPX>
<bikeapp:Resistance01>17</bikeapp:Resistance01>
<bikeapp:BikeTotalDistanceM>7655.0</bikeapp:BikeTotalDistanceM>
</Extensions>
</Trackpoint>
<Trackpoint>
<Time>2026-05-29T20:50:34.706Z</Time>
<DistanceMeters>7450.0</DistanceMeters>
<HeartRateBpm><Value>134</Value></HeartRateBpm>
<Cadence>77</Cadence>
<Extensions>
<ns3:TPX>
<ns3:Speed>7.961</ns3:Speed>
<ns3:Watts>215</ns3:Watts>
</ns3:TPX>
<bikeapp:Resistance01>17</bikeapp:Resistance01>
<bikeapp:BikeTotalDistanceM>7663.0</bikeapp:BikeTotalDistanceM>
</Extensions>
</Trackpoint>
<Trackpoint>
<Time>2026-05-29T20:50:35.708Z</Time>
<DistanceMeters>7457.9</DistanceMeters>
<HeartRateBpm><Value>135</Value></HeartRateBpm>
<Cadence>77</Cadence>
<Extensions>
<ns3:TPX>
<ns3:Speed>7.982</ns3:Speed>
<ns3:Watts>215</ns3:Watts>
</ns3:TPX>
<bikeapp:Resistance01>17</bikeapp:Resistance01>
<bikeapp:BikeTotalDistanceM>7671.0</bikeapp:BikeTotalDistanceM>
</Extensions>
</Trackpoint>
<Trackpoint>
<Time>2026-05-29T20:50:37.207Z</Time>
<DistanceMeters>7469.9</DistanceMeters>
<HeartRateBpm><Value>136</Value></HeartRateBpm>
<Cadence>75</Cadence>
<Extensions>
<ns3:TPX>
<ns3:Speed>7.957</ns3:Speed>
<ns3:Watts>207</ns3:Watts>
</ns3:TPX>
<bikeapp:Resistance01>17</bikeapp:Resistance01>
<bikeapp:BikeTotalDistanceM>7686.0</bikeapp:BikeTotalDistanceM>
</Extensions>
</Trackpoint>
<Trackpoint>
<Time>2026-05-29T20:50:38.208Z</Time>
<DistanceMeters>7477.8</DistanceMeters>
<HeartRateBpm><Value>136</Value></HeartRateBpm>
<Cadence>75</Cadence>
<Extensions>
<ns3:TPX>
<ns3:Speed>7.935</ns3:Speed>
<ns3:Watts>207</ns3:Watts>
</ns3:TPX>
<bikeapp:Resistance01>17</bikeapp:Resistance01>
<bikeapp:BikeTotalDistanceM>7694.0</bikeapp:BikeTotalDistanceM>
</Extensions>
</Trackpoint>
<Trackpoint>
<Time>2026-05-29T20:50:39.707Z</Time>
<DistanceMeters>7489.7</DistanceMeters>
<HeartRateBpm><Value>135</Value></HeartRateBpm>
<Cadence>75</Cadence>
<Extensions>
<ns3:TPX>
<ns3:Speed>7.916</ns3:Speed>
<ns3:Watts>207</ns3:Watts>
</ns3:TPX>
<bikeapp:Resistance01>17</bikeapp:Resistance01>
<bikeapp:BikeTotalDistanceM>7702.0</bikeapp:BikeTotalDistanceM>
</Extensions>
</Trackpoint>
<Trackpoint>
<Time>2026-05-29T20:50:41.219Z</Time>
<DistanceMeters>7501.8</DistanceMeters>
<HeartRateBpm><Value>128</Value></HeartRateBpm>
<Cadence>78</Cadence>
<Extensions>
<ns3:TPX>
<ns3:Speed>7.999</ns3:Speed>
<ns3:Watts>219</ns3:Watts>
</ns3:TPX>
<bikeapp:Resistance01>17</bikeapp:Resistance01>
<bikeapp:BikeTotalDistanceM>7718.0</bikeapp:BikeTotalDistanceM>
</Extensions>
</Trackpoint>
<Trackpoint>
<Time>2026-05-29T20:50:42.712Z</Time>
<DistanceMeters>7513.7</DistanceMeters>
<HeartRateBpm><Value>127</Value></HeartRateBpm>
<Cadence>77</Cadence>
<Extensions>
<ns3:TPX>
<ns3:Speed>8.015</ns3:Speed>
<ns3:Watts>215</ns3:Watts>
</ns3:TPX>
<bikeapp:Resistance01>17</bikeapp:Resistance01>
<bikeapp:BikeTotalDistanceM>7726.0</bikeapp:BikeTotalDistanceM>
</Extensions>
</Trackpoint>
<Trackpoint>
<Time>2026-05-29T20:50:44.207Z</Time>
<DistanceMeters>7525.8</DistanceMeters>
<HeartRateBpm><Value>127</Value></HeartRateBpm>
<Cadence>81</Cadence>
<Extensions>
<ns3:TPX>
<ns3:Speed>8.105</ns3:Speed>
<ns3:Watts>233</ns3:Watts>
</ns3:TPX>
<bikeapp:Resistance01>17</bikeapp:Resistance01>
<bikeapp:BikeTotalDistanceM>7743.0</bikeapp:BikeTotalDistanceM>
</Extensions>
</Trackpoint>
<Trackpoint>
<Time>2026-05-29T20:50:45.211Z</Time>
<DistanceMeters>7534.0</DistanceMeters>
<HeartRateBpm><Value>128</Value></HeartRateBpm>
<Cadence>79</Cadence>
<Extensions>
<ns3:TPX>
<ns3:Speed>8.139</ns3:Speed>
<ns3:Watts>223</ns3:Watts>
</ns3:TPX>
<bikeapp:Resistance01>17</bikeapp:Resistance01>
<bikeapp:BikeTotalDistanceM>7751.0</bikeapp:BikeTotalDistanceM>
</Extensions>
</Trackpoint>
<Trackpoint>
<Time>2026-05-29T20:50:46.707Z</Time>
<DistanceMeters>7546.1</DistanceMeters>
<HeartRateBpm><Value>130</Value></HeartRateBpm>
<Cadence>77</Cadence>
<Extensions>
<ns3:TPX>
<ns3:Speed>8.091</ns3:Speed>
<ns3:Watts>215</ns3:Watts>
</ns3:TPX>
<bikeapp:Resistance01>17</bikeapp:Resistance01>
<bikeapp:BikeTotalDistanceM>7759.0</bikeapp:BikeTotalDistanceM>
</Extensions>
</Trackpoint>
<Trackpoint>
<Time>2026-05-29T20:50:47.708Z</Time>
<DistanceMeters>7554.1</DistanceMeters>
<HeartRateBpm><Value>131</Value></HeartRateBpm>
<Cadence>74</Cadence>
<Extensions>
<ns3:TPX>
<ns3:Speed>7.987</ns3:Speed>
<ns3:Watts>202</ns3:Watts>
</ns3:TPX>
<bikeapp:Resistance01>17</bikeapp:Resistance01>
<bikeapp:BikeTotalDistanceM>7767.0</bikeapp:BikeTotalDistanceM>
</Extensions>
</Trackpoint>
<Trackpoint>
<Time>2026-05-29T20:50:49.207Z</Time>
<DistanceMeters>7566.0</DistanceMeters>
<HeartRateBpm><Value>132</Value></HeartRateBpm>
<Cadence>76</Cadence>
<Extensions>
<ns3:TPX>
<ns3:Speed>7.932</ns3:Speed>
<ns3:Watts>211</ns3:Watts>
</ns3:TPX>
<bikeapp:Resistance01>17</bikeapp:Resistance01>
<bikeapp:BikeTotalDistanceM>7782.0</bikeapp:BikeTotalDistanceM>
</Extensions>
</Trackpoint>
<Trackpoint>
<Time>2026-05-29T20:50:50.708Z</Time>
<DistanceMeters>7577.9</DistanceMeters>
<HeartRateBpm><Value>132</Value></HeartRateBpm>
<Cadence>76</Cadence>
<Extensions>
<ns3:TPX>
<ns3:Speed>7.946</ns3:Speed>
<ns3:Watts>211</ns3:Watts>
</ns3:TPX>
<bikeapp:Resistance01>17</bikeapp:Resistance01>
<bikeapp:BikeTotalDistanceM>7790.0</bikeapp:BikeTotalDistanceM>
</Extensions>
</Trackpoint>
<Trackpoint>
<Time>2026-05-29T20:50:51.720Z</Time>
<DistanceMeters>7586.0</DistanceMeters>
<HeartRateBpm><Value>132</Value></HeartRateBpm>
<Cadence>75</Cadence>
<Extensions>
<ns3:TPX>
<ns3:Speed>7.927</ns3:Speed>
<ns3:Watts>207</ns3:Watts>
</ns3:TPX>
<bikeapp:Resistance01>17</bikeapp:Resistance01>
<bikeapp:BikeTotalDistanceM>7798.0</bikeapp:BikeTotalDistanceM>
</Extensions>
</Trackpoint>
<Trackpoint>
<Time>2026-05-29T20:50:53.207Z</Time>
<DistanceMeters>7597.7</DistanceMeters>
<HeartRateBpm><Value>131</Value></HeartRateBpm>
<Cadence>72</Cadence>
<Extensions>
<ns3:TPX>
<ns3:Speed>7.830</ns3:Speed>
<ns3:Watts>194</ns3:Watts>
</ns3:TPX>
<bikeapp:Resistance01>17</bikeapp:Resistance01>
<bikeapp:BikeTotalDistanceM>7813.0</bikeapp:BikeTotalDistanceM>
</Extensions>
</Trackpoint>
<Trackpoint>
<Time>2026-05-29T20:50:54.707Z</Time>
<DistanceMeters>7609.3</DistanceMeters>
<HeartRateBpm><Value>131</Value></HeartRateBpm>
<Cadence>71</Cadence>
<Extensions>
<ns3:TPX>
<ns3:Speed>7.739</ns3:Speed>
<ns3:Watts>190</ns3:Watts>
</ns3:TPX>
<bikeapp:Resistance01>17</bikeapp:Resistance01>
<bikeapp:BikeTotalDistanceM>7820.0</bikeapp:BikeTotalDistanceM>
</Extensions>
</Trackpoint>
<Trackpoint>
<Time>2026-05-29T20:50:55.720Z</Time>
<DistanceMeters>7617.1</DistanceMeters>
<HeartRateBpm><Value>131</Value></HeartRateBpm>
<Cadence>72</Cadence>
<Extensions>
<ns3:TPX>
<ns3:Speed>7.724</ns3:Speed>
<ns3:Watts>194</ns3:Watts>
</ns3:TPX>
<bikeapp:Resistance01>17</bikeapp:Resistance01>
<bikeapp:BikeTotalDistanceM>7828.0</bikeapp:BikeTotalDistanceM>
</Extensions>
</Trackpoint>
<Trackpoint>
<Time>2026-05-29T20:50:57.207Z</Time>
<DistanceMeters>7628.7</DistanceMeters>
<HeartRateBpm><Value>132</Value></HeartRateBpm>
<Cadence>76</Cadence>
<Extensions>
<ns3:TPX>
<ns3:Speed>7.805</ns3:Speed>
<ns3:Watts>211</ns3:Watts>
</ns3:TPX>
<bikeapp:Resistance01>17</bikeapp:Resistance01>
<bikeapp:BikeTotalDistanceM>7843.0</bikeapp:BikeTotalDistanceM>
</Extensions>
</Trackpoint>
<Trackpoint>
<Time>2026-05-29T20:50:58.707Z</Time>
<DistanceMeters>7640.5</DistanceMeters>
<HeartRateBpm><Value>132</Value></HeartRateBpm>
<Cadence>76</Cadence>
<Extensions>
<ns3:TPX>
<ns3:Speed>7.885</ns3:Speed>
<ns3:Watts>211</ns3:Watts>
</ns3:TPX>
<bikeapp:Resistance01>17</bikeapp:Resistance01>
<bikeapp:BikeTotalDistanceM>7851.0</bikeapp:BikeTotalDistanceM>
</Extensions>
</Trackpoint>
<Trackpoint>
<Time>2026-05-29T20:50:59.720Z</Time>
<DistanceMeters>7648.5</DistanceMeters>
<HeartRateBpm><Value>132</Value></HeartRateBpm>
<Cadence>76</Cadence>
<Extensions>
<ns3:TPX>
<ns3:Speed>7.914</ns3:Speed>
<ns3:Watts>211</ns3:Watts>
</ns3:TPX>
<bikeapp:Resistance01>17</bikeapp:Resistance01>
<bikeapp:BikeTotalDistanceM>7859.0</bikeapp:BikeTotalDistanceM>
</Extensions>
</Trackpoint>
<Trackpoint>
<Time>2026-05-29T20:51:01.207Z</Time>
<DistanceMeters>7660.3</DistanceMeters>
<HeartRateBpm><Value>132</Value></HeartRateBpm>
<Cadence>78</Cadence>
<Extensions>
<ns3:TPX>
<ns3:Speed>7.962</ns3:Speed>
<ns3:Watts>219</ns3:Watts>
</ns3:TPX>
<bikeapp:Resistance01>17</bikeapp:Resistance01>
<bikeapp:BikeTotalDistanceM>7875.0</bikeapp:BikeTotalDistanceM>
</Extensions>
</Trackpoint>
<Trackpoint>
<Time>2026-05-29T20:51:02.208Z</Time>
<DistanceMeters>7668.3</DistanceMeters>
<HeartRateBpm><Value>132</Value></HeartRateBpm>
<Cadence>79</Cadence>
<Extensions>
<ns3:TPX>
<ns3:Speed>8.018</ns3:Speed>
<ns3:Watts>223</ns3:Watts>
</ns3:TPX>
<bikeapp:Resistance01>17</bikeapp:Resistance01>
<bikeapp:BikeTotalDistanceM>7883.0</bikeapp:BikeTotalDistanceM>
</Extensions>
</Trackpoint>
<Trackpoint>
<Time>2026-05-29T20:51:03.708Z</Time>
<DistanceMeters>7680.4</DistanceMeters>
<HeartRateBpm><Value>132</Value></HeartRateBpm>
<Cadence>78</Cadence>
<Extensions>
<ns3:TPX>
<ns3:Speed>8.054</ns3:Speed>
<ns3:Watts>219</ns3:Watts>
</ns3:TPX>
<bikeapp:Resistance01>17</bikeapp:Resistance01>
<bikeapp:BikeTotalDistanceM>7891.0</bikeapp:BikeTotalDistanceM>
</Extensions>
</Trackpoint>
<Trackpoint>
<Time>2026-05-29T20:51:05.208Z</Time>
<DistanceMeters>7692.5</DistanceMeters>
<HeartRateBpm><Value>132</Value></HeartRateBpm>
<Cadence>77</Cadence>
<Extensions>
<ns3:TPX>
<ns3:Speed>8.035</ns3:Speed>
<ns3:Watts>215</ns3:Watts>
</ns3:TPX>
<bikeapp:Resistance01>17</bikeapp:Resistance01>
<bikeapp:BikeTotalDistanceM>7907.0</bikeapp:BikeTotalDistanceM>
</Extensions>
</Trackpoint>
<Trackpoint>
<Time>2026-05-29T20:51:06.707Z</Time>
<DistanceMeters>7704.5</DistanceMeters>
<HeartRateBpm><Value>132</Value></HeartRateBpm>
<Cadence>77</Cadence>
<Extensions>
<ns3:TPX>
<ns3:Speed>8.025</ns3:Speed>
<ns3:Watts>215</ns3:Watts>
</ns3:TPX>
<bikeapp:Resistance01>17</bikeapp:Resistance01>
<bikeapp:BikeTotalDistanceM>7915.0</bikeapp:BikeTotalDistanceM>
</Extensions>
</Trackpoint>
<Trackpoint>
<Time>2026-05-29T20:51:07.708Z</Time>
<DistanceMeters>7712.6</DistanceMeters>
<HeartRateBpm><Value>133</Value></HeartRateBpm>
<Cadence>80</Cadence>
<Extensions>
<ns3:TPX>
<ns3:Speed>8.093</ns3:Speed>
<ns3:Watts>228</ns3:Watts>
</ns3:TPX>
<bikeapp:Resistance01>17</bikeapp:Resistance01>
<bikeapp:BikeTotalDistanceM>7923.0</bikeapp:BikeTotalDistanceM>
</Extensions>
</Trackpoint>
<Trackpoint>
<Time>2026-05-29T20:51:08.745Z</Time>
<DistanceMeters>7721.0</DistanceMeters>
<HeartRateBpm><Value>133</Value></HeartRateBpm>
<Cadence>80</Cadence>
<Extensions>
<ns3:TPX>
<ns3:Speed>8.136</ns3:Speed>
<ns3:Watts>228</ns3:Watts>
</ns3:TPX>
<bikeapp:Resistance01>17</bikeapp:Resistance01>
<bikeapp:BikeTotalDistanceM>7931.0</bikeapp:BikeTotalDistanceM>
</Extensions>
</Trackpoint>
<Trackpoint>
<Time>2026-05-29T20:51:10.207Z</Time>
<DistanceMeters>7732.9</DistanceMeters>
<HeartRateBpm><Value>134</Value></HeartRateBpm>
<Cadence>78</Cadence>
<Extensions>
<ns3:TPX>
<ns3:Speed>8.104</ns3:Speed>
<ns3:Watts>219</ns3:Watts>
</ns3:TPX>
<bikeapp:Resistance01>17</bikeapp:Resistance01>
<bikeapp:BikeTotalDistanceM>7948.0</bikeapp:BikeTotalDistanceM>
</Extensions>
</Trackpoint>
<Trackpoint>
<Time>2026-05-29T20:51:11.207Z</Time>
<DistanceMeters>7741.0</DistanceMeters>
<HeartRateBpm><Value>135</Value></HeartRateBpm>
<Cadence>78</Cadence>
<Extensions>
<ns3:TPX>
<ns3:Speed>8.092</ns3:Speed>
<ns3:Watts>219</ns3:Watts>
</ns3:TPX>
<bikeapp:Resistance01>17</bikeapp:Resistance01>
<bikeapp:BikeTotalDistanceM>7956.0</bikeapp:BikeTotalDistanceM>
</Extensions>
</Trackpoint>
<Trackpoint>
<Time>2026-05-29T20:51:12.709Z</Time>
<DistanceMeters>7753.1</DistanceMeters>
<HeartRateBpm><Value>136</Value></HeartRateBpm>
<Cadence>79</Cadence>
<Extensions>
<ns3:TPX>
<ns3:Speed>8.104</ns3:Speed>
<ns3:Watts>223</ns3:Watts>
</ns3:TPX>
<bikeapp:Resistance01>17</bikeapp:Resistance01>
<bikeapp:BikeTotalDistanceM>7964.0</bikeapp:BikeTotalDistanceM>
</Extensions>
</Trackpoint>
<Trackpoint>
<Time>2026-05-29T20:51:13.709Z</Time>
<DistanceMeters>7761.2</DistanceMeters>
<HeartRateBpm><Value>135</Value></HeartRateBpm>
<Cadence>78</Cadence>
<Extensions>
<ns3:TPX>
<ns3:Speed>8.093</ns3:Speed>
<ns3:Watts>219</ns3:Watts>
</ns3:TPX>
<bikeapp:Resistance01>17</bikeapp:Resistance01>
<bikeapp:BikeTotalDistanceM>7972.0</bikeapp:BikeTotalDistanceM>
</Extensions>
</Trackpoint>
<Trackpoint>
<Time>2026-05-29T20:51:15.209Z</Time>
<DistanceMeters>7773.4</DistanceMeters>
<HeartRateBpm><Value>135</Value></HeartRateBpm>
<Cadence>79</Cadence>
<Extensions>
<ns3:TPX>
<ns3:Speed>8.133</ns3:Speed>
<ns3:Watts>223</ns3:Watts>
</ns3:TPX>
<bikeapp:Resistance01>17</bikeapp:Resistance01>
<bikeapp:BikeTotalDistanceM>7988.0</bikeapp:BikeTotalDistanceM>
</Extensions>
</Trackpoint>
<Trackpoint>
<Time>2026-05-29T20:51:16.708Z</Time>
<DistanceMeters>7785.6</DistanceMeters>
<HeartRateBpm><Value>135</Value></HeartRateBpm>
<Cadence>78</Cadence>
<Extensions>
<ns3:TPX>
<ns3:Speed>8.110</ns3:Speed>
<ns3:Watts>219</ns3:Watts>
</ns3:TPX>
<bikeapp:Resistance01>17</bikeapp:Resistance01>
<bikeapp:BikeTotalDistanceM>7997.0</bikeapp:BikeTotalDistanceM>
</Extensions>
</Trackpoint>
<Trackpoint>
<Time>2026-05-29T20:51:17.708Z</Time>
<DistanceMeters>7793.7</DistanceMeters>
<HeartRateBpm><Value>135</Value></HeartRateBpm>
<Cadence>78</Cadence>
<Extensions>
<ns3:TPX>
<ns3:Speed>8.096</ns3:Speed>
<ns3:Watts>219</ns3:Watts>
</ns3:TPX>
<bikeapp:Resistance01>17</bikeapp:Resistance01>
<bikeapp:BikeTotalDistanceM>8005.0</bikeapp:BikeTotalDistanceM>
</Extensions>
</Trackpoint>
<Trackpoint>
<Time>2026-05-29T20:51:19.220Z</Time>
<DistanceMeters>7805.9</DistanceMeters>
<HeartRateBpm><Value>136</Value></HeartRateBpm>
<Cadence>77</Cadence>
<Extensions>
<ns3:TPX>
<ns3:Speed>8.072</ns3:Speed>
<ns3:Watts>215</ns3:Watts>
</ns3:TPX>
<bikeapp:Resistance01>17</bikeapp:Resistance01>
<bikeapp:BikeTotalDistanceM>8021.0</bikeapp:BikeTotalDistanceM>
</Extensions>
</Trackpoint>
<Trackpoint>
<Time>2026-05-29T20:51:20.707Z</Time>
<DistanceMeters>7817.9</DistanceMeters>
<HeartRateBpm><Value>136</Value></HeartRateBpm>
<Cadence>77</Cadence>
<Extensions>
<ns3:TPX>
<ns3:Speed>8.043</ns3:Speed>
<ns3:Watts>215</ns3:Watts>
</ns3:TPX>
<bikeapp:Resistance01>17</bikeapp:Resistance01>
<bikeapp:BikeTotalDistanceM>8029.0</bikeapp:BikeTotalDistanceM>
</Extensions>
</Trackpoint>
<Trackpoint>
<Time>2026-05-29T20:51:21.708Z</Time>
<DistanceMeters>7825.9</DistanceMeters>
<HeartRateBpm><Value>137</Value></HeartRateBpm>
<Cadence>76</Cadence>
<Extensions>
<ns3:TPX>
<ns3:Speed>8.010</ns3:Speed>
<ns3:Watts>211</ns3:Watts>
</ns3:TPX>
<bikeapp:Resistance01>17</bikeapp:Resistance01>
<bikeapp:BikeTotalDistanceM>8036.0</bikeapp:BikeTotalDistanceM>
</Extensions>
</Trackpoint>
<Trackpoint>
<Time>2026-05-29T20:51:23.208Z</Time>
<DistanceMeters>7837.9</DistanceMeters>
<HeartRateBpm><Value>137</Value></HeartRateBpm>
<Cadence>76</Cadence>
<Extensions>
<ns3:TPX>
<ns3:Speed>8.001</ns3:Speed>
<ns3:Watts>211</ns3:Watts>
</ns3:TPX>
<bikeapp:Resistance01>17</bikeapp:Resistance01>
<bikeapp:BikeTotalDistanceM>8052.0</bikeapp:BikeTotalDistanceM>
</Extensions>
</Trackpoint>
<Trackpoint>
<Time>2026-05-29T20:51:24.220Z</Time>
<DistanceMeters>7846.0</DistanceMeters>
<HeartRateBpm><Value>137</Value></HeartRateBpm>
<Cadence>75</Cadence>
<Extensions>
<ns3:TPX>
<ns3:Speed>7.971</ns3:Speed>
<ns3:Watts>207</ns3:Watts>
</ns3:TPX>
<bikeapp:Resistance01>17</bikeapp:Resistance01>
<bikeapp:BikeTotalDistanceM>8060.0</bikeapp:BikeTotalDistanceM>
</Extensions>
</Trackpoint>
<Trackpoint>
<Time>2026-05-29T20:51:25.707Z</Time>
<DistanceMeters>7857.8</DistanceMeters>
<HeartRateBpm><Value>137</Value></HeartRateBpm>
<Cadence>75</Cadence>
<Extensions>
<ns3:TPX>
<ns3:Speed>7.934</ns3:Speed>
<ns3:Watts>207</ns3:Watts>
</ns3:TPX>
<bikeapp:Resistance01>17</bikeapp:Resistance01>
<bikeapp:BikeTotalDistanceM>8068.0</bikeapp:BikeTotalDistanceM>
</Extensions>
</Trackpoint>
<Trackpoint>
<Time>2026-05-29T20:51:26.707Z</Time>
<DistanceMeters>7865.7</DistanceMeters>
<HeartRateBpm><Value>137</Value></HeartRateBpm>
<Cadence>76</Cadence>
<Extensions>
<ns3:TPX>
<ns3:Speed>7.943</ns3:Speed>
<ns3:Watts>211</ns3:Watts>
</ns3:TPX>
<bikeapp:Resistance01>17</bikeapp:Resistance01>
<bikeapp:BikeTotalDistanceM>8076.0</bikeapp:BikeTotalDistanceM>
</Extensions>
</Trackpoint>
<Trackpoint>
<Time>2026-05-29T20:51:27.720Z</Time>
<DistanceMeters>7873.8</DistanceMeters>
<HeartRateBpm><Value>137</Value></HeartRateBpm>
<Cadence>79</Cadence>
<Extensions>
<ns3:TPX>
<ns3:Speed>8.017</ns3:Speed>
<ns3:Watts>223</ns3:Watts>
</ns3:TPX>
<bikeapp:Resistance01>17</bikeapp:Resistance01>
<bikeapp:BikeTotalDistanceM>8084.0</bikeapp:BikeTotalDistanceM>
</Extensions>
</Trackpoint>
<Trackpoint>
<Time>2026-05-29T20:51:29.221Z</Time>
<DistanceMeters>7886.0</DistanceMeters>
<HeartRateBpm><Value>136</Value></HeartRateBpm>
<Cadence>78</Cadence>
<Extensions>
<ns3:TPX>
<ns3:Speed>8.084</ns3:Speed>
<ns3:Watts>219</ns3:Watts>
</ns3:TPX>
<bikeapp:Resistance01>17</bikeapp:Resistance01>
<bikeapp:BikeTotalDistanceM>8100.0</bikeapp:BikeTotalDistanceM>
</Extensions>
</Trackpoint>
<Trackpoint>
<Time>2026-05-29T20:51:30.708Z</Time>
<DistanceMeters>7898.0</DistanceMeters>
<HeartRateBpm><Value>136</Value></HeartRateBpm>
<Cadence>78</Cadence>
<Extensions>
<ns3:TPX>
<ns3:Speed>8.079</ns3:Speed>
<ns3:Watts>219</ns3:Watts>
</ns3:TPX>
<bikeapp:Resistance01>17</bikeapp:Resistance01>
<bikeapp:BikeTotalDistanceM>8108.0</bikeapp:BikeTotalDistanceM>
</Extensions>
</Trackpoint>
<Trackpoint>
<Time>2026-05-29T20:51:32.208Z</Time>
<DistanceMeters>7910.1</DistanceMeters>
<HeartRateBpm><Value>136</Value></HeartRateBpm>
<Cadence>76</Cadence>
<Extensions>
<ns3:TPX>
<ns3:Speed>8.034</ns3:Speed>
<ns3:Watts>211</ns3:Watts>
</ns3:TPX>
<bikeapp:Resistance01>17</bikeapp:Resistance01>
<bikeapp:BikeTotalDistanceM>8124.0</bikeapp:BikeTotalDistanceM>
</Extensions>
</Trackpoint>
<Trackpoint>
<Time>2026-05-29T20:51:33.721Z</Time>
<DistanceMeters>7922.2</DistanceMeters>
<HeartRateBpm><Value>138</Value></HeartRateBpm>
<Cadence>76</Cadence>
<Extensions>
<ns3:TPX>
<ns3:Speed>7.994</ns3:Speed>
<ns3:Watts>211</ns3:Watts>
</ns3:TPX>
<bikeapp:Resistance01>17</bikeapp:Resistance01>
<bikeapp:BikeTotalDistanceM>8132.0</bikeapp:BikeTotalDistanceM>
</Extensions>
</Trackpoint>
<Trackpoint>
<Time>2026-05-29T20:51:35.221Z</Time>
<DistanceMeters>7934.2</DistanceMeters>
<HeartRateBpm><Value>138</Value></HeartRateBpm>
<Cadence>76</Cadence>
<Extensions>
<ns3:TPX>
<ns3:Speed>7.993</ns3:Speed>
<ns3:Watts>211</ns3:Watts>
</ns3:TPX>
<bikeapp:Resistance01>17</bikeapp:Resistance01>
<bikeapp:BikeTotalDistanceM>8148.0</bikeapp:BikeTotalDistanceM>
</Extensions>
</Trackpoint>
<Trackpoint>
<Time>2026-05-29T20:51:36.721Z</Time>
<DistanceMeters>7946.1</DistanceMeters>
<HeartRateBpm><Value>137</Value></HeartRateBpm>
<Cadence>76</Cadence>
<Extensions>
<ns3:TPX>
<ns3:Speed>7.975</ns3:Speed>
<ns3:Watts>211</ns3:Watts>
</ns3:TPX>
<bikeapp:Resistance01>17</bikeapp:Resistance01>
<bikeapp:BikeTotalDistanceM>8156.0</bikeapp:BikeTotalDistanceM>
</Extensions>
</Trackpoint>
<Trackpoint>
<Time>2026-05-29T20:51:38.233Z</Time>
<DistanceMeters>7958.2</DistanceMeters>
<HeartRateBpm><Value>136</Value></HeartRateBpm>
<Cadence>76</Cadence>
<Extensions>
<ns3:TPX>
<ns3:Speed>7.983</ns3:Speed>
<ns3:Watts>211</ns3:Watts>
</ns3:TPX>
<bikeapp:Resistance01>17</bikeapp:Resistance01>
<bikeapp:BikeTotalDistanceM>8172.0</bikeapp:BikeTotalDistanceM>
</Extensions>
</Trackpoint>
<Trackpoint>
<Time>2026-05-29T20:51:39.720Z</Time>
<DistanceMeters>7970.1</DistanceMeters>
<HeartRateBpm><Value>136</Value></HeartRateBpm>
<Cadence>76</Cadence>
<Extensions>
<ns3:TPX>
<ns3:Speed>7.970</ns3:Speed>
<ns3:Watts>211</ns3:Watts>
</ns3:TPX>
<bikeapp:Resistance01>17</bikeapp:Resistance01>
<bikeapp:BikeTotalDistanceM>8179.0</bikeapp:BikeTotalDistanceM>
</Extensions>
</Trackpoint>
<Trackpoint>
<Time>2026-05-29T20:51:40.721Z</Time>
<DistanceMeters>7978.0</DistanceMeters>
<HeartRateBpm><Value>135</Value></HeartRateBpm>
<Cadence>75</Cadence>
<Extensions>
<ns3:TPX>
<ns3:Speed>7.943</ns3:Speed>
<ns3:Watts>207</ns3:Watts>
</ns3:TPX>
<bikeapp:Resistance01>17</bikeapp:Resistance01>
<bikeapp:BikeTotalDistanceM>8187.0</bikeapp:BikeTotalDistanceM>
</Extensions>
</Trackpoint>
<Trackpoint>
<Time>2026-05-29T20:51:42.208Z</Time>
<DistanceMeters>7989.8</DistanceMeters>
<HeartRateBpm><Value>135</Value></HeartRateBpm>
<Cadence>78</Cadence>
<Extensions>
<ns3:TPX>
<ns3:Speed>7.957</ns3:Speed>
<ns3:Watts>219</ns3:Watts>
</ns3:TPX>
<bikeapp:Resistance01>17</bikeapp:Resistance01>
<bikeapp:BikeTotalDistanceM>8203.0</bikeapp:BikeTotalDistanceM>
</Extensions>
</Trackpoint>
<Trackpoint>
<Time>2026-05-29T20:51:43.220Z</Time>
<DistanceMeters>7997.9</DistanceMeters>
<HeartRateBpm><Value>135</Value></HeartRateBpm>
<Cadence>78</Cadence>
<Extensions>
<ns3:TPX>
<ns3:Speed>8.003</ns3:Speed>
<ns3:Watts>219</ns3:Watts>
</ns3:TPX>
<bikeapp:Resistance01>17</bikeapp:Resistance01>
<bikeapp:BikeTotalDistanceM>8211.0</bikeapp:BikeTotalDistanceM>
</Extensions>
</Trackpoint>
<Trackpoint>
<Time>2026-05-29T20:51:44.221Z</Time>
<DistanceMeters>8006.0</DistanceMeters>
<HeartRateBpm><Value>135</Value></HeartRateBpm>
<Cadence>78</Cadence>
<Extensions>
<ns3:TPX>
<ns3:Speed>8.030</ns3:Speed>
<ns3:Watts>219</ns3:Watts>
</ns3:TPX>
<bikeapp:Resistance01>17</bikeapp:Resistance01>
<bikeapp:BikeTotalDistanceM>8219.0</bikeapp:BikeTotalDistanceM>
</Extensions>
</Trackpoint>
<Trackpoint>
<Time>2026-05-29T20:51:45.737Z</Time>
<DistanceMeters>8018.1</DistanceMeters>
<HeartRateBpm><Value>136</Value></HeartRateBpm>
<Cadence>76</Cadence>
<Extensions>
<ns3:TPX>
<ns3:Speed>8.008</ns3:Speed>
<ns3:Watts>211</ns3:Watts>
</ns3:TPX>
<bikeapp:Resistance01>17</bikeapp:Resistance01>
<bikeapp:BikeTotalDistanceM>8227.0</bikeapp:BikeTotalDistanceM>
</Extensions>
</Trackpoint>
<Trackpoint>
<Time>2026-05-29T20:51:47.220Z</Time>
<DistanceMeters>8030.0</DistanceMeters>
<HeartRateBpm><Value>136</Value></HeartRateBpm>
<Cadence>77</Cadence>
<Extensions>
<ns3:TPX>
<ns3:Speed>7.978</ns3:Speed>
<ns3:Watts>215</ns3:Watts>
</ns3:TPX>
<bikeapp:Resistance01>17</bikeapp:Resistance01>
<bikeapp:BikeTotalDistanceM>8243.0</bikeapp:BikeTotalDistanceM>
</Extensions>
</Trackpoint>
<Trackpoint>
<Time>2026-05-29T20:51:48.721Z</Time>
<DistanceMeters>8041.9</DistanceMeters>
<HeartRateBpm><Value>135</Value></HeartRateBpm>
<Cadence>77</Cadence>
<Extensions>
<ns3:TPX>
<ns3:Speed>7.998</ns3:Speed>
<ns3:Watts>215</ns3:Watts>
</ns3:TPX>
<bikeapp:Resistance01>17</bikeapp:Resistance01>
<bikeapp:BikeTotalDistanceM>8251.0</bikeapp:BikeTotalDistanceM>
</Extensions>
</Trackpoint>
<Trackpoint>
<Time>2026-05-29T20:51:50.220Z</Time>
<DistanceMeters>8053.9</DistanceMeters>
<HeartRateBpm><Value>135</Value></HeartRateBpm>
<Cadence>76</Cadence>
<Extensions>
<ns3:TPX>
<ns3:Speed>7.977</ns3:Speed>
<ns3:Watts>211</ns3:Watts>
</ns3:TPX>
<bikeapp:Resistance01>17</bikeapp:Resistance01>
<bikeapp:BikeTotalDistanceM>8267.0</bikeapp:BikeTotalDistanceM>
</Extensions>
</Trackpoint>
<Trackpoint>
<Time>2026-05-29T20:51:51.721Z</Time>
<DistanceMeters>8065.9</DistanceMeters>
<HeartRateBpm><Value>135</Value></HeartRateBpm>
<Cadence>77</Cadence>
<Extensions>
<ns3:TPX>
<ns3:Speed>7.990</ns3:Speed>
<ns3:Watts>215</ns3:Watts>
</ns3:TPX>
<bikeapp:Resistance01>17</bikeapp:Resistance01>
<bikeapp:BikeTotalDistanceM>8275.0</bikeapp:BikeTotalDistanceM>
</Extensions>
</Trackpoint>
<Trackpoint>
<Time>2026-05-29T20:51:53.220Z</Time>
<DistanceMeters>8077.9</DistanceMeters>
<HeartRateBpm><Value>134</Value></HeartRateBpm>
<Cadence>76</Cadence>
<Extensions>
<ns3:TPX>
<ns3:Speed>7.991</ns3:Speed>
<ns3:Watts>211</ns3:Watts>
</ns3:TPX>
<bikeapp:Resistance01>17</bikeapp:Resistance01>
<bikeapp:BikeTotalDistanceM>8290.0</bikeapp:BikeTotalDistanceM>
</Extensions>
</Trackpoint>
<Trackpoint>
<Time>2026-05-29T20:51:54.720Z</Time>
<DistanceMeters>8089.8</DistanceMeters>
<HeartRateBpm><Value>134</Value></HeartRateBpm>
<Cadence>76</Cadence>
<Extensions>
<ns3:TPX>
<ns3:Speed>7.974</ns3:Speed>
<ns3:Watts>211</ns3:Watts>
</ns3:TPX>
<bikeapp:Resistance01>17</bikeapp:Resistance01>
<bikeapp:BikeTotalDistanceM>8298.0</bikeapp:BikeTotalDistanceM>
</Extensions>
</Trackpoint>
<Trackpoint>
<Time>2026-05-29T20:51:56.220Z</Time>
<DistanceMeters>8101.8</DistanceMeters>
<HeartRateBpm><Value>134</Value></HeartRateBpm>
<Cadence>79</Cadence>
<Extensions>
<ns3:TPX>
<ns3:Speed>8.021</ns3:Speed>
<ns3:Watts>223</ns3:Watts>
</ns3:TPX>
<bikeapp:Resistance01>17</bikeapp:Resistance01>
<bikeapp:BikeTotalDistanceM>8314.0</bikeapp:BikeTotalDistanceM>
</Extensions>
</Trackpoint>
<Trackpoint>
<Time>2026-05-29T20:51:57.721Z</Time>
<DistanceMeters>8114.0</DistanceMeters>
<HeartRateBpm><Value>134</Value></HeartRateBpm>
<Cadence>80</Cadence>
<Extensions>
<ns3:TPX>
<ns3:Speed>8.105</ns3:Speed>
<ns3:Watts>228</ns3:Watts>
</ns3:TPX>
<bikeapp:Resistance01>17</bikeapp:Resistance01>
<bikeapp:BikeTotalDistanceM>8323.0</bikeapp:BikeTotalDistanceM>
</Extensions>
</Trackpoint>
<Trackpoint>
<Time>2026-05-29T20:51:59.221Z</Time>
<DistanceMeters>8126.1</DistanceMeters>
<HeartRateBpm><Value>134</Value></HeartRateBpm>
<Cadence>78</Cadence>
<Extensions>
<ns3:TPX>
<ns3:Speed>8.106</ns3:Speed>
<ns3:Watts>219</ns3:Watts>
</ns3:TPX>
<bikeapp:Resistance01>17</bikeapp:Resistance01>
<bikeapp:BikeTotalDistanceM>8339.0</bikeapp:BikeTotalDistanceM>
</Extensions>
</Trackpoint>
<Trackpoint>
<Time>2026-05-29T20:52:00.734Z</Time>
<DistanceMeters>8138.4</DistanceMeters>
<HeartRateBpm><Value>135</Value></HeartRateBpm>
<Cadence>77</Cadence>
<Extensions>
<ns3:TPX>
<ns3:Speed>8.066</ns3:Speed>
<ns3:Watts>215</ns3:Watts>
</ns3:TPX>
<bikeapp:Resistance01>17</bikeapp:Resistance01>
<bikeapp:BikeTotalDistanceM>8347.0</bikeapp:BikeTotalDistanceM>
</Extensions>
</Trackpoint>
<Trackpoint>
<Time>2026-05-29T20:52:02.221Z</Time>
<DistanceMeters>8150.4</DistanceMeters>
<HeartRateBpm><Value>135</Value></HeartRateBpm>
<Cadence>77</Cadence>
<Extensions>
<ns3:TPX>
<ns3:Speed>8.057</ns3:Speed>
<ns3:Watts>215</ns3:Watts>
</ns3:TPX>
<bikeapp:Resistance01>17</bikeapp:Resistance01>
<bikeapp:BikeTotalDistanceM>8363.0</bikeapp:BikeTotalDistanceM>
</Extensions>
</Trackpoint>
<Trackpoint>
<Time>2026-05-29T20:52:03.721Z</Time>
<DistanceMeters>8162.4</DistanceMeters>
<HeartRateBpm><Value>136</Value></HeartRateBpm>
<Cadence>77</Cadence>
<Extensions>
<ns3:TPX>
<ns3:Speed>8.036</ns3:Speed>
<ns3:Watts>215</ns3:Watts>
</ns3:TPX>
<bikeapp:Resistance01>17</bikeapp:Resistance01>
<bikeapp:BikeTotalDistanceM>8371.0</bikeapp:BikeTotalDistanceM>
</Extensions>
</Trackpoint>
<Trackpoint>
<Time>2026-05-29T20:52:05.220Z</Time>
<DistanceMeters>8174.4</DistanceMeters>
<HeartRateBpm><Value>137</Value></HeartRateBpm>
<Cadence>75</Cadence>
<Extensions>
<ns3:TPX>
<ns3:Speed>8.000</ns3:Speed>
<ns3:Watts>207</ns3:Watts>
</ns3:TPX>
<bikeapp:Resistance01>17</bikeapp:Resistance01>
<bikeapp:BikeTotalDistanceM>8387.0</bikeapp:BikeTotalDistanceM>
</Extensions>
</Trackpoint>
<Trackpoint>
<Time>2026-05-29T20:52:06.720Z</Time>
<DistanceMeters>8186.4</DistanceMeters>
<HeartRateBpm><Value>138</Value></HeartRateBpm>
<Cadence>75</Cadence>
<Extensions>
<ns3:TPX>
<ns3:Speed>7.947</ns3:Speed>
<ns3:Watts>207</ns3:Watts>
</ns3:TPX>
<bikeapp:Resistance01>17</bikeapp:Resistance01>
<bikeapp:BikeTotalDistanceM>8394.0</bikeapp:BikeTotalDistanceM>
</Extensions>
</Trackpoint>
<Trackpoint>
<Time>2026-05-29T20:52:08.220Z</Time>
<DistanceMeters>8198.3</DistanceMeters>
<HeartRateBpm><Value>139</Value></HeartRateBpm>
<Cadence>78</Cadence>
<Extensions>
<ns3:TPX>
<ns3:Speed>7.996</ns3:Speed>
<ns3:Watts>219</ns3:Watts>
</ns3:TPX>
<bikeapp:Resistance01>17</bikeapp:Resistance01>
<bikeapp:BikeTotalDistanceM>8411.0</bikeapp:BikeTotalDistanceM>
</Extensions>
</Trackpoint>
<Trackpoint>
<Time>2026-05-29T20:52:09.720Z</Time>
<DistanceMeters>8210.4</DistanceMeters>
<HeartRateBpm><Value>139</Value></HeartRateBpm>
<Cadence>78</Cadence>
<Extensions>
<ns3:TPX>
<ns3:Speed>8.037</ns3:Speed>
<ns3:Watts>219</ns3:Watts>
</ns3:TPX>
<bikeapp:Resistance01>17</bikeapp:Resistance01>
<bikeapp:BikeTotalDistanceM>8419.0</bikeapp:BikeTotalDistanceM>
</Extensions>
</Trackpoint>
<Trackpoint>
<Time>2026-05-29T20:52:11.221Z</Time>
<DistanceMeters>8222.4</DistanceMeters>
<HeartRateBpm><Value>139</Value></HeartRateBpm>
<Cadence>76</Cadence>
<Extensions>
<ns3:TPX>
<ns3:Speed>8.013</ns3:Speed>
<ns3:Watts>211</ns3:Watts>
</ns3:TPX>
<bikeapp:Resistance01>17</bikeapp:Resistance01>
<bikeapp:BikeTotalDistanceM>8434.0</bikeapp:BikeTotalDistanceM>
</Extensions>
</Trackpoint>
<Trackpoint>
<Time>2026-05-29T20:52:12.732Z</Time>
<DistanceMeters>8234.5</DistanceMeters>
<HeartRateBpm><Value>138</Value></HeartRateBpm>
<Cadence>77</Cadence>
<Extensions>
<ns3:TPX>
<ns3:Speed>8.007</ns3:Speed>
<ns3:Watts>215</ns3:Watts>
</ns3:TPX>
<bikeapp:Resistance01>17</bikeapp:Resistance01>
<bikeapp:BikeTotalDistanceM>8442.0</bikeapp:BikeTotalDistanceM>
</Extensions>
</Trackpoint>
<Trackpoint>
<Time>2026-05-29T20:52:14.221Z</Time>
<DistanceMeters>8246.5</DistanceMeters>
<HeartRateBpm><Value>137</Value></HeartRateBpm>
<Cadence>77</Cadence>
<Extensions>
<ns3:TPX>
<ns3:Speed>8.029</ns3:Speed>
<ns3:Watts>215</ns3:Watts>
</ns3:TPX>
<bikeapp:Resistance01>17</bikeapp:Resistance01>
<bikeapp:BikeTotalDistanceM>8458.0</bikeapp:BikeTotalDistanceM>
</Extensions>
</Trackpoint>
<Trackpoint>
<Time>2026-05-29T20:52:15.724Z</Time>
<DistanceMeters>8258.5</DistanceMeters>
<HeartRateBpm><Value>135</Value></HeartRateBpm>
<Cadence>77</Cadence>
<Extensions>
<ns3:TPX>
<ns3:Speed>8.022</ns3:Speed>
<ns3:Watts>215</ns3:Watts>
</ns3:TPX>
<bikeapp:Resistance01>17</bikeapp:Resistance01>
<bikeapp:BikeTotalDistanceM>8466.0</bikeapp:BikeTotalDistanceM>
</Extensions>
</Trackpoint>
<Trackpoint>
<Time>2026-05-29T20:52:17.221Z</Time>
<DistanceMeters>8270.6</DistanceMeters>
<HeartRateBpm><Value>136</Value></HeartRateBpm>
<Cadence>78</Cadence>
<Extensions>
<ns3:TPX>
<ns3:Speed>8.049</ns3:Speed>
<ns3:Watts>219</ns3:Watts>
</ns3:TPX>
<bikeapp:Resistance01>17</bikeapp:Resistance01>
<bikeapp:BikeTotalDistanceM>8483.0</bikeapp:BikeTotalDistanceM>
</Extensions>
</Trackpoint>
<Trackpoint>
<Time>2026-05-29T20:52:18.721Z</Time>
<DistanceMeters>8282.7</DistanceMeters>
<HeartRateBpm><Value>136</Value></HeartRateBpm>
<Cadence>78</Cadence>
<Extensions>
<ns3:TPX>
<ns3:Speed>8.062</ns3:Speed>
<ns3:Watts>219</ns3:Watts>
</ns3:TPX>
<bikeapp:Resistance01>17</bikeapp:Resistance01>
<bikeapp:BikeTotalDistanceM>8491.0</bikeapp:BikeTotalDistanceM>
</Extensions>
</Trackpoint>
<Trackpoint>
<Time>2026-05-29T20:52:20.221Z</Time>
<DistanceMeters>8294.7</DistanceMeters>
<HeartRateBpm><Value>136</Value></HeartRateBpm>
<Cadence>77</Cadence>
<Extensions>
<ns3:TPX>
<ns3:Speed>8.038</ns3:Speed>
<ns3:Watts>215</ns3:Watts>
</ns3:TPX>
<bikeapp:Resistance01>17</bikeapp:Resistance01>
<bikeapp:BikeTotalDistanceM>8507.0</bikeapp:BikeTotalDistanceM>
</Extensions>
</Trackpoint>
<Trackpoint>
<Time>2026-05-29T20:52:21.720Z</Time>
<DistanceMeters>8306.8</DistanceMeters>
<HeartRateBpm><Value>137</Value></HeartRateBpm>
<Cadence>78</Cadence>
<Extensions>
<ns3:TPX>
<ns3:Speed>8.049</ns3:Speed>
<ns3:Watts>219</ns3:Watts>
</ns3:TPX>
<bikeapp:Resistance01>17</bikeapp:Resistance01>
<bikeapp:BikeTotalDistanceM>8515.0</bikeapp:BikeTotalDistanceM>
</Extensions>
</Trackpoint>
<Trackpoint>
<Time>2026-05-29T20:52:23.234Z</Time>
<DistanceMeters>8319.0</DistanceMeters>
<HeartRateBpm><Value>138</Value></HeartRateBpm>
<Cadence>78</Cadence>
<Extensions>
<ns3:TPX>
<ns3:Speed>8.062</ns3:Speed>
<ns3:Watts>219</ns3:Watts>
</ns3:TPX>
<bikeapp:Resistance01>17</bikeapp:Resistance01>
<bikeapp:BikeTotalDistanceM>8531.0</bikeapp:BikeTotalDistanceM>
</Extensions>
</Trackpoint>
<Trackpoint>
<Time>2026-05-29T20:52:24.721Z</Time>
<DistanceMeters>8331.0</DistanceMeters>
<HeartRateBpm><Value>136</Value></HeartRateBpm>
<Cadence>78</Cadence>
<Extensions>
<ns3:TPX>
<ns3:Speed>8.068</ns3:Speed>
<ns3:Watts>219</ns3:Watts>
</ns3:TPX>
<bikeapp:Resistance01>17</bikeapp:Resistance01>
<bikeapp:BikeTotalDistanceM>8539.0</bikeapp:BikeTotalDistanceM>
</Extensions>
</Trackpoint>
<Trackpoint>
<Time>2026-05-29T20:52:26.221Z</Time>
<DistanceMeters>8343.1</DistanceMeters>
<HeartRateBpm><Value>136</Value></HeartRateBpm>
<Cadence>76</Cadence>
<Extensions>
<ns3:TPX>
<ns3:Speed>8.062</ns3:Speed>
<ns3:Watts>211</ns3:Watts>
</ns3:TPX>
<bikeapp:Resistance01>17</bikeapp:Resistance01>
<bikeapp:BikeTotalDistanceM>8555.0</bikeapp:BikeTotalDistanceM>
</Extensions>
</Trackpoint>
<Trackpoint>
<Time>2026-05-29T20:52:27.721Z</Time>
<DistanceMeters>8355.1</DistanceMeters>
<HeartRateBpm><Value>135</Value></HeartRateBpm>
<Cadence>76</Cadence>
<Extensions>
<ns3:TPX>
<ns3:Speed>8.008</ns3:Speed>
<ns3:Watts>211</ns3:Watts>
</ns3:TPX>
<bikeapp:Resistance01>17</bikeapp:Resistance01>
<bikeapp:BikeTotalDistanceM>8563.0</bikeapp:BikeTotalDistanceM>
</Extensions>
</Trackpoint>
<Trackpoint>
<Time>2026-05-29T20:52:29.208Z</Time>
<DistanceMeters>8367.0</DistanceMeters>
<HeartRateBpm><Value>134</Value></HeartRateBpm>
<Cadence>77</Cadence>
<Extensions>
<ns3:TPX>
<ns3:Speed>7.995</ns3:Speed>
<ns3:Watts>215</ns3:Watts>
</ns3:TPX>
<bikeapp:Resistance01>17</bikeapp:Resistance01>
<bikeapp:BikeTotalDistanceM>8579.0</bikeapp:BikeTotalDistanceM>
</Extensions>
</Trackpoint>
<Trackpoint>
<Time>2026-05-29T20:52:30.708Z</Time>
<DistanceMeters>8379.0</DistanceMeters>
<HeartRateBpm><Value>135</Value></HeartRateBpm>
<Cadence>77</Cadence>
<Extensions>
<ns3:TPX>
<ns3:Speed>8.006</ns3:Speed>
<ns3:Watts>215</ns3:Watts>
</ns3:TPX>
<bikeapp:Resistance01>17</bikeapp:Resistance01>
<bikeapp:BikeTotalDistanceM>8587.0</bikeapp:BikeTotalDistanceM>
</Extensions>
</Trackpoint>
<Trackpoint>
<Time>2026-05-29T20:52:31.709Z</Time>
<DistanceMeters>8387.1</DistanceMeters>
<HeartRateBpm><Value>135</Value></HeartRateBpm>
<Cadence>78</Cadence>
<Extensions>
<ns3:TPX>
<ns3:Speed>8.032</ns3:Speed>
<ns3:Watts>219</ns3:Watts>
</ns3:TPX>
<bikeapp:Resistance01>17</bikeapp:Resistance01>
<bikeapp:BikeTotalDistanceM>8595.0</bikeapp:BikeTotalDistanceM>
</Extensions>
</Trackpoint>
<Trackpoint>
<Time>2026-05-29T20:52:33.209Z</Time>
<DistanceMeters>8399.1</DistanceMeters>
<HeartRateBpm><Value>136</Value></HeartRateBpm>
<Cadence>77</Cadence>
<Extensions>
<ns3:TPX>
<ns3:Speed>8.041</ns3:Speed>
<ns3:Watts>215</ns3:Watts>
</ns3:TPX>
<bikeapp:Resistance01>17</bikeapp:Resistance01>
<bikeapp:BikeTotalDistanceM>8611.0</bikeapp:BikeTotalDistanceM>
</Extensions>
</Trackpoint>
<Trackpoint>
<Time>2026-05-29T20:52:34.708Z</Time>
<DistanceMeters>8411.1</DistanceMeters>
<HeartRateBpm><Value>135</Value></HeartRateBpm>
<Cadence>76</Cadence>
<Extensions>
<ns3:TPX>
<ns3:Speed>8.006</ns3:Speed>
<ns3:Watts>211</ns3:Watts>
</ns3:TPX>
<bikeapp:Resistance01>17</bikeapp:Resistance01>
<bikeapp:BikeTotalDistanceM>8619.0</bikeapp:BikeTotalDistanceM>
</Extensions>
</Trackpoint>
<Trackpoint>
<Time>2026-05-29T20:52:35.708Z</Time>
<DistanceMeters>8419.1</DistanceMeters>
<HeartRateBpm><Value>135</Value></HeartRateBpm>
<Cadence>74</Cadence>
<Extensions>
<ns3:TPX>
<ns3:Speed>7.936</ns3:Speed>
<ns3:Watts>202</ns3:Watts>
</ns3:TPX>
<bikeapp:Resistance01>17</bikeapp:Resistance01>
<bikeapp:BikeTotalDistanceM>8626.0</bikeapp:BikeTotalDistanceM>
</Extensions>
</Trackpoint>
<Trackpoint>
<Time>2026-05-29T20:52:37.221Z</Time>
<DistanceMeters>8431.0</DistanceMeters>
<HeartRateBpm><Value>134</Value></HeartRateBpm>
<Cadence>76</Cadence>
<Extensions>
<ns3:TPX>
<ns3:Speed>7.889</ns3:Speed>
<ns3:Watts>211</ns3:Watts>
</ns3:TPX>
<bikeapp:Resistance01>17</bikeapp:Resistance01>
<bikeapp:BikeTotalDistanceM>8642.0</bikeapp:BikeTotalDistanceM>
</Extensions>
</Trackpoint>
<Trackpoint>
<Time>2026-05-29T20:52:38.733Z</Time>
<DistanceMeters>8443.0</DistanceMeters>
<HeartRateBpm><Value>134</Value></HeartRateBpm>
<Cadence>78</Cadence>
<Extensions>
<ns3:TPX>
<ns3:Speed>7.970</ns3:Speed>
<ns3:Watts>219</ns3:Watts>
</ns3:TPX>
<bikeapp:Resistance01>17</bikeapp:Resistance01>
<bikeapp:BikeTotalDistanceM>8650.0</bikeapp:BikeTotalDistanceM>
</Extensions>
</Trackpoint>
<Trackpoint>
<Time>2026-05-29T20:52:40.221Z</Time>
<DistanceMeters>8455.0</DistanceMeters>
<HeartRateBpm><Value>134</Value></HeartRateBpm>
<Cadence>78</Cadence>
<Extensions>
<ns3:TPX>
<ns3:Speed>8.062</ns3:Speed>
<ns3:Watts>219</ns3:Watts>
</ns3:TPX>
<bikeapp:Resistance01>17</bikeapp:Resistance01>
<bikeapp:BikeTotalDistanceM>8666.0</bikeapp:BikeTotalDistanceM>
</Extensions>
</Trackpoint>
<Trackpoint>
<Time>2026-05-29T20:52:41.721Z</Time>
<DistanceMeters>8467.1</DistanceMeters>
<HeartRateBpm><Value>135</Value></HeartRateBpm>
<Cadence>78</Cadence>
<Extensions>
<ns3:TPX>
<ns3:Speed>8.068</ns3:Speed>
<ns3:Watts>219</ns3:Watts>
</ns3:TPX>
<bikeapp:Resistance01>17</bikeapp:Resistance01>
<bikeapp:BikeTotalDistanceM>8674.0</bikeapp:BikeTotalDistanceM>
</Extensions>
</Trackpoint>
<Trackpoint>
<Time>2026-05-29T20:52:43.233Z</Time>
<DistanceMeters>8479.3</DistanceMeters>
<HeartRateBpm><Value>135</Value></HeartRateBpm>
<Cadence>77</Cadence>
<Extensions>
<ns3:TPX>
<ns3:Speed>8.041</ns3:Speed>
<ns3:Watts>215</ns3:Watts>
</ns3:TPX>
<bikeapp:Resistance01>17</bikeapp:Resistance01>
<bikeapp:BikeTotalDistanceM>8690.0</bikeapp:BikeTotalDistanceM>
</Extensions>
</Trackpoint>
<Trackpoint>
<Time>2026-05-29T20:52:44.734Z</Time>
<DistanceMeters>8491.3</DistanceMeters>
<HeartRateBpm><Value>135</Value></HeartRateBpm>
<Cadence>77</Cadence>
<Extensions>
<ns3:TPX>
<ns3:Speed>8.028</ns3:Speed>
<ns3:Watts>215</ns3:Watts>
</ns3:TPX>
<bikeapp:Resistance01>17</bikeapp:Resistance01>
<bikeapp:BikeTotalDistanceM>8698.0</bikeapp:BikeTotalDistanceM>
</Extensions>
</Trackpoint>
<Trackpoint>
<Time>2026-05-29T20:52:46.221Z</Time>
<DistanceMeters>8503.2</DistanceMeters>
<HeartRateBpm><Value>134</Value></HeartRateBpm>
<Cadence>75</Cadence>
<Extensions>
<ns3:TPX>
<ns3:Speed>7.997</ns3:Speed>
<ns3:Watts>207</ns3:Watts>
</ns3:TPX>
<bikeapp:Resistance01>17</bikeapp:Resistance01>
<bikeapp:BikeTotalDistanceM>8714.0</bikeapp:BikeTotalDistanceM>
</Extensions>
</Trackpoint>
<Trackpoint>
<Time>2026-05-29T20:52:47.721Z</Time>
<DistanceMeters>8515.2</DistanceMeters>
<HeartRateBpm><Value>134</Value></HeartRateBpm>
<Cadence>74</Cadence>
<Extensions>
<ns3:TPX>
<ns3:Speed>7.917</ns3:Speed>
<ns3:Watts>202</ns3:Watts>
</ns3:TPX>
<bikeapp:Resistance01>17</bikeapp:Resistance01>
<bikeapp:BikeTotalDistanceM>8722.0</bikeapp:BikeTotalDistanceM>
</Extensions>
</Trackpoint>
<Trackpoint>
<Time>2026-05-29T20:52:48.721Z</Time>
<DistanceMeters>8523.1</DistanceMeters>
<HeartRateBpm><Value>134</Value></HeartRateBpm>
<Cadence>74</Cadence>
<Extensions>
<ns3:TPX>
<ns3:Speed>7.881</ns3:Speed>
<ns3:Watts>202</ns3:Watts>
</ns3:TPX>
<bikeapp:Resistance01>17</bikeapp:Resistance01>
<bikeapp:BikeTotalDistanceM>8729.0</bikeapp:BikeTotalDistanceM>
</Extensions>
</Trackpoint>
<Trackpoint>
<Time>2026-05-29T20:52:49.722Z</Time>
<DistanceMeters>8530.9</DistanceMeters>
<HeartRateBpm><Value>134</Value></HeartRateBpm>
<Cadence>74</Cadence>
<Extensions>
<ns3:TPX>
<ns3:Speed>7.859</ns3:Speed>
<ns3:Watts>202</ns3:Watts>
</ns3:TPX>
<bikeapp:Resistance01>17</bikeapp:Resistance01>
<bikeapp:BikeTotalDistanceM>8737.0</bikeapp:BikeTotalDistanceM>
</Extensions>
</Trackpoint>
<Trackpoint>
<Time>2026-05-29T20:52:51.221Z</Time>
<DistanceMeters>8542.7</DistanceMeters>
<HeartRateBpm><Value>134</Value></HeartRateBpm>
<Cadence>74</Cadence>
<Extensions>
<ns3:TPX>
<ns3:Speed>7.841</ns3:Speed>
<ns3:Watts>202</ns3:Watts>
</ns3:TPX>
<bikeapp:Resistance01>17</bikeapp:Resistance01>
<bikeapp:BikeTotalDistanceM>8752.0</bikeapp:BikeTotalDistanceM>
</Extensions>
</Trackpoint>
<Trackpoint>
<Time>2026-05-29T20:52:52.221Z</Time>
<DistanceMeters>8550.5</DistanceMeters>
<HeartRateBpm><Value>135</Value></HeartRateBpm>
<Cadence>73</Cadence>
<Extensions>
<ns3:TPX>
<ns3:Speed>7.821</ns3:Speed>
<ns3:Watts>198</ns3:Watts>
</ns3:TPX>
<bikeapp:Resistance01>17</bikeapp:Resistance01>
<bikeapp:BikeTotalDistanceM>8760.0</bikeapp:BikeTotalDistanceM>
</Extensions>
</Trackpoint>
<Trackpoint>
<Time>2026-05-29T20:52:53.721Z</Time>
<DistanceMeters>8562.2</DistanceMeters>
<HeartRateBpm><Value>136</Value></HeartRateBpm>
<Cadence>73</Cadence>
<Extensions>
<ns3:TPX>
<ns3:Speed>7.791</ns3:Speed>
<ns3:Watts>198</ns3:Watts>
</ns3:TPX>
<bikeapp:Resistance01>17</bikeapp:Resistance01>
<bikeapp:BikeTotalDistanceM>8767.0</bikeapp:BikeTotalDistanceM>
</Extensions>
</Trackpoint>
<Trackpoint>
<Time>2026-05-29T20:52:54.733Z</Time>
<DistanceMeters>8570.1</DistanceMeters>
<HeartRateBpm><Value>136</Value></HeartRateBpm>
<Cadence>73</Cadence>
<Extensions>
<ns3:TPX>
<ns3:Speed>7.781</ns3:Speed>
<ns3:Watts>198</ns3:Watts>
</ns3:TPX>
<bikeapp:Resistance01>17</bikeapp:Resistance01>
<bikeapp:BikeTotalDistanceM>8775.0</bikeapp:BikeTotalDistanceM>
</Extensions>
</Trackpoint>
<Trackpoint>
<Time>2026-05-29T20:52:56.220Z</Time>
<DistanceMeters>8581.7</DistanceMeters>
<HeartRateBpm><Value>136</Value></HeartRateBpm>
<Cadence>74</Cadence>
<Extensions>
<ns3:TPX>
<ns3:Speed>7.785</ns3:Speed>
<ns3:Watts>202</ns3:Watts>
</ns3:TPX>
<bikeapp:Resistance01>17</bikeapp:Resistance01>
<bikeapp:BikeTotalDistanceM>8790.0</bikeapp:BikeTotalDistanceM>
</Extensions>
</Trackpoint>
<Trackpoint>
<Time>2026-05-29T20:52:57.221Z</Time>
<DistanceMeters>8589.5</DistanceMeters>
<HeartRateBpm><Value>135</Value></HeartRateBpm>
<Cadence>74</Cadence>
<Extensions>
<ns3:TPX>
<ns3:Speed>7.800</ns3:Speed>
<ns3:Watts>202</ns3:Watts>
</ns3:TPX>
<bikeapp:Resistance01>17</bikeapp:Resistance01>
<bikeapp:BikeTotalDistanceM>8798.0</bikeapp:BikeTotalDistanceM>
</Extensions>
</Trackpoint>
<Trackpoint>
<Time>2026-05-29T20:52:58.721Z</Time>
<DistanceMeters>8601.2</DistanceMeters>
<HeartRateBpm><Value>135</Value></HeartRateBpm>
<Cadence>73</Cadence>
<Extensions>
<ns3:TPX>
<ns3:Speed>7.789</ns3:Speed>
<ns3:Watts>198</ns3:Watts>
</ns3:TPX>
<bikeapp:Resistance01>17</bikeapp:Resistance01>
<bikeapp:BikeTotalDistanceM>8805.0</bikeapp:BikeTotalDistanceM>
</Extensions>
</Trackpoint>
<Trackpoint>
<Time>2026-05-29T20:52:59.721Z</Time>
<DistanceMeters>8608.9</DistanceMeters>
<HeartRateBpm><Value>135</Value></HeartRateBpm>
<Cadence>73</Cadence>
<Extensions>
<ns3:TPX>
<ns3:Speed>7.779</ns3:Speed>
<ns3:Watts>198</ns3:Watts>
</ns3:TPX>
<bikeapp:Resistance01>17</bikeapp:Resistance01>
<bikeapp:BikeTotalDistanceM>8813.0</bikeapp:BikeTotalDistanceM>
</Extensions>
</Trackpoint>
<Trackpoint>
<Time>2026-05-29T20:53:00.733Z</Time>
<DistanceMeters>8616.8</DistanceMeters>
<HeartRateBpm><Value>135</Value></HeartRateBpm>
<Cadence>73</Cadence>
<Extensions>
<ns3:TPX>
<ns3:Speed>7.773</ns3:Speed>
<ns3:Watts>198</ns3:Watts>
</ns3:TPX>
<bikeapp:Resistance01>17</bikeapp:Resistance01>
<bikeapp:BikeTotalDistanceM>8821.0</bikeapp:BikeTotalDistanceM>
</Extensions>
</Trackpoint>
<Trackpoint>
<Time>2026-05-29T20:53:02.222Z</Time>
<DistanceMeters>8628.5</DistanceMeters>
<HeartRateBpm><Value>136</Value></HeartRateBpm>
<Cadence>75</Cadence>
<Extensions>
<ns3:TPX>
<ns3:Speed>7.839</ns3:Speed>
<ns3:Watts>207</ns3:Watts>
</ns3:TPX>
<bikeapp:Resistance01>17</bikeapp:Resistance01>
<bikeapp:BikeTotalDistanceM>8836.0</bikeapp:BikeTotalDistanceM>
</Extensions>
</Trackpoint>
<Trackpoint>
<Time>2026-05-29T20:53:03.722Z</Time>
<DistanceMeters>8640.2</DistanceMeters>
<HeartRateBpm><Value>136</Value></HeartRateBpm>
<Cadence>73</Cadence>
<Extensions>
<ns3:TPX>
<ns3:Speed>7.818</ns3:Speed>
<ns3:Watts>198</ns3:Watts>
</ns3:TPX>
<bikeapp:Resistance01>17</bikeapp:Resistance01>
<bikeapp:BikeTotalDistanceM>8844.0</bikeapp:BikeTotalDistanceM>
</Extensions>
</Trackpoint>
<Trackpoint>
<Time>2026-05-29T20:53:05.221Z</Time>
<DistanceMeters>8651.9</DistanceMeters>
<HeartRateBpm><Value>137</Value></HeartRateBpm>
<Cadence>72</Cadence>
<Extensions>
<ns3:TPX>
<ns3:Speed>7.757</ns3:Speed>
<ns3:Watts>194</ns3:Watts>
</ns3:TPX>
<bikeapp:Resistance01>17</bikeapp:Resistance01>
<bikeapp:BikeTotalDistanceM>8859.0</bikeapp:BikeTotalDistanceM>
</Extensions>
</Trackpoint>
<Trackpoint>
<Time>2026-05-29T20:53:06.221Z</Time>
<DistanceMeters>8659.6</DistanceMeters>
<HeartRateBpm><Value>137</Value></HeartRateBpm>
<Cadence>74</Cadence>
<Extensions>
<ns3:TPX>
<ns3:Speed>7.763</ns3:Speed>
<ns3:Watts>202</ns3:Watts>
</ns3:TPX>
<bikeapp:Resistance01>17</bikeapp:Resistance01>
<bikeapp:BikeTotalDistanceM>8866.0</bikeapp:BikeTotalDistanceM>
</Extensions>
</Trackpoint>
<Trackpoint>
<Time>2026-05-29T20:53:07.721Z</Time>
<DistanceMeters>8671.3</DistanceMeters>
<HeartRateBpm><Value>137</Value></HeartRateBpm>
<Cadence>74</Cadence>
<Extensions>
<ns3:TPX>
<ns3:Speed>7.795</ns3:Speed>
<ns3:Watts>202</ns3:Watts>
</ns3:TPX>
<bikeapp:Resistance01>17</bikeapp:Resistance01>
<bikeapp:BikeTotalDistanceM>8874.0</bikeapp:BikeTotalDistanceM>
</Extensions>
</Trackpoint>
<Trackpoint>
<Time>2026-05-29T20:53:08.722Z</Time>
<DistanceMeters>8679.1</DistanceMeters>
<HeartRateBpm><Value>136</Value></HeartRateBpm>
<Cadence>75</Cadence>
<Extensions>
<ns3:TPX>
<ns3:Speed>7.835</ns3:Speed>
<ns3:Watts>207</ns3:Watts>
</ns3:TPX>
<bikeapp:Resistance01>17</bikeapp:Resistance01>
<bikeapp:BikeTotalDistanceM>8882.0</bikeapp:BikeTotalDistanceM>
</Extensions>
</Trackpoint>
<Trackpoint>
<Time>2026-05-29T20:53:10.234Z</Time>
<DistanceMeters>8691.0</DistanceMeters>
<HeartRateBpm><Value>136</Value></HeartRateBpm>
<Cadence>73</Cadence>
<Extensions>
<ns3:TPX>
<ns3:Speed>7.856</ns3:Speed>
<ns3:Watts>198</ns3:Watts>
</ns3:TPX>
<bikeapp:Resistance01>17</bikeapp:Resistance01>
<bikeapp:BikeTotalDistanceM>8897.0</bikeapp:BikeTotalDistanceM>
</Extensions>
</Trackpoint>
<Trackpoint>
<Time>2026-05-29T20:53:11.721Z</Time>
<DistanceMeters>8702.7</DistanceMeters>
<HeartRateBpm><Value>136</Value></HeartRateBpm>
<Cadence>73</Cadence>
<Extensions>
<ns3:TPX>
<ns3:Speed>7.808</ns3:Speed>
<ns3:Watts>198</ns3:Watts>
</ns3:TPX>
<bikeapp:Resistance01>17</bikeapp:Resistance01>
<bikeapp:BikeTotalDistanceM>8905.0</bikeapp:BikeTotalDistanceM>
</Extensions>
</Trackpoint>
<Trackpoint>
<Time>2026-05-29T20:53:12.721Z</Time>
<DistanceMeters>8710.4</DistanceMeters>
<HeartRateBpm><Value>136</Value></HeartRateBpm>
<Cadence>73</Cadence>
<Extensions>
<ns3:TPX>
<ns3:Speed>7.791</ns3:Speed>
<ns3:Watts>198</ns3:Watts>
</ns3:TPX>
<bikeapp:Resistance01>17</bikeapp:Resistance01>
<bikeapp:BikeTotalDistanceM>8912.0</bikeapp:BikeTotalDistanceM>
</Extensions>
</Trackpoint>
<Trackpoint>
<Time>2026-05-29T20:53:14.222Z</Time>
<DistanceMeters>8722.2</DistanceMeters>
<HeartRateBpm><Value>136</Value></HeartRateBpm>
<Cadence>73</Cadence>
<Extensions>
<ns3:TPX>
<ns3:Speed>7.795</ns3:Speed>
<ns3:Watts>198</ns3:Watts>
</ns3:TPX>
<bikeapp:Resistance01>17</bikeapp:Resistance01>
<bikeapp:BikeTotalDistanceM>8927.0</bikeapp:BikeTotalDistanceM>
</Extensions>
</Trackpoint>
<Trackpoint>
<Time>2026-05-29T20:53:15.722Z</Time>
<DistanceMeters>8733.8</DistanceMeters>
<HeartRateBpm><Value>136</Value></HeartRateBpm>
<Cadence>73</Cadence>
<Extensions>
<ns3:TPX>
<ns3:Speed>7.779</ns3:Speed>
<ns3:Watts>198</ns3:Watts>
</ns3:TPX>
<bikeapp:Resistance01>17</bikeapp:Resistance01>
<bikeapp:BikeTotalDistanceM>8935.0</bikeapp:BikeTotalDistanceM>
</Extensions>
</Trackpoint>
<Trackpoint>
<Time>2026-05-29T20:53:16.733Z</Time>
<DistanceMeters>8741.7</DistanceMeters>
<HeartRateBpm><Value>136</Value></HeartRateBpm>
<Cadence>72</Cadence>
<Extensions>
<ns3:TPX>
<ns3:Speed>7.749</ns3:Speed>
<ns3:Watts>194</ns3:Watts>
</ns3:TPX>
<bikeapp:Resistance01>17</bikeapp:Resistance01>
<bikeapp:BikeTotalDistanceM>8942.0</bikeapp:BikeTotalDistanceM>
</Extensions>
</Trackpoint>
<Trackpoint>
<Time>2026-05-29T20:53:18.224Z</Time>
<DistanceMeters>8753.2</DistanceMeters>
<HeartRateBpm><Value>136</Value></HeartRateBpm>
<Cadence>72</Cadence>
<Extensions>
<ns3:TPX>
<ns3:Speed>7.724</ns3:Speed>
<ns3:Watts>194</ns3:Watts>
</ns3:TPX>
<bikeapp:Resistance01>17</bikeapp:Resistance01>
<bikeapp:BikeTotalDistanceM>8957.0</bikeapp:BikeTotalDistanceM>
</Extensions>
</Trackpoint>
<Trackpoint>
<Time>2026-05-29T20:53:19.722Z</Time>
<DistanceMeters>8764.8</DistanceMeters>
<HeartRateBpm><Value>136</Value></HeartRateBpm>
<Cadence>72</Cadence>
<Extensions>
<ns3:TPX>
<ns3:Speed>7.713</ns3:Speed>
<ns3:Watts>194</ns3:Watts>
</ns3:TPX>
<bikeapp:Resistance01>17</bikeapp:Resistance01>
<bikeapp:BikeTotalDistanceM>8965.0</bikeapp:BikeTotalDistanceM>
</Extensions>
</Trackpoint>
<Trackpoint>
<Time>2026-05-29T20:53:21.222Z</Time>
<DistanceMeters>8776.3</DistanceMeters>
<HeartRateBpm><Value>136</Value></HeartRateBpm>
<Cadence>73</Cadence>
<Extensions>
<ns3:TPX>
<ns3:Speed>7.721</ns3:Speed>
<ns3:Watts>198</ns3:Watts>
</ns3:TPX>
<bikeapp:Resistance01>17</bikeapp:Resistance01>
<bikeapp:BikeTotalDistanceM>8980.0</bikeapp:BikeTotalDistanceM>
</Extensions>
</Trackpoint>
<Trackpoint>
<Time>2026-05-29T20:53:22.222Z</Time>
<DistanceMeters>8784.1</DistanceMeters>
<HeartRateBpm><Value>136</Value></HeartRateBpm>
<Cadence>74</Cadence>
<Extensions>
<ns3:TPX>
<ns3:Speed>7.751</ns3:Speed>
<ns3:Watts>202</ns3:Watts>
</ns3:TPX>
<bikeapp:Resistance01>17</bikeapp:Resistance01>
<bikeapp:BikeTotalDistanceM>8987.0</bikeapp:BikeTotalDistanceM>
</Extensions>
</Trackpoint>
<Trackpoint>
<Time>2026-05-29T20:53:23.721Z</Time>
<DistanceMeters>8795.7</DistanceMeters>
<HeartRateBpm><Value>136</Value></HeartRateBpm>
<Cadence>73</Cadence>
<Extensions>
<ns3:TPX>
<ns3:Speed>7.765</ns3:Speed>
<ns3:Watts>198</ns3:Watts>
</ns3:TPX>
<bikeapp:Resistance01>17</bikeapp:Resistance01>
<bikeapp:BikeTotalDistanceM>8995.0</bikeapp:BikeTotalDistanceM>
</Extensions>
</Trackpoint>
<Trackpoint>
<Time>2026-05-29T20:53:24.721Z</Time>
<DistanceMeters>8803.4</DistanceMeters>
<HeartRateBpm><Value>136</Value></HeartRateBpm>
<Cadence>71</Cadence>
<Extensions>
<ns3:TPX>
<ns3:Speed>7.717</ns3:Speed>
<ns3:Watts>190</ns3:Watts>
</ns3:TPX>
<bikeapp:Resistance01>17</bikeapp:Resistance01>
<bikeapp:BikeTotalDistanceM>9002.0</bikeapp:BikeTotalDistanceM>
</Extensions>
</Trackpoint>
<Trackpoint>
<Time>2026-05-29T20:53:25.721Z</Time>
<DistanceMeters>8811.1</DistanceMeters>
<HeartRateBpm><Value>136</Value></HeartRateBpm>
<Cadence>72</Cadence>
<Extensions>
<ns3:TPX>
<ns3:Speed>7.711</ns3:Speed>
<ns3:Watts>194</ns3:Watts>
</ns3:TPX>
<bikeapp:Resistance01>17</bikeapp:Resistance01>
<bikeapp:BikeTotalDistanceM>9010.0</bikeapp:BikeTotalDistanceM>
</Extensions>
</Trackpoint>
<Trackpoint>
<Time>2026-05-29T20:53:26.722Z</Time>
<DistanceMeters>8818.9</DistanceMeters>
<HeartRateBpm><Value>136</Value></HeartRateBpm>
<Cadence>72</Cadence>
<Extensions>
<ns3:TPX>
<ns3:Speed>7.707</ns3:Speed>
<ns3:Watts>194</ns3:Watts>
</ns3:TPX>
<bikeapp:Resistance01>17</bikeapp:Resistance01>
<bikeapp:BikeTotalDistanceM>9017.0</bikeapp:BikeTotalDistanceM>
</Extensions>
</Trackpoint>
<Trackpoint>
<Time>2026-05-29T20:53:28.221Z</Time>
<DistanceMeters>8830.4</DistanceMeters>
<HeartRateBpm><Value>136</Value></HeartRateBpm>
<Cadence>72</Cadence>
<Extensions>
<ns3:TPX>
<ns3:Speed>7.686</ns3:Speed>
<ns3:Watts>194</ns3:Watts>
</ns3:TPX>
<bikeapp:Resistance01>17</bikeapp:Resistance01>
<bikeapp:BikeTotalDistanceM>9032.0</bikeapp:BikeTotalDistanceM>
</Extensions>
</Trackpoint>
<Trackpoint>
<Time>2026-05-29T20:53:29.221Z</Time>
<DistanceMeters>8838.1</DistanceMeters>
<HeartRateBpm><Value>136</Value></HeartRateBpm>
<Cadence>73</Cadence>
<Extensions>
<ns3:TPX>
<ns3:Speed>7.705</ns3:Speed>
<ns3:Watts>198</ns3:Watts>
</ns3:TPX>
<bikeapp:Resistance01>17</bikeapp:Resistance01>
<bikeapp:BikeTotalDistanceM>9040.0</bikeapp:BikeTotalDistanceM>
</Extensions>
</Trackpoint>
<Trackpoint>
<Time>2026-05-29T20:53:30.721Z</Time>
<DistanceMeters>8849.7</DistanceMeters>
<HeartRateBpm><Value>136</Value></HeartRateBpm>
<Cadence>72</Cadence>
<Extensions>
<ns3:TPX>
<ns3:Speed>7.712</ns3:Speed>
<ns3:Watts>194</ns3:Watts>
</ns3:TPX>
<bikeapp:Resistance01>17</bikeapp:Resistance01>
<bikeapp:BikeTotalDistanceM>9047.0</bikeapp:BikeTotalDistanceM>
</Extensions>
</Trackpoint>
<Trackpoint>
<Time>2026-05-29T20:53:31.722Z</Time>
<DistanceMeters>8857.4</DistanceMeters>
<HeartRateBpm><Value>136</Value></HeartRateBpm>
<Cadence>72</Cadence>
<Extensions>
<ns3:TPX>
<ns3:Speed>7.708</ns3:Speed>
<ns3:Watts>194</ns3:Watts>
</ns3:TPX>
<bikeapp:Resistance01>17</bikeapp:Resistance01>
<bikeapp:BikeTotalDistanceM>9054.0</bikeapp:BikeTotalDistanceM>
</Extensions>
</Trackpoint>
<Trackpoint>
<Time>2026-05-29T20:53:32.734Z</Time>
<DistanceMeters>8865.2</DistanceMeters>
<HeartRateBpm><Value>135</Value></HeartRateBpm>
<Cadence>72</Cadence>
<Extensions>
<ns3:TPX>
<ns3:Speed>7.706</ns3:Speed>
<ns3:Watts>194</ns3:Watts>
</ns3:TPX>
<bikeapp:Resistance01>17</bikeapp:Resistance01>
<bikeapp:BikeTotalDistanceM>9062.0</bikeapp:BikeTotalDistanceM>
</Extensions>
</Trackpoint>
<Trackpoint>
<Time>2026-05-29T20:53:34.222Z</Time>
<DistanceMeters>8876.6</DistanceMeters>
<HeartRateBpm><Value>136</Value></HeartRateBpm>
<Cadence>72</Cadence>
<Extensions>
<ns3:TPX>
<ns3:Speed>7.704</ns3:Speed>
<ns3:Watts>194</ns3:Watts>
</ns3:TPX>
<bikeapp:Resistance01>17</bikeapp:Resistance01>
<bikeapp:BikeTotalDistanceM>9077.0</bikeapp:BikeTotalDistanceM>
</Extensions>
</Trackpoint>
<Trackpoint>
<Time>2026-05-29T20:53:35.222Z</Time>
<DistanceMeters>8884.3</DistanceMeters>
<HeartRateBpm><Value>136</Value></HeartRateBpm>
<Cadence>72</Cadence>
<Extensions>
<ns3:TPX>
<ns3:Speed>7.703</ns3:Speed>
<ns3:Watts>194</ns3:Watts>
</ns3:TPX>
<bikeapp:Resistance01>17</bikeapp:Resistance01>
<bikeapp:BikeTotalDistanceM>9084.0</bikeapp:BikeTotalDistanceM>
</Extensions>
</Trackpoint>
<Trackpoint>
<Time>2026-05-29T20:53:36.721Z</Time>
<DistanceMeters>8895.9</DistanceMeters>
<HeartRateBpm><Value>136</Value></HeartRateBpm>
<Cadence>72</Cadence>
<Extensions>
<ns3:TPX>
<ns3:Speed>7.702</ns3:Speed>
<ns3:Watts>194</ns3:Watts>
</ns3:TPX>
<bikeapp:Resistance01>17</bikeapp:Resistance01>
<bikeapp:BikeTotalDistanceM>9092.0</bikeapp:BikeTotalDistanceM>
</Extensions>
</Trackpoint>
<Trackpoint>
<Time>2026-05-29T20:53:38.221Z</Time>
<DistanceMeters>8907.4</DistanceMeters>
<HeartRateBpm><Value>136</Value></HeartRateBpm>
<Cadence>72</Cadence>
<Extensions>
<ns3:TPX>
<ns3:Speed>7.702</ns3:Speed>
<ns3:Watts>194</ns3:Watts>
</ns3:TPX>
<bikeapp:Resistance01>17</bikeapp:Resistance01>
<bikeapp:BikeTotalDistanceM>9107.0</bikeapp:BikeTotalDistanceM>
</Extensions>
</Trackpoint>
<Trackpoint>
<Time>2026-05-29T20:53:39.722Z</Time>
<DistanceMeters>8919.0</DistanceMeters>
<HeartRateBpm><Value>136</Value></HeartRateBpm>
<Cadence>73</Cadence>
<Extensions>
<ns3:TPX>
<ns3:Speed>7.726</ns3:Speed>
<ns3:Watts>198</ns3:Watts>
</ns3:TPX>
<bikeapp:Resistance01>17</bikeapp:Resistance01>
<bikeapp:BikeTotalDistanceM>9114.0</bikeapp:BikeTotalDistanceM>
</Extensions>
</Trackpoint>
<Trackpoint>
<Time>2026-05-29T20:53:41.221Z</Time>
<DistanceMeters>8930.6</DistanceMeters>
<HeartRateBpm><Value>135</Value></HeartRateBpm>
<Cadence>74</Cadence>
<Extensions>
<ns3:TPX>
<ns3:Speed>7.759</ns3:Speed>
<ns3:Watts>202</ns3:Watts>
</ns3:TPX>
<bikeapp:Resistance01>17</bikeapp:Resistance01>
<bikeapp:BikeTotalDistanceM>9129.0</bikeapp:BikeTotalDistanceM>
</Extensions>
</Trackpoint>
<Trackpoint>
<Time>2026-05-29T20:53:42.234Z</Time>
<DistanceMeters>8938.5</DistanceMeters>
<HeartRateBpm><Value>135</Value></HeartRateBpm>
<Cadence>74</Cadence>
<Extensions>
<ns3:TPX>
<ns3:Speed>7.785</ns3:Speed>
<ns3:Watts>202</ns3:Watts>
</ns3:TPX>
<bikeapp:Resistance01>17</bikeapp:Resistance01>
<bikeapp:BikeTotalDistanceM>9137.0</bikeapp:BikeTotalDistanceM>
</Extensions>
</Trackpoint>
<Trackpoint>
<Time>2026-05-29T20:53:43.722Z</Time>
<DistanceMeters>8950.1</DistanceMeters>
<HeartRateBpm><Value>135</Value></HeartRateBpm>
<Cadence>75</Cadence>
<Extensions>
<ns3:TPX>
<ns3:Speed>7.834</ns3:Speed>
<ns3:Watts>207</ns3:Watts>
</ns3:TPX>
<bikeapp:Resistance01>17</bikeapp:Resistance01>
<bikeapp:BikeTotalDistanceM>9145.0</bikeapp:BikeTotalDistanceM>
</Extensions>
</Trackpoint>
<Trackpoint>
<Time>2026-05-29T20:53:44.722Z</Time>
<DistanceMeters>8958.0</DistanceMeters>
<HeartRateBpm><Value>135</Value></HeartRateBpm>
<Cadence>74</Cadence>
<Extensions>
<ns3:TPX>
<ns3:Speed>7.830</ns3:Speed>
<ns3:Watts>202</ns3:Watts>
</ns3:TPX>
<bikeapp:Resistance01>17</bikeapp:Resistance01>
<bikeapp:BikeTotalDistanceM>9152.0</bikeapp:BikeTotalDistanceM>
</Extensions>
</Trackpoint>
<Trackpoint>
<Time>2026-05-29T20:53:45.722Z</Time>
<DistanceMeters>8965.8</DistanceMeters>
<HeartRateBpm><Value>135</Value></HeartRateBpm>
<Cadence>74</Cadence>
<Extensions>
<ns3:TPX>
<ns3:Speed>7.828</ns3:Speed>
<ns3:Watts>202</ns3:Watts>
</ns3:TPX>
<bikeapp:Resistance01>17</bikeapp:Resistance01>
<bikeapp:BikeTotalDistanceM>9160.0</bikeapp:BikeTotalDistanceM>
</Extensions>
</Trackpoint>
<Trackpoint>
<Time>2026-05-29T20:53:47.221Z</Time>
<DistanceMeters>8977.5</DistanceMeters>
<HeartRateBpm><Value>136</Value></HeartRateBpm>
<Cadence>73</Cadence>
<Extensions>
<ns3:TPX>
<ns3:Speed>7.795</ns3:Speed>
<ns3:Watts>198</ns3:Watts>
</ns3:TPX>
<bikeapp:Resistance01>17</bikeapp:Resistance01>
<bikeapp:BikeTotalDistanceM>9175.0</bikeapp:BikeTotalDistanceM>
</Extensions>
</Trackpoint>
<Trackpoint>
<Time>2026-05-29T20:53:48.222Z</Time>
<DistanceMeters>8985.3</DistanceMeters>
<HeartRateBpm><Value>135</Value></HeartRateBpm>
<Cadence>71</Cadence>
<Extensions>
<ns3:TPX>
<ns3:Speed>7.756</ns3:Speed>
<ns3:Watts>190</ns3:Watts>
</ns3:TPX>
<bikeapp:Resistance01>17</bikeapp:Resistance01>
<bikeapp:BikeTotalDistanceM>9183.0</bikeapp:BikeTotalDistanceM>
</Extensions>
</Trackpoint>
<Trackpoint>
<Time>2026-05-29T20:53:49.721Z</Time>
<DistanceMeters>8996.8</DistanceMeters>
<HeartRateBpm><Value>135</Value></HeartRateBpm>
<Cadence>71</Cadence>
<Extensions>
<ns3:TPX>
<ns3:Speed>7.695</ns3:Speed>
<ns3:Watts>190</ns3:Watts>
</ns3:TPX>
<bikeapp:Resistance01>17</bikeapp:Resistance01>
<bikeapp:BikeTotalDistanceM>9190.0</bikeapp:BikeTotalDistanceM>
</Extensions>
</Trackpoint>
<Trackpoint>
<Time>2026-05-29T20:53:50.722Z</Time>
<DistanceMeters>9004.5</DistanceMeters>
<HeartRateBpm><Value>135</Value></HeartRateBpm>
<Cadence>72</Cadence>
<Extensions>
<ns3:TPX>
<ns3:Speed>7.698</ns3:Speed>
<ns3:Watts>194</ns3:Watts>
</ns3:TPX>
<bikeapp:Resistance01>17</bikeapp:Resistance01>
<bikeapp:BikeTotalDistanceM>9197.0</bikeapp:BikeTotalDistanceM>
</Extensions>
</Trackpoint>
<Trackpoint>
<Time>2026-05-29T20:53:52.222Z</Time>
<DistanceMeters>9016.1</DistanceMeters>
<HeartRateBpm><Value>134</Value></HeartRateBpm>
<Cadence>73</Cadence>
<Extensions>
<ns3:TPX>
<ns3:Speed>7.713</ns3:Speed>
<ns3:Watts>198</ns3:Watts>
</ns3:TPX>
<bikeapp:Resistance01>17</bikeapp:Resistance01>
<bikeapp:BikeTotalDistanceM>9212.0</bikeapp:BikeTotalDistanceM>
</Extensions>
</Trackpoint>
<Trackpoint>
<Time>2026-05-29T20:53:53.723Z</Time>
<DistanceMeters>9027.7</DistanceMeters>
<HeartRateBpm><Value>134</Value></HeartRateBpm>
<Cadence>75</Cadence>
<Extensions>
<ns3:TPX>
<ns3:Speed>7.792</ns3:Speed>
<ns3:Watts>207</ns3:Watts>
</ns3:TPX>
<bikeapp:Resistance01>17</bikeapp:Resistance01>
<bikeapp:BikeTotalDistanceM>9220.0</bikeapp:BikeTotalDistanceM>
</Extensions>
</Trackpoint>
<Trackpoint>
<Time>2026-05-29T20:53:55.234Z</Time>
<DistanceMeters>9039.6</DistanceMeters>
<HeartRateBpm><Value>134</Value></HeartRateBpm>
<Cadence>76</Cadence>
<Extensions>
<ns3:TPX>
<ns3:Speed>7.879</ns3:Speed>
<ns3:Watts>211</ns3:Watts>
</ns3:TPX>
<bikeapp:Resistance01>17</bikeapp:Resistance01>
<bikeapp:BikeTotalDistanceM>9236.0</bikeapp:BikeTotalDistanceM>
</Extensions>
</Trackpoint>
<Trackpoint>
<Time>2026-05-29T20:53:56.735Z</Time>
<DistanceMeters>9051.5</DistanceMeters>
<HeartRateBpm><Value>134</Value></HeartRateBpm>
<Cadence>75</Cadence>
<Extensions>
<ns3:TPX>
<ns3:Speed>7.897</ns3:Speed>
<ns3:Watts>207</ns3:Watts>
</ns3:TPX>
<bikeapp:Resistance01>17</bikeapp:Resistance01>
<bikeapp:BikeTotalDistanceM>9244.0</bikeapp:BikeTotalDistanceM>
</Extensions>
</Trackpoint>
<Trackpoint>
<Time>2026-05-29T20:53:58.223Z</Time>
<DistanceMeters>9063.1</DistanceMeters>
<HeartRateBpm><Value>134</Value></HeartRateBpm>
<Cadence>72</Cadence>
<Extensions>
<ns3:TPX>
<ns3:Speed>7.796</ns3:Speed>
<ns3:Watts>194</ns3:Watts>
</ns3:TPX>
<bikeapp:Resistance01>17</bikeapp:Resistance01>
<bikeapp:BikeTotalDistanceM>9259.0</bikeapp:BikeTotalDistanceM>
</Extensions>
</Trackpoint>
<Trackpoint>
<Time>2026-05-29T20:53:59.722Z</Time>
<DistanceMeters>9074.8</DistanceMeters>
<HeartRateBpm><Value>133</Value></HeartRateBpm>
<Cadence>73</Cadence>
<Extensions>
<ns3:TPX>
<ns3:Speed>7.771</ns3:Speed>
<ns3:Watts>198</ns3:Watts>
</ns3:TPX>
<bikeapp:Resistance01>17</bikeapp:Resistance01>
<bikeapp:BikeTotalDistanceM>9266.0</bikeapp:BikeTotalDistanceM>
</Extensions>
</Trackpoint>
<Trackpoint>
<Time>2026-05-29T20:54:01.222Z</Time>
<DistanceMeters>9086.4</DistanceMeters>
<HeartRateBpm><Value>133</Value></HeartRateBpm>
<Cadence>73</Cadence>
<Extensions>
<ns3:TPX>
<ns3:Speed>7.767</ns3:Speed>
<ns3:Watts>198</ns3:Watts>
</ns3:TPX>
<bikeapp:Resistance01>17</bikeapp:Resistance01>
<bikeapp:BikeTotalDistanceM>9281.0</bikeapp:BikeTotalDistanceM>
</Extensions>
</Trackpoint>
<Trackpoint>
<Time>2026-05-29T20:54:02.722Z</Time>
<DistanceMeters>9098.0</DistanceMeters>
<HeartRateBpm><Value>132</Value></HeartRateBpm>
<Cadence>72</Cadence>
<Extensions>
<ns3:TPX>
<ns3:Speed>7.741</ns3:Speed>
<ns3:Watts>194</ns3:Watts>
</ns3:TPX>
<bikeapp:Resistance01>17</bikeapp:Resistance01>
<bikeapp:BikeTotalDistanceM>9289.0</bikeapp:BikeTotalDistanceM>
</Extensions>
</Trackpoint>
<Trackpoint>
<Time>2026-05-29T20:54:04.223Z</Time>
<DistanceMeters>9109.7</DistanceMeters>
<HeartRateBpm><Value>132</Value></HeartRateBpm>
<Cadence>75</Cadence>
<Extensions>
<ns3:TPX>
<ns3:Speed>7.783</ns3:Speed>
<ns3:Watts>207</ns3:Watts>
</ns3:TPX>
<bikeapp:Resistance01>17</bikeapp:Resistance01>
<bikeapp:BikeTotalDistanceM>9304.0</bikeapp:BikeTotalDistanceM>
</Extensions>
</Trackpoint>
<Trackpoint>
<Time>2026-05-29T20:54:05.722Z</Time>
<DistanceMeters>9121.5</DistanceMeters>
<HeartRateBpm><Value>133</Value></HeartRateBpm>
<Cadence>79</Cadence>
<Extensions>
<ns3:TPX>
<ns3:Speed>7.932</ns3:Speed>
<ns3:Watts>223</ns3:Watts>
</ns3:TPX>
<bikeapp:Resistance01>17</bikeapp:Resistance01>
<bikeapp:BikeTotalDistanceM>9312.0</bikeapp:BikeTotalDistanceM>
</Extensions>
</Trackpoint>
<Trackpoint>
<Time>2026-05-29T20:54:06.722Z</Time>
<DistanceMeters>9129.5</DistanceMeters>
<HeartRateBpm><Value>133</Value></HeartRateBpm>
<Cadence>81</Cadence>
<Extensions>
<ns3:TPX>
<ns3:Speed>8.062</ns3:Speed>
<ns3:Watts>233</ns3:Watts>
</ns3:TPX>
<bikeapp:Resistance01>17</bikeapp:Resistance01>
<bikeapp:BikeTotalDistanceM>9321.0</bikeapp:BikeTotalDistanceM>
</Extensions>
</Trackpoint>
<Trackpoint>
<Time>2026-05-29T20:54:08.234Z</Time>
<DistanceMeters>9141.8</DistanceMeters>
<HeartRateBpm><Value>133</Value></HeartRateBpm>
<Cadence>78</Cadence>
<Extensions>
<ns3:TPX>
<ns3:Speed>8.152</ns3:Speed>
<ns3:Watts>219</ns3:Watts>
</ns3:TPX>
<bikeapp:Resistance01>17</bikeapp:Resistance01>
<bikeapp:BikeTotalDistanceM>9337.0</bikeapp:BikeTotalDistanceM>
</Extensions>
</Trackpoint>
<Trackpoint>
<Time>2026-05-29T20:54:09.722Z</Time>
<DistanceMeters>9153.9</DistanceMeters>
<HeartRateBpm><Value>132</Value></HeartRateBpm>
<Cadence>76</Cadence>
<Extensions>
<ns3:TPX>
<ns3:Speed>8.067</ns3:Speed>
<ns3:Watts>211</ns3:Watts>
</ns3:TPX>
<bikeapp:Resistance01>17</bikeapp:Resistance01>
<bikeapp:BikeTotalDistanceM>9345.0</bikeapp:BikeTotalDistanceM>
</Extensions>
</Trackpoint>
<Trackpoint>
<Time>2026-05-29T20:54:10.722Z</Time>
<DistanceMeters>9161.9</DistanceMeters>
<HeartRateBpm><Value>132</Value></HeartRateBpm>
<Cadence>75</Cadence>
<Extensions>
<ns3:TPX>
<ns3:Speed>8.002</ns3:Speed>
<ns3:Watts>207</ns3:Watts>
</ns3:TPX>
<bikeapp:Resistance01>17</bikeapp:Resistance01>
<bikeapp:BikeTotalDistanceM>9353.0</bikeapp:BikeTotalDistanceM>
</Extensions>
</Trackpoint>
<Trackpoint>
<Time>2026-05-29T20:54:11.722Z</Time>
<DistanceMeters>9169.9</DistanceMeters>
<HeartRateBpm><Value>131</Value></HeartRateBpm>
<Cadence>77</Cadence>
<Extensions>
<ns3:TPX>
<ns3:Speed>8.007</ns3:Speed>
<ns3:Watts>215</ns3:Watts>
</ns3:TPX>
<bikeapp:Resistance01>17</bikeapp:Resistance01>
<bikeapp:BikeTotalDistanceM>9361.0</bikeapp:BikeTotalDistanceM>
</Extensions>
</Trackpoint>
<Trackpoint>
<Time>2026-05-29T20:54:13.222Z</Time>
<DistanceMeters>9182.0</DistanceMeters>
<HeartRateBpm><Value>132</Value></HeartRateBpm>
<Cadence>78</Cadence>
<Extensions>
<ns3:TPX>
<ns3:Speed>8.042</ns3:Speed>
<ns3:Watts>219</ns3:Watts>
</ns3:TPX>
<bikeapp:Resistance01>17</bikeapp:Resistance01>
<bikeapp:BikeTotalDistanceM>9377.0</bikeapp:BikeTotalDistanceM>
</Extensions>
</Trackpoint>
<Trackpoint>
<Time>2026-05-29T20:54:14.721Z</Time>
<DistanceMeters>9194.0</DistanceMeters>
<HeartRateBpm><Value>133</Value></HeartRateBpm>
<Cadence>77</Cadence>
<Extensions>
<ns3:TPX>
<ns3:Speed>8.036</ns3:Speed>
<ns3:Watts>215</ns3:Watts>
</ns3:TPX>
<bikeapp:Resistance01>17</bikeapp:Resistance01>
<bikeapp:BikeTotalDistanceM>9385.0</bikeapp:BikeTotalDistanceM>
</Extensions>
</Trackpoint>
<Trackpoint>
<Time>2026-05-29T20:54:15.722Z</Time>
<DistanceMeters>9202.0</DistanceMeters>
<HeartRateBpm><Value>134</Value></HeartRateBpm>
<Cadence>75</Cadence>
<Extensions>
<ns3:TPX>
<ns3:Speed>7.983</ns3:Speed>
<ns3:Watts>207</ns3:Watts>
</ns3:TPX>
<bikeapp:Resistance01>17</bikeapp:Resistance01>
<bikeapp:BikeTotalDistanceM>9393.0</bikeapp:BikeTotalDistanceM>
</Extensions>
</Trackpoint>
<Trackpoint>
<Time>2026-05-29T20:54:16.724Z</Time>
<DistanceMeters>9210.0</DistanceMeters>
<HeartRateBpm><Value>134</Value></HeartRateBpm>
<Cadence>78</Cadence>
<Extensions>
<ns3:TPX>
<ns3:Speed>8.018</ns3:Speed>
<ns3:Watts>219</ns3:Watts>
</ns3:TPX>
<bikeapp:Resistance01>17</bikeapp:Resistance01>
<bikeapp:BikeTotalDistanceM>9401.0</bikeapp:BikeTotalDistanceM>
</Extensions>
</Trackpoint>
<Trackpoint>
<Time>2026-05-29T20:54:18.222Z</Time>
<DistanceMeters>9222.1</DistanceMeters>
<HeartRateBpm><Value>136</Value></HeartRateBpm>
<Cadence>77</Cadence>
<Extensions>
<ns3:TPX>
<ns3:Speed>8.035</ns3:Speed>
<ns3:Watts>215</ns3:Watts>
</ns3:TPX>
<bikeapp:Resistance01>17</bikeapp:Resistance01>
<bikeapp:BikeTotalDistanceM>9417.0</bikeapp:BikeTotalDistanceM>
</Extensions>
</Trackpoint>
<Trackpoint>
<Time>2026-05-29T20:54:19.223Z</Time>
<DistanceMeters>9230.1</DistanceMeters>
<HeartRateBpm><Value>136</Value></HeartRateBpm>
<Cadence>75</Cadence>
<Extensions>
<ns3:TPX>
<ns3:Speed>8.002</ns3:Speed>
<ns3:Watts>207</ns3:Watts>
</ns3:TPX>
<bikeapp:Resistance01>17</bikeapp:Resistance01>
<bikeapp:BikeTotalDistanceM>9425.0</bikeapp:BikeTotalDistanceM>
</Extensions>
</Trackpoint>
<Trackpoint>
<Time>2026-05-29T20:54:20.738Z</Time>
<DistanceMeters>9242.2</DistanceMeters>
<HeartRateBpm><Value>137</Value></HeartRateBpm>
<Cadence>75</Cadence>
<Extensions>
<ns3:TPX>
<ns3:Speed>7.948</ns3:Speed>
<ns3:Watts>207</ns3:Watts>
</ns3:TPX>
<bikeapp:Resistance01>17</bikeapp:Resistance01>
<bikeapp:BikeTotalDistanceM>9432.0</bikeapp:BikeTotalDistanceM>
</Extensions>
</Trackpoint>
<Trackpoint>
<Time>2026-05-29T20:54:22.222Z</Time>
<DistanceMeters>9253.9</DistanceMeters>
<HeartRateBpm><Value>139</Value></HeartRateBpm>
<Cadence>75</Cadence>
<Extensions>
<ns3:TPX>
<ns3:Speed>7.923</ns3:Speed>
<ns3:Watts>207</ns3:Watts>
</ns3:TPX>
<bikeapp:Resistance01>17</bikeapp:Resistance01>
<bikeapp:BikeTotalDistanceM>9448.0</bikeapp:BikeTotalDistanceM>
</Extensions>
</Trackpoint>
<Trackpoint>
<Time>2026-05-29T20:54:23.222Z</Time>
<DistanceMeters>9261.9</DistanceMeters>
<HeartRateBpm><Value>139</Value></HeartRateBpm>
<Cadence>75</Cadence>
<Extensions>
<ns3:TPX>
<ns3:Speed>7.914</ns3:Speed>
<ns3:Watts>207</ns3:Watts>
</ns3:TPX>
<bikeapp:Resistance01>17</bikeapp:Resistance01>
<bikeapp:BikeTotalDistanceM>9456.0</bikeapp:BikeTotalDistanceM>
</Extensions>
</Trackpoint>
<Trackpoint>
<Time>2026-05-29T20:54:24.722Z</Time>
<DistanceMeters>9273.7</DistanceMeters>
<HeartRateBpm><Value>141</Value></HeartRateBpm>
<Cadence>75</Cadence>
<Extensions>
<ns3:TPX>
<ns3:Speed>7.906</ns3:Speed>
<ns3:Watts>207</ns3:Watts>
</ns3:TPX>
<bikeapp:Resistance01>17</bikeapp:Resistance01>
<bikeapp:BikeTotalDistanceM>9463.0</bikeapp:BikeTotalDistanceM>
</Extensions>
</Trackpoint>
<Trackpoint>
<Time>2026-05-29T20:54:25.722Z</Time>
<DistanceMeters>9281.6</DistanceMeters>
<HeartRateBpm><Value>142</Value></HeartRateBpm>
<Cadence>76</Cadence>
<Extensions>
<ns3:TPX>
<ns3:Speed>7.926</ns3:Speed>
<ns3:Watts>211</ns3:Watts>
</ns3:TPX>
<bikeapp:Resistance01>17</bikeapp:Resistance01>
<bikeapp:BikeTotalDistanceM>9471.0</bikeapp:BikeTotalDistanceM>
</Extensions>
</Trackpoint>
<Trackpoint>
<Time>2026-05-29T20:54:26.723Z</Time>
<DistanceMeters>9289.6</DistanceMeters>
<HeartRateBpm><Value>142</Value></HeartRateBpm>
<Cadence>78</Cadence>
<Extensions>
<ns3:TPX>
<ns3:Speed>7.984</ns3:Speed>
<ns3:Watts>219</ns3:Watts>
</ns3:TPX>
<bikeapp:Resistance01>17</bikeapp:Resistance01>
<bikeapp:BikeTotalDistanceM>9479.0</bikeapp:BikeTotalDistanceM>
</Extensions>
</Trackpoint>
<Trackpoint>
<Time>2026-05-29T20:54:28.222Z</Time>
<DistanceMeters>9301.7</DistanceMeters>
<HeartRateBpm><Value>143</Value></HeartRateBpm>
<Cadence>81</Cadence>
<Extensions>
<ns3:TPX>
<ns3:Speed>8.132</ns3:Speed>
<ns3:Watts>233</ns3:Watts>
</ns3:TPX>
<bikeapp:Resistance01>17</bikeapp:Resistance01>
<bikeapp:BikeTotalDistanceM>9496.0</bikeapp:BikeTotalDistanceM>
</Extensions>
</Trackpoint>
<Trackpoint>
<Time>2026-05-29T20:54:29.223Z</Time>
<DistanceMeters>9309.9</DistanceMeters>
<HeartRateBpm><Value>142</Value></HeartRateBpm>
<Cadence>79</Cadence>
<Extensions>
<ns3:TPX>
<ns3:Speed>8.155</ns3:Speed>
<ns3:Watts>223</ns3:Watts>
</ns3:TPX>
<bikeapp:Resistance01>17</bikeapp:Resistance01>
<bikeapp:BikeTotalDistanceM>9504.0</bikeapp:BikeTotalDistanceM>
</Extensions>
</Trackpoint>
<Trackpoint>
<Time>2026-05-29T20:54:30.722Z</Time>
<DistanceMeters>9322.1</DistanceMeters>
<HeartRateBpm><Value>142</Value></HeartRateBpm>
<Cadence>79</Cadence>
<Extensions>
<ns3:TPX>
<ns3:Speed>8.142</ns3:Speed>
<ns3:Watts>223</ns3:Watts>
</ns3:TPX>
<bikeapp:Resistance01>17</bikeapp:Resistance01>
<bikeapp:BikeTotalDistanceM>9513.0</bikeapp:BikeTotalDistanceM>
</Extensions>
</Trackpoint>
<Trackpoint>
<Time>2026-05-29T20:54:32.222Z</Time>
<DistanceMeters>9334.3</DistanceMeters>
<HeartRateBpm><Value>142</Value></HeartRateBpm>
<Cadence>78</Cadence>
<Extensions>
<ns3:TPX>
<ns3:Speed>8.107</ns3:Speed>
<ns3:Watts>219</ns3:Watts>
</ns3:TPX>
<bikeapp:Resistance01>17</bikeapp:Resistance01>
<bikeapp:BikeTotalDistanceM>9529.0</bikeapp:BikeTotalDistanceM>
</Extensions>
</Trackpoint>
<Trackpoint>
<Time>2026-05-29T20:54:33.222Z</Time>
<DistanceMeters>9342.4</DistanceMeters>
<HeartRateBpm><Value>141</Value></HeartRateBpm>
<Cadence>77</Cadence>
<Extensions>
<ns3:TPX>
<ns3:Speed>8.081</ns3:Speed>
<ns3:Watts>215</ns3:Watts>
</ns3:TPX>
<bikeapp:Resistance01>17</bikeapp:Resistance01>
<bikeapp:BikeTotalDistanceM>9537.0</bikeapp:BikeTotalDistanceM>
</Extensions>
</Trackpoint>
<Trackpoint>
<Time>2026-05-29T20:54:34.722Z</Time>
<DistanceMeters>9354.5</DistanceMeters>
<HeartRateBpm><Value>140</Value></HeartRateBpm>
<Cadence>78</Cadence>
<Extensions>
<ns3:TPX>
<ns3:Speed>8.070</ns3:Speed>
<ns3:Watts>219</ns3:Watts>
</ns3:TPX>
<bikeapp:Resistance01>17</bikeapp:Resistance01>
<bikeapp:BikeTotalDistanceM>9545.0</bikeapp:BikeTotalDistanceM>
</Extensions>
</Trackpoint>
<Trackpoint>
<Time>2026-05-29T20:54:36.226Z</Time>
<DistanceMeters>9366.7</DistanceMeters>
<HeartRateBpm><Value>140</Value></HeartRateBpm>
<Cadence>77</Cadence>
<Extensions>
<ns3:TPX>
<ns3:Speed>8.098</ns3:Speed>
<ns3:Watts>215</ns3:Watts>
</ns3:TPX>
<bikeapp:Resistance01>17</bikeapp:Resistance01>
<bikeapp:BikeTotalDistanceM>9561.0</bikeapp:BikeTotalDistanceM>
</Extensions>
</Trackpoint>
<Trackpoint>
<Time>2026-05-29T20:54:37.723Z</Time>
<DistanceMeters>9378.8</DistanceMeters>
<HeartRateBpm><Value>138</Value></HeartRateBpm>
<Cadence>78</Cadence>
<Extensions>
<ns3:TPX>
<ns3:Speed>8.077</ns3:Speed>
<ns3:Watts>219</ns3:Watts>
</ns3:TPX>
<bikeapp:Resistance01>17</bikeapp:Resistance01>
<bikeapp:BikeTotalDistanceM>9569.0</bikeapp:BikeTotalDistanceM>
</Extensions>
</Trackpoint>
<Trackpoint>
<Time>2026-05-29T20:54:38.734Z</Time>
<DistanceMeters>9386.9</DistanceMeters>
<HeartRateBpm><Value>137</Value></HeartRateBpm>
<Cadence>78</Cadence>
<Extensions>
<ns3:TPX>
<ns3:Speed>8.076</ns3:Speed>
<ns3:Watts>219</ns3:Watts>
</ns3:TPX>
<bikeapp:Resistance01>17</bikeapp:Resistance01>
<bikeapp:BikeTotalDistanceM>9577.0</bikeapp:BikeTotalDistanceM>
</Extensions>
</Trackpoint>
<Trackpoint>
<Time>2026-05-29T20:54:40.222Z</Time>
<DistanceMeters>9398.9</DistanceMeters>
<HeartRateBpm><Value>137</Value></HeartRateBpm>
<Cadence>76</Cadence>
<Extensions>
<ns3:TPX>
<ns3:Speed>8.033</ns3:Speed>
<ns3:Watts>211</ns3:Watts>
</ns3:TPX>
<bikeapp:Resistance01>17</bikeapp:Resistance01>
<bikeapp:BikeTotalDistanceM>9593.0</bikeapp:BikeTotalDistanceM>
</Extensions>
</Trackpoint>
<Trackpoint>
<Time>2026-05-29T20:54:41.222Z</Time>
<DistanceMeters>9406.9</DistanceMeters>
<HeartRateBpm><Value>137</Value></HeartRateBpm>
<Cadence>75</Cadence>
<Extensions>
<ns3:TPX>
<ns3:Speed>7.991</ns3:Speed>
<ns3:Watts>207</ns3:Watts>
</ns3:TPX>
<bikeapp:Resistance01>17</bikeapp:Resistance01>
<bikeapp:BikeTotalDistanceM>9601.0</bikeapp:BikeTotalDistanceM>
</Extensions>
</Trackpoint>
<Trackpoint>
<Time>2026-05-29T20:54:42.222Z</Time>
<DistanceMeters>9414.9</DistanceMeters>
<HeartRateBpm><Value>138</Value></HeartRateBpm>
<Cadence>75</Cadence>
<Extensions>
<ns3:TPX>
<ns3:Speed>7.956</ns3:Speed>
<ns3:Watts>207</ns3:Watts>
</ns3:TPX>
<bikeapp:Resistance01>17</bikeapp:Resistance01>
<bikeapp:BikeTotalDistanceM>9609.0</bikeapp:BikeTotalDistanceM>
</Extensions>
</Trackpoint>
<Trackpoint>
<Time>2026-05-29T20:54:43.722Z</Time>
<DistanceMeters>9426.8</DistanceMeters>
<HeartRateBpm><Value>139</Value></HeartRateBpm>
<Cadence>74</Cadence>
<Extensions>
<ns3:TPX>
<ns3:Speed>7.897</ns3:Speed>
<ns3:Watts>202</ns3:Watts>
</ns3:TPX>
<bikeapp:Resistance01>17</bikeapp:Resistance01>
<bikeapp:BikeTotalDistanceM>9616.0</bikeapp:BikeTotalDistanceM>
</Extensions>
</Trackpoint>
<Trackpoint>
<Time>2026-05-29T20:54:44.722Z</Time>
<DistanceMeters>9434.7</DistanceMeters>
<HeartRateBpm><Value>139</Value></HeartRateBpm>
<Cadence>77</Cadence>
<Extensions>
<ns3:TPX>
<ns3:Speed>7.943</ns3:Speed>
<ns3:Watts>215</ns3:Watts>
</ns3:TPX>
<bikeapp:Resistance01>17</bikeapp:Resistance01>
<bikeapp:BikeTotalDistanceM>9624.0</bikeapp:BikeTotalDistanceM>
</Extensions>
</Trackpoint>
<Trackpoint>
<Time>2026-05-29T20:54:45.722Z</Time>
<DistanceMeters>9442.7</DistanceMeters>
<HeartRateBpm><Value>139</Value></HeartRateBpm>
<Cadence>79</Cadence>
<Extensions>
<ns3:TPX>
<ns3:Speed>8.016</ns3:Speed>
<ns3:Watts>223</ns3:Watts>
</ns3:TPX>
<bikeapp:Resistance01>17</bikeapp:Resistance01>
<bikeapp:BikeTotalDistanceM>9632.0</bikeapp:BikeTotalDistanceM>
</Extensions>
</Trackpoint>
<Trackpoint>
<Time>2026-05-29T20:54:47.235Z</Time>
<DistanceMeters>9454.9</DistanceMeters>
<HeartRateBpm><Value>139</Value></HeartRateBpm>
<Cadence>80</Cadence>
<Extensions>
<ns3:TPX>
<ns3:Speed>8.074</ns3:Speed>
<ns3:Watts>228</ns3:Watts>
</ns3:TPX>
<bikeapp:Resistance01>17</bikeapp:Resistance01>
<bikeapp:BikeTotalDistanceM>9649.0</bikeapp:BikeTotalDistanceM>
</Extensions>
</Trackpoint>
<Trackpoint>
<Time>2026-05-29T20:54:48.722Z</Time>
<DistanceMeters>9467.0</DistanceMeters>
<HeartRateBpm><Value>137</Value></HeartRateBpm>
<Cadence>80</Cadence>
<Extensions>
<ns3:TPX>
<ns3:Speed>8.140</ns3:Speed>
<ns3:Watts>228</ns3:Watts>
</ns3:TPX>
<bikeapp:Resistance01>17</bikeapp:Resistance01>
<bikeapp:BikeTotalDistanceM>9657.0</bikeapp:BikeTotalDistanceM>
</Extensions>
</Trackpoint>
<Trackpoint>
<Time>2026-05-29T20:54:49.723Z</Time>
<DistanceMeters>9475.1</DistanceMeters>
<HeartRateBpm><Value>137</Value></HeartRateBpm>
<Cadence>78</Cadence>
<Extensions>
<ns3:TPX>
<ns3:Speed>8.114</ns3:Speed>
<ns3:Watts>219</ns3:Watts>
</ns3:TPX>
<bikeapp:Resistance01>17</bikeapp:Resistance01>
<bikeapp:BikeTotalDistanceM>9665.0</bikeapp:BikeTotalDistanceM>
</Extensions>
</Trackpoint>
<Trackpoint>
<Time>2026-05-29T20:54:51.223Z</Time>
<DistanceMeters>9487.2</DistanceMeters>
<HeartRateBpm><Value>136</Value></HeartRateBpm>
<Cadence>79</Cadence>
<Extensions>
<ns3:TPX>
<ns3:Speed>8.105</ns3:Speed>
<ns3:Watts>223</ns3:Watts>
</ns3:TPX>
<bikeapp:Resistance01>17</bikeapp:Resistance01>
<bikeapp:BikeTotalDistanceM>9681.0</bikeapp:BikeTotalDistanceM>
</Extensions>
</Trackpoint>
<Trackpoint>
<Time>2026-05-29T20:54:52.722Z</Time>
<DistanceMeters>9499.4</DistanceMeters>
<HeartRateBpm><Value>136</Value></HeartRateBpm>
<Cadence>80</Cadence>
<Extensions>
<ns3:TPX>
<ns3:Speed>8.146</ns3:Speed>
<ns3:Watts>228</ns3:Watts>
</ns3:TPX>
<bikeapp:Resistance01>17</bikeapp:Resistance01>
<bikeapp:BikeTotalDistanceM>9690.0</bikeapp:BikeTotalDistanceM>
</Extensions>
</Trackpoint>
<Trackpoint>
<Time>2026-05-29T20:54:53.722Z</Time>
<DistanceMeters>9507.6</DistanceMeters>
<HeartRateBpm><Value>135</Value></HeartRateBpm>
<Cadence>81</Cadence>
<Extensions>
<ns3:TPX>
<ns3:Speed>8.193</ns3:Speed>
<ns3:Watts>233</ns3:Watts>
</ns3:TPX>
<bikeapp:Resistance01>17</bikeapp:Resistance01>
<bikeapp:BikeTotalDistanceM>9698.0</bikeapp:BikeTotalDistanceM>
</Extensions>
</Trackpoint>
<Trackpoint>
<Time>2026-05-29T20:54:54.723Z</Time>
<DistanceMeters>9515.9</DistanceMeters>
<HeartRateBpm><Value>135</Value></HeartRateBpm>
<Cadence>82</Cadence>
<Extensions>
<ns3:TPX>
<ns3:Speed>8.254</ns3:Speed>
<ns3:Watts>239</ns3:Watts>
</ns3:TPX>
<bikeapp:Resistance01>17</bikeapp:Resistance01>
<bikeapp:BikeTotalDistanceM>9707.0</bikeapp:BikeTotalDistanceM>
</Extensions>
</Trackpoint>
<Trackpoint>
<Time>2026-05-29T20:54:55.723Z</Time>
<DistanceMeters>9524.1</DistanceMeters>
<HeartRateBpm><Value>135</Value></HeartRateBpm>
<Cadence>80</Cadence>
<Extensions>
<ns3:TPX>
<ns3:Speed>8.233</ns3:Speed>
<ns3:Watts>228</ns3:Watts>
</ns3:TPX>
<bikeapp:Resistance01>17</bikeapp:Resistance01>
<bikeapp:BikeTotalDistanceM>9715.0</bikeapp:BikeTotalDistanceM>
</Extensions>
</Trackpoint>
<Trackpoint>
<Time>2026-05-29T20:54:56.727Z</Time>
<DistanceMeters>9532.3</DistanceMeters>
<HeartRateBpm><Value>137</Value></HeartRateBpm>
<Cadence>78</Cadence>
<Extensions>
<ns3:TPX>
<ns3:Speed>8.171</ns3:Speed>
<ns3:Watts>219</ns3:Watts>
</ns3:TPX>
<bikeapp:Resistance01>17</bikeapp:Resistance01>
<bikeapp:BikeTotalDistanceM>9723.0</bikeapp:BikeTotalDistanceM>
</Extensions>
</Trackpoint>
<Trackpoint>
<Time>2026-05-29T20:54:58.223Z</Time>
<DistanceMeters>9544.5</DistanceMeters>
<HeartRateBpm><Value>138</Value></HeartRateBpm>
<Cadence>78</Cadence>
<Extensions>
<ns3:TPX>
<ns3:Speed>8.138</ns3:Speed>
<ns3:Watts>219</ns3:Watts>
</ns3:TPX>
<bikeapp:Resistance01>17</bikeapp:Resistance01>
<bikeapp:BikeTotalDistanceM>9739.0</bikeapp:BikeTotalDistanceM>
</Extensions>
</Trackpoint>
<Trackpoint>
<Time>2026-05-29T20:54:59.223Z</Time>
<DistanceMeters>9552.6</DistanceMeters>
<HeartRateBpm><Value>138</Value></HeartRateBpm>
<Cadence>78</Cadence>
<Extensions>
<ns3:TPX>
<ns3:Speed>8.113</ns3:Speed>
<ns3:Watts>219</ns3:Watts>
</ns3:TPX>
<bikeapp:Resistance01>17</bikeapp:Resistance01>
<bikeapp:BikeTotalDistanceM>9747.0</bikeapp:BikeTotalDistanceM>
</Extensions>
</Trackpoint>
<Trackpoint>
<Time>2026-05-29T20:55:00.236Z</Time>
<DistanceMeters>9560.8</DistanceMeters>
<HeartRateBpm><Value>139</Value></HeartRateBpm>
<Cadence>77</Cadence>
<Extensions>
<ns3:TPX>
<ns3:Speed>8.085</ns3:Speed>
<ns3:Watts>215</ns3:Watts>
</ns3:TPX>
<bikeapp:Resistance01>17</bikeapp:Resistance01>
<bikeapp:BikeTotalDistanceM>9755.0</bikeapp:BikeTotalDistanceM>
</Extensions>
</Trackpoint>
<Trackpoint>
<Time>2026-05-29T20:55:01.722Z</Time>
<DistanceMeters>9572.8</DistanceMeters>
<HeartRateBpm><Value>139</Value></HeartRateBpm>
<Cadence>76</Cadence>
<Extensions>
<ns3:TPX>
<ns3:Speed>8.027</ns3:Speed>
<ns3:Watts>211</ns3:Watts>
</ns3:TPX>
<bikeapp:Resistance01>17</bikeapp:Resistance01>
<bikeapp:BikeTotalDistanceM>9763.0</bikeapp:BikeTotalDistanceM>
</Extensions>
</Trackpoint>
<Trackpoint>
<Time>2026-05-29T20:55:02.723Z</Time>
<DistanceMeters>9580.8</DistanceMeters>
<HeartRateBpm><Value>138</Value></HeartRateBpm>
<Cadence>76</Cadence>
<Extensions>
<ns3:TPX>
<ns3:Speed>8.000</ns3:Speed>
<ns3:Watts>211</ns3:Watts>
</ns3:TPX>
<bikeapp:Resistance01>17</bikeapp:Resistance01>
<bikeapp:BikeTotalDistanceM>9771.0</bikeapp:BikeTotalDistanceM>
</Extensions>
</Trackpoint>
<Trackpoint>
<Time>2026-05-29T20:55:03.723Z</Time>
<DistanceMeters>9588.8</DistanceMeters>
<HeartRateBpm><Value>137</Value></HeartRateBpm>
<Cadence>75</Cadence>
<Extensions>
<ns3:TPX>
<ns3:Speed>7.961</ns3:Speed>
<ns3:Watts>207</ns3:Watts>
</ns3:TPX>
<bikeapp:Resistance01>17</bikeapp:Resistance01>
<bikeapp:BikeTotalDistanceM>9779.0</bikeapp:BikeTotalDistanceM>
</Extensions>
</Trackpoint>
<Trackpoint>
<Time>2026-05-29T20:55:05.223Z</Time>
<DistanceMeters>9600.7</DistanceMeters>
<HeartRateBpm><Value>137</Value></HeartRateBpm>
<Cadence>77</Cadence>
<Extensions>
<ns3:TPX>
<ns3:Speed>7.972</ns3:Speed>
<ns3:Watts>215</ns3:Watts>
</ns3:TPX>
<bikeapp:Resistance01>17</bikeapp:Resistance01>
<bikeapp:BikeTotalDistanceM>9795.0</bikeapp:BikeTotalDistanceM>
</Extensions>
</Trackpoint>
<Trackpoint>
<Time>2026-05-29T20:55:06.723Z</Time>
<DistanceMeters>9612.7</DistanceMeters>
<HeartRateBpm><Value>135</Value></HeartRateBpm>
<Cadence>77</Cadence>
<Extensions>
<ns3:TPX>
<ns3:Speed>7.995</ns3:Speed>
<ns3:Watts>215</ns3:Watts>
</ns3:TPX>
<bikeapp:Resistance01>17</bikeapp:Resistance01>
<bikeapp:BikeTotalDistanceM>9803.0</bikeapp:BikeTotalDistanceM>
</Extensions>
</Trackpoint>
<Trackpoint>
<Time>2026-05-29T20:55:08.222Z</Time>
<DistanceMeters>9624.7</DistanceMeters>
<HeartRateBpm><Value>135</Value></HeartRateBpm>
<Cadence>78</Cadence>
<Extensions>
<ns3:TPX>
<ns3:Speed>8.036</ns3:Speed>
<ns3:Watts>219</ns3:Watts>
</ns3:TPX>
<bikeapp:Resistance01>17</bikeapp:Resistance01>
<bikeapp:BikeTotalDistanceM>9819.0</bikeapp:BikeTotalDistanceM>
</Extensions>
</Trackpoint>
<Trackpoint>
<Time>2026-05-29T20:55:09.222Z</Time>
<DistanceMeters>9632.8</DistanceMeters>
<HeartRateBpm><Value>135</Value></HeartRateBpm>
<Cadence>77</Cadence>
<Extensions>
<ns3:TPX>
<ns3:Speed>8.039</ns3:Speed>
<ns3:Watts>215</ns3:Watts>
</ns3:TPX>
<bikeapp:Resistance01>17</bikeapp:Resistance01>
<bikeapp:BikeTotalDistanceM>9827.0</bikeapp:BikeTotalDistanceM>
</Extensions>
</Trackpoint>
<Trackpoint>
<Time>2026-05-29T20:55:10.223Z</Time>
<DistanceMeters>9640.8</DistanceMeters>
<HeartRateBpm><Value>135</Value></HeartRateBpm>
<Cadence>77</Cadence>
<Extensions>
<ns3:TPX>
<ns3:Speed>8.030</ns3:Speed>
<ns3:Watts>215</ns3:Watts>
</ns3:TPX>
<bikeapp:Resistance01>17</bikeapp:Resistance01>
<bikeapp:BikeTotalDistanceM>9835.0</bikeapp:BikeTotalDistanceM>
</Extensions>
</Trackpoint>
<Trackpoint>
<Time>2026-05-29T20:55:11.722Z</Time>
<DistanceMeters>9652.8</DistanceMeters>
<HeartRateBpm><Value>135</Value></HeartRateBpm>
<Cadence>77</Cadence>
<Extensions>
<ns3:TPX>
<ns3:Speed>8.023</ns3:Speed>
<ns3:Watts>215</ns3:Watts>
</ns3:TPX>
<bikeapp:Resistance01>17</bikeapp:Resistance01>
<bikeapp:BikeTotalDistanceM>9843.0</bikeapp:BikeTotalDistanceM>
</Extensions>
</Trackpoint>
<Trackpoint>
<Time>2026-05-29T20:55:12.723Z</Time>
<DistanceMeters>9660.9</DistanceMeters>
<HeartRateBpm><Value>135</Value></HeartRateBpm>
<Cadence>79</Cadence>
<Extensions>
<ns3:TPX>
<ns3:Speed>8.065</ns3:Speed>
<ns3:Watts>223</ns3:Watts>
</ns3:TPX>
<bikeapp:Resistance01>17</bikeapp:Resistance01>
<bikeapp:BikeTotalDistanceM>9851.0</bikeapp:BikeTotalDistanceM>
</Extensions>
</Trackpoint>
<Trackpoint>
<Time>2026-05-29T20:55:13.724Z</Time>
<DistanceMeters>9669.0</DistanceMeters>
<HeartRateBpm><Value>135</Value></HeartRateBpm>
<Cadence>79</Cadence>
<Extensions>
<ns3:TPX>
<ns3:Speed>8.090</ns3:Speed>
<ns3:Watts>223</ns3:Watts>
</ns3:TPX>
<bikeapp:Resistance01>17</bikeapp:Resistance01>
<bikeapp:BikeTotalDistanceM>9859.0</bikeapp:BikeTotalDistanceM>
</Extensions>
</Trackpoint>
<Trackpoint>
<Time>2026-05-29T20:55:14.736Z</Time>
<DistanceMeters>9677.1</DistanceMeters>
<HeartRateBpm><Value>136</Value></HeartRateBpm>
<Cadence>75</Cadence>
<Extensions>
<ns3:TPX>
<ns3:Speed>8.015</ns3:Speed>
<ns3:Watts>207</ns3:Watts>
</ns3:TPX>
<bikeapp:Resistance01>17</bikeapp:Resistance01>
<bikeapp:BikeTotalDistanceM>9867.0</bikeapp:BikeTotalDistanceM>
</Extensions>
</Trackpoint>
<Trackpoint>
<Time>2026-05-29T20:55:16.223Z</Time>
<DistanceMeters>9689.0</DistanceMeters>
<HeartRateBpm><Value>136</Value></HeartRateBpm>
<Cadence>77</Cadence>
<Extensions>
<ns3:TPX>
<ns3:Speed>7.981</ns3:Speed>
<ns3:Watts>215</ns3:Watts>
</ns3:TPX>
<bikeapp:Resistance01>17</bikeapp:Resistance01>
<bikeapp:BikeTotalDistanceM>9883.0</bikeapp:BikeTotalDistanceM>
</Extensions>
</Trackpoint>
<Trackpoint>
<Time>2026-05-29T20:55:17.723Z</Time>
<DistanceMeters>9701.0</DistanceMeters>
<HeartRateBpm><Value>137</Value></HeartRateBpm>
<Cadence>77</Cadence>
<Extensions>
<ns3:TPX>
<ns3:Speed>7.999</ns3:Speed>
<ns3:Watts>215</ns3:Watts>
</ns3:TPX>
<bikeapp:Resistance01>17</bikeapp:Resistance01>
<bikeapp:BikeTotalDistanceM>9891.0</bikeapp:BikeTotalDistanceM>
</Extensions>
</Trackpoint>
<Trackpoint>
<Time>2026-05-29T20:55:18.723Z</Time>
<DistanceMeters>9709.0</DistanceMeters>
<HeartRateBpm><Value>138</Value></HeartRateBpm>
<Cadence>77</Cadence>
<Extensions>
<ns3:TPX>
<ns3:Speed>8.006</ns3:Speed>
<ns3:Watts>215</ns3:Watts>
</ns3:TPX>
<bikeapp:Resistance01>17</bikeapp:Resistance01>
<bikeapp:BikeTotalDistanceM>9899.0</bikeapp:BikeTotalDistanceM>
</Extensions>
</Trackpoint>
<Trackpoint>
<Time>2026-05-29T20:55:20.236Z</Time>
<DistanceMeters>9721.1</DistanceMeters>
<HeartRateBpm><Value>138</Value></HeartRateBpm>
<Cadence>75</Cadence>
<Extensions>
<ns3:TPX>
<ns3:Speed>7.968</ns3:Speed>
<ns3:Watts>207</ns3:Watts>
</ns3:TPX>
<bikeapp:Resistance01>17</bikeapp:Resistance01>
<bikeapp:BikeTotalDistanceM>9914.0</bikeapp:BikeTotalDistanceM>
</Extensions>
</Trackpoint>
<Trackpoint>
<Time>2026-05-29T20:55:21.260Z</Time>
<DistanceMeters>9729.2</DistanceMeters>
<HeartRateBpm><Value>138</Value></HeartRateBpm>
<Cadence>75</Cadence>
<Extensions>
<ns3:TPX>
<ns3:Speed>7.941</ns3:Speed>
<ns3:Watts>207</ns3:Watts>
</ns3:TPX>
<bikeapp:Resistance01>17</bikeapp:Resistance01>
<bikeapp:BikeTotalDistanceM>9922.0</bikeapp:BikeTotalDistanceM>
</Extensions>
</Trackpoint>
<Trackpoint>
<Time>2026-05-29T20:55:22.748Z</Time>
<DistanceMeters>9741.0</DistanceMeters>
<HeartRateBpm><Value>137</Value></HeartRateBpm>
<Cadence>76</Cadence>
<Extensions>
<ns3:TPX>
<ns3:Speed>7.942</ns3:Speed>
<ns3:Watts>211</ns3:Watts>
</ns3:TPX>
<bikeapp:Resistance01>17</bikeapp:Resistance01>
<bikeapp:BikeTotalDistanceM>9930.0</bikeapp:BikeTotalDistanceM>
</Extensions>
</Trackpoint>
<Trackpoint>
<Time>2026-05-29T20:55:23.761Z</Time>
<DistanceMeters>9749.1</DistanceMeters>
<HeartRateBpm><Value>137</Value></HeartRateBpm>
<Cadence>77</Cadence>
<Extensions>
<ns3:TPX>
<ns3:Speed>7.971</ns3:Speed>
<ns3:Watts>215</ns3:Watts>
</ns3:TPX>
<bikeapp:Resistance01>17</bikeapp:Resistance01>
<bikeapp:BikeTotalDistanceM>9938.0</bikeapp:BikeTotalDistanceM>
</Extensions>
</Trackpoint>
<Trackpoint>
<Time>2026-05-29T20:55:25.260Z</Time>
<DistanceMeters>9761.1</DistanceMeters>
<HeartRateBpm><Value>136</Value></HeartRateBpm>
<Cadence>79</Cadence>
<Extensions>
<ns3:TPX>
<ns3:Speed>8.020</ns3:Speed>
<ns3:Watts>223</ns3:Watts>
</ns3:TPX>
<bikeapp:Resistance01>17</bikeapp:Resistance01>
<bikeapp:BikeTotalDistanceM>9954.0</bikeapp:BikeTotalDistanceM>
</Extensions>
</Trackpoint>
<Trackpoint>
<Time>2026-05-29T20:55:26.748Z</Time>
<DistanceMeters>9773.0</DistanceMeters>
<HeartRateBpm><Value>136</Value></HeartRateBpm>
<Cadence>78</Cadence>
<Extensions>
<ns3:TPX>
<ns3:Speed>8.055</ns3:Speed>
<ns3:Watts>219</ns3:Watts>
</ns3:TPX>
<bikeapp:Resistance01>17</bikeapp:Resistance01>
<bikeapp:BikeTotalDistanceM>9962.0</bikeapp:BikeTotalDistanceM>
</Extensions>
</Trackpoint>
<Trackpoint>
<Time>2026-05-29T20:55:27.760Z</Time>
<DistanceMeters>9781.2</DistanceMeters>
<HeartRateBpm><Value>136</Value></HeartRateBpm>
<Cadence>78</Cadence>
<Extensions>
<ns3:TPX>
<ns3:Speed>8.063</ns3:Speed>
<ns3:Watts>219</ns3:Watts>
</ns3:TPX>
<bikeapp:Resistance01>17</bikeapp:Resistance01>
<bikeapp:BikeTotalDistanceM>9970.0</bikeapp:BikeTotalDistanceM>
</Extensions>
</Trackpoint>
<Trackpoint>
<Time>2026-05-29T20:55:29.247Z</Time>
<DistanceMeters>9793.2</DistanceMeters>
<HeartRateBpm><Value>136</Value></HeartRateBpm>
<Cadence>79</Cadence>
<Extensions>
<ns3:TPX>
<ns3:Speed>8.081</ns3:Speed>
<ns3:Watts>223</ns3:Watts>
</ns3:TPX>
<bikeapp:Resistance01>17</bikeapp:Resistance01>
<bikeapp:BikeTotalDistanceM>9986.0</bikeapp:BikeTotalDistanceM>
</Extensions>
</Trackpoint>
<Trackpoint>
<Time>2026-05-29T20:55:30.248Z</Time>
<DistanceMeters>9801.3</DistanceMeters>
<HeartRateBpm><Value>137</Value></HeartRateBpm>
<Cadence>79</Cadence>
<Extensions>
<ns3:TPX>
<ns3:Speed>8.100</ns3:Speed>
<ns3:Watts>223</ns3:Watts>
</ns3:TPX>
<bikeapp:Resistance01>17</bikeapp:Resistance01>
<bikeapp:BikeTotalDistanceM>9995.0</bikeapp:BikeTotalDistanceM>
</Extensions>
</Trackpoint>
<Trackpoint>
<Time>2026-05-29T20:55:31.251Z</Time>
<DistanceMeters>9809.4</DistanceMeters>
<HeartRateBpm><Value>138</Value></HeartRateBpm>
<Cadence>78</Cadence>
<Extensions>
<ns3:TPX>
<ns3:Speed>8.099</ns3:Speed>
<ns3:Watts>219</ns3:Watts>
</ns3:TPX>
<bikeapp:Resistance01>17</bikeapp:Resistance01>
<bikeapp:BikeTotalDistanceM>10003.0</bikeapp:BikeTotalDistanceM>
</Extensions>
</Trackpoint>
<Trackpoint>
<Time>2026-05-29T20:55:32.761Z</Time>
<DistanceMeters>9821.6</DistanceMeters>
<HeartRateBpm><Value>138</Value></HeartRateBpm>
<Cadence>77</Cadence>
<Extensions>
<ns3:TPX>
<ns3:Speed>8.064</ns3:Speed>
<ns3:Watts>215</ns3:Watts>
</ns3:TPX>
<bikeapp:Resistance01>17</bikeapp:Resistance01>
<bikeapp:BikeTotalDistanceM>10011.0</bikeapp:BikeTotalDistanceM>
</Extensions>
</Trackpoint>
<Trackpoint>
<Time>2026-05-29T20:55:34.259Z</Time>
<DistanceMeters>9833.7</DistanceMeters>
<HeartRateBpm><Value>138</Value></HeartRateBpm>
<Cadence>78</Cadence>
<Extensions>
<ns3:TPX>
<ns3:Speed>8.052</ns3:Speed>
<ns3:Watts>219</ns3:Watts>
</ns3:TPX>
<bikeapp:Resistance01>17</bikeapp:Resistance01>
<bikeapp:BikeTotalDistanceM>10027.0</bikeapp:BikeTotalDistanceM>
</Extensions>
</Trackpoint>
<Trackpoint>
<Time>2026-05-29T20:55:35.748Z</Time>
<DistanceMeters>9845.7</DistanceMeters>
<HeartRateBpm><Value>138</Value></HeartRateBpm>
<Cadence>78</Cadence>
<Extensions>
<ns3:TPX>
<ns3:Speed>8.063</ns3:Speed>
<ns3:Watts>219</ns3:Watts>
</ns3:TPX>
<bikeapp:Resistance01>17</bikeapp:Resistance01>
<bikeapp:BikeTotalDistanceM>10035.0</bikeapp:BikeTotalDistanceM>
</Extensions>
</Trackpoint>
<Trackpoint>
<Time>2026-05-29T20:55:36.748Z</Time>
<DistanceMeters>9853.8</DistanceMeters>
<HeartRateBpm><Value>138</Value></HeartRateBpm>
<Cadence>78</Cadence>
<Extensions>
<ns3:TPX>
<ns3:Speed>8.067</ns3:Speed>
<ns3:Watts>219</ns3:Watts>
</ns3:TPX>
<bikeapp:Resistance01>17</bikeapp:Resistance01>
<bikeapp:BikeTotalDistanceM>10043.0</bikeapp:BikeTotalDistanceM>
</Extensions>
</Trackpoint>
<Trackpoint>
<Time>2026-05-29T20:55:38.248Z</Time>
<DistanceMeters>9865.9</DistanceMeters>
<HeartRateBpm><Value>138</Value></HeartRateBpm>
<Cadence>80</Cadence>
<Extensions>
<ns3:TPX>
<ns3:Speed>8.098</ns3:Speed>
<ns3:Watts>228</ns3:Watts>
</ns3:TPX>
<bikeapp:Resistance01>17</bikeapp:Resistance01>
<bikeapp:BikeTotalDistanceM>10059.0</bikeapp:BikeTotalDistanceM>
</Extensions>
</Trackpoint>
<Trackpoint>
<Time>2026-05-29T20:55:39.748Z</Time>
<DistanceMeters>9878.0</DistanceMeters>
<HeartRateBpm><Value>140</Value></HeartRateBpm>
<Cadence>78</Cadence>
<Extensions>
<ns3:TPX>
<ns3:Speed>8.103</ns3:Speed>
<ns3:Watts>219</ns3:Watts>
</ns3:TPX>
<bikeapp:Resistance01>17</bikeapp:Resistance01>
<bikeapp:BikeTotalDistanceM>10067.0</bikeapp:BikeTotalDistanceM>
</Extensions>
</Trackpoint>
<Trackpoint>
<Time>2026-05-29T20:55:41.248Z</Time>
<DistanceMeters>9890.2</DistanceMeters>
<HeartRateBpm><Value>141</Value></HeartRateBpm>
<Cadence>79</Cadence>
<Extensions>
<ns3:TPX>
<ns3:Speed>8.083</ns3:Speed>
<ns3:Watts>223</ns3:Watts>
</ns3:TPX>
<bikeapp:Resistance01>17</bikeapp:Resistance01>
<bikeapp:BikeTotalDistanceM>10083.0</bikeapp:BikeTotalDistanceM>
</Extensions>
</Trackpoint>
<Trackpoint>
<Time>2026-05-29T20:55:42.748Z</Time>
<DistanceMeters>9902.3</DistanceMeters>
<HeartRateBpm><Value>142</Value></HeartRateBpm>
<Cadence>80</Cadence>
<Extensions>
<ns3:TPX>
<ns3:Speed>8.135</ns3:Speed>
<ns3:Watts>228</ns3:Watts>
</ns3:TPX>
<bikeapp:Resistance01>17</bikeapp:Resistance01>
<bikeapp:BikeTotalDistanceM>10092.0</bikeapp:BikeTotalDistanceM>
</Extensions>
</Trackpoint>
<Trackpoint>
<Time>2026-05-29T20:55:44.248Z</Time>
<DistanceMeters>9914.6</DistanceMeters>
<HeartRateBpm><Value>142</Value></HeartRateBpm>
<Cadence>79</Cadence>
<Extensions>
<ns3:TPX>
<ns3:Speed>8.154</ns3:Speed>
<ns3:Watts>223</ns3:Watts>
</ns3:TPX>
<bikeapp:Resistance01>17</bikeapp:Resistance01>
<bikeapp:BikeTotalDistanceM>10108.0</bikeapp:BikeTotalDistanceM>
</Extensions>
</Trackpoint>
<Trackpoint>
<Time>2026-05-29T20:55:45.748Z</Time>
<DistanceMeters>9926.8</DistanceMeters>
<HeartRateBpm><Value>140</Value></HeartRateBpm>
<Cadence>78</Cadence>
<Extensions>
<ns3:TPX>
<ns3:Speed>8.120</ns3:Speed>
<ns3:Watts>219</ns3:Watts>
</ns3:TPX>
<bikeapp:Resistance01>17</bikeapp:Resistance01>
<bikeapp:BikeTotalDistanceM>10116.0</bikeapp:BikeTotalDistanceM>
</Extensions>
</Trackpoint>
<Trackpoint>
<Time>2026-05-29T20:55:46.750Z</Time>
<DistanceMeters>9934.9</DistanceMeters>
<HeartRateBpm><Value>139</Value></HeartRateBpm>
<Cadence>78</Cadence>
<Extensions>
<ns3:TPX>
<ns3:Speed>8.102</ns3:Speed>
<ns3:Watts>219</ns3:Watts>
</ns3:TPX>
<bikeapp:Resistance01>17</bikeapp:Resistance01>
<bikeapp:BikeTotalDistanceM>10124.0</bikeapp:BikeTotalDistanceM>
</Extensions>
</Trackpoint>
<Trackpoint>
<Time>2026-05-29T20:55:48.256Z</Time>
<DistanceMeters>9947.1</DistanceMeters>
<HeartRateBpm><Value>138</Value></HeartRateBpm>
<Cadence>77</Cadence>
<Extensions>
<ns3:TPX>
<ns3:Speed>8.075</ns3:Speed>
<ns3:Watts>215</ns3:Watts>
</ns3:TPX>
<bikeapp:Resistance01>17</bikeapp:Resistance01>
<bikeapp:BikeTotalDistanceM>10140.0</bikeapp:BikeTotalDistanceM>
</Extensions>
</Trackpoint>
<Trackpoint>
<Time>2026-05-29T20:55:49.748Z</Time>
<DistanceMeters>9959.1</DistanceMeters>
<HeartRateBpm><Value>136</Value></HeartRateBpm>
<Cadence>76</Cadence>
<Extensions>
<ns3:TPX>
<ns3:Speed>8.022</ns3:Speed>
<ns3:Watts>211</ns3:Watts>
</ns3:TPX>
<bikeapp:Resistance01>17</bikeapp:Resistance01>
<bikeapp:BikeTotalDistanceM>10148.0</bikeapp:BikeTotalDistanceM>
</Extensions>
</Trackpoint>
<Trackpoint>
<Time>2026-05-29T20:55:50.748Z</Time>
<DistanceMeters>9967.1</DistanceMeters>
<HeartRateBpm><Value>136</Value></HeartRateBpm>
<Cadence>75</Cadence>
<Extensions>
<ns3:TPX>
<ns3:Speed>7.974</ns3:Speed>
<ns3:Watts>207</ns3:Watts>
</ns3:TPX>
<bikeapp:Resistance01>17</bikeapp:Resistance01>
<bikeapp:BikeTotalDistanceM>10156.0</bikeapp:BikeTotalDistanceM>
</Extensions>
</Trackpoint>
<Trackpoint>
<Time>2026-05-29T20:55:52.248Z</Time>
<DistanceMeters>9979.0</DistanceMeters>
<HeartRateBpm><Value>136</Value></HeartRateBpm>
<Cadence>78</Cadence>
<Extensions>
<ns3:TPX>
<ns3:Speed>7.991</ns3:Speed>
<ns3:Watts>219</ns3:Watts>
</ns3:TPX>
<bikeapp:Resistance01>17</bikeapp:Resistance01>
<bikeapp:BikeTotalDistanceM>10172.0</bikeapp:BikeTotalDistanceM>
</Extensions>
</Trackpoint>
<Trackpoint>
<Time>2026-05-29T20:55:53.261Z</Time>
<DistanceMeters>9987.1</DistanceMeters>
<HeartRateBpm><Value>136</Value></HeartRateBpm>
<Cadence>78</Cadence>
<Extensions>
<ns3:TPX>
<ns3:Speed>8.024</ns3:Speed>
<ns3:Watts>219</ns3:Watts>
</ns3:TPX>
<bikeapp:Resistance01>17</bikeapp:Resistance01>
<bikeapp:BikeTotalDistanceM>10180.0</bikeapp:BikeTotalDistanceM>
</Extensions>
</Trackpoint>
<Trackpoint>
<Time>2026-05-29T20:55:54.747Z</Time>
<DistanceMeters>9999.1</DistanceMeters>
<HeartRateBpm><Value>137</Value></HeartRateBpm>
<Cadence>76</Cadence>
<Extensions>
<ns3:TPX>
<ns3:Speed>8.005</ns3:Speed>
<ns3:Watts>211</ns3:Watts>
</ns3:TPX>
<bikeapp:Resistance01>17</bikeapp:Resistance01>
<bikeapp:BikeTotalDistanceM>10188.0</bikeapp:BikeTotalDistanceM>
</Extensions>
</Trackpoint>
<Trackpoint>
<Time>2026-05-29T20:55:55.748Z</Time>
<DistanceMeters>10007.0</DistanceMeters>
<HeartRateBpm><Value>137</Value></HeartRateBpm>
<Cadence>74</Cadence>
<Extensions>
<ns3:TPX>
<ns3:Speed>7.935</ns3:Speed>
<ns3:Watts>202</ns3:Watts>
</ns3:TPX>
<bikeapp:Resistance01>17</bikeapp:Resistance01>
<bikeapp:BikeTotalDistanceM>10196.0</bikeapp:BikeTotalDistanceM>
</Extensions>
</Trackpoint>
<Trackpoint>
<Time>2026-05-29T20:55:57.248Z</Time>
<DistanceMeters>10018.9</DistanceMeters>
<HeartRateBpm><Value>138</Value></HeartRateBpm>
<Cadence>77</Cadence>
<Extensions>
<ns3:TPX>
<ns3:Speed>7.942</ns3:Speed>
<ns3:Watts>215</ns3:Watts>
</ns3:TPX>
<bikeapp:Resistance01>17</bikeapp:Resistance01>
<bikeapp:BikeTotalDistanceM>10211.0</bikeapp:BikeTotalDistanceM>
</Extensions>
</Trackpoint>
<Trackpoint>
<Time>2026-05-29T20:55:58.248Z</Time>
<DistanceMeters>10026.9</DistanceMeters>
<HeartRateBpm><Value>138</Value></HeartRateBpm>
<Cadence>77</Cadence>
<Extensions>
<ns3:TPX>
<ns3:Speed>7.971</ns3:Speed>
<ns3:Watts>215</ns3:Watts>
</ns3:TPX>
<bikeapp:Resistance01>17</bikeapp:Resistance01>
<bikeapp:BikeTotalDistanceM>10219.0</bikeapp:BikeTotalDistanceM>
</Extensions>
</Trackpoint>
<Trackpoint>
<Time>2026-05-29T20:55:59.748Z</Time>
<DistanceMeters>10038.9</DistanceMeters>
<HeartRateBpm><Value>137</Value></HeartRateBpm>
<Cadence>77</Cadence>
<Extensions>
<ns3:TPX>
<ns3:Speed>7.995</ns3:Speed>
<ns3:Watts>215</ns3:Watts>
</ns3:TPX>
<bikeapp:Resistance01>17</bikeapp:Resistance01>
<bikeapp:BikeTotalDistanceM>10227.0</bikeapp:BikeTotalDistanceM>
</Extensions>
</Trackpoint>
<Trackpoint>
<Time>2026-05-29T20:56:00.760Z</Time>
<DistanceMeters>10047.0</DistanceMeters>
<HeartRateBpm><Value>137</Value></HeartRateBpm>
<Cadence>77</Cadence>
<Extensions>
<ns3:TPX>
<ns3:Speed>8.003</ns3:Speed>
<ns3:Watts>215</ns3:Watts>
</ns3:TPX>
<bikeapp:Resistance01>17</bikeapp:Resistance01>
<bikeapp:BikeTotalDistanceM>10235.0</bikeapp:BikeTotalDistanceM>
</Extensions>
</Trackpoint>
<Trackpoint>
<Time>2026-05-29T20:56:02.248Z</Time>
<DistanceMeters>10058.9</DistanceMeters>
<HeartRateBpm><Value>135</Value></HeartRateBpm>
<Cadence>79</Cadence>
<Extensions>
<ns3:TPX>
<ns3:Speed>8.052</ns3:Speed>
<ns3:Watts>223</ns3:Watts>
</ns3:TPX>
<bikeapp:Resistance01>17</bikeapp:Resistance01>
<bikeapp:BikeTotalDistanceM>10252.0</bikeapp:BikeTotalDistanceM>
</Extensions>
</Trackpoint>
<Trackpoint>
<Time>2026-05-29T20:56:03.261Z</Time>
<DistanceMeters>10067.1</DistanceMeters>
<HeartRateBpm><Value>134</Value></HeartRateBpm>
<Cadence>79</Cadence>
<Extensions>
<ns3:TPX>
<ns3:Speed>8.083</ns3:Speed>
<ns3:Watts>223</ns3:Watts>
</ns3:TPX>
<bikeapp:Resistance01>17</bikeapp:Resistance01>
<bikeapp:BikeTotalDistanceM>10260.0</bikeapp:BikeTotalDistanceM>
</Extensions>
</Trackpoint>
<Trackpoint>
<Time>2026-05-29T20:56:04.262Z</Time>
<DistanceMeters>10075.2</DistanceMeters>
<HeartRateBpm><Value>134</Value></HeartRateBpm>
<Cadence>79</Cadence>
<Extensions>
<ns3:TPX>
<ns3:Speed>8.101</ns3:Speed>
<ns3:Watts>223</ns3:Watts>
</ns3:TPX>
<bikeapp:Resistance01>17</bikeapp:Resistance01>
<bikeapp:BikeTotalDistanceM>10268.0</bikeapp:BikeTotalDistanceM>
</Extensions>
</Trackpoint>
<Trackpoint>
<Time>2026-05-29T20:56:05.763Z</Time>
<DistanceMeters>10087.3</DistanceMeters>
<HeartRateBpm><Value>135</Value></HeartRateBpm>
<Cadence>77</Cadence>
<Extensions>
<ns3:TPX>
<ns3:Speed>8.072</ns3:Speed>
<ns3:Watts>215</ns3:Watts>
</ns3:TPX>
<bikeapp:Resistance01>17</bikeapp:Resistance01>
<bikeapp:BikeTotalDistanceM>10276.0</bikeapp:BikeTotalDistanceM>
</Extensions>
</Trackpoint>
<Trackpoint>
<Time>2026-05-29T20:56:07.260Z</Time>
<DistanceMeters>10099.4</DistanceMeters>
<HeartRateBpm><Value>135</Value></HeartRateBpm>
<Cadence>78</Cadence>
<Extensions>
<ns3:TPX>
<ns3:Speed>8.073</ns3:Speed>
<ns3:Watts>219</ns3:Watts>
</ns3:TPX>
<bikeapp:Resistance01>17</bikeapp:Resistance01>
<bikeapp:BikeTotalDistanceM>10292.0</bikeapp:BikeTotalDistanceM>
</Extensions>
</Trackpoint>
<Trackpoint>
<Time>2026-05-29T20:56:08.773Z</Time>
<DistanceMeters>10111.6</DistanceMeters>
<HeartRateBpm><Value>137</Value></HeartRateBpm>
<Cadence>77</Cadence>
<Extensions>
<ns3:TPX>
<ns3:Speed>8.051</ns3:Speed>
<ns3:Watts>215</ns3:Watts>
</ns3:TPX>
<bikeapp:Resistance01>17</bikeapp:Resistance01>
<bikeapp:BikeTotalDistanceM>10300.0</bikeapp:BikeTotalDistanceM>
</Extensions>
</Trackpoint>
<Trackpoint>
<Time>2026-05-29T20:56:10.261Z</Time>
<DistanceMeters>10123.6</DistanceMeters>
<HeartRateBpm><Value>136</Value></HeartRateBpm>
<Cadence>77</Cadence>
<Extensions>
<ns3:TPX>
<ns3:Speed>8.050</ns3:Speed>
<ns3:Watts>215</ns3:Watts>
</ns3:TPX>
<bikeapp:Resistance01>17</bikeapp:Resistance01>
<bikeapp:BikeTotalDistanceM>10316.0</bikeapp:BikeTotalDistanceM>
</Extensions>
</Trackpoint>
<Trackpoint>
<Time>2026-05-29T20:56:11.761Z</Time>
<DistanceMeters>10135.6</DistanceMeters>
<HeartRateBpm><Value>136</Value></HeartRateBpm>
<Cadence>76</Cadence>
<Extensions>
<ns3:TPX>
<ns3:Speed>8.010</ns3:Speed>
<ns3:Watts>211</ns3:Watts>
</ns3:TPX>
<bikeapp:Resistance01>17</bikeapp:Resistance01>
<bikeapp:BikeTotalDistanceM>10324.0</bikeapp:BikeTotalDistanceM>
</Extensions>
</Trackpoint>
<Trackpoint>
<Time>2026-05-29T20:56:13.273Z</Time>
<DistanceMeters>10147.8</DistanceMeters>
<HeartRateBpm><Value>136</Value></HeartRateBpm>
<Cadence>78</Cadence>
<Extensions>
<ns3:TPX>
<ns3:Speed>8.026</ns3:Speed>
<ns3:Watts>219</ns3:Watts>
</ns3:TPX>
<bikeapp:Resistance01>17</bikeapp:Resistance01>
<bikeapp:BikeTotalDistanceM>10340.0</bikeapp:BikeTotalDistanceM>
</Extensions>
</Trackpoint>
<Trackpoint>
<Time>2026-05-29T20:56:14.760Z</Time>
<DistanceMeters>10159.7</DistanceMeters>
<HeartRateBpm><Value>135</Value></HeartRateBpm>
<Cadence>77</Cadence>
<Extensions>
<ns3:TPX>
<ns3:Speed>8.029</ns3:Speed>
<ns3:Watts>215</ns3:Watts>
</ns3:TPX>
<bikeapp:Resistance01>17</bikeapp:Resistance01>
<bikeapp:BikeTotalDistanceM>10348.0</bikeapp:BikeTotalDistanceM>
</Extensions>
</Trackpoint>
<Trackpoint>
<Time>2026-05-29T20:56:15.761Z</Time>
<DistanceMeters>10167.7</DistanceMeters>
<HeartRateBpm><Value>135</Value></HeartRateBpm>
<Cadence>77</Cadence>
<Extensions>
<ns3:TPX>
<ns3:Speed>8.024</ns3:Speed>
<ns3:Watts>215</ns3:Watts>
</ns3:TPX>
<bikeapp:Resistance01>17</bikeapp:Resistance01>
<bikeapp:BikeTotalDistanceM>10356.0</bikeapp:BikeTotalDistanceM>
</Extensions>
</Trackpoint>
<Trackpoint>
<Time>2026-05-29T20:56:17.249Z</Time>
<DistanceMeters>10179.6</DistanceMeters>
<HeartRateBpm><Value>135</Value></HeartRateBpm>
<Cadence>77</Cadence>
<Extensions>
<ns3:TPX>
<ns3:Speed>8.002</ns3:Speed>
<ns3:Watts>215</ns3:Watts>
</ns3:TPX>
<bikeapp:Resistance01>17</bikeapp:Resistance01>
<bikeapp:BikeTotalDistanceM>10372.0</bikeapp:BikeTotalDistanceM>
</Extensions>
</Trackpoint>
<Trackpoint>
<Time>2026-05-29T20:56:18.261Z</Time>
<DistanceMeters>10187.7</DistanceMeters>
<HeartRateBpm><Value>135</Value></HeartRateBpm>
<Cadence>77</Cadence>
<Extensions>
<ns3:TPX>
<ns3:Speed>8.008</ns3:Speed>
<ns3:Watts>215</ns3:Watts>
</ns3:TPX>
<bikeapp:Resistance01>17</bikeapp:Resistance01>
<bikeapp:BikeTotalDistanceM>10380.0</bikeapp:BikeTotalDistanceM>
</Extensions>
</Trackpoint>
<Trackpoint>
<Time>2026-05-29T20:56:19.261Z</Time>
<DistanceMeters>10195.8</DistanceMeters>
<HeartRateBpm><Value>134</Value></HeartRateBpm>
<Cadence>78</Cadence>
<Extensions>
<ns3:TPX>
<ns3:Speed>8.024</ns3:Speed>
<ns3:Watts>219</ns3:Watts>
</ns3:TPX>
<bikeapp:Resistance01>17</bikeapp:Resistance01>
<bikeapp:BikeTotalDistanceM>10388.0</bikeapp:BikeTotalDistanceM>
</Extensions>
</Trackpoint>
<Trackpoint>
<Time>2026-05-29T20:56:20.767Z</Time>
<DistanceMeters>10207.9</DistanceMeters>
<HeartRateBpm><Value>134</Value></HeartRateBpm>
<Cadence>79</Cadence>
<Extensions>
<ns3:TPX>
<ns3:Speed>8.072</ns3:Speed>
<ns3:Watts>223</ns3:Watts>
</ns3:TPX>
<bikeapp:Resistance01>17</bikeapp:Resistance01>
<bikeapp:BikeTotalDistanceM>10396.0</bikeapp:BikeTotalDistanceM>
</Extensions>
</Trackpoint>
<Trackpoint>
<Time>2026-05-29T20:56:22.262Z</Time>
<DistanceMeters>10219.9</DistanceMeters>
<HeartRateBpm><Value>133</Value></HeartRateBpm>
<Cadence>76</Cadence>
<Extensions>
<ns3:TPX>
<ns3:Speed>8.047</ns3:Speed>
<ns3:Watts>211</ns3:Watts>
</ns3:TPX>
<bikeapp:Resistance01>17</bikeapp:Resistance01>
<bikeapp:BikeTotalDistanceM>10412.0</bikeapp:BikeTotalDistanceM>
</Extensions>
</Trackpoint>
<Trackpoint>
<Time>2026-05-29T20:56:23.762Z</Time>
<DistanceMeters>10232.0</DistanceMeters>
<HeartRateBpm><Value>134</Value></HeartRateBpm>
<Cadence>77</Cadence>
<Extensions>
<ns3:TPX>
<ns3:Speed>8.023</ns3:Speed>
<ns3:Watts>215</ns3:Watts>
</ns3:TPX>
<bikeapp:Resistance01>17</bikeapp:Resistance01>
<bikeapp:BikeTotalDistanceM>10420.0</bikeapp:BikeTotalDistanceM>
</Extensions>
</Trackpoint>
<Trackpoint>
<Time>2026-05-29T20:56:25.261Z</Time>
<DistanceMeters>10244.0</DistanceMeters>
<HeartRateBpm><Value>135</Value></HeartRateBpm>
<Cadence>78</Cadence>
<Extensions>
<ns3:TPX>
<ns3:Speed>8.050</ns3:Speed>
<ns3:Watts>219</ns3:Watts>
</ns3:TPX>
<bikeapp:Resistance01>17</bikeapp:Resistance01>
<bikeapp:BikeTotalDistanceM>10436.0</bikeapp:BikeTotalDistanceM>
</Extensions>
</Trackpoint>
<Trackpoint>
<Time>2026-05-29T20:56:26.761Z</Time>
<DistanceMeters>10256.1</DistanceMeters>
<HeartRateBpm><Value>137</Value></HeartRateBpm>
<Cadence>78</Cadence>
<Extensions>
<ns3:TPX>
<ns3:Speed>8.062</ns3:Speed>
<ns3:Watts>219</ns3:Watts>
</ns3:TPX>
<bikeapp:Resistance01>17</bikeapp:Resistance01>
<bikeapp:BikeTotalDistanceM>10444.0</bikeapp:BikeTotalDistanceM>
</Extensions>
</Trackpoint>
<Trackpoint>
<Time>2026-05-29T20:56:28.261Z</Time>
<DistanceMeters>10268.2</DistanceMeters>
<HeartRateBpm><Value>137</Value></HeartRateBpm>
<Cadence>78</Cadence>
<Extensions>
<ns3:TPX>
<ns3:Speed>8.068</ns3:Speed>
<ns3:Watts>219</ns3:Watts>
</ns3:TPX>
<bikeapp:Resistance01>17</bikeapp:Resistance01>
<bikeapp:BikeTotalDistanceM>10460.0</bikeapp:BikeTotalDistanceM>
</Extensions>
</Trackpoint>
<Trackpoint>
<Time>2026-05-29T20:56:29.761Z</Time>
<DistanceMeters>10280.3</DistanceMeters>
<HeartRateBpm><Value>136</Value></HeartRateBpm>
<Cadence>78</Cadence>
<Extensions>
<ns3:TPX>
<ns3:Speed>8.071</ns3:Speed>
<ns3:Watts>219</ns3:Watts>
</ns3:TPX>
<bikeapp:Resistance01>17</bikeapp:Resistance01>
<bikeapp:BikeTotalDistanceM>10468.0</bikeapp:BikeTotalDistanceM>
</Extensions>
</Trackpoint>
<Trackpoint>
<Time>2026-05-29T20:56:31.261Z</Time>
<DistanceMeters>10292.4</DistanceMeters>
<HeartRateBpm><Value>135</Value></HeartRateBpm>
<Cadence>77</Cadence>
<Extensions>
<ns3:TPX>
<ns3:Speed>8.043</ns3:Speed>
<ns3:Watts>215</ns3:Watts>
</ns3:TPX>
<bikeapp:Resistance01>17</bikeapp:Resistance01>
<bikeapp:BikeTotalDistanceM>10484.0</bikeapp:BikeTotalDistanceM>
</Extensions>
</Trackpoint>
<Trackpoint>
<Time>2026-05-29T20:56:32.761Z</Time>
<DistanceMeters>10304.5</DistanceMeters>
<HeartRateBpm><Value>135</Value></HeartRateBpm>
<Cadence>78</Cadence>
<Extensions>
<ns3:TPX>
<ns3:Speed>8.051</ns3:Speed>
<ns3:Watts>219</ns3:Watts>
</ns3:TPX>
<bikeapp:Resistance01>17</bikeapp:Resistance01>
<bikeapp:BikeTotalDistanceM>10492.0</bikeapp:BikeTotalDistanceM>
</Extensions>
</Trackpoint>
<Trackpoint>
<Time>2026-05-29T20:56:34.261Z</Time>
<DistanceMeters>10316.5</DistanceMeters>
<HeartRateBpm><Value>135</Value></HeartRateBpm>
<Cadence>78</Cadence>
<Extensions>
<ns3:TPX>
<ns3:Speed>8.029</ns3:Speed>
<ns3:Watts>219</ns3:Watts>
</ns3:TPX>
<bikeapp:Resistance01>17</bikeapp:Resistance01>
<bikeapp:BikeTotalDistanceM>10508.0</bikeapp:BikeTotalDistanceM>
</Extensions>
</Trackpoint>
<Trackpoint>
<Time>2026-05-29T20:56:35.761Z</Time>
<DistanceMeters>10328.6</DistanceMeters>
<HeartRateBpm><Value>135</Value></HeartRateBpm>
<Cadence>77</Cadence>
<Extensions>
<ns3:TPX>
<ns3:Speed>8.030</ns3:Speed>
<ns3:Watts>215</ns3:Watts>
</ns3:TPX>
<bikeapp:Resistance01>17</bikeapp:Resistance01>
<bikeapp:BikeTotalDistanceM>10516.0</bikeapp:BikeTotalDistanceM>
</Extensions>
</Trackpoint>
<Trackpoint>
<Time>2026-05-29T20:56:37.261Z</Time>
<DistanceMeters>10340.6</DistanceMeters>
<HeartRateBpm><Value>136</Value></HeartRateBpm>
<Cadence>77</Cadence>
<Extensions>
<ns3:TPX>
<ns3:Speed>8.006</ns3:Speed>
<ns3:Watts>215</ns3:Watts>
</ns3:TPX>
<bikeapp:Resistance01>17</bikeapp:Resistance01>
<bikeapp:BikeTotalDistanceM>10532.0</bikeapp:BikeTotalDistanceM>
</Extensions>
</Trackpoint>
<Trackpoint>
<Time>2026-05-29T20:56:38.760Z</Time>
<DistanceMeters>10352.6</DistanceMeters>
<HeartRateBpm><Value>138</Value></HeartRateBpm>
<Cadence>77</Cadence>
<Extensions>
<ns3:TPX>
<ns3:Speed>8.011</ns3:Speed>
<ns3:Watts>215</ns3:Watts>
</ns3:TPX>
<bikeapp:Resistance01>17</bikeapp:Resistance01>
<bikeapp:BikeTotalDistanceM>10540.0</bikeapp:BikeTotalDistanceM>
</Extensions>
</Trackpoint>
<Trackpoint>
<Time>2026-05-29T20:56:40.261Z</Time>
<DistanceMeters>10364.6</DistanceMeters>
<HeartRateBpm><Value>138</Value></HeartRateBpm>
<Cadence>76</Cadence>
<Extensions>
<ns3:TPX>
<ns3:Speed>7.984</ns3:Speed>
<ns3:Watts>211</ns3:Watts>
</ns3:TPX>
<bikeapp:Resistance01>17</bikeapp:Resistance01>
<bikeapp:BikeTotalDistanceM>10556.0</bikeapp:BikeTotalDistanceM>
</Extensions>
</Trackpoint>
<Trackpoint>
<Time>2026-05-29T20:56:41.761Z</Time>
<DistanceMeters>10376.5</DistanceMeters>
<HeartRateBpm><Value>138</Value></HeartRateBpm>
<Cadence>75</Cadence>
<Extensions>
<ns3:TPX>
<ns3:Speed>7.948</ns3:Speed>
<ns3:Watts>207</ns3:Watts>
</ns3:TPX>
<bikeapp:Resistance01>17</bikeapp:Resistance01>
<bikeapp:BikeTotalDistanceM>10564.0</bikeapp:BikeTotalDistanceM>
</Extensions>
</Trackpoint>
<Trackpoint>
<Time>2026-05-29T20:56:43.261Z</Time>
<DistanceMeters>10388.5</DistanceMeters>
<HeartRateBpm><Value>137</Value></HeartRateBpm>
<Cadence>78</Cadence>
<Extensions>
<ns3:TPX>
<ns3:Speed>7.996</ns3:Speed>
<ns3:Watts>219</ns3:Watts>
</ns3:TPX>
<bikeapp:Resistance01>17</bikeapp:Resistance01>
<bikeapp:BikeTotalDistanceM>10580.0</bikeapp:BikeTotalDistanceM>
</Extensions>
</Trackpoint>
<Trackpoint>
<Time>2026-05-29T20:56:44.761Z</Time>
<DistanceMeters>10400.5</DistanceMeters>
<HeartRateBpm><Value>136</Value></HeartRateBpm>
<Cadence>77</Cadence>
<Extensions>
<ns3:TPX>
<ns3:Speed>8.014</ns3:Speed>
<ns3:Watts>215</ns3:Watts>
</ns3:TPX>
<bikeapp:Resistance01>17</bikeapp:Resistance01>
<bikeapp:BikeTotalDistanceM>10588.0</bikeapp:BikeTotalDistanceM>
</Extensions>
</Trackpoint>
<Trackpoint>
<Time>2026-05-29T20:56:46.262Z</Time>
<DistanceMeters>10412.5</DistanceMeters>
<HeartRateBpm><Value>135</Value></HeartRateBpm>
<Cadence>77</Cadence>
<Extensions>
<ns3:TPX>
<ns3:Speed>8.015</ns3:Speed>
<ns3:Watts>215</ns3:Watts>
</ns3:TPX>
<bikeapp:Resistance01>17</bikeapp:Resistance01>
<bikeapp:BikeTotalDistanceM>10604.0</bikeapp:BikeTotalDistanceM>
</Extensions>
</Trackpoint>
<Trackpoint>
<Time>2026-05-29T20:56:47.761Z</Time>
<DistanceMeters>10424.5</DistanceMeters>
<HeartRateBpm><Value>134</Value></HeartRateBpm>
<Cadence>76</Cadence>
<Extensions>
<ns3:TPX>
<ns3:Speed>7.993</ns3:Speed>
<ns3:Watts>211</ns3:Watts>
</ns3:TPX>
<bikeapp:Resistance01>17</bikeapp:Resistance01>
<bikeapp:BikeTotalDistanceM>10612.0</bikeapp:BikeTotalDistanceM>
</Extensions>
</Trackpoint>
<Trackpoint>
<Time>2026-05-29T20:56:49.261Z</Time>
<DistanceMeters>10436.5</DistanceMeters>
<HeartRateBpm><Value>135</Value></HeartRateBpm>
<Cadence>77</Cadence>
<Extensions>
<ns3:TPX>
<ns3:Speed>7.988</ns3:Speed>
<ns3:Watts>215</ns3:Watts>
</ns3:TPX>
<bikeapp:Resistance01>17</bikeapp:Resistance01>
<bikeapp:BikeTotalDistanceM>10627.0</bikeapp:BikeTotalDistanceM>
</Extensions>
</Trackpoint>
<Trackpoint>
<Time>2026-05-29T20:56:50.760Z</Time>
<DistanceMeters>10448.5</DistanceMeters>
<HeartRateBpm><Value>135</Value></HeartRateBpm>
<Cadence>78</Cadence>
<Extensions>
<ns3:TPX>
<ns3:Speed>8.025</ns3:Speed>
<ns3:Watts>219</ns3:Watts>
</ns3:TPX>
<bikeapp:Resistance01>17</bikeapp:Resistance01>
<bikeapp:BikeTotalDistanceM>10635.0</bikeapp:BikeTotalDistanceM>
</Extensions>
</Trackpoint>
<Trackpoint>
<Time>2026-05-29T20:56:52.261Z</Time>
<DistanceMeters>10460.7</DistanceMeters>
<HeartRateBpm><Value>136</Value></HeartRateBpm>
<Cadence>82</Cadence>
<Extensions>
<ns3:TPX>
<ns3:Speed>8.150</ns3:Speed>
<ns3:Watts>239</ns3:Watts>
</ns3:TPX>
<bikeapp:Resistance01>17</bikeapp:Resistance01>
<bikeapp:BikeTotalDistanceM>10652.0</bikeapp:BikeTotalDistanceM>
</Extensions>
</Trackpoint>
<Trackpoint>
<Time>2026-05-29T20:56:53.761Z</Time>
<DistanceMeters>10473.0</DistanceMeters>
<HeartRateBpm><Value>137</Value></HeartRateBpm>
<Cadence>82</Cadence>
<Extensions>
<ns3:TPX>
<ns3:Speed>8.254</ns3:Speed>
<ns3:Watts>239</ns3:Watts>
</ns3:TPX>
<bikeapp:Resistance01>17</bikeapp:Resistance01>
<bikeapp:BikeTotalDistanceM>10661.0</bikeapp:BikeTotalDistanceM>
</Extensions>
</Trackpoint>
<Trackpoint>
<Time>2026-05-29T20:56:55.262Z</Time>
<DistanceMeters>10485.4</DistanceMeters>
<HeartRateBpm><Value>138</Value></HeartRateBpm>
<Cadence>80</Cadence>
<Extensions>
<ns3:TPX>
<ns3:Speed>8.247</ns3:Speed>
<ns3:Watts>228</ns3:Watts>
</ns3:TPX>
<bikeapp:Resistance01>17</bikeapp:Resistance01>
<bikeapp:BikeTotalDistanceM>10677.0</bikeapp:BikeTotalDistanceM>
</Extensions>
</Trackpoint>
<Trackpoint>
<Time>2026-05-29T20:56:56.762Z</Time>
<DistanceMeters>10497.7</DistanceMeters>
<HeartRateBpm><Value>139</Value></HeartRateBpm>
<Cadence>78</Cadence>
<Extensions>
<ns3:TPX>
<ns3:Speed>8.174</ns3:Speed>
<ns3:Watts>219</ns3:Watts>
</ns3:TPX>
<bikeapp:Resistance01>17</bikeapp:Resistance01>
<bikeapp:BikeTotalDistanceM>10685.0</bikeapp:BikeTotalDistanceM>
</Extensions>
</Trackpoint>
<Trackpoint>
<Time>2026-05-29T20:56:58.261Z</Time>
<DistanceMeters>10509.9</DistanceMeters>
<HeartRateBpm><Value>139</Value></HeartRateBpm>
<Cadence>78</Cadence>
<Extensions>
<ns3:TPX>
<ns3:Speed>8.122</ns3:Speed>
<ns3:Watts>219</ns3:Watts>
</ns3:TPX>
<bikeapp:Resistance01>17</bikeapp:Resistance01>
<bikeapp:BikeTotalDistanceM>10702.0</bikeapp:BikeTotalDistanceM>
</Extensions>
</Trackpoint>
<Trackpoint>
<Time>2026-05-29T20:56:59.762Z</Time>
<DistanceMeters>10522.1</DistanceMeters>
<HeartRateBpm><Value>139</Value></HeartRateBpm>
<Cadence>78</Cadence>
<Extensions>
<ns3:TPX>
<ns3:Speed>8.097</ns3:Speed>
<ns3:Watts>219</ns3:Watts>
</ns3:TPX>
<bikeapp:Resistance01>17</bikeapp:Resistance01>
<bikeapp:BikeTotalDistanceM>10710.0</bikeapp:BikeTotalDistanceM>
</Extensions>
</Trackpoint>
<Trackpoint>
<Time>2026-05-29T20:57:01.261Z</Time>
<DistanceMeters>10534.2</DistanceMeters>
<HeartRateBpm><Value>139</Value></HeartRateBpm>
<Cadence>79</Cadence>
<Extensions>
<ns3:TPX>
<ns3:Speed>8.114</ns3:Speed>
<ns3:Watts>223</ns3:Watts>
</ns3:TPX>
<bikeapp:Resistance01>17</bikeapp:Resistance01>
<bikeapp:BikeTotalDistanceM>10726.0</bikeapp:BikeTotalDistanceM>
</Extensions>
</Trackpoint>
<Trackpoint>
<Time>2026-05-29T20:57:02.762Z</Time>
<DistanceMeters>10546.4</DistanceMeters>
<HeartRateBpm><Value>139</Value></HeartRateBpm>
<Cadence>80</Cadence>
<Extensions>
<ns3:TPX>
<ns3:Speed>8.150</ns3:Speed>
<ns3:Watts>228</ns3:Watts>
</ns3:TPX>
<bikeapp:Resistance01>17</bikeapp:Resistance01>
<bikeapp:BikeTotalDistanceM>10734.0</bikeapp:BikeTotalDistanceM>
</Extensions>
</Trackpoint>
<Trackpoint>
<Time>2026-05-29T20:57:04.261Z</Time>
<DistanceMeters>10558.6</DistanceMeters>
<HeartRateBpm><Value>139</Value></HeartRateBpm>
<Cadence>78</Cadence>
<Extensions>
<ns3:TPX>
<ns3:Speed>8.127</ns3:Speed>
<ns3:Watts>219</ns3:Watts>
</ns3:TPX>
<bikeapp:Resistance01>17</bikeapp:Resistance01>
<bikeapp:BikeTotalDistanceM>10751.0</bikeapp:BikeTotalDistanceM>
</Extensions>
</Trackpoint>
<Trackpoint>
<Time>2026-05-29T20:57:05.761Z</Time>
<DistanceMeters>10570.8</DistanceMeters>
<HeartRateBpm><Value>140</Value></HeartRateBpm>
<Cadence>79</Cadence>
<Extensions>
<ns3:TPX>
<ns3:Speed>8.121</ns3:Speed>
<ns3:Watts>223</ns3:Watts>
</ns3:TPX>
<bikeapp:Resistance01>17</bikeapp:Resistance01>
<bikeapp:BikeTotalDistanceM>10759.0</bikeapp:BikeTotalDistanceM>
</Extensions>
</Trackpoint>
<Trackpoint>
<Time>2026-05-29T20:57:07.261Z</Time>
<DistanceMeters>10583.1</DistanceMeters>
<HeartRateBpm><Value>140</Value></HeartRateBpm>
<Cadence>77</Cadence>
<Extensions>
<ns3:TPX>
<ns3:Speed>8.142</ns3:Speed>
<ns3:Watts>215</ns3:Watts>
</ns3:TPX>
<bikeapp:Resistance01>17</bikeapp:Resistance01>
<bikeapp:BikeTotalDistanceM>10775.0</bikeapp:BikeTotalDistanceM>
</Extensions>
</Trackpoint>
<Trackpoint>
<Time>2026-05-29T20:57:08.761Z</Time>
<DistanceMeters>10595.1</DistanceMeters>
<HeartRateBpm><Value>140</Value></HeartRateBpm>
<Cadence>73</Cadence>
<Extensions>
<ns3:TPX>
<ns3:Speed>7.979</ns3:Speed>
<ns3:Watts>198</ns3:Watts>
</ns3:TPX>
<bikeapp:Resistance01>17</bikeapp:Resistance01>
<bikeapp:BikeTotalDistanceM>10783.0</bikeapp:BikeTotalDistanceM>
</Extensions>
</Trackpoint>
<Trackpoint>
<Time>2026-05-29T20:57:10.261Z</Time>
<DistanceMeters>10607.0</DistanceMeters>
<HeartRateBpm><Value>140</Value></HeartRateBpm>
<Cadence>75</Cadence>
<Extensions>
<ns3:TPX>
<ns3:Speed>7.897</ns3:Speed>
<ns3:Watts>207</ns3:Watts>
</ns3:TPX>
<bikeapp:Resistance01>17</bikeapp:Resistance01>
<bikeapp:BikeTotalDistanceM>10798.0</bikeapp:BikeTotalDistanceM>
</Extensions>
</Trackpoint>
<Trackpoint>
<Time>2026-05-29T20:57:11.761Z</Time>
<DistanceMeters>10618.8</DistanceMeters>
<HeartRateBpm><Value>140</Value></HeartRateBpm>
<Cadence>75</Cadence>
<Extensions>
<ns3:TPX>
<ns3:Speed>7.898</ns3:Speed>
<ns3:Watts>207</ns3:Watts>
</ns3:TPX>
<bikeapp:Resistance01>17</bikeapp:Resistance01>
<bikeapp:BikeTotalDistanceM>10806.0</bikeapp:BikeTotalDistanceM>
</Extensions>
</Trackpoint>
<Trackpoint>
<Time>2026-05-29T20:57:13.261Z</Time>
<DistanceMeters>10630.7</DistanceMeters>
<HeartRateBpm><Value>139</Value></HeartRateBpm>
<Cadence>78</Cadence>
<Extensions>
<ns3:TPX>
<ns3:Speed>7.955</ns3:Speed>
<ns3:Watts>219</ns3:Watts>
</ns3:TPX>
<bikeapp:Resistance01>17</bikeapp:Resistance01>
<bikeapp:BikeTotalDistanceM>10822.0</bikeapp:BikeTotalDistanceM>
</Extensions>
</Trackpoint>
<Trackpoint>
<Time>2026-05-29T20:57:14.762Z</Time>
<DistanceMeters>10642.8</DistanceMeters>
<HeartRateBpm><Value>137</Value></HeartRateBpm>
<Cadence>79</Cadence>
<Extensions>
<ns3:TPX>
<ns3:Speed>8.039</ns3:Speed>
<ns3:Watts>223</ns3:Watts>
</ns3:TPX>
<bikeapp:Resistance01>17</bikeapp:Resistance01>
<bikeapp:BikeTotalDistanceM>10830.0</bikeapp:BikeTotalDistanceM>
</Extensions>
</Trackpoint>
<Trackpoint>
<Time>2026-05-29T20:57:16.261Z</Time>
<DistanceMeters>10654.9</DistanceMeters>
<HeartRateBpm><Value>135</Value></HeartRateBpm>
<Cadence>79</Cadence>
<Extensions>
<ns3:TPX>
<ns3:Speed>8.087</ns3:Speed>
<ns3:Watts>223</ns3:Watts>
</ns3:TPX>
<bikeapp:Resistance01>17</bikeapp:Resistance01>
<bikeapp:BikeTotalDistanceM>10846.0</bikeapp:BikeTotalDistanceM>
</Extensions>
</Trackpoint>
<Trackpoint>
<Time>2026-05-29T20:57:17.762Z</Time>
<DistanceMeters>10667.0</DistanceMeters>
<HeartRateBpm><Value>133</Value></HeartRateBpm>
<Cadence>78</Cadence>
<Extensions>
<ns3:TPX>
<ns3:Speed>8.087</ns3:Speed>
<ns3:Watts>219</ns3:Watts>
</ns3:TPX>
<bikeapp:Resistance01>17</bikeapp:Resistance01>
<bikeapp:BikeTotalDistanceM>10854.0</bikeapp:BikeTotalDistanceM>
</Extensions>
</Trackpoint>
<Trackpoint>
<Time>2026-05-29T20:57:19.261Z</Time>
<DistanceMeters>10679.1</DistanceMeters>
<HeartRateBpm><Value>133</Value></HeartRateBpm>
<Cadence>76</Cadence>
<Extensions>
<ns3:TPX>
<ns3:Speed>8.038</ns3:Speed>
<ns3:Watts>211</ns3:Watts>
</ns3:TPX>
<bikeapp:Resistance01>17</bikeapp:Resistance01>
<bikeapp:BikeTotalDistanceM>10870.0</bikeapp:BikeTotalDistanceM>
</Extensions>
</Trackpoint>
<Trackpoint>
<Time>2026-05-29T20:57:20.761Z</Time>
<DistanceMeters>10691.1</DistanceMeters>
<HeartRateBpm><Value>134</Value></HeartRateBpm>
<Cadence>75</Cadence>
<Extensions>
<ns3:TPX>
<ns3:Speed>7.973</ns3:Speed>
<ns3:Watts>207</ns3:Watts>
</ns3:TPX>
<bikeapp:Resistance01>17</bikeapp:Resistance01>
<bikeapp:BikeTotalDistanceM>10878.0</bikeapp:BikeTotalDistanceM>
</Extensions>
</Trackpoint>
<Trackpoint>
<Time>2026-05-29T20:57:22.274Z</Time>
<DistanceMeters>10703.1</DistanceMeters>
<HeartRateBpm><Value>134</Value></HeartRateBpm>
<Cadence>76</Cadence>
<Extensions>
<ns3:TPX>
<ns3:Speed>7.965</ns3:Speed>
<ns3:Watts>211</ns3:Watts>
</ns3:TPX>
<bikeapp:Resistance01>17</bikeapp:Resistance01>
<bikeapp:BikeTotalDistanceM>10894.0</bikeapp:BikeTotalDistanceM>
</Extensions>
</Trackpoint>
<Trackpoint>
<Time>2026-05-29T20:57:23.762Z</Time>
<DistanceMeters>10715.0</DistanceMeters>
<HeartRateBpm><Value>136</Value></HeartRateBpm>
<Cadence>77</Cadence>
<Extensions>
<ns3:TPX>
<ns3:Speed>7.984</ns3:Speed>
<ns3:Watts>215</ns3:Watts>
</ns3:TPX>
<bikeapp:Resistance01>17</bikeapp:Resistance01>
<bikeapp:BikeTotalDistanceM>10902.0</bikeapp:BikeTotalDistanceM>
</Extensions>
</Trackpoint>
<Trackpoint>
<Time>2026-05-29T20:57:25.262Z</Time>
<DistanceMeters>10727.0</DistanceMeters>
<HeartRateBpm><Value>137</Value></HeartRateBpm>
<Cadence>78</Cadence>
<Extensions>
<ns3:TPX>
<ns3:Speed>8.031</ns3:Speed>
<ns3:Watts>219</ns3:Watts>
</ns3:TPX>
<bikeapp:Resistance01>17</bikeapp:Resistance01>
<bikeapp:BikeTotalDistanceM>10918.0</bikeapp:BikeTotalDistanceM>
</Extensions>
</Trackpoint>
<Trackpoint>
<Time>2026-05-29T20:57:26.761Z</Time>
<DistanceMeters>10739.1</DistanceMeters>
<HeartRateBpm><Value>137</Value></HeartRateBpm>
<Cadence>79</Cadence>
<Extensions>
<ns3:TPX>
<ns3:Speed>8.075</ns3:Speed>
<ns3:Watts>223</ns3:Watts>
</ns3:TPX>
<bikeapp:Resistance01>17</bikeapp:Resistance01>
<bikeapp:BikeTotalDistanceM>10926.0</bikeapp:BikeTotalDistanceM>
</Extensions>
</Trackpoint>
<Trackpoint>
<Time>2026-05-29T20:57:28.261Z</Time>
<DistanceMeters>10751.2</DistanceMeters>
<HeartRateBpm><Value>137</Value></HeartRateBpm>
<Cadence>77</Cadence>
<Extensions>
<ns3:TPX>
<ns3:Speed>8.045</ns3:Speed>
<ns3:Watts>215</ns3:Watts>
</ns3:TPX>
<bikeapp:Resistance01>17</bikeapp:Resistance01>
<bikeapp:BikeTotalDistanceM>10942.0</bikeapp:BikeTotalDistanceM>
</Extensions>
</Trackpoint>
<Trackpoint>
<Time>2026-05-29T20:57:29.762Z</Time>
<DistanceMeters>10763.2</DistanceMeters>
<HeartRateBpm><Value>137</Value></HeartRateBpm>
<Cadence>76</Cadence>
<Extensions>
<ns3:TPX>
<ns3:Speed>8.007</ns3:Speed>
<ns3:Watts>211</ns3:Watts>
</ns3:TPX>
<bikeapp:Resistance01>17</bikeapp:Resistance01>
<bikeapp:BikeTotalDistanceM>10950.0</bikeapp:BikeTotalDistanceM>
</Extensions>
</Trackpoint>
<Trackpoint>
<Time>2026-05-29T20:57:31.261Z</Time>
<DistanceMeters>10775.2</DistanceMeters>
<HeartRateBpm><Value>136</Value></HeartRateBpm>
<Cadence>76</Cadence>
<Extensions>
<ns3:TPX>
<ns3:Speed>7.964</ns3:Speed>
<ns3:Watts>211</ns3:Watts>
</ns3:TPX>
<bikeapp:Resistance01>17</bikeapp:Resistance01>
<bikeapp:BikeTotalDistanceM>10966.0</bikeapp:BikeTotalDistanceM>
</Extensions>
</Trackpoint>
<Trackpoint>
<Time>2026-05-29T20:57:32.762Z</Time>
<DistanceMeters>10787.1</DistanceMeters>
<HeartRateBpm><Value>136</Value></HeartRateBpm>
<Cadence>77</Cadence>
<Extensions>
<ns3:TPX>
<ns3:Speed>7.984</ns3:Speed>
<ns3:Watts>215</ns3:Watts>
</ns3:TPX>
<bikeapp:Resistance01>17</bikeapp:Resistance01>
<bikeapp:BikeTotalDistanceM>10974.0</bikeapp:BikeTotalDistanceM>
</Extensions>
</Trackpoint>
<Trackpoint>
<Time>2026-05-29T20:57:34.262Z</Time>
<DistanceMeters>10799.2</DistanceMeters>
<HeartRateBpm><Value>136</Value></HeartRateBpm>
<Cadence>77</Cadence>
<Extensions>
<ns3:TPX>
<ns3:Speed>8.018</ns3:Speed>
<ns3:Watts>215</ns3:Watts>
</ns3:TPX>
<bikeapp:Resistance01>17</bikeapp:Resistance01>
<bikeapp:BikeTotalDistanceM>10990.0</bikeapp:BikeTotalDistanceM>
</Extensions>
</Trackpoint>
<Trackpoint>
<Time>2026-05-29T20:57:35.762Z</Time>
<DistanceMeters>10811.2</DistanceMeters>
<HeartRateBpm><Value>135</Value></HeartRateBpm>
<Cadence>76</Cadence>
<Extensions>
<ns3:TPX>
<ns3:Speed>7.995</ns3:Speed>
<ns3:Watts>211</ns3:Watts>
</ns3:TPX>
<bikeapp:Resistance01>17</bikeapp:Resistance01>
<bikeapp:BikeTotalDistanceM>10997.0</bikeapp:BikeTotalDistanceM>
</Extensions>
</Trackpoint>
<Trackpoint>
<Time>2026-05-29T20:57:37.262Z</Time>
<DistanceMeters>10823.1</DistanceMeters>
<HeartRateBpm><Value>135</Value></HeartRateBpm>
<Cadence>76</Cadence>
<Extensions>
<ns3:TPX>
<ns3:Speed>7.958</ns3:Speed>
<ns3:Watts>211</ns3:Watts>
</ns3:TPX>
<bikeapp:Resistance01>17</bikeapp:Resistance01>
<bikeapp:BikeTotalDistanceM>11013.0</bikeapp:BikeTotalDistanceM>
</Extensions>
</Trackpoint>
<Trackpoint>
<Time>2026-05-29T20:57:38.762Z</Time>
<DistanceMeters>10835.0</DistanceMeters>
<HeartRateBpm><Value>135</Value></HeartRateBpm>
<Cadence>76</Cadence>
<Extensions>
<ns3:TPX>
<ns3:Speed>7.958</ns3:Speed>
<ns3:Watts>211</ns3:Watts>
</ns3:TPX>
<bikeapp:Resistance01>17</bikeapp:Resistance01>
<bikeapp:BikeTotalDistanceM>11021.0</bikeapp:BikeTotalDistanceM>
</Extensions>
</Trackpoint>
<Trackpoint>
<Time>2026-05-29T20:57:40.263Z</Time>
<DistanceMeters>10847.0</DistanceMeters>
<HeartRateBpm><Value>135</Value></HeartRateBpm>
<Cadence>75</Cadence>
<Extensions>
<ns3:TPX>
<ns3:Speed>7.945</ns3:Speed>
<ns3:Watts>207</ns3:Watts>
</ns3:TPX>
<bikeapp:Resistance01>17</bikeapp:Resistance01>
<bikeapp:BikeTotalDistanceM>11037.0</bikeapp:BikeTotalDistanceM>
</Extensions>
</Trackpoint>
<Trackpoint>
<Time>2026-05-29T20:57:41.761Z</Time>
<DistanceMeters>10858.9</DistanceMeters>
<HeartRateBpm><Value>135</Value></HeartRateBpm>
<Cadence>75</Cadence>
<Extensions>
<ns3:TPX>
<ns3:Speed>7.921</ns3:Speed>
<ns3:Watts>207</ns3:Watts>
</ns3:TPX>
<bikeapp:Resistance01>17</bikeapp:Resistance01>
<bikeapp:BikeTotalDistanceM>11044.0</bikeapp:BikeTotalDistanceM>
</Extensions>
</Trackpoint>
<Trackpoint>
<Time>2026-05-29T20:57:42.774Z</Time>
<DistanceMeters>10866.9</DistanceMeters>
<HeartRateBpm><Value>136</Value></HeartRateBpm>
<Cadence>76</Cadence>
<Extensions>
<ns3:TPX>
<ns3:Speed>7.936</ns3:Speed>
<ns3:Watts>211</ns3:Watts>
</ns3:TPX>
<bikeapp:Resistance01>17</bikeapp:Resistance01>
<bikeapp:BikeTotalDistanceM>11052.0</bikeapp:BikeTotalDistanceM>
</Extensions>
</Trackpoint>
<Trackpoint>
<Time>2026-05-29T20:57:44.249Z</Time>
<DistanceMeters>10878.6</DistanceMeters>
<HeartRateBpm><Value>137</Value></HeartRateBpm>
<Cadence>75</Cadence>
<Extensions>
<ns3:TPX>
<ns3:Speed>7.917</ns3:Speed>
<ns3:Watts>207</ns3:Watts>
</ns3:TPX>
<bikeapp:Resistance01>17</bikeapp:Resistance01>
<bikeapp:BikeTotalDistanceM>11068.0</bikeapp:BikeTotalDistanceM>
</Extensions>
</Trackpoint>
<Trackpoint>
<Time>2026-05-29T20:57:45.262Z</Time>
<DistanceMeters>10886.6</DistanceMeters>
<HeartRateBpm><Value>137</Value></HeartRateBpm>
<Cadence>76</Cadence>
<Extensions>
<ns3:TPX>
<ns3:Speed>7.923</ns3:Speed>
<ns3:Watts>211</ns3:Watts>
</ns3:TPX>
<bikeapp:Resistance01>17</bikeapp:Resistance01>
<bikeapp:BikeTotalDistanceM>11076.0</bikeapp:BikeTotalDistanceM>
</Extensions>
</Trackpoint>
<Trackpoint>
<Time>2026-05-29T20:57:46.262Z</Time>
<DistanceMeters>10894.5</DistanceMeters>
<HeartRateBpm><Value>138</Value></HeartRateBpm>
<Cadence>77</Cadence>
<Extensions>
<ns3:TPX>
<ns3:Speed>7.950</ns3:Speed>
<ns3:Watts>215</ns3:Watts>
</ns3:TPX>
<bikeapp:Resistance01>17</bikeapp:Resistance01>
<bikeapp:BikeTotalDistanceM>11084.0</bikeapp:BikeTotalDistanceM>
</Extensions>
</Trackpoint>
<Trackpoint>
<Time>2026-05-29T20:57:47.762Z</Time>
<DistanceMeters>10906.5</DistanceMeters>
<HeartRateBpm><Value>138</Value></HeartRateBpm>
<Cadence>76</Cadence>
<Extensions>
<ns3:TPX>
<ns3:Speed>7.962</ns3:Speed>
<ns3:Watts>211</ns3:Watts>
</ns3:TPX>
<bikeapp:Resistance01>17</bikeapp:Resistance01>
<bikeapp:BikeTotalDistanceM>11092.0</bikeapp:BikeTotalDistanceM>
</Extensions>
</Trackpoint>
<Trackpoint>
<Time>2026-05-29T20:57:49.264Z</Time>
<DistanceMeters>10918.4</DistanceMeters>
<HeartRateBpm><Value>139</Value></HeartRateBpm>
<Cadence>76</Cadence>
<Extensions>
<ns3:TPX>
<ns3:Speed>7.920</ns3:Speed>
<ns3:Watts>211</ns3:Watts>
</ns3:TPX>
<bikeapp:Resistance01>17</bikeapp:Resistance01>
<bikeapp:BikeTotalDistanceM>11107.0</bikeapp:BikeTotalDistanceM>
</Extensions>
</Trackpoint>
<Trackpoint>
<Time>2026-05-29T20:57:50.751Z</Time>
<DistanceMeters>10930.2</DistanceMeters>
<HeartRateBpm><Value>139</Value></HeartRateBpm>
<Cadence>76</Cadence>
<Extensions>
<ns3:TPX>
<ns3:Speed>7.940</ns3:Speed>
<ns3:Watts>211</ns3:Watts>
</ns3:TPX>
<bikeapp:Resistance01>17</bikeapp:Resistance01>
<bikeapp:BikeTotalDistanceM>11115.0</bikeapp:BikeTotalDistanceM>
</Extensions>
</Trackpoint>
<Trackpoint>
<Time>2026-05-29T20:57:52.262Z</Time>
<DistanceMeters>10942.2</DistanceMeters>
<HeartRateBpm><Value>139</Value></HeartRateBpm>
<Cadence>74</Cadence>
<Extensions>
<ns3:TPX>
<ns3:Speed>7.920</ns3:Speed>
<ns3:Watts>202</ns3:Watts>
</ns3:TPX>
<bikeapp:Resistance01>17</bikeapp:Resistance01>
<bikeapp:BikeTotalDistanceM>11130.0</bikeapp:BikeTotalDistanceM>
</Extensions>
</Trackpoint>
<Trackpoint>
<Time>2026-05-29T20:57:53.750Z</Time>
<DistanceMeters>10953.9</DistanceMeters>
<HeartRateBpm><Value>141</Value></HeartRateBpm>
<Cadence>74</Cadence>
<Extensions>
<ns3:TPX>
<ns3:Speed>7.870</ns3:Speed>
<ns3:Watts>202</ns3:Watts>
</ns3:TPX>
<bikeapp:Resistance01>17</bikeapp:Resistance01>
<bikeapp:BikeTotalDistanceM>11138.0</bikeapp:BikeTotalDistanceM>
</Extensions>
</Trackpoint>
<Trackpoint>
<Time>2026-05-29T20:57:55.249Z</Time>
<DistanceMeters>10965.8</DistanceMeters>
<HeartRateBpm><Value>141</Value></HeartRateBpm>
<Cadence>76</Cadence>
<Extensions>
<ns3:TPX>
<ns3:Speed>7.916</ns3:Speed>
<ns3:Watts>211</ns3:Watts>
</ns3:TPX>
<bikeapp:Resistance01>17</bikeapp:Resistance01>
<bikeapp:BikeTotalDistanceM>11154.0</bikeapp:BikeTotalDistanceM>
</Extensions>
</Trackpoint>
<Trackpoint>
<Time>2026-05-29T20:57:56.250Z</Time>
<DistanceMeters>10973.7</DistanceMeters>
<HeartRateBpm><Value>140</Value></HeartRateBpm>
<Cadence>75</Cadence>
<Extensions>
<ns3:TPX>
<ns3:Speed>7.920</ns3:Speed>
<ns3:Watts>207</ns3:Watts>
</ns3:TPX>
<bikeapp:Resistance01>17</bikeapp:Resistance01>
<bikeapp:BikeTotalDistanceM>11162.0</bikeapp:BikeTotalDistanceM>
</Extensions>
</Trackpoint>
<Trackpoint>
<Time>2026-05-29T20:57:57.262Z</Time>
<DistanceMeters>10981.7</DistanceMeters>
<HeartRateBpm><Value>140</Value></HeartRateBpm>
<Cadence>75</Cadence>
<Extensions>
<ns3:TPX>
<ns3:Speed>7.912</ns3:Speed>
<ns3:Watts>207</ns3:Watts>
</ns3:TPX>
<bikeapp:Resistance01>17</bikeapp:Resistance01>
<bikeapp:BikeTotalDistanceM>11169.0</bikeapp:BikeTotalDistanceM>
</Extensions>
</Trackpoint>
<Trackpoint>
<Time>2026-05-29T20:57:58.274Z</Time>
<DistanceMeters>10989.7</DistanceMeters>
<HeartRateBpm><Value>138</Value></HeartRateBpm>
<Cadence>74</Cadence>
<Extensions>
<ns3:TPX>
<ns3:Speed>7.890</ns3:Speed>
<ns3:Watts>202</ns3:Watts>
</ns3:TPX>
<bikeapp:Resistance01>17</bikeapp:Resistance01>
<bikeapp:BikeTotalDistanceM>11177.0</bikeapp:BikeTotalDistanceM>
</Extensions>
</Trackpoint>
<Trackpoint>
<Time>2026-05-29T20:57:59.761Z</Time>
<DistanceMeters>11001.4</DistanceMeters>
<HeartRateBpm><Value>137</Value></HeartRateBpm>
<Cadence>74</Cadence>
<Extensions>
<ns3:TPX>
<ns3:Speed>7.856</ns3:Speed>
<ns3:Watts>202</ns3:Watts>
</ns3:TPX>
<bikeapp:Resistance01>17</bikeapp:Resistance01>
<bikeapp:BikeTotalDistanceM>11185.0</bikeapp:BikeTotalDistanceM>
</Extensions>
</Trackpoint>
<Trackpoint>
<Time>2026-05-29T20:58:01.262Z</Time>
<DistanceMeters>11013.2</DistanceMeters>
<HeartRateBpm><Value>137</Value></HeartRateBpm>
<Cadence>75</Cadence>
<Extensions>
<ns3:TPX>
<ns3:Speed>7.856</ns3:Speed>
<ns3:Watts>207</ns3:Watts>
</ns3:TPX>
<bikeapp:Resistance01>17</bikeapp:Resistance01>
<bikeapp:BikeTotalDistanceM>11200.0</bikeapp:BikeTotalDistanceM>
</Extensions>
</Trackpoint>
<Trackpoint>
<Time>2026-05-29T20:58:02.262Z</Time>
<DistanceMeters>11021.0</DistanceMeters>
<HeartRateBpm><Value>137</Value></HeartRateBpm>
<Cadence>75</Cadence>
<Extensions>
<ns3:TPX>
<ns3:Speed>7.873</ns3:Speed>
<ns3:Watts>207</ns3:Watts>
</ns3:TPX>
<bikeapp:Resistance01>17</bikeapp:Resistance01>
<bikeapp:BikeTotalDistanceM>11208.0</bikeapp:BikeTotalDistanceM>
</Extensions>
</Trackpoint>
<Trackpoint>
<Time>2026-05-29T20:58:03.750Z</Time>
<DistanceMeters>11032.8</DistanceMeters>
<HeartRateBpm><Value>138</Value></HeartRateBpm>
<Cadence>77</Cadence>
<Extensions>
<ns3:TPX>
<ns3:Speed>7.931</ns3:Speed>
<ns3:Watts>215</ns3:Watts>
</ns3:TPX>
<bikeapp:Resistance01>17</bikeapp:Resistance01>
<bikeapp:BikeTotalDistanceM>11216.0</bikeapp:BikeTotalDistanceM>
</Extensions>
</Trackpoint>
<Trackpoint>
<Time>2026-05-29T20:58:04.761Z</Time>
<DistanceMeters>11040.9</DistanceMeters>
<HeartRateBpm><Value>139</Value></HeartRateBpm>
<Cadence>78</Cadence>
<Extensions>
<ns3:TPX>
<ns3:Speed>7.987</ns3:Speed>
<ns3:Watts>219</ns3:Watts>
</ns3:TPX>
<bikeapp:Resistance01>17</bikeapp:Resistance01>
<bikeapp:BikeTotalDistanceM>11224.0</bikeapp:BikeTotalDistanceM>
</Extensions>
</Trackpoint>
<Trackpoint>
<Time>2026-05-29T20:58:05.762Z</Time>
<DistanceMeters>11048.8</DistanceMeters>
<HeartRateBpm><Value>140</Value></HeartRateBpm>
<Cadence>76</Cadence>
<Extensions>
<ns3:TPX>
<ns3:Speed>7.976</ns3:Speed>
<ns3:Watts>211</ns3:Watts>
</ns3:TPX>
<bikeapp:Resistance01>17</bikeapp:Resistance01>
<bikeapp:BikeTotalDistanceM>11232.0</bikeapp:BikeTotalDistanceM>
</Extensions>
</Trackpoint>
<Trackpoint>
<Time>2026-05-29T20:58:07.262Z</Time>
<DistanceMeters>11060.7</DistanceMeters>
<HeartRateBpm><Value>140</Value></HeartRateBpm>
<Cadence>76</Cadence>
<Extensions>
<ns3:TPX>
<ns3:Speed>7.927</ns3:Speed>
<ns3:Watts>211</ns3:Watts>
</ns3:TPX>
<bikeapp:Resistance01>17</bikeapp:Resistance01>
<bikeapp:BikeTotalDistanceM>11247.0</bikeapp:BikeTotalDistanceM>
</Extensions>
</Trackpoint>
<Trackpoint>
<Time>2026-05-29T20:58:08.263Z</Time>
<DistanceMeters>11068.7</DistanceMeters>
<HeartRateBpm><Value>139</Value></HeartRateBpm>
<Cadence>76</Cadence>
<Extensions>
<ns3:TPX>
<ns3:Speed>7.939</ns3:Speed>
<ns3:Watts>211</ns3:Watts>
</ns3:TPX>
<bikeapp:Resistance01>17</bikeapp:Resistance01>
<bikeapp:BikeTotalDistanceM>11255.0</bikeapp:BikeTotalDistanceM>
</Extensions>
</Trackpoint>
<Trackpoint>
<Time>2026-05-29T20:58:09.750Z</Time>
<DistanceMeters>11080.5</DistanceMeters>
<HeartRateBpm><Value>138</Value></HeartRateBpm>
<Cadence>76</Cadence>
<Extensions>
<ns3:TPX>
<ns3:Speed>7.949</ns3:Speed>
<ns3:Watts>211</ns3:Watts>
</ns3:TPX>
<bikeapp:Resistance01>17</bikeapp:Resistance01>
<bikeapp:BikeTotalDistanceM>11263.0</bikeapp:BikeTotalDistanceM>
</Extensions>
</Trackpoint>
<Trackpoint>
<Time>2026-05-29T20:58:10.762Z</Time>
<DistanceMeters>11088.6</DistanceMeters>
<HeartRateBpm><Value>138</Value></HeartRateBpm>
<Cadence>79</Cadence>
<Extensions>
<ns3:TPX>
<ns3:Speed>8.020</ns3:Speed>
<ns3:Watts>223</ns3:Watts>
</ns3:TPX>
<bikeapp:Resistance01>17</bikeapp:Resistance01>
<bikeapp:BikeTotalDistanceM>11271.0</bikeapp:BikeTotalDistanceM>
</Extensions>
</Trackpoint>
<Trackpoint>
<Time>2026-05-29T20:58:12.263Z</Time>
<DistanceMeters>11100.7</DistanceMeters>
<HeartRateBpm><Value>135</Value></HeartRateBpm>
<Cadence>78</Cadence>
<Extensions>
<ns3:TPX>
<ns3:Speed>8.086</ns3:Speed>
<ns3:Watts>219</ns3:Watts>
</ns3:TPX>
<bikeapp:Resistance01>17</bikeapp:Resistance01>
<bikeapp:BikeTotalDistanceM>11288.0</bikeapp:BikeTotalDistanceM>
</Extensions>
</Trackpoint>
<Trackpoint>
<Time>2026-05-29T20:58:13.762Z</Time>
<DistanceMeters>11112.8</DistanceMeters>
<HeartRateBpm><Value>133</Value></HeartRateBpm>
<Cadence>78</Cadence>
<Extensions>
<ns3:TPX>
<ns3:Speed>8.080</ns3:Speed>
<ns3:Watts>219</ns3:Watts>
</ns3:TPX>
<bikeapp:Resistance01>17</bikeapp:Resistance01>
<bikeapp:BikeTotalDistanceM>11296.0</bikeapp:BikeTotalDistanceM>
</Extensions>
</Trackpoint>
<Trackpoint>
<Time>2026-05-29T20:58:15.262Z</Time>
<DistanceMeters>11124.9</DistanceMeters>
<HeartRateBpm><Value>134</Value></HeartRateBpm>
<Cadence>79</Cadence>
<Extensions>
<ns3:TPX>
<ns3:Speed>8.072</ns3:Speed>
<ns3:Watts>223</ns3:Watts>
</ns3:TPX>
<bikeapp:Resistance01>17</bikeapp:Resistance01>
<bikeapp:BikeTotalDistanceM>11312.0</bikeapp:BikeTotalDistanceM>
</Extensions>
</Trackpoint>
<Trackpoint>
<Time>2026-05-29T20:58:16.263Z</Time>
<DistanceMeters>11133.1</DistanceMeters>
<HeartRateBpm><Value>134</Value></HeartRateBpm>
<Cadence>83</Cadence>
<Extensions>
<ns3:TPX>
<ns3:Speed>8.161</ns3:Speed>
<ns3:Watts>245</ns3:Watts>
</ns3:TPX>
<bikeapp:Resistance01>17</bikeapp:Resistance01>
<bikeapp:BikeTotalDistanceM>11320.0</bikeapp:BikeTotalDistanceM>
</Extensions>
</Trackpoint>
<Trackpoint>
<Time>2026-05-29T20:58:17.263Z</Time>
<DistanceMeters>11141.3</DistanceMeters>
<HeartRateBpm><Value>134</Value></HeartRateBpm>
<Cadence>81</Cadence>
<Extensions>
<ns3:TPX>
<ns3:Speed>8.230</ns3:Speed>
<ns3:Watts>233</ns3:Watts>
</ns3:TPX>
<bikeapp:Resistance01>17</bikeapp:Resistance01>
<bikeapp:BikeTotalDistanceM>11329.0</bikeapp:BikeTotalDistanceM>
</Extensions>
</Trackpoint>
<Trackpoint>
<Time>2026-05-29T20:58:18.775Z</Time>
<DistanceMeters>11153.7</DistanceMeters>
<HeartRateBpm><Value>135</Value></HeartRateBpm>
<Cadence>79</Cadence>
<Extensions>
<ns3:TPX>
<ns3:Speed>8.196</ns3:Speed>
<ns3:Watts>223</ns3:Watts>
</ns3:TPX>
<bikeapp:Resistance01>17</bikeapp:Resistance01>
<bikeapp:BikeTotalDistanceM>11337.0</bikeapp:BikeTotalDistanceM>
</Extensions>
</Trackpoint>
<Trackpoint>
<Time>2026-05-29T20:58:20.262Z</Time>
<DistanceMeters>11165.9</DistanceMeters>
<HeartRateBpm><Value>136</Value></HeartRateBpm>
<Cadence>79</Cadence>
<Extensions>
<ns3:TPX>
<ns3:Speed>8.145</ns3:Speed>
<ns3:Watts>223</ns3:Watts>
</ns3:TPX>
<bikeapp:Resistance01>17</bikeapp:Resistance01>
<bikeapp:BikeTotalDistanceM>11353.0</bikeapp:BikeTotalDistanceM>
</Extensions>
</Trackpoint>
<Trackpoint>
<Time>2026-05-29T20:58:21.749Z</Time>
<DistanceMeters>11178.0</DistanceMeters>
<HeartRateBpm><Value>136</Value></HeartRateBpm>
<Cadence>81</Cadence>
<Extensions>
<ns3:TPX>
<ns3:Speed>8.191</ns3:Speed>
<ns3:Watts>233</ns3:Watts>
</ns3:TPX>
<bikeapp:Resistance01>17</bikeapp:Resistance01>
<bikeapp:BikeTotalDistanceM>11362.0</bikeapp:BikeTotalDistanceM>
</Extensions>
</Trackpoint>
<Trackpoint>
<Time>2026-05-29T20:58:22.761Z</Time>
<DistanceMeters>11186.3</DistanceMeters>
<HeartRateBpm><Value>137</Value></HeartRateBpm>
<Cadence>80</Cadence>
<Extensions>
<ns3:TPX>
<ns3:Speed>8.194</ns3:Speed>
<ns3:Watts>228</ns3:Watts>
</ns3:TPX>
<bikeapp:Resistance01>17</bikeapp:Resistance01>
<bikeapp:BikeTotalDistanceM>11370.0</bikeapp:BikeTotalDistanceM>
</Extensions>
</Trackpoint>
<Trackpoint>
<Time>2026-05-29T20:58:23.762Z</Time>
<DistanceMeters>11194.5</DistanceMeters>
<HeartRateBpm><Value>137</Value></HeartRateBpm>
<Cadence>81</Cadence>
<Extensions>
<ns3:TPX>
<ns3:Speed>8.223</ns3:Speed>
<ns3:Watts>233</ns3:Watts>
</ns3:TPX>
<bikeapp:Resistance01>17</bikeapp:Resistance01>
<bikeapp:BikeTotalDistanceM>11378.0</bikeapp:BikeTotalDistanceM>
</Extensions>
</Trackpoint>
<Trackpoint>
<Time>2026-05-29T20:58:24.762Z</Time>
<DistanceMeters>11202.7</DistanceMeters>
<HeartRateBpm><Value>136</Value></HeartRateBpm>
<Cadence>79</Cadence>
<Extensions>
<ns3:TPX>
<ns3:Speed>8.187</ns3:Speed>
<ns3:Watts>223</ns3:Watts>
</ns3:TPX>
<bikeapp:Resistance01>17</bikeapp:Resistance01>
<bikeapp:BikeTotalDistanceM>11387.0</bikeapp:BikeTotalDistanceM>
</Extensions>
</Trackpoint>
<Trackpoint>
<Time>2026-05-29T20:58:25.764Z</Time>
<DistanceMeters>11210.8</DistanceMeters>
<HeartRateBpm><Value>136</Value></HeartRateBpm>
<Cadence>76</Cadence>
<Extensions>
<ns3:TPX>
<ns3:Speed>8.098</ns3:Speed>
<ns3:Watts>211</ns3:Watts>
</ns3:TPX>
<bikeapp:Resistance01>17</bikeapp:Resistance01>
<bikeapp:BikeTotalDistanceM>11394.0</bikeapp:BikeTotalDistanceM>
</Extensions>
</Trackpoint>
<Trackpoint>
<Time>2026-05-29T20:58:27.262Z</Time>
<DistanceMeters>11222.9</DistanceMeters>
<HeartRateBpm><Value>136</Value></HeartRateBpm>
<Cadence>79</Cadence>
<Extensions>
<ns3:TPX>
<ns3:Speed>8.081</ns3:Speed>
<ns3:Watts>223</ns3:Watts>
</ns3:TPX>
<bikeapp:Resistance01>17</bikeapp:Resistance01>
<bikeapp:BikeTotalDistanceM>11411.0</bikeapp:BikeTotalDistanceM>
</Extensions>
</Trackpoint>
<Trackpoint>
<Time>2026-05-29T20:58:28.764Z</Time>
<DistanceMeters>11235.1</DistanceMeters>
<HeartRateBpm><Value>136</Value></HeartRateBpm>
<Cadence>81</Cadence>
<Extensions>
<ns3:TPX>
<ns3:Speed>8.160</ns3:Speed>
<ns3:Watts>233</ns3:Watts>
</ns3:TPX>
<bikeapp:Resistance01>17</bikeapp:Resistance01>
<bikeapp:BikeTotalDistanceM>11419.0</bikeapp:BikeTotalDistanceM>
</Extensions>
</Trackpoint>
<Trackpoint>
<Time>2026-05-29T20:58:29.770Z</Time>
<DistanceMeters>11243.3</DistanceMeters>
<HeartRateBpm><Value>136</Value></HeartRateBpm>
<Cadence>79</Cadence>
<Extensions>
<ns3:TPX>
<ns3:Speed>8.149</ns3:Speed>
<ns3:Watts>223</ns3:Watts>
</ns3:TPX>
<bikeapp:Resistance01>17</bikeapp:Resistance01>
<bikeapp:BikeTotalDistanceM>11427.0</bikeapp:BikeTotalDistanceM>
</Extensions>
</Trackpoint>
<Trackpoint>
<Time>2026-05-29T20:58:31.263Z</Time>
<DistanceMeters>11255.5</DistanceMeters>
<HeartRateBpm><Value>136</Value></HeartRateBpm>
<Cadence>78</Cadence>
<Extensions>
<ns3:TPX>
<ns3:Speed>8.110</ns3:Speed>
<ns3:Watts>219</ns3:Watts>
</ns3:TPX>
<bikeapp:Resistance01>17</bikeapp:Resistance01>
<bikeapp:BikeTotalDistanceM>11443.0</bikeapp:BikeTotalDistanceM>
</Extensions>
</Trackpoint>
<Trackpoint>
<Time>2026-05-29T20:58:32.762Z</Time>
<DistanceMeters>11267.6</DistanceMeters>
<HeartRateBpm><Value>136</Value></HeartRateBpm>
<Cadence>78</Cadence>
<Extensions>
<ns3:TPX>
<ns3:Speed>8.091</ns3:Speed>
<ns3:Watts>219</ns3:Watts>
</ns3:TPX>
<bikeapp:Resistance01>17</bikeapp:Resistance01>
<bikeapp:BikeTotalDistanceM>11451.0</bikeapp:BikeTotalDistanceM>
</Extensions>
</Trackpoint>
<Trackpoint>
<Time>2026-05-29T20:58:33.762Z</Time>
<DistanceMeters>11275.7</DistanceMeters>
<HeartRateBpm><Value>136</Value></HeartRateBpm>
<Cadence>78</Cadence>
<Extensions>
<ns3:TPX>
<ns3:Speed>8.084</ns3:Speed>
<ns3:Watts>219</ns3:Watts>
</ns3:TPX>
<bikeapp:Resistance01>17</bikeapp:Resistance01>
<bikeapp:BikeTotalDistanceM>11460.0</bikeapp:BikeTotalDistanceM>
</Extensions>
</Trackpoint>
<Trackpoint>
<Time>2026-05-29T20:58:35.262Z</Time>
<DistanceMeters>11287.8</DistanceMeters>
<HeartRateBpm><Value>136</Value></HeartRateBpm>
<Cadence>79</Cadence>
<Extensions>
<ns3:TPX>
<ns3:Speed>8.108</ns3:Speed>
<ns3:Watts>223</ns3:Watts>
</ns3:TPX>
<bikeapp:Resistance01>17</bikeapp:Resistance01>
<bikeapp:BikeTotalDistanceM>11476.0</bikeapp:BikeTotalDistanceM>
</Extensions>
</Trackpoint>
<Trackpoint>
<Time>2026-05-29T20:58:36.262Z</Time>
<DistanceMeters>11296.0</DistanceMeters>
<HeartRateBpm><Value>136</Value></HeartRateBpm>
<Cadence>79</Cadence>
<Extensions>
<ns3:TPX>
<ns3:Speed>8.117</ns3:Speed>
<ns3:Watts>223</ns3:Watts>
</ns3:TPX>
<bikeapp:Resistance01>17</bikeapp:Resistance01>
<bikeapp:BikeTotalDistanceM>11484.0</bikeapp:BikeTotalDistanceM>
</Extensions>
</Trackpoint>
<Trackpoint>
<Time>2026-05-29T20:58:37.762Z</Time>
<DistanceMeters>11308.1</DistanceMeters>
<HeartRateBpm><Value>135</Value></HeartRateBpm>
<Cadence>78</Cadence>
<Extensions>
<ns3:TPX>
<ns3:Speed>8.102</ns3:Speed>
<ns3:Watts>219</ns3:Watts>
</ns3:TPX>
<bikeapp:Resistance01>17</bikeapp:Resistance01>
<bikeapp:BikeTotalDistanceM>11492.0</bikeapp:BikeTotalDistanceM>
</Extensions>
</Trackpoint>
<Trackpoint>
<Time>2026-05-29T20:58:39.262Z</Time>
<DistanceMeters>11320.3</DistanceMeters>
<HeartRateBpm><Value>135</Value></HeartRateBpm>
<Cadence>80</Cadence>
<Extensions>
<ns3:TPX>
<ns3:Speed>8.132</ns3:Speed>
<ns3:Watts>228</ns3:Watts>
</ns3:TPX>
<bikeapp:Resistance01>17</bikeapp:Resistance01>
<bikeapp:BikeTotalDistanceM>11509.0</bikeapp:BikeTotalDistanceM>
</Extensions>
</Trackpoint>
<Trackpoint>
<Time>2026-05-29T20:58:40.762Z</Time>
<DistanceMeters>11332.6</DistanceMeters>
<HeartRateBpm><Value>136</Value></HeartRateBpm>
<Cadence>81</Cadence>
<Extensions>
<ns3:TPX>
<ns3:Speed>8.194</ns3:Speed>
<ns3:Watts>233</ns3:Watts>
</ns3:TPX>
<bikeapp:Resistance01>17</bikeapp:Resistance01>
<bikeapp:BikeTotalDistanceM>11517.0</bikeapp:BikeTotalDistanceM>
</Extensions>
</Trackpoint>
<Trackpoint>
<Time>2026-05-29T20:58:41.762Z</Time>
<DistanceMeters>11340.7</DistanceMeters>
<HeartRateBpm><Value>136</Value></HeartRateBpm>
<Cadence>79</Cadence>
<Extensions>
<ns3:TPX>
<ns3:Speed>8.170</ns3:Speed>
<ns3:Watts>223</ns3:Watts>
</ns3:TPX>
<bikeapp:Resistance01>17</bikeapp:Resistance01>
<bikeapp:BikeTotalDistanceM>11525.0</bikeapp:BikeTotalDistanceM>
</Extensions>
</Trackpoint>
<Trackpoint>
<Time>2026-05-29T20:58:43.264Z</Time>
<DistanceMeters>11353.0</DistanceMeters>
<HeartRateBpm><Value>138</Value></HeartRateBpm>
<Cadence>82</Cadence>
<Extensions>
<ns3:TPX>
<ns3:Speed>8.218</ns3:Speed>
<ns3:Watts>239</ns3:Watts>
</ns3:TPX>
<bikeapp:Resistance01>17</bikeapp:Resistance01>
<bikeapp:BikeTotalDistanceM>11542.0</bikeapp:BikeTotalDistanceM>
</Extensions>
</Trackpoint>
<Trackpoint>
<Time>2026-05-29T20:58:44.762Z</Time>
<DistanceMeters>11365.4</DistanceMeters>
<HeartRateBpm><Value>138</Value></HeartRateBpm>
<Cadence>80</Cadence>
<Extensions>
<ns3:TPX>
<ns3:Speed>8.229</ns3:Speed>
<ns3:Watts>228</ns3:Watts>
</ns3:TPX>
<bikeapp:Resistance01>17</bikeapp:Resistance01>
<bikeapp:BikeTotalDistanceM>11550.0</bikeapp:BikeTotalDistanceM>
</Extensions>
</Trackpoint>
<Trackpoint>
<Time>2026-05-29T20:58:46.263Z</Time>
<DistanceMeters>11377.7</DistanceMeters>
<HeartRateBpm><Value>138</Value></HeartRateBpm>
<Cadence>79</Cadence>
<Extensions>
<ns3:TPX>
<ns3:Speed>8.178</ns3:Speed>
<ns3:Watts>223</ns3:Watts>
</ns3:TPX>
<bikeapp:Resistance01>17</bikeapp:Resistance01>
<bikeapp:BikeTotalDistanceM>11567.0</bikeapp:BikeTotalDistanceM>
</Extensions>
</Trackpoint>
<Trackpoint>
<Time>2026-05-29T20:58:47.763Z</Time>
<DistanceMeters>11389.9</DistanceMeters>
<HeartRateBpm><Value>137</Value></HeartRateBpm>
<Cadence>77</Cadence>
<Extensions>
<ns3:TPX>
<ns3:Speed>8.109</ns3:Speed>
<ns3:Watts>215</ns3:Watts>
</ns3:TPX>
<bikeapp:Resistance01>17</bikeapp:Resistance01>
<bikeapp:BikeTotalDistanceM>11575.0</bikeapp:BikeTotalDistanceM>
</Extensions>
</Trackpoint>
<Trackpoint>
<Time>2026-05-29T20:58:49.263Z</Time>
<DistanceMeters>11402.0</DistanceMeters>
<HeartRateBpm><Value>137</Value></HeartRateBpm>
<Cadence>79</Cadence>
<Extensions>
<ns3:TPX>
<ns3:Speed>8.103</ns3:Speed>
<ns3:Watts>223</ns3:Watts>
</ns3:TPX>
<bikeapp:Resistance01>17</bikeapp:Resistance01>
<bikeapp:BikeTotalDistanceM>11591.0</bikeapp:BikeTotalDistanceM>
</Extensions>
</Trackpoint>
<Trackpoint>
<Time>2026-05-29T20:58:50.263Z</Time>
<DistanceMeters>11410.1</DistanceMeters>
<HeartRateBpm><Value>136</Value></HeartRateBpm>
<Cadence>79</Cadence>
<Extensions>
<ns3:TPX>
<ns3:Speed>8.114</ns3:Speed>
<ns3:Watts>223</ns3:Watts>
</ns3:TPX>
<bikeapp:Resistance01>17</bikeapp:Resistance01>
<bikeapp:BikeTotalDistanceM>11599.0</bikeapp:BikeTotalDistanceM>
</Extensions>
</Trackpoint>
<Trackpoint>
<Time>2026-05-29T20:58:51.762Z</Time>
<DistanceMeters>11422.3</DistanceMeters>
<HeartRateBpm><Value>136</Value></HeartRateBpm>
<Cadence>80</Cadence>
<Extensions>
<ns3:TPX>
<ns3:Speed>8.149</ns3:Speed>
<ns3:Watts>228</ns3:Watts>
</ns3:TPX>
<bikeapp:Resistance01>17</bikeapp:Resistance01>
<bikeapp:BikeTotalDistanceM>11607.0</bikeapp:BikeTotalDistanceM>
</Extensions>
</Trackpoint>
<Trackpoint>
<Time>2026-05-29T20:58:53.262Z</Time>
<DistanceMeters>11434.6</DistanceMeters>
<HeartRateBpm><Value>135</Value></HeartRateBpm>
<Cadence>79</Cadence>
<Extensions>
<ns3:TPX>
<ns3:Speed>8.161</ns3:Speed>
<ns3:Watts>223</ns3:Watts>
</ns3:TPX>
<bikeapp:Resistance01>17</bikeapp:Resistance01>
<bikeapp:BikeTotalDistanceM>11624.0</bikeapp:BikeTotalDistanceM>
</Extensions>
</Trackpoint>
<Trackpoint>
<Time>2026-05-29T20:58:54.263Z</Time>
<DistanceMeters>11442.7</DistanceMeters>
<HeartRateBpm><Value>135</Value></HeartRateBpm>
<Cadence>80</Cadence>
<Extensions>
<ns3:TPX>
<ns3:Speed>8.164</ns3:Speed>
<ns3:Watts>228</ns3:Watts>
</ns3:TPX>
<bikeapp:Resistance01>17</bikeapp:Resistance01>
<bikeapp:BikeTotalDistanceM>11632.0</bikeapp:BikeTotalDistanceM>
</Extensions>
</Trackpoint>
<Trackpoint>
<Time>2026-05-29T20:58:55.762Z</Time>
<DistanceMeters>11455.1</DistanceMeters>
<HeartRateBpm><Value>135</Value></HeartRateBpm>
<Cadence>83</Cadence>
<Extensions>
<ns3:TPX>
<ns3:Speed>8.272</ns3:Speed>
<ns3:Watts>245</ns3:Watts>
</ns3:TPX>
<bikeapp:Resistance01>17</bikeapp:Resistance01>
<bikeapp:BikeTotalDistanceM>11641.0</bikeapp:BikeTotalDistanceM>
</Extensions>
</Trackpoint>
<Trackpoint>
<Time>2026-05-29T20:58:56.763Z</Time>
<DistanceMeters>11463.3</DistanceMeters>
<HeartRateBpm><Value>134</Value></HeartRateBpm>
<Cadence>81</Cadence>
<Extensions>
<ns3:TPX>
<ns3:Speed>8.271</ns3:Speed>
<ns3:Watts>233</ns3:Watts>
</ns3:TPX>
<bikeapp:Resistance01>17</bikeapp:Resistance01>
<bikeapp:BikeTotalDistanceM>11649.0</bikeapp:BikeTotalDistanceM>
</Extensions>
</Trackpoint>
<Trackpoint>
<Time>2026-05-29T20:58:58.262Z</Time>
<DistanceMeters>11475.7</DistanceMeters>
<HeartRateBpm><Value>134</Value></HeartRateBpm>
<Cadence>78</Cadence>
<Extensions>
<ns3:TPX>
<ns3:Speed>8.207</ns3:Speed>
<ns3:Watts>219</ns3:Watts>
</ns3:TPX>
<bikeapp:Resistance01>17</bikeapp:Resistance01>
<bikeapp:BikeTotalDistanceM>11665.0</bikeapp:BikeTotalDistanceM>
</Extensions>
</Trackpoint>
<Trackpoint>
<Time>2026-05-29T20:58:59.263Z</Time>
<DistanceMeters>11483.9</DistanceMeters>
<HeartRateBpm><Value>134</Value></HeartRateBpm>
<Cadence>78</Cadence>
<Extensions>
<ns3:TPX>
<ns3:Speed>8.155</ns3:Speed>
<ns3:Watts>219</ns3:Watts>
</ns3:TPX>
<bikeapp:Resistance01>17</bikeapp:Resistance01>
<bikeapp:BikeTotalDistanceM>11674.0</bikeapp:BikeTotalDistanceM>
</Extensions>
</Trackpoint>
<Trackpoint>
<Time>2026-05-29T20:59:00.263Z</Time>
<DistanceMeters>11492.0</DistanceMeters>
<HeartRateBpm><Value>134</Value></HeartRateBpm>
<Cadence>78</Cadence>
<Extensions>
<ns3:TPX>
<ns3:Speed>8.124</ns3:Speed>
<ns3:Watts>219</ns3:Watts>
</ns3:TPX>
<bikeapp:Resistance01>17</bikeapp:Resistance01>
<bikeapp:BikeTotalDistanceM>11682.0</bikeapp:BikeTotalDistanceM>
</Extensions>
</Trackpoint>
<Trackpoint>
<Time>2026-05-29T20:59:01.763Z</Time>
<DistanceMeters>11504.2</DistanceMeters>
<HeartRateBpm><Value>136</Value></HeartRateBpm>
<Cadence>78</Cadence>
<Extensions>
<ns3:TPX>
<ns3:Speed>8.098</ns3:Speed>
<ns3:Watts>219</ns3:Watts>
</ns3:TPX>
<bikeapp:Resistance01>17</bikeapp:Resistance01>
<bikeapp:BikeTotalDistanceM>11690.0</bikeapp:BikeTotalDistanceM>
</Extensions>
</Trackpoint>
<Trackpoint>
<Time>2026-05-29T20:59:02.763Z</Time>
<DistanceMeters>11512.2</DistanceMeters>
<HeartRateBpm><Value>136</Value></HeartRateBpm>
<Cadence>78</Cadence>
<Extensions>
<ns3:TPX>
<ns3:Speed>8.088</ns3:Speed>
<ns3:Watts>219</ns3:Watts>
</ns3:TPX>
<bikeapp:Resistance01>17</bikeapp:Resistance01>
<bikeapp:BikeTotalDistanceM>11698.0</bikeapp:BikeTotalDistanceM>
</Extensions>
</Trackpoint>
<Trackpoint>
<Time>2026-05-29T20:59:04.262Z</Time>
<DistanceMeters>11524.3</DistanceMeters>
<HeartRateBpm><Value>136</Value></HeartRateBpm>
<Cadence>77</Cadence>
<Extensions>
<ns3:TPX>
<ns3:Speed>8.051</ns3:Speed>
<ns3:Watts>215</ns3:Watts>
</ns3:TPX>
<bikeapp:Resistance01>17</bikeapp:Resistance01>
<bikeapp:BikeTotalDistanceM>11714.0</bikeapp:BikeTotalDistanceM>
</Extensions>
</Trackpoint>
<Trackpoint>
<Time>2026-05-29T20:59:05.263Z</Time>
<DistanceMeters>11532.4</DistanceMeters>
<HeartRateBpm><Value>136</Value></HeartRateBpm>
<Cadence>78</Cadence>
<Extensions>
<ns3:TPX>
<ns3:Speed>8.050</ns3:Speed>
<ns3:Watts>219</ns3:Watts>
</ns3:TPX>
<bikeapp:Resistance01>17</bikeapp:Resistance01>
<bikeapp:BikeTotalDistanceM>11722.0</bikeapp:BikeTotalDistanceM>
</Extensions>
</Trackpoint>
<Trackpoint>
<Time>2026-05-29T20:59:06.264Z</Time>
<DistanceMeters>11540.4</DistanceMeters>
<HeartRateBpm><Value>136</Value></HeartRateBpm>
<Cadence>77</Cadence>
<Extensions>
<ns3:TPX>
<ns3:Speed>8.047</ns3:Speed>
<ns3:Watts>215</ns3:Watts>
</ns3:TPX>
<bikeapp:Resistance01>17</bikeapp:Resistance01>
<bikeapp:BikeTotalDistanceM>11730.0</bikeapp:BikeTotalDistanceM>
</Extensions>
</Trackpoint>
<Trackpoint>
<Time>2026-05-29T20:59:07.762Z</Time>
<DistanceMeters>11552.5</DistanceMeters>
<HeartRateBpm><Value>137</Value></HeartRateBpm>
<Cadence>78</Cadence>
<Extensions>
<ns3:TPX>
<ns3:Speed>8.053</ns3:Speed>
<ns3:Watts>219</ns3:Watts>
</ns3:TPX>
<bikeapp:Resistance01>17</bikeapp:Resistance01>
<bikeapp:BikeTotalDistanceM>11738.0</bikeapp:BikeTotalDistanceM>
</Extensions>
</Trackpoint>
<Trackpoint>
<Time>2026-05-29T20:59:09.274Z</Time>
<DistanceMeters>11564.7</DistanceMeters>
<HeartRateBpm><Value>137</Value></HeartRateBpm>
<Cadence>76</Cadence>
<Extensions>
<ns3:TPX>
<ns3:Speed>8.021</ns3:Speed>
<ns3:Watts>211</ns3:Watts>
</ns3:TPX>
<bikeapp:Resistance01>17</bikeapp:Resistance01>
<bikeapp:BikeTotalDistanceM>11754.0</bikeapp:BikeTotalDistanceM>
</Extensions>
</Trackpoint>
<Trackpoint>
<Time>2026-05-29T20:59:10.763Z</Time>
<DistanceMeters>11576.6</DistanceMeters>
<HeartRateBpm><Value>138</Value></HeartRateBpm>
<Cadence>77</Cadence>
<Extensions>
<ns3:TPX>
<ns3:Speed>8.011</ns3:Speed>
<ns3:Watts>215</ns3:Watts>
</ns3:TPX>
<bikeapp:Resistance01>17</bikeapp:Resistance01>
<bikeapp:BikeTotalDistanceM>11762.0</bikeapp:BikeTotalDistanceM>
</Extensions>
</Trackpoint>
<Trackpoint>
<Time>2026-05-29T20:59:12.263Z</Time>
<DistanceMeters>11588.6</DistanceMeters>
<HeartRateBpm><Value>138</Value></HeartRateBpm>
<Cadence>77</Cadence>
<Extensions>
<ns3:TPX>
<ns3:Speed>7.996</ns3:Speed>
<ns3:Watts>215</ns3:Watts>
</ns3:TPX>
<bikeapp:Resistance01>17</bikeapp:Resistance01>
<bikeapp:BikeTotalDistanceM>11778.0</bikeapp:BikeTotalDistanceM>
</Extensions>
</Trackpoint>
<Trackpoint>
<Time>2026-05-29T20:59:13.264Z</Time>
<DistanceMeters>11596.6</DistanceMeters>
<HeartRateBpm><Value>138</Value></HeartRateBpm>
<Cadence>78</Cadence>
<Extensions>
<ns3:TPX>
<ns3:Speed>8.017</ns3:Speed>
<ns3:Watts>219</ns3:Watts>
</ns3:TPX>
<bikeapp:Resistance01>17</bikeapp:Resistance01>
<bikeapp:BikeTotalDistanceM>11786.0</bikeapp:BikeTotalDistanceM>
</Extensions>
</Trackpoint>
<Trackpoint>
<Time>2026-05-29T20:59:14.763Z</Time>
<DistanceMeters>11608.6</DistanceMeters>
<HeartRateBpm><Value>138</Value></HeartRateBpm>
<Cadence>77</Cadence>
<Extensions>
<ns3:TPX>
<ns3:Speed>8.024</ns3:Speed>
<ns3:Watts>215</ns3:Watts>
</ns3:TPX>
<bikeapp:Resistance01>17</bikeapp:Resistance01>
<bikeapp:BikeTotalDistanceM>11794.0</bikeapp:BikeTotalDistanceM>
</Extensions>
</Trackpoint>
<Trackpoint>
<Time>2026-05-29T20:59:15.771Z</Time>
<DistanceMeters>11616.7</DistanceMeters>
<HeartRateBpm><Value>138</Value></HeartRateBpm>
<Cadence>77</Cadence>
<Extensions>
<ns3:TPX>
<ns3:Speed>8.021</ns3:Speed>
<ns3:Watts>215</ns3:Watts>
</ns3:TPX>
<bikeapp:Resistance01>17</bikeapp:Resistance01>
<bikeapp:BikeTotalDistanceM>11802.0</bikeapp:BikeTotalDistanceM>
</Extensions>
</Trackpoint>
<Trackpoint>
<Time>2026-05-29T20:59:17.262Z</Time>
<DistanceMeters>11628.7</DistanceMeters>
<HeartRateBpm><Value>138</Value></HeartRateBpm>
<Cadence>78</Cadence>
<Extensions>
<ns3:TPX>
<ns3:Speed>8.031</ns3:Speed>
<ns3:Watts>219</ns3:Watts>
</ns3:TPX>
<bikeapp:Resistance01>17</bikeapp:Resistance01>
<bikeapp:BikeTotalDistanceM>11818.0</bikeapp:BikeTotalDistanceM>
</Extensions>
</Trackpoint>
<Trackpoint>
<Time>2026-05-29T20:59:18.263Z</Time>
<DistanceMeters>11636.7</DistanceMeters>
<HeartRateBpm><Value>138</Value></HeartRateBpm>
<Cadence>79</Cadence>
<Extensions>
<ns3:TPX>
<ns3:Speed>8.060</ns3:Speed>
<ns3:Watts>223</ns3:Watts>
</ns3:TPX>
<bikeapp:Resistance01>17</bikeapp:Resistance01>
<bikeapp:BikeTotalDistanceM>11826.0</bikeapp:BikeTotalDistanceM>
</Extensions>
</Trackpoint>
<Trackpoint>
<Time>2026-05-29T20:59:19.763Z</Time>
<DistanceMeters>11648.9</DistanceMeters>
<HeartRateBpm><Value>140</Value></HeartRateBpm>
<Cadence>79</Cadence>
<Extensions>
<ns3:TPX>
<ns3:Speed>8.097</ns3:Speed>
<ns3:Watts>223</ns3:Watts>
</ns3:TPX>
<bikeapp:Resistance01>17</bikeapp:Resistance01>
<bikeapp:BikeTotalDistanceM>11834.0</bikeapp:BikeTotalDistanceM>
</Extensions>
</Trackpoint>
<Trackpoint>
<Time>2026-05-29T20:59:21.264Z</Time>
<DistanceMeters>11660.9</DistanceMeters>
<HeartRateBpm><Value>140</Value></HeartRateBpm>
<Cadence>77</Cadence>
<Extensions>
<ns3:TPX>
<ns3:Speed>8.037</ns3:Speed>
<ns3:Watts>215</ns3:Watts>
</ns3:TPX>
<bikeapp:Resistance01>17</bikeapp:Resistance01>
<bikeapp:BikeTotalDistanceM>11850.0</bikeapp:BikeTotalDistanceM>
</Extensions>
</Trackpoint>
<Trackpoint>
<Time>2026-05-29T20:59:22.763Z</Time>
<DistanceMeters>11673.0</DistanceMeters>
<HeartRateBpm><Value>141</Value></HeartRateBpm>
<Cadence>78</Cadence>
<Extensions>
<ns3:TPX>
<ns3:Speed>8.049</ns3:Speed>
<ns3:Watts>219</ns3:Watts>
</ns3:TPX>
<bikeapp:Resistance01>17</bikeapp:Resistance01>
<bikeapp:BikeTotalDistanceM>11858.0</bikeapp:BikeTotalDistanceM>
</Extensions>
</Trackpoint>
<Trackpoint>
<Time>2026-05-29T20:59:24.262Z</Time>
<DistanceMeters>11685.0</DistanceMeters>
<HeartRateBpm><Value>140</Value></HeartRateBpm>
<Cadence>78</Cadence>
<Extensions>
<ns3:TPX>
<ns3:Speed>8.027</ns3:Speed>
<ns3:Watts>219</ns3:Watts>
</ns3:TPX>
<bikeapp:Resistance01>17</bikeapp:Resistance01>
<bikeapp:BikeTotalDistanceM>11874.0</bikeapp:BikeTotalDistanceM>
</Extensions>
</Trackpoint>
<Trackpoint>
<Time>2026-05-29T20:59:25.763Z</Time>
<DistanceMeters>11697.1</DistanceMeters>
<HeartRateBpm><Value>140</Value></HeartRateBpm>
<Cadence>78</Cadence>
<Extensions>
<ns3:TPX>
<ns3:Speed>8.051</ns3:Speed>
<ns3:Watts>219</ns3:Watts>
</ns3:TPX>
<bikeapp:Resistance01>17</bikeapp:Resistance01>
<bikeapp:BikeTotalDistanceM>11882.0</bikeapp:BikeTotalDistanceM>
</Extensions>
</Trackpoint>
<Trackpoint>
<Time>2026-05-29T20:59:27.275Z</Time>
<DistanceMeters>11709.3</DistanceMeters>
<HeartRateBpm><Value>140</Value></HeartRateBpm>
<Cadence>78</Cadence>
<Extensions>
<ns3:TPX>
<ns3:Speed>8.046</ns3:Speed>
<ns3:Watts>219</ns3:Watts>
</ns3:TPX>
<bikeapp:Resistance01>17</bikeapp:Resistance01>
<bikeapp:BikeTotalDistanceM>11898.0</bikeapp:BikeTotalDistanceM>
</Extensions>
</Trackpoint>
<Trackpoint>
<Time>2026-05-29T20:59:28.764Z</Time>
<DistanceMeters>11721.2</DistanceMeters>
<HeartRateBpm><Value>140</Value></HeartRateBpm>
<Cadence>77</Cadence>
<Extensions>
<ns3:TPX>
<ns3:Speed>8.038</ns3:Speed>
<ns3:Watts>215</ns3:Watts>
</ns3:TPX>
<bikeapp:Resistance01>17</bikeapp:Resistance01>
<bikeapp:BikeTotalDistanceM>11906.0</bikeapp:BikeTotalDistanceM>
</Extensions>
</Trackpoint>
<Trackpoint>
<Time>2026-05-29T20:59:30.264Z</Time>
<DistanceMeters>11733.3</DistanceMeters>
<HeartRateBpm><Value>141</Value></HeartRateBpm>
<Cadence>76</Cadence>
<Extensions>
<ns3:TPX>
<ns3:Speed>8.014</ns3:Speed>
<ns3:Watts>211</ns3:Watts>
</ns3:TPX>
<bikeapp:Resistance01>17</bikeapp:Resistance01>
<bikeapp:BikeTotalDistanceM>11922.0</bikeapp:BikeTotalDistanceM>
</Extensions>
</Trackpoint>
<Trackpoint>
<Time>2026-05-29T20:59:31.264Z</Time>
<DistanceMeters>11741.3</DistanceMeters>
<HeartRateBpm><Value>142</Value></HeartRateBpm>
<Cadence>79</Cadence>
<Extensions>
<ns3:TPX>
<ns3:Speed>8.030</ns3:Speed>
<ns3:Watts>223</ns3:Watts>
</ns3:TPX>
<bikeapp:Resistance01>17</bikeapp:Resistance01>
<bikeapp:BikeTotalDistanceM>11930.0</bikeapp:BikeTotalDistanceM>
</Extensions>
</Trackpoint>
<Trackpoint>
<Time>2026-05-29T20:59:32.762Z</Time>
<DistanceMeters>11753.4</DistanceMeters>
<HeartRateBpm><Value>142</Value></HeartRateBpm>
<Cadence>78</Cadence>
<Extensions>
<ns3:TPX>
<ns3:Speed>8.060</ns3:Speed>
<ns3:Watts>219</ns3:Watts>
</ns3:TPX>
<bikeapp:Resistance01>17</bikeapp:Resistance01>
<bikeapp:BikeTotalDistanceM>11938.0</bikeapp:BikeTotalDistanceM>
</Extensions>
</Trackpoint>
<Trackpoint>
<Time>2026-05-29T20:59:33.763Z</Time>
<DistanceMeters>11761.4</DistanceMeters>
<HeartRateBpm><Value>142</Value></HeartRateBpm>
<Cadence>77</Cadence>
<Extensions>
<ns3:TPX>
<ns3:Speed>8.043</ns3:Speed>
<ns3:Watts>215</ns3:Watts>
</ns3:TPX>
<bikeapp:Resistance01>17</bikeapp:Resistance01>
<bikeapp:BikeTotalDistanceM>11946.0</bikeapp:BikeTotalDistanceM>
</Extensions>
</Trackpoint>
<Trackpoint>
<Time>2026-05-29T20:59:35.263Z</Time>
<DistanceMeters>11773.5</DistanceMeters>
<HeartRateBpm><Value>141</Value></HeartRateBpm>
<Cadence>78</Cadence>
<Extensions>
<ns3:TPX>
<ns3:Speed>8.042</ns3:Speed>
<ns3:Watts>219</ns3:Watts>
</ns3:TPX>
<bikeapp:Resistance01>17</bikeapp:Resistance01>
<bikeapp:BikeTotalDistanceM>11962.0</bikeapp:BikeTotalDistanceM>
</Extensions>
</Trackpoint>
<Trackpoint>
<Time>2026-05-29T20:59:36.763Z</Time>
<DistanceMeters>11785.6</DistanceMeters>
<HeartRateBpm><Value>141</Value></HeartRateBpm>
<Cadence>79</Cadence>
<Extensions>
<ns3:TPX>
<ns3:Speed>8.080</ns3:Speed>
<ns3:Watts>223</ns3:Watts>
</ns3:TPX>
<bikeapp:Resistance01>17</bikeapp:Resistance01>
<bikeapp:BikeTotalDistanceM>11970.0</bikeapp:BikeTotalDistanceM>
</Extensions>
</Trackpoint>
<Trackpoint>
<Time>2026-05-29T20:59:37.763Z</Time>
<DistanceMeters>11793.6</DistanceMeters>
<HeartRateBpm><Value>141</Value></HeartRateBpm>
<Cadence>77</Cadence>
<Extensions>
<ns3:TPX>
<ns3:Speed>8.056</ns3:Speed>
<ns3:Watts>215</ns3:Watts>
</ns3:TPX>
<bikeapp:Resistance01>17</bikeapp:Resistance01>
<bikeapp:BikeTotalDistanceM>11978.0</bikeapp:BikeTotalDistanceM>
</Extensions>
</Trackpoint>
<Trackpoint>
<Time>2026-05-29T20:59:39.263Z</Time>
<DistanceMeters>11805.7</DistanceMeters>
<HeartRateBpm><Value>140</Value></HeartRateBpm>
<Cadence>78</Cadence>
<Extensions>
<ns3:TPX>
<ns3:Speed>8.065</ns3:Speed>
<ns3:Watts>219</ns3:Watts>
</ns3:TPX>
<bikeapp:Resistance01>17</bikeapp:Resistance01>
<bikeapp:BikeTotalDistanceM>11994.0</bikeapp:BikeTotalDistanceM>
</Extensions>
</Trackpoint>
<Trackpoint>
<Time>2026-05-29T20:59:40.764Z</Time>
<DistanceMeters>11817.8</DistanceMeters>
<HeartRateBpm><Value>140</Value></HeartRateBpm>
<Cadence>77</Cadence>
<Extensions>
<ns3:TPX>
<ns3:Speed>8.047</ns3:Speed>
<ns3:Watts>215</ns3:Watts>
</ns3:TPX>
<bikeapp:Resistance01>17</bikeapp:Resistance01>
<bikeapp:BikeTotalDistanceM>12002.0</bikeapp:BikeTotalDistanceM>
</Extensions>
</Trackpoint>
<Trackpoint>
<Time>2026-05-29T20:59:42.262Z</Time>
<DistanceMeters>11829.9</DistanceMeters>
<HeartRateBpm><Value>141</Value></HeartRateBpm>
<Cadence>79</Cadence>
<Extensions>
<ns3:TPX>
<ns3:Speed>8.091</ns3:Speed>
<ns3:Watts>223</ns3:Watts>
</ns3:TPX>
<bikeapp:Resistance01>17</bikeapp:Resistance01>
<bikeapp:BikeTotalDistanceM>12019.0</bikeapp:BikeTotalDistanceM>
</Extensions>
</Trackpoint>
<Trackpoint>
<Time>2026-05-29T20:59:43.263Z</Time>
<DistanceMeters>11838.0</DistanceMeters>
<HeartRateBpm><Value>142</Value></HeartRateBpm>
<Cadence>77</Cadence>
<Extensions>
<ns3:TPX>
<ns3:Speed>8.081</ns3:Speed>
<ns3:Watts>215</ns3:Watts>
</ns3:TPX>
<bikeapp:Resistance01>17</bikeapp:Resistance01>
<bikeapp:BikeTotalDistanceM>12027.0</bikeapp:BikeTotalDistanceM>
</Extensions>
</Trackpoint>
<Trackpoint>
<Time>2026-05-29T20:59:44.264Z</Time>
<DistanceMeters>11846.1</DistanceMeters>
<HeartRateBpm><Value>142</Value></HeartRateBpm>
<Cadence>76</Cadence>
<Extensions>
<ns3:TPX>
<ns3:Speed>8.043</ns3:Speed>
<ns3:Watts>211</ns3:Watts>
</ns3:TPX>
<bikeapp:Resistance01>17</bikeapp:Resistance01>
<bikeapp:BikeTotalDistanceM>12035.0</bikeapp:BikeTotalDistanceM>
</Extensions>
</Trackpoint>
<Trackpoint>
<Time>2026-05-29T20:59:45.763Z</Time>
<DistanceMeters>11858.1</DistanceMeters>
<HeartRateBpm><Value>143</Value></HeartRateBpm>
<Cadence>76</Cadence>
<Extensions>
<ns3:TPX>
<ns3:Speed>7.999</ns3:Speed>
<ns3:Watts>211</ns3:Watts>
</ns3:TPX>
<bikeapp:Resistance01>17</bikeapp:Resistance01>
<bikeapp:BikeTotalDistanceM>12042.0</bikeapp:BikeTotalDistanceM>
</Extensions>
</Trackpoint>
<Trackpoint>
<Time>2026-05-29T20:59:46.767Z</Time>
<DistanceMeters>11866.1</DistanceMeters>
<HeartRateBpm><Value>143</Value></HeartRateBpm>
<Cadence>78</Cadence>
<Extensions>
<ns3:TPX>
<ns3:Speed>8.028</ns3:Speed>
<ns3:Watts>219</ns3:Watts>
</ns3:TPX>
<bikeapp:Resistance01>17</bikeapp:Resistance01>
<bikeapp:BikeTotalDistanceM>12051.0</bikeapp:BikeTotalDistanceM>
</Extensions>
</Trackpoint>
<Trackpoint>
<Time>2026-05-29T20:59:48.263Z</Time>
<DistanceMeters>11878.2</DistanceMeters>
<HeartRateBpm><Value>143</Value></HeartRateBpm>
<Cadence>79</Cadence>
<Extensions>
<ns3:TPX>
<ns3:Speed>8.064</ns3:Speed>
<ns3:Watts>223</ns3:Watts>
</ns3:TPX>
<bikeapp:Resistance01>17</bikeapp:Resistance01>
<bikeapp:BikeTotalDistanceM>12067.0</bikeapp:BikeTotalDistanceM>
</Extensions>
</Trackpoint>
<Trackpoint>
<Time>2026-05-29T20:59:49.275Z</Time>
<DistanceMeters>11886.4</DistanceMeters>
<HeartRateBpm><Value>143</Value></HeartRateBpm>
<Cadence>78</Cadence>
<Extensions>
<ns3:TPX>
<ns3:Speed>8.078</ns3:Speed>
<ns3:Watts>219</ns3:Watts>
</ns3:TPX>
<bikeapp:Resistance01>17</bikeapp:Resistance01>
<bikeapp:BikeTotalDistanceM>12075.0</bikeapp:BikeTotalDistanceM>
</Extensions>
</Trackpoint>
<Trackpoint>
<Time>2026-05-29T20:59:50.764Z</Time>
<DistanceMeters>11898.4</DistanceMeters>
<HeartRateBpm><Value>142</Value></HeartRateBpm>
<Cadence>77</Cadence>
<Extensions>
<ns3:TPX>
<ns3:Speed>8.053</ns3:Speed>
<ns3:Watts>215</ns3:Watts>
</ns3:TPX>
<bikeapp:Resistance01>17</bikeapp:Resistance01>
<bikeapp:BikeTotalDistanceM>12083.0</bikeapp:BikeTotalDistanceM>
</Extensions>
</Trackpoint>
<Trackpoint>
<Time>2026-05-29T20:59:52.263Z</Time>
<DistanceMeters>11910.3</DistanceMeters>
<HeartRateBpm><Value>142</Value></HeartRateBpm>
<Cadence>74</Cadence>
<Extensions>
<ns3:TPX>
<ns3:Speed>7.934</ns3:Speed>
<ns3:Watts>202</ns3:Watts>
</ns3:TPX>
<bikeapp:Resistance01>17</bikeapp:Resistance01>
<bikeapp:BikeTotalDistanceM>12098.0</bikeapp:BikeTotalDistanceM>
</Extensions>
</Trackpoint>
<Trackpoint>
<Time>2026-05-29T20:59:53.263Z</Time>
<DistanceMeters>11918.2</DistanceMeters>
<HeartRateBpm><Value>142</Value></HeartRateBpm>
<Cadence>75</Cadence>
<Extensions>
<ns3:TPX>
<ns3:Speed>7.908</ns3:Speed>
<ns3:Watts>207</ns3:Watts>
</ns3:TPX>
<bikeapp:Resistance01>17</bikeapp:Resistance01>
<bikeapp:BikeTotalDistanceM>12106.0</bikeapp:BikeTotalDistanceM>
</Extensions>
</Trackpoint>
<Trackpoint>
<Time>2026-05-29T20:59:54.263Z</Time>
<DistanceMeters>11926.1</DistanceMeters>
<HeartRateBpm><Value>142</Value></HeartRateBpm>
<Cadence>74</Cadence>
<Extensions>
<ns3:TPX>
<ns3:Speed>7.888</ns3:Speed>
<ns3:Watts>202</ns3:Watts>
</ns3:TPX>
<bikeapp:Resistance01>17</bikeapp:Resistance01>
<bikeapp:BikeTotalDistanceM>12114.0</bikeapp:BikeTotalDistanceM>
</Extensions>
</Trackpoint>
<Trackpoint>
<Time>2026-05-29T20:59:55.763Z</Time>
<DistanceMeters>11937.9</DistanceMeters>
<HeartRateBpm><Value>143</Value></HeartRateBpm>
<Cadence>72</Cadence>
<Extensions>
<ns3:TPX>
<ns3:Speed>7.808</ns3:Speed>
<ns3:Watts>194</ns3:Watts>
</ns3:TPX>
<bikeapp:Resistance01>17</bikeapp:Resistance01>
<bikeapp:BikeTotalDistanceM>12121.0</bikeapp:BikeTotalDistanceM>
</Extensions>
</Trackpoint>
<Trackpoint>
<Time>2026-05-29T20:59:56.763Z</Time>
<DistanceMeters>11945.7</DistanceMeters>
<HeartRateBpm><Value>142</Value></HeartRateBpm>
<Cadence>73</Cadence>
<Extensions>
<ns3:TPX>
<ns3:Speed>7.791</ns3:Speed>
<ns3:Watts>198</ns3:Watts>
</ns3:TPX>
<bikeapp:Resistance01>17</bikeapp:Resistance01>
<bikeapp:BikeTotalDistanceM>12129.0</bikeapp:BikeTotalDistanceM>
</Extensions>
</Trackpoint>
<Trackpoint>
<Time>2026-05-29T20:59:58.263Z</Time>
<DistanceMeters>11957.4</DistanceMeters>
<HeartRateBpm><Value>142</Value></HeartRateBpm>
<Cadence>74</Cadence>
<Extensions>
<ns3:TPX>
<ns3:Speed>7.808</ns3:Speed>
<ns3:Watts>202</ns3:Watts>
</ns3:TPX>
<bikeapp:Resistance01>17</bikeapp:Resistance01>
<bikeapp:BikeTotalDistanceM>12144.0</bikeapp:BikeTotalDistanceM>
</Extensions>
</Trackpoint>
<Trackpoint>
<Time>2026-05-29T20:59:59.264Z</Time>
<DistanceMeters>11965.2</DistanceMeters>
<HeartRateBpm><Value>141</Value></HeartRateBpm>
<Cadence>74</Cadence>
<Extensions>
<ns3:TPX>
<ns3:Speed>7.815</ns3:Speed>
<ns3:Watts>202</ns3:Watts>
</ns3:TPX>
<bikeapp:Resistance01>17</bikeapp:Resistance01>
<bikeapp:BikeTotalDistanceM>12152.0</bikeapp:BikeTotalDistanceM>
</Extensions>
</Trackpoint>
<Trackpoint>
<Time>2026-05-29T21:00:00.763Z</Time>
<DistanceMeters>11976.9</DistanceMeters>
<HeartRateBpm><Value>139</Value></HeartRateBpm>
<Cadence>75</Cadence>
<Extensions>
<ns3:TPX>
<ns3:Speed>7.849</ns3:Speed>
<ns3:Watts>207</ns3:Watts>
</ns3:TPX>
<bikeapp:Resistance01>17</bikeapp:Resistance01>
<bikeapp:BikeTotalDistanceM>12159.0</bikeapp:BikeTotalDistanceM>
</Extensions>
</Trackpoint>
<Trackpoint>
<Time>2026-05-29T21:00:01.764Z</Time>
<DistanceMeters>11984.8</DistanceMeters>
<HeartRateBpm><Value>139</Value></HeartRateBpm>
<Cadence>77</Cadence>
<Extensions>
<ns3:TPX>
<ns3:Speed>7.914</ns3:Speed>
<ns3:Watts>215</ns3:Watts>
</ns3:TPX>
<bikeapp:Resistance01>17</bikeapp:Resistance01>
<bikeapp:BikeTotalDistanceM>12167.0</bikeapp:BikeTotalDistanceM>
</Extensions>
</Trackpoint>
<Trackpoint>
<Time>2026-05-29T21:00:02.765Z</Time>
<DistanceMeters>11992.8</DistanceMeters>
<HeartRateBpm><Value>139</Value></HeartRateBpm>
<Cadence>78</Cadence>
<Extensions>
<ns3:TPX>
<ns3:Speed>7.976</ns3:Speed>
<ns3:Watts>219</ns3:Watts>
</ns3:TPX>
<bikeapp:Resistance01>17</bikeapp:Resistance01>
<bikeapp:BikeTotalDistanceM>12176.0</bikeapp:BikeTotalDistanceM>
</Extensions>
</Trackpoint>
<Trackpoint>
<Time>2026-05-29T21:00:03.767Z</Time>
<DistanceMeters>12000.8</DistanceMeters>
<HeartRateBpm><Value>139</Value></HeartRateBpm>
<Cadence>78</Cadence>
<Extensions>
<ns3:TPX>
<ns3:Speed>8.014</ns3:Speed>
<ns3:Watts>219</ns3:Watts>
</ns3:TPX>
<bikeapp:Resistance01>17</bikeapp:Resistance01>
<bikeapp:BikeTotalDistanceM>12184.0</bikeapp:BikeTotalDistanceM>
</Extensions>
</Trackpoint>
<Trackpoint>
<Time>2026-05-29T21:00:05.264Z</Time>
<DistanceMeters>12012.9</DistanceMeters>
<HeartRateBpm><Value>139</Value></HeartRateBpm>
<Cadence>77</Cadence>
<Extensions>
<ns3:TPX>
<ns3:Speed>8.033</ns3:Speed>
<ns3:Watts>215</ns3:Watts>
</ns3:TPX>
<bikeapp:Resistance01>17</bikeapp:Resistance01>
<bikeapp:BikeTotalDistanceM>12200.0</bikeapp:BikeTotalDistanceM>
</Extensions>
</Trackpoint>
<Trackpoint>
<Time>2026-05-29T21:00:06.763Z</Time>
<DistanceMeters>12024.9</DistanceMeters>
<HeartRateBpm><Value>139</Value></HeartRateBpm>
<Cadence>76</Cadence>
<Extensions>
<ns3:TPX>
<ns3:Speed>8.002</ns3:Speed>
<ns3:Watts>211</ns3:Watts>
</ns3:TPX>
<bikeapp:Resistance01>17</bikeapp:Resistance01>
<bikeapp:BikeTotalDistanceM>12208.0</bikeapp:BikeTotalDistanceM>
</Extensions>
</Trackpoint>
<Trackpoint>
<Time>2026-05-29T21:00:07.764Z</Time>
<DistanceMeters>12032.8</DistanceMeters>
<HeartRateBpm><Value>139</Value></HeartRateBpm>
<Cadence>75</Cadence>
<Extensions>
<ns3:TPX>
<ns3:Speed>7.962</ns3:Speed>
<ns3:Watts>207</ns3:Watts>
</ns3:TPX>
<bikeapp:Resistance01>17</bikeapp:Resistance01>
<bikeapp:BikeTotalDistanceM>12215.0</bikeapp:BikeTotalDistanceM>
</Extensions>
</Trackpoint>
<Trackpoint>
<Time>2026-05-29T21:00:08.764Z</Time>
<DistanceMeters>12040.8</DistanceMeters>
<HeartRateBpm><Value>139</Value></HeartRateBpm>
<Cadence>76</Cadence>
<Extensions>
<ns3:TPX>
<ns3:Speed>7.961</ns3:Speed>
<ns3:Watts>211</ns3:Watts>
</ns3:TPX>
<bikeapp:Resistance01>17</bikeapp:Resistance01>
<bikeapp:BikeTotalDistanceM>12223.0</bikeapp:BikeTotalDistanceM>
</Extensions>
</Trackpoint>
<Trackpoint>
<Time>2026-05-29T21:00:10.264Z</Time>
<DistanceMeters>12052.8</DistanceMeters>
<HeartRateBpm><Value>140</Value></HeartRateBpm>
<Cadence>77</Cadence>
<Extensions>
<ns3:TPX>
<ns3:Speed>7.990</ns3:Speed>
<ns3:Watts>215</ns3:Watts>
</ns3:TPX>
<bikeapp:Resistance01>17</bikeapp:Resistance01>
<bikeapp:BikeTotalDistanceM>12239.0</bikeapp:BikeTotalDistanceM>
</Extensions>
</Trackpoint>
<Trackpoint>
<Time>2026-05-29T21:00:11.763Z</Time>
<DistanceMeters>12064.8</DistanceMeters>
<HeartRateBpm><Value>140</Value></HeartRateBpm>
<Cadence>78</Cadence>
<Extensions>
<ns3:TPX>
<ns3:Speed>8.026</ns3:Speed>
<ns3:Watts>219</ns3:Watts>
</ns3:TPX>
<bikeapp:Resistance01>17</bikeapp:Resistance01>
<bikeapp:BikeTotalDistanceM>12247.0</bikeapp:BikeTotalDistanceM>
</Extensions>
</Trackpoint>
<Trackpoint>
<Time>2026-05-29T21:00:12.763Z</Time>
<DistanceMeters>12072.9</DistanceMeters>
<HeartRateBpm><Value>141</Value></HeartRateBpm>
<Cadence>80</Cadence>
<Extensions>
<ns3:TPX>
<ns3:Speed>8.093</ns3:Speed>
<ns3:Watts>228</ns3:Watts>
</ns3:TPX>
<bikeapp:Resistance01>17</bikeapp:Resistance01>
<bikeapp:BikeTotalDistanceM>12255.0</bikeapp:BikeTotalDistanceM>
</Extensions>
</Trackpoint>
<Trackpoint>
<Time>2026-05-29T21:00:14.263Z</Time>
<DistanceMeters>12085.1</DistanceMeters>
<HeartRateBpm><Value>141</Value></HeartRateBpm>
<Cadence>81</Cadence>
<Extensions>
<ns3:TPX>
<ns3:Speed>8.185</ns3:Speed>
<ns3:Watts>233</ns3:Watts>
</ns3:TPX>
<bikeapp:Resistance01>17</bikeapp:Resistance01>
<bikeapp:BikeTotalDistanceM>12272.0</bikeapp:BikeTotalDistanceM>
</Extensions>
</Trackpoint>
<Trackpoint>
<Time>2026-05-29T21:00:15.765Z</Time>
<DistanceMeters>12097.4</DistanceMeters>
<HeartRateBpm><Value>141</Value></HeartRateBpm>
<Cadence>78</Cadence>
<Extensions>
<ns3:TPX>
<ns3:Speed>8.153</ns3:Speed>
<ns3:Watts>219</ns3:Watts>
</ns3:TPX>
<bikeapp:Resistance01>17</bikeapp:Resistance01>
<bikeapp:BikeTotalDistanceM>12280.0</bikeapp:BikeTotalDistanceM>
</Extensions>
</Trackpoint>
<Trackpoint>
<Time>2026-05-29T21:00:16.775Z</Time>
<DistanceMeters>12105.6</DistanceMeters>
<HeartRateBpm><Value>141</Value></HeartRateBpm>
<Cadence>75</Cadence>
<Extensions>
<ns3:TPX>
<ns3:Speed>8.054</ns3:Speed>
<ns3:Watts>207</ns3:Watts>
</ns3:TPX>
<bikeapp:Resistance01>17</bikeapp:Resistance01>
<bikeapp:BikeTotalDistanceM>12288.0</bikeapp:BikeTotalDistanceM>
</Extensions>
</Trackpoint>
<Trackpoint>
<Time>2026-05-29T21:00:18.264Z</Time>
<DistanceMeters>12117.6</DistanceMeters>
<HeartRateBpm><Value>140</Value></HeartRateBpm>
<Cadence>78</Cadence>
<Extensions>
<ns3:TPX>
<ns3:Speed>8.064</ns3:Speed>
<ns3:Watts>219</ns3:Watts>
</ns3:TPX>
<bikeapp:Resistance01>17</bikeapp:Resistance01>
<bikeapp:BikeTotalDistanceM>12304.0</bikeapp:BikeTotalDistanceM>
</Extensions>
</Trackpoint>
<Trackpoint>
<Time>2026-05-29T21:00:19.763Z</Time>
<DistanceMeters>12129.7</DistanceMeters>
<HeartRateBpm><Value>140</Value></HeartRateBpm>
<Cadence>79</Cadence>
<Extensions>
<ns3:TPX>
<ns3:Speed>8.091</ns3:Speed>
<ns3:Watts>223</ns3:Watts>
</ns3:TPX>
<bikeapp:Resistance01>17</bikeapp:Resistance01>
<bikeapp:BikeTotalDistanceM>12312.0</bikeapp:BikeTotalDistanceM>
</Extensions>
</Trackpoint>
<Trackpoint>
<Time>2026-05-29T21:00:20.763Z</Time>
<DistanceMeters>12137.8</DistanceMeters>
<HeartRateBpm><Value>140</Value></HeartRateBpm>
<Cadence>79</Cadence>
<Extensions>
<ns3:TPX>
<ns3:Speed>8.106</ns3:Speed>
<ns3:Watts>223</ns3:Watts>
</ns3:TPX>
<bikeapp:Resistance01>17</bikeapp:Resistance01>
<bikeapp:BikeTotalDistanceM>12321.0</bikeapp:BikeTotalDistanceM>
</Extensions>
</Trackpoint>
<Trackpoint>
<Time>2026-05-29T21:00:21.763Z</Time>
<DistanceMeters>12145.9</DistanceMeters>
<HeartRateBpm><Value>140</Value></HeartRateBpm>
<Cadence>78</Cadence>
<Extensions>
<ns3:TPX>
<ns3:Speed>8.094</ns3:Speed>
<ns3:Watts>219</ns3:Watts>
</ns3:TPX>
<bikeapp:Resistance01>17</bikeapp:Resistance01>
<bikeapp:BikeTotalDistanceM>12329.0</bikeapp:BikeTotalDistanceM>
</Extensions>
</Trackpoint>
<Trackpoint>
<Time>2026-05-29T21:00:22.763Z</Time>
<DistanceMeters>12154.0</DistanceMeters>
<HeartRateBpm><Value>140</Value></HeartRateBpm>
<Cadence>78</Cadence>
<Extensions>
<ns3:TPX>
<ns3:Speed>8.086</ns3:Speed>
<ns3:Watts>219</ns3:Watts>
</ns3:TPX>
<bikeapp:Resistance01>17</bikeapp:Resistance01>
<bikeapp:BikeTotalDistanceM>12337.0</bikeapp:BikeTotalDistanceM>
</Extensions>
</Trackpoint>
<Trackpoint>
<Time>2026-05-29T21:00:23.764Z</Time>
<DistanceMeters>12162.0</DistanceMeters>
<HeartRateBpm><Value>140</Value></HeartRateBpm>
<Cadence>78</Cadence>
<Extensions>
<ns3:TPX>
<ns3:Speed>8.081</ns3:Speed>
<ns3:Watts>219</ns3:Watts>
</ns3:TPX>
<bikeapp:Resistance01>17</bikeapp:Resistance01>
<bikeapp:BikeTotalDistanceM>12345.0</bikeapp:BikeTotalDistanceM>
</Extensions>
</Trackpoint>
<Trackpoint>
<Time>2026-05-29T21:00:25.264Z</Time>
<DistanceMeters>12174.2</DistanceMeters>
<HeartRateBpm><Value>142</Value></HeartRateBpm>
<Cadence>78</Cadence>
<Extensions>
<ns3:TPX>
<ns3:Speed>8.077</ns3:Speed>
<ns3:Watts>219</ns3:Watts>
</ns3:TPX>
<bikeapp:Resistance01>17</bikeapp:Resistance01>
<bikeapp:BikeTotalDistanceM>12361.0</bikeapp:BikeTotalDistanceM>
</Extensions>
</Trackpoint>
<Trackpoint>
<Time>2026-05-29T21:00:26.775Z</Time>
<DistanceMeters>12186.4</DistanceMeters>
<HeartRateBpm><Value>142</Value></HeartRateBpm>
<Cadence>78</Cadence>
<Extensions>
<ns3:TPX>
<ns3:Speed>8.076</ns3:Speed>
<ns3:Watts>219</ns3:Watts>
</ns3:TPX>
<bikeapp:Resistance01>17</bikeapp:Resistance01>
<bikeapp:BikeTotalDistanceM>12369.0</bikeapp:BikeTotalDistanceM>
</Extensions>
</Trackpoint>
<Trackpoint>
<Time>2026-05-29T21:00:28.264Z</Time>
<DistanceMeters>12198.3</DistanceMeters>
<HeartRateBpm><Value>142</Value></HeartRateBpm>
<Cadence>76</Cadence>
<Extensions>
<ns3:TPX>
<ns3:Speed>8.015</ns3:Speed>
<ns3:Watts>211</ns3:Watts>
</ns3:TPX>
<bikeapp:Resistance01>17</bikeapp:Resistance01>
<bikeapp:BikeTotalDistanceM>12385.0</bikeapp:BikeTotalDistanceM>
</Extensions>
</Trackpoint>
<Trackpoint>
<Time>2026-05-29T21:00:29.764Z</Time>
<DistanceMeters>12210.3</DistanceMeters>
<HeartRateBpm><Value>144</Value></HeartRateBpm>
<Cadence>76</Cadence>
<Extensions>
<ns3:TPX>
<ns3:Speed>7.985</ns3:Speed>
<ns3:Watts>211</ns3:Watts>
</ns3:TPX>
<bikeapp:Resistance01>17</bikeapp:Resistance01>
<bikeapp:BikeTotalDistanceM>12393.0</bikeapp:BikeTotalDistanceM>
</Extensions>
</Trackpoint>
<Trackpoint>
<Time>2026-05-29T21:00:31.263Z</Time>
<DistanceMeters>12222.3</DistanceMeters>
<HeartRateBpm><Value>143</Value></HeartRateBpm>
<Cadence>79</Cadence>
<Extensions>
<ns3:TPX>
<ns3:Speed>8.044</ns3:Speed>
<ns3:Watts>223</ns3:Watts>
</ns3:TPX>
<bikeapp:Resistance01>17</bikeapp:Resistance01>
<bikeapp:BikeTotalDistanceM>12409.0</bikeapp:BikeTotalDistanceM>
</Extensions>
</Trackpoint>
<Trackpoint>
<Time>2026-05-29T21:00:32.277Z</Time>
<DistanceMeters>12230.5</DistanceMeters>
<HeartRateBpm><Value>143</Value></HeartRateBpm>
<Cadence>80</Cadence>
<Extensions>
<ns3:TPX>
<ns3:Speed>8.093</ns3:Speed>
<ns3:Watts>228</ns3:Watts>
</ns3:TPX>
<bikeapp:Resistance01>17</bikeapp:Resistance01>
<bikeapp:BikeTotalDistanceM>12417.0</bikeapp:BikeTotalDistanceM>
</Extensions>
</Trackpoint>
<Trackpoint>
<Time>2026-05-29T21:00:33.288Z</Time>
<DistanceMeters>12238.8</DistanceMeters>
<HeartRateBpm><Value>142</Value></HeartRateBpm>
<Cadence>81</Cadence>
<Extensions>
<ns3:TPX>
<ns3:Speed>8.150</ns3:Speed>
<ns3:Watts>233</ns3:Watts>
</ns3:TPX>
<bikeapp:Resistance01>17</bikeapp:Resistance01>
<bikeapp:BikeTotalDistanceM>12426.0</bikeapp:BikeTotalDistanceM>
</Extensions>
</Trackpoint>
<Trackpoint>
<Time>2026-05-29T21:00:34.776Z</Time>
<DistanceMeters>12250.9</DistanceMeters>
<HeartRateBpm><Value>142</Value></HeartRateBpm>
<Cadence>79</Cadence>
<Extensions>
<ns3:TPX>
<ns3:Speed>8.158</ns3:Speed>
<ns3:Watts>223</ns3:Watts>
</ns3:TPX>
<bikeapp:Resistance01>17</bikeapp:Resistance01>
<bikeapp:BikeTotalDistanceM>12434.0</bikeapp:BikeTotalDistanceM>
</Extensions>
</Trackpoint>
<Trackpoint>
<Time>2026-05-29T21:00:35.777Z</Time>
<DistanceMeters>12259.0</DistanceMeters>
<HeartRateBpm><Value>142</Value></HeartRateBpm>
<Cadence>77</Cadence>
<Extensions>
<ns3:TPX>
<ns3:Speed>8.103</ns3:Speed>
<ns3:Watts>215</ns3:Watts>
</ns3:TPX>
<bikeapp:Resistance01>17</bikeapp:Resistance01>
<bikeapp:BikeTotalDistanceM>12442.0</bikeapp:BikeTotalDistanceM>
</Extensions>
</Trackpoint>
<Trackpoint>
<Time>2026-05-29T21:00:37.276Z</Time>
<DistanceMeters>12271.2</DistanceMeters>
<HeartRateBpm><Value>142</Value></HeartRateBpm>
<Cadence>80</Cadence>
<Extensions>
<ns3:TPX>
<ns3:Speed>8.115</ns3:Speed>
<ns3:Watts>228</ns3:Watts>
</ns3:TPX>
<bikeapp:Resistance01>17</bikeapp:Resistance01>
<bikeapp:BikeTotalDistanceM>12458.0</bikeapp:BikeTotalDistanceM>
</Extensions>
</Trackpoint>
<Trackpoint>
<Time>2026-05-29T21:00:38.776Z</Time>
<DistanceMeters>12283.3</DistanceMeters>
<HeartRateBpm><Value>142</Value></HeartRateBpm>
<Cadence>77</Cadence>
<Extensions>
<ns3:TPX>
<ns3:Speed>8.089</ns3:Speed>
<ns3:Watts>215</ns3:Watts>
</ns3:TPX>
<bikeapp:Resistance01>17</bikeapp:Resistance01>
<bikeapp:BikeTotalDistanceM>12466.0</bikeapp:BikeTotalDistanceM>
</Extensions>
</Trackpoint>
<Trackpoint>
<Time>2026-05-29T21:00:39.788Z</Time>
<DistanceMeters>12291.5</DistanceMeters>
<HeartRateBpm><Value>142</Value></HeartRateBpm>
<Cadence>75</Cadence>
<Extensions>
<ns3:TPX>
<ns3:Speed>8.015</ns3:Speed>
<ns3:Watts>207</ns3:Watts>
</ns3:TPX>
<bikeapp:Resistance01>17</bikeapp:Resistance01>
<bikeapp:BikeTotalDistanceM>12474.0</bikeapp:BikeTotalDistanceM>
</Extensions>
</Trackpoint>
<Trackpoint>
<Time>2026-05-29T21:00:41.276Z</Time>
<DistanceMeters>12303.4</DistanceMeters>
<HeartRateBpm><Value>143</Value></HeartRateBpm>
<Cadence>75</Cadence>
<Extensions>
<ns3:TPX>
<ns3:Speed>7.973</ns3:Speed>
<ns3:Watts>207</ns3:Watts>
</ns3:TPX>
<bikeapp:Resistance01>17</bikeapp:Resistance01>
<bikeapp:BikeTotalDistanceM>12490.0</bikeapp:BikeTotalDistanceM>
</Extensions>
</Trackpoint>
<Trackpoint>
<Time>2026-05-29T21:00:42.776Z</Time>
<DistanceMeters>12315.2</DistanceMeters>
<HeartRateBpm><Value>143</Value></HeartRateBpm>
<Cadence>74</Cadence>
<Extensions>
<ns3:TPX>
<ns3:Speed>7.906</ns3:Speed>
<ns3:Watts>202</ns3:Watts>
</ns3:TPX>
<bikeapp:Resistance01>17</bikeapp:Resistance01>
<bikeapp:BikeTotalDistanceM>12497.0</bikeapp:BikeTotalDistanceM>
</Extensions>
</Trackpoint>
<Trackpoint>
<Time>2026-05-29T21:00:43.776Z</Time>
<DistanceMeters>12323.2</DistanceMeters>
<HeartRateBpm><Value>143</Value></HeartRateBpm>
<Cadence>75</Cadence>
<Extensions>
<ns3:TPX>
<ns3:Speed>7.903</ns3:Speed>
<ns3:Watts>207</ns3:Watts>
</ns3:TPX>
<bikeapp:Resistance01>17</bikeapp:Resistance01>
<bikeapp:BikeTotalDistanceM>12505.0</bikeapp:BikeTotalDistanceM>
</Extensions>
</Trackpoint>
<Trackpoint>
<Time>2026-05-29T21:00:45.276Z</Time>
<DistanceMeters>12335.1</DistanceMeters>
<HeartRateBpm><Value>142</Value></HeartRateBpm>
<Cadence>78</Cadence>
<Extensions>
<ns3:TPX>
<ns3:Speed>7.992</ns3:Speed>
<ns3:Watts>219</ns3:Watts>
</ns3:TPX>
<bikeapp:Resistance01>17</bikeapp:Resistance01>
<bikeapp:BikeTotalDistanceM>12521.0</bikeapp:BikeTotalDistanceM>
</Extensions>
</Trackpoint>
<Trackpoint>
<Time>2026-05-29T21:00:46.776Z</Time>
<DistanceMeters>12347.2</DistanceMeters>
<HeartRateBpm><Value>142</Value></HeartRateBpm>
<Cadence>79</Cadence>
<Extensions>
<ns3:TPX>
<ns3:Speed>8.057</ns3:Speed>
<ns3:Watts>223</ns3:Watts>
</ns3:TPX>
<bikeapp:Resistance01>17</bikeapp:Resistance01>
<bikeapp:BikeTotalDistanceM>12529.0</bikeapp:BikeTotalDistanceM>
</Extensions>
</Trackpoint>
<Trackpoint>
<Time>2026-05-29T21:00:47.776Z</Time>
<DistanceMeters>12355.2</DistanceMeters>
<HeartRateBpm><Value>142</Value></HeartRateBpm>
<Cadence>79</Cadence>
<Extensions>
<ns3:TPX>
<ns3:Speed>8.085</ns3:Speed>
<ns3:Watts>223</ns3:Watts>
</ns3:TPX>
<bikeapp:Resistance01>17</bikeapp:Resistance01>
<bikeapp:BikeTotalDistanceM>12538.0</bikeapp:BikeTotalDistanceM>
</Extensions>
</Trackpoint>
<Trackpoint>
<Time>2026-05-29T21:00:48.779Z</Time>
<DistanceMeters>12363.3</DistanceMeters>
<HeartRateBpm><Value>141</Value></HeartRateBpm>
<Cadence>78</Cadence>
<Extensions>
<ns3:TPX>
<ns3:Speed>8.081</ns3:Speed>
<ns3:Watts>219</ns3:Watts>
</ns3:TPX>
<bikeapp:Resistance01>17</bikeapp:Resistance01>
<bikeapp:BikeTotalDistanceM>12546.0</bikeapp:BikeTotalDistanceM>
</Extensions>
</Trackpoint>
<Trackpoint>
<Time>2026-05-29T21:00:50.276Z</Time>
<DistanceMeters>12375.4</DistanceMeters>
<HeartRateBpm><Value>141</Value></HeartRateBpm>
<Cadence>75</Cadence>
<Extensions>
<ns3:TPX>
<ns3:Speed>8.004</ns3:Speed>
<ns3:Watts>207</ns3:Watts>
</ns3:TPX>
<bikeapp:Resistance01>17</bikeapp:Resistance01>
<bikeapp:BikeTotalDistanceM>12561.0</bikeapp:BikeTotalDistanceM>
</Extensions>
</Trackpoint>
<Trackpoint>
<Time>2026-05-29T21:00:51.776Z</Time>
<DistanceMeters>12387.3</DistanceMeters>
<HeartRateBpm><Value>141</Value></HeartRateBpm>
<Cadence>76</Cadence>
<Extensions>
<ns3:TPX>
<ns3:Speed>7.973</ns3:Speed>
<ns3:Watts>211</ns3:Watts>
</ns3:TPX>
<bikeapp:Resistance01>17</bikeapp:Resistance01>
<bikeapp:BikeTotalDistanceM>12569.0</bikeapp:BikeTotalDistanceM>
</Extensions>
</Trackpoint>
<Trackpoint>
<Time>2026-05-29T21:00:52.776Z</Time>
<DistanceMeters>12395.3</DistanceMeters>
<HeartRateBpm><Value>141</Value></HeartRateBpm>
<Cadence>76</Cadence>
<Extensions>
<ns3:TPX>
<ns3:Speed>7.967</ns3:Speed>
<ns3:Watts>211</ns3:Watts>
</ns3:TPX>
<bikeapp:Resistance01>17</bikeapp:Resistance01>
<bikeapp:BikeTotalDistanceM>12577.0</bikeapp:BikeTotalDistanceM>
</Extensions>
</Trackpoint>
<Trackpoint>
<Time>2026-05-29T21:00:53.789Z</Time>
<DistanceMeters>12403.4</DistanceMeters>
<HeartRateBpm><Value>141</Value></HeartRateBpm>
<Cadence>76</Cadence>
<Extensions>
<ns3:TPX>
<ns3:Speed>7.964</ns3:Speed>
<ns3:Watts>211</ns3:Watts>
</ns3:TPX>
<bikeapp:Resistance01>17</bikeapp:Resistance01>
<bikeapp:BikeTotalDistanceM>12585.0</bikeapp:BikeTotalDistanceM>
</Extensions>
</Trackpoint>
<Trackpoint>
<Time>2026-05-29T21:00:55.277Z</Time>
<DistanceMeters>12415.3</DistanceMeters>
<HeartRateBpm><Value>141</Value></HeartRateBpm>
<Cadence>79</Cadence>
<Extensions>
<ns3:TPX>
<ns3:Speed>8.016</ns3:Speed>
<ns3:Watts>223</ns3:Watts>
</ns3:TPX>
<bikeapp:Resistance01>17</bikeapp:Resistance01>
<bikeapp:BikeTotalDistanceM>12601.0</bikeapp:BikeTotalDistanceM>
</Extensions>
</Trackpoint>
<Trackpoint>
<Time>2026-05-29T21:00:56.776Z</Time>
<DistanceMeters>12427.4</DistanceMeters>
<HeartRateBpm><Value>141</Value></HeartRateBpm>
<Cadence>80</Cadence>
<Extensions>
<ns3:TPX>
<ns3:Speed>8.103</ns3:Speed>
<ns3:Watts>228</ns3:Watts>
</ns3:TPX>
<bikeapp:Resistance01>17</bikeapp:Resistance01>
<bikeapp:BikeTotalDistanceM>12609.0</bikeapp:BikeTotalDistanceM>
</Extensions>
</Trackpoint>
<Trackpoint>
<Time>2026-05-29T21:00:58.276Z</Time>
<DistanceMeters>12439.5</DistanceMeters>
<HeartRateBpm><Value>140</Value></HeartRateBpm>
<Cadence>77</Cadence>
<Extensions>
<ns3:TPX>
<ns3:Speed>8.075</ns3:Speed>
<ns3:Watts>215</ns3:Watts>
</ns3:TPX>
<bikeapp:Resistance01>17</bikeapp:Resistance01>
<bikeapp:BikeTotalDistanceM>12625.0</bikeapp:BikeTotalDistanceM>
</Extensions>
</Trackpoint>
<Trackpoint>
<Time>2026-05-29T21:00:59.276Z</Time>
<DistanceMeters>12447.5</DistanceMeters>
<HeartRateBpm><Value>140</Value></HeartRateBpm>
<Cadence>77</Cadence>
<Extensions>
<ns3:TPX>
<ns3:Speed>8.052</ns3:Speed>
<ns3:Watts>215</ns3:Watts>
</ns3:TPX>
<bikeapp:Resistance01>17</bikeapp:Resistance01>
<bikeapp:BikeTotalDistanceM>12633.0</bikeapp:BikeTotalDistanceM>
</Extensions>
</Trackpoint>
<Trackpoint>
<Time>2026-05-29T21:01:00.288Z</Time>
<DistanceMeters>12455.7</DistanceMeters>
<HeartRateBpm><Value>138</Value></HeartRateBpm>
<Cadence>78</Cadence>
<Extensions>
<ns3:TPX>
<ns3:Speed>8.051</ns3:Speed>
<ns3:Watts>219</ns3:Watts>
</ns3:TPX>
<bikeapp:Resistance01>17</bikeapp:Resistance01>
<bikeapp:BikeTotalDistanceM>12641.0</bikeapp:BikeTotalDistanceM>
</Extensions>
</Trackpoint>
<Trackpoint>
<Time>2026-05-29T21:01:01.777Z</Time>
<DistanceMeters>12467.7</DistanceMeters>
<HeartRateBpm><Value>138</Value></HeartRateBpm>
<Cadence>79</Cadence>
<Extensions>
<ns3:TPX>
<ns3:Speed>8.085</ns3:Speed>
<ns3:Watts>223</ns3:Watts>
</ns3:TPX>
<bikeapp:Resistance01>17</bikeapp:Resistance01>
<bikeapp:BikeTotalDistanceM>12650.0</bikeapp:BikeTotalDistanceM>
</Extensions>
</Trackpoint>
<Trackpoint>
<Time>2026-05-29T21:01:03.300Z</Time>
<DistanceMeters>12480.0</DistanceMeters>
<HeartRateBpm><Value>138</Value></HeartRateBpm>
<Cadence>79</Cadence>
<Extensions>
<ns3:TPX>
<ns3:Speed>8.092</ns3:Speed>
<ns3:Watts>223</ns3:Watts>
</ns3:TPX>
<bikeapp:Resistance01>17</bikeapp:Resistance01>
<bikeapp:BikeTotalDistanceM>12666.0</bikeapp:BikeTotalDistanceM>
</Extensions>
</Trackpoint>
<Trackpoint>
<Time>2026-05-29T21:01:04.781Z</Time>
<DistanceMeters>12492.0</DistanceMeters>
<HeartRateBpm><Value>138</Value></HeartRateBpm>
<Cadence>80</Cadence>
<Extensions>
<ns3:TPX>
<ns3:Speed>8.139</ns3:Speed>
<ns3:Watts>228</ns3:Watts>
</ns3:TPX>
<bikeapp:Resistance01>17</bikeapp:Resistance01>
<bikeapp:BikeTotalDistanceM>12674.0</bikeapp:BikeTotalDistanceM>
</Extensions>
</Trackpoint>
<Trackpoint>
<Time>2026-05-29T21:01:06.276Z</Time>
<DistanceMeters>12504.2</DistanceMeters>
<HeartRateBpm><Value>138</Value></HeartRateBpm>
<Cadence>78</Cadence>
<Extensions>
<ns3:TPX>
<ns3:Speed>8.088</ns3:Speed>
<ns3:Watts>219</ns3:Watts>
</ns3:TPX>
<bikeapp:Resistance01>17</bikeapp:Resistance01>
<bikeapp:BikeTotalDistanceM>12690.0</bikeapp:BikeTotalDistanceM>
</Extensions>
</Trackpoint>
<Trackpoint>
<Time>2026-05-29T21:01:07.277Z</Time>
<DistanceMeters>12512.2</DistanceMeters>
<HeartRateBpm><Value>139</Value></HeartRateBpm>
<Cadence>78</Cadence>
<Extensions>
<ns3:TPX>
<ns3:Speed>8.082</ns3:Speed>
<ns3:Watts>219</ns3:Watts>
</ns3:TPX>
<bikeapp:Resistance01>17</bikeapp:Resistance01>
<bikeapp:BikeTotalDistanceM>12698.0</bikeapp:BikeTotalDistanceM>
</Extensions>
</Trackpoint>
<Trackpoint>
<Time>2026-05-29T21:01:08.288Z</Time>
<DistanceMeters>12520.4</DistanceMeters>
<HeartRateBpm><Value>140</Value></HeartRateBpm>
<Cadence>79</Cadence>
<Extensions>
<ns3:TPX>
<ns3:Speed>8.092</ns3:Speed>
<ns3:Watts>223</ns3:Watts>
</ns3:TPX>
<bikeapp:Resistance01>17</bikeapp:Resistance01>
<bikeapp:BikeTotalDistanceM>12707.0</bikeapp:BikeTotalDistanceM>
</Extensions>
</Trackpoint>
<Trackpoint>
<Time>2026-05-29T21:01:09.776Z</Time>
<DistanceMeters>12532.5</DistanceMeters>
<HeartRateBpm><Value>140</Value></HeartRateBpm>
<Cadence>80</Cadence>
<Extensions>
<ns3:TPX>
<ns3:Speed>8.139</ns3:Speed>
<ns3:Watts>228</ns3:Watts>
</ns3:TPX>
<bikeapp:Resistance01>17</bikeapp:Resistance01>
<bikeapp:BikeTotalDistanceM>12715.0</bikeapp:BikeTotalDistanceM>
</Extensions>
</Trackpoint>
<Trackpoint>
<Time>2026-05-29T21:01:10.777Z</Time>
<DistanceMeters>12540.6</DistanceMeters>
<HeartRateBpm><Value>139</Value></HeartRateBpm>
<Cadence>79</Cadence>
<Extensions>
<ns3:TPX>
<ns3:Speed>8.136</ns3:Speed>
<ns3:Watts>223</ns3:Watts>
</ns3:TPX>
<bikeapp:Resistance01>17</bikeapp:Resistance01>
<bikeapp:BikeTotalDistanceM>12723.0</bikeapp:BikeTotalDistanceM>
</Extensions>
</Trackpoint>
<Trackpoint>
<Time>2026-05-29T21:01:12.276Z</Time>
<DistanceMeters>12552.8</DistanceMeters>
<HeartRateBpm><Value>138</Value></HeartRateBpm>
<Cadence>79</Cadence>
<Extensions>
<ns3:TPX>
<ns3:Speed>8.116</ns3:Speed>
<ns3:Watts>223</ns3:Watts>
</ns3:TPX>
<bikeapp:Resistance01>17</bikeapp:Resistance01>
<bikeapp:BikeTotalDistanceM>12739.0</bikeapp:BikeTotalDistanceM>
</Extensions>
</Trackpoint>
<Trackpoint>
<Time>2026-05-29T21:01:13.276Z</Time>
<DistanceMeters>12560.9</DistanceMeters>
<HeartRateBpm><Value>138</Value></HeartRateBpm>
<Cadence>79</Cadence>
<Extensions>
<ns3:TPX>
<ns3:Speed>8.121</ns3:Speed>
<ns3:Watts>223</ns3:Watts>
</ns3:TPX>
<bikeapp:Resistance01>17</bikeapp:Resistance01>
<bikeapp:BikeTotalDistanceM>12747.0</bikeapp:BikeTotalDistanceM>
</Extensions>
</Trackpoint>
<Trackpoint>
<Time>2026-05-29T21:01:14.776Z</Time>
<DistanceMeters>12573.1</DistanceMeters>
<HeartRateBpm><Value>138</Value></HeartRateBpm>
<Cadence>77</Cadence>
<Extensions>
<ns3:TPX>
<ns3:Speed>8.083</ns3:Speed>
<ns3:Watts>215</ns3:Watts>
</ns3:TPX>
<bikeapp:Resistance01>17</bikeapp:Resistance01>
<bikeapp:BikeTotalDistanceM>12755.0</bikeapp:BikeTotalDistanceM>
</Extensions>
</Trackpoint>
<Trackpoint>
<Time>2026-05-29T21:01:15.776Z</Time>
<DistanceMeters>12581.2</DistanceMeters>
<HeartRateBpm><Value>138</Value></HeartRateBpm>
<Cadence>78</Cadence>
<Extensions>
<ns3:TPX>
<ns3:Speed>8.079</ns3:Speed>
<ns3:Watts>219</ns3:Watts>
</ns3:TPX>
<bikeapp:Resistance01>17</bikeapp:Resistance01>
<bikeapp:BikeTotalDistanceM>12764.0</bikeapp:BikeTotalDistanceM>
</Extensions>
</Trackpoint>
<Trackpoint>
<Time>2026-05-29T21:01:17.276Z</Time>
<DistanceMeters>12593.3</DistanceMeters>
<HeartRateBpm><Value>138</Value></HeartRateBpm>
<Cadence>79</Cadence>
<Extensions>
<ns3:TPX>
<ns3:Speed>8.106</ns3:Speed>
<ns3:Watts>223</ns3:Watts>
</ns3:TPX>
<bikeapp:Resistance01>17</bikeapp:Resistance01>
<bikeapp:BikeTotalDistanceM>12780.0</bikeapp:BikeTotalDistanceM>
</Extensions>
</Trackpoint>
<Trackpoint>
<Time>2026-05-29T21:01:18.277Z</Time>
<DistanceMeters>12601.4</DistanceMeters>
<HeartRateBpm><Value>138</Value></HeartRateBpm>
<Cadence>78</Cadence>
<Extensions>
<ns3:TPX>
<ns3:Speed>8.103</ns3:Speed>
<ns3:Watts>219</ns3:Watts>
</ns3:TPX>
<bikeapp:Resistance01>17</bikeapp:Resistance01>
<bikeapp:BikeTotalDistanceM>12788.0</bikeapp:BikeTotalDistanceM>
</Extensions>
</Trackpoint>
<Trackpoint>
<Time>2026-05-29T21:01:19.277Z</Time>
<DistanceMeters>12609.5</DistanceMeters>
<HeartRateBpm><Value>139</Value></HeartRateBpm>
<Cadence>78</Cadence>
<Extensions>
<ns3:TPX>
<ns3:Speed>8.092</ns3:Speed>
<ns3:Watts>219</ns3:Watts>
</ns3:TPX>
<bikeapp:Resistance01>17</bikeapp:Resistance01>
<bikeapp:BikeTotalDistanceM>12796.0</bikeapp:BikeTotalDistanceM>
</Extensions>
</Trackpoint>
<Trackpoint>
<Time>2026-05-29T21:01:20.283Z</Time>
<DistanceMeters>12617.6</DistanceMeters>
<HeartRateBpm><Value>139</Value></HeartRateBpm>
<Cadence>76</Cadence>
<Extensions>
<ns3:TPX>
<ns3:Speed>8.059</ns3:Speed>
<ns3:Watts>211</ns3:Watts>
</ns3:TPX>
<bikeapp:Resistance01>17</bikeapp:Resistance01>
<bikeapp:BikeTotalDistanceM>12804.0</bikeapp:BikeTotalDistanceM>
</Extensions>
</Trackpoint>
<Trackpoint>
<Time>2026-05-29T21:01:21.776Z</Time>
<DistanceMeters>12629.6</DistanceMeters>
<HeartRateBpm><Value>138</Value></HeartRateBpm>
<Cadence>76</Cadence>
<Extensions>
<ns3:TPX>
<ns3:Speed>8.007</ns3:Speed>
<ns3:Watts>211</ns3:Watts>
</ns3:TPX>
<bikeapp:Resistance01>17</bikeapp:Resistance01>
<bikeapp:BikeTotalDistanceM>12812.0</bikeapp:BikeTotalDistanceM>
</Extensions>
</Trackpoint>
<Trackpoint>
<Time>2026-05-29T21:01:22.776Z</Time>
<DistanceMeters>12637.6</DistanceMeters>
<HeartRateBpm><Value>138</Value></HeartRateBpm>
<Cadence>76</Cadence>
<Extensions>
<ns3:TPX>
<ns3:Speed>7.988</ns3:Speed>
<ns3:Watts>211</ns3:Watts>
</ns3:TPX>
<bikeapp:Resistance01>17</bikeapp:Resistance01>
<bikeapp:BikeTotalDistanceM>12820.0</bikeapp:BikeTotalDistanceM>
</Extensions>
</Trackpoint>
<Trackpoint>
<Time>2026-05-29T21:01:23.777Z</Time>
<DistanceMeters>12645.6</DistanceMeters>
<HeartRateBpm><Value>137</Value></HeartRateBpm>
<Cadence>77</Cadence>
<Extensions>
<ns3:TPX>
<ns3:Speed>7.999</ns3:Speed>
<ns3:Watts>215</ns3:Watts>
</ns3:TPX>
<bikeapp:Resistance01>17</bikeapp:Resistance01>
<bikeapp:BikeTotalDistanceM>12828.0</bikeapp:BikeTotalDistanceM>
</Extensions>
</Trackpoint>
<Trackpoint>
<Time>2026-05-29T21:01:25.276Z</Time>
<DistanceMeters>12657.6</DistanceMeters>
<HeartRateBpm><Value>137</Value></HeartRateBpm>
<Cadence>77</Cadence>
<Extensions>
<ns3:TPX>
<ns3:Speed>8.008</ns3:Speed>
<ns3:Watts>215</ns3:Watts>
</ns3:TPX>
<bikeapp:Resistance01>17</bikeapp:Resistance01>
<bikeapp:BikeTotalDistanceM>12844.0</bikeapp:BikeTotalDistanceM>
</Extensions>
</Trackpoint>
<Trackpoint>
<Time>2026-05-29T21:01:26.277Z</Time>
<DistanceMeters>12665.6</DistanceMeters>
<HeartRateBpm><Value>138</Value></HeartRateBpm>
<Cadence>77</Cadence>
<Extensions>
<ns3:TPX>
<ns3:Speed>8.011</ns3:Speed>
<ns3:Watts>215</ns3:Watts>
</ns3:TPX>
<bikeapp:Resistance01>17</bikeapp:Resistance01>
<bikeapp:BikeTotalDistanceM>12852.0</bikeapp:BikeTotalDistanceM>
</Extensions>
</Trackpoint>
<Trackpoint>
<Time>2026-05-29T21:01:27.776Z</Time>
<DistanceMeters>12677.7</DistanceMeters>
<HeartRateBpm><Value>139</Value></HeartRateBpm>
<Cadence>78</Cadence>
<Extensions>
<ns3:TPX>
<ns3:Speed>8.036</ns3:Speed>
<ns3:Watts>219</ns3:Watts>
</ns3:TPX>
<bikeapp:Resistance01>17</bikeapp:Resistance01>
<bikeapp:BikeTotalDistanceM>12860.0</bikeapp:BikeTotalDistanceM>
</Extensions>
</Trackpoint>
<Trackpoint>
<Time>2026-05-29T21:01:28.777Z</Time>
<DistanceMeters>12685.7</DistanceMeters>
<HeartRateBpm><Value>140</Value></HeartRateBpm>
<Cadence>79</Cadence>
<Extensions>
<ns3:TPX>
<ns3:Speed>8.073</ns3:Speed>
<ns3:Watts>223</ns3:Watts>
</ns3:TPX>
<bikeapp:Resistance01>17</bikeapp:Resistance01>
<bikeapp:BikeTotalDistanceM>12868.0</bikeapp:BikeTotalDistanceM>
</Extensions>
</Trackpoint>
<Trackpoint>
<Time>2026-05-29T21:01:29.777Z</Time>
<DistanceMeters>12693.8</DistanceMeters>
<HeartRateBpm><Value>141</Value></HeartRateBpm>
<Cadence>77</Cadence>
<Extensions>
<ns3:TPX>
<ns3:Speed>8.051</ns3:Speed>
<ns3:Watts>215</ns3:Watts>
</ns3:TPX>
<bikeapp:Resistance01>17</bikeapp:Resistance01>
<bikeapp:BikeTotalDistanceM>12876.0</bikeapp:BikeTotalDistanceM>
</Extensions>
</Trackpoint>
<Trackpoint>
<Time>2026-05-29T21:01:31.276Z</Time>
<DistanceMeters>12705.8</DistanceMeters>
<HeartRateBpm><Value>141</Value></HeartRateBpm>
<Cadence>76</Cadence>
<Extensions>
<ns3:TPX>
<ns3:Speed>8.003</ns3:Speed>
<ns3:Watts>211</ns3:Watts>
</ns3:TPX>
<bikeapp:Resistance01>17</bikeapp:Resistance01>
<bikeapp:BikeTotalDistanceM>12892.0</bikeapp:BikeTotalDistanceM>
</Extensions>
</Trackpoint>
<Trackpoint>
<Time>2026-05-29T21:01:32.277Z</Time>
<DistanceMeters>12713.8</DistanceMeters>
<HeartRateBpm><Value>142</Value></HeartRateBpm>
<Cadence>77</Cadence>
<Extensions>
<ns3:TPX>
<ns3:Speed>7.998</ns3:Speed>
<ns3:Watts>215</ns3:Watts>
</ns3:TPX>
<bikeapp:Resistance01>17</bikeapp:Resistance01>
<bikeapp:BikeTotalDistanceM>12899.0</bikeapp:BikeTotalDistanceM>
</Extensions>
</Trackpoint>
<Trackpoint>
<Time>2026-05-29T21:01:33.778Z</Time>
<DistanceMeters>12725.8</DistanceMeters>
<HeartRateBpm><Value>142</Value></HeartRateBpm>
<Cadence>76</Cadence>
<Extensions>
<ns3:TPX>
<ns3:Speed>7.985</ns3:Speed>
<ns3:Watts>211</ns3:Watts>
</ns3:TPX>
<bikeapp:Resistance01>17</bikeapp:Resistance01>
<bikeapp:BikeTotalDistanceM>12907.0</bikeapp:BikeTotalDistanceM>
</Extensions>
</Trackpoint>
<Trackpoint>
<Time>2026-05-29T21:01:34.781Z</Time>
<DistanceMeters>12733.8</DistanceMeters>
<HeartRateBpm><Value>142</Value></HeartRateBpm>
<Cadence>75</Cadence>
<Extensions>
<ns3:TPX>
<ns3:Speed>7.952</ns3:Speed>
<ns3:Watts>207</ns3:Watts>
</ns3:TPX>
<bikeapp:Resistance01>17</bikeapp:Resistance01>
<bikeapp:BikeTotalDistanceM>12915.0</bikeapp:BikeTotalDistanceM>
</Extensions>
</Trackpoint>
<Trackpoint>
<Time>2026-05-29T21:01:36.276Z</Time>
<DistanceMeters>12745.6</DistanceMeters>
<HeartRateBpm><Value>142</Value></HeartRateBpm>
<Cadence>77</Cadence>
<Extensions>
<ns3:TPX>
<ns3:Speed>7.927</ns3:Speed>
<ns3:Watts>215</ns3:Watts>
</ns3:TPX>
<bikeapp:Resistance01>17</bikeapp:Resistance01>
<bikeapp:BikeTotalDistanceM>12931.0</bikeapp:BikeTotalDistanceM>
</Extensions>
</Trackpoint>
<Trackpoint>
<Time>2026-05-29T21:01:37.278Z</Time>
<DistanceMeters>12753.6</DistanceMeters>
<HeartRateBpm><Value>142</Value></HeartRateBpm>
<Cadence>76</Cadence>
<Extensions>
<ns3:TPX>
<ns3:Speed>7.949</ns3:Speed>
<ns3:Watts>211</ns3:Watts>
</ns3:TPX>
<bikeapp:Resistance01>17</bikeapp:Resistance01>
<bikeapp:BikeTotalDistanceM>12939.0</bikeapp:BikeTotalDistanceM>
</Extensions>
</Trackpoint>
<Trackpoint>
<Time>2026-05-29T21:01:38.776Z</Time>
<DistanceMeters>12765.5</DistanceMeters>
<HeartRateBpm><Value>142</Value></HeartRateBpm>
<Cadence>75</Cadence>
<Extensions>
<ns3:TPX>
<ns3:Speed>7.931</ns3:Speed>
<ns3:Watts>207</ns3:Watts>
</ns3:TPX>
<bikeapp:Resistance01>17</bikeapp:Resistance01>
<bikeapp:BikeTotalDistanceM>12946.0</bikeapp:BikeTotalDistanceM>
</Extensions>
</Trackpoint>
<Trackpoint>
<Time>2026-05-29T21:01:39.777Z</Time>
<DistanceMeters>12773.4</DistanceMeters>
<HeartRateBpm><Value>141</Value></HeartRateBpm>
<Cadence>76</Cadence>
<Extensions>
<ns3:TPX>
<ns3:Speed>7.942</ns3:Speed>
<ns3:Watts>211</ns3:Watts>
</ns3:TPX>
<bikeapp:Resistance01>17</bikeapp:Resistance01>
<bikeapp:BikeTotalDistanceM>12954.0</bikeapp:BikeTotalDistanceM>
</Extensions>
</Trackpoint>
<Trackpoint>
<Time>2026-05-29T21:01:41.278Z</Time>
<DistanceMeters>12785.3</DistanceMeters>
<HeartRateBpm><Value>140</Value></HeartRateBpm>
<Cadence>76</Cadence>
<Extensions>
<ns3:TPX>
<ns3:Speed>7.932</ns3:Speed>
<ns3:Watts>211</ns3:Watts>
</ns3:TPX>
<bikeapp:Resistance01>17</bikeapp:Resistance01>
<bikeapp:BikeTotalDistanceM>12970.0</bikeapp:BikeTotalDistanceM>
</Extensions>
</Trackpoint>
<Trackpoint>
<Time>2026-05-29T21:01:42.776Z</Time>
<DistanceMeters>12797.3</DistanceMeters>
<HeartRateBpm><Value>140</Value></HeartRateBpm>
<Cadence>77</Cadence>
<Extensions>
<ns3:TPX>
<ns3:Speed>7.968</ns3:Speed>
<ns3:Watts>215</ns3:Watts>
</ns3:TPX>
<bikeapp:Resistance01>17</bikeapp:Resistance01>
<bikeapp:BikeTotalDistanceM>12978.0</bikeapp:BikeTotalDistanceM>
</Extensions>
</Trackpoint>
<Trackpoint>
<Time>2026-05-29T21:01:43.777Z</Time>
<DistanceMeters>12805.2</DistanceMeters>
<HeartRateBpm><Value>141</Value></HeartRateBpm>
<Cadence>74</Cadence>
<Extensions>
<ns3:TPX>
<ns3:Speed>7.913</ns3:Speed>
<ns3:Watts>202</ns3:Watts>
</ns3:TPX>
<bikeapp:Resistance01>17</bikeapp:Resistance01>
<bikeapp:BikeTotalDistanceM>12986.0</bikeapp:BikeTotalDistanceM>
</Extensions>
</Trackpoint>
<Trackpoint>
<Time>2026-05-29T21:01:45.277Z</Time>
<DistanceMeters>12817.0</DistanceMeters>
<HeartRateBpm><Value>141</Value></HeartRateBpm>
<Cadence>74</Cadence>
<Extensions>
<ns3:TPX>
<ns3:Speed>7.867</ns3:Speed>
<ns3:Watts>202</ns3:Watts>
</ns3:TPX>
<bikeapp:Resistance01>17</bikeapp:Resistance01>
<bikeapp:BikeTotalDistanceM>13001.0</bikeapp:BikeTotalDistanceM>
</Extensions>
</Trackpoint>
<Trackpoint>
<Time>2026-05-29T21:01:46.277Z</Time>
<DistanceMeters>12824.9</DistanceMeters>
<HeartRateBpm><Value>141</Value></HeartRateBpm>
<Cadence>75</Cadence>
<Extensions>
<ns3:TPX>
<ns3:Speed>7.867</ns3:Speed>
<ns3:Watts>207</ns3:Watts>
</ns3:TPX>
<bikeapp:Resistance01>17</bikeapp:Resistance01>
<bikeapp:BikeTotalDistanceM>13009.0</bikeapp:BikeTotalDistanceM>
</Extensions>
</Trackpoint>
<Trackpoint>
<Time>2026-05-29T21:01:47.277Z</Time>
<DistanceMeters>12832.8</DistanceMeters>
<HeartRateBpm><Value>141</Value></HeartRateBpm>
<Cadence>75</Cadence>
<Extensions>
<ns3:TPX>
<ns3:Speed>7.879</ns3:Speed>
<ns3:Watts>207</ns3:Watts>
</ns3:TPX>
<bikeapp:Resistance01>17</bikeapp:Resistance01>
<bikeapp:BikeTotalDistanceM>13016.0</bikeapp:BikeTotalDistanceM>
</Extensions>
</Trackpoint>
<Trackpoint>
<Time>2026-05-29T21:01:48.278Z</Time>
<DistanceMeters>12840.6</DistanceMeters>
<HeartRateBpm><Value>141</Value></HeartRateBpm>
<Cadence>74</Cadence>
<Extensions>
<ns3:TPX>
<ns3:Speed>7.871</ns3:Speed>
<ns3:Watts>202</ns3:Watts>
</ns3:TPX>
<bikeapp:Resistance01>17</bikeapp:Resistance01>
<bikeapp:BikeTotalDistanceM>13024.0</bikeapp:BikeTotalDistanceM>
</Extensions>
</Trackpoint>
<Trackpoint>
<Time>2026-05-29T21:01:49.279Z</Time>
<DistanceMeters>12848.5</DistanceMeters>
<HeartRateBpm><Value>141</Value></HeartRateBpm>
<Cadence>74</Cadence>
<Extensions>
<ns3:TPX>
<ns3:Speed>7.853</ns3:Speed>
<ns3:Watts>202</ns3:Watts>
</ns3:TPX>
<bikeapp:Resistance01>17</bikeapp:Resistance01>
<bikeapp:BikeTotalDistanceM>13032.0</bikeapp:BikeTotalDistanceM>
</Extensions>
</Trackpoint>
<Trackpoint>
<Time>2026-05-29T21:01:50.777Z</Time>
<DistanceMeters>12860.3</DistanceMeters>
<HeartRateBpm><Value>140</Value></HeartRateBpm>
<Cadence>76</Cadence>
<Extensions>
<ns3:TPX>
<ns3:Speed>7.890</ns3:Speed>
<ns3:Watts>211</ns3:Watts>
</ns3:TPX>
<bikeapp:Resistance01>17</bikeapp:Resistance01>
<bikeapp:BikeTotalDistanceM>13040.0</bikeapp:BikeTotalDistanceM>
</Extensions>
</Trackpoint>
<Trackpoint>
<Time>2026-05-29T21:01:52.277Z</Time>
<DistanceMeters>12872.2</DistanceMeters>
<HeartRateBpm><Value>140</Value></HeartRateBpm>
<Cadence>76</Cadence>
<Extensions>
<ns3:TPX>
<ns3:Speed>7.926</ns3:Speed>
<ns3:Watts>211</ns3:Watts>
</ns3:TPX>
<bikeapp:Resistance01>17</bikeapp:Resistance01>
<bikeapp:BikeTotalDistanceM>13055.0</bikeapp:BikeTotalDistanceM>
</Extensions>
</Trackpoint>
<Trackpoint>
<Time>2026-05-29T21:01:53.777Z</Time>
<DistanceMeters>12884.1</DistanceMeters>
<HeartRateBpm><Value>137</Value></HeartRateBpm>
<Cadence>76</Cadence>
<Extensions>
<ns3:TPX>
<ns3:Speed>7.943</ns3:Speed>
<ns3:Watts>211</ns3:Watts>
</ns3:TPX>
<bikeapp:Resistance01>17</bikeapp:Resistance01>
<bikeapp:BikeTotalDistanceM>13063.0</bikeapp:BikeTotalDistanceM>
</Extensions>
</Trackpoint>
<Trackpoint>
<Time>2026-05-29T21:01:55.277Z</Time>
<DistanceMeters>12896.0</DistanceMeters>
<HeartRateBpm><Value>137</Value></HeartRateBpm>
<Cadence>77</Cadence>
<Extensions>
<ns3:TPX>
<ns3:Speed>7.963</ns3:Speed>
<ns3:Watts>215</ns3:Watts>
</ns3:TPX>
<bikeapp:Resistance01>17</bikeapp:Resistance01>
<bikeapp:BikeTotalDistanceM>13079.0</bikeapp:BikeTotalDistanceM>
</Extensions>
</Trackpoint>
<Trackpoint>
<Time>2026-05-29T21:01:56.277Z</Time>
<DistanceMeters>12904.0</DistanceMeters>
<HeartRateBpm><Value>136</Value></HeartRateBpm>
<Cadence>74</Cadence>
<Extensions>
<ns3:TPX>
<ns3:Speed>7.942</ns3:Speed>
<ns3:Watts>202</ns3:Watts>
</ns3:TPX>
<bikeapp:Resistance01>17</bikeapp:Resistance01>
<bikeapp:BikeTotalDistanceM>13087.0</bikeapp:BikeTotalDistanceM>
</Extensions>
</Trackpoint>
<Trackpoint>
<Time>2026-05-29T21:01:57.777Z</Time>
<DistanceMeters>12915.8</DistanceMeters>
<HeartRateBpm><Value>136</Value></HeartRateBpm>
<Cadence>74</Cadence>
<Extensions>
<ns3:TPX>
<ns3:Speed>7.881</ns3:Speed>
<ns3:Watts>202</ns3:Watts>
</ns3:TPX>
<bikeapp:Resistance01>17</bikeapp:Resistance01>
<bikeapp:BikeTotalDistanceM>13094.0</bikeapp:BikeTotalDistanceM>
</Extensions>
</Trackpoint>
<Trackpoint>
<Time>2026-05-29T21:01:58.777Z</Time>
<DistanceMeters>12923.7</DistanceMeters>
<HeartRateBpm><Value>137</Value></HeartRateBpm>
<Cadence>75</Cadence>
<Extensions>
<ns3:TPX>
<ns3:Speed>7.888</ns3:Speed>
<ns3:Watts>207</ns3:Watts>
</ns3:TPX>
<bikeapp:Resistance01>17</bikeapp:Resistance01>
<bikeapp:BikeTotalDistanceM>13102.0</bikeapp:BikeTotalDistanceM>
</Extensions>
</Trackpoint>
<Trackpoint>
<Time>2026-05-29T21:01:59.777Z</Time>
<DistanceMeters>12931.6</DistanceMeters>
<HeartRateBpm><Value>137</Value></HeartRateBpm>
<Cadence>77</Cadence>
<Extensions>
<ns3:TPX>
<ns3:Speed>7.938</ns3:Speed>
<ns3:Watts>215</ns3:Watts>
</ns3:TPX>
<bikeapp:Resistance01>17</bikeapp:Resistance01>
<bikeapp:BikeTotalDistanceM>13110.0</bikeapp:BikeTotalDistanceM>
</Extensions>
</Trackpoint>
<Trackpoint>
<Time>2026-05-29T21:02:01.277Z</Time>
<DistanceMeters>12943.5</DistanceMeters>
<HeartRateBpm><Value>139</Value></HeartRateBpm>
<Cadence>78</Cadence>
<Extensions>
<ns3:TPX>
<ns3:Speed>7.974</ns3:Speed>
<ns3:Watts>219</ns3:Watts>
</ns3:TPX>
<bikeapp:Resistance01>17</bikeapp:Resistance01>
<bikeapp:BikeTotalDistanceM>13126.0</bikeapp:BikeTotalDistanceM>
</Extensions>
</Trackpoint>
<Trackpoint>
<Time>2026-05-29T21:02:02.778Z</Time>
<DistanceMeters>12955.6</DistanceMeters>
<HeartRateBpm><Value>139</Value></HeartRateBpm>
<Cadence>78</Cadence>
<Extensions>
<ns3:TPX>
<ns3:Speed>8.026</ns3:Speed>
<ns3:Watts>219</ns3:Watts>
</ns3:TPX>
<bikeapp:Resistance01>17</bikeapp:Resistance01>
<bikeapp:BikeTotalDistanceM>13134.0</bikeapp:BikeTotalDistanceM>
</Extensions>
</Trackpoint>
<Trackpoint>
<Time>2026-05-29T21:02:03.788Z</Time>
<DistanceMeters>12963.7</DistanceMeters>
<HeartRateBpm><Value>139</Value></HeartRateBpm>
<Cadence>76</Cadence>
<Extensions>
<ns3:TPX>
<ns3:Speed>7.999</ns3:Speed>
<ns3:Watts>211</ns3:Watts>
</ns3:TPX>
<bikeapp:Resistance01>17</bikeapp:Resistance01>
<bikeapp:BikeTotalDistanceM>13142.0</bikeapp:BikeTotalDistanceM>
</Extensions>
</Trackpoint>
<Trackpoint>
<Time>2026-05-29T21:02:05.277Z</Time>
<DistanceMeters>12975.5</DistanceMeters>
<HeartRateBpm><Value>139</Value></HeartRateBpm>
<Cadence>77</Cadence>
<Extensions>
<ns3:TPX>
<ns3:Speed>7.991</ns3:Speed>
<ns3:Watts>215</ns3:Watts>
</ns3:TPX>
<bikeapp:Resistance01>17</bikeapp:Resistance01>
<bikeapp:BikeTotalDistanceM>13158.0</bikeapp:BikeTotalDistanceM>
</Extensions>
</Trackpoint>
<Trackpoint>
<Time>2026-05-29T21:02:06.277Z</Time>
<DistanceMeters>12983.5</DistanceMeters>
<HeartRateBpm><Value>139</Value></HeartRateBpm>
<Cadence>76</Cadence>
<Extensions>
<ns3:TPX>
<ns3:Speed>7.988</ns3:Speed>
<ns3:Watts>211</ns3:Watts>
</ns3:TPX>
<bikeapp:Resistance01>17</bikeapp:Resistance01>
<bikeapp:BikeTotalDistanceM>13166.0</bikeapp:BikeTotalDistanceM>
</Extensions>
</Trackpoint>
<Trackpoint>
<Time>2026-05-29T21:02:07.776Z</Time>
<DistanceMeters>12995.5</DistanceMeters>
<HeartRateBpm><Value>138</Value></HeartRateBpm>
<Cadence>76</Cadence>
<Extensions>
<ns3:TPX>
<ns3:Speed>7.973</ns3:Speed>
<ns3:Watts>211</ns3:Watts>
</ns3:TPX>
<bikeapp:Resistance01>17</bikeapp:Resistance01>
<bikeapp:BikeTotalDistanceM>13174.0</bikeapp:BikeTotalDistanceM>
</Extensions>
</Trackpoint>
<Trackpoint>
<Time>2026-05-29T21:02:08.777Z</Time>
<DistanceMeters>13003.5</DistanceMeters>
<HeartRateBpm><Value>138</Value></HeartRateBpm>
<Cadence>77</Cadence>
<Extensions>
<ns3:TPX>
<ns3:Speed>7.990</ns3:Speed>
<ns3:Watts>215</ns3:Watts>
</ns3:TPX>
<bikeapp:Resistance01>17</bikeapp:Resistance01>
<bikeapp:BikeTotalDistanceM>13182.0</bikeapp:BikeTotalDistanceM>
</Extensions>
</Trackpoint>
<Trackpoint>
<Time>2026-05-29T21:02:09.777Z</Time>
<DistanceMeters>13011.5</DistanceMeters>
<HeartRateBpm><Value>138</Value></HeartRateBpm>
<Cadence>77</Cadence>
<Extensions>
<ns3:TPX>
<ns3:Speed>8.000</ns3:Speed>
<ns3:Watts>215</ns3:Watts>
</ns3:TPX>
<bikeapp:Resistance01>17</bikeapp:Resistance01>
<bikeapp:BikeTotalDistanceM>13189.0</bikeapp:BikeTotalDistanceM>
</Extensions>
</Trackpoint>
<Trackpoint>
<Time>2026-05-29T21:02:11.277Z</Time>
<DistanceMeters>13023.5</DistanceMeters>
<HeartRateBpm><Value>138</Value></HeartRateBpm>
<Cadence>76</Cadence>
<Extensions>
<ns3:TPX>
<ns3:Speed>7.978</ns3:Speed>
<ns3:Watts>211</ns3:Watts>
</ns3:TPX>
<bikeapp:Resistance01>17</bikeapp:Resistance01>
<bikeapp:BikeTotalDistanceM>13205.0</bikeapp:BikeTotalDistanceM>
</Extensions>
</Trackpoint>
<Trackpoint>
<Time>2026-05-29T21:02:12.277Z</Time>
<DistanceMeters>13031.4</DistanceMeters>
<HeartRateBpm><Value>138</Value></HeartRateBpm>
<Cadence>77</Cadence>
<Extensions>
<ns3:TPX>
<ns3:Speed>7.983</ns3:Speed>
<ns3:Watts>215</ns3:Watts>
</ns3:TPX>
<bikeapp:Resistance01>17</bikeapp:Resistance01>
<bikeapp:BikeTotalDistanceM>13213.0</bikeapp:BikeTotalDistanceM>
</Extensions>
</Trackpoint>
<Trackpoint>
<Time>2026-05-29T21:02:13.277Z</Time>
<DistanceMeters>13039.5</DistanceMeters>
<HeartRateBpm><Value>138</Value></HeartRateBpm>
<Cadence>80</Cadence>
<Extensions>
<ns3:TPX>
<ns3:Speed>8.036</ns3:Speed>
<ns3:Watts>228</ns3:Watts>
</ns3:TPX>
<bikeapp:Resistance01>17</bikeapp:Resistance01>
<bikeapp:BikeTotalDistanceM>13221.0</bikeapp:BikeTotalDistanceM>
</Extensions>
</Trackpoint>
<Trackpoint>
<Time>2026-05-29T21:02:14.777Z</Time>
<DistanceMeters>13051.6</DistanceMeters>
<HeartRateBpm><Value>139</Value></HeartRateBpm>
<Cadence>81</Cadence>
<Extensions>
<ns3:TPX>
<ns3:Speed>8.148</ns3:Speed>
<ns3:Watts>233</ns3:Watts>
</ns3:TPX>
<bikeapp:Resistance01>17</bikeapp:Resistance01>
<bikeapp:BikeTotalDistanceM>13230.0</bikeapp:BikeTotalDistanceM>
</Extensions>
</Trackpoint>
<Trackpoint>
<Time>2026-05-29T21:02:16.290Z</Time>
<DistanceMeters>13064.0</DistanceMeters>
<HeartRateBpm><Value>139</Value></HeartRateBpm>
<Cadence>79</Cadence>
<Extensions>
<ns3:TPX>
<ns3:Speed>8.160</ns3:Speed>
<ns3:Watts>223</ns3:Watts>
</ns3:TPX>
<bikeapp:Resistance01>17</bikeapp:Resistance01>
<bikeapp:BikeTotalDistanceM>13246.0</bikeapp:BikeTotalDistanceM>
</Extensions>
</Trackpoint>
<Trackpoint>
<Time>2026-05-29T21:02:17.801Z</Time>
<DistanceMeters>13076.3</DistanceMeters>
<HeartRateBpm><Value>139</Value></HeartRateBpm>
<Cadence>80</Cadence>
<Extensions>
<ns3:TPX>
<ns3:Speed>8.172</ns3:Speed>
<ns3:Watts>228</ns3:Watts>
</ns3:TPX>
<bikeapp:Resistance01>17</bikeapp:Resistance01>
<bikeapp:BikeTotalDistanceM>13255.0</bikeapp:BikeTotalDistanceM>
</Extensions>
</Trackpoint>
<Trackpoint>
<Time>2026-05-29T21:02:19.277Z</Time>
<DistanceMeters>13088.4</DistanceMeters>
<HeartRateBpm><Value>139</Value></HeartRateBpm>
<Cadence>78</Cadence>
<Extensions>
<ns3:TPX>
<ns3:Speed>8.159</ns3:Speed>
<ns3:Watts>219</ns3:Watts>
</ns3:TPX>
<bikeapp:Resistance01>17</bikeapp:Resistance01>
<bikeapp:BikeTotalDistanceM>13271.0</bikeapp:BikeTotalDistanceM>
</Extensions>
</Trackpoint>
<Trackpoint>
<Time>2026-05-29T21:02:20.278Z</Time>
<DistanceMeters>13096.5</DistanceMeters>
<HeartRateBpm><Value>139</Value></HeartRateBpm>
<Cadence>77</Cadence>
<Extensions>
<ns3:TPX>
<ns3:Speed>8.114</ns3:Speed>
<ns3:Watts>215</ns3:Watts>
</ns3:TPX>
<bikeapp:Resistance01>17</bikeapp:Resistance01>
<bikeapp:BikeTotalDistanceM>13279.0</bikeapp:BikeTotalDistanceM>
</Extensions>
</Trackpoint>
<Trackpoint>
<Time>2026-05-29T21:02:21.790Z</Time>
<DistanceMeters>13108.7</DistanceMeters>
<HeartRateBpm><Value>139</Value></HeartRateBpm>
<Cadence>77</Cadence>
<Extensions>
<ns3:TPX>
<ns3:Speed>8.063</ns3:Speed>
<ns3:Watts>215</ns3:Watts>
</ns3:TPX>
<bikeapp:Resistance01>17</bikeapp:Resistance01>
<bikeapp:BikeTotalDistanceM>13287.0</bikeapp:BikeTotalDistanceM>
</Extensions>
</Trackpoint>
<Trackpoint>
<Time>2026-05-29T21:02:23.277Z</Time>
<DistanceMeters>13120.7</DistanceMeters>
<HeartRateBpm><Value>140</Value></HeartRateBpm>
<Cadence>79</Cadence>
<Extensions>
<ns3:TPX>
<ns3:Speed>8.064</ns3:Speed>
<ns3:Watts>223</ns3:Watts>
</ns3:TPX>
<bikeapp:Resistance01>17</bikeapp:Resistance01>
<bikeapp:BikeTotalDistanceM>13303.0</bikeapp:BikeTotalDistanceM>
</Extensions>
</Trackpoint>
<Trackpoint>
<Time>2026-05-29T21:02:24.289Z</Time>
<DistanceMeters>13128.9</DistanceMeters>
<HeartRateBpm><Value>140</Value></HeartRateBpm>
<Cadence>78</Cadence>
<Extensions>
<ns3:TPX>
<ns3:Speed>8.077</ns3:Speed>
<ns3:Watts>219</ns3:Watts>
</ns3:TPX>
<bikeapp:Resistance01>17</bikeapp:Resistance01>
<bikeapp:BikeTotalDistanceM>13311.0</bikeapp:BikeTotalDistanceM>
</Extensions>
</Trackpoint>
<Trackpoint>
<Time>2026-05-29T21:02:25.778Z</Time>
<DistanceMeters>13140.9</DistanceMeters>
<HeartRateBpm><Value>140</Value></HeartRateBpm>
<Cadence>78</Cadence>
<Extensions>
<ns3:TPX>
<ns3:Speed>8.075</ns3:Speed>
<ns3:Watts>219</ns3:Watts>
</ns3:TPX>
<bikeapp:Resistance01>17</bikeapp:Resistance01>
<bikeapp:BikeTotalDistanceM>13319.0</bikeapp:BikeTotalDistanceM>
</Extensions>
</Trackpoint>
<Trackpoint>
<Time>2026-05-29T21:02:27.277Z</Time>
<DistanceMeters>13153.0</DistanceMeters>
<HeartRateBpm><Value>140</Value></HeartRateBpm>
<Cadence>77</Cadence>
<Extensions>
<ns3:TPX>
<ns3:Speed>8.062</ns3:Speed>
<ns3:Watts>215</ns3:Watts>
</ns3:TPX>
<bikeapp:Resistance01>17</bikeapp:Resistance01>
<bikeapp:BikeTotalDistanceM>13335.0</bikeapp:BikeTotalDistanceM>
</Extensions>
</Trackpoint>
<Trackpoint>
<Time>2026-05-29T21:02:28.777Z</Time>
<DistanceMeters>13165.1</DistanceMeters>
<HeartRateBpm><Value>140</Value></HeartRateBpm>
<Cadence>77</Cadence>
<Extensions>
<ns3:TPX>
<ns3:Speed>8.038</ns3:Speed>
<ns3:Watts>215</ns3:Watts>
</ns3:TPX>
<bikeapp:Resistance01>17</bikeapp:Resistance01>
<bikeapp:BikeTotalDistanceM>13343.0</bikeapp:BikeTotalDistanceM>
</Extensions>
</Trackpoint>
<Trackpoint>
<Time>2026-05-29T21:02:30.277Z</Time>
<DistanceMeters>13177.1</DistanceMeters>
<HeartRateBpm><Value>138</Value></HeartRateBpm>
<Cadence>75</Cadence>
<Extensions>
<ns3:TPX>
<ns3:Speed>8.001</ns3:Speed>
<ns3:Watts>207</ns3:Watts>
</ns3:TPX>
<bikeapp:Resistance01>17</bikeapp:Resistance01>
<bikeapp:BikeTotalDistanceM>13359.0</bikeapp:BikeTotalDistanceM>
</Extensions>
</Trackpoint>
<Trackpoint>
<Time>2026-05-29T21:02:31.279Z</Time>
<DistanceMeters>13185.1</DistanceMeters>
<HeartRateBpm><Value>137</Value></HeartRateBpm>
<Cadence>76</Cadence>
<Extensions>
<ns3:TPX>
<ns3:Speed>7.975</ns3:Speed>
<ns3:Watts>211</ns3:Watts>
</ns3:TPX>
<bikeapp:Resistance01>17</bikeapp:Resistance01>
<bikeapp:BikeTotalDistanceM>13367.0</bikeapp:BikeTotalDistanceM>
</Extensions>
</Trackpoint>
<Trackpoint>
<Time>2026-05-29T21:02:32.778Z</Time>
<DistanceMeters>13197.0</DistanceMeters>
<HeartRateBpm><Value>137</Value></HeartRateBpm>
<Cadence>75</Cadence>
<Extensions>
<ns3:TPX>
<ns3:Speed>7.943</ns3:Speed>
<ns3:Watts>207</ns3:Watts>
</ns3:TPX>
<bikeapp:Resistance01>17</bikeapp:Resistance01>
<bikeapp:BikeTotalDistanceM>13375.0</bikeapp:BikeTotalDistanceM>
</Extensions>
</Trackpoint>
<Trackpoint>
<Time>2026-05-29T21:02:33.779Z</Time>
<DistanceMeters>13205.0</DistanceMeters>
<HeartRateBpm><Value>137</Value></HeartRateBpm>
<Cadence>76</Cadence>
<Extensions>
<ns3:TPX>
<ns3:Speed>7.949</ns3:Speed>
<ns3:Watts>211</ns3:Watts>
</ns3:TPX>
<bikeapp:Resistance01>17</bikeapp:Resistance01>
<bikeapp:BikeTotalDistanceM>13383.0</bikeapp:BikeTotalDistanceM>
</Extensions>
</Trackpoint>
<Trackpoint>
<Time>2026-05-29T21:02:35.277Z</Time>
<DistanceMeters>13216.9</DistanceMeters>
<HeartRateBpm><Value>137</Value></HeartRateBpm>
<Cadence>76</Cadence>
<Extensions>
<ns3:TPX>
<ns3:Speed>7.954</ns3:Speed>
<ns3:Watts>211</ns3:Watts>
</ns3:TPX>
<bikeapp:Resistance01>17</bikeapp:Resistance01>
<bikeapp:BikeTotalDistanceM>13398.0</bikeapp:BikeTotalDistanceM>
</Extensions>
</Trackpoint>
<Trackpoint>
<Time>2026-05-29T21:02:36.777Z</Time>
<DistanceMeters>13228.8</DistanceMeters>
<HeartRateBpm><Value>137</Value></HeartRateBpm>
<Cadence>77</Cadence>
<Extensions>
<ns3:TPX>
<ns3:Speed>7.979</ns3:Speed>
<ns3:Watts>215</ns3:Watts>
</ns3:TPX>
<bikeapp:Resistance01>17</bikeapp:Resistance01>
<bikeapp:BikeTotalDistanceM>13406.0</bikeapp:BikeTotalDistanceM>
</Extensions>
</Trackpoint>
<Trackpoint>
<Time>2026-05-29T21:02:37.790Z</Time>
<DistanceMeters>13236.9</DistanceMeters>
<HeartRateBpm><Value>137</Value></HeartRateBpm>
<Cadence>77</Cadence>
<Extensions>
<ns3:TPX>
<ns3:Speed>7.993</ns3:Speed>
<ns3:Watts>215</ns3:Watts>
</ns3:TPX>
<bikeapp:Resistance01>17</bikeapp:Resistance01>
<bikeapp:BikeTotalDistanceM>13414.0</bikeapp:BikeTotalDistanceM>
</Extensions>
</Trackpoint>
<Trackpoint>
<Time>2026-05-29T21:02:39.277Z</Time>
<DistanceMeters>13248.9</DistanceMeters>
<HeartRateBpm><Value>137</Value></HeartRateBpm>
<Cadence>79</Cadence>
<Extensions>
<ns3:TPX>
<ns3:Speed>8.047</ns3:Speed>
<ns3:Watts>223</ns3:Watts>
</ns3:TPX>
<bikeapp:Resistance01>17</bikeapp:Resistance01>
<bikeapp:BikeTotalDistanceM>13430.0</bikeapp:BikeTotalDistanceM>
</Extensions>
</Trackpoint>
<Trackpoint>
<Time>2026-05-29T21:02:40.277Z</Time>
<DistanceMeters>13256.9</DistanceMeters>
<HeartRateBpm><Value>137</Value></HeartRateBpm>
<Cadence>79</Cadence>
<Extensions>
<ns3:TPX>
<ns3:Speed>8.080</ns3:Speed>
<ns3:Watts>223</ns3:Watts>
</ns3:TPX>
<bikeapp:Resistance01>17</bikeapp:Resistance01>
<bikeapp:BikeTotalDistanceM>13439.0</bikeapp:BikeTotalDistanceM>
</Extensions>
</Trackpoint>
<Trackpoint>
<Time>2026-05-29T21:02:41.777Z</Time>
<DistanceMeters>13269.1</DistanceMeters>
<HeartRateBpm><Value>137</Value></HeartRateBpm>
<Cadence>77</Cadence>
<Extensions>
<ns3:TPX>
<ns3:Speed>8.062</ns3:Speed>
<ns3:Watts>215</ns3:Watts>
</ns3:TPX>
<bikeapp:Resistance01>17</bikeapp:Resistance01>
<bikeapp:BikeTotalDistanceM>13447.0</bikeapp:BikeTotalDistanceM>
</Extensions>
</Trackpoint>
<Trackpoint>
<Time>2026-05-29T21:02:42.778Z</Time>
<DistanceMeters>13277.1</DistanceMeters>
<HeartRateBpm><Value>137</Value></HeartRateBpm>
<Cadence>78</Cadence>
<Extensions>
<ns3:TPX>
<ns3:Speed>8.067</ns3:Speed>
<ns3:Watts>219</ns3:Watts>
</ns3:TPX>
<bikeapp:Resistance01>17</bikeapp:Resistance01>
<bikeapp:BikeTotalDistanceM>13455.0</bikeapp:BikeTotalDistanceM>
</Extensions>
</Trackpoint>
<Trackpoint>
<Time>2026-05-29T21:02:44.277Z</Time>
<DistanceMeters>13289.3</DistanceMeters>
<HeartRateBpm><Value>137</Value></HeartRateBpm>
<Cadence>79</Cadence>
<Extensions>
<ns3:TPX>
<ns3:Speed>8.100</ns3:Speed>
<ns3:Watts>223</ns3:Watts>
</ns3:TPX>
<bikeapp:Resistance01>17</bikeapp:Resistance01>
<bikeapp:BikeTotalDistanceM>13471.0</bikeapp:BikeTotalDistanceM>
</Extensions>
</Trackpoint>
<Trackpoint>
<Time>2026-05-29T21:02:45.777Z</Time>
<DistanceMeters>13301.4</DistanceMeters>
<HeartRateBpm><Value>137</Value></HeartRateBpm>
<Cadence>78</Cadence>
<Extensions>
<ns3:TPX>
<ns3:Speed>8.094</ns3:Speed>
<ns3:Watts>219</ns3:Watts>
</ns3:TPX>
<bikeapp:Resistance01>17</bikeapp:Resistance01>
<bikeapp:BikeTotalDistanceM>13479.0</bikeapp:BikeTotalDistanceM>
</Extensions>
</Trackpoint>
<Trackpoint>
<Time>2026-05-29T21:02:46.778Z</Time>
<DistanceMeters>13309.5</DistanceMeters>
<HeartRateBpm><Value>137</Value></HeartRateBpm>
<Cadence>78</Cadence>
<Extensions>
<ns3:TPX>
<ns3:Speed>8.086</ns3:Speed>
<ns3:Watts>219</ns3:Watts>
</ns3:TPX>
<bikeapp:Resistance01>17</bikeapp:Resistance01>
<bikeapp:BikeTotalDistanceM>13487.0</bikeapp:BikeTotalDistanceM>
</Extensions>
</Trackpoint>
<Trackpoint>
<Time>2026-05-29T21:02:47.782Z</Time>
<DistanceMeters>13317.6</DistanceMeters>
<HeartRateBpm><Value>137</Value></HeartRateBpm>
<Cadence>79</Cadence>
<Extensions>
<ns3:TPX>
<ns3:Speed>8.103</ns3:Speed>
<ns3:Watts>223</ns3:Watts>
</ns3:TPX>
<bikeapp:Resistance01>17</bikeapp:Resistance01>
<bikeapp:BikeTotalDistanceM>13495.0</bikeapp:BikeTotalDistanceM>
</Extensions>
</Trackpoint>
<Trackpoint>
<Time>2026-05-29T21:02:49.281Z</Time>
<DistanceMeters>13329.8</DistanceMeters>
<HeartRateBpm><Value>137</Value></HeartRateBpm>
<Cadence>80</Cadence>
<Extensions>
<ns3:TPX>
<ns3:Speed>8.133</ns3:Speed>
<ns3:Watts>228</ns3:Watts>
</ns3:TPX>
<bikeapp:Resistance01>17</bikeapp:Resistance01>
<bikeapp:BikeTotalDistanceM>13512.0</bikeapp:BikeTotalDistanceM>
</Extensions>
</Trackpoint>
<Trackpoint>
<Time>2026-05-29T21:02:50.778Z</Time>
<DistanceMeters>13342.0</DistanceMeters>
<HeartRateBpm><Value>138</Value></HeartRateBpm>
<Cadence>81</Cadence>
<Extensions>
<ns3:TPX>
<ns3:Speed>8.195</ns3:Speed>
<ns3:Watts>233</ns3:Watts>
</ns3:TPX>
<bikeapp:Resistance01>17</bikeapp:Resistance01>
<bikeapp:BikeTotalDistanceM>13520.0</bikeapp:BikeTotalDistanceM>
</Extensions>
</Trackpoint>
<Trackpoint>
<Time>2026-05-29T21:02:51.790Z</Time>
<DistanceMeters>13350.4</DistanceMeters>
<HeartRateBpm><Value>138</Value></HeartRateBpm>
<Cadence>81</Cadence>
<Extensions>
<ns3:TPX>
<ns3:Speed>8.224</ns3:Speed>
<ns3:Watts>233</ns3:Watts>
</ns3:TPX>
<bikeapp:Resistance01>17</bikeapp:Resistance01>
<bikeapp:BikeTotalDistanceM>13529.0</bikeapp:BikeTotalDistanceM>
</Extensions>
</Trackpoint>
<Trackpoint>
<Time>2026-05-29T21:02:53.277Z</Time>
<DistanceMeters>13362.5</DistanceMeters>
<HeartRateBpm><Value>138</Value></HeartRateBpm>
<Cadence>76</Cadence>
<Extensions>
<ns3:TPX>
<ns3:Speed>8.138</ns3:Speed>
<ns3:Watts>211</ns3:Watts>
</ns3:TPX>
<bikeapp:Resistance01>17</bikeapp:Resistance01>
<bikeapp:BikeTotalDistanceM>13545.0</bikeapp:BikeTotalDistanceM>
</Extensions>
</Trackpoint>
<Trackpoint>
<Time>2026-05-29T21:02:54.278Z</Time>
<DistanceMeters>13370.6</DistanceMeters>
<HeartRateBpm><Value>138</Value></HeartRateBpm>
<Cadence>76</Cadence>
<Extensions>
<ns3:TPX>
<ns3:Speed>8.068</ns3:Speed>
<ns3:Watts>211</ns3:Watts>
</ns3:TPX>
<bikeapp:Resistance01>17</bikeapp:Resistance01>
<bikeapp:BikeTotalDistanceM>13553.0</bikeapp:BikeTotalDistanceM>
</Extensions>
</Trackpoint>
<Trackpoint>
<Time>2026-05-29T21:02:55.790Z</Time>
<DistanceMeters>13382.7</DistanceMeters>
<HeartRateBpm><Value>139</Value></HeartRateBpm>
<Cadence>76</Cadence>
<Extensions>
<ns3:TPX>
<ns3:Speed>8.011</ns3:Speed>
<ns3:Watts>211</ns3:Watts>
</ns3:TPX>
<bikeapp:Resistance01>17</bikeapp:Resistance01>
<bikeapp:BikeTotalDistanceM>13560.0</bikeapp:BikeTotalDistanceM>
</Extensions>
</Trackpoint>
<Trackpoint>
<Time>2026-05-29T21:02:57.278Z</Time>
<DistanceMeters>13394.6</DistanceMeters>
<HeartRateBpm><Value>139</Value></HeartRateBpm>
<Cadence>78</Cadence>
<Extensions>
<ns3:TPX>
<ns3:Speed>8.009</ns3:Speed>
<ns3:Watts>219</ns3:Watts>
</ns3:TPX>
<bikeapp:Resistance01>17</bikeapp:Resistance01>
<bikeapp:BikeTotalDistanceM>13576.0</bikeapp:BikeTotalDistanceM>
</Extensions>
</Trackpoint>
<Trackpoint>
<Time>2026-05-29T21:02:58.777Z</Time>
<DistanceMeters>13406.7</DistanceMeters>
<HeartRateBpm><Value>139</Value></HeartRateBpm>
<Cadence>79</Cadence>
<Extensions>
<ns3:TPX>
<ns3:Speed>8.065</ns3:Speed>
<ns3:Watts>223</ns3:Watts>
</ns3:TPX>
<bikeapp:Resistance01>17</bikeapp:Resistance01>
<bikeapp:BikeTotalDistanceM>13585.0</bikeapp:BikeTotalDistanceM>
</Extensions>
</Trackpoint>
<Trackpoint>
<Time>2026-05-29T21:02:59.777Z</Time>
<DistanceMeters>13414.8</DistanceMeters>
<HeartRateBpm><Value>140</Value></HeartRateBpm>
<Cadence>80</Cadence>
<Extensions>
<ns3:TPX>
<ns3:Speed>8.117</ns3:Speed>
<ns3:Watts>228</ns3:Watts>
</ns3:TPX>
<bikeapp:Resistance01>17</bikeapp:Resistance01>
<bikeapp:BikeTotalDistanceM>13593.0</bikeapp:BikeTotalDistanceM>
</Extensions>
</Trackpoint>
<Trackpoint>
<Time>2026-05-29T21:03:00.777Z</Time>
<DistanceMeters>13423.0</DistanceMeters>
<HeartRateBpm><Value>140</Value></HeartRateBpm>
<Cadence>81</Cadence>
<Extensions>
<ns3:TPX>
<ns3:Speed>8.176</ns3:Speed>
<ns3:Watts>233</ns3:Watts>
</ns3:TPX>
<bikeapp:Resistance01>17</bikeapp:Resistance01>
<bikeapp:BikeTotalDistanceM>13601.0</bikeapp:BikeTotalDistanceM>
</Extensions>
</Trackpoint>
<Trackpoint>
<Time>2026-05-29T21:03:01.779Z</Time>
<DistanceMeters>13431.2</DistanceMeters>
<HeartRateBpm><Value>140</Value></HeartRateBpm>
<Cadence>80</Cadence>
<Extensions>
<ns3:TPX>
<ns3:Speed>8.185</ns3:Speed>
<ns3:Watts>228</ns3:Watts>
</ns3:TPX>
<bikeapp:Resistance01>17</bikeapp:Resistance01>
<bikeapp:BikeTotalDistanceM>13610.0</bikeapp:BikeTotalDistanceM>
</Extensions>
</Trackpoint>
<Trackpoint>
<Time>2026-05-29T21:03:02.782Z</Time>
<DistanceMeters>13439.4</DistanceMeters>
<HeartRateBpm><Value>140</Value></HeartRateBpm>
<Cadence>81</Cadence>
<Extensions>
<ns3:TPX>
<ns3:Speed>8.218</ns3:Speed>
<ns3:Watts>233</ns3:Watts>
</ns3:TPX>
<bikeapp:Resistance01>17</bikeapp:Resistance01>
<bikeapp:BikeTotalDistanceM>13618.0</bikeapp:BikeTotalDistanceM>
</Extensions>
</Trackpoint>
<Trackpoint>
<Time>2026-05-29T21:03:04.278Z</Time>
<DistanceMeters>13451.7</DistanceMeters>
<HeartRateBpm><Value>140</Value></HeartRateBpm>
<Cadence>79</Cadence>
<Extensions>
<ns3:TPX>
<ns3:Speed>8.194</ns3:Speed>
<ns3:Watts>223</ns3:Watts>
</ns3:TPX>
<bikeapp:Resistance01>17</bikeapp:Resistance01>
<bikeapp:BikeTotalDistanceM>13634.0</bikeapp:BikeTotalDistanceM>
</Extensions>
</Trackpoint>
<Trackpoint>
<Time>2026-05-29T21:03:05.778Z</Time>
<DistanceMeters>13463.9</DistanceMeters>
<HeartRateBpm><Value>139</Value></HeartRateBpm>
<Cadence>79</Cadence>
<Extensions>
<ns3:TPX>
<ns3:Speed>8.161</ns3:Speed>
<ns3:Watts>223</ns3:Watts>
</ns3:TPX>
<bikeapp:Resistance01>17</bikeapp:Resistance01>
<bikeapp:BikeTotalDistanceM>13643.0</bikeapp:BikeTotalDistanceM>
</Extensions>
</Trackpoint>
<Trackpoint>
<Time>2026-05-29T21:03:06.790Z</Time>
<DistanceMeters>13472.2</DistanceMeters>
<HeartRateBpm><Value>139</Value></HeartRateBpm>
<Cadence>79</Cadence>
<Extensions>
<ns3:TPX>
<ns3:Speed>8.149</ns3:Speed>
<ns3:Watts>223</ns3:Watts>
</ns3:TPX>
<bikeapp:Resistance01>17</bikeapp:Resistance01>
<bikeapp:BikeTotalDistanceM>13651.0</bikeapp:BikeTotalDistanceM>
</Extensions>
</Trackpoint>
<Trackpoint>
<Time>2026-05-29T21:03:08.277Z</Time>
<DistanceMeters>13484.3</DistanceMeters>
<HeartRateBpm><Value>139</Value></HeartRateBpm>
<Cadence>79</Cadence>
<Extensions>
<ns3:TPX>
<ns3:Speed>8.139</ns3:Speed>
<ns3:Watts>223</ns3:Watts>
</ns3:TPX>
<bikeapp:Resistance01>17</bikeapp:Resistance01>
<bikeapp:BikeTotalDistanceM>13667.0</bikeapp:BikeTotalDistanceM>
</Extensions>
</Trackpoint>
<Trackpoint>
<Time>2026-05-29T21:03:09.778Z</Time>
<DistanceMeters>13496.5</DistanceMeters>
<HeartRateBpm><Value>140</Value></HeartRateBpm>
<Cadence>78</Cadence>
<Extensions>
<ns3:TPX>
<ns3:Speed>8.113</ns3:Speed>
<ns3:Watts>219</ns3:Watts>
</ns3:TPX>
<bikeapp:Resistance01>17</bikeapp:Resistance01>
<bikeapp:BikeTotalDistanceM>13675.0</bikeapp:BikeTotalDistanceM>
</Extensions>
</Trackpoint>
<Trackpoint>
<Time>2026-05-29T21:03:10.778Z</Time>
<DistanceMeters>13504.6</DistanceMeters>
<HeartRateBpm><Value>140</Value></HeartRateBpm>
<Cadence>76</Cadence>
<Extensions>
<ns3:TPX>
<ns3:Speed>8.053</ns3:Speed>
<ns3:Watts>211</ns3:Watts>
</ns3:TPX>
<bikeapp:Resistance01>17</bikeapp:Resistance01>
<bikeapp:BikeTotalDistanceM>13683.0</bikeapp:BikeTotalDistanceM>
</Extensions>
</Trackpoint>
<Trackpoint>
<Time>2026-05-29T21:03:12.277Z</Time>
<DistanceMeters>13516.6</DistanceMeters>
<HeartRateBpm><Value>140</Value></HeartRateBpm>
<Cadence>77</Cadence>
<Extensions>
<ns3:TPX>
<ns3:Speed>8.034</ns3:Speed>
<ns3:Watts>215</ns3:Watts>
</ns3:TPX>
<bikeapp:Resistance01>17</bikeapp:Resistance01>
<bikeapp:BikeTotalDistanceM>13699.0</bikeapp:BikeTotalDistanceM>
</Extensions>
</Trackpoint>
<Trackpoint>
<Time>2026-05-29T21:03:13.278Z</Time>
<DistanceMeters>13524.6</DistanceMeters>
<HeartRateBpm><Value>140</Value></HeartRateBpm>
<Cadence>77</Cadence>
<Extensions>
<ns3:TPX>
<ns3:Speed>8.027</ns3:Speed>
<ns3:Watts>215</ns3:Watts>
</ns3:TPX>
<bikeapp:Resistance01>17</bikeapp:Resistance01>
<bikeapp:BikeTotalDistanceM>13707.0</bikeapp:BikeTotalDistanceM>
</Extensions>
</Trackpoint>
<Trackpoint>
<Time>2026-05-29T21:03:14.777Z</Time>
<DistanceMeters>13536.7</DistanceMeters>
<HeartRateBpm><Value>140</Value></HeartRateBpm>
<Cadence>79</Cadence>
<Extensions>
<ns3:TPX>
<ns3:Speed>8.066</ns3:Speed>
<ns3:Watts>223</ns3:Watts>
</ns3:TPX>
<bikeapp:Resistance01>17</bikeapp:Resistance01>
<bikeapp:BikeTotalDistanceM>13715.0</bikeapp:BikeTotalDistanceM>
</Extensions>
</Trackpoint>
<Trackpoint>
<Time>2026-05-29T21:03:15.777Z</Time>
<DistanceMeters>13544.8</DistanceMeters>
<HeartRateBpm><Value>140</Value></HeartRateBpm>
<Cadence>79</Cadence>
<Extensions>
<ns3:TPX>
<ns3:Speed>8.091</ns3:Speed>
<ns3:Watts>223</ns3:Watts>
</ns3:TPX>
<bikeapp:Resistance01>17</bikeapp:Resistance01>
<bikeapp:BikeTotalDistanceM>13723.0</bikeapp:BikeTotalDistanceM>
</Extensions>
</Trackpoint>
<Trackpoint>
<Time>2026-05-29T21:03:17.290Z</Time>
<DistanceMeters>13557.0</DistanceMeters>
<HeartRateBpm><Value>141</Value></HeartRateBpm>
<Cadence>78</Cadence>
<Extensions>
<ns3:TPX>
<ns3:Speed>8.082</ns3:Speed>
<ns3:Watts>219</ns3:Watts>
</ns3:TPX>
<bikeapp:Resistance01>17</bikeapp:Resistance01>
<bikeapp:BikeTotalDistanceM>13740.0</bikeapp:BikeTotalDistanceM>
</Extensions>
</Trackpoint>
<Trackpoint>
<Time>2026-05-29T21:03:18.291Z</Time>
<DistanceMeters>13565.1</DistanceMeters>
<HeartRateBpm><Value>141</Value></HeartRateBpm>
<Cadence>78</Cadence>
<Extensions>
<ns3:TPX>
<ns3:Speed>8.079</ns3:Speed>
<ns3:Watts>219</ns3:Watts>
</ns3:TPX>
<bikeapp:Resistance01>17</bikeapp:Resistance01>
<bikeapp:BikeTotalDistanceM>13748.0</bikeapp:BikeTotalDistanceM>
</Extensions>
</Trackpoint>
<Trackpoint>
<Time>2026-05-29T21:03:19.294Z</Time>
<DistanceMeters>13573.2</DistanceMeters>
<HeartRateBpm><Value>141</Value></HeartRateBpm>
<Cadence>76</Cadence>
<Extensions>
<ns3:TPX>
<ns3:Speed>8.052</ns3:Speed>
<ns3:Watts>211</ns3:Watts>
</ns3:TPX>
<bikeapp:Resistance01>17</bikeapp:Resistance01>
<bikeapp:BikeTotalDistanceM>13756.0</bikeapp:BikeTotalDistanceM>
</Extensions>
</Trackpoint>
<Trackpoint>
<Time>2026-05-29T21:03:20.316Z</Time>
<DistanceMeters>13581.4</DistanceMeters>
<HeartRateBpm><Value>141</Value></HeartRateBpm>
<Cadence>76</Cadence>
<Extensions>
<ns3:TPX>
<ns3:Speed>8.015</ns3:Speed>
<ns3:Watts>211</ns3:Watts>
</ns3:TPX>
<bikeapp:Resistance01>17</bikeapp:Resistance01>
<bikeapp:BikeTotalDistanceM>13763.0</bikeapp:BikeTotalDistanceM>
</Extensions>
</Trackpoint>
<Trackpoint>
<Time>2026-05-29T21:03:21.330Z</Time>
<DistanceMeters>13589.5</DistanceMeters>
<HeartRateBpm><Value>140</Value></HeartRateBpm>
<Cadence>78</Cadence>
<Extensions>
<ns3:TPX>
<ns3:Speed>8.020</ns3:Speed>
<ns3:Watts>219</ns3:Watts>
</ns3:TPX>
<bikeapp:Resistance01>17</bikeapp:Resistance01>
<bikeapp:BikeTotalDistanceM>13771.0</bikeapp:BikeTotalDistanceM>
</Extensions>
</Trackpoint>
<Trackpoint>
<Time>2026-05-29T21:03:22.803Z</Time>
<DistanceMeters>13601.4</DistanceMeters>
<HeartRateBpm><Value>140</Value></HeartRateBpm>
<Cadence>78</Cadence>
<Extensions>
<ns3:TPX>
<ns3:Speed>8.048</ns3:Speed>
<ns3:Watts>219</ns3:Watts>
</ns3:TPX>
<bikeapp:Resistance01>17</bikeapp:Resistance01>
<bikeapp:BikeTotalDistanceM>13780.0</bikeapp:BikeTotalDistanceM>
</Extensions>
</Trackpoint>
<Trackpoint>
<Time>2026-05-29T21:03:24.303Z</Time>
<DistanceMeters>13613.4</DistanceMeters>
<HeartRateBpm><Value>140</Value></HeartRateBpm>
<Cadence>77</Cadence>
<Extensions>
<ns3:TPX>
<ns3:Speed>8.014</ns3:Speed>
<ns3:Watts>215</ns3:Watts>
</ns3:TPX>
<bikeapp:Resistance01>17</bikeapp:Resistance01>
<bikeapp:BikeTotalDistanceM>13795.0</bikeapp:BikeTotalDistanceM>
</Extensions>
</Trackpoint>
<Trackpoint>
<Time>2026-05-29T21:03:25.803Z</Time>
<DistanceMeters>13625.4</DistanceMeters>
<HeartRateBpm><Value>140</Value></HeartRateBpm>
<Cadence>79</Cadence>
<Extensions>
<ns3:TPX>
<ns3:Speed>8.060</ns3:Speed>
<ns3:Watts>223</ns3:Watts>
</ns3:TPX>
<bikeapp:Resistance01>17</bikeapp:Resistance01>
<bikeapp:BikeTotalDistanceM>13804.0</bikeapp:BikeTotalDistanceM>
</Extensions>
</Trackpoint>
<Trackpoint>
<Time>2026-05-29T21:03:27.303Z</Time>
<DistanceMeters>13637.5</DistanceMeters>
<HeartRateBpm><Value>140</Value></HeartRateBpm>
<Cadence>78</Cadence>
<Extensions>
<ns3:TPX>
<ns3:Speed>8.050</ns3:Speed>
<ns3:Watts>219</ns3:Watts>
</ns3:TPX>
<bikeapp:Resistance01>17</bikeapp:Resistance01>
<bikeapp:BikeTotalDistanceM>13820.0</bikeapp:BikeTotalDistanceM>
</Extensions>
</Trackpoint>
<Trackpoint>
<Time>2026-05-29T21:03:28.802Z</Time>
<DistanceMeters>13649.6</DistanceMeters>
<HeartRateBpm><Value>141</Value></HeartRateBpm>
<Cadence>80</Cadence>
<Extensions>
<ns3:TPX>
<ns3:Speed>8.111</ns3:Speed>
<ns3:Watts>228</ns3:Watts>
</ns3:TPX>
<bikeapp:Resistance01>17</bikeapp:Resistance01>
<bikeapp:BikeTotalDistanceM>13828.0</bikeapp:BikeTotalDistanceM>
</Extensions>
</Trackpoint>
<Trackpoint>
<Time>2026-05-29T21:03:29.803Z</Time>
<DistanceMeters>13657.8</DistanceMeters>
<HeartRateBpm><Value>141</Value></HeartRateBpm>
<Cadence>79</Cadence>
<Extensions>
<ns3:TPX>
<ns3:Speed>8.119</ns3:Speed>
<ns3:Watts>223</ns3:Watts>
</ns3:TPX>
<bikeapp:Resistance01>17</bikeapp:Resistance01>
<bikeapp:BikeTotalDistanceM>13836.0</bikeapp:BikeTotalDistanceM>
</Extensions>
</Trackpoint>
<Trackpoint>
<Time>2026-05-29T21:03:31.291Z</Time>
<DistanceMeters>13669.9</DistanceMeters>
<HeartRateBpm><Value>141</Value></HeartRateBpm>
<Cadence>80</Cadence>
<Extensions>
<ns3:TPX>
<ns3:Speed>8.161</ns3:Speed>
<ns3:Watts>228</ns3:Watts>
</ns3:TPX>
<bikeapp:Resistance01>17</bikeapp:Resistance01>
<bikeapp:BikeTotalDistanceM>13853.0</bikeapp:BikeTotalDistanceM>
</Extensions>
</Trackpoint>
<Trackpoint>
<Time>2026-05-29T21:03:32.303Z</Time>
<DistanceMeters>13678.2</DistanceMeters>
<HeartRateBpm><Value>141</Value></HeartRateBpm>
<Cadence>79</Cadence>
<Extensions>
<ns3:TPX>
<ns3:Speed>8.161</ns3:Speed>
<ns3:Watts>223</ns3:Watts>
</ns3:TPX>
<bikeapp:Resistance01>17</bikeapp:Resistance01>
<bikeapp:BikeTotalDistanceM>13861.0</bikeapp:BikeTotalDistanceM>
</Extensions>
</Trackpoint>
<Trackpoint>
<Time>2026-05-29T21:03:33.305Z</Time>
<DistanceMeters>13686.3</DistanceMeters>
<HeartRateBpm><Value>141</Value></HeartRateBpm>
<Cadence>79</Cadence>
<Extensions>
<ns3:TPX>
<ns3:Speed>8.149</ns3:Speed>
<ns3:Watts>223</ns3:Watts>
</ns3:TPX>
<bikeapp:Resistance01>17</bikeapp:Resistance01>
<bikeapp:BikeTotalDistanceM>13869.0</bikeapp:BikeTotalDistanceM>
</Extensions>
</Trackpoint>
<Trackpoint>
<Time>2026-05-29T21:03:34.805Z</Time>
<DistanceMeters>13698.6</DistanceMeters>
<HeartRateBpm><Value>142</Value></HeartRateBpm>
<Cadence>80</Cadence>
<Extensions>
<ns3:TPX>
<ns3:Speed>8.167</ns3:Speed>
<ns3:Watts>228</ns3:Watts>
</ns3:TPX>
<bikeapp:Resistance01>17</bikeapp:Resistance01>
<bikeapp:BikeTotalDistanceM>13877.0</bikeapp:BikeTotalDistanceM>
</Extensions>
</Trackpoint>
<Trackpoint>
<Time>2026-05-29T21:03:36.303Z</Time>
<DistanceMeters>13710.8</DistanceMeters>
<HeartRateBpm><Value>141</Value></HeartRateBpm>
<Cadence>79</Cadence>
<Extensions>
<ns3:TPX>
<ns3:Speed>8.148</ns3:Speed>
<ns3:Watts>223</ns3:Watts>
</ns3:TPX>
<bikeapp:Resistance01>17</bikeapp:Resistance01>
<bikeapp:BikeTotalDistanceM>13894.0</bikeapp:BikeTotalDistanceM>
</Extensions>
</Trackpoint>
<Trackpoint>
<Time>2026-05-29T21:03:37.803Z</Time>
<DistanceMeters>13723.0</DistanceMeters>
<HeartRateBpm><Value>141</Value></HeartRateBpm>
<Cadence>78</Cadence>
<Extensions>
<ns3:TPX>
<ns3:Speed>8.117</ns3:Speed>
<ns3:Watts>219</ns3:Watts>
</ns3:TPX>
<bikeapp:Resistance01>17</bikeapp:Resistance01>
<bikeapp:BikeTotalDistanceM>13902.0</bikeapp:BikeTotalDistanceM>
</Extensions>
</Trackpoint>
<Trackpoint>
<Time>2026-05-29T21:03:39.303Z</Time>
<DistanceMeters>13735.1</DistanceMeters>
<HeartRateBpm><Value>140</Value></HeartRateBpm>
<Cadence>78</Cadence>
<Extensions>
<ns3:TPX>
<ns3:Speed>8.094</ns3:Speed>
<ns3:Watts>219</ns3:Watts>
</ns3:TPX>
<bikeapp:Resistance01>17</bikeapp:Resistance01>
<bikeapp:BikeTotalDistanceM>13918.0</bikeapp:BikeTotalDistanceM>
</Extensions>
</Trackpoint>
<Trackpoint>
<Time>2026-05-29T21:03:40.803Z</Time>
<DistanceMeters>13747.2</DistanceMeters>
<HeartRateBpm><Value>140</Value></HeartRateBpm>
<Cadence>78</Cadence>
<Extensions>
<ns3:TPX>
<ns3:Speed>8.084</ns3:Speed>
<ns3:Watts>219</ns3:Watts>
</ns3:TPX>
<bikeapp:Resistance01>17</bikeapp:Resistance01>
<bikeapp:BikeTotalDistanceM>13926.0</bikeapp:BikeTotalDistanceM>
</Extensions>
</Trackpoint>
<Trackpoint>
<Time>2026-05-29T21:03:42.304Z</Time>
<DistanceMeters>13759.4</DistanceMeters>
<HeartRateBpm><Value>140</Value></HeartRateBpm>
<Cadence>79</Cadence>
<Extensions>
<ns3:TPX>
<ns3:Speed>8.108</ns3:Speed>
<ns3:Watts>223</ns3:Watts>
</ns3:TPX>
<bikeapp:Resistance01>17</bikeapp:Resistance01>
<bikeapp:BikeTotalDistanceM>13942.0</bikeapp:BikeTotalDistanceM>
</Extensions>
</Trackpoint>
<Trackpoint>
<Time>2026-05-29T21:03:43.803Z</Time>
<DistanceMeters>13771.6</DistanceMeters>
<HeartRateBpm><Value>140</Value></HeartRateBpm>
<Cadence>79</Cadence>
<Extensions>
<ns3:TPX>
<ns3:Speed>8.120</ns3:Speed>
<ns3:Watts>223</ns3:Watts>
</ns3:TPX>
<bikeapp:Resistance01>17</bikeapp:Resistance01>
<bikeapp:BikeTotalDistanceM>13951.0</bikeapp:BikeTotalDistanceM>
</Extensions>
</Trackpoint>
<Trackpoint>
<Time>2026-05-29T21:03:45.303Z</Time>
<DistanceMeters>13783.7</DistanceMeters>
<HeartRateBpm><Value>140</Value></HeartRateBpm>
<Cadence>78</Cadence>
<Extensions>
<ns3:TPX>
<ns3:Speed>8.113</ns3:Speed>
<ns3:Watts>219</ns3:Watts>
</ns3:TPX>
<bikeapp:Resistance01>17</bikeapp:Resistance01>
<bikeapp:BikeTotalDistanceM>13967.0</bikeapp:BikeTotalDistanceM>
</Extensions>
</Trackpoint>
<Trackpoint>
<Time>2026-05-29T21:03:46.803Z</Time>
<DistanceMeters>13795.9</DistanceMeters>
<HeartRateBpm><Value>140</Value></HeartRateBpm>
<Cadence>79</Cadence>
<Extensions>
<ns3:TPX>
<ns3:Speed>8.114</ns3:Speed>
<ns3:Watts>223</ns3:Watts>
</ns3:TPX>
<bikeapp:Resistance01>17</bikeapp:Resistance01>
<bikeapp:BikeTotalDistanceM>13975.0</bikeapp:BikeTotalDistanceM>
</Extensions>
</Trackpoint>
<Trackpoint>
<Time>2026-05-29T21:03:48.303Z</Time>
<DistanceMeters>13808.1</DistanceMeters>
<HeartRateBpm><Value>140</Value></HeartRateBpm>
<Cadence>77</Cadence>
<Extensions>
<ns3:TPX>
<ns3:Speed>8.097</ns3:Speed>
<ns3:Watts>215</ns3:Watts>
</ns3:TPX>
<bikeapp:Resistance01>17</bikeapp:Resistance01>
<bikeapp:BikeTotalDistanceM>13991.0</bikeapp:BikeTotalDistanceM>
</Extensions>
</Trackpoint>
<Trackpoint>
<Time>2026-05-29T21:03:49.802Z</Time>
<DistanceMeters>13820.2</DistanceMeters>
<HeartRateBpm><Value>140</Value></HeartRateBpm>
<Cadence>78</Cadence>
<Extensions>
<ns3:TPX>
<ns3:Speed>8.078</ns3:Speed>
<ns3:Watts>219</ns3:Watts>
</ns3:TPX>
<bikeapp:Resistance01>17</bikeapp:Resistance01>
<bikeapp:BikeTotalDistanceM>13999.0</bikeapp:BikeTotalDistanceM>
</Extensions>
</Trackpoint>
<Trackpoint>
<Time>2026-05-29T21:03:51.303Z</Time>
<DistanceMeters>13832.2</DistanceMeters>
<HeartRateBpm><Value>140</Value></HeartRateBpm>
<Cadence>73</Cadence>
<Extensions>
<ns3:TPX>
<ns3:Speed>7.955</ns3:Speed>
<ns3:Watts>198</ns3:Watts>
</ns3:TPX>
<bikeapp:Resistance01>17</bikeapp:Resistance01>
<bikeapp:BikeTotalDistanceM>14015.0</bikeapp:BikeTotalDistanceM>
</Extensions>
</Trackpoint>
<Trackpoint>
<Time>2026-05-29T21:03:52.803Z</Time>
<DistanceMeters>13844.1</DistanceMeters>
<HeartRateBpm><Value>140</Value></HeartRateBpm>
<Cadence>79</Cadence>
<Extensions>
<ns3:TPX>
<ns3:Speed>7.997</ns3:Speed>
<ns3:Watts>223</ns3:Watts>
</ns3:TPX>
<bikeapp:Resistance01>17</bikeapp:Resistance01>
<bikeapp:BikeTotalDistanceM>14023.0</bikeapp:BikeTotalDistanceM>
</Extensions>
</Trackpoint>
<Trackpoint>
<Time>2026-05-29T21:03:54.304Z</Time>
<DistanceMeters>13856.3</DistanceMeters>
<HeartRateBpm><Value>139</Value></HeartRateBpm>
<Cadence>80</Cadence>
<Extensions>
<ns3:TPX>
<ns3:Speed>8.123</ns3:Speed>
<ns3:Watts>228</ns3:Watts>
</ns3:TPX>
<bikeapp:Resistance01>17</bikeapp:Resistance01>
<bikeapp:BikeTotalDistanceM>14040.0</bikeapp:BikeTotalDistanceM>
</Extensions>
</Trackpoint>
<Trackpoint>
<Time>2026-05-29T21:03:55.816Z</Time>
<DistanceMeters>13868.6</DistanceMeters>
<HeartRateBpm><Value>139</Value></HeartRateBpm>
<Cadence>80</Cadence>
<Extensions>
<ns3:TPX>
<ns3:Speed>8.164</ns3:Speed>
<ns3:Watts>228</ns3:Watts>
</ns3:TPX>
<bikeapp:Resistance01>17</bikeapp:Resistance01>
<bikeapp:BikeTotalDistanceM>14048.0</bikeapp:BikeTotalDistanceM>
</Extensions>
</Trackpoint>
<Trackpoint>
<Time>2026-05-29T21:03:57.304Z</Time>
<DistanceMeters>13880.7</DistanceMeters>
<HeartRateBpm><Value>138</Value></HeartRateBpm>
<Cadence>77</Cadence>
<Extensions>
<ns3:TPX>
<ns3:Speed>8.104</ns3:Speed>
<ns3:Watts>215</ns3:Watts>
</ns3:TPX>
<bikeapp:Resistance01>17</bikeapp:Resistance01>
<bikeapp:BikeTotalDistanceM>14064.0</bikeapp:BikeTotalDistanceM>
</Extensions>
</Trackpoint>
<Trackpoint>
<Time>2026-05-29T21:03:58.804Z</Time>
<DistanceMeters>13892.8</DistanceMeters>
<HeartRateBpm><Value>137</Value></HeartRateBpm>
<Cadence>76</Cadence>
<Extensions>
<ns3:TPX>
<ns3:Speed>8.036</ns3:Speed>
<ns3:Watts>211</ns3:Watts>
</ns3:TPX>
<bikeapp:Resistance01>17</bikeapp:Resistance01>
<bikeapp:BikeTotalDistanceM>14072.0</bikeapp:BikeTotalDistanceM>
</Extensions>
</Trackpoint>
<Trackpoint>
<Time>2026-05-29T21:04:00.303Z</Time>
<DistanceMeters>13904.9</DistanceMeters>
<HeartRateBpm><Value>138</Value></HeartRateBpm>
<Cadence>79</Cadence>
<Extensions>
<ns3:TPX>
<ns3:Speed>8.068</ns3:Speed>
<ns3:Watts>223</ns3:Watts>
</ns3:TPX>
<bikeapp:Resistance01>17</bikeapp:Resistance01>
<bikeapp:BikeTotalDistanceM>14088.0</bikeapp:BikeTotalDistanceM>
</Extensions>
</Trackpoint>
<Trackpoint>
<Time>2026-05-29T21:04:01.803Z</Time>
<DistanceMeters>13916.9</DistanceMeters>
<HeartRateBpm><Value>139</Value></HeartRateBpm>
<Cadence>76</Cadence>
<Extensions>
<ns3:TPX>
<ns3:Speed>7.964</ns3:Speed>
<ns3:Watts>199</ns3:Watts>
</ns3:TPX>
<bikeapp:Resistance01>16</bikeapp:Resistance01>
<bikeapp:BikeTotalDistanceM>14096.0</bikeapp:BikeTotalDistanceM>
</Extensions>
</Trackpoint>
<Trackpoint>
<Time>2026-05-29T21:04:03.303Z</Time>
<DistanceMeters>13928.7</DistanceMeters>
<HeartRateBpm><Value>140</Value></HeartRateBpm>
<Cadence>77</Cadence>
<Extensions>
<ns3:TPX>
<ns3:Speed>7.863</ns3:Speed>
<ns3:Watts>203</ns3:Watts>
</ns3:TPX>
<bikeapp:Resistance01>16</bikeapp:Resistance01>
<bikeapp:BikeTotalDistanceM>14112.0</bikeapp:BikeTotalDistanceM>
</Extensions>
</Trackpoint>
<Trackpoint>
<Time>2026-05-29T21:04:04.808Z</Time>
<DistanceMeters>13940.6</DistanceMeters>
<HeartRateBpm><Value>140</Value></HeartRateBpm>
<Cadence>78</Cadence>
<Extensions>
<ns3:TPX>
<ns3:Speed>7.874</ns3:Speed>
<ns3:Watts>207</ns3:Watts>
</ns3:TPX>
<bikeapp:Resistance01>16</bikeapp:Resistance01>
<bikeapp:BikeTotalDistanceM>14120.0</bikeapp:BikeTotalDistanceM>
</Extensions>
</Trackpoint>
<Trackpoint>
<Time>2026-05-29T21:04:06.311Z</Time>
<DistanceMeters>13952.5</DistanceMeters>
<HeartRateBpm><Value>139</Value></HeartRateBpm>
<Cadence>78</Cadence>
<Extensions>
<ns3:TPX>
<ns3:Speed>7.943</ns3:Speed>
<ns3:Watts>207</ns3:Watts>
</ns3:TPX>
<bikeapp:Resistance01>16</bikeapp:Resistance01>
<bikeapp:BikeTotalDistanceM>14136.0</bikeapp:BikeTotalDistanceM>
</Extensions>
</Trackpoint>
<Trackpoint>
<Time>2026-05-29T21:04:07.804Z</Time>
<DistanceMeters>13964.3</DistanceMeters>
<HeartRateBpm><Value>136</Value></HeartRateBpm>
<Cadence>77</Cadence>
<Extensions>
<ns3:TPX>
<ns3:Speed>7.897</ns3:Speed>
<ns3:Watts>203</ns3:Watts>
</ns3:TPX>
<bikeapp:Resistance01>16</bikeapp:Resistance01>
<bikeapp:BikeTotalDistanceM>14144.0</bikeapp:BikeTotalDistanceM>
</Extensions>
</Trackpoint>
<Trackpoint>
<Time>2026-05-29T21:04:09.303Z</Time>
<DistanceMeters>13976.1</DistanceMeters>
<HeartRateBpm><Value>135</Value></HeartRateBpm>
<Cadence>78</Cadence>
<Extensions>
<ns3:TPX>
<ns3:Speed>7.898</ns3:Speed>
<ns3:Watts>207</ns3:Watts>
</ns3:TPX>
<bikeapp:Resistance01>16</bikeapp:Resistance01>
<bikeapp:BikeTotalDistanceM>14160.0</bikeapp:BikeTotalDistanceM>
</Extensions>
</Trackpoint>
<Trackpoint>
<Time>2026-05-29T21:04:10.803Z</Time>
<DistanceMeters>13988.0</DistanceMeters>
<HeartRateBpm><Value>134</Value></HeartRateBpm>
<Cadence>78</Cadence>
<Extensions>
<ns3:TPX>
<ns3:Speed>7.899</ns3:Speed>
<ns3:Watts>207</ns3:Watts>
</ns3:TPX>
<bikeapp:Resistance01>16</bikeapp:Resistance01>
<bikeapp:BikeTotalDistanceM>14168.0</bikeapp:BikeTotalDistanceM>
</Extensions>
</Trackpoint>
<Trackpoint>
<Time>2026-05-29T21:04:12.303Z</Time>
<DistanceMeters>13999.8</DistanceMeters>
<HeartRateBpm><Value>133</Value></HeartRateBpm>
<Cadence>76</Cadence>
<Extensions>
<ns3:TPX>
<ns3:Speed>7.855</ns3:Speed>
<ns3:Watts>199</ns3:Watts>
</ns3:TPX>
<bikeapp:Resistance01>16</bikeapp:Resistance01>
<bikeapp:BikeTotalDistanceM>14184.0</bikeapp:BikeTotalDistanceM>
</Extensions>
</Trackpoint>
<Trackpoint>
<Time>2026-05-29T21:04:13.803Z</Time>
<DistanceMeters>14011.6</DistanceMeters>
<HeartRateBpm><Value>133</Value></HeartRateBpm>
<Cadence>78</Cadence>
<Extensions>
<ns3:TPX>
<ns3:Speed>7.862</ns3:Speed>
<ns3:Watts>207</ns3:Watts>
</ns3:TPX>
<bikeapp:Resistance01>16</bikeapp:Resistance01>
<bikeapp:BikeTotalDistanceM>14192.0</bikeapp:BikeTotalDistanceM>
</Extensions>
</Trackpoint>
<Trackpoint>
<Time>2026-05-29T21:04:15.303Z</Time>
<DistanceMeters>14023.4</DistanceMeters>
<HeartRateBpm><Value>135</Value></HeartRateBpm>
<Cadence>80</Cadence>
<Extensions>
<ns3:TPX>
<ns3:Speed>7.925</ns3:Speed>
<ns3:Watts>215</ns3:Watts>
</ns3:TPX>
<bikeapp:Resistance01>16</bikeapp:Resistance01>
<bikeapp:BikeTotalDistanceM>14209.0</bikeapp:BikeTotalDistanceM>
</Extensions>
</Trackpoint>
<Trackpoint>
<Time>2026-05-29T21:04:16.803Z</Time>
<DistanceMeters>14035.4</DistanceMeters>
<HeartRateBpm><Value>136</Value></HeartRateBpm>
<Cadence>80</Cadence>
<Extensions>
<ns3:TPX>
<ns3:Speed>7.973</ns3:Speed>
<ns3:Watts>215</ns3:Watts>
</ns3:TPX>
<bikeapp:Resistance01>16</bikeapp:Resistance01>
<bikeapp:BikeTotalDistanceM>14217.0</bikeapp:BikeTotalDistanceM>
</Extensions>
</Trackpoint>
<Trackpoint>
<Time>2026-05-29T21:04:18.303Z</Time>
<DistanceMeters>14047.3</DistanceMeters>
<HeartRateBpm><Value>138</Value></HeartRateBpm>
<Cadence>77</Cadence>
<Extensions>
<ns3:TPX>
<ns3:Speed>7.939</ns3:Speed>
<ns3:Watts>203</ns3:Watts>
</ns3:TPX>
<bikeapp:Resistance01>16</bikeapp:Resistance01>
<bikeapp:BikeTotalDistanceM>14233.0</bikeapp:BikeTotalDistanceM>
</Extensions>
</Trackpoint>
<Trackpoint>
<Time>2026-05-29T21:04:19.814Z</Time>
<DistanceMeters>14059.3</DistanceMeters>
<HeartRateBpm><Value>140</Value></HeartRateBpm>
<Cadence>77</Cadence>
<Extensions>
<ns3:TPX>
<ns3:Speed>7.887</ns3:Speed>
<ns3:Watts>203</ns3:Watts>
</ns3:TPX>
<bikeapp:Resistance01>16</bikeapp:Resistance01>
<bikeapp:BikeTotalDistanceM>14241.0</bikeapp:BikeTotalDistanceM>
</Extensions>
</Trackpoint>
<Trackpoint>
<Time>2026-05-29T21:04:21.304Z</Time>
<DistanceMeters>14070.9</DistanceMeters>
<HeartRateBpm><Value>142</Value></HeartRateBpm>
<Cadence>77</Cadence>
<Extensions>
<ns3:TPX>
<ns3:Speed>7.826</ns3:Speed>
<ns3:Watts>203</ns3:Watts>
</ns3:TPX>
<bikeapp:Resistance01>16</bikeapp:Resistance01>
<bikeapp:BikeTotalDistanceM>14257.0</bikeapp:BikeTotalDistanceM>
</Extensions>
</Trackpoint>
<Trackpoint>
<Time>2026-05-29T21:04:22.812Z</Time>
<DistanceMeters>14082.7</DistanceMeters>
<HeartRateBpm><Value>143</Value></HeartRateBpm>
<Cadence>77</Cadence>
<Extensions>
<ns3:TPX>
<ns3:Speed>7.833</ns3:Speed>
<ns3:Watts>203</ns3:Watts>
</ns3:TPX>
<bikeapp:Resistance01>16</bikeapp:Resistance01>
<bikeapp:BikeTotalDistanceM>14265.0</bikeapp:BikeTotalDistanceM>
</Extensions>
</Trackpoint>
<Trackpoint>
<Time>2026-05-29T21:04:24.304Z</Time>
<DistanceMeters>14094.4</DistanceMeters>
<HeartRateBpm><Value>144</Value></HeartRateBpm>
<Cadence>77</Cadence>
<Extensions>
<ns3:TPX>
<ns3:Speed>7.818</ns3:Speed>
<ns3:Watts>203</ns3:Watts>
</ns3:TPX>
<bikeapp:Resistance01>16</bikeapp:Resistance01>
<bikeapp:BikeTotalDistanceM>14281.0</bikeapp:BikeTotalDistanceM>
</Extensions>
</Trackpoint>
<Trackpoint>
<Time>2026-05-29T21:04:25.804Z</Time>
<DistanceMeters>14106.1</DistanceMeters>
<HeartRateBpm><Value>145</Value></HeartRateBpm>
<Cadence>78</Cadence>
<Extensions>
<ns3:TPX>
<ns3:Speed>7.853</ns3:Speed>
<ns3:Watts>207</ns3:Watts>
</ns3:TPX>
<bikeapp:Resistance01>16</bikeapp:Resistance01>
<bikeapp:BikeTotalDistanceM>14289.0</bikeapp:BikeTotalDistanceM>
</Extensions>
</Trackpoint>
<Trackpoint>
<Time>2026-05-29T21:04:27.304Z</Time>
<DistanceMeters>14118.0</DistanceMeters>
<HeartRateBpm><Value>145</Value></HeartRateBpm>
<Cadence>78</Cadence>
<Extensions>
<ns3:TPX>
<ns3:Speed>7.912</ns3:Speed>
<ns3:Watts>207</ns3:Watts>
</ns3:TPX>
<bikeapp:Resistance01>16</bikeapp:Resistance01>
<bikeapp:BikeTotalDistanceM>14305.0</bikeapp:BikeTotalDistanceM>
</Extensions>
</Trackpoint>
<Trackpoint>
<Time>2026-05-29T21:04:28.803Z</Time>
<DistanceMeters>14129.9</DistanceMeters>
<HeartRateBpm><Value>145</Value></HeartRateBpm>
<Cadence>78</Cadence>
<Extensions>
<ns3:TPX>
<ns3:Speed>7.905</ns3:Speed>
<ns3:Watts>207</ns3:Watts>
</ns3:TPX>
<bikeapp:Resistance01>16</bikeapp:Resistance01>
<bikeapp:BikeTotalDistanceM>14313.0</bikeapp:BikeTotalDistanceM>
</Extensions>
</Trackpoint>
<Trackpoint>
<Time>2026-05-29T21:04:30.303Z</Time>
<DistanceMeters>14141.7</DistanceMeters>
<HeartRateBpm><Value>145</Value></HeartRateBpm>
<Cadence>78</Cadence>
<Extensions>
<ns3:TPX>
<ns3:Speed>7.884</ns3:Speed>
<ns3:Watts>207</ns3:Watts>
</ns3:TPX>
<bikeapp:Resistance01>16</bikeapp:Resistance01>
<bikeapp:BikeTotalDistanceM>14329.0</bikeapp:BikeTotalDistanceM>
</Extensions>
</Trackpoint>
<Trackpoint>
<Time>2026-05-29T21:04:31.803Z</Time>
<DistanceMeters>14153.6</DistanceMeters>
<HeartRateBpm><Value>146</Value></HeartRateBpm>
<Cadence>80</Cadence>
<Extensions>
<ns3:TPX>
<ns3:Speed>7.938</ns3:Speed>
<ns3:Watts>215</ns3:Watts>
</ns3:TPX>
<bikeapp:Resistance01>16</bikeapp:Resistance01>
<bikeapp:BikeTotalDistanceM>14338.0</bikeapp:BikeTotalDistanceM>
</Extensions>
</Trackpoint>
<Trackpoint>
<Time>2026-05-29T21:04:33.304Z</Time>
<DistanceMeters>14165.5</DistanceMeters>
<HeartRateBpm><Value>146</Value></HeartRateBpm>
<Cadence>78</Cadence>
<Extensions>
<ns3:TPX>
<ns3:Speed>7.935</ns3:Speed>
<ns3:Watts>207</ns3:Watts>
</ns3:TPX>
<bikeapp:Resistance01>16</bikeapp:Resistance01>
<bikeapp:BikeTotalDistanceM>14354.0</bikeapp:BikeTotalDistanceM>
</Extensions>
</Trackpoint>
<Trackpoint>
<Time>2026-05-29T21:04:34.803Z</Time>
<DistanceMeters>14177.3</DistanceMeters>
<HeartRateBpm><Value>146</Value></HeartRateBpm>
<Cadence>75</Cadence>
<Extensions>
<ns3:TPX>
<ns3:Speed>7.846</ns3:Speed>
<ns3:Watts>195</ns3:Watts>
</ns3:TPX>
<bikeapp:Resistance01>16</bikeapp:Resistance01>
<bikeapp:BikeTotalDistanceM>14362.0</bikeapp:BikeTotalDistanceM>
</Extensions>
</Trackpoint>
<Trackpoint>
<Time>2026-05-29T21:04:36.306Z</Time>
<DistanceMeters>14189.0</DistanceMeters>
<HeartRateBpm><Value>146</Value></HeartRateBpm>
<Cadence>78</Cadence>
<Extensions>
<ns3:TPX>
<ns3:Speed>7.820</ns3:Speed>
<ns3:Watts>207</ns3:Watts>
</ns3:TPX>
<bikeapp:Resistance01>16</bikeapp:Resistance01>
<bikeapp:BikeTotalDistanceM>14378.0</bikeapp:BikeTotalDistanceM>
</Extensions>
</Trackpoint>
<Trackpoint>
<Time>2026-05-29T21:04:37.808Z</Time>
<DistanceMeters>14200.8</DistanceMeters>
<HeartRateBpm><Value>145</Value></HeartRateBpm>
<Cadence>78</Cadence>
<Extensions>
<ns3:TPX>
<ns3:Speed>7.861</ns3:Speed>
<ns3:Watts>207</ns3:Watts>
</ns3:TPX>
<bikeapp:Resistance01>16</bikeapp:Resistance01>
<bikeapp:BikeTotalDistanceM>14386.0</bikeapp:BikeTotalDistanceM>
</Extensions>
</Trackpoint>
<Trackpoint>
<Time>2026-05-29T21:04:39.303Z</Time>
<DistanceMeters>14212.6</DistanceMeters>
<HeartRateBpm><Value>143</Value></HeartRateBpm>
<Cadence>78</Cadence>
<Extensions>
<ns3:TPX>
<ns3:Speed>7.881</ns3:Speed>
<ns3:Watts>207</ns3:Watts>
</ns3:TPX>
<bikeapp:Resistance01>16</bikeapp:Resistance01>
<bikeapp:BikeTotalDistanceM>14402.0</bikeapp:BikeTotalDistanceM>
</Extensions>
</Trackpoint>
<Trackpoint>
<Time>2026-05-29T21:04:40.803Z</Time>
<DistanceMeters>14224.4</DistanceMeters>
<HeartRateBpm><Value>142</Value></HeartRateBpm>
<Cadence>77</Cadence>
<Extensions>
<ns3:TPX>
<ns3:Speed>7.867</ns3:Speed>
<ns3:Watts>203</ns3:Watts>
</ns3:TPX>
<bikeapp:Resistance01>16</bikeapp:Resistance01>
<bikeapp:BikeTotalDistanceM>14410.0</bikeapp:BikeTotalDistanceM>
</Extensions>
</Trackpoint>
<Trackpoint>
<Time>2026-05-29T21:04:42.315Z</Time>
<DistanceMeters>14236.3</DistanceMeters>
<HeartRateBpm><Value>142</Value></HeartRateBpm>
<Cadence>76</Cadence>
<Extensions>
<ns3:TPX>
<ns3:Speed>7.821</ns3:Speed>
<ns3:Watts>199</ns3:Watts>
</ns3:TPX>
<bikeapp:Resistance01>16</bikeapp:Resistance01>
<bikeapp:BikeTotalDistanceM>14425.0</bikeapp:BikeTotalDistanceM>
</Extensions>
</Trackpoint>
<Trackpoint>
<Time>2026-05-29T21:04:43.804Z</Time>
<DistanceMeters>14247.9</DistanceMeters>
<HeartRateBpm><Value>140</Value></HeartRateBpm>
<Cadence>75</Cadence>
<Extensions>
<ns3:TPX>
<ns3:Speed>7.775</ns3:Speed>
<ns3:Watts>195</ns3:Watts>
</ns3:TPX>
<bikeapp:Resistance01>16</bikeapp:Resistance01>
<bikeapp:BikeTotalDistanceM>14433.0</bikeapp:BikeTotalDistanceM>
</Extensions>
</Trackpoint>
<Trackpoint>
<Time>2026-05-29T21:04:45.304Z</Time>
<DistanceMeters>14259.5</DistanceMeters>
<HeartRateBpm><Value>139</Value></HeartRateBpm>
<Cadence>77</Cadence>
<Extensions>
<ns3:TPX>
<ns3:Speed>7.791</ns3:Speed>
<ns3:Watts>203</ns3:Watts>
</ns3:TPX>
<bikeapp:Resistance01>16</bikeapp:Resistance01>
<bikeapp:BikeTotalDistanceM>14449.0</bikeapp:BikeTotalDistanceM>
</Extensions>
</Trackpoint>
<Trackpoint>
<Time>2026-05-29T21:04:46.804Z</Time>
<DistanceMeters>14271.2</DistanceMeters>
<HeartRateBpm><Value>138</Value></HeartRateBpm>
<Cadence>77</Cadence>
<Extensions>
<ns3:TPX>
<ns3:Speed>7.816</ns3:Speed>
<ns3:Watts>203</ns3:Watts>
</ns3:TPX>
<bikeapp:Resistance01>16</bikeapp:Resistance01>
<bikeapp:BikeTotalDistanceM>14457.0</bikeapp:BikeTotalDistanceM>
</Extensions>
</Trackpoint>
<Trackpoint>
<Time>2026-05-29T21:04:48.303Z</Time>
<DistanceMeters>14283.0</DistanceMeters>
<HeartRateBpm><Value>138</Value></HeartRateBpm>
<Cadence>79</Cadence>
<Extensions>
<ns3:TPX>
<ns3:Speed>7.873</ns3:Speed>
<ns3:Watts>211</ns3:Watts>
</ns3:TPX>
<bikeapp:Resistance01>16</bikeapp:Resistance01>
<bikeapp:BikeTotalDistanceM>14473.0</bikeapp:BikeTotalDistanceM>
</Extensions>
</Trackpoint>
<Trackpoint>
<Time>2026-05-29T21:04:49.815Z</Time>
<DistanceMeters>14295.0</DistanceMeters>
<HeartRateBpm><Value>137</Value></HeartRateBpm>
<Cadence>80</Cadence>
<Extensions>
<ns3:TPX>
<ns3:Speed>7.940</ns3:Speed>
<ns3:Watts>215</ns3:Watts>
</ns3:TPX>
<bikeapp:Resistance01>16</bikeapp:Resistance01>
<bikeapp:BikeTotalDistanceM>14482.0</bikeapp:BikeTotalDistanceM>
</Extensions>
</Trackpoint>
<Trackpoint>
<Time>2026-05-29T21:04:51.306Z</Time>
<DistanceMeters>14306.8</DistanceMeters>
<HeartRateBpm><Value>137</Value></HeartRateBpm>
<Cadence>76</Cadence>
<Extensions>
<ns3:TPX>
<ns3:Speed>7.892</ns3:Speed>
<ns3:Watts>199</ns3:Watts>
</ns3:TPX>
<bikeapp:Resistance01>16</bikeapp:Resistance01>
<bikeapp:BikeTotalDistanceM>14498.0</bikeapp:BikeTotalDistanceM>
</Extensions>
</Trackpoint>
<Trackpoint>
<Time>2026-05-29T21:04:52.806Z</Time>
<DistanceMeters>14318.6</DistanceMeters>
<HeartRateBpm><Value>136</Value></HeartRateBpm>
<Cadence>76</Cadence>
<Extensions>
<ns3:TPX>
<ns3:Speed>7.833</ns3:Speed>
<ns3:Watts>199</ns3:Watts>
</ns3:TPX>
<bikeapp:Resistance01>16</bikeapp:Resistance01>
<bikeapp:BikeTotalDistanceM>14505.0</bikeapp:BikeTotalDistanceM>
</Extensions>
</Trackpoint>
<Trackpoint>
<Time>2026-05-29T21:04:54.304Z</Time>
<DistanceMeters>14330.3</DistanceMeters>
<HeartRateBpm><Value>135</Value></HeartRateBpm>
<Cadence>76</Cadence>
<Extensions>
<ns3:TPX>
<ns3:Speed>7.823</ns3:Speed>
<ns3:Watts>199</ns3:Watts>
</ns3:TPX>
<bikeapp:Resistance01>16</bikeapp:Resistance01>
<bikeapp:BikeTotalDistanceM>14521.0</bikeapp:BikeTotalDistanceM>
</Extensions>
</Trackpoint>
<Trackpoint>
<Time>2026-05-29T21:04:55.804Z</Time>
<DistanceMeters>14342.0</DistanceMeters>
<HeartRateBpm><Value>135</Value></HeartRateBpm>
<Cadence>76</Cadence>
<Extensions>
<ns3:TPX>
<ns3:Speed>7.800</ns3:Speed>
<ns3:Watts>199</ns3:Watts>
</ns3:TPX>
<bikeapp:Resistance01>16</bikeapp:Resistance01>
<bikeapp:BikeTotalDistanceM>14529.0</bikeapp:BikeTotalDistanceM>
</Extensions>
</Trackpoint>
<Trackpoint>
<Time>2026-05-29T21:04:57.304Z</Time>
<DistanceMeters>14353.7</DistanceMeters>
<HeartRateBpm><Value>135</Value></HeartRateBpm>
<Cadence>78</Cadence>
<Extensions>
<ns3:TPX>
<ns3:Speed>7.834</ns3:Speed>
<ns3:Watts>207</ns3:Watts>
</ns3:TPX>
<bikeapp:Resistance01>16</bikeapp:Resistance01>
<bikeapp:BikeTotalDistanceM>14545.0</bikeapp:BikeTotalDistanceM>
</Extensions>
</Trackpoint>
<Trackpoint>
<Time>2026-05-29T21:04:58.804Z</Time>
<DistanceMeters>14365.5</DistanceMeters>
<HeartRateBpm><Value>135</Value></HeartRateBpm>
<Cadence>77</Cadence>
<Extensions>
<ns3:TPX>
<ns3:Speed>7.845</ns3:Speed>
<ns3:Watts>203</ns3:Watts>
</ns3:TPX>
<bikeapp:Resistance01>16</bikeapp:Resistance01>
<bikeapp:BikeTotalDistanceM>14553.0</bikeapp:BikeTotalDistanceM>
</Extensions>
</Trackpoint>
<Trackpoint>
<Time>2026-05-29T21:05:00.304Z</Time>
<DistanceMeters>14377.2</DistanceMeters>
<HeartRateBpm><Value>135</Value></HeartRateBpm>
<Cadence>76</Cadence>
<Extensions>
<ns3:TPX>
<ns3:Speed>7.792</ns3:Speed>
<ns3:Watts>199</ns3:Watts>
</ns3:TPX>
<bikeapp:Resistance01>16</bikeapp:Resistance01>
<bikeapp:BikeTotalDistanceM>14569.0</bikeapp:BikeTotalDistanceM>
</Extensions>
</Trackpoint>
<Trackpoint>
<Time>2026-05-29T21:05:01.804Z</Time>
<DistanceMeters>14388.9</DistanceMeters>
<HeartRateBpm><Value>135</Value></HeartRateBpm>
<Cadence>78</Cadence>
<Extensions>
<ns3:TPX>
<ns3:Speed>7.832</ns3:Speed>
<ns3:Watts>207</ns3:Watts>
</ns3:TPX>
<bikeapp:Resistance01>16</bikeapp:Resistance01>
<bikeapp:BikeTotalDistanceM>14577.0</bikeapp:BikeTotalDistanceM>
</Extensions>
</Trackpoint>
<Trackpoint>
<Time>2026-05-29T21:05:03.304Z</Time>
<DistanceMeters>14400.7</DistanceMeters>
<HeartRateBpm><Value>136</Value></HeartRateBpm>
<Cadence>77</Cadence>
<Extensions>
<ns3:TPX>
<ns3:Speed>7.836</ns3:Speed>
<ns3:Watts>203</ns3:Watts>
</ns3:TPX>
<bikeapp:Resistance01>16</bikeapp:Resistance01>
<bikeapp:BikeTotalDistanceM>14593.0</bikeapp:BikeTotalDistanceM>
</Extensions>
</Trackpoint>
<Trackpoint>
<Time>2026-05-29T21:05:04.791Z</Time>
<DistanceMeters>14412.4</DistanceMeters>
<HeartRateBpm><Value>137</Value></HeartRateBpm>
<Cadence>79</Cadence>
<Extensions>
<ns3:TPX>
<ns3:Speed>7.884</ns3:Speed>
<ns3:Watts>211</ns3:Watts>
</ns3:TPX>
<bikeapp:Resistance01>16</bikeapp:Resistance01>
<bikeapp:BikeTotalDistanceM>14601.0</bikeapp:BikeTotalDistanceM>
</Extensions>
</Trackpoint>
<Trackpoint>
<Time>2026-05-29T21:05:06.294Z</Time>
<DistanceMeters>14424.3</DistanceMeters>
<HeartRateBpm><Value>138</Value></HeartRateBpm>
<Cadence>79</Cadence>
<Extensions>
<ns3:TPX>
<ns3:Speed>7.923</ns3:Speed>
<ns3:Watts>211</ns3:Watts>
</ns3:TPX>
<bikeapp:Resistance01>16</bikeapp:Resistance01>
<bikeapp:BikeTotalDistanceM>14617.0</bikeapp:BikeTotalDistanceM>
</Extensions>
</Trackpoint>
<Trackpoint>
<Time>2026-05-29T21:05:07.305Z</Time>
<DistanceMeters>14432.3</DistanceMeters>
<HeartRateBpm><Value>139</Value></HeartRateBpm>
<Cadence>78</Cadence>
<Extensions>
<ns3:TPX>
<ns3:Speed>7.923</ns3:Speed>
<ns3:Watts>207</ns3:Watts>
</ns3:TPX>
<bikeapp:Resistance01>16</bikeapp:Resistance01>
<bikeapp:BikeTotalDistanceM>14625.0</bikeapp:BikeTotalDistanceM>
</Extensions>
</Trackpoint>
<Trackpoint>
<Time>2026-05-29T21:05:08.791Z</Time>
<DistanceMeters>14444.0</DistanceMeters>
<HeartRateBpm><Value>139</Value></HeartRateBpm>
<Cadence>76</Cadence>
<Extensions>
<ns3:TPX>
<ns3:Speed>7.865</ns3:Speed>
<ns3:Watts>199</ns3:Watts>
</ns3:TPX>
<bikeapp:Resistance01>16</bikeapp:Resistance01>
<bikeapp:BikeTotalDistanceM>14633.0</bikeapp:BikeTotalDistanceM>
</Extensions>
</Trackpoint>
<Trackpoint>
<Time>2026-05-29T21:05:09.795Z</Time>
<DistanceMeters>14451.9</DistanceMeters>
<HeartRateBpm><Value>139</Value></HeartRateBpm>
<Cadence>77</Cadence>
<Extensions>
<ns3:TPX>
<ns3:Speed>7.855</ns3:Speed>
<ns3:Watts>203</ns3:Watts>
</ns3:TPX>
<bikeapp:Resistance01>16</bikeapp:Resistance01>
<bikeapp:BikeTotalDistanceM>14641.0</bikeapp:BikeTotalDistanceM>
</Extensions>
</Trackpoint>
<Trackpoint>
<Time>2026-05-29T21:05:11.292Z</Time>
<DistanceMeters>14463.7</DistanceMeters>
<HeartRateBpm><Value>138</Value></HeartRateBpm>
<Cadence>80</Cadence>
<Extensions>
<ns3:TPX>
<ns3:Speed>7.903</ns3:Speed>
<ns3:Watts>215</ns3:Watts>
</ns3:TPX>
<bikeapp:Resistance01>16</bikeapp:Resistance01>
<bikeapp:BikeTotalDistanceM>14658.0</bikeapp:BikeTotalDistanceM>
</Extensions>
</Trackpoint>
<Trackpoint>
<Time>2026-05-29T21:05:12.292Z</Time>
<DistanceMeters>14471.6</DistanceMeters>
<HeartRateBpm><Value>137</Value></HeartRateBpm>
<Cadence>80</Cadence>
<Extensions>
<ns3:TPX>
<ns3:Speed>7.947</ns3:Speed>
<ns3:Watts>215</ns3:Watts>
</ns3:TPX>
<bikeapp:Resistance01>16</bikeapp:Resistance01>
<bikeapp:BikeTotalDistanceM>14666.0</bikeapp:BikeTotalDistanceM>
</Extensions>
</Trackpoint>
<Trackpoint>
<Time>2026-05-29T21:05:13.792Z</Time>
<DistanceMeters>14483.6</DistanceMeters>
<HeartRateBpm><Value>135</Value></HeartRateBpm>
<Cadence>79</Cadence>
<Extensions>
<ns3:TPX>
<ns3:Speed>7.961</ns3:Speed>
<ns3:Watts>211</ns3:Watts>
</ns3:TPX>
<bikeapp:Resistance01>16</bikeapp:Resistance01>
<bikeapp:BikeTotalDistanceM>14674.0</bikeapp:BikeTotalDistanceM>
</Extensions>
</Trackpoint>
<Trackpoint>
<Time>2026-05-29T21:05:15.292Z</Time>
<DistanceMeters>14495.4</DistanceMeters>
<HeartRateBpm><Value>135</Value></HeartRateBpm>
<Cadence>77</Cadence>
<Extensions>
<ns3:TPX>
<ns3:Speed>7.898</ns3:Speed>
<ns3:Watts>203</ns3:Watts>
</ns3:TPX>
<bikeapp:Resistance01>16</bikeapp:Resistance01>
<bikeapp:BikeTotalDistanceM>14690.0</bikeapp:BikeTotalDistanceM>
</Extensions>
</Trackpoint>
<Trackpoint>
<Time>2026-05-29T21:05:16.792Z</Time>
<DistanceMeters>14507.3</DistanceMeters>
<HeartRateBpm><Value>135</Value></HeartRateBpm>
<Cadence>77</Cadence>
<Extensions>
<ns3:TPX>
<ns3:Speed>7.867</ns3:Speed>
<ns3:Watts>203</ns3:Watts>
</ns3:TPX>
<bikeapp:Resistance01>16</bikeapp:Resistance01>
<bikeapp:BikeTotalDistanceM>14698.0</bikeapp:BikeTotalDistanceM>
</Extensions>
</Trackpoint>
<Trackpoint>
<Time>2026-05-29T21:05:18.291Z</Time>
<DistanceMeters>14519.0</DistanceMeters>
<HeartRateBpm><Value>136</Value></HeartRateBpm>
<Cadence>77</Cadence>
<Extensions>
<ns3:TPX>
<ns3:Speed>7.853</ns3:Speed>
<ns3:Watts>203</ns3:Watts>
</ns3:TPX>
<bikeapp:Resistance01>16</bikeapp:Resistance01>
<bikeapp:BikeTotalDistanceM>14714.0</bikeapp:BikeTotalDistanceM>
</Extensions>
</Trackpoint>
<Trackpoint>
<Time>2026-05-29T21:05:19.303Z</Time>
<DistanceMeters>14527.0</DistanceMeters>
<HeartRateBpm><Value>137</Value></HeartRateBpm>
<Cadence>77</Cadence>
<Extensions>
<ns3:TPX>
<ns3:Speed>7.848</ns3:Speed>
<ns3:Watts>203</ns3:Watts>
</ns3:TPX>
<bikeapp:Resistance01>16</bikeapp:Resistance01>
<bikeapp:BikeTotalDistanceM>14722.0</bikeapp:BikeTotalDistanceM>
</Extensions>
</Trackpoint>
<Trackpoint>
<Time>2026-05-29T21:05:20.792Z</Time>
<DistanceMeters>14538.7</DistanceMeters>
<HeartRateBpm><Value>137</Value></HeartRateBpm>
<Cadence>78</Cadence>
<Extensions>
<ns3:TPX>
<ns3:Speed>7.867</ns3:Speed>
<ns3:Watts>207</ns3:Watts>
</ns3:TPX>
<bikeapp:Resistance01>16</bikeapp:Resistance01>
<bikeapp:BikeTotalDistanceM>14730.0</bikeapp:BikeTotalDistanceM>
</Extensions>
</Trackpoint>
<Trackpoint>
<Time>2026-05-29T21:05:22.292Z</Time>
<DistanceMeters>14550.5</DistanceMeters>
<HeartRateBpm><Value>137</Value></HeartRateBpm>
<Cadence>77</Cadence>
<Extensions>
<ns3:TPX>
<ns3:Speed>7.853</ns3:Speed>
<ns3:Watts>203</ns3:Watts>
</ns3:TPX>
<bikeapp:Resistance01>16</bikeapp:Resistance01>
<bikeapp:BikeTotalDistanceM>14746.0</bikeapp:BikeTotalDistanceM>
</Extensions>
</Trackpoint>
<Trackpoint>
<Time>2026-05-29T21:05:23.304Z</Time>
<DistanceMeters>14558.4</DistanceMeters>
<HeartRateBpm><Value>136</Value></HeartRateBpm>
<Cadence>77</Cadence>
<Extensions>
<ns3:TPX>
<ns3:Speed>7.847</ns3:Speed>
<ns3:Watts>203</ns3:Watts>
</ns3:TPX>
<bikeapp:Resistance01>16</bikeapp:Resistance01>
<bikeapp:BikeTotalDistanceM>14754.0</bikeapp:BikeTotalDistanceM>
</Extensions>
</Trackpoint>
<Trackpoint>
<Time>2026-05-29T21:05:24.791Z</Time>
<DistanceMeters>14570.1</DistanceMeters>
<HeartRateBpm><Value>135</Value></HeartRateBpm>
<Cadence>77</Cadence>
<Extensions>
<ns3:TPX>
<ns3:Speed>7.843</ns3:Speed>
<ns3:Watts>203</ns3:Watts>
</ns3:TPX>
<bikeapp:Resistance01>16</bikeapp:Resistance01>
<bikeapp:BikeTotalDistanceM>14762.0</bikeapp:BikeTotalDistanceM>
</Extensions>
</Trackpoint>
<Trackpoint>
<Time>2026-05-29T21:05:25.791Z</Time>
<DistanceMeters>14577.9</DistanceMeters>
<HeartRateBpm><Value>135</Value></HeartRateBpm>
<Cadence>77</Cadence>
<Extensions>
<ns3:TPX>
<ns3:Speed>7.842</ns3:Speed>
<ns3:Watts>203</ns3:Watts>
</ns3:TPX>
<bikeapp:Resistance01>16</bikeapp:Resistance01>
<bikeapp:BikeTotalDistanceM>14770.0</bikeapp:BikeTotalDistanceM>
</Extensions>
</Trackpoint>
<Trackpoint>
<Time>2026-05-29T21:05:26.794Z</Time>
<DistanceMeters>14585.7</DistanceMeters>
<HeartRateBpm><Value>135</Value></HeartRateBpm>
<Cadence>76</Cadence>
<Extensions>
<ns3:TPX>
<ns3:Speed>7.817</ns3:Speed>
<ns3:Watts>199</ns3:Watts>
</ns3:TPX>
<bikeapp:Resistance01>16</bikeapp:Resistance01>
<bikeapp:BikeTotalDistanceM>14778.0</bikeapp:BikeTotalDistanceM>
</Extensions>
</Trackpoint>
<Trackpoint>
<Time>2026-05-29T21:05:27.804Z</Time>
<DistanceMeters>14593.6</DistanceMeters>
<HeartRateBpm><Value>136</Value></HeartRateBpm>
<Cadence>76</Cadence>
<Extensions>
<ns3:TPX>
<ns3:Speed>7.802</ns3:Speed>
<ns3:Watts>199</ns3:Watts>
</ns3:TPX>
<bikeapp:Resistance01>16</bikeapp:Resistance01>
<bikeapp:BikeTotalDistanceM>14786.0</bikeapp:BikeTotalDistanceM>
</Extensions>
</Trackpoint>
<Trackpoint>
<Time>2026-05-29T21:05:29.291Z</Time>
<DistanceMeters>14605.2</DistanceMeters>
<HeartRateBpm><Value>137</Value></HeartRateBpm>
<Cadence>76</Cadence>
<Extensions>
<ns3:TPX>
<ns3:Speed>7.772</ns3:Speed>
<ns3:Watts>199</ns3:Watts>
</ns3:TPX>
<bikeapp:Resistance01>16</bikeapp:Resistance01>
<bikeapp:BikeTotalDistanceM>14801.0</bikeapp:BikeTotalDistanceM>
</Extensions>
</Trackpoint>
<Trackpoint>
<Time>2026-05-29T21:05:30.291Z</Time>
<DistanceMeters>14613.0</DistanceMeters>
<HeartRateBpm><Value>137</Value></HeartRateBpm>
<Cadence>77</Cadence>
<Extensions>
<ns3:TPX>
<ns3:Speed>7.787</ns3:Speed>
<ns3:Watts>203</ns3:Watts>
</ns3:TPX>
<bikeapp:Resistance01>16</bikeapp:Resistance01>
<bikeapp:BikeTotalDistanceM>14809.0</bikeapp:BikeTotalDistanceM>
</Extensions>
</Trackpoint>
<Trackpoint>
<Time>2026-05-29T21:05:31.292Z</Time>
<DistanceMeters>14620.8</DistanceMeters>
<HeartRateBpm><Value>137</Value></HeartRateBpm>
<Cadence>78</Cadence>
<Extensions>
<ns3:TPX>
<ns3:Speed>7.820</ns3:Speed>
<ns3:Watts>207</ns3:Watts>
</ns3:TPX>
<bikeapp:Resistance01>16</bikeapp:Resistance01>
<bikeapp:BikeTotalDistanceM>14817.0</bikeapp:BikeTotalDistanceM>
</Extensions>
</Trackpoint>
<Trackpoint>
<Time>2026-05-29T21:05:32.292Z</Time>
<DistanceMeters>14628.7</DistanceMeters>
<HeartRateBpm><Value>138</Value></HeartRateBpm>
<Cadence>80</Cadence>
<Extensions>
<ns3:TPX>
<ns3:Speed>7.876</ns3:Speed>
<ns3:Watts>215</ns3:Watts>
</ns3:TPX>
<bikeapp:Resistance01>16</bikeapp:Resistance01>
<bikeapp:BikeTotalDistanceM>14826.0</bikeapp:BikeTotalDistanceM>
</Extensions>
</Trackpoint>
<Trackpoint>
<Time>2026-05-29T21:05:33.792Z</Time>
<DistanceMeters>14640.5</DistanceMeters>
<HeartRateBpm><Value>138</Value></HeartRateBpm>
<Cadence>80</Cadence>
<Extensions>
<ns3:TPX>
<ns3:Speed>7.949</ns3:Speed>
<ns3:Watts>215</ns3:Watts>
</ns3:TPX>
<bikeapp:Resistance01>16</bikeapp:Resistance01>
<bikeapp:BikeTotalDistanceM>14834.0</bikeapp:BikeTotalDistanceM>
</Extensions>
</Trackpoint>
<Trackpoint>
<Time>2026-05-29T21:05:34.792Z</Time>
<DistanceMeters>14648.5</DistanceMeters>
<HeartRateBpm><Value>138</Value></HeartRateBpm>
<Cadence>78</Cadence>
<Extensions>
<ns3:TPX>
<ns3:Speed>7.930</ns3:Speed>
<ns3:Watts>207</ns3:Watts>
</ns3:TPX>
<bikeapp:Resistance01>16</bikeapp:Resistance01>
<bikeapp:BikeTotalDistanceM>14842.0</bikeapp:BikeTotalDistanceM>
</Extensions>
</Trackpoint>
<Trackpoint>
<Time>2026-05-29T21:05:36.303Z</Time>
<DistanceMeters>14660.4</DistanceMeters>
<HeartRateBpm><Value>137</Value></HeartRateBpm>
<Cadence>77</Cadence>
<Extensions>
<ns3:TPX>
<ns3:Speed>7.901</ns3:Speed>
<ns3:Watts>203</ns3:Watts>
</ns3:TPX>
<bikeapp:Resistance01>16</bikeapp:Resistance01>
<bikeapp:BikeTotalDistanceM>14858.0</bikeapp:BikeTotalDistanceM>
</Extensions>
</Trackpoint>
<Trackpoint>
<Time>2026-05-29T21:05:37.304Z</Time>
<DistanceMeters>14668.3</DistanceMeters>
<HeartRateBpm><Value>136</Value></HeartRateBpm>
<Cadence>77</Cadence>
<Extensions>
<ns3:TPX>
<ns3:Speed>7.877</ns3:Speed>
<ns3:Watts>203</ns3:Watts>
</ns3:TPX>
<bikeapp:Resistance01>16</bikeapp:Resistance01>
<bikeapp:BikeTotalDistanceM>14866.0</bikeapp:BikeTotalDistanceM>
</Extensions>
</Trackpoint>
<Trackpoint>
<Time>2026-05-29T21:05:38.792Z</Time>
<DistanceMeters>14680.1</DistanceMeters>
<HeartRateBpm><Value>136</Value></HeartRateBpm>
<Cadence>80</Cadence>
<Extensions>
<ns3:TPX>
<ns3:Speed>7.926</ns3:Speed>
<ns3:Watts>215</ns3:Watts>
</ns3:TPX>
<bikeapp:Resistance01>16</bikeapp:Resistance01>
<bikeapp:BikeTotalDistanceM>14874.0</bikeapp:BikeTotalDistanceM>
</Extensions>
</Trackpoint>
<Trackpoint>
<Time>2026-05-29T21:05:39.792Z</Time>
<DistanceMeters>14688.0</DistanceMeters>
<HeartRateBpm><Value>136</Value></HeartRateBpm>
<Cadence>79</Cadence>
<Extensions>
<ns3:TPX>
<ns3:Speed>7.939</ns3:Speed>
<ns3:Watts>211</ns3:Watts>
</ns3:TPX>
<bikeapp:Resistance01>16</bikeapp:Resistance01>
<bikeapp:BikeTotalDistanceM>14882.0</bikeapp:BikeTotalDistanceM>
</Extensions>
</Trackpoint>
<Trackpoint>
<Time>2026-05-29T21:05:41.292Z</Time>
<DistanceMeters>14699.9</DistanceMeters>
<HeartRateBpm><Value>136</Value></HeartRateBpm>
<Cadence>78</Cadence>
<Extensions>
<ns3:TPX>
<ns3:Speed>7.918</ns3:Speed>
<ns3:Watts>207</ns3:Watts>
</ns3:TPX>
<bikeapp:Resistance01>16</bikeapp:Resistance01>
<bikeapp:BikeTotalDistanceM>14899.0</bikeapp:BikeTotalDistanceM>
</Extensions>
</Trackpoint>
<Trackpoint>
<Time>2026-05-29T21:05:42.293Z</Time>
<DistanceMeters>14707.8</DistanceMeters>
<HeartRateBpm><Value>137</Value></HeartRateBpm>
<Cadence>78</Cadence>
<Extensions>
<ns3:TPX>
<ns3:Speed>7.911</ns3:Speed>
<ns3:Watts>207</ns3:Watts>
</ns3:TPX>
<bikeapp:Resistance01>16</bikeapp:Resistance01>
<bikeapp:BikeTotalDistanceM>14907.0</bikeapp:BikeTotalDistanceM>
</Extensions>
</Trackpoint>
<Trackpoint>
<Time>2026-05-29T21:05:43.795Z</Time>
<DistanceMeters>14719.7</DistanceMeters>
<HeartRateBpm><Value>137</Value></HeartRateBpm>
<Cadence>79</Cadence>
<Extensions>
<ns3:TPX>
<ns3:Speed>7.928</ns3:Speed>
<ns3:Watts>211</ns3:Watts>
</ns3:TPX>
<bikeapp:Resistance01>16</bikeapp:Resistance01>
<bikeapp:BikeTotalDistanceM>14915.0</bikeapp:BikeTotalDistanceM>
</Extensions>
</Trackpoint>
<Trackpoint>
<Time>2026-05-29T21:05:45.292Z</Time>
<DistanceMeters>14731.6</DistanceMeters>
<HeartRateBpm><Value>138</Value></HeartRateBpm>
<Cadence>79</Cadence>
<Extensions>
<ns3:TPX>
<ns3:Speed>7.961</ns3:Speed>
<ns3:Watts>211</ns3:Watts>
</ns3:TPX>
<bikeapp:Resistance01>16</bikeapp:Resistance01>
<bikeapp:BikeTotalDistanceM>14931.0</bikeapp:BikeTotalDistanceM>
</Extensions>
</Trackpoint>
<Trackpoint>
<Time>2026-05-29T21:05:46.792Z</Time>
<DistanceMeters>14743.6</DistanceMeters>
<HeartRateBpm><Value>138</Value></HeartRateBpm>
<Cadence>78</Cadence>
<Extensions>
<ns3:TPX>
<ns3:Speed>7.937</ns3:Speed>
<ns3:Watts>207</ns3:Watts>
</ns3:TPX>
<bikeapp:Resistance01>16</bikeapp:Resistance01>
<bikeapp:BikeTotalDistanceM>14939.0</bikeapp:BikeTotalDistanceM>
</Extensions>
</Trackpoint>
<Trackpoint>
<Time>2026-05-29T21:05:48.291Z</Time>
<DistanceMeters>14755.4</DistanceMeters>
<HeartRateBpm><Value>138</Value></HeartRateBpm>
<Cadence>79</Cadence>
<Extensions>
<ns3:TPX>
<ns3:Speed>7.930</ns3:Speed>
<ns3:Watts>211</ns3:Watts>
</ns3:TPX>
<bikeapp:Resistance01>16</bikeapp:Resistance01>
<bikeapp:BikeTotalDistanceM>14956.0</bikeapp:BikeTotalDistanceM>
</Extensions>
</Trackpoint>
<Trackpoint>
<Time>2026-05-29T21:05:49.292Z</Time>
<DistanceMeters>14763.4</DistanceMeters>
<HeartRateBpm><Value>138</Value></HeartRateBpm>
<Cadence>78</Cadence>
<Extensions>
<ns3:TPX>
<ns3:Speed>7.928</ns3:Speed>
<ns3:Watts>207</ns3:Watts>
</ns3:TPX>
<bikeapp:Resistance01>16</bikeapp:Resistance01>
<bikeapp:BikeTotalDistanceM>14964.0</bikeapp:BikeTotalDistanceM>
</Extensions>
</Trackpoint>
<Trackpoint>
<Time>2026-05-29T21:05:50.292Z</Time>
<DistanceMeters>14771.3</DistanceMeters>
<HeartRateBpm><Value>138</Value></HeartRateBpm>
<Cadence>78</Cadence>
<Extensions>
<ns3:TPX>
<ns3:Speed>7.917</ns3:Speed>
<ns3:Watts>207</ns3:Watts>
</ns3:TPX>
<bikeapp:Resistance01>16</bikeapp:Resistance01>
<bikeapp:BikeTotalDistanceM>14972.0</bikeapp:BikeTotalDistanceM>
</Extensions>
</Trackpoint>
<Trackpoint>
<Time>2026-05-29T21:05:51.304Z</Time>
<DistanceMeters>14779.3</DistanceMeters>
<HeartRateBpm><Value>138</Value></HeartRateBpm>
<Cadence>77</Cadence>
<Extensions>
<ns3:TPX>
<ns3:Speed>7.897</ns3:Speed>
<ns3:Watts>203</ns3:Watts>
</ns3:TPX>
<bikeapp:Resistance01>16</bikeapp:Resistance01>
<bikeapp:BikeTotalDistanceM>14980.0</bikeapp:BikeTotalDistanceM>
</Extensions>
</Trackpoint>
<Trackpoint>
<Time>2026-05-29T21:05:52.792Z</Time>
<DistanceMeters>14791.0</DistanceMeters>
<HeartRateBpm><Value>137</Value></HeartRateBpm>
<Cadence>78</Cadence>
<Extensions>
<ns3:TPX>
<ns3:Speed>7.890</ns3:Speed>
<ns3:Watts>207</ns3:Watts>
</ns3:TPX>
<bikeapp:Resistance01>16</bikeapp:Resistance01>
<bikeapp:BikeTotalDistanceM>14988.0</bikeapp:BikeTotalDistanceM>
</Extensions>
</Trackpoint>
<Trackpoint>
<Time>2026-05-29T21:05:53.792Z</Time>
<DistanceMeters>14798.9</DistanceMeters>
<HeartRateBpm><Value>137</Value></HeartRateBpm>
<Cadence>79</Cadence>
<Extensions>
<ns3:TPX>
<ns3:Speed>7.917</ns3:Speed>
<ns3:Watts>211</ns3:Watts>
</ns3:TPX>
<bikeapp:Resistance01>16</bikeapp:Resistance01>
<bikeapp:BikeTotalDistanceM>14996.0</bikeapp:BikeTotalDistanceM>
</Extensions>
</Trackpoint>
<Trackpoint>
<Time>2026-05-29T21:05:55.292Z</Time>
<DistanceMeters>14810.8</DistanceMeters>
<HeartRateBpm><Value>137</Value></HeartRateBpm>
<Cadence>78</Cadence>
<Extensions>
<ns3:TPX>
<ns3:Speed>7.926</ns3:Speed>
<ns3:Watts>207</ns3:Watts>
</ns3:TPX>
<bikeapp:Resistance01>16</bikeapp:Resistance01>
<bikeapp:BikeTotalDistanceM>15012.0</bikeapp:BikeTotalDistanceM>
</Extensions>
</Trackpoint>
<Trackpoint>
<Time>2026-05-29T21:05:56.292Z</Time>
<DistanceMeters>14818.8</DistanceMeters>
<HeartRateBpm><Value>137</Value></HeartRateBpm>
<Cadence>79</Cadence>
<Extensions>
<ns3:TPX>
<ns3:Speed>7.928</ns3:Speed>
<ns3:Watts>211</ns3:Watts>
</ns3:TPX>
<bikeapp:Resistance01>16</bikeapp:Resistance01>
<bikeapp:BikeTotalDistanceM>15021.0</bikeapp:BikeTotalDistanceM>
</Extensions>
</Trackpoint>
<Trackpoint>
<Time>2026-05-29T21:05:57.293Z</Time>
<DistanceMeters>14826.7</DistanceMeters>
<HeartRateBpm><Value>137</Value></HeartRateBpm>
<Cadence>79</Cadence>
<Extensions>
<ns3:TPX>
<ns3:Speed>7.940</ns3:Speed>
<ns3:Watts>211</ns3:Watts>
</ns3:TPX>
<bikeapp:Resistance01>16</bikeapp:Resistance01>
<bikeapp:BikeTotalDistanceM>15029.0</bikeapp:BikeTotalDistanceM>
</Extensions>
</Trackpoint>
<Trackpoint>
<Time>2026-05-29T21:05:58.804Z</Time>
<DistanceMeters>14838.7</DistanceMeters>
<HeartRateBpm><Value>137</Value></HeartRateBpm>
<Cadence>78</Cadence>
<Extensions>
<ns3:TPX>
<ns3:Speed>7.926</ns3:Speed>
<ns3:Watts>207</ns3:Watts>
</ns3:TPX>
<bikeapp:Resistance01>16</bikeapp:Resistance01>
<bikeapp:BikeTotalDistanceM>15037.0</bikeapp:BikeTotalDistanceM>
</Extensions>
</Trackpoint>
<Trackpoint>
<Time>2026-05-29T21:05:59.805Z</Time>
<DistanceMeters>14846.6</DistanceMeters>
<HeartRateBpm><Value>137</Value></HeartRateBpm>
<Cadence>75</Cadence>
<Extensions>
<ns3:TPX>
<ns3:Speed>7.845</ns3:Speed>
<ns3:Watts>195</ns3:Watts>
</ns3:TPX>
<bikeapp:Resistance01>16</bikeapp:Resistance01>
<bikeapp:BikeTotalDistanceM>15045.0</bikeapp:BikeTotalDistanceM>
</Extensions>
</Trackpoint>
<Trackpoint>
<Time>2026-05-29T21:06:00.829Z</Time>
<DistanceMeters>14854.6</DistanceMeters>
<HeartRateBpm><Value>137</Value></HeartRateBpm>
<Cadence>75</Cadence>
<Extensions>
<ns3:TPX>
<ns3:Speed>7.795</ns3:Speed>
<ns3:Watts>195</ns3:Watts>
</ns3:TPX>
<bikeapp:Resistance01>16</bikeapp:Resistance01>
<bikeapp:BikeTotalDistanceM>15052.0</bikeapp:BikeTotalDistanceM>
</Extensions>
</Trackpoint>
<Trackpoint>
<Time>2026-05-29T21:06:02.319Z</Time>
<DistanceMeters>14866.2</DistanceMeters>
<HeartRateBpm><Value>137</Value></HeartRateBpm>
<Cadence>79</Cadence>
<Extensions>
<ns3:TPX>
<ns3:Speed>7.862</ns3:Speed>
<ns3:Watts>211</ns3:Watts>
</ns3:TPX>
<bikeapp:Resistance01>16</bikeapp:Resistance01>
<bikeapp:BikeTotalDistanceM>15069.0</bikeapp:BikeTotalDistanceM>
</Extensions>
</Trackpoint>
<Trackpoint>
<Time>2026-05-29T21:06:03.822Z</Time>
<DistanceMeters>14878.1</DistanceMeters>
<HeartRateBpm><Value>138</Value></HeartRateBpm>
<Cadence>79</Cadence>
<Extensions>
<ns3:TPX>
<ns3:Speed>7.912</ns3:Speed>
<ns3:Watts>211</ns3:Watts>
</ns3:TPX>
<bikeapp:Resistance01>16</bikeapp:Resistance01>
<bikeapp:BikeTotalDistanceM>15077.0</bikeapp:BikeTotalDistanceM>
</Extensions>
</Trackpoint>
<Trackpoint>
<Time>2026-05-29T21:06:05.317Z</Time>
<DistanceMeters>14890.0</DistanceMeters>
<HeartRateBpm><Value>138</Value></HeartRateBpm>
<Cadence>79</Cadence>
<Extensions>
<ns3:TPX>
<ns3:Speed>7.954</ns3:Speed>
<ns3:Watts>211</ns3:Watts>
</ns3:TPX>
<bikeapp:Resistance01>16</bikeapp:Resistance01>
<bikeapp:BikeTotalDistanceM>15093.0</bikeapp:BikeTotalDistanceM>
</Extensions>
</Trackpoint>
<Trackpoint>
<Time>2026-05-29T21:06:06.817Z</Time>
<DistanceMeters>14901.9</DistanceMeters>
<HeartRateBpm><Value>138</Value></HeartRateBpm>
<Cadence>79</Cadence>
<Extensions>
<ns3:TPX>
<ns3:Speed>7.956</ns3:Speed>
<ns3:Watts>211</ns3:Watts>
</ns3:TPX>
<bikeapp:Resistance01>16</bikeapp:Resistance01>
<bikeapp:BikeTotalDistanceM>15102.0</bikeapp:BikeTotalDistanceM>
</Extensions>
</Trackpoint>
<Trackpoint>
<Time>2026-05-29T21:06:07.817Z</Time>
<DistanceMeters>14909.9</DistanceMeters>
<HeartRateBpm><Value>138</Value></HeartRateBpm>
<Cadence>79</Cadence>
<Extensions>
<ns3:TPX>
<ns3:Speed>7.957</ns3:Speed>
<ns3:Watts>211</ns3:Watts>
</ns3:TPX>
<bikeapp:Resistance01>16</bikeapp:Resistance01>
<bikeapp:BikeTotalDistanceM>15110.0</bikeapp:BikeTotalDistanceM>
</Extensions>
</Trackpoint>
<Trackpoint>
<Time>2026-05-29T21:06:09.317Z</Time>
<DistanceMeters>14921.8</DistanceMeters>
<HeartRateBpm><Value>137</Value></HeartRateBpm>
<Cadence>79</Cadence>
<Extensions>
<ns3:TPX>
<ns3:Speed>7.940</ns3:Speed>
<ns3:Watts>211</ns3:Watts>
</ns3:TPX>
<bikeapp:Resistance01>16</bikeapp:Resistance01>
<bikeapp:BikeTotalDistanceM>15126.0</bikeapp:BikeTotalDistanceM>
</Extensions>
</Trackpoint>
<Trackpoint>
<Time>2026-05-29T21:06:10.817Z</Time>
<DistanceMeters>14933.7</DistanceMeters>
<HeartRateBpm><Value>137</Value></HeartRateBpm>
<Cadence>80</Cadence>
<Extensions>
<ns3:TPX>
<ns3:Speed>7.972</ns3:Speed>
<ns3:Watts>215</ns3:Watts>
</ns3:TPX>
<bikeapp:Resistance01>16</bikeapp:Resistance01>
<bikeapp:BikeTotalDistanceM>15134.0</bikeapp:BikeTotalDistanceM>
</Extensions>
</Trackpoint>
<Trackpoint>
<Time>2026-05-29T21:06:12.317Z</Time>
<DistanceMeters>14945.7</DistanceMeters>
<HeartRateBpm><Value>136</Value></HeartRateBpm>
<Cadence>79</Cadence>
<Extensions>
<ns3:TPX>
<ns3:Speed>8.004</ns3:Speed>
<ns3:Watts>211</ns3:Watts>
</ns3:TPX>
<bikeapp:Resistance01>16</bikeapp:Resistance01>
<bikeapp:BikeTotalDistanceM>15151.0</bikeapp:BikeTotalDistanceM>
</Extensions>
</Trackpoint>
<Trackpoint>
<Time>2026-05-29T21:06:13.817Z</Time>
<DistanceMeters>14957.7</DistanceMeters>
<HeartRateBpm><Value>136</Value></HeartRateBpm>
<Cadence>76</Cadence>
<Extensions>
<ns3:TPX>
<ns3:Speed>7.911</ns3:Speed>
<ns3:Watts>199</ns3:Watts>
</ns3:TPX>
<bikeapp:Resistance01>16</bikeapp:Resistance01>
<bikeapp:BikeTotalDistanceM>15159.0</bikeapp:BikeTotalDistanceM>
</Extensions>
</Trackpoint>
<Trackpoint>
<Time>2026-05-29T21:06:15.317Z</Time>
<DistanceMeters>14969.5</DistanceMeters>
<HeartRateBpm><Value>136</Value></HeartRateBpm>
<Cadence>77</Cadence>
<Extensions>
<ns3:TPX>
<ns3:Speed>7.874</ns3:Speed>
<ns3:Watts>203</ns3:Watts>
</ns3:TPX>
<bikeapp:Resistance01>16</bikeapp:Resistance01>
<bikeapp:BikeTotalDistanceM>15175.0</bikeapp:BikeTotalDistanceM>
</Extensions>
</Trackpoint>
<Trackpoint>
<Time>2026-05-29T21:06:16.817Z</Time>
<DistanceMeters>14981.3</DistanceMeters>
<HeartRateBpm><Value>136</Value></HeartRateBpm>
<Cadence>76</Cadence>
<Extensions>
<ns3:TPX>
<ns3:Speed>7.832</ns3:Speed>
<ns3:Watts>199</ns3:Watts>
</ns3:TPX>
<bikeapp:Resistance01>16</bikeapp:Resistance01>
<bikeapp:BikeTotalDistanceM>15183.0</bikeapp:BikeTotalDistanceM>
</Extensions>
</Trackpoint>
<Trackpoint>
<Time>2026-05-29T21:06:18.319Z</Time>
<DistanceMeters>14993.1</DistanceMeters>
<HeartRateBpm><Value>136</Value></HeartRateBpm>
<Cadence>81</Cadence>
<Extensions>
<ns3:TPX>
<ns3:Speed>7.892</ns3:Speed>
<ns3:Watts>220</ns3:Watts>
</ns3:TPX>
<bikeapp:Resistance01>16</bikeapp:Resistance01>
<bikeapp:BikeTotalDistanceM>15199.0</bikeapp:BikeTotalDistanceM>
</Extensions>
</Trackpoint>
<Trackpoint>
<Time>2026-05-29T21:06:19.817Z</Time>
<DistanceMeters>15005.0</DistanceMeters>
<HeartRateBpm><Value>137</Value></HeartRateBpm>
<Cadence>80</Cadence>
<Extensions>
<ns3:TPX>
<ns3:Speed>7.966</ns3:Speed>
<ns3:Watts>215</ns3:Watts>
</ns3:TPX>
<bikeapp:Resistance01>16</bikeapp:Resistance01>
<bikeapp:BikeTotalDistanceM>15207.0</bikeapp:BikeTotalDistanceM>
</Extensions>
</Trackpoint>
<Trackpoint>
<Time>2026-05-29T21:06:21.317Z</Time>
<DistanceMeters>15016.9</DistanceMeters>
<HeartRateBpm><Value>137</Value></HeartRateBpm>
<Cadence>78</Cadence>
<Extensions>
<ns3:TPX>
<ns3:Speed>7.949</ns3:Speed>
<ns3:Watts>207</ns3:Watts>
</ns3:TPX>
<bikeapp:Resistance01>16</bikeapp:Resistance01>
<bikeapp:BikeTotalDistanceM>15224.0</bikeapp:BikeTotalDistanceM>
</Extensions>
</Trackpoint>
<Trackpoint>
<Time>2026-05-29T21:06:22.818Z</Time>
<DistanceMeters>15028.8</DistanceMeters>
<HeartRateBpm><Value>137</Value></HeartRateBpm>
<Cadence>77</Cadence>
<Extensions>
<ns3:TPX>
<ns3:Speed>7.900</ns3:Speed>
<ns3:Watts>203</ns3:Watts>
</ns3:TPX>
<bikeapp:Resistance01>16</bikeapp:Resistance01>
<bikeapp:BikeTotalDistanceM>15231.0</bikeapp:BikeTotalDistanceM>
</Extensions>
</Trackpoint>
<Trackpoint>
<Time>2026-05-29T21:06:24.317Z</Time>
<DistanceMeters>15040.6</DistanceMeters>
<HeartRateBpm><Value>137</Value></HeartRateBpm>
<Cadence>78</Cadence>
<Extensions>
<ns3:TPX>
<ns3:Speed>7.882</ns3:Speed>
<ns3:Watts>207</ns3:Watts>
</ns3:TPX>
<bikeapp:Resistance01>16</bikeapp:Resistance01>
<bikeapp:BikeTotalDistanceM>15248.0</bikeapp:BikeTotalDistanceM>
</Extensions>
</Trackpoint>
<Trackpoint>
<Time>2026-05-29T21:06:25.817Z</Time>
<DistanceMeters>15052.4</DistanceMeters>
<HeartRateBpm><Value>138</Value></HeartRateBpm>
<Cadence>77</Cadence>
<Extensions>
<ns3:TPX>
<ns3:Speed>7.868</ns3:Speed>
<ns3:Watts>203</ns3:Watts>
</ns3:TPX>
<bikeapp:Resistance01>16</bikeapp:Resistance01>
<bikeapp:BikeTotalDistanceM>15256.0</bikeapp:BikeTotalDistanceM>
</Extensions>
</Trackpoint>
<Trackpoint>
<Time>2026-05-29T21:06:27.317Z</Time>
<DistanceMeters>15064.2</DistanceMeters>
<HeartRateBpm><Value>138</Value></HeartRateBpm>
<Cadence>77</Cadence>
<Extensions>
<ns3:TPX>
<ns3:Speed>7.853</ns3:Speed>
<ns3:Watts>203</ns3:Watts>
</ns3:TPX>
<bikeapp:Resistance01>16</bikeapp:Resistance01>
<bikeapp:BikeTotalDistanceM>15271.0</bikeapp:BikeTotalDistanceM>
</Extensions>
</Trackpoint>
<Trackpoint>
<Time>2026-05-29T21:06:28.817Z</Time>
<DistanceMeters>15076.0</DistanceMeters>
<HeartRateBpm><Value>138</Value></HeartRateBpm>
<Cadence>79</Cadence>
<Extensions>
<ns3:TPX>
<ns3:Speed>7.892</ns3:Speed>
<ns3:Watts>211</ns3:Watts>
</ns3:TPX>
<bikeapp:Resistance01>16</bikeapp:Resistance01>
<bikeapp:BikeTotalDistanceM>15280.0</bikeapp:BikeTotalDistanceM>
</Extensions>
</Trackpoint>
<Trackpoint>
<Time>2026-05-29T21:06:30.317Z</Time>
<DistanceMeters>15087.8</DistanceMeters>
<HeartRateBpm><Value>138</Value></HeartRateBpm>
<Cadence>77</Cadence>
<Extensions>
<ns3:TPX>
<ns3:Speed>7.865</ns3:Speed>
<ns3:Watts>203</ns3:Watts>
</ns3:TPX>
<bikeapp:Resistance01>16</bikeapp:Resistance01>
<bikeapp:BikeTotalDistanceM>15296.0</bikeapp:BikeTotalDistanceM>
</Extensions>
</Trackpoint>
<Trackpoint>
<Time>2026-05-29T21:06:31.817Z</Time>
<DistanceMeters>15099.6</DistanceMeters>
<HeartRateBpm><Value>138</Value></HeartRateBpm>
<Cadence>78</Cadence>
<Extensions>
<ns3:TPX>
<ns3:Speed>7.875</ns3:Speed>
<ns3:Watts>207</ns3:Watts>
</ns3:TPX>
<bikeapp:Resistance01>16</bikeapp:Resistance01>
<bikeapp:BikeTotalDistanceM>15304.0</bikeapp:BikeTotalDistanceM>
</Extensions>
</Trackpoint>
<Trackpoint>
<Time>2026-05-29T21:06:33.320Z</Time>
<DistanceMeters>15111.4</DistanceMeters>
<HeartRateBpm><Value>138</Value></HeartRateBpm>
<Cadence>77</Cadence>
<Extensions>
<ns3:TPX>
<ns3:Speed>7.856</ns3:Speed>
<ns3:Watts>203</ns3:Watts>
</ns3:TPX>
<bikeapp:Resistance01>16</bikeapp:Resistance01>
<bikeapp:BikeTotalDistanceM>15320.0</bikeapp:BikeTotalDistanceM>
</Extensions>
</Trackpoint>
<Trackpoint>
<Time>2026-05-29T21:06:34.817Z</Time>
<DistanceMeters>15123.2</DistanceMeters>
<HeartRateBpm><Value>138</Value></HeartRateBpm>
<Cadence>79</Cadence>
<Extensions>
<ns3:TPX>
<ns3:Speed>7.894</ns3:Speed>
<ns3:Watts>211</ns3:Watts>
</ns3:TPX>
<bikeapp:Resistance01>16</bikeapp:Resistance01>
<bikeapp:BikeTotalDistanceM>15328.0</bikeapp:BikeTotalDistanceM>
</Extensions>
</Trackpoint>
<Trackpoint>
<Time>2026-05-29T21:06:36.317Z</Time>
<DistanceMeters>15135.1</DistanceMeters>
<HeartRateBpm><Value>138</Value></HeartRateBpm>
<Cadence>79</Cadence>
<Extensions>
<ns3:TPX>
<ns3:Speed>7.927</ns3:Speed>
<ns3:Watts>211</ns3:Watts>
</ns3:TPX>
<bikeapp:Resistance01>16</bikeapp:Resistance01>
<bikeapp:BikeTotalDistanceM>15344.0</bikeapp:BikeTotalDistanceM>
</Extensions>
</Trackpoint>
<Trackpoint>
<Time>2026-05-29T21:06:37.818Z</Time>
<DistanceMeters>15147.0</DistanceMeters>
<HeartRateBpm><Value>139</Value></HeartRateBpm>
<Cadence>79</Cadence>
<Extensions>
<ns3:TPX>
<ns3:Speed>7.943</ns3:Speed>
<ns3:Watts>211</ns3:Watts>
</ns3:TPX>
<bikeapp:Resistance01>16</bikeapp:Resistance01>
<bikeapp:BikeTotalDistanceM>15352.0</bikeapp:BikeTotalDistanceM>
</Extensions>
</Trackpoint>
<Trackpoint>
<Time>2026-05-29T21:06:39.318Z</Time>
<DistanceMeters>15159.0</DistanceMeters>
<HeartRateBpm><Value>139</Value></HeartRateBpm>
<Cadence>80</Cadence>
<Extensions>
<ns3:TPX>
<ns3:Speed>7.981</ns3:Speed>
<ns3:Watts>215</ns3:Watts>
</ns3:TPX>
<bikeapp:Resistance01>16</bikeapp:Resistance01>
<bikeapp:BikeTotalDistanceM>15369.0</bikeapp:BikeTotalDistanceM>
</Extensions>
</Trackpoint>
<Trackpoint>
<Time>2026-05-29T21:06:40.817Z</Time>
<DistanceMeters>15170.9</DistanceMeters>
<HeartRateBpm><Value>140</Value></HeartRateBpm>
<Cadence>79</Cadence>
<Extensions>
<ns3:TPX>
<ns3:Speed>7.977</ns3:Speed>
<ns3:Watts>211</ns3:Watts>
</ns3:TPX>
<bikeapp:Resistance01>16</bikeapp:Resistance01>
<bikeapp:BikeTotalDistanceM>15377.0</bikeapp:BikeTotalDistanceM>
</Extensions>
</Trackpoint>
<Trackpoint>
<Time>2026-05-29T21:06:42.317Z</Time>
<DistanceMeters>15182.8</DistanceMeters>
<HeartRateBpm><Value>141</Value></HeartRateBpm>
<Cadence>77</Cadence>
<Extensions>
<ns3:TPX>
<ns3:Speed>7.887</ns3:Speed>
<ns3:Watts>203</ns3:Watts>
</ns3:TPX>
<bikeapp:Resistance01>16</bikeapp:Resistance01>
<bikeapp:BikeTotalDistanceM>15393.0</bikeapp:BikeTotalDistanceM>
</Extensions>
</Trackpoint>
<Trackpoint>
<Time>2026-05-29T21:06:43.817Z</Time>
<DistanceMeters>15194.6</DistanceMeters>
<HeartRateBpm><Value>141</Value></HeartRateBpm>
<Cadence>77</Cadence>
<Extensions>
<ns3:TPX>
<ns3:Speed>7.863</ns3:Speed>
<ns3:Watts>203</ns3:Watts>
</ns3:TPX>
<bikeapp:Resistance01>16</bikeapp:Resistance01>
<bikeapp:BikeTotalDistanceM>15401.0</bikeapp:BikeTotalDistanceM>
</Extensions>
</Trackpoint>
<Trackpoint>
<Time>2026-05-29T21:06:45.317Z</Time>
<DistanceMeters>15206.4</DistanceMeters>
<HeartRateBpm><Value>141</Value></HeartRateBpm>
<Cadence>78</Cadence>
<Extensions>
<ns3:TPX>
<ns3:Speed>7.864</ns3:Speed>
<ns3:Watts>207</ns3:Watts>
</ns3:TPX>
<bikeapp:Resistance01>16</bikeapp:Resistance01>
<bikeapp:BikeTotalDistanceM>15417.0</bikeapp:BikeTotalDistanceM>
</Extensions>
</Trackpoint>
<Trackpoint>
<Time>2026-05-29T21:06:46.817Z</Time>
<DistanceMeters>15218.2</DistanceMeters>
<HeartRateBpm><Value>141</Value></HeartRateBpm>
<Cadence>77</Cadence>
<Extensions>
<ns3:TPX>
<ns3:Speed>7.859</ns3:Speed>
<ns3:Watts>203</ns3:Watts>
</ns3:TPX>
<bikeapp:Resistance01>16</bikeapp:Resistance01>
<bikeapp:BikeTotalDistanceM>15425.0</bikeapp:BikeTotalDistanceM>
</Extensions>
</Trackpoint>
<Trackpoint>
<Time>2026-05-29T21:06:48.317Z</Time>
<DistanceMeters>15229.9</DistanceMeters>
<HeartRateBpm><Value>141</Value></HeartRateBpm>
<Cadence>77</Cadence>
<Extensions>
<ns3:TPX>
<ns3:Speed>7.831</ns3:Speed>
<ns3:Watts>203</ns3:Watts>
</ns3:TPX>
<bikeapp:Resistance01>16</bikeapp:Resistance01>
<bikeapp:BikeTotalDistanceM>15441.0</bikeapp:BikeTotalDistanceM>
</Extensions>
</Trackpoint>
<Trackpoint>
<Time>2026-05-29T21:06:49.817Z</Time>
<DistanceMeters>15241.7</DistanceMeters>
<HeartRateBpm><Value>141</Value></HeartRateBpm>
<Cadence>78</Cadence>
<Extensions>
<ns3:TPX>
<ns3:Speed>7.859</ns3:Speed>
<ns3:Watts>207</ns3:Watts>
</ns3:TPX>
<bikeapp:Resistance01>16</bikeapp:Resistance01>
<bikeapp:BikeTotalDistanceM>15449.0</bikeapp:BikeTotalDistanceM>
</Extensions>
</Trackpoint>
<Trackpoint>
<Time>2026-05-29T21:06:51.317Z</Time>
<DistanceMeters>15253.5</DistanceMeters>
<HeartRateBpm><Value>141</Value></HeartRateBpm>
<Cadence>78</Cadence>
<Extensions>
<ns3:TPX>
<ns3:Speed>7.862</ns3:Speed>
<ns3:Watts>207</ns3:Watts>
</ns3:TPX>
<bikeapp:Resistance01>16</bikeapp:Resistance01>
<bikeapp:BikeTotalDistanceM>15465.0</bikeapp:BikeTotalDistanceM>
</Extensions>
</Trackpoint>
<Trackpoint>
<Time>2026-05-29T21:06:52.822Z</Time>
<DistanceMeters>15265.3</DistanceMeters>
<HeartRateBpm><Value>141</Value></HeartRateBpm>
<Cadence>78</Cadence>
<Extensions>
<ns3:TPX>
<ns3:Speed>7.881</ns3:Speed>
<ns3:Watts>207</ns3:Watts>
</ns3:TPX>
<bikeapp:Resistance01>16</bikeapp:Resistance01>
<bikeapp:BikeTotalDistanceM>15473.0</bikeapp:BikeTotalDistanceM>
</Extensions>
</Trackpoint>
<Trackpoint>
<Time>2026-05-29T21:06:54.318Z</Time>
<DistanceMeters>15277.1</DistanceMeters>
<HeartRateBpm><Value>140</Value></HeartRateBpm>
<Cadence>78</Cadence>
<Extensions>
<ns3:TPX>
<ns3:Speed>7.891</ns3:Speed>
<ns3:Watts>207</ns3:Watts>
</ns3:TPX>
<bikeapp:Resistance01>16</bikeapp:Resistance01>
<bikeapp:BikeTotalDistanceM>15489.0</bikeapp:BikeTotalDistanceM>
</Extensions>
</Trackpoint>
<Trackpoint>
<Time>2026-05-29T21:06:55.830Z</Time>
<DistanceMeters>15289.1</DistanceMeters>
<HeartRateBpm><Value>139</Value></HeartRateBpm>
<Cadence>78</Cadence>
<Extensions>
<ns3:TPX>
<ns3:Speed>7.895</ns3:Speed>
<ns3:Watts>207</ns3:Watts>
</ns3:TPX>
<bikeapp:Resistance01>16</bikeapp:Resistance01>
<bikeapp:BikeTotalDistanceM>15497.0</bikeapp:BikeTotalDistanceM>
</Extensions>
</Trackpoint>
<Trackpoint>
<Time>2026-05-29T21:06:57.317Z</Time>
<DistanceMeters>15300.8</DistanceMeters>
<HeartRateBpm><Value>139</Value></HeartRateBpm>
<Cadence>79</Cadence>
<Extensions>
<ns3:TPX>
<ns3:Speed>7.910</ns3:Speed>
<ns3:Watts>211</ns3:Watts>
</ns3:TPX>
<bikeapp:Resistance01>16</bikeapp:Resistance01>
<bikeapp:BikeTotalDistanceM>15514.0</bikeapp:BikeTotalDistanceM>
</Extensions>
</Trackpoint>
<Trackpoint>
<Time>2026-05-29T21:06:58.818Z</Time>
<DistanceMeters>15312.7</DistanceMeters>
<HeartRateBpm><Value>139</Value></HeartRateBpm>
<Cadence>78</Cadence>
<Extensions>
<ns3:TPX>
<ns3:Speed>7.913</ns3:Speed>
<ns3:Watts>207</ns3:Watts>
</ns3:TPX>
<bikeapp:Resistance01>16</bikeapp:Resistance01>
<bikeapp:BikeTotalDistanceM>15522.0</bikeapp:BikeTotalDistanceM>
</Extensions>
</Trackpoint>
<Trackpoint>
<Time>2026-05-29T21:07:00.318Z</Time>
<DistanceMeters>15324.6</DistanceMeters>
<HeartRateBpm><Value>139</Value></HeartRateBpm>
<Cadence>78</Cadence>
<Extensions>
<ns3:TPX>
<ns3:Speed>7.906</ns3:Speed>
<ns3:Watts>207</ns3:Watts>
</ns3:TPX>
<bikeapp:Resistance01>16</bikeapp:Resistance01>
<bikeapp:BikeTotalDistanceM>15538.0</bikeapp:BikeTotalDistanceM>
</Extensions>
</Trackpoint>
<Trackpoint>
<Time>2026-05-29T21:07:01.829Z</Time>
<DistanceMeters>15336.5</DistanceMeters>
<HeartRateBpm><Value>139</Value></HeartRateBpm>
<Cadence>77</Cadence>
<Extensions>
<ns3:TPX>
<ns3:Speed>7.879</ns3:Speed>
<ns3:Watts>203</ns3:Watts>
</ns3:TPX>
<bikeapp:Resistance01>16</bikeapp:Resistance01>
<bikeapp:BikeTotalDistanceM>15546.0</bikeapp:BikeTotalDistanceM>
</Extensions>
</Trackpoint>
<Trackpoint>
<Time>2026-05-29T21:07:03.318Z</Time>
<DistanceMeters>15348.3</DistanceMeters>
<HeartRateBpm><Value>139</Value></HeartRateBpm>
<Cadence>79</Cadence>
<Extensions>
<ns3:TPX>
<ns3:Speed>7.903</ns3:Speed>
<ns3:Watts>211</ns3:Watts>
</ns3:TPX>
<bikeapp:Resistance01>16</bikeapp:Resistance01>
<bikeapp:BikeTotalDistanceM>15562.0</bikeapp:BikeTotalDistanceM>
</Extensions>
</Trackpoint>
<Trackpoint>
<Time>2026-05-29T21:07:04.818Z</Time>
<DistanceMeters>15360.1</DistanceMeters>
<HeartRateBpm><Value>138</Value></HeartRateBpm>
<Cadence>76</Cadence>
<Extensions>
<ns3:TPX>
<ns3:Speed>7.862</ns3:Speed>
<ns3:Watts>199</ns3:Watts>
</ns3:TPX>
<bikeapp:Resistance01>16</bikeapp:Resistance01>
<bikeapp:BikeTotalDistanceM>15570.0</bikeapp:BikeTotalDistanceM>
</Extensions>
</Trackpoint>
<Trackpoint>
<Time>2026-05-29T21:07:06.318Z</Time>
<DistanceMeters>15371.8</DistanceMeters>
<HeartRateBpm><Value>137</Value></HeartRateBpm>
<Cadence>74</Cadence>
<Extensions>
<ns3:TPX>
<ns3:Speed>7.773</ns3:Speed>
<ns3:Watts>191</ns3:Watts>
</ns3:TPX>
<bikeapp:Resistance01>16</bikeapp:Resistance01>
<bikeapp:BikeTotalDistanceM>15585.0</bikeapp:BikeTotalDistanceM>
</Extensions>
</Trackpoint>
<Trackpoint>
<Time>2026-05-29T21:07:07.817Z</Time>
<DistanceMeters>15383.4</DistanceMeters>
<HeartRateBpm><Value>137</Value></HeartRateBpm>
<Cadence>74</Cadence>
<Extensions>
<ns3:TPX>
<ns3:Speed>7.712</ns3:Speed>
<ns3:Watts>191</ns3:Watts>
</ns3:TPX>
<bikeapp:Resistance01>16</bikeapp:Resistance01>
<bikeapp:BikeTotalDistanceM>15593.0</bikeapp:BikeTotalDistanceM>
</Extensions>
</Trackpoint>
<Trackpoint>
<Time>2026-05-29T21:07:09.318Z</Time>
<DistanceMeters>15394.9</DistanceMeters>
<HeartRateBpm><Value>136</Value></HeartRateBpm>
<Cadence>74</Cadence>
<Extensions>
<ns3:TPX>
<ns3:Speed>7.682</ns3:Speed>
<ns3:Watts>191</ns3:Watts>
</ns3:TPX>
<bikeapp:Resistance01>16</bikeapp:Resistance01>
<bikeapp:BikeTotalDistanceM>15608.0</bikeapp:BikeTotalDistanceM>
</Extensions>
</Trackpoint>
<Trackpoint>
<Time>2026-05-29T21:07:10.820Z</Time>
<DistanceMeters>15406.5</DistanceMeters>
<HeartRateBpm><Value>136</Value></HeartRateBpm>
<Cadence>75</Cadence>
<Extensions>
<ns3:TPX>
<ns3:Speed>7.692</ns3:Speed>
<ns3:Watts>195</ns3:Watts>
</ns3:TPX>
<bikeapp:Resistance01>16</bikeapp:Resistance01>
<bikeapp:BikeTotalDistanceM>15616.0</bikeapp:BikeTotalDistanceM>
</Extensions>
</Trackpoint>
<Trackpoint>
<Time>2026-05-29T21:07:12.318Z</Time>
<DistanceMeters>15418.0</DistanceMeters>
<HeartRateBpm><Value>135</Value></HeartRateBpm>
<Cadence>73</Cadence>
<Extensions>
<ns3:TPX>
<ns3:Speed>7.659</ns3:Speed>
<ns3:Watts>187</ns3:Watts>
</ns3:TPX>
<bikeapp:Resistance01>16</bikeapp:Resistance01>
<bikeapp:BikeTotalDistanceM>15631.0</bikeapp:BikeTotalDistanceM>
</Extensions>
</Trackpoint>
<Trackpoint>
<Time>2026-05-29T21:07:13.818Z</Time>
<DistanceMeters>15429.5</DistanceMeters>
<HeartRateBpm><Value>135</Value></HeartRateBpm>
<Cadence>76</Cadence>
<Extensions>
<ns3:TPX>
<ns3:Speed>7.696</ns3:Speed>
<ns3:Watts>199</ns3:Watts>
</ns3:TPX>
<bikeapp:Resistance01>16</bikeapp:Resistance01>
<bikeapp:BikeTotalDistanceM>15639.0</bikeapp:BikeTotalDistanceM>
</Extensions>
</Trackpoint>
<Trackpoint>
<Time>2026-05-29T21:07:15.318Z</Time>
<DistanceMeters>15441.1</DistanceMeters>
<HeartRateBpm><Value>135</Value></HeartRateBpm>
<Cadence>78</Cadence>
<Extensions>
<ns3:TPX>
<ns3:Speed>7.784</ns3:Speed>
<ns3:Watts>207</ns3:Watts>
</ns3:TPX>
<bikeapp:Resistance01>16</bikeapp:Resistance01>
<bikeapp:BikeTotalDistanceM>15655.0</bikeapp:BikeTotalDistanceM>
</Extensions>
</Trackpoint>
<Trackpoint>
<Time>2026-05-29T21:07:16.818Z</Time>
<DistanceMeters>15453.0</DistanceMeters>
<HeartRateBpm><Value>135</Value></HeartRateBpm>
<Cadence>84</Cadence>
<Extensions>
<ns3:TPX>
<ns3:Speed>8.003</ns3:Speed>
<ns3:Watts>236</ns3:Watts>
</ns3:TPX>
<bikeapp:Resistance01>16</bikeapp:Resistance01>
<bikeapp:BikeTotalDistanceM>15664.0</bikeapp:BikeTotalDistanceM>
</Extensions>
</Trackpoint>
<Trackpoint>
<Time>2026-05-29T21:07:18.342Z</Time>
<DistanceMeters>15465.3</DistanceMeters>
<HeartRateBpm><Value>135</Value></HeartRateBpm>
<Cadence>80</Cadence>
<Extensions>
<ns3:TPX>
<ns3:Speed>8.072</ns3:Speed>
<ns3:Watts>215</ns3:Watts>
</ns3:TPX>
<bikeapp:Resistance01>16</bikeapp:Resistance01>
<bikeapp:BikeTotalDistanceM>15681.0</bikeapp:BikeTotalDistanceM>
</Extensions>
</Trackpoint>
<Trackpoint>
<Time>2026-05-29T21:07:19.818Z</Time>
<DistanceMeters>15477.1</DistanceMeters>
<HeartRateBpm><Value>135</Value></HeartRateBpm>
<Cadence>79</Cadence>
<Extensions>
<ns3:TPX>
<ns3:Speed>8.021</ns3:Speed>
<ns3:Watts>211</ns3:Watts>
</ns3:TPX>
<bikeapp:Resistance01>16</bikeapp:Resistance01>
<bikeapp:BikeTotalDistanceM>15689.0</bikeapp:BikeTotalDistanceM>
</Extensions>
</Trackpoint>
<Trackpoint>
<Time>2026-05-29T21:07:21.317Z</Time>
<DistanceMeters>15489.1</DistanceMeters>
<HeartRateBpm><Value>136</Value></HeartRateBpm>
<Cadence>78</Cadence>
<Extensions>
<ns3:TPX>
<ns3:Speed>7.958</ns3:Speed>
<ns3:Watts>207</ns3:Watts>
</ns3:TPX>
<bikeapp:Resistance01>16</bikeapp:Resistance01>
<bikeapp:BikeTotalDistanceM>15705.0</bikeapp:BikeTotalDistanceM>
</Extensions>
</Trackpoint>
<Trackpoint>
<Time>2026-05-29T21:07:22.818Z</Time>
<DistanceMeters>15501.0</DistanceMeters>
<HeartRateBpm><Value>135</Value></HeartRateBpm>
<Cadence>78</Cadence>
<Extensions>
<ns3:TPX>
<ns3:Speed>7.927</ns3:Speed>
<ns3:Watts>207</ns3:Watts>
</ns3:TPX>
<bikeapp:Resistance01>16</bikeapp:Resistance01>
<bikeapp:BikeTotalDistanceM>15713.0</bikeapp:BikeTotalDistanceM>
</Extensions>
</Trackpoint>
<Trackpoint>
<Time>2026-05-29T21:07:24.318Z</Time>
<DistanceMeters>15512.9</DistanceMeters>
<HeartRateBpm><Value>135</Value></HeartRateBpm>
<Cadence>78</Cadence>
<Extensions>
<ns3:TPX>
<ns3:Speed>7.913</ns3:Speed>
<ns3:Watts>207</ns3:Watts>
</ns3:TPX>
<bikeapp:Resistance01>16</bikeapp:Resistance01>
<bikeapp:BikeTotalDistanceM>15729.0</bikeapp:BikeTotalDistanceM>
</Extensions>
</Trackpoint>
<Trackpoint>
<Time>2026-05-29T21:07:25.818Z</Time>
<DistanceMeters>15524.7</DistanceMeters>
<HeartRateBpm><Value>136</Value></HeartRateBpm>
<Cadence>77</Cadence>
<Extensions>
<ns3:TPX>
<ns3:Speed>7.883</ns3:Speed>
<ns3:Watts>203</ns3:Watts>
</ns3:TPX>
<bikeapp:Resistance01>16</bikeapp:Resistance01>
<bikeapp:BikeTotalDistanceM>15737.0</bikeapp:BikeTotalDistanceM>
</Extensions>
</Trackpoint>
<Trackpoint>
<Time>2026-05-29T21:07:26.820Z</Time>
<DistanceMeters>15532.6</DistanceMeters>
<HeartRateBpm><Value>136</Value></HeartRateBpm>
<Cadence>77</Cadence>
<Extensions>
<ns3:TPX>
<ns3:Speed>7.866</ns3:Speed>
<ns3:Watts>203</ns3:Watts>
</ns3:TPX>
<bikeapp:Resistance01>16</bikeapp:Resistance01>
<bikeapp:BikeTotalDistanceM>15745.0</bikeapp:BikeTotalDistanceM>
</Extensions>
</Trackpoint>
<Trackpoint>
<Time>2026-05-29T21:07:28.305Z</Time>
<DistanceMeters>15544.3</DistanceMeters>
<HeartRateBpm><Value>137</Value></HeartRateBpm>
<Cadence>78</Cadence>
<Extensions>
<ns3:TPX>
<ns3:Speed>7.883</ns3:Speed>
<ns3:Watts>207</ns3:Watts>
</ns3:TPX>
<bikeapp:Resistance01>16</bikeapp:Resistance01>
<bikeapp:BikeTotalDistanceM>15762.0</bikeapp:BikeTotalDistanceM>
</Extensions>
</Trackpoint>
<Trackpoint>
<Time>2026-05-29T21:07:29.318Z</Time>
<DistanceMeters>15552.3</DistanceMeters>
<HeartRateBpm><Value>138</Value></HeartRateBpm>
<Cadence>79</Cadence>
<Extensions>
<ns3:TPX>
<ns3:Speed>7.902</ns3:Speed>
<ns3:Watts>211</ns3:Watts>
</ns3:TPX>
<bikeapp:Resistance01>16</bikeapp:Resistance01>
<bikeapp:BikeTotalDistanceM>15770.0</bikeapp:BikeTotalDistanceM>
</Extensions>
</Trackpoint>
<Trackpoint>
<Time>2026-05-29T21:07:30.318Z</Time>
<DistanceMeters>15560.2</DistanceMeters>
<HeartRateBpm><Value>139</Value></HeartRateBpm>
<Cadence>81</Cadence>
<Extensions>
<ns3:TPX>
<ns3:Speed>7.953</ns3:Speed>
<ns3:Watts>220</ns3:Watts>
</ns3:TPX>
<bikeapp:Resistance01>16</bikeapp:Resistance01>
<bikeapp:BikeTotalDistanceM>15778.0</bikeapp:BikeTotalDistanceM>
</Extensions>
</Trackpoint>
<Trackpoint>
<Time>2026-05-29T21:07:31.818Z</Time>
<DistanceMeters>15572.2</DistanceMeters>
<HeartRateBpm><Value>139</Value></HeartRateBpm>
<Cadence>80</Cadence>
<Extensions>
<ns3:TPX>
<ns3:Speed>7.996</ns3:Speed>
<ns3:Watts>215</ns3:Watts>
</ns3:TPX>
<bikeapp:Resistance01>16</bikeapp:Resistance01>
<bikeapp:BikeTotalDistanceM>15786.0</bikeapp:BikeTotalDistanceM>
</Extensions>
</Trackpoint>
<Trackpoint>
<Time>2026-05-29T21:07:33.318Z</Time>
<DistanceMeters>15584.2</DistanceMeters>
<HeartRateBpm><Value>138</Value></HeartRateBpm>
<Cadence>78</Cadence>
<Extensions>
<ns3:TPX>
<ns3:Speed>8.002</ns3:Speed>
<ns3:Watts>207</ns3:Watts>
</ns3:TPX>
<bikeapp:Resistance01>16</bikeapp:Resistance01>
<bikeapp:BikeTotalDistanceM>15803.0</bikeapp:BikeTotalDistanceM>
</Extensions>
</Trackpoint>
<Trackpoint>
<Time>2026-05-29T21:07:34.818Z</Time>
<DistanceMeters>15596.2</DistanceMeters>
<HeartRateBpm><Value>138</Value></HeartRateBpm>
<Cadence>79</Cadence>
<Extensions>
<ns3:TPX>
<ns3:Speed>7.971</ns3:Speed>
<ns3:Watts>211</ns3:Watts>
</ns3:TPX>
<bikeapp:Resistance01>16</bikeapp:Resistance01>
<bikeapp:BikeTotalDistanceM>15811.0</bikeapp:BikeTotalDistanceM>
</Extensions>
</Trackpoint>
<Trackpoint>
<Time>2026-05-29T21:07:36.318Z</Time>
<DistanceMeters>15608.2</DistanceMeters>
<HeartRateBpm><Value>138</Value></HeartRateBpm>
<Cadence>77</Cadence>
<Extensions>
<ns3:TPX>
<ns3:Speed>7.955</ns3:Speed>
<ns3:Watts>203</ns3:Watts>
</ns3:TPX>
<bikeapp:Resistance01>16</bikeapp:Resistance01>
<bikeapp:BikeTotalDistanceM>15827.0</bikeapp:BikeTotalDistanceM>
</Extensions>
</Trackpoint>
<Trackpoint>
<Time>2026-05-29T21:07:37.818Z</Time>
<DistanceMeters>15620.0</DistanceMeters>
<HeartRateBpm><Value>138</Value></HeartRateBpm>
<Cadence>78</Cadence>
<Extensions>
<ns3:TPX>
<ns3:Speed>7.918</ns3:Speed>
<ns3:Watts>207</ns3:Watts>
</ns3:TPX>
<bikeapp:Resistance01>16</bikeapp:Resistance01>
<bikeapp:BikeTotalDistanceM>15835.0</bikeapp:BikeTotalDistanceM>
</Extensions>
</Trackpoint>
<Trackpoint>
<Time>2026-05-29T21:07:39.320Z</Time>
<DistanceMeters>15632.0</DistanceMeters>
<HeartRateBpm><Value>139</Value></HeartRateBpm>
<Cadence>79</Cadence>
<Extensions>
<ns3:TPX>
<ns3:Speed>7.939</ns3:Speed>
<ns3:Watts>211</ns3:Watts>
</ns3:TPX>
<bikeapp:Resistance01>16</bikeapp:Resistance01>
<bikeapp:BikeTotalDistanceM>15852.0</bikeapp:BikeTotalDistanceM>
</Extensions>
</Trackpoint>
<Trackpoint>
<Time>2026-05-29T21:07:40.818Z</Time>
<DistanceMeters>15643.8</DistanceMeters>
<HeartRateBpm><Value>139</Value></HeartRateBpm>
<Cadence>78</Cadence>
<Extensions>
<ns3:TPX>
<ns3:Speed>7.926</ns3:Speed>
<ns3:Watts>207</ns3:Watts>
</ns3:TPX>
<bikeapp:Resistance01>16</bikeapp:Resistance01>
<bikeapp:BikeTotalDistanceM>15860.0</bikeapp:BikeTotalDistanceM>
</Extensions>
</Trackpoint>
<Trackpoint>
<Time>2026-05-29T21:07:42.318Z</Time>
<DistanceMeters>15655.7</DistanceMeters>
<HeartRateBpm><Value>139</Value></HeartRateBpm>
<Cadence>79</Cadence>
<Extensions>
<ns3:TPX>
<ns3:Speed>7.908</ns3:Speed>
<ns3:Watts>211</ns3:Watts>
</ns3:TPX>
<bikeapp:Resistance01>16</bikeapp:Resistance01>
<bikeapp:BikeTotalDistanceM>15876.0</bikeapp:BikeTotalDistanceM>
</Extensions>
</Trackpoint>
<Trackpoint>
<Time>2026-05-29T21:07:43.818Z</Time>
<DistanceMeters>15667.6</DistanceMeters>
<HeartRateBpm><Value>138</Value></HeartRateBpm>
<Cadence>78</Cadence>
<Extensions>
<ns3:TPX>
<ns3:Speed>7.911</ns3:Speed>
<ns3:Watts>207</ns3:Watts>
</ns3:TPX>
<bikeapp:Resistance01>16</bikeapp:Resistance01>
<bikeapp:BikeTotalDistanceM>15884.0</bikeapp:BikeTotalDistanceM>
</Extensions>
</Trackpoint>
<Trackpoint>
<Time>2026-05-29T21:07:45.318Z</Time>
<DistanceMeters>15679.5</DistanceMeters>
<HeartRateBpm><Value>137</Value></HeartRateBpm>
<Cadence>82</Cadence>
<Extensions>
<ns3:TPX>
<ns3:Speed>7.963</ns3:Speed>
<ns3:Watts>225</ns3:Watts>
</ns3:TPX>
<bikeapp:Resistance01>16</bikeapp:Resistance01>
<bikeapp:BikeTotalDistanceM>15901.0</bikeapp:BikeTotalDistanceM>
</Extensions>
</Trackpoint>
<Trackpoint>
<Time>2026-05-29T21:07:46.818Z</Time>
<DistanceMeters>15691.5</DistanceMeters>
<HeartRateBpm><Value>137</Value></HeartRateBpm>
<Cadence>82</Cadence>
<Extensions>
<ns3:TPX>
<ns3:Speed>8.065</ns3:Speed>
<ns3:Watts>225</ns3:Watts>
</ns3:TPX>
<bikeapp:Resistance01>16</bikeapp:Resistance01>
<bikeapp:BikeTotalDistanceM>15909.0</bikeapp:BikeTotalDistanceM>
</Extensions>
</Trackpoint>
<Trackpoint>
<Time>2026-05-29T21:07:48.318Z</Time>
<DistanceMeters>15703.7</DistanceMeters>
<HeartRateBpm><Value>137</Value></HeartRateBpm>
<Cadence>81</Cadence>
<Extensions>
<ns3:TPX>
<ns3:Speed>8.098</ns3:Speed>
<ns3:Watts>220</ns3:Watts>
</ns3:TPX>
<bikeapp:Resistance01>16</bikeapp:Resistance01>
<bikeapp:BikeTotalDistanceM>15926.0</bikeapp:BikeTotalDistanceM>
</Extensions>
</Trackpoint>
<Trackpoint>
<Time>2026-05-29T21:07:49.818Z</Time>
<DistanceMeters>15715.8</DistanceMeters>
<HeartRateBpm><Value>138</Value></HeartRateBpm>
<Cadence>81</Cadence>
<Extensions>
<ns3:TPX>
<ns3:Speed>8.093</ns3:Speed>
<ns3:Watts>220</ns3:Watts>
</ns3:TPX>
<bikeapp:Resistance01>16</bikeapp:Resistance01>
<bikeapp:BikeTotalDistanceM>15934.0</bikeapp:BikeTotalDistanceM>
</Extensions>
</Trackpoint>
<Trackpoint>
<Time>2026-05-29T21:07:51.318Z</Time>
<DistanceMeters>15727.9</DistanceMeters>
<HeartRateBpm><Value>139</Value></HeartRateBpm>
<Cadence>79</Cadence>
<Extensions>
<ns3:TPX>
<ns3:Speed>8.061</ns3:Speed>
<ns3:Watts>211</ns3:Watts>
</ns3:TPX>
<bikeapp:Resistance01>16</bikeapp:Resistance01>
<bikeapp:BikeTotalDistanceM>15951.0</bikeapp:BikeTotalDistanceM>
</Extensions>
</Trackpoint>
<Trackpoint>
<Time>2026-05-29T21:07:52.318Z</Time>
<DistanceMeters>15736.0</DistanceMeters>
<HeartRateBpm><Value>139</Value></HeartRateBpm>
<Cadence>81</Cadence>
<Extensions>
<ns3:TPX>
<ns3:Speed>8.050</ns3:Speed>
<ns3:Watts>220</ns3:Watts>
</ns3:TPX>
<bikeapp:Resistance01>16</bikeapp:Resistance01>
<bikeapp:BikeTotalDistanceM>15959.0</bikeapp:BikeTotalDistanceM>
</Extensions>
</Trackpoint>
<Trackpoint>
<Time>2026-05-29T21:07:53.810Z</Time>
<DistanceMeters>15748.0</DistanceMeters>
<HeartRateBpm><Value>139</Value></HeartRateBpm>
<Cadence>82</Cadence>
<Extensions>
<ns3:TPX>
<ns3:Speed>8.097</ns3:Speed>
<ns3:Watts>225</ns3:Watts>
</ns3:TPX>
<bikeapp:Resistance01>16</bikeapp:Resistance01>
<bikeapp:BikeTotalDistanceM>15968.0</bikeapp:BikeTotalDistanceM>
</Extensions>
</Trackpoint>
<Trackpoint>
<Time>2026-05-29T21:07:54.819Z</Time>
<DistanceMeters>15756.2</DistanceMeters>
<HeartRateBpm><Value>139</Value></HeartRateBpm>
<Cadence>80</Cadence>
<Extensions>
<ns3:TPX>
<ns3:Speed>8.065</ns3:Speed>
<ns3:Watts>215</ns3:Watts>
</ns3:TPX>
<bikeapp:Resistance01>16</bikeapp:Resistance01>
<bikeapp:BikeTotalDistanceM>15976.0</bikeapp:BikeTotalDistanceM>
</Extensions>
</Trackpoint>
<Trackpoint>
<Time>2026-05-29T21:07:55.824Z</Time>
<DistanceMeters>15764.2</DistanceMeters>
<HeartRateBpm><Value>139</Value></HeartRateBpm>
<Cadence>79</Cadence>
<Extensions>
<ns3:TPX>
<ns3:Speed>8.024</ns3:Speed>
<ns3:Watts>211</ns3:Watts>
</ns3:TPX>
<bikeapp:Resistance01>16</bikeapp:Resistance01>
<bikeapp:BikeTotalDistanceM>15984.0</bikeapp:BikeTotalDistanceM>
</Extensions>
</Trackpoint>
<Trackpoint>
<Time>2026-05-29T21:07:57.319Z</Time>
<DistanceMeters>15776.2</DistanceMeters>
<HeartRateBpm><Value>139</Value></HeartRateBpm>
<Cadence>80</Cadence>
<Extensions>
<ns3:TPX>
<ns3:Speed>8.003</ns3:Speed>
<ns3:Watts>215</ns3:Watts>
</ns3:TPX>
<bikeapp:Resistance01>16</bikeapp:Resistance01>
<bikeapp:BikeTotalDistanceM>16001.0</bikeapp:BikeTotalDistanceM>
</Extensions>
</Trackpoint>
<Trackpoint>
<Time>2026-05-29T21:07:58.818Z</Time>
<DistanceMeters>15788.2</DistanceMeters>
<HeartRateBpm><Value>139</Value></HeartRateBpm>
<Cadence>81</Cadence>
<Extensions>
<ns3:TPX>
<ns3:Speed>8.038</ns3:Speed>
<ns3:Watts>220</ns3:Watts>
</ns3:TPX>
<bikeapp:Resistance01>16</bikeapp:Resistance01>
<bikeapp:BikeTotalDistanceM>16009.0</bikeapp:BikeTotalDistanceM>
</Extensions>
</Trackpoint>
<Trackpoint>
<Time>2026-05-29T21:08:00.318Z</Time>
<DistanceMeters>15800.3</DistanceMeters>
<HeartRateBpm><Value>139</Value></HeartRateBpm>
<Cadence>79</Cadence>
<Extensions>
<ns3:TPX>
<ns3:Speed>8.014</ns3:Speed>
<ns3:Watts>211</ns3:Watts>
</ns3:TPX>
<bikeapp:Resistance01>16</bikeapp:Resistance01>
<bikeapp:BikeTotalDistanceM>16026.0</bikeapp:BikeTotalDistanceM>
</Extensions>
</Trackpoint>
<Trackpoint>
<Time>2026-05-29T21:08:01.319Z</Time>
<DistanceMeters>15808.3</DistanceMeters>
<HeartRateBpm><Value>138</Value></HeartRateBpm>
<Cadence>80</Cadence>
<Extensions>
<ns3:TPX>
<ns3:Speed>8.005</ns3:Speed>
<ns3:Watts>215</ns3:Watts>
</ns3:TPX>
<bikeapp:Resistance01>16</bikeapp:Resistance01>
<bikeapp:BikeTotalDistanceM>16034.0</bikeapp:BikeTotalDistanceM>
</Extensions>
</Trackpoint>
<Trackpoint>
<Time>2026-05-29T21:08:02.806Z</Time>
<DistanceMeters>15820.2</DistanceMeters>
<HeartRateBpm><Value>138</Value></HeartRateBpm>
<Cadence>80</Cadence>
<Extensions>
<ns3:TPX>
<ns3:Speed>8.011</ns3:Speed>
<ns3:Watts>215</ns3:Watts>
</ns3:TPX>
<bikeapp:Resistance01>16</bikeapp:Resistance01>
<bikeapp:BikeTotalDistanceM>16042.0</bikeapp:BikeTotalDistanceM>
</Extensions>
</Trackpoint>
<Trackpoint>
<Time>2026-05-29T21:08:03.818Z</Time>
<DistanceMeters>15828.3</DistanceMeters>
<HeartRateBpm><Value>138</Value></HeartRateBpm>
<Cadence>79</Cadence>
<Extensions>
<ns3:TPX>
<ns3:Speed>7.990</ns3:Speed>
<ns3:Watts>211</ns3:Watts>
</ns3:TPX>
<bikeapp:Resistance01>16</bikeapp:Resistance01>
<bikeapp:BikeTotalDistanceM>16050.0</bikeapp:BikeTotalDistanceM>
</Extensions>
</Trackpoint>
<Trackpoint>
<Time>2026-05-29T21:08:04.818Z</Time>
<DistanceMeters>15836.3</DistanceMeters>
<HeartRateBpm><Value>138</Value></HeartRateBpm>
<Cadence>79</Cadence>
<Extensions>
<ns3:TPX>
<ns3:Speed>7.978</ns3:Speed>
<ns3:Watts>211</ns3:Watts>
</ns3:TPX>
<bikeapp:Resistance01>16</bikeapp:Resistance01>
<bikeapp:BikeTotalDistanceM>16059.0</bikeapp:BikeTotalDistanceM>
</Extensions>
</Trackpoint>
<Trackpoint>
<Time>2026-05-29T21:08:06.343Z</Time>
<DistanceMeters>15848.4</DistanceMeters>
<HeartRateBpm><Value>138</Value></HeartRateBpm>
<Cadence>77</Cadence>
<Extensions>
<ns3:TPX>
<ns3:Speed>7.922</ns3:Speed>
<ns3:Watts>203</ns3:Watts>
</ns3:TPX>
<bikeapp:Resistance01>16</bikeapp:Resistance01>
<bikeapp:BikeTotalDistanceM>16075.0</bikeapp:BikeTotalDistanceM>
</Extensions>
</Trackpoint>
<Trackpoint>
<Time>2026-05-29T21:08:07.818Z</Time>
<DistanceMeters>15860.0</DistanceMeters>
<HeartRateBpm><Value>138</Value></HeartRateBpm>
<Cadence>78</Cadence>
<Extensions>
<ns3:TPX>
<ns3:Speed>7.903</ns3:Speed>
<ns3:Watts>207</ns3:Watts>
</ns3:TPX>
<bikeapp:Resistance01>16</bikeapp:Resistance01>
<bikeapp:BikeTotalDistanceM>16083.0</bikeapp:BikeTotalDistanceM>
</Extensions>
</Trackpoint>
<Trackpoint>
<Time>2026-05-29T21:08:09.318Z</Time>
<DistanceMeters>15871.9</DistanceMeters>
<HeartRateBpm><Value>137</Value></HeartRateBpm>
<Cadence>79</Cadence>
<Extensions>
<ns3:TPX>
<ns3:Speed>7.914</ns3:Speed>
<ns3:Watts>211</ns3:Watts>
</ns3:TPX>
<bikeapp:Resistance01>16</bikeapp:Resistance01>
<bikeapp:BikeTotalDistanceM>16099.0</bikeapp:BikeTotalDistanceM>
</Extensions>
</Trackpoint>
<Trackpoint>
<Time>2026-05-29T21:08:10.321Z</Time>
<DistanceMeters>15879.8</DistanceMeters>
<HeartRateBpm><Value>137</Value></HeartRateBpm>
<Cadence>79</Cadence>
<Extensions>
<ns3:TPX>
<ns3:Speed>7.931</ns3:Speed>
<ns3:Watts>211</ns3:Watts>
</ns3:TPX>
<bikeapp:Resistance01>16</bikeapp:Resistance01>
<bikeapp:BikeTotalDistanceM>16107.0</bikeapp:BikeTotalDistanceM>
</Extensions>
</Trackpoint>
<Trackpoint>
<Time>2026-05-29T21:08:11.806Z</Time>
<DistanceMeters>15891.6</DistanceMeters>
<HeartRateBpm><Value>136</Value></HeartRateBpm>
<Cadence>79</Cadence>
<Extensions>
<ns3:TPX>
<ns3:Speed>7.945</ns3:Speed>
<ns3:Watts>211</ns3:Watts>
</ns3:TPX>
<bikeapp:Resistance01>16</bikeapp:Resistance01>
<bikeapp:BikeTotalDistanceM>16115.0</bikeapp:BikeTotalDistanceM>
</Extensions>
</Trackpoint>
<Trackpoint>
<Time>2026-05-29T21:08:12.818Z</Time>
<DistanceMeters>15899.7</DistanceMeters>
<HeartRateBpm><Value>135</Value></HeartRateBpm>
<Cadence>80</Cadence>
<Extensions>
<ns3:TPX>
<ns3:Speed>7.973</ns3:Speed>
<ns3:Watts>215</ns3:Watts>
</ns3:TPX>
<bikeapp:Resistance01>16</bikeapp:Resistance01>
<bikeapp:BikeTotalDistanceM>16124.0</bikeapp:BikeTotalDistanceM>
</Extensions>
</Trackpoint>
<Trackpoint>
<Time>2026-05-29T21:08:13.819Z</Time>
<DistanceMeters>15907.7</DistanceMeters>
<HeartRateBpm><Value>135</Value></HeartRateBpm>
<Cadence>79</Cadence>
<Extensions>
<ns3:TPX>
<ns3:Speed>7.967</ns3:Speed>
<ns3:Watts>211</ns3:Watts>
</ns3:TPX>
<bikeapp:Resistance01>16</bikeapp:Resistance01>
<bikeapp:BikeTotalDistanceM>16132.0</bikeapp:BikeTotalDistanceM>
</Extensions>
</Trackpoint>
<Trackpoint>
<Time>2026-05-29T21:08:15.331Z</Time>
<DistanceMeters>15919.7</DistanceMeters>
<HeartRateBpm><Value>135</Value></HeartRateBpm>
<Cadence>79</Cadence>
<Extensions>
<ns3:TPX>
<ns3:Speed>7.945</ns3:Speed>
<ns3:Watts>211</ns3:Watts>
</ns3:TPX>
<bikeapp:Resistance01>16</bikeapp:Resistance01>
<bikeapp:BikeTotalDistanceM>16148.0</bikeapp:BikeTotalDistanceM>
</Extensions>
</Trackpoint>
<Trackpoint>
<Time>2026-05-29T21:08:16.818Z</Time>
<DistanceMeters>15931.5</DistanceMeters>
<HeartRateBpm><Value>135</Value></HeartRateBpm>
<Cadence>80</Cadence>
<Extensions>
<ns3:TPX>
<ns3:Speed>7.975</ns3:Speed>
<ns3:Watts>215</ns3:Watts>
</ns3:TPX>
<bikeapp:Resistance01>16</bikeapp:Resistance01>
<bikeapp:BikeTotalDistanceM>16157.0</bikeapp:BikeTotalDistanceM>
</Extensions>
</Trackpoint>
<Trackpoint>
<Time>2026-05-29T21:08:18.319Z</Time>
<DistanceMeters>15943.5</DistanceMeters>
<HeartRateBpm><Value>135</Value></HeartRateBpm>
<Cadence>78</Cadence>
<Extensions>
<ns3:TPX>
<ns3:Speed>7.953</ns3:Speed>
<ns3:Watts>207</ns3:Watts>
</ns3:TPX>
<bikeapp:Resistance01>16</bikeapp:Resistance01>
<bikeapp:BikeTotalDistanceM>16173.0</bikeapp:BikeTotalDistanceM>
</Extensions>
</Trackpoint>
<Trackpoint>
<Time>2026-05-29T21:08:19.818Z</Time>
<DistanceMeters>15955.4</DistanceMeters>
<HeartRateBpm><Value>134</Value></HeartRateBpm>
<Cadence>77</Cadence>
<Extensions>
<ns3:TPX>
<ns3:Speed>7.902</ns3:Speed>
<ns3:Watts>203</ns3:Watts>
</ns3:TPX>
<bikeapp:Resistance01>16</bikeapp:Resistance01>
<bikeapp:BikeTotalDistanceM>16181.0</bikeapp:BikeTotalDistanceM>
</Extensions>
</Trackpoint>
<Trackpoint>
<Time>2026-05-29T21:08:21.318Z</Time>
<DistanceMeters>15967.1</DistanceMeters>
<HeartRateBpm><Value>135</Value></HeartRateBpm>
<Cadence>76</Cadence>
<Extensions>
<ns3:TPX>
<ns3:Speed>7.820</ns3:Speed>
<ns3:Watts>199</ns3:Watts>
</ns3:TPX>
<bikeapp:Resistance01>16</bikeapp:Resistance01>
<bikeapp:BikeTotalDistanceM>16196.0</bikeapp:BikeTotalDistanceM>
</Extensions>
</Trackpoint>
<Trackpoint>
<Time>2026-05-29T21:08:22.318Z</Time>
<DistanceMeters>15974.9</DistanceMeters>
<HeartRateBpm><Value>135</Value></HeartRateBpm>
<Cadence>76</Cadence>
<Extensions>
<ns3:TPX>
<ns3:Speed>7.804</ns3:Speed>
<ns3:Watts>199</ns3:Watts>
</ns3:TPX>
<bikeapp:Resistance01>16</bikeapp:Resistance01>
<bikeapp:BikeTotalDistanceM>16204.0</bikeapp:BikeTotalDistanceM>
</Extensions>
</Trackpoint>
<Trackpoint>
<Time>2026-05-29T21:08:23.318Z</Time>
<DistanceMeters>15982.7</DistanceMeters>
<HeartRateBpm><Value>136</Value></HeartRateBpm>
<Cadence>77</Cadence>
<Extensions>
<ns3:TPX>
<ns3:Speed>7.807</ns3:Speed>
<ns3:Watts>203</ns3:Watts>
</ns3:TPX>
<bikeapp:Resistance01>16</bikeapp:Resistance01>
<bikeapp:BikeTotalDistanceM>16212.0</bikeapp:BikeTotalDistanceM>
</Extensions>
</Trackpoint>
<Trackpoint>
<Time>2026-05-29T21:08:24.318Z</Time>
<DistanceMeters>15990.5</DistanceMeters>
<HeartRateBpm><Value>137</Value></HeartRateBpm>
<Cadence>77</Cadence>
<Extensions>
<ns3:TPX>
<ns3:Speed>7.820</ns3:Speed>
<ns3:Watts>203</ns3:Watts>
</ns3:TPX>
<bikeapp:Resistance01>16</bikeapp:Resistance01>
<bikeapp:BikeTotalDistanceM>16220.0</bikeapp:BikeTotalDistanceM>
</Extensions>
</Trackpoint>
<Trackpoint>
<Time>2026-05-29T21:08:25.319Z</Time>
<DistanceMeters>15998.4</DistanceMeters>
<HeartRateBpm><Value>137</Value></HeartRateBpm>
<Cadence>78</Cadence>
<Extensions>
<ns3:TPX>
<ns3:Speed>7.840</ns3:Speed>
<ns3:Watts>207</ns3:Watts>
</ns3:TPX>
<bikeapp:Resistance01>16</bikeapp:Resistance01>
<bikeapp:BikeTotalDistanceM>16228.0</bikeapp:BikeTotalDistanceM>
</Extensions>
</Trackpoint>
<Trackpoint>
<Time>2026-05-29T21:08:26.806Z</Time>
<DistanceMeters>16010.1</DistanceMeters>
<HeartRateBpm><Value>136</Value></HeartRateBpm>
<Cadence>79</Cadence>
<Extensions>
<ns3:TPX>
<ns3:Speed>7.893</ns3:Speed>
<ns3:Watts>211</ns3:Watts>
</ns3:TPX>
<bikeapp:Resistance01>16</bikeapp:Resistance01>
<bikeapp:BikeTotalDistanceM>16236.0</bikeapp:BikeTotalDistanceM>
</Extensions>
</Trackpoint>
<Trackpoint>
<Time>2026-05-29T21:08:27.818Z</Time>
<DistanceMeters>16018.1</DistanceMeters>
<HeartRateBpm><Value>136</Value></HeartRateBpm>
<Cadence>77</Cadence>
<Extensions>
<ns3:TPX>
<ns3:Speed>7.872</ns3:Speed>
<ns3:Watts>203</ns3:Watts>
</ns3:TPX>
<bikeapp:Resistance01>16</bikeapp:Resistance01>
<bikeapp:BikeTotalDistanceM>16244.0</bikeapp:BikeTotalDistanceM>
</Extensions>
</Trackpoint>
<Trackpoint>
<Time>2026-05-29T21:08:29.318Z</Time>
<DistanceMeters>16029.9</DistanceMeters>
<HeartRateBpm><Value>135</Value></HeartRateBpm>
<Cadence>78</Cadence>
<Extensions>
<ns3:TPX>
<ns3:Speed>7.869</ns3:Speed>
<ns3:Watts>207</ns3:Watts>
</ns3:TPX>
<bikeapp:Resistance01>16</bikeapp:Resistance01>
<bikeapp:BikeTotalDistanceM>16261.0</bikeapp:BikeTotalDistanceM>
</Extensions>
</Trackpoint>
<Trackpoint>
<Time>2026-05-29T21:08:30.331Z</Time>
<DistanceMeters>16037.9</DistanceMeters>
<HeartRateBpm><Value>134</Value></HeartRateBpm>
<Cadence>81</Cadence>
<Extensions>
<ns3:TPX>
<ns3:Speed>7.924</ns3:Speed>
<ns3:Watts>220</ns3:Watts>
</ns3:TPX>
<bikeapp:Resistance01>16</bikeapp:Resistance01>
<bikeapp:BikeTotalDistanceM>16269.0</bikeapp:BikeTotalDistanceM>
</Extensions>
</Trackpoint>
<Trackpoint>
<Time>2026-05-29T21:08:31.819Z</Time>
<DistanceMeters>16049.7</DistanceMeters>
<HeartRateBpm><Value>134</Value></HeartRateBpm>
<Cadence>80</Cadence>
<Extensions>
<ns3:TPX>
<ns3:Speed>7.981</ns3:Speed>
<ns3:Watts>215</ns3:Watts>
</ns3:TPX>
<bikeapp:Resistance01>16</bikeapp:Resistance01>
<bikeapp:BikeTotalDistanceM>16277.0</bikeapp:BikeTotalDistanceM>
</Extensions>
</Trackpoint>
<Trackpoint>
<Time>2026-05-29T21:08:33.331Z</Time>
<DistanceMeters>16061.8</DistanceMeters>
<HeartRateBpm><Value>135</Value></HeartRateBpm>
<Cadence>78</Cadence>
<Extensions>
<ns3:TPX>
<ns3:Speed>7.973</ns3:Speed>
<ns3:Watts>207</ns3:Watts>
</ns3:TPX>
<bikeapp:Resistance01>16</bikeapp:Resistance01>
<bikeapp:BikeTotalDistanceM>16294.0</bikeapp:BikeTotalDistanceM>
</Extensions>
</Trackpoint>
<Trackpoint>
<Time>2026-05-29T21:08:34.344Z</Time>
<DistanceMeters>16069.8</DistanceMeters>
<HeartRateBpm><Value>135</Value></HeartRateBpm>
<Cadence>78</Cadence>
<Extensions>
<ns3:TPX>
<ns3:Speed>7.944</ns3:Speed>
<ns3:Watts>207</ns3:Watts>
</ns3:TPX>
<bikeapp:Resistance01>16</bikeapp:Resistance01>
<bikeapp:BikeTotalDistanceM>16302.0</bikeapp:BikeTotalDistanceM>
</Extensions>
</Trackpoint>
<Trackpoint>
<Time>2026-05-29T21:08:35.818Z</Time>
<DistanceMeters>16081.6</DistanceMeters>
<HeartRateBpm><Value>137</Value></HeartRateBpm>
<Cadence>80</Cadence>
<Extensions>
<ns3:TPX>
<ns3:Speed>7.966</ns3:Speed>
<ns3:Watts>215</ns3:Watts>
</ns3:TPX>
<bikeapp:Resistance01>16</bikeapp:Resistance01>
<bikeapp:BikeTotalDistanceM>16310.0</bikeapp:BikeTotalDistanceM>
</Extensions>
</Trackpoint>
<Trackpoint>
<Time>2026-05-29T21:08:37.319Z</Time>
<DistanceMeters>16093.5</DistanceMeters>
<HeartRateBpm><Value>138</Value></HeartRateBpm>
<Cadence>78</Cadence>
<Extensions>
<ns3:TPX>
<ns3:Speed>7.913</ns3:Speed>
<ns3:Watts>207</ns3:Watts>
</ns3:TPX>
<bikeapp:Resistance01>16</bikeapp:Resistance01>
<bikeapp:BikeTotalDistanceM>16326.0</bikeapp:BikeTotalDistanceM>
</Extensions>
</Trackpoint>
<Trackpoint>
<Time>2026-05-29T21:08:38.819Z</Time>
<DistanceMeters>16105.4</DistanceMeters>
<HeartRateBpm><Value>139</Value></HeartRateBpm>
<Cadence>80</Cadence>
<Extensions>
<ns3:TPX>
<ns3:Speed>7.951</ns3:Speed>
<ns3:Watts>215</ns3:Watts>
</ns3:TPX>
<bikeapp:Resistance01>16</bikeapp:Resistance01>
<bikeapp:BikeTotalDistanceM>16334.0</bikeapp:BikeTotalDistanceM>
</Extensions>
</Trackpoint>
<Trackpoint>
<Time>2026-05-29T21:08:40.318Z</Time>
<DistanceMeters>16117.2</DistanceMeters>
<HeartRateBpm><Value>139</Value></HeartRateBpm>
<Cadence>76</Cadence>
<Extensions>
<ns3:TPX>
<ns3:Speed>7.880</ns3:Speed>
<ns3:Watts>199</ns3:Watts>
</ns3:TPX>
<bikeapp:Resistance01>16</bikeapp:Resistance01>
<bikeapp:BikeTotalDistanceM>16350.0</bikeapp:BikeTotalDistanceM>
</Extensions>
</Trackpoint>
<Trackpoint>
<Time>2026-05-29T21:08:41.321Z</Time>
<DistanceMeters>16125.1</DistanceMeters>
<HeartRateBpm><Value>139</Value></HeartRateBpm>
<Cadence>77</Cadence>
<Extensions>
<ns3:TPX>
<ns3:Speed>7.854</ns3:Speed>
<ns3:Watts>203</ns3:Watts>
</ns3:TPX>
<bikeapp:Resistance01>16</bikeapp:Resistance01>
<bikeapp:BikeTotalDistanceM>16358.0</bikeapp:BikeTotalDistanceM>
</Extensions>
</Trackpoint>
<Trackpoint>
<Time>2026-05-29T21:08:42.820Z</Time>
<DistanceMeters>16136.9</DistanceMeters>
<HeartRateBpm><Value>140</Value></HeartRateBpm>
<Cadence>78</Cadence>
<Extensions>
<ns3:TPX>
<ns3:Speed>7.870</ns3:Speed>
<ns3:Watts>207</ns3:Watts>
</ns3:TPX>
<bikeapp:Resistance01>16</bikeapp:Resistance01>
<bikeapp:BikeTotalDistanceM>16366.0</bikeapp:BikeTotalDistanceM>
</Extensions>
</Trackpoint>
<Trackpoint>
<Time>2026-05-29T21:08:43.820Z</Time>
<DistanceMeters>16144.7</DistanceMeters>
<HeartRateBpm><Value>141</Value></HeartRateBpm>
<Cadence>77</Cadence>
<Extensions>
<ns3:TPX>
<ns3:Speed>7.858</ns3:Speed>
<ns3:Watts>203</ns3:Watts>
</ns3:TPX>
<bikeapp:Resistance01>16</bikeapp:Resistance01>
<bikeapp:BikeTotalDistanceM>16374.0</bikeapp:BikeTotalDistanceM>
</Extensions>
</Trackpoint>
<Trackpoint>
<Time>2026-05-29T21:08:45.319Z</Time>
<DistanceMeters>16156.4</DistanceMeters>
<HeartRateBpm><Value>141</Value></HeartRateBpm>
<Cadence>74</Cadence>
<Extensions>
<ns3:TPX>
<ns3:Speed>7.771</ns3:Speed>
<ns3:Watts>191</ns3:Watts>
</ns3:TPX>
<bikeapp:Resistance01>16</bikeapp:Resistance01>
<bikeapp:BikeTotalDistanceM>16390.0</bikeapp:BikeTotalDistanceM>
</Extensions>
</Trackpoint>
<Trackpoint>
<Time>2026-05-29T21:08:46.819Z</Time>
<DistanceMeters>16168.0</DistanceMeters>
<HeartRateBpm><Value>142</Value></HeartRateBpm>
<Cadence>76</Cadence>
<Extensions>
<ns3:TPX>
<ns3:Speed>7.758</ns3:Speed>
<ns3:Watts>199</ns3:Watts>
</ns3:TPX>
<bikeapp:Resistance01>16</bikeapp:Resistance01>
<bikeapp:BikeTotalDistanceM>16397.0</bikeapp:BikeTotalDistanceM>
</Extensions>
</Trackpoint>
<Trackpoint>
<Time>2026-05-29T21:08:48.319Z</Time>
<DistanceMeters>16179.7</DistanceMeters>
<HeartRateBpm><Value>142</Value></HeartRateBpm>
<Cadence>76</Cadence>
<Extensions>
<ns3:TPX>
<ns3:Speed>7.787</ns3:Speed>
<ns3:Watts>199</ns3:Watts>
</ns3:TPX>
<bikeapp:Resistance01>16</bikeapp:Resistance01>
<bikeapp:BikeTotalDistanceM>16413.0</bikeapp:BikeTotalDistanceM>
</Extensions>
</Trackpoint>
<Trackpoint>
<Time>2026-05-29T21:08:49.818Z</Time>
<DistanceMeters>16191.4</DistanceMeters>
<HeartRateBpm><Value>141</Value></HeartRateBpm>
<Cadence>77</Cadence>
<Extensions>
<ns3:TPX>
<ns3:Speed>7.806</ns3:Speed>
<ns3:Watts>203</ns3:Watts>
</ns3:TPX>
<bikeapp:Resistance01>16</bikeapp:Resistance01>
<bikeapp:BikeTotalDistanceM>16421.0</bikeapp:BikeTotalDistanceM>
</Extensions>
</Trackpoint>
<Trackpoint>
<Time>2026-05-29T21:08:51.318Z</Time>
<DistanceMeters>16203.2</DistanceMeters>
<HeartRateBpm><Value>141</Value></HeartRateBpm>
<Cadence>79</Cadence>
<Extensions>
<ns3:TPX>
<ns3:Speed>7.868</ns3:Speed>
<ns3:Watts>211</ns3:Watts>
</ns3:TPX>
<bikeapp:Resistance01>16</bikeapp:Resistance01>
<bikeapp:BikeTotalDistanceM>16437.0</bikeapp:BikeTotalDistanceM>
</Extensions>
</Trackpoint>
<Trackpoint>
<Time>2026-05-29T21:08:52.318Z</Time>
<DistanceMeters>16211.1</DistanceMeters>
<HeartRateBpm><Value>141</Value></HeartRateBpm>
<Cadence>78</Cadence>
<Extensions>
<ns3:TPX>
<ns3:Speed>7.890</ns3:Speed>
<ns3:Watts>207</ns3:Watts>
</ns3:TPX>
<bikeapp:Resistance01>16</bikeapp:Resistance01>
<bikeapp:BikeTotalDistanceM>16446.0</bikeapp:BikeTotalDistanceM>
</Extensions>
</Trackpoint>
<Trackpoint>
<Time>2026-05-29T21:08:53.319Z</Time>
<DistanceMeters>16219.0</DistanceMeters>
<HeartRateBpm><Value>141</Value></HeartRateBpm>
<Cadence>76</Cadence>
<Extensions>
<ns3:TPX>
<ns3:Speed>7.867</ns3:Speed>
<ns3:Watts>199</ns3:Watts>
</ns3:TPX>
<bikeapp:Resistance01>16</bikeapp:Resistance01>
<bikeapp:BikeTotalDistanceM>16453.0</bikeapp:BikeTotalDistanceM>
</Extensions>
</Trackpoint>
<Trackpoint>
<Time>2026-05-29T21:08:54.820Z</Time>
<DistanceMeters>16230.7</DistanceMeters>
<HeartRateBpm><Value>141</Value></HeartRateBpm>
<Cadence>76</Cadence>
<Extensions>
<ns3:TPX>
<ns3:Speed>7.821</ns3:Speed>
<ns3:Watts>199</ns3:Watts>
</ns3:TPX>
<bikeapp:Resistance01>16</bikeapp:Resistance01>
<bikeapp:BikeTotalDistanceM>16461.0</bikeapp:BikeTotalDistanceM>
</Extensions>
</Trackpoint>
<Trackpoint>
<Time>2026-05-29T21:08:56.319Z</Time>
<DistanceMeters>16242.4</DistanceMeters>
<HeartRateBpm><Value>141</Value></HeartRateBpm>
<Cadence>76</Cadence>
<Extensions>
<ns3:TPX>
<ns3:Speed>7.818</ns3:Speed>
<ns3:Watts>199</ns3:Watts>
</ns3:TPX>
<bikeapp:Resistance01>16</bikeapp:Resistance01>
<bikeapp:BikeTotalDistanceM>16477.0</bikeapp:BikeTotalDistanceM>
</Extensions>
</Trackpoint>
<Trackpoint>
<Time>2026-05-29T21:08:57.819Z</Time>
<DistanceMeters>16254.2</DistanceMeters>
<HeartRateBpm><Value>141</Value></HeartRateBpm>
<Cadence>78</Cadence>
<Extensions>
<ns3:TPX>
<ns3:Speed>7.844</ns3:Speed>
<ns3:Watts>207</ns3:Watts>
</ns3:TPX>
<bikeapp:Resistance01>16</bikeapp:Resistance01>
<bikeapp:BikeTotalDistanceM>16485.0</bikeapp:BikeTotalDistanceM>
</Extensions>
</Trackpoint>
<Trackpoint>
<Time>2026-05-29T21:08:58.819Z</Time>
<DistanceMeters>16262.1</DistanceMeters>
<HeartRateBpm><Value>141</Value></HeartRateBpm>
<Cadence>79</Cadence>
<Extensions>
<ns3:TPX>
<ns3:Speed>7.888</ns3:Speed>
<ns3:Watts>211</ns3:Watts>
</ns3:TPX>
<bikeapp:Resistance01>16</bikeapp:Resistance01>
<bikeapp:BikeTotalDistanceM>16493.0</bikeapp:BikeTotalDistanceM>
</Extensions>
</Trackpoint>
<Trackpoint>
<Time>2026-05-29T21:08:59.819Z</Time>
<DistanceMeters>16270.0</DistanceMeters>
<HeartRateBpm><Value>141</Value></HeartRateBpm>
<Cadence>78</Cadence>
<Extensions>
<ns3:TPX>
<ns3:Speed>7.893</ns3:Speed>
<ns3:Watts>207</ns3:Watts>
</ns3:TPX>
<bikeapp:Resistance01>16</bikeapp:Resistance01>
<bikeapp:BikeTotalDistanceM>16501.0</bikeapp:BikeTotalDistanceM>
</Extensions>
</Trackpoint>
<Trackpoint>
<Time>2026-05-29T21:09:00.819Z</Time>
<DistanceMeters>16277.8</DistanceMeters>
<HeartRateBpm><Value>141</Value></HeartRateBpm>
<Cadence>76</Cadence>
<Extensions>
<ns3:TPX>
<ns3:Speed>7.849</ns3:Speed>
<ns3:Watts>199</ns3:Watts>
</ns3:TPX>
<bikeapp:Resistance01>16</bikeapp:Resistance01>
<bikeapp:BikeTotalDistanceM>16509.0</bikeapp:BikeTotalDistanceM>
</Extensions>
</Trackpoint>
<Trackpoint>
<Time>2026-05-29T21:09:01.834Z</Time>
<DistanceMeters>16285.8</DistanceMeters>
<HeartRateBpm><Value>141</Value></HeartRateBpm>
<Cadence>77</Cadence>
<Extensions>
<ns3:TPX>
<ns3:Speed>7.845</ns3:Speed>
<ns3:Watts>203</ns3:Watts>
</ns3:TPX>
<bikeapp:Resistance01>16</bikeapp:Resistance01>
<bikeapp:BikeTotalDistanceM>16517.0</bikeapp:BikeTotalDistanceM>
</Extensions>
</Trackpoint>
<Trackpoint>
<Time>2026-05-29T21:09:02.846Z</Time>
<DistanceMeters>16293.7</DistanceMeters>
<HeartRateBpm><Value>140</Value></HeartRateBpm>
<Cadence>78</Cadence>
<Extensions>
<ns3:TPX>
<ns3:Speed>7.866</ns3:Speed>
<ns3:Watts>207</ns3:Watts>
</ns3:TPX>
<bikeapp:Resistance01>16</bikeapp:Resistance01>
<bikeapp:BikeTotalDistanceM>16525.0</bikeapp:BikeTotalDistanceM>
</Extensions>
</Trackpoint>
<Trackpoint>
<Time>2026-05-29T21:09:04.344Z</Time>
<DistanceMeters>16305.5</DistanceMeters>
<HeartRateBpm><Value>140</Value></HeartRateBpm>
<Cadence>76</Cadence>
<Extensions>
<ns3:TPX>
<ns3:Speed>7.875</ns3:Speed>
<ns3:Watts>199</ns3:Watts>
</ns3:TPX>
<bikeapp:Resistance01>16</bikeapp:Resistance01>
<bikeapp:BikeTotalDistanceM>16541.0</bikeapp:BikeTotalDistanceM>
</Extensions>
</Trackpoint>
<Trackpoint>
<Time>2026-05-29T21:09:05.344Z</Time>
<DistanceMeters>16313.4</DistanceMeters>
<HeartRateBpm><Value>140</Value></HeartRateBpm>
<Cadence>77</Cadence>
<Extensions>
<ns3:TPX>
<ns3:Speed>7.851</ns3:Speed>
<ns3:Watts>203</ns3:Watts>
</ns3:TPX>
<bikeapp:Resistance01>16</bikeapp:Resistance01>
<bikeapp:BikeTotalDistanceM>16549.0</bikeapp:BikeTotalDistanceM>
</Extensions>
</Trackpoint>
<Trackpoint>
<Time>2026-05-29T21:09:06.844Z</Time>
<DistanceMeters>16325.2</DistanceMeters>
<HeartRateBpm><Value>139</Value></HeartRateBpm>
<Cadence>78</Cadence>
<Extensions>
<ns3:TPX>
<ns3:Speed>7.868</ns3:Speed>
<ns3:Watts>207</ns3:Watts>
</ns3:TPX>
<bikeapp:Resistance01>16</bikeapp:Resistance01>
<bikeapp:BikeTotalDistanceM>16557.0</bikeapp:BikeTotalDistanceM>
</Extensions>
</Trackpoint>
<Trackpoint>
<Time>2026-05-29T21:09:08.344Z</Time>
<DistanceMeters>16336.9</DistanceMeters>
<HeartRateBpm><Value>139</Value></HeartRateBpm>
<Cadence>77</Cadence>
<Extensions>
<ns3:TPX>
<ns3:Speed>7.835</ns3:Speed>
<ns3:Watts>203</ns3:Watts>
</ns3:TPX>
<bikeapp:Resistance01>16</bikeapp:Resistance01>
<bikeapp:BikeTotalDistanceM>16573.0</bikeapp:BikeTotalDistanceM>
</Extensions>
</Trackpoint>
<Trackpoint>
<Time>2026-05-29T21:09:09.843Z</Time>
<DistanceMeters>16348.7</DistanceMeters>
<HeartRateBpm><Value>139</Value></HeartRateBpm>
<Cadence>76</Cadence>
<Extensions>
<ns3:TPX>
<ns3:Speed>7.814</ns3:Speed>
<ns3:Watts>199</ns3:Watts>
</ns3:TPX>
<bikeapp:Resistance01>16</bikeapp:Resistance01>
<bikeapp:BikeTotalDistanceM>16581.0</bikeapp:BikeTotalDistanceM>
</Extensions>
</Trackpoint>
<Trackpoint>
<Time>2026-05-29T21:09:11.344Z</Time>
<DistanceMeters>16360.4</DistanceMeters>
<HeartRateBpm><Value>139</Value></HeartRateBpm>
<Cadence>78</Cadence>
<Extensions>
<ns3:TPX>
<ns3:Speed>7.823</ns3:Speed>
<ns3:Watts>207</ns3:Watts>
</ns3:TPX>
<bikeapp:Resistance01>16</bikeapp:Resistance01>
<bikeapp:BikeTotalDistanceM>16597.0</bikeapp:BikeTotalDistanceM>
</Extensions>
</Trackpoint>
<Trackpoint>
<Time>2026-05-29T21:09:12.845Z</Time>
<DistanceMeters>16372.2</DistanceMeters>
<HeartRateBpm><Value>138</Value></HeartRateBpm>
<Cadence>79</Cadence>
<Extensions>
<ns3:TPX>
<ns3:Speed>7.885</ns3:Speed>
<ns3:Watts>211</ns3:Watts>
</ns3:TPX>
<bikeapp:Resistance01>16</bikeapp:Resistance01>
<bikeapp:BikeTotalDistanceM>16605.0</bikeapp:BikeTotalDistanceM>
</Extensions>
</Trackpoint>
<Trackpoint>
<Time>2026-05-29T21:09:14.344Z</Time>
<DistanceMeters>16384.0</DistanceMeters>
<HeartRateBpm><Value>138</Value></HeartRateBpm>
<Cadence>77</Cadence>
<Extensions>
<ns3:TPX>
<ns3:Speed>7.879</ns3:Speed>
<ns3:Watts>203</ns3:Watts>
</ns3:TPX>
<bikeapp:Resistance01>16</bikeapp:Resistance01>
<bikeapp:BikeTotalDistanceM>16621.0</bikeapp:BikeTotalDistanceM>
</Extensions>
</Trackpoint>
<Trackpoint>
<Time>2026-05-29T21:09:15.844Z</Time>
<DistanceMeters>16395.9</DistanceMeters>
<HeartRateBpm><Value>137</Value></HeartRateBpm>
<Cadence>79</Cadence>
<Extensions>
<ns3:TPX>
<ns3:Speed>7.905</ns3:Speed>
<ns3:Watts>211</ns3:Watts>
</ns3:TPX>
<bikeapp:Resistance01>16</bikeapp:Resistance01>
<bikeapp:BikeTotalDistanceM>16630.0</bikeapp:BikeTotalDistanceM>
</Extensions>
</Trackpoint>
<Trackpoint>
<Time>2026-05-29T21:09:17.345Z</Time>
<DistanceMeters>16407.8</DistanceMeters>
<HeartRateBpm><Value>137</Value></HeartRateBpm>
<Cadence>81</Cadence>
<Extensions>
<ns3:TPX>
<ns3:Speed>7.979</ns3:Speed>
<ns3:Watts>220</ns3:Watts>
</ns3:TPX>
<bikeapp:Resistance01>16</bikeapp:Resistance01>
<bikeapp:BikeTotalDistanceM>16646.0</bikeapp:BikeTotalDistanceM>
</Extensions>
</Trackpoint>
<Trackpoint>
<Time>2026-05-29T21:09:18.844Z</Time>
<DistanceMeters>16419.8</DistanceMeters>
<HeartRateBpm><Value>136</Value></HeartRateBpm>
<Cadence>79</Cadence>
<Extensions>
<ns3:TPX>
<ns3:Speed>7.985</ns3:Speed>
<ns3:Watts>211</ns3:Watts>
</ns3:TPX>
<bikeapp:Resistance01>16</bikeapp:Resistance01>
<bikeapp:BikeTotalDistanceM>16654.0</bikeapp:BikeTotalDistanceM>
</Extensions>
</Trackpoint>
<Trackpoint>
<Time>2026-05-29T21:09:20.346Z</Time>
<DistanceMeters>16431.8</DistanceMeters>
<HeartRateBpm><Value>137</Value></HeartRateBpm>
<Cadence>78</Cadence>
<Extensions>
<ns3:TPX>
<ns3:Speed>7.958</ns3:Speed>
<ns3:Watts>207</ns3:Watts>
</ns3:TPX>
<bikeapp:Resistance01>16</bikeapp:Resistance01>
<bikeapp:BikeTotalDistanceM>16671.0</bikeapp:BikeTotalDistanceM>
</Extensions>
</Trackpoint>
<Trackpoint>
<Time>2026-05-29T21:09:21.844Z</Time>
<DistanceMeters>16443.6</DistanceMeters>
<HeartRateBpm><Value>136</Value></HeartRateBpm>
<Cadence>77</Cadence>
<Extensions>
<ns3:TPX>
<ns3:Speed>7.904</ns3:Speed>
<ns3:Watts>203</ns3:Watts>
</ns3:TPX>
<bikeapp:Resistance01>16</bikeapp:Resistance01>
<bikeapp:BikeTotalDistanceM>16679.0</bikeapp:BikeTotalDistanceM>
</Extensions>
</Trackpoint>
<Trackpoint>
<Time>2026-05-29T21:09:23.344Z</Time>
<DistanceMeters>16455.4</DistanceMeters>
<HeartRateBpm><Value>136</Value></HeartRateBpm>
<Cadence>78</Cadence>
<Extensions>
<ns3:TPX>
<ns3:Speed>7.866</ns3:Speed>
<ns3:Watts>207</ns3:Watts>
</ns3:TPX>
<bikeapp:Resistance01>16</bikeapp:Resistance01>
<bikeapp:BikeTotalDistanceM>16695.0</bikeapp:BikeTotalDistanceM>
</Extensions>
</Trackpoint>
<Trackpoint>
<Time>2026-05-29T21:09:24.844Z</Time>
<DistanceMeters>16467.3</DistanceMeters>
<HeartRateBpm><Value>136</Value></HeartRateBpm>
<Cadence>81</Cadence>
<Extensions>
<ns3:TPX>
<ns3:Speed>7.956</ns3:Speed>
<ns3:Watts>220</ns3:Watts>
</ns3:TPX>
<bikeapp:Resistance01>16</bikeapp:Resistance01>
<bikeapp:BikeTotalDistanceM>16703.0</bikeapp:BikeTotalDistanceM>
</Extensions>
</Trackpoint>
<Trackpoint>
<Time>2026-05-29T21:09:26.344Z</Time>
<DistanceMeters>16479.3</DistanceMeters>
<HeartRateBpm><Value>135</Value></HeartRateBpm>
<Cadence>80</Cadence>
<Extensions>
<ns3:TPX>
<ns3:Speed>7.988</ns3:Speed>
<ns3:Watts>215</ns3:Watts>
</ns3:TPX>
<bikeapp:Resistance01>16</bikeapp:Resistance01>
<bikeapp:BikeTotalDistanceM>16720.0</bikeapp:BikeTotalDistanceM>
</Extensions>
</Trackpoint>
<Trackpoint>
<Time>2026-05-29T21:09:27.345Z</Time>
<DistanceMeters>16487.3</DistanceMeters>
<HeartRateBpm><Value>135</Value></HeartRateBpm>
<Cadence>78</Cadence>
<Extensions>
<ns3:TPX>
<ns3:Speed>7.973</ns3:Speed>
<ns3:Watts>207</ns3:Watts>
</ns3:TPX>
<bikeapp:Resistance01>16</bikeapp:Resistance01>
<bikeapp:BikeTotalDistanceM>16728.0</bikeapp:BikeTotalDistanceM>
</Extensions>
</Trackpoint>
<Trackpoint>
<Time>2026-05-29T21:09:28.832Z</Time>
<DistanceMeters>16499.1</DistanceMeters>
<HeartRateBpm><Value>136</Value></HeartRateBpm>
<Cadence>80</Cadence>
<Extensions>
<ns3:TPX>
<ns3:Speed>7.980</ns3:Speed>
<ns3:Watts>215</ns3:Watts>
</ns3:TPX>
<bikeapp:Resistance01>16</bikeapp:Resistance01>
<bikeapp:BikeTotalDistanceM>16736.0</bikeapp:BikeTotalDistanceM>
</Extensions>
</Trackpoint>
<Trackpoint>
<Time>2026-05-29T21:09:29.844Z</Time>
<DistanceMeters>16507.2</DistanceMeters>
<HeartRateBpm><Value>135</Value></HeartRateBpm>
<Cadence>81</Cadence>
<Extensions>
<ns3:TPX>
<ns3:Speed>8.022</ns3:Speed>
<ns3:Watts>220</ns3:Watts>
</ns3:TPX>
<bikeapp:Resistance01>16</bikeapp:Resistance01>
<bikeapp:BikeTotalDistanceM>16744.0</bikeapp:BikeTotalDistanceM>
</Extensions>
</Trackpoint>
<Trackpoint>
<Time>2026-05-29T21:09:30.844Z</Time>
<DistanceMeters>16515.2</DistanceMeters>
<HeartRateBpm><Value>136</Value></HeartRateBpm>
<Cadence>80</Cadence>
<Extensions>
<ns3:TPX>
<ns3:Speed>8.020</ns3:Speed>
<ns3:Watts>215</ns3:Watts>
</ns3:TPX>
<bikeapp:Resistance01>16</bikeapp:Resistance01>
<bikeapp:BikeTotalDistanceM>16753.0</bikeapp:BikeTotalDistanceM>
</Extensions>
</Trackpoint>
<Trackpoint>
<Time>2026-05-29T21:09:32.344Z</Time>
<DistanceMeters>16527.3</DistanceMeters>
<HeartRateBpm><Value>135</Value></HeartRateBpm>
<Cadence>80</Cadence>
<Extensions>
<ns3:TPX>
<ns3:Speed>8.018</ns3:Speed>
<ns3:Watts>215</ns3:Watts>
</ns3:TPX>
<bikeapp:Resistance01>16</bikeapp:Resistance01>
<bikeapp:BikeTotalDistanceM>16769.0</bikeapp:BikeTotalDistanceM>
</Extensions>
</Trackpoint>
<Trackpoint>
<Time>2026-05-29T21:09:33.844Z</Time>
<DistanceMeters>16539.3</DistanceMeters>
<HeartRateBpm><Value>135</Value></HeartRateBpm>
<Cadence>79</Cadence>
<Extensions>
<ns3:TPX>
<ns3:Speed>7.995</ns3:Speed>
<ns3:Watts>211</ns3:Watts>
</ns3:TPX>
<bikeapp:Resistance01>16</bikeapp:Resistance01>
<bikeapp:BikeTotalDistanceM>16777.0</bikeapp:BikeTotalDistanceM>
</Extensions>
</Trackpoint>
<Trackpoint>
<Time>2026-05-29T21:09:34.845Z</Time>
<DistanceMeters>16547.3</DistanceMeters>
<HeartRateBpm><Value>135</Value></HeartRateBpm>
<Cadence>79</Cadence>
<Extensions>
<ns3:TPX>
<ns3:Speed>7.981</ns3:Speed>
<ns3:Watts>211</ns3:Watts>
</ns3:TPX>
<bikeapp:Resistance01>16</bikeapp:Resistance01>
<bikeapp:BikeTotalDistanceM>16786.0</bikeapp:BikeTotalDistanceM>
</Extensions>
</Trackpoint>
<Trackpoint>
<Time>2026-05-29T21:09:36.332Z</Time>
<DistanceMeters>16559.1</DistanceMeters>
<HeartRateBpm><Value>135</Value></HeartRateBpm>
<Cadence>80</Cadence>
<Extensions>
<ns3:TPX>
<ns3:Speed>7.999</ns3:Speed>
<ns3:Watts>215</ns3:Watts>
</ns3:TPX>
<bikeapp:Resistance01>16</bikeapp:Resistance01>
<bikeapp:BikeTotalDistanceM>16802.0</bikeapp:BikeTotalDistanceM>
</Extensions>
</Trackpoint>
<Trackpoint>
<Time>2026-05-29T21:09:37.832Z</Time>
<DistanceMeters>16571.2</DistanceMeters>
<HeartRateBpm><Value>135</Value></HeartRateBpm>
<Cadence>81</Cadence>
<Extensions>
<ns3:TPX>
<ns3:Speed>8.036</ns3:Speed>
<ns3:Watts>220</ns3:Watts>
</ns3:TPX>
<bikeapp:Resistance01>16</bikeapp:Resistance01>
<bikeapp:BikeTotalDistanceM>16810.0</bikeapp:BikeTotalDistanceM>
</Extensions>
</Trackpoint>
<Trackpoint>
<Time>2026-05-29T21:09:38.832Z</Time>
<DistanceMeters>16579.3</DistanceMeters>
<HeartRateBpm><Value>136</Value></HeartRateBpm>
<Cadence>82</Cadence>
<Extensions>
<ns3:TPX>
<ns3:Speed>8.083</ns3:Speed>
<ns3:Watts>225</ns3:Watts>
</ns3:TPX>
<bikeapp:Resistance01>16</bikeapp:Resistance01>
<bikeapp:BikeTotalDistanceM>16819.0</bikeapp:BikeTotalDistanceM>
</Extensions>
</Trackpoint>
<Trackpoint>
<Time>2026-05-29T21:09:39.832Z</Time>
<DistanceMeters>16587.4</DistanceMeters>
<HeartRateBpm><Value>136</Value></HeartRateBpm>
<Cadence>83</Cadence>
<Extensions>
<ns3:TPX>
<ns3:Speed>8.139</ns3:Speed>
<ns3:Watts>230</ns3:Watts>
</ns3:TPX>
<bikeapp:Resistance01>16</bikeapp:Resistance01>
<bikeapp:BikeTotalDistanceM>16828.0</bikeapp:BikeTotalDistanceM>
</Extensions>
</Trackpoint>
<Trackpoint>
<Time>2026-05-29T21:09:41.332Z</Time>
<DistanceMeters>16599.5</DistanceMeters>
<HeartRateBpm><Value>137</Value></HeartRateBpm>
<Cadence>79</Cadence>
<Extensions>
<ns3:TPX>
<ns3:Speed>8.084</ns3:Speed>
<ns3:Watts>211</ns3:Watts>
</ns3:TPX>
<bikeapp:Resistance01>16</bikeapp:Resistance01>
<bikeapp:BikeTotalDistanceM>16844.0</bikeapp:BikeTotalDistanceM>
</Extensions>
</Trackpoint>
<Trackpoint>
<Time>2026-05-29T21:09:42.344Z</Time>
<DistanceMeters>16607.7</DistanceMeters>
<HeartRateBpm><Value>137</Value></HeartRateBpm>
<Cadence>82</Cadence>
<Extensions>
<ns3:TPX>
<ns3:Speed>8.080</ns3:Speed>
<ns3:Watts>225</ns3:Watts>
</ns3:TPX>
<bikeapp:Resistance01>16</bikeapp:Resistance01>
<bikeapp:BikeTotalDistanceM>16853.0</bikeapp:BikeTotalDistanceM>
</Extensions>
</Trackpoint>
<Trackpoint>
<Time>2026-05-29T21:09:43.833Z</Time>
<DistanceMeters>16619.8</DistanceMeters>
<HeartRateBpm><Value>138</Value></HeartRateBpm>
<Cadence>83</Cadence>
<Extensions>
<ns3:TPX>
<ns3:Speed>8.147</ns3:Speed>
<ns3:Watts>230</ns3:Watts>
</ns3:TPX>
<bikeapp:Resistance01>16</bikeapp:Resistance01>
<bikeapp:BikeTotalDistanceM>16861.0</bikeapp:BikeTotalDistanceM>
</Extensions>
</Trackpoint>
<Trackpoint>
<Time>2026-05-29T21:09:45.332Z</Time>
<DistanceMeters>16632.0</DistanceMeters>
<HeartRateBpm><Value>138</Value></HeartRateBpm>
<Cadence>81</Cadence>
<Extensions>
<ns3:TPX>
<ns3:Speed>8.138</ns3:Speed>
<ns3:Watts>220</ns3:Watts>
</ns3:TPX>
<bikeapp:Resistance01>16</bikeapp:Resistance01>
<bikeapp:BikeTotalDistanceM>16878.0</bikeapp:BikeTotalDistanceM>
</Extensions>
</Trackpoint>
<Trackpoint>
<Time>2026-05-29T21:09:46.833Z</Time>
<DistanceMeters>16644.2</DistanceMeters>
<HeartRateBpm><Value>138</Value></HeartRateBpm>
<Cadence>81</Cadence>
<Extensions>
<ns3:TPX>
<ns3:Speed>8.112</ns3:Speed>
<ns3:Watts>220</ns3:Watts>
</ns3:TPX>
<bikeapp:Resistance01>16</bikeapp:Resistance01>
<bikeapp:BikeTotalDistanceM>16887.0</bikeapp:BikeTotalDistanceM>
</Extensions>
</Trackpoint>
<Trackpoint>
<Time>2026-05-29T21:09:47.845Z</Time>
<DistanceMeters>16652.4</DistanceMeters>
<HeartRateBpm><Value>138</Value></HeartRateBpm>
<Cadence>79</Cadence>
<Extensions>
<ns3:TPX>
<ns3:Speed>8.052</ns3:Speed>
<ns3:Watts>211</ns3:Watts>
</ns3:TPX>
<bikeapp:Resistance01>16</bikeapp:Resistance01>
<bikeapp:BikeTotalDistanceM>16895.0</bikeapp:BikeTotalDistanceM>
</Extensions>
</Trackpoint>
<Trackpoint>
<Time>2026-05-29T21:09:49.331Z</Time>
<DistanceMeters>16664.3</DistanceMeters>
<HeartRateBpm><Value>139</Value></HeartRateBpm>
<Cadence>79</Cadence>
<Extensions>
<ns3:TPX>
<ns3:Speed>8.003</ns3:Speed>
<ns3:Watts>211</ns3:Watts>
</ns3:TPX>
<bikeapp:Resistance01>16</bikeapp:Resistance01>
<bikeapp:BikeTotalDistanceM>16911.0</bikeapp:BikeTotalDistanceM>
</Extensions>
</Trackpoint>
<Trackpoint>
<Time>2026-05-29T21:09:50.332Z</Time>
<DistanceMeters>16672.3</DistanceMeters>
<HeartRateBpm><Value>139</Value></HeartRateBpm>
<Cadence>79</Cadence>
<Extensions>
<ns3:TPX>
<ns3:Speed>7.986</ns3:Speed>
<ns3:Watts>211</ns3:Watts>
</ns3:TPX>
<bikeapp:Resistance01>16</bikeapp:Resistance01>
<bikeapp:BikeTotalDistanceM>16919.0</bikeapp:BikeTotalDistanceM>
</Extensions>
</Trackpoint>
<Trackpoint>
<Time>2026-05-29T21:09:51.832Z</Time>
<DistanceMeters>16684.2</DistanceMeters>
<HeartRateBpm><Value>139</Value></HeartRateBpm>
<Cadence>77</Cadence>
<Extensions>
<ns3:TPX>
<ns3:Speed>7.926</ns3:Speed>
<ns3:Watts>203</ns3:Watts>
</ns3:TPX>
<bikeapp:Resistance01>16</bikeapp:Resistance01>
<bikeapp:BikeTotalDistanceM>16927.0</bikeapp:BikeTotalDistanceM>
</Extensions>
</Trackpoint>
<Trackpoint>
<Time>2026-05-29T21:09:53.332Z</Time>
<DistanceMeters>16696.1</DistanceMeters>
<HeartRateBpm><Value>139</Value></HeartRateBpm>
<Cadence>79</Cadence>
<Extensions>
<ns3:TPX>
<ns3:Speed>7.925</ns3:Speed>
<ns3:Watts>211</ns3:Watts>
</ns3:TPX>
<bikeapp:Resistance01>16</bikeapp:Resistance01>
<bikeapp:BikeTotalDistanceM>16944.0</bikeapp:BikeTotalDistanceM>
</Extensions>
</Trackpoint>
<Trackpoint>
<Time>2026-05-29T21:09:54.332Z</Time>
<DistanceMeters>16704.0</DistanceMeters>
<HeartRateBpm><Value>139</Value></HeartRateBpm>
<Cadence>80</Cadence>
<Extensions>
<ns3:TPX>
<ns3:Speed>7.950</ns3:Speed>
<ns3:Watts>215</ns3:Watts>
</ns3:TPX>
<bikeapp:Resistance01>16</bikeapp:Resistance01>
<bikeapp:BikeTotalDistanceM>16952.0</bikeapp:BikeTotalDistanceM>
</Extensions>
</Trackpoint>
<Trackpoint>
<Time>2026-05-29T21:09:55.333Z</Time>
<DistanceMeters>16712.0</DistanceMeters>
<HeartRateBpm><Value>138</Value></HeartRateBpm>
<Cadence>82</Cadence>
<Extensions>
<ns3:TPX>
<ns3:Speed>8.007</ns3:Speed>
<ns3:Watts>225</ns3:Watts>
</ns3:TPX>
<bikeapp:Resistance01>16</bikeapp:Resistance01>
<bikeapp:BikeTotalDistanceM>16960.0</bikeapp:BikeTotalDistanceM>
</Extensions>
</Trackpoint>
<Trackpoint>
<Time>2026-05-29T21:09:56.334Z</Time>
<DistanceMeters>16720.1</DistanceMeters>
<HeartRateBpm><Value>138</Value></HeartRateBpm>
<Cadence>84</Cadence>
<Extensions>
<ns3:TPX>
<ns3:Speed>8.099</ns3:Speed>
<ns3:Watts>236</ns3:Watts>
</ns3:TPX>
<bikeapp:Resistance01>16</bikeapp:Resistance01>
<bikeapp:BikeTotalDistanceM>16969.0</bikeapp:BikeTotalDistanceM>
</Extensions>
</Trackpoint>
<Trackpoint>
<Time>2026-05-29T21:09:57.832Z</Time>
<DistanceMeters>16732.3</DistanceMeters>
<HeartRateBpm><Value>137</Value></HeartRateBpm>
<Cadence>83</Cadence>
<Extensions>
<ns3:TPX>
<ns3:Speed>8.177</ns3:Speed>
<ns3:Watts>230</ns3:Watts>
</ns3:TPX>
<bikeapp:Resistance01>16</bikeapp:Resistance01>
<bikeapp:BikeTotalDistanceM>16978.0</bikeapp:BikeTotalDistanceM>
</Extensions>
</Trackpoint>
<Trackpoint>
<Time>2026-05-29T21:09:59.333Z</Time>
<DistanceMeters>16744.6</DistanceMeters>
<HeartRateBpm><Value>136</Value></HeartRateBpm>
<Cadence>82</Cadence>
<Extensions>
<ns3:TPX>
<ns3:Speed>8.167</ns3:Speed>
<ns3:Watts>225</ns3:Watts>
</ns3:TPX>
<bikeapp:Resistance01>16</bikeapp:Resistance01>
<bikeapp:BikeTotalDistanceM>16995.0</bikeapp:BikeTotalDistanceM>
</Extensions>
</Trackpoint>
<Trackpoint>
<Time>2026-05-29T21:10:00.832Z</Time>
<DistanceMeters>16756.8</DistanceMeters>
<HeartRateBpm><Value>137</Value></HeartRateBpm>
<Cadence>80</Cadence>
<Extensions>
<ns3:TPX>
<ns3:Speed>8.108</ns3:Speed>
<ns3:Watts>215</ns3:Watts>
</ns3:TPX>
<bikeapp:Resistance01>16</bikeapp:Resistance01>
<bikeapp:BikeTotalDistanceM>17003.0</bikeapp:BikeTotalDistanceM>
</Extensions>
</Trackpoint>
<Trackpoint>
<Time>2026-05-29T21:10:01.832Z</Time>
<DistanceMeters>16764.9</DistanceMeters>
<HeartRateBpm><Value>137</Value></HeartRateBpm>
<Cadence>80</Cadence>
<Extensions>
<ns3:TPX>
<ns3:Speed>8.072</ns3:Speed>
<ns3:Watts>215</ns3:Watts>
</ns3:TPX>
<bikeapp:Resistance01>16</bikeapp:Resistance01>
<bikeapp:BikeTotalDistanceM>17011.0</bikeapp:BikeTotalDistanceM>
</Extensions>
</Trackpoint>
<Trackpoint>
<Time>2026-05-29T21:10:02.833Z</Time>
<DistanceMeters>16772.9</DistanceMeters>
<HeartRateBpm><Value>138</Value></HeartRateBpm>
<Cadence>80</Cadence>
<Extensions>
<ns3:TPX>
<ns3:Speed>8.051</ns3:Speed>
<ns3:Watts>215</ns3:Watts>
</ns3:TPX>
<bikeapp:Resistance01>16</bikeapp:Resistance01>
<bikeapp:BikeTotalDistanceM>17019.0</bikeapp:BikeTotalDistanceM>
</Extensions>
</Trackpoint>
<Trackpoint>
<Time>2026-05-29T21:10:04.333Z</Time>
<DistanceMeters>16785.0</DistanceMeters>
<HeartRateBpm><Value>138</Value></HeartRateBpm>
<Cadence>82</Cadence>
<Extensions>
<ns3:TPX>
<ns3:Speed>8.046</ns3:Speed>
<ns3:Watts>225</ns3:Watts>
</ns3:TPX>
<bikeapp:Resistance01>16</bikeapp:Resistance01>
<bikeapp:BikeTotalDistanceM>17036.0</bikeapp:BikeTotalDistanceM>
</Extensions>
</Trackpoint>
<Trackpoint>
<Time>2026-05-29T21:10:05.833Z</Time>
<DistanceMeters>16797.1</DistanceMeters>
<HeartRateBpm><Value>139</Value></HeartRateBpm>
<Cadence>81</Cadence>
<Extensions>
<ns3:TPX>
<ns3:Speed>8.078</ns3:Speed>
<ns3:Watts>220</ns3:Watts>
</ns3:TPX>
<bikeapp:Resistance01>16</bikeapp:Resistance01>
<bikeapp:BikeTotalDistanceM>17044.0</bikeapp:BikeTotalDistanceM>
</Extensions>
</Trackpoint>
<Trackpoint>
<Time>2026-05-29T21:10:07.333Z</Time>
<DistanceMeters>16809.2</DistanceMeters>
<HeartRateBpm><Value>138</Value></HeartRateBpm>
<Cadence>79</Cadence>
<Extensions>
<ns3:TPX>
<ns3:Speed>8.055</ns3:Speed>
<ns3:Watts>211</ns3:Watts>
</ns3:TPX>
<bikeapp:Resistance01>16</bikeapp:Resistance01>
<bikeapp:BikeTotalDistanceM>17061.0</bikeapp:BikeTotalDistanceM>
</Extensions>
</Trackpoint>
<Trackpoint>
<Time>2026-05-29T21:10:08.832Z</Time>
<DistanceMeters>16821.2</DistanceMeters>
<HeartRateBpm><Value>137</Value></HeartRateBpm>
<Cadence>78</Cadence>
<Extensions>
<ns3:TPX>
<ns3:Speed>7.982</ns3:Speed>
<ns3:Watts>207</ns3:Watts>
</ns3:TPX>
<bikeapp:Resistance01>16</bikeapp:Resistance01>
<bikeapp:BikeTotalDistanceM>17069.0</bikeapp:BikeTotalDistanceM>
</Extensions>
</Trackpoint>
<Trackpoint>
<Time>2026-05-29T21:10:10.357Z</Time>
<DistanceMeters>16833.4</DistanceMeters>
<HeartRateBpm><Value>138</Value></HeartRateBpm>
<Cadence>79</Cadence>
<Extensions>
<ns3:TPX>
<ns3:Speed>7.969</ns3:Speed>
<ns3:Watts>211</ns3:Watts>
</ns3:TPX>
<bikeapp:Resistance01>16</bikeapp:Resistance01>
<bikeapp:BikeTotalDistanceM>17086.0</bikeapp:BikeTotalDistanceM>
</Extensions>
</Trackpoint>
<Trackpoint>
<Time>2026-05-29T21:10:11.832Z</Time>
<DistanceMeters>16845.1</DistanceMeters>
<HeartRateBpm><Value>138</Value></HeartRateBpm>
<Cadence>78</Cadence>
<Extensions>
<ns3:TPX>
<ns3:Speed>7.941</ns3:Speed>
<ns3:Watts>207</ns3:Watts>
</ns3:TPX>
<bikeapp:Resistance01>16</bikeapp:Resistance01>
<bikeapp:BikeTotalDistanceM>17094.0</bikeapp:BikeTotalDistanceM>
</Extensions>
</Trackpoint>
<Trackpoint>
<Time>2026-05-29T21:10:12.834Z</Time>
<DistanceMeters>16853.1</DistanceMeters>
<HeartRateBpm><Value>139</Value></HeartRateBpm>
<Cadence>80</Cadence>
<Extensions>
<ns3:TPX>
<ns3:Speed>7.970</ns3:Speed>
<ns3:Watts>215</ns3:Watts>
</ns3:TPX>
<bikeapp:Resistance01>16</bikeapp:Resistance01>
<bikeapp:BikeTotalDistanceM>17102.0</bikeapp:BikeTotalDistanceM>
</Extensions>
</Trackpoint>
<Trackpoint>
<Time>2026-05-29T21:10:14.346Z</Time>
<DistanceMeters>16865.1</DistanceMeters>
<HeartRateBpm><Value>139</Value></HeartRateBpm>
<Cadence>79</Cadence>
<Extensions>
<ns3:TPX>
<ns3:Speed>7.946</ns3:Speed>
<ns3:Watts>211</ns3:Watts>
</ns3:TPX>
<bikeapp:Resistance01>16</bikeapp:Resistance01>
<bikeapp:BikeTotalDistanceM>17118.0</bikeapp:BikeTotalDistanceM>
</Extensions>
</Trackpoint>
<Trackpoint>
<Time>2026-05-29T21:10:15.835Z</Time>
<DistanceMeters>16877.0</DistanceMeters>
<HeartRateBpm><Value>139</Value></HeartRateBpm>
<Cadence>81</Cadence>
<Extensions>
<ns3:TPX>
<ns3:Speed>8.003</ns3:Speed>
<ns3:Watts>220</ns3:Watts>
</ns3:TPX>
<bikeapp:Resistance01>16</bikeapp:Resistance01>
<bikeapp:BikeTotalDistanceM>17127.0</bikeapp:BikeTotalDistanceM>
</Extensions>
</Trackpoint>
<Trackpoint>
<Time>2026-05-29T21:10:17.333Z</Time>
<DistanceMeters>16889.0</DistanceMeters>
<HeartRateBpm><Value>138</Value></HeartRateBpm>
<Cadence>80</Cadence>
<Extensions>
<ns3:TPX>
<ns3:Speed>8.032</ns3:Speed>
<ns3:Watts>215</ns3:Watts>
</ns3:TPX>
<bikeapp:Resistance01>16</bikeapp:Resistance01>
<bikeapp:BikeTotalDistanceM>17143.0</bikeapp:BikeTotalDistanceM>
</Extensions>
</Trackpoint>
<Trackpoint>
<Time>2026-05-29T21:10:18.833Z</Time>
<DistanceMeters>16901.0</DistanceMeters>
<HeartRateBpm><Value>137</Value></HeartRateBpm>
<Cadence>79</Cadence>
<Extensions>
<ns3:TPX>
<ns3:Speed>8.001</ns3:Speed>
<ns3:Watts>211</ns3:Watts>
</ns3:TPX>
<bikeapp:Resistance01>16</bikeapp:Resistance01>
<bikeapp:BikeTotalDistanceM>17151.0</bikeapp:BikeTotalDistanceM>
</Extensions>
</Trackpoint>
<Trackpoint>
<Time>2026-05-29T21:10:19.833Z</Time>
<DistanceMeters>16909.0</DistanceMeters>
<HeartRateBpm><Value>137</Value></HeartRateBpm>
<Cadence>80</Cadence>
<Extensions>
<ns3:TPX>
<ns3:Speed>8.007</ns3:Speed>
<ns3:Watts>215</ns3:Watts>
</ns3:TPX>
<bikeapp:Resistance01>16</bikeapp:Resistance01>
<bikeapp:BikeTotalDistanceM>17160.0</bikeapp:BikeTotalDistanceM>
</Extensions>
</Trackpoint>
<Trackpoint>
<Time>2026-05-29T21:10:20.833Z</Time>
<DistanceMeters>16917.0</DistanceMeters>
<HeartRateBpm><Value>137</Value></HeartRateBpm>
<Cadence>81</Cadence>
<Extensions>
<ns3:TPX>
<ns3:Speed>8.038</ns3:Speed>
<ns3:Watts>220</ns3:Watts>
</ns3:TPX>
<bikeapp:Resistance01>16</bikeapp:Resistance01>
<bikeapp:BikeTotalDistanceM>17168.0</bikeapp:BikeTotalDistanceM>
</Extensions>
</Trackpoint>
<Trackpoint>
<Time>2026-05-29T21:10:22.332Z</Time>
<DistanceMeters>16929.0</DistanceMeters>
<HeartRateBpm><Value>137</Value></HeartRateBpm>
<Cadence>79</Cadence>
<Extensions>
<ns3:TPX>
<ns3:Speed>7.997</ns3:Speed>
<ns3:Watts>211</ns3:Watts>
</ns3:TPX>
<bikeapp:Resistance01>16</bikeapp:Resistance01>
<bikeapp:BikeTotalDistanceM>17184.0</bikeapp:BikeTotalDistanceM>
</Extensions>
</Trackpoint>
<Trackpoint>
<Time>2026-05-29T21:10:23.832Z</Time>
<DistanceMeters>16941.1</DistanceMeters>
<HeartRateBpm><Value>139</Value></HeartRateBpm>
<Cadence>81</Cadence>
<Extensions>
<ns3:TPX>
<ns3:Speed>8.027</ns3:Speed>
<ns3:Watts>220</ns3:Watts>
</ns3:TPX>
<bikeapp:Resistance01>16</bikeapp:Resistance01>
<bikeapp:BikeTotalDistanceM>17193.0</bikeapp:BikeTotalDistanceM>
</Extensions>
</Trackpoint>
<Trackpoint>
<Time>2026-05-29T21:10:24.832Z</Time>
<DistanceMeters>16949.1</DistanceMeters>
<HeartRateBpm><Value>140</Value></HeartRateBpm>
<Cadence>82</Cadence>
<Extensions>
<ns3:TPX>
<ns3:Speed>8.078</ns3:Speed>
<ns3:Watts>225</ns3:Watts>
</ns3:TPX>
<bikeapp:Resistance01>16</bikeapp:Resistance01>
<bikeapp:BikeTotalDistanceM>17201.0</bikeapp:BikeTotalDistanceM>
</Extensions>
</Trackpoint>
<Trackpoint>
<Time>2026-05-29T21:10:26.332Z</Time>
<DistanceMeters>16961.3</DistanceMeters>
<HeartRateBpm><Value>141</Value></HeartRateBpm>
<Cadence>82</Cadence>
<Extensions>
<ns3:TPX>
<ns3:Speed>8.141</ns3:Speed>
<ns3:Watts>225</ns3:Watts>
</ns3:TPX>
<bikeapp:Resistance01>16</bikeapp:Resistance01>
<bikeapp:BikeTotalDistanceM>17218.0</bikeapp:BikeTotalDistanceM>
</Extensions>
</Trackpoint>
<Trackpoint>
<Time>2026-05-29T21:10:27.832Z</Time>
<DistanceMeters>16973.5</DistanceMeters>
<HeartRateBpm><Value>141</Value></HeartRateBpm>
<Cadence>78</Cadence>
<Extensions>
<ns3:TPX>
<ns3:Speed>8.050</ns3:Speed>
<ns3:Watts>207</ns3:Watts>
</ns3:TPX>
<bikeapp:Resistance01>16</bikeapp:Resistance01>
<bikeapp:BikeTotalDistanceM>17227.0</bikeapp:BikeTotalDistanceM>
</Extensions>
</Trackpoint>
<Trackpoint>
<Time>2026-05-29T21:10:28.835Z</Time>
<DistanceMeters>16981.5</DistanceMeters>
<HeartRateBpm><Value>141</Value></HeartRateBpm>
<Cadence>77</Cadence>
<Extensions>
<ns3:TPX>
<ns3:Speed>7.968</ns3:Speed>
<ns3:Watts>203</ns3:Watts>
</ns3:TPX>
<bikeapp:Resistance01>16</bikeapp:Resistance01>
<bikeapp:BikeTotalDistanceM>17235.0</bikeapp:BikeTotalDistanceM>
</Extensions>
</Trackpoint>
<Trackpoint>
<Time>2026-05-29T21:10:29.837Z</Time>
<DistanceMeters>16989.4</DistanceMeters>
<HeartRateBpm><Value>141</Value></HeartRateBpm>
<Cadence>78</Cadence>
<Extensions>
<ns3:TPX>
<ns3:Speed>7.941</ns3:Speed>
<ns3:Watts>207</ns3:Watts>
</ns3:TPX>
<bikeapp:Resistance01>16</bikeapp:Resistance01>
<bikeapp:BikeTotalDistanceM>17243.0</bikeapp:BikeTotalDistanceM>
</Extensions>
</Trackpoint>
<Trackpoint>
<Time>2026-05-29T21:10:31.332Z</Time>
<DistanceMeters>17001.3</DistanceMeters>
<HeartRateBpm><Value>141</Value></HeartRateBpm>
<Cadence>77</Cadence>
<Extensions>
<ns3:TPX>
<ns3:Speed>7.907</ns3:Speed>
<ns3:Watts>203</ns3:Watts>
</ns3:TPX>
<bikeapp:Resistance01>16</bikeapp:Resistance01>
<bikeapp:BikeTotalDistanceM>17259.0</bikeapp:BikeTotalDistanceM>
</Extensions>
</Trackpoint>
<Trackpoint>
<Time>2026-05-29T21:10:32.332Z</Time>
<DistanceMeters>17009.2</DistanceMeters>
<HeartRateBpm><Value>141</Value></HeartRateBpm>
<Cadence>77</Cadence>
<Extensions>
<ns3:TPX>
<ns3:Speed>7.881</ns3:Speed>
<ns3:Watts>203</ns3:Watts>
</ns3:TPX>
<bikeapp:Resistance01>16</bikeapp:Resistance01>
<bikeapp:BikeTotalDistanceM>17267.0</bikeapp:BikeTotalDistanceM>
</Extensions>
</Trackpoint>
<Trackpoint>
<Time>2026-05-29T21:10:33.332Z</Time>
<DistanceMeters>17017.1</DistanceMeters>
<HeartRateBpm><Value>141</Value></HeartRateBpm>
<Cadence>80</Cadence>
<Extensions>
<ns3:TPX>
<ns3:Speed>7.903</ns3:Speed>
<ns3:Watts>215</ns3:Watts>
</ns3:TPX>
<bikeapp:Resistance01>16</bikeapp:Resistance01>
<bikeapp:BikeTotalDistanceM>17275.0</bikeapp:BikeTotalDistanceM>
</Extensions>
</Trackpoint>
<Trackpoint>
<Time>2026-05-29T21:10:34.832Z</Time>
<DistanceMeters>17029.0</DistanceMeters>
<HeartRateBpm><Value>142</Value></HeartRateBpm>
<Cadence>80</Cadence>
<Extensions>
<ns3:TPX>
<ns3:Speed>7.962</ns3:Speed>
<ns3:Watts>215</ns3:Watts>
</ns3:TPX>
<bikeapp:Resistance01>16</bikeapp:Resistance01>
<bikeapp:BikeTotalDistanceM>17283.0</bikeapp:BikeTotalDistanceM>
</Extensions>
</Trackpoint>
<Trackpoint>
<Time>2026-05-29T21:10:36.333Z</Time>
<DistanceMeters>17041.0</DistanceMeters>
<HeartRateBpm><Value>142</Value></HeartRateBpm>
<Cadence>81</Cadence>
<Extensions>
<ns3:TPX>
<ns3:Speed>8.006</ns3:Speed>
<ns3:Watts>220</ns3:Watts>
</ns3:TPX>
<bikeapp:Resistance01>16</bikeapp:Resistance01>
<bikeapp:BikeTotalDistanceM>17300.0</bikeapp:BikeTotalDistanceM>
</Extensions>
</Trackpoint>
<Trackpoint>
<Time>2026-05-29T21:10:37.832Z</Time>
<DistanceMeters>17053.0</DistanceMeters>
<HeartRateBpm><Value>142</Value></HeartRateBpm>
<Cadence>80</Cadence>
<Extensions>
<ns3:TPX>
<ns3:Speed>8.021</ns3:Speed>
<ns3:Watts>215</ns3:Watts>
</ns3:TPX>
<bikeapp:Resistance01>16</bikeapp:Resistance01>
<bikeapp:BikeTotalDistanceM>17308.0</bikeapp:BikeTotalDistanceM>
</Extensions>
</Trackpoint>
<Trackpoint>
<Time>2026-05-29T21:10:38.833Z</Time>
<DistanceMeters>17061.0</DistanceMeters>
<HeartRateBpm><Value>142</Value></HeartRateBpm>
<Cadence>79</Cadence>
<Extensions>
<ns3:TPX>
<ns3:Speed>7.997</ns3:Speed>
<ns3:Watts>211</ns3:Watts>
</ns3:TPX>
<bikeapp:Resistance01>16</bikeapp:Resistance01>
<bikeapp:BikeTotalDistanceM>17316.0</bikeapp:BikeTotalDistanceM>
</Extensions>
</Trackpoint>
<Trackpoint>
<Time>2026-05-29T21:10:40.334Z</Time>
<DistanceMeters>17073.1</DistanceMeters>
<HeartRateBpm><Value>141</Value></HeartRateBpm>
<Cadence>81</Cadence>
<Extensions>
<ns3:TPX>
<ns3:Speed>8.044</ns3:Speed>
<ns3:Watts>220</ns3:Watts>
</ns3:TPX>
<bikeapp:Resistance01>16</bikeapp:Resistance01>
<bikeapp:BikeTotalDistanceM>17333.0</bikeapp:BikeTotalDistanceM>
</Extensions>
</Trackpoint>
<Trackpoint>
<Time>2026-05-29T21:10:41.833Z</Time>
<DistanceMeters>17085.2</DistanceMeters>
<HeartRateBpm><Value>141</Value></HeartRateBpm>
<Cadence>82</Cadence>
<Extensions>
<ns3:TPX>
<ns3:Speed>8.094</ns3:Speed>
<ns3:Watts>225</ns3:Watts>
</ns3:TPX>
<bikeapp:Resistance01>16</bikeapp:Resistance01>
<bikeapp:BikeTotalDistanceM>17342.0</bikeapp:BikeTotalDistanceM>
</Extensions>
</Trackpoint>
<Trackpoint>
<Time>2026-05-29T21:10:43.332Z</Time>
<DistanceMeters>17097.3</DistanceMeters>
<HeartRateBpm><Value>140</Value></HeartRateBpm>
<Cadence>80</Cadence>
<Extensions>
<ns3:TPX>
<ns3:Speed>8.097</ns3:Speed>
<ns3:Watts>215</ns3:Watts>
</ns3:TPX>
<bikeapp:Resistance01>16</bikeapp:Resistance01>
<bikeapp:BikeTotalDistanceM>17358.0</bikeapp:BikeTotalDistanceM>
</Extensions>
</Trackpoint>
<Trackpoint>
<Time>2026-05-29T21:10:44.333Z</Time>
<DistanceMeters>17105.4</DistanceMeters>
<HeartRateBpm><Value>140</Value></HeartRateBpm>
<Cadence>80</Cadence>
<Extensions>
<ns3:TPX>
<ns3:Speed>8.066</ns3:Speed>
<ns3:Watts>215</ns3:Watts>
</ns3:TPX>
<bikeapp:Resistance01>16</bikeapp:Resistance01>
<bikeapp:BikeTotalDistanceM>17367.0</bikeapp:BikeTotalDistanceM>
</Extensions>
</Trackpoint>
<Trackpoint>
<Time>2026-05-29T21:10:45.833Z</Time>
<DistanceMeters>17117.4</DistanceMeters>
<HeartRateBpm><Value>140</Value></HeartRateBpm>
<Cadence>79</Cadence>
<Extensions>
<ns3:TPX>
<ns3:Speed>8.018</ns3:Speed>
<ns3:Watts>211</ns3:Watts>
</ns3:TPX>
<bikeapp:Resistance01>16</bikeapp:Resistance01>
<bikeapp:BikeTotalDistanceM>17375.0</bikeapp:BikeTotalDistanceM>
</Extensions>
</Trackpoint>
<Trackpoint>
<Time>2026-05-29T21:10:46.838Z</Time>
<DistanceMeters>17125.5</DistanceMeters>
<HeartRateBpm><Value>140</Value></HeartRateBpm>
<Cadence>78</Cadence>
<Extensions>
<ns3:TPX>
<ns3:Speed>7.971</ns3:Speed>
<ns3:Watts>207</ns3:Watts>
</ns3:TPX>
<bikeapp:Resistance01>16</bikeapp:Resistance01>
<bikeapp:BikeTotalDistanceM>17383.0</bikeapp:BikeTotalDistanceM>
</Extensions>
</Trackpoint>
<Trackpoint>
<Time>2026-05-29T21:10:47.845Z</Time>
<DistanceMeters>17133.5</DistanceMeters>
<HeartRateBpm><Value>140</Value></HeartRateBpm>
<Cadence>80</Cadence>
<Extensions>
<ns3:TPX>
<ns3:Speed>7.989</ns3:Speed>
<ns3:Watts>215</ns3:Watts>
</ns3:TPX>
<bikeapp:Resistance01>16</bikeapp:Resistance01>
<bikeapp:BikeTotalDistanceM>17391.0</bikeapp:BikeTotalDistanceM>
</Extensions>
</Trackpoint>
<Trackpoint>
<Time>2026-05-29T21:10:48.845Z</Time>
<DistanceMeters>17141.5</DistanceMeters>
<HeartRateBpm><Value>141</Value></HeartRateBpm>
<Cadence>80</Cadence>
<Extensions>
<ns3:TPX>
<ns3:Speed>8.000</ns3:Speed>
<ns3:Watts>215</ns3:Watts>
</ns3:TPX>
<bikeapp:Resistance01>16</bikeapp:Resistance01>
<bikeapp:BikeTotalDistanceM>17399.0</bikeapp:BikeTotalDistanceM>
</Extensions>
</Trackpoint>
<Trackpoint>
<Time>2026-05-29T21:10:50.332Z</Time>
<DistanceMeters>17153.5</DistanceMeters>
<HeartRateBpm><Value>141</Value></HeartRateBpm>
<Cadence>82</Cadence>
<Extensions>
<ns3:TPX>
<ns3:Speed>8.061</ns3:Speed>
<ns3:Watts>225</ns3:Watts>
</ns3:TPX>
<bikeapp:Resistance01>16</bikeapp:Resistance01>
<bikeapp:BikeTotalDistanceM>17416.0</bikeapp:BikeTotalDistanceM>
</Extensions>
</Trackpoint>
<Trackpoint>
<Time>2026-05-29T21:10:51.332Z</Time>
<DistanceMeters>17161.6</DistanceMeters>
<HeartRateBpm><Value>141</Value></HeartRateBpm>
<Cadence>84</Cadence>
<Extensions>
<ns3:TPX>
<ns3:Speed>8.131</ns3:Speed>
<ns3:Watts>236</ns3:Watts>
</ns3:TPX>
<bikeapp:Resistance01>16</bikeapp:Resistance01>
<bikeapp:BikeTotalDistanceM>17425.0</bikeapp:BikeTotalDistanceM>
</Extensions>
</Trackpoint>
<Trackpoint>
<Time>2026-05-29T21:10:52.333Z</Time>
<DistanceMeters>17169.7</DistanceMeters>
<HeartRateBpm><Value>141</Value></HeartRateBpm>
<Cadence>82</Cadence>
<Extensions>
<ns3:TPX>
<ns3:Speed>8.168</ns3:Speed>
<ns3:Watts>225</ns3:Watts>
</ns3:TPX>
<bikeapp:Resistance01>16</bikeapp:Resistance01>
<bikeapp:BikeTotalDistanceM>17434.0</bikeapp:BikeTotalDistanceM>
</Extensions>
</Trackpoint>
<Trackpoint>
<Time>2026-05-29T21:10:53.832Z</Time>
<DistanceMeters>17181.9</DistanceMeters>
<HeartRateBpm><Value>141</Value></HeartRateBpm>
<Cadence>79</Cadence>
<Extensions>
<ns3:TPX>
<ns3:Speed>8.085</ns3:Speed>
<ns3:Watts>211</ns3:Watts>
</ns3:TPX>
<bikeapp:Resistance01>16</bikeapp:Resistance01>
<bikeapp:BikeTotalDistanceM>17442.0</bikeapp:BikeTotalDistanceM>
</Extensions>
</Trackpoint>
<Trackpoint>
<Time>2026-05-29T21:10:55.345Z</Time>
<DistanceMeters>17194.1</DistanceMeters>
<HeartRateBpm><Value>141</Value></HeartRateBpm>
<Cadence>80</Cadence>
<Extensions>
<ns3:TPX>
<ns3:Speed>8.071</ns3:Speed>
<ns3:Watts>215</ns3:Watts>
</ns3:TPX>
<bikeapp:Resistance01>16</bikeapp:Resistance01>
<bikeapp:BikeTotalDistanceM>17458.0</bikeapp:BikeTotalDistanceM>
</Extensions>
</Trackpoint>
<Trackpoint>
<Time>2026-05-29T21:10:56.833Z</Time>
<DistanceMeters>17206.1</DistanceMeters>
<HeartRateBpm><Value>141</Value></HeartRateBpm>
<Cadence>79</Cadence>
<Extensions>
<ns3:TPX>
<ns3:Speed>8.020</ns3:Speed>
<ns3:Watts>211</ns3:Watts>
</ns3:TPX>
<bikeapp:Resistance01>16</bikeapp:Resistance01>
<bikeapp:BikeTotalDistanceM>17467.0</bikeapp:BikeTotalDistanceM>
</Extensions>
</Trackpoint>
<Trackpoint>
<Time>2026-05-29T21:10:58.332Z</Time>
<DistanceMeters>17218.1</DistanceMeters>
<HeartRateBpm><Value>141</Value></HeartRateBpm>
<Cadence>80</Cadence>
<Extensions>
<ns3:TPX>
<ns3:Speed>8.001</ns3:Speed>
<ns3:Watts>215</ns3:Watts>
</ns3:TPX>
<bikeapp:Resistance01>16</bikeapp:Resistance01>
<bikeapp:BikeTotalDistanceM>17483.0</bikeapp:BikeTotalDistanceM>
</Extensions>
</Trackpoint>
<Trackpoint>
<Time>2026-05-29T21:10:59.333Z</Time>
<DistanceMeters>17226.1</DistanceMeters>
<HeartRateBpm><Value>141</Value></HeartRateBpm>
<Cadence>80</Cadence>
<Extensions>
<ns3:TPX>
<ns3:Speed>8.007</ns3:Speed>
<ns3:Watts>215</ns3:Watts>
</ns3:TPX>
<bikeapp:Resistance01>16</bikeapp:Resistance01>
<bikeapp:BikeTotalDistanceM>17491.0</bikeapp:BikeTotalDistanceM>
</Extensions>
</Trackpoint>
<Trackpoint>
<Time>2026-05-29T21:11:00.333Z</Time>
<DistanceMeters>17234.1</DistanceMeters>
<HeartRateBpm><Value>141</Value></HeartRateBpm>
<Cadence>79</Cadence>
<Extensions>
<ns3:TPX>
<ns3:Speed>7.998</ns3:Speed>
<ns3:Watts>211</ns3:Watts>
</ns3:TPX>
<bikeapp:Resistance01>16</bikeapp:Resistance01>
<bikeapp:BikeTotalDistanceM>17500.0</bikeapp:BikeTotalDistanceM>
</Extensions>
</Trackpoint>
<Trackpoint>
<Time>2026-05-29T21:11:01.837Z</Time>
<DistanceMeters>17246.1</DistanceMeters>
<HeartRateBpm><Value>140</Value></HeartRateBpm>
<Cadence>80</Cadence>
<Extensions>
<ns3:TPX>
<ns3:Speed>8.000</ns3:Speed>
<ns3:Watts>215</ns3:Watts>
</ns3:TPX>
<bikeapp:Resistance01>16</bikeapp:Resistance01>
<bikeapp:BikeTotalDistanceM>17508.0</bikeapp:BikeTotalDistanceM>
</Extensions>
</Trackpoint>
<Trackpoint>
<Time>2026-05-29T21:11:03.337Z</Time>
<DistanceMeters>17258.1</DistanceMeters>
<HeartRateBpm><Value>140</Value></HeartRateBpm>
<Cadence>77</Cadence>
<Extensions>
<ns3:TPX>
<ns3:Speed>7.952</ns3:Speed>
<ns3:Watts>203</ns3:Watts>
</ns3:TPX>
<bikeapp:Resistance01>16</bikeapp:Resistance01>
<bikeapp:BikeTotalDistanceM>17524.0</bikeapp:BikeTotalDistanceM>
</Extensions>
</Trackpoint>
<Trackpoint>
<Time>2026-05-29T21:11:04.845Z</Time>
<DistanceMeters>17270.0</DistanceMeters>
<HeartRateBpm><Value>139</Value></HeartRateBpm>
<Cadence>77</Cadence>
<Extensions>
<ns3:TPX>
<ns3:Speed>7.893</ns3:Speed>
<ns3:Watts>203</ns3:Watts>
</ns3:TPX>
<bikeapp:Resistance01>16</bikeapp:Resistance01>
<bikeapp:BikeTotalDistanceM>17532.0</bikeapp:BikeTotalDistanceM>
</Extensions>
</Trackpoint>
<Trackpoint>
<Time>2026-05-29T21:11:06.332Z</Time>
<DistanceMeters>17281.8</DistanceMeters>
<HeartRateBpm><Value>138</Value></HeartRateBpm>
<Cadence>81</Cadence>
<Extensions>
<ns3:TPX>
<ns3:Speed>7.937</ns3:Speed>
<ns3:Watts>220</ns3:Watts>
</ns3:TPX>
<bikeapp:Resistance01>16</bikeapp:Resistance01>
<bikeapp:BikeTotalDistanceM>17548.0</bikeapp:BikeTotalDistanceM>
</Extensions>
</Trackpoint>
<Trackpoint>
<Time>2026-05-29T21:11:07.332Z</Time>
<DistanceMeters>17289.8</DistanceMeters>
<HeartRateBpm><Value>138</Value></HeartRateBpm>
<Cadence>80</Cadence>
<Extensions>
<ns3:TPX>
<ns3:Speed>7.980</ns3:Speed>
<ns3:Watts>215</ns3:Watts>
</ns3:TPX>
<bikeapp:Resistance01>16</bikeapp:Resistance01>
<bikeapp:BikeTotalDistanceM>17557.0</bikeapp:BikeTotalDistanceM>
</Extensions>
</Trackpoint>
<Trackpoint>
<Time>2026-05-29T21:11:08.333Z</Time>
<DistanceMeters>17297.8</DistanceMeters>
<HeartRateBpm><Value>139</Value></HeartRateBpm>
<Cadence>79</Cadence>
<Extensions>
<ns3:TPX>
<ns3:Speed>7.982</ns3:Speed>
<ns3:Watts>211</ns3:Watts>
</ns3:TPX>
<bikeapp:Resistance01>16</bikeapp:Resistance01>
<bikeapp:BikeTotalDistanceM>17565.0</bikeapp:BikeTotalDistanceM>
</Extensions>
</Trackpoint>
<Trackpoint>
<Time>2026-05-29T21:11:09.833Z</Time>
<DistanceMeters>17309.7</DistanceMeters>
<HeartRateBpm><Value>139</Value></HeartRateBpm>
<Cadence>78</Cadence>
<Extensions>
<ns3:TPX>
<ns3:Speed>7.947</ns3:Speed>
<ns3:Watts>207</ns3:Watts>
</ns3:TPX>
<bikeapp:Resistance01>16</bikeapp:Resistance01>
<bikeapp:BikeTotalDistanceM>17573.0</bikeapp:BikeTotalDistanceM>
</Extensions>
</Trackpoint>
<Trackpoint>
<Time>2026-05-29T21:11:11.333Z</Time>
<DistanceMeters>17321.6</DistanceMeters>
<HeartRateBpm><Value>139</Value></HeartRateBpm>
<Cadence>76</Cadence>
<Extensions>
<ns3:TPX>
<ns3:Speed>7.878</ns3:Speed>
<ns3:Watts>199</ns3:Watts>
</ns3:TPX>
<bikeapp:Resistance01>16</bikeapp:Resistance01>
<bikeapp:BikeTotalDistanceM>17589.0</bikeapp:BikeTotalDistanceM>
</Extensions>
</Trackpoint>
<Trackpoint>
<Time>2026-05-29T21:11:12.333Z</Time>
<DistanceMeters>17329.4</DistanceMeters>
<HeartRateBpm><Value>139</Value></HeartRateBpm>
<Cadence>76</Cadence>
<Extensions>
<ns3:TPX>
<ns3:Speed>7.839</ns3:Speed>
<ns3:Watts>199</ns3:Watts>
</ns3:TPX>
<bikeapp:Resistance01>16</bikeapp:Resistance01>
<bikeapp:BikeTotalDistanceM>17597.0</bikeapp:BikeTotalDistanceM>
</Extensions>
</Trackpoint>
<Trackpoint>
<Time>2026-05-29T21:11:13.371Z</Time>
<DistanceMeters>17337.5</DistanceMeters>
<HeartRateBpm><Value>139</Value></HeartRateBpm>
<Cadence>77</Cadence>
<Extensions>
<ns3:TPX>
<ns3:Speed>7.829</ns3:Speed>
<ns3:Watts>203</ns3:Watts>
</ns3:TPX>
<bikeapp:Resistance01>16</bikeapp:Resistance01>
<bikeapp:BikeTotalDistanceM>17605.0</bikeapp:BikeTotalDistanceM>
</Extensions>
</Trackpoint>
<Trackpoint>
<Time>2026-05-29T21:11:14.869Z</Time>
<DistanceMeters>17349.3</DistanceMeters>
<HeartRateBpm><Value>139</Value></HeartRateBpm>
<Cadence>77</Cadence>
<Extensions>
<ns3:TPX>
<ns3:Speed>7.835</ns3:Speed>
<ns3:Watts>203</ns3:Watts>
</ns3:TPX>
<bikeapp:Resistance01>16</bikeapp:Resistance01>
<bikeapp:BikeTotalDistanceM>17613.0</bikeapp:BikeTotalDistanceM>
</Extensions>
</Trackpoint>
<Trackpoint>
<Time>2026-05-29T21:11:16.371Z</Time>
<DistanceMeters>17361.0</DistanceMeters>
<HeartRateBpm><Value>139</Value></HeartRateBpm>
<Cadence>77</Cadence>
<Extensions>
<ns3:TPX>
<ns3:Speed>7.819</ns3:Speed>
<ns3:Watts>203</ns3:Watts>
</ns3:TPX>
<bikeapp:Resistance01>16</bikeapp:Resistance01>
<bikeapp:BikeTotalDistanceM>17628.0</bikeapp:BikeTotalDistanceM>
</Extensions>
</Trackpoint>
<Trackpoint>
<Time>2026-05-29T21:11:17.858Z</Time>
<DistanceMeters>17372.6</DistanceMeters>
<HeartRateBpm><Value>139</Value></HeartRateBpm>
<Cadence>77</Cadence>
<Extensions>
<ns3:TPX>
<ns3:Speed>7.830</ns3:Speed>
<ns3:Watts>203</ns3:Watts>
</ns3:TPX>
<bikeapp:Resistance01>16</bikeapp:Resistance01>
<bikeapp:BikeTotalDistanceM>17636.0</bikeapp:BikeTotalDistanceM>
</Extensions>
</Trackpoint>
<Trackpoint>
<Time>2026-05-29T21:11:18.870Z</Time>
<DistanceMeters>17380.6</DistanceMeters>
<HeartRateBpm><Value>139</Value></HeartRateBpm>
<Cadence>77</Cadence>
<Extensions>
<ns3:TPX>
<ns3:Speed>7.834</ns3:Speed>
<ns3:Watts>203</ns3:Watts>
</ns3:TPX>
<bikeapp:Resistance01>16</bikeapp:Resistance01>
<bikeapp:BikeTotalDistanceM>17644.0</bikeapp:BikeTotalDistanceM>
</Extensions>
</Trackpoint>
<Trackpoint>
<Time>2026-05-29T21:11:20.359Z</Time>
<DistanceMeters>17392.3</DistanceMeters>
<HeartRateBpm><Value>139</Value></HeartRateBpm>
<Cadence>80</Cadence>
<Extensions>
<ns3:TPX>
<ns3:Speed>7.876</ns3:Speed>
<ns3:Watts>215</ns3:Watts>
</ns3:TPX>
<bikeapp:Resistance01>16</bikeapp:Resistance01>
<bikeapp:BikeTotalDistanceM>17661.0</bikeapp:BikeTotalDistanceM>
</Extensions>
</Trackpoint>
<Trackpoint>
<Time>2026-05-29T21:11:21.858Z</Time>
<DistanceMeters>17404.1</DistanceMeters>
<HeartRateBpm><Value>139</Value></HeartRateBpm>
<Cadence>80</Cadence>
<Extensions>
<ns3:TPX>
<ns3:Speed>7.949</ns3:Speed>
<ns3:Watts>215</ns3:Watts>
</ns3:TPX>
<bikeapp:Resistance01>16</bikeapp:Resistance01>
<bikeapp:BikeTotalDistanceM>17669.0</bikeapp:BikeTotalDistanceM>
</Extensions>
</Trackpoint>
<Trackpoint>
<Time>2026-05-29T21:11:23.373Z</Time>
<DistanceMeters>17416.2</DistanceMeters>
<HeartRateBpm><Value>139</Value></HeartRateBpm>
<Cadence>78</Cadence>
<Extensions>
<ns3:TPX>
<ns3:Speed>7.940</ns3:Speed>
<ns3:Watts>207</ns3:Watts>
</ns3:TPX>
<bikeapp:Resistance01>16</bikeapp:Resistance01>
<bikeapp:BikeTotalDistanceM>17685.0</bikeapp:BikeTotalDistanceM>
</Extensions>
</Trackpoint>
<Trackpoint>
<Time>2026-05-29T21:11:24.858Z</Time>
<DistanceMeters>17428.0</DistanceMeters>
<HeartRateBpm><Value>139</Value></HeartRateBpm>
<Cadence>79</Cadence>
<Extensions>
<ns3:TPX>
<ns3:Speed>7.942</ns3:Speed>
<ns3:Watts>211</ns3:Watts>
</ns3:TPX>
<bikeapp:Resistance01>16</bikeapp:Resistance01>
<bikeapp:BikeTotalDistanceM>17693.0</bikeapp:BikeTotalDistanceM>
</Extensions>
</Trackpoint>
<Trackpoint>
<Time>2026-05-29T21:11:26.358Z</Time>
<DistanceMeters>17439.9</DistanceMeters>
<HeartRateBpm><Value>139</Value></HeartRateBpm>
<Cadence>78</Cadence>
<Extensions>
<ns3:TPX>
<ns3:Speed>7.955</ns3:Speed>
<ns3:Watts>207</ns3:Watts>
</ns3:TPX>
<bikeapp:Resistance01>16</bikeapp:Resistance01>
<bikeapp:BikeTotalDistanceM>17710.0</bikeapp:BikeTotalDistanceM>
</Extensions>
</Trackpoint>
<Trackpoint>
<Time>2026-05-29T21:11:27.858Z</Time>
<DistanceMeters>17451.8</DistanceMeters>
<HeartRateBpm><Value>138</Value></HeartRateBpm>
<Cadence>79</Cadence>
<Extensions>
<ns3:TPX>
<ns3:Speed>7.949</ns3:Speed>
<ns3:Watts>211</ns3:Watts>
</ns3:TPX>
<bikeapp:Resistance01>16</bikeapp:Resistance01>
<bikeapp:BikeTotalDistanceM>17718.0</bikeapp:BikeTotalDistanceM>
</Extensions>
</Trackpoint>
<Trackpoint>
<Time>2026-05-29T21:11:29.383Z</Time>
<DistanceMeters>17464.0</DistanceMeters>
<HeartRateBpm><Value>138</Value></HeartRateBpm>
<Cadence>79</Cadence>
<Extensions>
<ns3:TPX>
<ns3:Speed>7.954</ns3:Speed>
<ns3:Watts>211</ns3:Watts>
</ns3:TPX>
<bikeapp:Resistance01>16</bikeapp:Resistance01>
<bikeapp:BikeTotalDistanceM>17734.0</bikeapp:BikeTotalDistanceM>
</Extensions>
</Trackpoint>
<Trackpoint>
<Time>2026-05-29T21:11:30.858Z</Time>
<DistanceMeters>17475.7</DistanceMeters>
<HeartRateBpm><Value>138</Value></HeartRateBpm>
<Cadence>78</Cadence>
<Extensions>
<ns3:TPX>
<ns3:Speed>7.933</ns3:Speed>
<ns3:Watts>207</ns3:Watts>
</ns3:TPX>
<bikeapp:Resistance01>16</bikeapp:Resistance01>
<bikeapp:BikeTotalDistanceM>17742.0</bikeapp:BikeTotalDistanceM>
</Extensions>
</Trackpoint>
<Trackpoint>
<Time>2026-05-29T21:11:32.370Z</Time>
<DistanceMeters>17487.7</DistanceMeters>
<HeartRateBpm><Value>139</Value></HeartRateBpm>
<Cadence>79</Cadence>
<Extensions>
<ns3:TPX>
<ns3:Speed>7.964</ns3:Speed>
<ns3:Watts>211</ns3:Watts>
</ns3:TPX>
<bikeapp:Resistance01>16</bikeapp:Resistance01>
<bikeapp:BikeTotalDistanceM>17759.0</bikeapp:BikeTotalDistanceM>
</Extensions>
</Trackpoint>
<Trackpoint>
<Time>2026-05-29T21:11:33.870Z</Time>
<DistanceMeters>17499.7</DistanceMeters>
<HeartRateBpm><Value>139</Value></HeartRateBpm>
<Cadence>80</Cadence>
<Extensions>
<ns3:TPX>
<ns3:Speed>7.984</ns3:Speed>
<ns3:Watts>215</ns3:Watts>
</ns3:TPX>
<bikeapp:Resistance01>16</bikeapp:Resistance01>
<bikeapp:BikeTotalDistanceM>17767.0</bikeapp:BikeTotalDistanceM>
</Extensions>
</Trackpoint>
<Trackpoint>
<Time>2026-05-29T21:11:35.358Z</Time>
<DistanceMeters>17511.5</DistanceMeters>
<HeartRateBpm><Value>139</Value></HeartRateBpm>
<Cadence>79</Cadence>
<Extensions>
<ns3:TPX>
<ns3:Speed>7.971</ns3:Speed>
<ns3:Watts>211</ns3:Watts>
</ns3:TPX>
<bikeapp:Resistance01>16</bikeapp:Resistance01>
<bikeapp:BikeTotalDistanceM>17784.0</bikeapp:BikeTotalDistanceM>
</Extensions>
</Trackpoint>
<Trackpoint>
<Time>2026-05-29T21:11:36.858Z</Time>
<DistanceMeters>17523.5</DistanceMeters>
<HeartRateBpm><Value>136</Value></HeartRateBpm>
<Cadence>79</Cadence>
<Extensions>
<ns3:TPX>
<ns3:Speed>7.964</ns3:Speed>
<ns3:Watts>211</ns3:Watts>
</ns3:TPX>
<bikeapp:Resistance01>16</bikeapp:Resistance01>
<bikeapp:BikeTotalDistanceM>17792.0</bikeapp:BikeTotalDistanceM>
</Extensions>
</Trackpoint>
<Trackpoint>
<Time>2026-05-29T21:11:37.887Z</Time>
<DistanceMeters>17531.7</DistanceMeters>
<HeartRateBpm><Value>135</Value></HeartRateBpm>
<Cadence>80</Cadence>
<Extensions>
<ns3:TPX>
<ns3:Speed>7.985</ns3:Speed>
<ns3:Watts>215</ns3:Watts>
</ns3:TPX>
<bikeapp:Resistance01>16</bikeapp:Resistance01>
<bikeapp:BikeTotalDistanceM>17800.0</bikeapp:BikeTotalDistanceM>
</Extensions>
</Trackpoint>
<Trackpoint>
<Time>2026-05-29T21:11:39.346Z</Time>
<DistanceMeters>17543.4</DistanceMeters>
<HeartRateBpm><Value>134</Value></HeartRateBpm>
<Cadence>78</Cadence>
<Extensions>
<ns3:TPX>
<ns3:Speed>7.976</ns3:Speed>
<ns3:Watts>207</ns3:Watts>
</ns3:TPX>
<bikeapp:Resistance01>16</bikeapp:Resistance01>
<bikeapp:BikeTotalDistanceM>17816.0</bikeapp:BikeTotalDistanceM>
</Extensions>
</Trackpoint>
<Trackpoint>
<Time>2026-05-29T21:11:40.358Z</Time>
<DistanceMeters>17551.4</DistanceMeters>
<HeartRateBpm><Value>133</Value></HeartRateBpm>
<Cadence>77</Cadence>
<Extensions>
<ns3:TPX>
<ns3:Speed>7.933</ns3:Speed>
<ns3:Watts>203</ns3:Watts>
</ns3:TPX>
<bikeapp:Resistance01>16</bikeapp:Resistance01>
<bikeapp:BikeTotalDistanceM>17824.0</bikeapp:BikeTotalDistanceM>
</Extensions>
</Trackpoint>
<Trackpoint>
<Time>2026-05-29T21:11:41.358Z</Time>
<DistanceMeters>17559.3</DistanceMeters>
<HeartRateBpm><Value>133</Value></HeartRateBpm>
<Cadence>78</Cadence>
<Extensions>
<ns3:TPX>
<ns3:Speed>7.910</ns3:Speed>
<ns3:Watts>207</ns3:Watts>
</ns3:TPX>
<bikeapp:Resistance01>16</bikeapp:Resistance01>
<bikeapp:BikeTotalDistanceM>17832.0</bikeapp:BikeTotalDistanceM>
</Extensions>
</Trackpoint>
<Trackpoint>
<Time>2026-05-29T21:11:42.859Z</Time>
<DistanceMeters>17571.2</DistanceMeters>
<HeartRateBpm><Value>133</Value></HeartRateBpm>
<Cadence>78</Cadence>
<Extensions>
<ns3:TPX>
<ns3:Speed>7.905</ns3:Speed>
<ns3:Watts>207</ns3:Watts>
</ns3:TPX>
<bikeapp:Resistance01>16</bikeapp:Resistance01>
<bikeapp:BikeTotalDistanceM>17841.0</bikeapp:BikeTotalDistanceM>
</Extensions>
</Trackpoint>
<Trackpoint>
<Time>2026-05-29T21:11:44.358Z</Time>
<DistanceMeters>17583.0</DistanceMeters>
<HeartRateBpm><Value>133</Value></HeartRateBpm>
<Cadence>77</Cadence>
<Extensions>
<ns3:TPX>
<ns3:Speed>7.871</ns3:Speed>
<ns3:Watts>203</ns3:Watts>
</ns3:TPX>
<bikeapp:Resistance01>16</bikeapp:Resistance01>
<bikeapp:BikeTotalDistanceM>17856.0</bikeapp:BikeTotalDistanceM>
</Extensions>
</Trackpoint>
<Trackpoint>
<Time>2026-05-29T21:11:45.858Z</Time>
<DistanceMeters>17594.8</DistanceMeters>
<HeartRateBpm><Value>133</Value></HeartRateBpm>
<Cadence>76</Cadence>
<Extensions>
<ns3:TPX>
<ns3:Speed>7.831</ns3:Speed>
<ns3:Watts>199</ns3:Watts>
</ns3:TPX>
<bikeapp:Resistance01>16</bikeapp:Resistance01>
<bikeapp:BikeTotalDistanceM>17864.0</bikeapp:BikeTotalDistanceM>
</Extensions>
</Trackpoint>
<Trackpoint>
<Time>2026-05-29T21:11:47.358Z</Time>
<DistanceMeters>17606.4</DistanceMeters>
<HeartRateBpm><Value>131</Value></HeartRateBpm>
<Cadence>76</Cadence>
<Extensions>
<ns3:TPX>
<ns3:Speed>7.786</ns3:Speed>
<ns3:Watts>199</ns3:Watts>
</ns3:TPX>
<bikeapp:Resistance01>16</bikeapp:Resistance01>
<bikeapp:BikeTotalDistanceM>17880.0</bikeapp:BikeTotalDistanceM>
</Extensions>
</Trackpoint>
<Trackpoint>
<Time>2026-05-29T21:11:48.858Z</Time>
<DistanceMeters>17618.1</DistanceMeters>
<HeartRateBpm><Value>131</Value></HeartRateBpm>
<Cadence>77</Cadence>
<Extensions>
<ns3:TPX>
<ns3:Speed>7.806</ns3:Speed>
<ns3:Watts>203</ns3:Watts>
</ns3:TPX>
<bikeapp:Resistance01>16</bikeapp:Resistance01>
<bikeapp:BikeTotalDistanceM>17888.0</bikeapp:BikeTotalDistanceM>
</Extensions>
</Trackpoint>
<Trackpoint>
<Time>2026-05-29T21:11:50.362Z</Time>
<DistanceMeters>17629.9</DistanceMeters>
<HeartRateBpm><Value>130</Value></HeartRateBpm>
<Cadence>78</Cadence>
<Extensions>
<ns3:TPX>
<ns3:Speed>7.819</ns3:Speed>
<ns3:Watts>207</ns3:Watts>
</ns3:TPX>
<bikeapp:Resistance01>16</bikeapp:Resistance01>
<bikeapp:BikeTotalDistanceM>17904.0</bikeapp:BikeTotalDistanceM>
</Extensions>
</Trackpoint>
<Trackpoint>
<Time>2026-05-29T21:11:51.859Z</Time>
<DistanceMeters>17641.6</DistanceMeters>
<HeartRateBpm><Value>129</Value></HeartRateBpm>
<Cadence>77</Cadence>
<Extensions>
<ns3:TPX>
<ns3:Speed>7.837</ns3:Speed>
<ns3:Watts>203</ns3:Watts>
</ns3:TPX>
<bikeapp:Resistance01>16</bikeapp:Resistance01>
<bikeapp:BikeTotalDistanceM>17912.0</bikeapp:BikeTotalDistanceM>
</Extensions>
</Trackpoint>
<Trackpoint>
<Time>2026-05-29T21:11:53.358Z</Time>
<DistanceMeters>17653.3</DistanceMeters>
<HeartRateBpm><Value>129</Value></HeartRateBpm>
<Cadence>74</Cadence>
<Extensions>
<ns3:TPX>
<ns3:Speed>7.761</ns3:Speed>
<ns3:Watts>191</ns3:Watts>
</ns3:TPX>
<bikeapp:Resistance01>16</bikeapp:Resistance01>
<bikeapp:BikeTotalDistanceM>17927.0</bikeapp:BikeTotalDistanceM>
</Extensions>
</Trackpoint>
<Trackpoint>
<Time>2026-05-29T21:11:54.859Z</Time>
<DistanceMeters>17664.9</DistanceMeters>
<HeartRateBpm><Value>130</Value></HeartRateBpm>
<Cadence>74</Cadence>
<Extensions>
<ns3:TPX>
<ns3:Speed>7.706</ns3:Speed>
<ns3:Watts>191</ns3:Watts>
</ns3:TPX>
<bikeapp:Resistance01>16</bikeapp:Resistance01>
<bikeapp:BikeTotalDistanceM>17935.0</bikeapp:BikeTotalDistanceM>
</Extensions>
</Trackpoint>
<Trackpoint>
<Time>2026-05-29T21:11:56.358Z</Time>
<DistanceMeters>17676.4</DistanceMeters>
<HeartRateBpm><Value>130</Value></HeartRateBpm>
<Cadence>75</Cadence>
<Extensions>
<ns3:TPX>
<ns3:Speed>7.693</ns3:Speed>
<ns3:Watts>195</ns3:Watts>
</ns3:TPX>
<bikeapp:Resistance01>16</bikeapp:Resistance01>
<bikeapp:BikeTotalDistanceM>17950.0</bikeapp:BikeTotalDistanceM>
</Extensions>
</Trackpoint>
<Trackpoint>
<Time>2026-05-29T21:11:57.859Z</Time>
<DistanceMeters>17688.0</DistanceMeters>
<HeartRateBpm><Value>129</Value></HeartRateBpm>
<Cadence>76</Cadence>
<Extensions>
<ns3:TPX>
<ns3:Speed>7.730</ns3:Speed>
<ns3:Watts>199</ns3:Watts>
</ns3:TPX>
<bikeapp:Resistance01>16</bikeapp:Resistance01>
<bikeapp:BikeTotalDistanceM>17958.0</bikeapp:BikeTotalDistanceM>
</Extensions>
</Trackpoint>
<Trackpoint>
<Time>2026-05-29T21:11:59.358Z</Time>
<DistanceMeters>17699.5</DistanceMeters>
<HeartRateBpm><Value>130</Value></HeartRateBpm>
<Cadence>74</Cadence>
<Extensions>
<ns3:TPX>
<ns3:Speed>7.691</ns3:Speed>
<ns3:Watts>191</ns3:Watts>
</ns3:TPX>
<bikeapp:Resistance01>16</bikeapp:Resistance01>
<bikeapp:BikeTotalDistanceM>17974.0</bikeapp:BikeTotalDistanceM>
</Extensions>
</Trackpoint>
<Trackpoint>
<Time>2026-05-29T21:12:00.858Z</Time>
<DistanceMeters>17711.0</DistanceMeters>
<HeartRateBpm><Value>131</Value></HeartRateBpm>
<Cadence>73</Cadence>
<Extensions>
<ns3:TPX>
<ns3:Speed>7.648</ns3:Speed>
<ns3:Watts>187</ns3:Watts>
</ns3:TPX>
<bikeapp:Resistance01>16</bikeapp:Resistance01>
<bikeapp:BikeTotalDistanceM>17981.0</bikeapp:BikeTotalDistanceM>
</Extensions>
</Trackpoint>
<Trackpoint>
<Time>2026-05-29T21:12:02.361Z</Time>
<DistanceMeters>17722.6</DistanceMeters>
<HeartRateBpm><Value>131</Value></HeartRateBpm>
<Cadence>78</Cadence>
<Extensions>
<ns3:TPX>
<ns3:Speed>7.706</ns3:Speed>
<ns3:Watts>207</ns3:Watts>
</ns3:TPX>
<bikeapp:Resistance01>16</bikeapp:Resistance01>
<bikeapp:BikeTotalDistanceM>17997.0</bikeapp:BikeTotalDistanceM>
</Extensions>
</Trackpoint>
<Trackpoint>
<Time>2026-05-29T21:12:03.860Z</Time>
<DistanceMeters>17734.2</DistanceMeters>
<HeartRateBpm><Value>132</Value></HeartRateBpm>
<Cadence>78</Cadence>
<Extensions>
<ns3:TPX>
<ns3:Speed>7.807</ns3:Speed>
<ns3:Watts>207</ns3:Watts>
</ns3:TPX>
<bikeapp:Resistance01>16</bikeapp:Resistance01>
<bikeapp:BikeTotalDistanceM>18005.0</bikeapp:BikeTotalDistanceM>
</Extensions>
</Trackpoint>
<Trackpoint>
<Time>2026-05-29T21:12:05.358Z</Time>
<DistanceMeters>17745.9</DistanceMeters>
<HeartRateBpm><Value>132</Value></HeartRateBpm>
<Cadence>75</Cadence>
<Extensions>
<ns3:TPX>
<ns3:Speed>7.814</ns3:Speed>
<ns3:Watts>195</ns3:Watts>
</ns3:TPX>
<bikeapp:Resistance01>16</bikeapp:Resistance01>
<bikeapp:BikeTotalDistanceM>18021.0</bikeapp:BikeTotalDistanceM>
</Extensions>
</Trackpoint>
<Trackpoint>
<Time>2026-05-29T21:12:06.858Z</Time>
<DistanceMeters>17757.6</DistanceMeters>
<HeartRateBpm><Value>132</Value></HeartRateBpm>
<Cadence>75</Cadence>
<Extensions>
<ns3:TPX>
<ns3:Speed>7.764</ns3:Speed>
<ns3:Watts>195</ns3:Watts>
</ns3:TPX>
<bikeapp:Resistance01>16</bikeapp:Resistance01>
<bikeapp:BikeTotalDistanceM>18029.0</bikeapp:BikeTotalDistanceM>
</Extensions>
</Trackpoint>
<Trackpoint>
<Time>2026-05-29T21:12:08.359Z</Time>
<DistanceMeters>17769.2</DistanceMeters>
<HeartRateBpm><Value>132</Value></HeartRateBpm>
<Cadence>74</Cadence>
<Extensions>
<ns3:TPX>
<ns3:Speed>7.707</ns3:Speed>
<ns3:Watts>191</ns3:Watts>
</ns3:TPX>
<bikeapp:Resistance01>16</bikeapp:Resistance01>
<bikeapp:BikeTotalDistanceM>18044.0</bikeapp:BikeTotalDistanceM>
</Extensions>
</Trackpoint>
<Trackpoint>
<Time>2026-05-29T21:12:09.858Z</Time>
<DistanceMeters>17780.7</DistanceMeters>
<HeartRateBpm><Value>131</Value></HeartRateBpm>
<Cadence>74</Cadence>
<Extensions>
<ns3:TPX>
<ns3:Speed>7.680</ns3:Speed>
<ns3:Watts>191</ns3:Watts>
</ns3:TPX>
<bikeapp:Resistance01>16</bikeapp:Resistance01>
<bikeapp:BikeTotalDistanceM>18052.0</bikeapp:BikeTotalDistanceM>
</Extensions>
</Trackpoint>
<Trackpoint>
<Time>2026-05-29T21:12:11.358Z</Time>
<DistanceMeters>17792.3</DistanceMeters>
<HeartRateBpm><Value>131</Value></HeartRateBpm>
<Cadence>77</Cadence>
<Extensions>
<ns3:TPX>
<ns3:Speed>7.763</ns3:Speed>
<ns3:Watts>203</ns3:Watts>
</ns3:TPX>
<bikeapp:Resistance01>16</bikeapp:Resistance01>
<bikeapp:BikeTotalDistanceM>18068.0</bikeapp:BikeTotalDistanceM>
</Extensions>
</Trackpoint>
<Trackpoint>
<Time>2026-05-29T21:12:12.858Z</Time>
<DistanceMeters>17804.0</DistanceMeters>
<HeartRateBpm><Value>132</Value></HeartRateBpm>
<Cadence>76</Cadence>
<Extensions>
<ns3:TPX>
<ns3:Speed>7.779</ns3:Speed>
<ns3:Watts>199</ns3:Watts>
</ns3:TPX>
<bikeapp:Resistance01>16</bikeapp:Resistance01>
<bikeapp:BikeTotalDistanceM>18075.0</bikeapp:BikeTotalDistanceM>
</Extensions>
</Trackpoint>
<Trackpoint>
<Time>2026-05-29T21:12:14.358Z</Time>
<DistanceMeters>17815.7</DistanceMeters>
<HeartRateBpm><Value>133</Value></HeartRateBpm>
<Cadence>76</Cadence>
<Extensions>
<ns3:TPX>
<ns3:Speed>7.779</ns3:Speed>
<ns3:Watts>199</ns3:Watts>
</ns3:TPX>
<bikeapp:Resistance01>16</bikeapp:Resistance01>
<bikeapp:BikeTotalDistanceM>18091.0</bikeapp:BikeTotalDistanceM>
</Extensions>
</Trackpoint>
<Trackpoint>
<Time>2026-05-29T21:12:15.870Z</Time>
<DistanceMeters>17827.5</DistanceMeters>
<HeartRateBpm><Value>134</Value></HeartRateBpm>
<Cadence>77</Cadence>
<Extensions>
<ns3:TPX>
<ns3:Speed>7.803</ns3:Speed>
<ns3:Watts>203</ns3:Watts>
</ns3:TPX>
<bikeapp:Resistance01>16</bikeapp:Resistance01>
<bikeapp:BikeTotalDistanceM>18099.0</bikeapp:BikeTotalDistanceM>
</Extensions>
</Trackpoint>
<Trackpoint>
<Time>2026-05-29T21:12:17.359Z</Time>
<DistanceMeters>17839.1</DistanceMeters>
<HeartRateBpm><Value>134</Value></HeartRateBpm>
<Cadence>76</Cadence>
<Extensions>
<ns3:TPX>
<ns3:Speed>7.790</ns3:Speed>
<ns3:Watts>199</ns3:Watts>
</ns3:TPX>
<bikeapp:Resistance01>16</bikeapp:Resistance01>
<bikeapp:BikeTotalDistanceM>18115.0</bikeapp:BikeTotalDistanceM>
</Extensions>
</Trackpoint>
<Trackpoint>
<Time>2026-05-29T21:12:18.862Z</Time>
<DistanceMeters>17850.8</DistanceMeters>
<HeartRateBpm><Value>134</Value></HeartRateBpm>
<Cadence>76</Cadence>
<Extensions>
<ns3:TPX>
<ns3:Speed>7.784</ns3:Speed>
<ns3:Watts>199</ns3:Watts>
</ns3:TPX>
<bikeapp:Resistance01>16</bikeapp:Resistance01>
<bikeapp:BikeTotalDistanceM>18123.0</bikeapp:BikeTotalDistanceM>
</Extensions>
</Trackpoint>
<Trackpoint>
<Time>2026-05-29T21:12:20.359Z</Time>
<DistanceMeters>17862.4</DistanceMeters>
<HeartRateBpm><Value>133</Value></HeartRateBpm>
<Cadence>75</Cadence>
<Extensions>
<ns3:TPX>
<ns3:Speed>7.768</ns3:Speed>
<ns3:Watts>195</ns3:Watts>
</ns3:TPX>
<bikeapp:Resistance01>16</bikeapp:Resistance01>
<bikeapp:BikeTotalDistanceM>18138.0</bikeapp:BikeTotalDistanceM>
</Extensions>
</Trackpoint>
<Trackpoint>
<Time>2026-05-29T21:12:21.859Z</Time>
<DistanceMeters>17874.0</DistanceMeters>
<HeartRateBpm><Value>133</Value></HeartRateBpm>
<Cadence>73</Cadence>
<Extensions>
<ns3:TPX>
<ns3:Speed>7.693</ns3:Speed>
<ns3:Watts>187</ns3:Watts>
</ns3:TPX>
<bikeapp:Resistance01>16</bikeapp:Resistance01>
<bikeapp:BikeTotalDistanceM>18146.0</bikeapp:BikeTotalDistanceM>
</Extensions>
</Trackpoint>
<Trackpoint>
<Time>2026-05-29T21:12:23.359Z</Time>
<DistanceMeters>17885.5</DistanceMeters>
<HeartRateBpm><Value>133</Value></HeartRateBpm>
<Cadence>74</Cadence>
<Extensions>
<ns3:TPX>
<ns3:Speed>7.673</ns3:Speed>
<ns3:Watts>191</ns3:Watts>
</ns3:TPX>
<bikeapp:Resistance01>16</bikeapp:Resistance01>
<bikeapp:BikeTotalDistanceM>18161.0</bikeapp:BikeTotalDistanceM>
</Extensions>
</Trackpoint>
<Trackpoint>
<Time>2026-05-29T21:12:24.858Z</Time>
<DistanceMeters>17897.0</DistanceMeters>
<HeartRateBpm><Value>133</Value></HeartRateBpm>
<Cadence>73</Cadence>
<Extensions>
<ns3:TPX>
<ns3:Speed>7.639</ns3:Speed>
<ns3:Watts>187</ns3:Watts>
</ns3:TPX>
<bikeapp:Resistance01>16</bikeapp:Resistance01>
<bikeapp:BikeTotalDistanceM>18169.0</bikeapp:BikeTotalDistanceM>
</Extensions>
</Trackpoint>
<Trackpoint>
<Time>2026-05-29T21:12:26.358Z</Time>
<DistanceMeters>17908.5</DistanceMeters>
<HeartRateBpm><Value>133</Value></HeartRateBpm>
<Cadence>75</Cadence>
<Extensions>
<ns3:TPX>
<ns3:Speed>7.698</ns3:Speed>
<ns3:Watts>195</ns3:Watts>
</ns3:TPX>
<bikeapp:Resistance01>16</bikeapp:Resistance01>
<bikeapp:BikeTotalDistanceM>18184.0</bikeapp:BikeTotalDistanceM>
</Extensions>
</Trackpoint>
<Trackpoint>
<Time>2026-05-29T21:12:27.858Z</Time>
<DistanceMeters>17920.0</DistanceMeters>
<HeartRateBpm><Value>133</Value></HeartRateBpm>
<Cadence>73</Cadence>
<Extensions>
<ns3:TPX>
<ns3:Speed>7.660</ns3:Speed>
<ns3:Watts>187</ns3:Watts>
</ns3:TPX>
<bikeapp:Resistance01>16</bikeapp:Resistance01>
<bikeapp:BikeTotalDistanceM>18192.0</bikeapp:BikeTotalDistanceM>
</Extensions>
</Trackpoint>
<Trackpoint>
<Time>2026-05-29T21:12:29.358Z</Time>
<DistanceMeters>17931.5</DistanceMeters>
<HeartRateBpm><Value>133</Value></HeartRateBpm>
<Cadence>73</Cadence>
<Extensions>
<ns3:TPX>
<ns3:Speed>7.643</ns3:Speed>
<ns3:Watts>187</ns3:Watts>
</ns3:TPX>
<bikeapp:Resistance01>16</bikeapp:Resistance01>
<bikeapp:BikeTotalDistanceM>18207.0</bikeapp:BikeTotalDistanceM>
</Extensions>
</Trackpoint>
<Trackpoint>
<Time>2026-05-29T21:12:30.859Z</Time>
<DistanceMeters>17943.0</DistanceMeters>
<HeartRateBpm><Value>132</Value></HeartRateBpm>
<Cadence>75</Cadence>
<Extensions>
<ns3:TPX>
<ns3:Speed>7.665</ns3:Speed>
<ns3:Watts>195</ns3:Watts>
</ns3:TPX>
<bikeapp:Resistance01>16</bikeapp:Resistance01>
<bikeapp:BikeTotalDistanceM>18215.0</bikeapp:BikeTotalDistanceM>
</Extensions>
</Trackpoint>
<Trackpoint>
<Time>2026-05-29T21:12:32.359Z</Time>
<DistanceMeters>17954.5</DistanceMeters>
<HeartRateBpm><Value>131</Value></HeartRateBpm>
<Cadence>75</Cadence>
<Extensions>
<ns3:TPX>
<ns3:Speed>7.692</ns3:Speed>
<ns3:Watts>195</ns3:Watts>
</ns3:TPX>
<bikeapp:Resistance01>16</bikeapp:Resistance01>
<bikeapp:BikeTotalDistanceM>18231.0</bikeapp:BikeTotalDistanceM>
</Extensions>
</Trackpoint>
<Trackpoint>
<Time>2026-05-29T21:12:33.861Z</Time>
<DistanceMeters>17966.1</DistanceMeters>
<HeartRateBpm><Value>131</Value></HeartRateBpm>
<Cadence>74</Cadence>
<Extensions>
<ns3:TPX>
<ns3:Speed>7.681</ns3:Speed>
<ns3:Watts>191</ns3:Watts>
</ns3:TPX>
<bikeapp:Resistance01>16</bikeapp:Resistance01>
<bikeapp:BikeTotalDistanceM>18238.0</bikeapp:BikeTotalDistanceM>
</Extensions>
</Trackpoint>
<Trackpoint>
<Time>2026-05-29T21:12:35.359Z</Time>
<DistanceMeters>17977.7</DistanceMeters>
<HeartRateBpm><Value>131</Value></HeartRateBpm>
<Cadence>79</Cadence>
<Extensions>
<ns3:TPX>
<ns3:Speed>7.790</ns3:Speed>
<ns3:Watts>211</ns3:Watts>
</ns3:TPX>
<bikeapp:Resistance01>16</bikeapp:Resistance01>
<bikeapp:BikeTotalDistanceM>18254.0</bikeapp:BikeTotalDistanceM>
</Extensions>
</Trackpoint>
<Trackpoint>
<Time>2026-05-29T21:12:36.859Z</Time>
<DistanceMeters>17989.5</DistanceMeters>
<HeartRateBpm><Value>132</Value></HeartRateBpm>
<Cadence>81</Cadence>
<Extensions>
<ns3:TPX>
<ns3:Speed>7.928</ns3:Speed>
<ns3:Watts>220</ns3:Watts>
</ns3:TPX>
<bikeapp:Resistance01>16</bikeapp:Resistance01>
<bikeapp:BikeTotalDistanceM>18263.0</bikeapp:BikeTotalDistanceM>
</Extensions>
</Trackpoint>
<Trackpoint>
<Time>2026-05-29T21:12:38.359Z</Time>
<DistanceMeters>18001.4</DistanceMeters>
<HeartRateBpm><Value>133</Value></HeartRateBpm>
<Cadence>78</Cadence>
<Extensions>
<ns3:TPX>
<ns3:Speed>7.931</ns3:Speed>
<ns3:Watts>207</ns3:Watts>
</ns3:TPX>
<bikeapp:Resistance01>16</bikeapp:Resistance01>
<bikeapp:BikeTotalDistanceM>18279.0</bikeapp:BikeTotalDistanceM>
</Extensions>
</Trackpoint>
<Trackpoint>
<Time>2026-05-29T21:12:39.860Z</Time>
<DistanceMeters>18013.3</DistanceMeters>
<HeartRateBpm><Value>133</Value></HeartRateBpm>
<Cadence>77</Cadence>
<Extensions>
<ns3:TPX>
<ns3:Speed>7.891</ns3:Speed>
<ns3:Watts>203</ns3:Watts>
</ns3:TPX>
<bikeapp:Resistance01>16</bikeapp:Resistance01>
<bikeapp:BikeTotalDistanceM>18287.0</bikeapp:BikeTotalDistanceM>
</Extensions>
</Trackpoint>
<Trackpoint>
<Time>2026-05-29T21:12:41.359Z</Time>
<DistanceMeters>18025.1</DistanceMeters>
<HeartRateBpm><Value>134</Value></HeartRateBpm>
<Cadence>78</Cadence>
<Extensions>
<ns3:TPX>
<ns3:Speed>7.878</ns3:Speed>
<ns3:Watts>207</ns3:Watts>
</ns3:TPX>
<bikeapp:Resistance01>16</bikeapp:Resistance01>
<bikeapp:BikeTotalDistanceM>18303.0</bikeapp:BikeTotalDistanceM>
</Extensions>
</Trackpoint>
<Trackpoint>
<Time>2026-05-29T21:12:42.871Z</Time>
<DistanceMeters>18037.0</DistanceMeters>
<HeartRateBpm><Value>134</Value></HeartRateBpm>
<Cadence>76</Cadence>
<Extensions>
<ns3:TPX>
<ns3:Speed>7.842</ns3:Speed>
<ns3:Watts>199</ns3:Watts>
</ns3:TPX>
<bikeapp:Resistance01>16</bikeapp:Resistance01>
<bikeapp:BikeTotalDistanceM>18311.0</bikeapp:BikeTotalDistanceM>
</Extensions>
</Trackpoint>
<Trackpoint>
<Time>2026-05-29T21:12:44.358Z</Time>
<DistanceMeters>18048.6</DistanceMeters>
<HeartRateBpm><Value>135</Value></HeartRateBpm>
<Cadence>76</Cadence>
<Extensions>
<ns3:TPX>
<ns3:Speed>7.809</ns3:Speed>
<ns3:Watts>199</ns3:Watts>
</ns3:TPX>
<bikeapp:Resistance01>16</bikeapp:Resistance01>
<bikeapp:BikeTotalDistanceM>18327.0</bikeapp:BikeTotalDistanceM>
</Extensions>
</Trackpoint>
<Trackpoint>
<Time>2026-05-29T21:12:45.859Z</Time>
<DistanceMeters>18060.3</DistanceMeters>
<HeartRateBpm><Value>135</Value></HeartRateBpm>
<Cadence>75</Cadence>
<Extensions>
<ns3:TPX>
<ns3:Speed>7.770</ns3:Speed>
<ns3:Watts>195</ns3:Watts>
</ns3:TPX>
<bikeapp:Resistance01>16</bikeapp:Resistance01>
<bikeapp:BikeTotalDistanceM>18334.0</bikeapp:BikeTotalDistanceM>
</Extensions>
</Trackpoint>
<Trackpoint>
<Time>2026-05-29T21:12:47.359Z</Time>
<DistanceMeters>18071.9</DistanceMeters>
<HeartRateBpm><Value>136</Value></HeartRateBpm>
<Cadence>76</Cadence>
<Extensions>
<ns3:TPX>
<ns3:Speed>7.775</ns3:Speed>
<ns3:Watts>199</ns3:Watts>
</ns3:TPX>
<bikeapp:Resistance01>16</bikeapp:Resistance01>
<bikeapp:BikeTotalDistanceM>18350.0</bikeapp:BikeTotalDistanceM>
</Extensions>
</Trackpoint>
<Trackpoint>
<Time>2026-05-29T21:12:48.861Z</Time>
<DistanceMeters>18083.6</DistanceMeters>
<HeartRateBpm><Value>136</Value></HeartRateBpm>
<Cadence>76</Cadence>
<Extensions>
<ns3:TPX>
<ns3:Speed>7.777</ns3:Speed>
<ns3:Watts>199</ns3:Watts>
</ns3:TPX>
<bikeapp:Resistance01>16</bikeapp:Resistance01>
<bikeapp:BikeTotalDistanceM>18358.0</bikeapp:BikeTotalDistanceM>
</Extensions>
</Trackpoint>
<Trackpoint>
<Time>2026-05-29T21:12:50.359Z</Time>
<DistanceMeters>18095.3</DistanceMeters>
<HeartRateBpm><Value>135</Value></HeartRateBpm>
<Cadence>78</Cadence>
<Extensions>
<ns3:TPX>
<ns3:Speed>7.805</ns3:Speed>
<ns3:Watts>207</ns3:Watts>
</ns3:TPX>
<bikeapp:Resistance01>16</bikeapp:Resistance01>
<bikeapp:BikeTotalDistanceM>18374.0</bikeapp:BikeTotalDistanceM>
</Extensions>
</Trackpoint>
<Trackpoint>
<Time>2026-05-29T21:12:51.859Z</Time>
<DistanceMeters>18107.0</DistanceMeters>
<HeartRateBpm><Value>134</Value></HeartRateBpm>
<Cadence>77</Cadence>
<Extensions>
<ns3:TPX>
<ns3:Speed>7.831</ns3:Speed>
<ns3:Watts>203</ns3:Watts>
</ns3:TPX>
<bikeapp:Resistance01>16</bikeapp:Resistance01>
<bikeapp:BikeTotalDistanceM>18382.0</bikeapp:BikeTotalDistanceM>
</Extensions>
</Trackpoint>
<Trackpoint>
<Time>2026-05-29T21:12:53.358Z</Time>
<DistanceMeters>18118.8</DistanceMeters>
<HeartRateBpm><Value>134</Value></HeartRateBpm>
<Cadence>77</Cadence>
<Extensions>
<ns3:TPX>
<ns3:Speed>7.853</ns3:Speed>
<ns3:Watts>203</ns3:Watts>
</ns3:TPX>
<bikeapp:Resistance01>16</bikeapp:Resistance01>
<bikeapp:BikeTotalDistanceM>18398.0</bikeapp:BikeTotalDistanceM>
</Extensions>
</Trackpoint>
<Trackpoint>
<Time>2026-05-29T21:12:54.859Z</Time>
<DistanceMeters>18130.5</DistanceMeters>
<HeartRateBpm><Value>136</Value></HeartRateBpm>
<Cadence>76</Cadence>
<Extensions>
<ns3:TPX>
<ns3:Speed>7.823</ns3:Speed>
<ns3:Watts>199</ns3:Watts>
</ns3:TPX>
<bikeapp:Resistance01>16</bikeapp:Resistance01>
<bikeapp:BikeTotalDistanceM>18406.0</bikeapp:BikeTotalDistanceM>
</Extensions>
</Trackpoint>
<Trackpoint>
<Time>2026-05-29T21:12:56.359Z</Time>
<DistanceMeters>18142.3</DistanceMeters>
<HeartRateBpm><Value>137</Value></HeartRateBpm>
<Cadence>79</Cadence>
<Extensions>
<ns3:TPX>
<ns3:Speed>7.858</ns3:Speed>
<ns3:Watts>211</ns3:Watts>
</ns3:TPX>
<bikeapp:Resistance01>16</bikeapp:Resistance01>
<bikeapp:BikeTotalDistanceM>18422.0</bikeapp:BikeTotalDistanceM>
</Extensions>
</Trackpoint>
<Trackpoint>
<Time>2026-05-29T21:12:57.859Z</Time>
<DistanceMeters>18154.2</DistanceMeters>
<HeartRateBpm><Value>138</Value></HeartRateBpm>
<Cadence>80</Cadence>
<Extensions>
<ns3:TPX>
<ns3:Speed>7.933</ns3:Speed>
<ns3:Watts>215</ns3:Watts>
</ns3:TPX>
<bikeapp:Resistance01>16</bikeapp:Resistance01>
<bikeapp:BikeTotalDistanceM>18430.0</bikeapp:BikeTotalDistanceM>
</Extensions>
</Trackpoint>
<Trackpoint>
<Time>2026-05-29T21:12:59.358Z</Time>
<DistanceMeters>18166.0</DistanceMeters>
<HeartRateBpm><Value>137</Value></HeartRateBpm>
<Cadence>75</Cadence>
<Extensions>
<ns3:TPX>
<ns3:Speed>7.839</ns3:Speed>
<ns3:Watts>195</ns3:Watts>
</ns3:TPX>
<bikeapp:Resistance01>16</bikeapp:Resistance01>
<bikeapp:BikeTotalDistanceM>18446.0</bikeapp:BikeTotalDistanceM>
</Extensions>
</Trackpoint>
<Trackpoint>
<Time>2026-05-29T21:13:00.859Z</Time>
<DistanceMeters>18177.7</DistanceMeters>
<HeartRateBpm><Value>136</Value></HeartRateBpm>
<Cadence>75</Cadence>
<Extensions>
<ns3:TPX>
<ns3:Speed>7.776</ns3:Speed>
<ns3:Watts>195</ns3:Watts>
</ns3:TPX>
<bikeapp:Resistance01>16</bikeapp:Resistance01>
<bikeapp:BikeTotalDistanceM>18454.0</bikeapp:BikeTotalDistanceM>
</Extensions>
</Trackpoint>
<Trackpoint>
<Time>2026-05-29T21:13:01.859Z</Time>
<DistanceMeters>18185.4</DistanceMeters>
<HeartRateBpm><Value>135</Value></HeartRateBpm>
<Cadence>75</Cadence>
<Extensions>
<ns3:TPX>
<ns3:Speed>7.753</ns3:Speed>
<ns3:Watts>195</ns3:Watts>
</ns3:TPX>
<bikeapp:Resistance01>16</bikeapp:Resistance01>
<bikeapp:BikeTotalDistanceM>18461.0</bikeapp:BikeTotalDistanceM>
</Extensions>
</Trackpoint>
<Trackpoint>
<Time>2026-05-29T21:13:02.860Z</Time>
<DistanceMeters>18193.2</DistanceMeters>
<HeartRateBpm><Value>135</Value></HeartRateBpm>
<Cadence>79</Cadence>
<Extensions>
<ns3:TPX>
<ns3:Speed>7.833</ns3:Speed>
<ns3:Watts>211</ns3:Watts>
</ns3:TPX>
<bikeapp:Resistance01>16</bikeapp:Resistance01>
<bikeapp:BikeTotalDistanceM>18470.0</bikeapp:BikeTotalDistanceM>
</Extensions>
</Trackpoint>
<Trackpoint>
<Time>2026-05-29T21:13:04.362Z</Time>
<DistanceMeters>18205.0</DistanceMeters>
<HeartRateBpm><Value>134</Value></HeartRateBpm>
<Cadence>77</Cadence>
<Extensions>
<ns3:TPX>
<ns3:Speed>7.854</ns3:Speed>
<ns3:Watts>203</ns3:Watts>
</ns3:TPX>
<bikeapp:Resistance01>16</bikeapp:Resistance01>
<bikeapp:BikeTotalDistanceM>18486.0</bikeapp:BikeTotalDistanceM>
</Extensions>
</Trackpoint>
<Trackpoint>
<Time>2026-05-29T21:13:05.859Z</Time>
<DistanceMeters>18216.8</DistanceMeters>
<HeartRateBpm><Value>134</Value></HeartRateBpm>
<Cadence>77</Cadence>
<Extensions>
<ns3:TPX>
<ns3:Speed>7.847</ns3:Speed>
<ns3:Watts>203</ns3:Watts>
</ns3:TPX>
<bikeapp:Resistance01>16</bikeapp:Resistance01>
<bikeapp:BikeTotalDistanceM>18494.0</bikeapp:BikeTotalDistanceM>
</Extensions>
</Trackpoint>
<Trackpoint>
<Time>2026-05-29T21:13:06.859Z</Time>
<DistanceMeters>18224.6</DistanceMeters>
<HeartRateBpm><Value>134</Value></HeartRateBpm>
<Cadence>76</Cadence>
<Extensions>
<ns3:TPX>
<ns3:Speed>7.820</ns3:Speed>
<ns3:Watts>199</ns3:Watts>
</ns3:TPX>
<bikeapp:Resistance01>16</bikeapp:Resistance01>
<bikeapp:BikeTotalDistanceM>18502.0</bikeapp:BikeTotalDistanceM>
</Extensions>
</Trackpoint>
<Trackpoint>
<Time>2026-05-29T21:13:08.359Z</Time>
<DistanceMeters>18236.3</DistanceMeters>
<HeartRateBpm><Value>134</Value></HeartRateBpm>
<Cadence>75</Cadence>
<Extensions>
<ns3:TPX>
<ns3:Speed>7.767</ns3:Speed>
<ns3:Watts>195</ns3:Watts>
</ns3:TPX>
<bikeapp:Resistance01>16</bikeapp:Resistance01>
<bikeapp:BikeTotalDistanceM>18517.0</bikeapp:BikeTotalDistanceM>
</Extensions>
</Trackpoint>
<Trackpoint>
<Time>2026-05-29T21:13:09.859Z</Time>
<DistanceMeters>18247.9</DistanceMeters>
<HeartRateBpm><Value>135</Value></HeartRateBpm>
<Cadence>76</Cadence>
<Extensions>
<ns3:TPX>
<ns3:Speed>7.765</ns3:Speed>
<ns3:Watts>199</ns3:Watts>
</ns3:TPX>
<bikeapp:Resistance01>16</bikeapp:Resistance01>
<bikeapp:BikeTotalDistanceM>18525.0</bikeapp:BikeTotalDistanceM>
</Extensions>
</Trackpoint>
<Trackpoint>
<Time>2026-05-29T21:13:11.359Z</Time>
<DistanceMeters>18259.6</DistanceMeters>
<HeartRateBpm><Value>134</Value></HeartRateBpm>
<Cadence>77</Cadence>
<Extensions>
<ns3:TPX>
<ns3:Speed>7.822</ns3:Speed>
<ns3:Watts>203</ns3:Watts>
</ns3:TPX>
<bikeapp:Resistance01>16</bikeapp:Resistance01>
<bikeapp:BikeTotalDistanceM>18541.0</bikeapp:BikeTotalDistanceM>
</Extensions>
</Trackpoint>
<Trackpoint>
<Time>2026-05-29T21:13:12.859Z</Time>
<DistanceMeters>18271.4</DistanceMeters>
<HeartRateBpm><Value>133</Value></HeartRateBpm>
<Cadence>78</Cadence>
<Extensions>
<ns3:TPX>
<ns3:Speed>7.854</ns3:Speed>
<ns3:Watts>207</ns3:Watts>
</ns3:TPX>
<bikeapp:Resistance01>16</bikeapp:Resistance01>
<bikeapp:BikeTotalDistanceM>18549.0</bikeapp:BikeTotalDistanceM>
</Extensions>
</Trackpoint>
<Trackpoint>
<Time>2026-05-29T21:13:14.359Z</Time>
<DistanceMeters>18283.2</DistanceMeters>
<HeartRateBpm><Value>132</Value></HeartRateBpm>
<Cadence>76</Cadence>
<Extensions>
<ns3:TPX>
<ns3:Speed>7.833</ns3:Speed>
<ns3:Watts>199</ns3:Watts>
</ns3:TPX>
<bikeapp:Resistance01>16</bikeapp:Resistance01>
<bikeapp:BikeTotalDistanceM>18565.0</bikeapp:BikeTotalDistanceM>
</Extensions>
</Trackpoint>
<Trackpoint>
<Time>2026-05-29T21:13:15.859Z</Time>
<DistanceMeters>18294.9</DistanceMeters>
<HeartRateBpm><Value>131</Value></HeartRateBpm>
<Cadence>78</Cadence>
<Extensions>
<ns3:TPX>
<ns3:Speed>7.851</ns3:Speed>
<ns3:Watts>207</ns3:Watts>
</ns3:TPX>
<bikeapp:Resistance01>16</bikeapp:Resistance01>
<bikeapp:BikeTotalDistanceM>18573.0</bikeapp:BikeTotalDistanceM>
</Extensions>
</Trackpoint>
<Trackpoint>
<Time>2026-05-29T21:13:17.359Z</Time>
<DistanceMeters>18306.7</DistanceMeters>
<HeartRateBpm><Value>131</Value></HeartRateBpm>
<Cadence>76</Cadence>
<Extensions>
<ns3:TPX>
<ns3:Speed>7.849</ns3:Speed>
<ns3:Watts>199</ns3:Watts>
</ns3:TPX>
<bikeapp:Resistance01>16</bikeapp:Resistance01>
<bikeapp:BikeTotalDistanceM>18589.0</bikeapp:BikeTotalDistanceM>
</Extensions>
</Trackpoint>
<Trackpoint>
<Time>2026-05-29T21:13:18.860Z</Time>
<DistanceMeters>18318.4</DistanceMeters>
<HeartRateBpm><Value>131</Value></HeartRateBpm>
<Cadence>74</Cadence>
<Extensions>
<ns3:TPX>
<ns3:Speed>7.765</ns3:Speed>
<ns3:Watts>191</ns3:Watts>
</ns3:TPX>
<bikeapp:Resistance01>16</bikeapp:Resistance01>
<bikeapp:BikeTotalDistanceM>18597.0</bikeapp:BikeTotalDistanceM>
</Extensions>
</Trackpoint>
<Trackpoint>
<Time>2026-05-29T21:13:20.359Z</Time>
<DistanceMeters>18330.0</DistanceMeters>
<HeartRateBpm><Value>131</Value></HeartRateBpm>
<Cadence>74</Cadence>
<Extensions>
<ns3:TPX>
<ns3:Speed>7.689</ns3:Speed>
<ns3:Watts>191</ns3:Watts>
</ns3:TPX>
<bikeapp:Resistance01>16</bikeapp:Resistance01>
<bikeapp:BikeTotalDistanceM>18612.0</bikeapp:BikeTotalDistanceM>
</Extensions>
</Trackpoint>
<Trackpoint>
<Time>2026-05-29T21:13:21.859Z</Time>
<DistanceMeters>18341.5</DistanceMeters>
<HeartRateBpm><Value>132</Value></HeartRateBpm>
<Cadence>73</Cadence>
<Extensions>
<ns3:TPX>
<ns3:Speed>7.647</ns3:Speed>
<ns3:Watts>187</ns3:Watts>
</ns3:TPX>
<bikeapp:Resistance01>16</bikeapp:Resistance01>
<bikeapp:BikeTotalDistanceM>18619.0</bikeapp:BikeTotalDistanceM>
</Extensions>
</Trackpoint>
<Trackpoint>
<Time>2026-05-29T21:13:23.359Z</Time>
<DistanceMeters>18352.9</DistanceMeters>
<HeartRateBpm><Value>132</Value></HeartRateBpm>
<Cadence>75</Cadence>
<Extensions>
<ns3:TPX>
<ns3:Speed>7.646</ns3:Speed>
<ns3:Watts>195</ns3:Watts>
</ns3:TPX>
<bikeapp:Resistance01>16</bikeapp:Resistance01>
<bikeapp:BikeTotalDistanceM>18635.0</bikeapp:BikeTotalDistanceM>
</Extensions>
</Trackpoint>
<Trackpoint>
<Time>2026-05-29T21:13:24.859Z</Time>
<DistanceMeters>18364.5</DistanceMeters>
<HeartRateBpm><Value>131</Value></HeartRateBpm>
<Cadence>79</Cadence>
<Extensions>
<ns3:TPX>
<ns3:Speed>7.777</ns3:Speed>
<ns3:Watts>211</ns3:Watts>
</ns3:TPX>
<bikeapp:Resistance01>16</bikeapp:Resistance01>
<bikeapp:BikeTotalDistanceM>18643.0</bikeapp:BikeTotalDistanceM>
</Extensions>
</Trackpoint>
<Trackpoint>
<Time>2026-05-29T21:13:26.359Z</Time>
<DistanceMeters>18376.3</DistanceMeters>
<HeartRateBpm><Value>130</Value></HeartRateBpm>
<Cadence>81</Cadence>
<Extensions>
<ns3:TPX>
<ns3:Speed>7.939</ns3:Speed>
<ns3:Watts>220</ns3:Watts>
</ns3:TPX>
<bikeapp:Resistance01>16</bikeapp:Resistance01>
<bikeapp:BikeTotalDistanceM>18660.0</bikeapp:BikeTotalDistanceM>
</Extensions>
</Trackpoint>
<Trackpoint>
<Time>2026-05-29T21:13:27.859Z</Time>
<DistanceMeters>18388.3</DistanceMeters>
<HeartRateBpm><Value>130</Value></HeartRateBpm>
<Cadence>80</Cadence>
<Extensions>
<ns3:TPX>
<ns3:Speed>7.989</ns3:Speed>
<ns3:Watts>215</ns3:Watts>
</ns3:TPX>
<bikeapp:Resistance01>16</bikeapp:Resistance01>
<bikeapp:BikeTotalDistanceM>18668.0</bikeapp:BikeTotalDistanceM>
</Extensions>
</Trackpoint>
<Trackpoint>
<Time>2026-05-29T21:13:29.359Z</Time>
<DistanceMeters>18400.3</DistanceMeters>
<HeartRateBpm><Value>130</Value></HeartRateBpm>
<Cadence>79</Cadence>
<Extensions>
<ns3:TPX>
<ns3:Speed>8.012</ns3:Speed>
<ns3:Watts>211</ns3:Watts>
</ns3:TPX>
<bikeapp:Resistance01>16</bikeapp:Resistance01>
<bikeapp:BikeTotalDistanceM>18685.0</bikeapp:BikeTotalDistanceM>
</Extensions>
</Trackpoint>
<Trackpoint>
<Time>2026-05-29T21:13:30.859Z</Time>
<DistanceMeters>18412.3</DistanceMeters>
<HeartRateBpm><Value>130</Value></HeartRateBpm>
<Cadence>78</Cadence>
<Extensions>
<ns3:TPX>
<ns3:Speed>7.961</ns3:Speed>
<ns3:Watts>207</ns3:Watts>
</ns3:TPX>
<bikeapp:Resistance01>16</bikeapp:Resistance01>
<bikeapp:BikeTotalDistanceM>18693.0</bikeapp:BikeTotalDistanceM>
</Extensions>
</Trackpoint>
<Trackpoint>
<Time>2026-05-29T21:13:32.359Z</Time>
<DistanceMeters>18424.2</DistanceMeters>
<HeartRateBpm><Value>130</Value></HeartRateBpm>
<Cadence>79</Cadence>
<Extensions>
<ns3:TPX>
<ns3:Speed>7.960</ns3:Speed>
<ns3:Watts>211</ns3:Watts>
</ns3:TPX>
<bikeapp:Resistance01>16</bikeapp:Resistance01>
<bikeapp:BikeTotalDistanceM>18709.0</bikeapp:BikeTotalDistanceM>
</Extensions>
</Trackpoint>
<Trackpoint>
<Time>2026-05-29T21:13:33.860Z</Time>
<DistanceMeters>18436.2</DistanceMeters>
<HeartRateBpm><Value>131</Value></HeartRateBpm>
<Cadence>79</Cadence>
<Extensions>
<ns3:TPX>
<ns3:Speed>7.959</ns3:Speed>
<ns3:Watts>211</ns3:Watts>
</ns3:TPX>
<bikeapp:Resistance01>16</bikeapp:Resistance01>
<bikeapp:BikeTotalDistanceM>18717.0</bikeapp:BikeTotalDistanceM>
</Extensions>
</Trackpoint>
<Trackpoint>
<Time>2026-05-29T21:13:35.360Z</Time>
<DistanceMeters>18448.2</DistanceMeters>
<HeartRateBpm><Value>132</Value></HeartRateBpm>
<Cadence>82</Cadence>
<Extensions>
<ns3:TPX>
<ns3:Speed>8.042</ns3:Speed>
<ns3:Watts>225</ns3:Watts>
</ns3:TPX>
<bikeapp:Resistance01>16</bikeapp:Resistance01>
<bikeapp:BikeTotalDistanceM>18734.0</bikeapp:BikeTotalDistanceM>
</Extensions>
</Trackpoint>
<Trackpoint>
<Time>2026-05-29T21:13:36.859Z</Time>
<DistanceMeters>18460.3</DistanceMeters>
<HeartRateBpm><Value>133</Value></HeartRateBpm>
<Cadence>81</Cadence>
<Extensions>
<ns3:TPX>
<ns3:Speed>8.075</ns3:Speed>
<ns3:Watts>220</ns3:Watts>
</ns3:TPX>
<bikeapp:Resistance01>16</bikeapp:Resistance01>
<bikeapp:BikeTotalDistanceM>18743.0</bikeapp:BikeTotalDistanceM>
</Extensions>
</Trackpoint>
<Trackpoint>
<Time>2026-05-29T21:13:38.359Z</Time>
<DistanceMeters>18472.3</DistanceMeters>
<HeartRateBpm><Value>134</Value></HeartRateBpm>
<Cadence>76</Cadence>
<Extensions>
<ns3:TPX>
<ns3:Speed>7.957</ns3:Speed>
<ns3:Watts>199</ns3:Watts>
</ns3:TPX>
<bikeapp:Resistance01>16</bikeapp:Resistance01>
<bikeapp:BikeTotalDistanceM>18758.0</bikeapp:BikeTotalDistanceM>
</Extensions>
</Trackpoint>
<Trackpoint>
<Time>2026-05-29T21:13:39.860Z</Time>
<DistanceMeters>18484.2</DistanceMeters>
<HeartRateBpm><Value>135</Value></HeartRateBpm>
<Cadence>77</Cadence>
<Extensions>
<ns3:TPX>
<ns3:Speed>7.888</ns3:Speed>
<ns3:Watts>203</ns3:Watts>
</ns3:TPX>
<bikeapp:Resistance01>16</bikeapp:Resistance01>
<bikeapp:BikeTotalDistanceM>18766.0</bikeapp:BikeTotalDistanceM>
</Extensions>
</Trackpoint>
<Trackpoint>
<Time>2026-05-29T21:13:41.359Z</Time>
<DistanceMeters>18496.0</DistanceMeters>
<HeartRateBpm><Value>134</Value></HeartRateBpm>
<Cadence>78</Cadence>
<Extensions>
<ns3:TPX>
<ns3:Speed>7.876</ns3:Speed>
<ns3:Watts>207</ns3:Watts>
</ns3:TPX>
<bikeapp:Resistance01>16</bikeapp:Resistance01>
<bikeapp:BikeTotalDistanceM>18782.0</bikeapp:BikeTotalDistanceM>
</Extensions>
</Trackpoint>
<Trackpoint>
<Time>2026-05-29T21:13:42.847Z</Time>
<DistanceMeters>18507.7</DistanceMeters>
<HeartRateBpm><Value>133</Value></HeartRateBpm>
<Cadence>78</Cadence>
<Extensions>
<ns3:TPX>
<ns3:Speed>7.888</ns3:Speed>
<ns3:Watts>207</ns3:Watts>
</ns3:TPX>
<bikeapp:Resistance01>16</bikeapp:Resistance01>
<bikeapp:BikeTotalDistanceM>18791.0</bikeapp:BikeTotalDistanceM>
</Extensions>
</Trackpoint>
<Trackpoint>
<Time>2026-05-29T21:13:44.346Z</Time>
<DistanceMeters>18519.5</DistanceMeters>
<HeartRateBpm><Value>132</Value></HeartRateBpm>
<Cadence>77</Cadence>
<Extensions>
<ns3:TPX>
<ns3:Speed>7.826</ns3:Speed>
<ns3:Watts>203</ns3:Watts>
</ns3:TPX>
<bikeapp:Resistance01>16</bikeapp:Resistance01>
<bikeapp:BikeTotalDistanceM>18806.0</bikeapp:BikeTotalDistanceM>
</Extensions>
</Trackpoint>
<Trackpoint>
<Time>2026-05-29T21:13:45.359Z</Time>
<DistanceMeters>18527.4</DistanceMeters>
<HeartRateBpm><Value>131</Value></HeartRateBpm>
<Cadence>78</Cadence>
<Extensions>
<ns3:TPX>
<ns3:Speed>7.844</ns3:Speed>
<ns3:Watts>207</ns3:Watts>
</ns3:TPX>
<bikeapp:Resistance01>16</bikeapp:Resistance01>
<bikeapp:BikeTotalDistanceM>18814.0</bikeapp:BikeTotalDistanceM>
</Extensions>
</Trackpoint>
<Trackpoint>
<Time>2026-05-29T21:13:46.360Z</Time>
<DistanceMeters>18535.3</DistanceMeters>
<HeartRateBpm><Value>131</Value></HeartRateBpm>
<Cadence>79</Cadence>
<Extensions>
<ns3:TPX>
<ns3:Speed>7.878</ns3:Speed>
<ns3:Watts>211</ns3:Watts>
</ns3:TPX>
<bikeapp:Resistance01>16</bikeapp:Resistance01>
<bikeapp:BikeTotalDistanceM>18823.0</bikeapp:BikeTotalDistanceM>
</Extensions>
</Trackpoint>
<Trackpoint>
<Time>2026-05-29T21:13:47.360Z</Time>
<DistanceMeters>18543.2</DistanceMeters>
<HeartRateBpm><Value>131</Value></HeartRateBpm>
<Cadence>79</Cadence>
<Extensions>
<ns3:TPX>
<ns3:Speed>7.909</ns3:Speed>
<ns3:Watts>211</ns3:Watts>
</ns3:TPX>
<bikeapp:Resistance01>16</bikeapp:Resistance01>
<bikeapp:BikeTotalDistanceM>18831.0</bikeapp:BikeTotalDistanceM>
</Extensions>
</Trackpoint>
<Trackpoint>
<Time>2026-05-29T21:13:48.360Z</Time>
<DistanceMeters>18551.1</DistanceMeters>
<HeartRateBpm><Value>131</Value></HeartRateBpm>
<Cadence>80</Cadence>
<Extensions>
<ns3:TPX>
<ns3:Speed>7.941</ns3:Speed>
<ns3:Watts>215</ns3:Watts>
</ns3:TPX>
<bikeapp:Resistance01>16</bikeapp:Resistance01>
<bikeapp:BikeTotalDistanceM>18839.0</bikeapp:BikeTotalDistanceM>
</Extensions>
</Trackpoint>
<Trackpoint>
<Time>2026-05-29T21:13:49.859Z</Time>
<DistanceMeters>18563.0</DistanceMeters>
<HeartRateBpm><Value>131</Value></HeartRateBpm>
<Cadence>79</Cadence>
<Extensions>
<ns3:TPX>
<ns3:Speed>7.958</ns3:Speed>
<ns3:Watts>211</ns3:Watts>
</ns3:TPX>
<bikeapp:Resistance01>16</bikeapp:Resistance01>
<bikeapp:BikeTotalDistanceM>18847.0</bikeapp:BikeTotalDistanceM>
</Extensions>
</Trackpoint>
<Trackpoint>
<Time>2026-05-29T21:13:51.360Z</Time>
<DistanceMeters>18575.1</DistanceMeters>
<HeartRateBpm><Value>131</Value></HeartRateBpm>
<Cadence>81</Cadence>
<Extensions>
<ns3:TPX>
<ns3:Speed>8.047</ns3:Speed>
<ns3:Watts>220</ns3:Watts>
</ns3:TPX>
<bikeapp:Resistance01>16</bikeapp:Resistance01>
<bikeapp:BikeTotalDistanceM>18864.0</bikeapp:BikeTotalDistanceM>
</Extensions>
</Trackpoint>
<Trackpoint>
<Time>2026-05-29T21:13:52.859Z</Time>
<DistanceMeters>18587.2</DistanceMeters>
<HeartRateBpm><Value>132</Value></HeartRateBpm>
<Cadence>81</Cadence>
<Extensions>
<ns3:TPX>
<ns3:Speed>8.068</ns3:Speed>
<ns3:Watts>220</ns3:Watts>
</ns3:TPX>
<bikeapp:Resistance01>16</bikeapp:Resistance01>
<bikeapp:BikeTotalDistanceM>18873.0</bikeapp:BikeTotalDistanceM>
</Extensions>
</Trackpoint>
<Trackpoint>
<Time>2026-05-29T21:13:53.860Z</Time>
<DistanceMeters>18595.3</DistanceMeters>
<HeartRateBpm><Value>132</Value></HeartRateBpm>
<Cadence>82</Cadence>
<Extensions>
<ns3:TPX>
<ns3:Speed>8.103</ns3:Speed>
<ns3:Watts>225</ns3:Watts>
</ns3:TPX>
<bikeapp:Resistance01>16</bikeapp:Resistance01>
<bikeapp:BikeTotalDistanceM>18881.0</bikeapp:BikeTotalDistanceM>
</Extensions>
</Trackpoint>
<Trackpoint>
<Time>2026-05-29T21:13:55.359Z</Time>
<DistanceMeters>18607.4</DistanceMeters>
<HeartRateBpm><Value>133</Value></HeartRateBpm>
<Cadence>80</Cadence>
<Extensions>
<ns3:TPX>
<ns3:Speed>8.101</ns3:Speed>
<ns3:Watts>215</ns3:Watts>
</ns3:TPX>
<bikeapp:Resistance01>16</bikeapp:Resistance01>
<bikeapp:BikeTotalDistanceM>18898.0</bikeapp:BikeTotalDistanceM>
</Extensions>
</Trackpoint>
<Trackpoint>
<Time>2026-05-29T21:13:56.372Z</Time>
<DistanceMeters>18615.6</DistanceMeters>
<HeartRateBpm><Value>133</Value></HeartRateBpm>
<Cadence>78</Cadence>
<Extensions>
<ns3:TPX>
<ns3:Speed>8.042</ns3:Speed>
<ns3:Watts>207</ns3:Watts>
</ns3:TPX>
<bikeapp:Resistance01>16</bikeapp:Resistance01>
<bikeapp:BikeTotalDistanceM>18906.0</bikeapp:BikeTotalDistanceM>
</Extensions>
</Trackpoint>
<Trackpoint>
<Time>2026-05-29T21:13:57.872Z</Time>
<DistanceMeters>18627.6</DistanceMeters>
<HeartRateBpm><Value>133</Value></HeartRateBpm>
<Cadence>78</Cadence>
<Extensions>
<ns3:TPX>
<ns3:Speed>7.968</ns3:Speed>
<ns3:Watts>207</ns3:Watts>
</ns3:TPX>
<bikeapp:Resistance01>16</bikeapp:Resistance01>
<bikeapp:BikeTotalDistanceM>18914.0</bikeapp:BikeTotalDistanceM>
</Extensions>
</Trackpoint>
<Trackpoint>
<Time>2026-05-29T21:13:59.359Z</Time>
<DistanceMeters>18639.4</DistanceMeters>
<HeartRateBpm><Value>133</Value></HeartRateBpm>
<Cadence>78</Cadence>
<Extensions>
<ns3:TPX>
<ns3:Speed>7.950</ns3:Speed>
<ns3:Watts>207</ns3:Watts>
</ns3:TPX>
<bikeapp:Resistance01>16</bikeapp:Resistance01>
<bikeapp:BikeTotalDistanceM>18930.0</bikeapp:BikeTotalDistanceM>
</Extensions>
</Trackpoint>
<Trackpoint>
<Time>2026-05-29T21:14:00.384Z</Time>
<DistanceMeters>18647.5</DistanceMeters>
<HeartRateBpm><Value>133</Value></HeartRateBpm>
<Cadence>79</Cadence>
<Extensions>
<ns3:TPX>
<ns3:Speed>7.943</ns3:Speed>
<ns3:Watts>211</ns3:Watts>
</ns3:TPX>
<bikeapp:Resistance01>16</bikeapp:Resistance01>
<bikeapp:BikeTotalDistanceM>18938.0</bikeapp:BikeTotalDistanceM>
</Extensions>
</Trackpoint>
<Trackpoint>
<Time>2026-05-29T21:14:01.884Z</Time>
<DistanceMeters>18659.5</DistanceMeters>
<HeartRateBpm><Value>133</Value></HeartRateBpm>
<Cadence>80</Cadence>
<Extensions>
<ns3:TPX>
<ns3:Speed>7.974</ns3:Speed>
<ns3:Watts>215</ns3:Watts>
</ns3:TPX>
<bikeapp:Resistance01>16</bikeapp:Resistance01>
<bikeapp:BikeTotalDistanceM>18947.0</bikeapp:BikeTotalDistanceM>
</Extensions>
</Trackpoint>
<Trackpoint>
<Time>2026-05-29T21:14:03.398Z</Time>
<DistanceMeters>18671.5</DistanceMeters>
<HeartRateBpm><Value>134</Value></HeartRateBpm>
<Cadence>78</Cadence>
<Extensions>
<ns3:TPX>
<ns3:Speed>7.935</ns3:Speed>
<ns3:Watts>207</ns3:Watts>
</ns3:TPX>
<bikeapp:Resistance01>16</bikeapp:Resistance01>
<bikeapp:BikeTotalDistanceM>18963.0</bikeapp:BikeTotalDistanceM>
</Extensions>
</Trackpoint>
<Trackpoint>
<Time>2026-05-29T21:14:04.885Z</Time>
<DistanceMeters>18683.3</DistanceMeters>
<HeartRateBpm><Value>134</Value></HeartRateBpm>
<Cadence>79</Cadence>
<Extensions>
<ns3:TPX>
<ns3:Speed>7.939</ns3:Speed>
<ns3:Watts>211</ns3:Watts>
</ns3:TPX>
<bikeapp:Resistance01>16</bikeapp:Resistance01>
<bikeapp:BikeTotalDistanceM>18971.0</bikeapp:BikeTotalDistanceM>
</Extensions>
</Trackpoint>
<Trackpoint>
<Time>2026-05-29T21:14:06.385Z</Time>
<DistanceMeters>18695.2</DistanceMeters>
<HeartRateBpm><Value>135</Value></HeartRateBpm>
<Cadence>81</Cadence>
<Extensions>
<ns3:TPX>
<ns3:Speed>7.961</ns3:Speed>
<ns3:Watts>220</ns3:Watts>
</ns3:TPX>
<bikeapp:Resistance01>16</bikeapp:Resistance01>
<bikeapp:BikeTotalDistanceM>18988.0</bikeapp:BikeTotalDistanceM>
</Extensions>
</Trackpoint>
<Trackpoint>
<Time>2026-05-29T21:14:07.408Z</Time>
<DistanceMeters>18703.4</DistanceMeters>
<HeartRateBpm><Value>135</Value></HeartRateBpm>
<Cadence>83</Cadence>
<Extensions>
<ns3:TPX>
<ns3:Speed>8.044</ns3:Speed>
<ns3:Watts>230</ns3:Watts>
</ns3:TPX>
<bikeapp:Resistance01>16</bikeapp:Resistance01>
<bikeapp:BikeTotalDistanceM>18996.0</bikeapp:BikeTotalDistanceM>
</Extensions>
</Trackpoint>
<Trackpoint>
<Time>2026-05-29T21:14:08.885Z</Time>
<DistanceMeters>18715.4</DistanceMeters>
<HeartRateBpm><Value>135</Value></HeartRateBpm>
<Cadence>83</Cadence>
<Extensions>
<ns3:TPX>
<ns3:Speed>8.138</ns3:Speed>
<ns3:Watts>230</ns3:Watts>
</ns3:TPX>
<bikeapp:Resistance01>16</bikeapp:Resistance01>
<bikeapp:BikeTotalDistanceM>19005.0</bikeapp:BikeTotalDistanceM>
</Extensions>
</Trackpoint>
<Trackpoint>
<Time>2026-05-29T21:14:10.372Z</Time>
<DistanceMeters>18727.5</DistanceMeters>
<HeartRateBpm><Value>135</Value></HeartRateBpm>
<Cadence>82</Cadence>
<Extensions>
<ns3:TPX>
<ns3:Speed>8.149</ns3:Speed>
<ns3:Watts>225</ns3:Watts>
</ns3:TPX>
<bikeapp:Resistance01>16</bikeapp:Resistance01>
<bikeapp:BikeTotalDistanceM>19022.0</bikeapp:BikeTotalDistanceM>
</Extensions>
</Trackpoint>
<Trackpoint>
<Time>2026-05-29T21:14:11.372Z</Time>
<DistanceMeters>18735.7</DistanceMeters>
<HeartRateBpm><Value>136</Value></HeartRateBpm>
<Cadence>81</Cadence>
<Extensions>
<ns3:TPX>
<ns3:Speed>8.137</ns3:Speed>
<ns3:Watts>220</ns3:Watts>
</ns3:TPX>
<bikeapp:Resistance01>16</bikeapp:Resistance01>
<bikeapp:BikeTotalDistanceM>19030.0</bikeapp:BikeTotalDistanceM>
</Extensions>
</Trackpoint>
<Trackpoint>
<Time>2026-05-29T21:14:12.872Z</Time>
<DistanceMeters>18747.8</DistanceMeters>
<HeartRateBpm><Value>136</Value></HeartRateBpm>
<Cadence>81</Cadence>
<Extensions>
<ns3:TPX>
<ns3:Speed>8.112</ns3:Speed>
<ns3:Watts>220</ns3:Watts>
</ns3:TPX>
<bikeapp:Resistance01>16</bikeapp:Resistance01>
<bikeapp:BikeTotalDistanceM>19038.0</bikeapp:BikeTotalDistanceM>
</Extensions>
</Trackpoint>
<Trackpoint>
<Time>2026-05-29T21:14:13.872Z</Time>
<DistanceMeters>18756.0</DistanceMeters>
<HeartRateBpm><Value>136</Value></HeartRateBpm>
<Cadence>81</Cadence>
<Extensions>
<ns3:TPX>
<ns3:Speed>8.103</ns3:Speed>
<ns3:Watts>220</ns3:Watts>
</ns3:TPX>
<bikeapp:Resistance01>16</bikeapp:Resistance01>
<bikeapp:BikeTotalDistanceM>19047.0</bikeapp:BikeTotalDistanceM>
</Extensions>
</Trackpoint>
<Trackpoint>
<Time>2026-05-29T21:14:15.373Z</Time>
<DistanceMeters>18768.1</DistanceMeters>
<HeartRateBpm><Value>136</Value></HeartRateBpm>
<Cadence>83</Cadence>
<Extensions>
<ns3:TPX>
<ns3:Speed>8.147</ns3:Speed>
<ns3:Watts>230</ns3:Watts>
</ns3:TPX>
<bikeapp:Resistance01>16</bikeapp:Resistance01>
<bikeapp:BikeTotalDistanceM>19064.0</bikeapp:BikeTotalDistanceM>
</Extensions>
</Trackpoint>
<Trackpoint>
<Time>2026-05-29T21:14:16.872Z</Time>
<DistanceMeters>18780.3</DistanceMeters>
<HeartRateBpm><Value>136</Value></HeartRateBpm>
<Cadence>79</Cadence>
<Extensions>
<ns3:TPX>
<ns3:Speed>8.085</ns3:Speed>
<ns3:Watts>211</ns3:Watts>
</ns3:TPX>
<bikeapp:Resistance01>16</bikeapp:Resistance01>
<bikeapp:BikeTotalDistanceM>19072.0</bikeapp:BikeTotalDistanceM>
</Extensions>
</Trackpoint>
<Trackpoint>
<Time>2026-05-29T21:14:17.872Z</Time>
<DistanceMeters>18788.4</DistanceMeters>
<HeartRateBpm><Value>137</Value></HeartRateBpm>
<Cadence>79</Cadence>
<Extensions>
<ns3:TPX>
<ns3:Speed>8.036</ns3:Speed>
<ns3:Watts>211</ns3:Watts>
</ns3:TPX>
<bikeapp:Resistance01>16</bikeapp:Resistance01>
<bikeapp:BikeTotalDistanceM>19080.0</bikeapp:BikeTotalDistanceM>
</Extensions>
</Trackpoint>
<Trackpoint>
<Time>2026-05-29T21:14:19.372Z</Time>
<DistanceMeters>18800.5</DistanceMeters>
<HeartRateBpm><Value>136</Value></HeartRateBpm>
<Cadence>82</Cadence>
<Extensions>
<ns3:TPX>
<ns3:Speed>8.078</ns3:Speed>
<ns3:Watts>225</ns3:Watts>
</ns3:TPX>
<bikeapp:Resistance01>16</bikeapp:Resistance01>
<bikeapp:BikeTotalDistanceM>19097.0</bikeapp:BikeTotalDistanceM>
</Extensions>
</Trackpoint>
<Trackpoint>
<Time>2026-05-29T21:14:20.376Z</Time>
<DistanceMeters>18808.6</DistanceMeters>
<HeartRateBpm><Value>136</Value></HeartRateBpm>
<Cadence>82</Cadence>
<Extensions>
<ns3:TPX>
<ns3:Speed>8.109</ns3:Speed>
<ns3:Watts>225</ns3:Watts>
</ns3:TPX>
<bikeapp:Resistance01>16</bikeapp:Resistance01>
<bikeapp:BikeTotalDistanceM>19106.0</bikeapp:BikeTotalDistanceM>
</Extensions>
</Trackpoint>
<Trackpoint>
<Time>2026-05-29T21:14:21.872Z</Time>
<DistanceMeters>18820.8</DistanceMeters>
<HeartRateBpm><Value>136</Value></HeartRateBpm>
<Cadence>82</Cadence>
<Extensions>
<ns3:TPX>
<ns3:Speed>8.135</ns3:Speed>
<ns3:Watts>225</ns3:Watts>
</ns3:TPX>
<bikeapp:Resistance01>16</bikeapp:Resistance01>
<bikeapp:BikeTotalDistanceM>19114.0</bikeapp:BikeTotalDistanceM>
</Extensions>
</Trackpoint>
<Trackpoint>
<Time>2026-05-29T21:14:22.873Z</Time>
<DistanceMeters>18828.9</DistanceMeters>
<HeartRateBpm><Value>135</Value></HeartRateBpm>
<Cadence>80</Cadence>
<Extensions>
<ns3:TPX>
<ns3:Speed>8.089</ns3:Speed>
<ns3:Watts>215</ns3:Watts>
</ns3:TPX>
<bikeapp:Resistance01>16</bikeapp:Resistance01>
<bikeapp:BikeTotalDistanceM>19123.0</bikeapp:BikeTotalDistanceM>
</Extensions>
</Trackpoint>
<Trackpoint>
<Time>2026-05-29T21:14:24.372Z</Time>
<DistanceMeters>18840.9</DistanceMeters>
<HeartRateBpm><Value>135</Value></HeartRateBpm>
<Cadence>80</Cadence>
<Extensions>
<ns3:TPX>
<ns3:Speed>8.051</ns3:Speed>
<ns3:Watts>215</ns3:Watts>
</ns3:TPX>
<bikeapp:Resistance01>16</bikeapp:Resistance01>
<bikeapp:BikeTotalDistanceM>19139.0</bikeapp:BikeTotalDistanceM>
</Extensions>
</Trackpoint>
<Trackpoint>
<Time>2026-05-29T21:14:25.873Z</Time>
<DistanceMeters>18853.1</DistanceMeters>
<HeartRateBpm><Value>134</Value></HeartRateBpm>
<Cadence>83</Cadence>
<Extensions>
<ns3:TPX>
<ns3:Speed>8.115</ns3:Speed>
<ns3:Watts>230</ns3:Watts>
</ns3:TPX>
<bikeapp:Resistance01>16</bikeapp:Resistance01>
<bikeapp:BikeTotalDistanceM>19148.0</bikeapp:BikeTotalDistanceM>
</Extensions>
</Trackpoint>
<Trackpoint>
<Time>2026-05-29T21:14:27.373Z</Time>
<DistanceMeters>18865.4</DistanceMeters>
<HeartRateBpm><Value>134</Value></HeartRateBpm>
<Cadence>83</Cadence>
<Extensions>
<ns3:TPX>
<ns3:Speed>8.219</ns3:Speed>
<ns3:Watts>230</ns3:Watts>
</ns3:TPX>
<bikeapp:Resistance01>16</bikeapp:Resistance01>
<bikeapp:BikeTotalDistanceM>19165.0</bikeapp:BikeTotalDistanceM>
</Extensions>
</Trackpoint>
<Trackpoint>
<Time>2026-05-29T21:14:28.873Z</Time>
<DistanceMeters>18877.7</DistanceMeters>
<HeartRateBpm><Value>133</Value></HeartRateBpm>
<Cadence>82</Cadence>
<Extensions>
<ns3:TPX>
<ns3:Speed>8.197</ns3:Speed>
<ns3:Watts>225</ns3:Watts>
</ns3:TPX>
<bikeapp:Resistance01>16</bikeapp:Resistance01>
<bikeapp:BikeTotalDistanceM>19174.0</bikeapp:BikeTotalDistanceM>
</Extensions>
</Trackpoint>
<Trackpoint>
<Time>2026-05-29T21:14:30.372Z</Time>
<DistanceMeters>18889.9</DistanceMeters>
<HeartRateBpm><Value>133</Value></HeartRateBpm>
<Cadence>80</Cadence>
<Extensions>
<ns3:TPX>
<ns3:Speed>8.103</ns3:Speed>
<ns3:Watts>215</ns3:Watts>
</ns3:TPX>
<bikeapp:Resistance01>16</bikeapp:Resistance01>
<bikeapp:BikeTotalDistanceM>19190.0</bikeapp:BikeTotalDistanceM>
</Extensions>
</Trackpoint>
<Trackpoint>
<Time>2026-05-29T21:14:31.372Z</Time>
<DistanceMeters>18898.0</DistanceMeters>
<HeartRateBpm><Value>132</Value></HeartRateBpm>
<Cadence>81</Cadence>
<Extensions>
<ns3:TPX>
<ns3:Speed>8.085</ns3:Speed>
<ns3:Watts>220</ns3:Watts>
</ns3:TPX>
<bikeapp:Resistance01>16</bikeapp:Resistance01>
<bikeapp:BikeTotalDistanceM>19198.0</bikeapp:BikeTotalDistanceM>
</Extensions>
</Trackpoint>
<Trackpoint>
<Time>2026-05-29T21:14:32.872Z</Time>
<DistanceMeters>18910.1</DistanceMeters>
<HeartRateBpm><Value>131</Value></HeartRateBpm>
<Cadence>81</Cadence>
<Extensions>
<ns3:TPX>
<ns3:Speed>8.087</ns3:Speed>
<ns3:Watts>220</ns3:Watts>
</ns3:TPX>
<bikeapp:Resistance01>16</bikeapp:Resistance01>
<bikeapp:BikeTotalDistanceM>19207.0</bikeapp:BikeTotalDistanceM>
</Extensions>
</Trackpoint>
<Trackpoint>
<Time>2026-05-29T21:14:33.873Z</Time>
<DistanceMeters>18918.2</DistanceMeters>
<HeartRateBpm><Value>131</Value></HeartRateBpm>
<Cadence>82</Cadence>
<Extensions>
<ns3:TPX>
<ns3:Speed>8.114</ns3:Speed>
<ns3:Watts>225</ns3:Watts>
</ns3:TPX>
<bikeapp:Resistance01>16</bikeapp:Resistance01>
<bikeapp:BikeTotalDistanceM>19215.0</bikeapp:BikeTotalDistanceM>
</Extensions>
</Trackpoint>
<Trackpoint>
<Time>2026-05-29T21:14:34.873Z</Time>
<DistanceMeters>18926.3</DistanceMeters>
<HeartRateBpm><Value>132</Value></HeartRateBpm>
<Cadence>82</Cadence>
<Extensions>
<ns3:TPX>
<ns3:Speed>8.132</ns3:Speed>
<ns3:Watts>225</ns3:Watts>
</ns3:TPX>
<bikeapp:Resistance01>16</bikeapp:Resistance01>
<bikeapp:BikeTotalDistanceM>19224.0</bikeapp:BikeTotalDistanceM>
</Extensions>
</Trackpoint>
<Trackpoint>
<Time>2026-05-29T21:14:35.873Z</Time>
<DistanceMeters>18934.5</DistanceMeters>
<HeartRateBpm><Value>132</Value></HeartRateBpm>
<Cadence>81</Cadence>
<Extensions>
<ns3:TPX>
<ns3:Speed>8.115</ns3:Speed>
<ns3:Watts>220</ns3:Watts>
</ns3:TPX>
<bikeapp:Resistance01>16</bikeapp:Resistance01>
<bikeapp:BikeTotalDistanceM>19232.0</bikeapp:BikeTotalDistanceM>
</Extensions>
</Trackpoint>
<Trackpoint>
<Time>2026-05-29T21:14:36.875Z</Time>
<DistanceMeters>18942.5</DistanceMeters>
<HeartRateBpm><Value>132</Value></HeartRateBpm>
<Cadence>79</Cadence>
<Extensions>
<ns3:TPX>
<ns3:Speed>8.054</ns3:Speed>
<ns3:Watts>211</ns3:Watts>
</ns3:TPX>
<bikeapp:Resistance01>16</bikeapp:Resistance01>
<bikeapp:BikeTotalDistanceM>19240.0</bikeapp:BikeTotalDistanceM>
</Extensions>
</Trackpoint>
<Trackpoint>
<Time>2026-05-29T21:14:38.372Z</Time>
<DistanceMeters>18954.5</DistanceMeters>
<HeartRateBpm><Value>134</Value></HeartRateBpm>
<Cadence>78</Cadence>
<Extensions>
<ns3:TPX>
<ns3:Speed>7.974</ns3:Speed>
<ns3:Watts>207</ns3:Watts>
</ns3:TPX>
<bikeapp:Resistance01>16</bikeapp:Resistance01>
<bikeapp:BikeTotalDistanceM>19257.0</bikeapp:BikeTotalDistanceM>
</Extensions>
</Trackpoint>
<Trackpoint>
<Time>2026-05-29T21:14:39.373Z</Time>
<DistanceMeters>18962.5</DistanceMeters>
<HeartRateBpm><Value>134</Value></HeartRateBpm>
<Cadence>78</Cadence>
<Extensions>
<ns3:TPX>
<ns3:Speed>7.945</ns3:Speed>
<ns3:Watts>207</ns3:Watts>
</ns3:TPX>
<bikeapp:Resistance01>16</bikeapp:Resistance01>
<bikeapp:BikeTotalDistanceM>19265.0</bikeapp:BikeTotalDistanceM>
</Extensions>
</Trackpoint>
<Trackpoint>
<Time>2026-05-29T21:14:40.873Z</Time>
<DistanceMeters>18974.4</DistanceMeters>
<HeartRateBpm><Value>135</Value></HeartRateBpm>
<Cadence>80</Cadence>
<Extensions>
<ns3:TPX>
<ns3:Speed>7.967</ns3:Speed>
<ns3:Watts>215</ns3:Watts>
</ns3:TPX>
<bikeapp:Resistance01>16</bikeapp:Resistance01>
<bikeapp:BikeTotalDistanceM>19273.0</bikeapp:BikeTotalDistanceM>
</Extensions>
</Trackpoint>
<Trackpoint>
<Time>2026-05-29T21:14:41.873Z</Time>
<DistanceMeters>18982.4</DistanceMeters>
<HeartRateBpm><Value>135</Value></HeartRateBpm>
<Cadence>80</Cadence>
<Extensions>
<ns3:TPX>
<ns3:Speed>7.986</ns3:Speed>
<ns3:Watts>215</ns3:Watts>
</ns3:TPX>
<bikeapp:Resistance01>16</bikeapp:Resistance01>
<bikeapp:BikeTotalDistanceM>19281.0</bikeapp:BikeTotalDistanceM>
</Extensions>
</Trackpoint>
<Trackpoint>
<Time>2026-05-29T21:14:43.372Z</Time>
<DistanceMeters>18994.3</DistanceMeters>
<HeartRateBpm><Value>135</Value></HeartRateBpm>
<Cadence>79</Cadence>
<Extensions>
<ns3:TPX>
<ns3:Speed>7.972</ns3:Speed>
<ns3:Watts>211</ns3:Watts>
</ns3:TPX>
<bikeapp:Resistance01>16</bikeapp:Resistance01>
<bikeapp:BikeTotalDistanceM>19298.0</bikeapp:BikeTotalDistanceM>
</Extensions>
</Trackpoint>
<Trackpoint>
<Time>2026-05-29T21:14:44.885Z</Time>
<DistanceMeters>19006.4</DistanceMeters>
<HeartRateBpm><Value>135</Value></HeartRateBpm>
<Cadence>79</Cadence>
<Extensions>
<ns3:TPX>
<ns3:Speed>7.965</ns3:Speed>
<ns3:Watts>211</ns3:Watts>
</ns3:TPX>
<bikeapp:Resistance01>16</bikeapp:Resistance01>
<bikeapp:BikeTotalDistanceM>19306.0</bikeapp:BikeTotalDistanceM>
</Extensions>
</Trackpoint>
<Trackpoint>
<Time>2026-05-29T21:14:46.372Z</Time>
<DistanceMeters>19018.4</DistanceMeters>
<HeartRateBpm><Value>135</Value></HeartRateBpm>
<Cadence>85</Cadence>
<Extensions>
<ns3:TPX>
<ns3:Speed>8.112</ns3:Speed>
<ns3:Watts>241</ns3:Watts>
</ns3:TPX>
<bikeapp:Resistance01>16</bikeapp:Resistance01>
<bikeapp:BikeTotalDistanceM>19323.0</bikeapp:BikeTotalDistanceM>
</Extensions>
</Trackpoint>
<Trackpoint>
<Time>2026-05-29T21:14:47.873Z</Time>
<DistanceMeters>19030.6</DistanceMeters>
<HeartRateBpm><Value>136</Value></HeartRateBpm>
<Cadence>83</Cadence>
<Extensions>
<ns3:TPX>
<ns3:Speed>8.192</ns3:Speed>
<ns3:Watts>230</ns3:Watts>
</ns3:TPX>
<bikeapp:Resistance01>16</bikeapp:Resistance01>
<bikeapp:BikeTotalDistanceM>19332.0</bikeapp:BikeTotalDistanceM>
</Extensions>
</Trackpoint>
<Trackpoint>
<Time>2026-05-29T21:14:49.373Z</Time>
<DistanceMeters>19043.0</DistanceMeters>
<HeartRateBpm><Value>137</Value></HeartRateBpm>
<Cadence>84</Cadence>
<Extensions>
<ns3:TPX>
<ns3:Speed>8.229</ns3:Speed>
<ns3:Watts>236</ns3:Watts>
</ns3:TPX>
<bikeapp:Resistance01>16</bikeapp:Resistance01>
<bikeapp:BikeTotalDistanceM>19349.0</bikeapp:BikeTotalDistanceM>
</Extensions>
</Trackpoint>
<Trackpoint>
<Time>2026-05-29T21:14:50.873Z</Time>
<DistanceMeters>19055.3</DistanceMeters>
<HeartRateBpm><Value>137</Value></HeartRateBpm>
<Cadence>83</Cadence>
<Extensions>
<ns3:TPX>
<ns3:Speed>8.239</ns3:Speed>
<ns3:Watts>230</ns3:Watts>
</ns3:TPX>
<bikeapp:Resistance01>16</bikeapp:Resistance01>
<bikeapp:BikeTotalDistanceM>19358.0</bikeapp:BikeTotalDistanceM>
</Extensions>
</Trackpoint>
<Trackpoint>
<Time>2026-05-29T21:14:52.372Z</Time>
<DistanceMeters>19067.6</DistanceMeters>
<HeartRateBpm><Value>136</Value></HeartRateBpm>
<Cadence>81</Cadence>
<Extensions>
<ns3:TPX>
<ns3:Speed>8.161</ns3:Speed>
<ns3:Watts>220</ns3:Watts>
</ns3:TPX>
<bikeapp:Resistance01>16</bikeapp:Resistance01>
<bikeapp:BikeTotalDistanceM>19374.0</bikeapp:BikeTotalDistanceM>
</Extensions>
</Trackpoint>
<Trackpoint>
<Time>2026-05-29T21:14:53.373Z</Time>
<DistanceMeters>19075.7</DistanceMeters>
<HeartRateBpm><Value>136</Value></HeartRateBpm>
<Cadence>80</Cadence>
<Extensions>
<ns3:TPX>
<ns3:Speed>8.117</ns3:Speed>
<ns3:Watts>215</ns3:Watts>
</ns3:TPX>
<bikeapp:Resistance01>16</bikeapp:Resistance01>
<bikeapp:BikeTotalDistanceM>19383.0</bikeapp:BikeTotalDistanceM>
</Extensions>
</Trackpoint>
<Trackpoint>
<Time>2026-05-29T21:14:54.872Z</Time>
<DistanceMeters>19087.8</DistanceMeters>
<HeartRateBpm><Value>135</Value></HeartRateBpm>
<Cadence>79</Cadence>
<Extensions>
<ns3:TPX>
<ns3:Speed>8.042</ns3:Speed>
<ns3:Watts>211</ns3:Watts>
</ns3:TPX>
<bikeapp:Resistance01>16</bikeapp:Resistance01>
<bikeapp:BikeTotalDistanceM>19391.0</bikeapp:BikeTotalDistanceM>
</Extensions>
</Trackpoint>
<Trackpoint>
<Time>2026-05-29T21:14:56.372Z</Time>
<DistanceMeters>19099.8</DistanceMeters>
<HeartRateBpm><Value>136</Value></HeartRateBpm>
<Cadence>79</Cadence>
<Extensions>
<ns3:TPX>
<ns3:Speed>7.999</ns3:Speed>
<ns3:Watts>211</ns3:Watts>
</ns3:TPX>
<bikeapp:Resistance01>16</bikeapp:Resistance01>
<bikeapp:BikeTotalDistanceM>19407.0</bikeapp:BikeTotalDistanceM>
</Extensions>
</Trackpoint>
<Trackpoint>
<Time>2026-05-29T21:14:57.372Z</Time>
<DistanceMeters>19107.8</DistanceMeters>
<HeartRateBpm><Value>136</Value></HeartRateBpm>
<Cadence>78</Cadence>
<Extensions>
<ns3:TPX>
<ns3:Speed>7.970</ns3:Speed>
<ns3:Watts>207</ns3:Watts>
</ns3:TPX>
<bikeapp:Resistance01>16</bikeapp:Resistance01>
<bikeapp:BikeTotalDistanceM>19415.0</bikeapp:BikeTotalDistanceM>
</Extensions>
</Trackpoint>
<Trackpoint>
<Time>2026-05-29T21:14:58.373Z</Time>
<DistanceMeters>19115.8</DistanceMeters>
<HeartRateBpm><Value>137</Value></HeartRateBpm>
<Cadence>79</Cadence>
<Extensions>
<ns3:TPX>
<ns3:Speed>7.956</ns3:Speed>
<ns3:Watts>211</ns3:Watts>
</ns3:TPX>
<bikeapp:Resistance01>16</bikeapp:Resistance01>
<bikeapp:BikeTotalDistanceM>19423.0</bikeapp:BikeTotalDistanceM>
</Extensions>
</Trackpoint>
<Trackpoint>
<Time>2026-05-29T21:14:59.885Z</Time>
<DistanceMeters>19127.9</DistanceMeters>
<HeartRateBpm><Value>137</Value></HeartRateBpm>
<Cadence>81</Cadence>
<Extensions>
<ns3:TPX>
<ns3:Speed>8.008</ns3:Speed>
<ns3:Watts>220</ns3:Watts>
</ns3:TPX>
<bikeapp:Resistance01>16</bikeapp:Resistance01>
<bikeapp:BikeTotalDistanceM>19432.0</bikeapp:BikeTotalDistanceM>
</Extensions>
</Trackpoint>
<Trackpoint>
<Time>2026-05-29T21:15:00.885Z</Time>
<DistanceMeters>19135.9</DistanceMeters>
<HeartRateBpm><Value>137</Value></HeartRateBpm>
<Cadence>80</Cadence>
<Extensions>
<ns3:TPX>
<ns3:Speed>8.011</ns3:Speed>
<ns3:Watts>215</ns3:Watts>
</ns3:TPX>
<bikeapp:Resistance01>16</bikeapp:Resistance01>
<bikeapp:BikeTotalDistanceM>19440.0</bikeapp:BikeTotalDistanceM>
</Extensions>
</Trackpoint>
<Trackpoint>
<Time>2026-05-29T21:15:02.372Z</Time>
<DistanceMeters>19147.8</DistanceMeters>
<HeartRateBpm><Value>136</Value></HeartRateBpm>
<Cadence>80</Cadence>
<Extensions>
<ns3:TPX>
<ns3:Speed>8.014</ns3:Speed>
<ns3:Watts>215</ns3:Watts>
</ns3:TPX>
<bikeapp:Resistance01>16</bikeapp:Resistance01>
<bikeapp:BikeTotalDistanceM>19457.0</bikeapp:BikeTotalDistanceM>
</Extensions>
</Trackpoint>
<Trackpoint>
<Time>2026-05-29T21:15:03.374Z</Time>
<DistanceMeters>19155.8</DistanceMeters>
<HeartRateBpm><Value>135</Value></HeartRateBpm>
<Cadence>82</Cadence>
<Extensions>
<ns3:TPX>
<ns3:Speed>8.046</ns3:Speed>
<ns3:Watts>225</ns3:Watts>
</ns3:TPX>
<bikeapp:Resistance01>16</bikeapp:Resistance01>
<bikeapp:BikeTotalDistanceM>19465.0</bikeapp:BikeTotalDistanceM>
</Extensions>
</Trackpoint>
<Trackpoint>
<Time>2026-05-29T21:15:04.873Z</Time>
<DistanceMeters>19168.0</DistanceMeters>
<HeartRateBpm><Value>135</Value></HeartRateBpm>
<Cadence>82</Cadence>
<Extensions>
<ns3:TPX>
<ns3:Speed>8.105</ns3:Speed>
<ns3:Watts>225</ns3:Watts>
</ns3:TPX>
<bikeapp:Resistance01>16</bikeapp:Resistance01>
<bikeapp:BikeTotalDistanceM>19474.0</bikeapp:BikeTotalDistanceM>
</Extensions>
</Trackpoint>
<Trackpoint>
<Time>2026-05-29T21:15:06.375Z</Time>
<DistanceMeters>19180.1</DistanceMeters>
<HeartRateBpm><Value>135</Value></HeartRateBpm>
<Cadence>81</Cadence>
<Extensions>
<ns3:TPX>
<ns3:Speed>8.096</ns3:Speed>
<ns3:Watts>220</ns3:Watts>
</ns3:TPX>
<bikeapp:Resistance01>16</bikeapp:Resistance01>
<bikeapp:BikeTotalDistanceM>19490.0</bikeapp:BikeTotalDistanceM>
</Extensions>
</Trackpoint>
<Trackpoint>
<Time>2026-05-29T21:15:07.873Z</Time>
<DistanceMeters>19192.2</DistanceMeters>
<HeartRateBpm><Value>136</Value></HeartRateBpm>
<Cadence>81</Cadence>
<Extensions>
<ns3:TPX>
<ns3:Speed>8.092</ns3:Speed>
<ns3:Watts>220</ns3:Watts>
</ns3:TPX>
<bikeapp:Resistance01>16</bikeapp:Resistance01>
<bikeapp:BikeTotalDistanceM>19499.0</bikeapp:BikeTotalDistanceM>
</Extensions>
</Trackpoint>
<Trackpoint>
<Time>2026-05-29T21:15:08.873Z</Time>
<DistanceMeters>19200.3</DistanceMeters>
<HeartRateBpm><Value>136</Value></HeartRateBpm>
<Cadence>79</Cadence>
<Extensions>
<ns3:TPX>
<ns3:Speed>8.040</ns3:Speed>
<ns3:Watts>211</ns3:Watts>
</ns3:TPX>
<bikeapp:Resistance01>16</bikeapp:Resistance01>
<bikeapp:BikeTotalDistanceM>19507.0</bikeapp:BikeTotalDistanceM>
</Extensions>
</Trackpoint>
<Trackpoint>
<Time>2026-05-29T21:15:10.373Z</Time>
<DistanceMeters>19212.5</DistanceMeters>
<HeartRateBpm><Value>136</Value></HeartRateBpm>
<Cadence>86</Cadence>
<Extensions>
<ns3:TPX>
<ns3:Speed>8.185</ns3:Speed>
<ns3:Watts>246</ns3:Watts>
</ns3:TPX>
<bikeapp:Resistance01>16</bikeapp:Resistance01>
<bikeapp:BikeTotalDistanceM>19525.0</bikeapp:BikeTotalDistanceM>
</Extensions>
</Trackpoint>
<Trackpoint>
<Time>2026-05-29T21:15:11.373Z</Time>
<DistanceMeters>19220.7</DistanceMeters>
<HeartRateBpm><Value>137</Value></HeartRateBpm>
<Cadence>81</Cadence>
<Extensions>
<ns3:TPX>
<ns3:Speed>8.208</ns3:Speed>
<ns3:Watts>220</ns3:Watts>
</ns3:TPX>
<bikeapp:Resistance01>16</bikeapp:Resistance01>
<bikeapp:BikeTotalDistanceM>19533.0</bikeapp:BikeTotalDistanceM>
</Extensions>
</Trackpoint>
<Trackpoint>
<Time>2026-05-29T21:15:12.872Z</Time>
<DistanceMeters>19232.9</DistanceMeters>
<HeartRateBpm><Value>137</Value></HeartRateBpm>
<Cadence>81</Cadence>
<Extensions>
<ns3:TPX>
<ns3:Speed>8.145</ns3:Speed>
<ns3:Watts>220</ns3:Watts>
</ns3:TPX>
<bikeapp:Resistance01>16</bikeapp:Resistance01>
<bikeapp:BikeTotalDistanceM>19541.0</bikeapp:BikeTotalDistanceM>
</Extensions>
</Trackpoint>
<Trackpoint>
<Time>2026-05-29T21:15:13.873Z</Time>
<DistanceMeters>19241.1</DistanceMeters>
<HeartRateBpm><Value>137</Value></HeartRateBpm>
<Cadence>81</Cadence>
<Extensions>
<ns3:TPX>
<ns3:Speed>8.123</ns3:Speed>
<ns3:Watts>220</ns3:Watts>
</ns3:TPX>
<bikeapp:Resistance01>16</bikeapp:Resistance01>
<bikeapp:BikeTotalDistanceM>19550.0</bikeapp:BikeTotalDistanceM>
</Extensions>
</Trackpoint>
<Trackpoint>
<Time>2026-05-29T21:15:15.398Z</Time>
<DistanceMeters>19253.4</DistanceMeters>
<HeartRateBpm><Value>138</Value></HeartRateBpm>
<Cadence>82</Cadence>
<Extensions>
<ns3:TPX>
<ns3:Speed>8.121</ns3:Speed>
<ns3:Watts>225</ns3:Watts>
</ns3:TPX>
<bikeapp:Resistance01>16</bikeapp:Resistance01>
<bikeapp:BikeTotalDistanceM>19567.0</bikeapp:BikeTotalDistanceM>
</Extensions>
</Trackpoint>
<Trackpoint>
<Time>2026-05-29T21:15:16.873Z</Time>
<DistanceMeters>19265.4</DistanceMeters>
<HeartRateBpm><Value>137</Value></HeartRateBpm>
<Cadence>81</Cadence>
<Extensions>
<ns3:TPX>
<ns3:Speed>8.113</ns3:Speed>
<ns3:Watts>220</ns3:Watts>
</ns3:TPX>
<bikeapp:Resistance01>16</bikeapp:Resistance01>
<bikeapp:BikeTotalDistanceM>19575.0</bikeapp:BikeTotalDistanceM>
</Extensions>
</Trackpoint>
<Trackpoint>
<Time>2026-05-29T21:15:17.873Z</Time>
<DistanceMeters>19273.5</DistanceMeters>
<HeartRateBpm><Value>137</Value></HeartRateBpm>
<Cadence>79</Cadence>
<Extensions>
<ns3:TPX>
<ns3:Speed>8.053</ns3:Speed>
<ns3:Watts>211</ns3:Watts>
</ns3:TPX>
<bikeapp:Resistance01>16</bikeapp:Resistance01>
<bikeapp:BikeTotalDistanceM>19583.0</bikeapp:BikeTotalDistanceM>
</Extensions>
</Trackpoint>
<Trackpoint>
<Time>2026-05-29T21:15:19.373Z</Time>
<DistanceMeters>19285.5</DistanceMeters>
<HeartRateBpm><Value>137</Value></HeartRateBpm>
<Cadence>80</Cadence>
<Extensions>
<ns3:TPX>
<ns3:Speed>7.998</ns3:Speed>
<ns3:Watts>215</ns3:Watts>
</ns3:TPX>
<bikeapp:Resistance01>16</bikeapp:Resistance01>
<bikeapp:BikeTotalDistanceM>19600.0</bikeapp:BikeTotalDistanceM>
</Extensions>
</Trackpoint>
<Trackpoint>
<Time>2026-05-29T21:15:20.378Z</Time>
<DistanceMeters>19293.6</DistanceMeters>
<HeartRateBpm><Value>138</Value></HeartRateBpm>
<Cadence>82</Cadence>
<Extensions>
<ns3:TPX>
<ns3:Speed>8.037</ns3:Speed>
<ns3:Watts>225</ns3:Watts>
</ns3:TPX>
<bikeapp:Resistance01>16</bikeapp:Resistance01>
<bikeapp:BikeTotalDistanceM>19608.0</bikeapp:BikeTotalDistanceM>
</Extensions>
</Trackpoint>
<Trackpoint>
<Time>2026-05-29T21:15:21.874Z</Time>
<DistanceMeters>19305.6</DistanceMeters>
<HeartRateBpm><Value>138</Value></HeartRateBpm>
<Cadence>81</Cadence>
<Extensions>
<ns3:TPX>
<ns3:Speed>8.073</ns3:Speed>
<ns3:Watts>220</ns3:Watts>
</ns3:TPX>
<bikeapp:Resistance01>16</bikeapp:Resistance01>
<bikeapp:BikeTotalDistanceM>19616.0</bikeapp:BikeTotalDistanceM>
</Extensions>
</Trackpoint>
<Trackpoint>
<Time>2026-05-29T21:15:22.875Z</Time>
<DistanceMeters>19313.7</DistanceMeters>
<HeartRateBpm><Value>138</Value></HeartRateBpm>
<Cadence>80</Cadence>
<Extensions>
<ns3:TPX>
<ns3:Speed>8.051</ns3:Speed>
<ns3:Watts>215</ns3:Watts>
</ns3:TPX>
<bikeapp:Resistance01>16</bikeapp:Resistance01>
<bikeapp:BikeTotalDistanceM>19625.0</bikeapp:BikeTotalDistanceM>
</Extensions>
</Trackpoint>
<Trackpoint>
<Time>2026-05-29T21:15:24.373Z</Time>
<DistanceMeters>19325.7</DistanceMeters>
<HeartRateBpm><Value>139</Value></HeartRateBpm>
<Cadence>77</Cadence>
<Extensions>
<ns3:TPX>
<ns3:Speed>7.977</ns3:Speed>
<ns3:Watts>203</ns3:Watts>
</ns3:TPX>
<bikeapp:Resistance01>16</bikeapp:Resistance01>
<bikeapp:BikeTotalDistanceM>19641.0</bikeapp:BikeTotalDistanceM>
</Extensions>
</Trackpoint>
<Trackpoint>
<Time>2026-05-29T21:15:25.373Z</Time>
<DistanceMeters>19333.6</DistanceMeters>
<HeartRateBpm><Value>139</Value></HeartRateBpm>
<Cadence>77</Cadence>
<Extensions>
<ns3:TPX>
<ns3:Speed>7.924</ns3:Speed>
<ns3:Watts>203</ns3:Watts>
</ns3:TPX>
<bikeapp:Resistance01>16</bikeapp:Resistance01>
<bikeapp:BikeTotalDistanceM>19649.0</bikeapp:BikeTotalDistanceM>
</Extensions>
</Trackpoint>
<Trackpoint>
<Time>2026-05-29T21:15:26.873Z</Time>
<DistanceMeters>19345.5</DistanceMeters>
<HeartRateBpm><Value>139</Value></HeartRateBpm>
<Cadence>77</Cadence>
<Extensions>
<ns3:TPX>
<ns3:Speed>7.880</ns3:Speed>
<ns3:Watts>203</ns3:Watts>
</ns3:TPX>
<bikeapp:Resistance01>16</bikeapp:Resistance01>
<bikeapp:BikeTotalDistanceM>19657.0</bikeapp:BikeTotalDistanceM>
</Extensions>
</Trackpoint>
<Trackpoint>
<Time>2026-05-29T21:15:27.873Z</Time>
<DistanceMeters>19353.3</DistanceMeters>
<HeartRateBpm><Value>139</Value></HeartRateBpm>
<Cadence>78</Cadence>
<Extensions>
<ns3:TPX>
<ns3:Speed>7.887</ns3:Speed>
<ns3:Watts>207</ns3:Watts>
</ns3:TPX>
<bikeapp:Resistance01>16</bikeapp:Resistance01>
<bikeapp:BikeTotalDistanceM>19665.0</bikeapp:BikeTotalDistanceM>
</Extensions>
</Trackpoint>
<Trackpoint>
<Time>2026-05-29T21:15:28.874Z</Time>
<DistanceMeters>19361.2</DistanceMeters>
<HeartRateBpm><Value>139</Value></HeartRateBpm>
<Cadence>78</Cadence>
<Extensions>
<ns3:TPX>
<ns3:Speed>7.892</ns3:Speed>
<ns3:Watts>207</ns3:Watts>
</ns3:TPX>
<bikeapp:Resistance01>16</bikeapp:Resistance01>
<bikeapp:BikeTotalDistanceM>19673.0</bikeapp:BikeTotalDistanceM>
</Extensions>
</Trackpoint>
<Trackpoint>
<Time>2026-05-29T21:15:30.373Z</Time>
<DistanceMeters>19373.1</DistanceMeters>
<HeartRateBpm><Value>138</Value></HeartRateBpm>
<Cadence>79</Cadence>
<Extensions>
<ns3:TPX>
<ns3:Speed>7.944</ns3:Speed>
<ns3:Watts>211</ns3:Watts>
</ns3:TPX>
<bikeapp:Resistance01>16</bikeapp:Resistance01>
<bikeapp:BikeTotalDistanceM>19689.0</bikeapp:BikeTotalDistanceM>
</Extensions>
</Trackpoint>
<Trackpoint>
<Time>2026-05-29T21:15:31.373Z</Time>
<DistanceMeters>19381.1</DistanceMeters>
<HeartRateBpm><Value>138</Value></HeartRateBpm>
<Cadence>77</Cadence>
<Extensions>
<ns3:TPX>
<ns3:Speed>7.924</ns3:Speed>
<ns3:Watts>203</ns3:Watts>
</ns3:TPX>
<bikeapp:Resistance01>16</bikeapp:Resistance01>
<bikeapp:BikeTotalDistanceM>19697.0</bikeapp:BikeTotalDistanceM>
</Extensions>
</Trackpoint>
<Trackpoint>
<Time>2026-05-29T21:15:32.873Z</Time>
<DistanceMeters>19392.9</DistanceMeters>
<HeartRateBpm><Value>138</Value></HeartRateBpm>
<Cadence>77</Cadence>
<Extensions>
<ns3:TPX>
<ns3:Speed>7.880</ns3:Speed>
<ns3:Watts>203</ns3:Watts>
</ns3:TPX>
<bikeapp:Resistance01>16</bikeapp:Resistance01>
<bikeapp:BikeTotalDistanceM>19705.0</bikeapp:BikeTotalDistanceM>
</Extensions>
</Trackpoint>
<Trackpoint>
<Time>2026-05-29T21:15:33.874Z</Time>
<DistanceMeters>19400.8</DistanceMeters>
<HeartRateBpm><Value>138</Value></HeartRateBpm>
<Cadence>77</Cadence>
<Extensions>
<ns3:TPX>
<ns3:Speed>7.864</ns3:Speed>
<ns3:Watts>203</ns3:Watts>
</ns3:TPX>
<bikeapp:Resistance01>16</bikeapp:Resistance01>
<bikeapp:BikeTotalDistanceM>19713.0</bikeapp:BikeTotalDistanceM>
</Extensions>
</Trackpoint>
<Trackpoint>
<Time>2026-05-29T21:15:35.373Z</Time>
<DistanceMeters>19412.6</DistanceMeters>
<HeartRateBpm><Value>138</Value></HeartRateBpm>
<Cadence>79</Cadence>
<Extensions>
<ns3:TPX>
<ns3:Speed>7.895</ns3:Speed>
<ns3:Watts>211</ns3:Watts>
</ns3:TPX>
<bikeapp:Resistance01>16</bikeapp:Resistance01>
<bikeapp:BikeTotalDistanceM>19730.0</bikeapp:BikeTotalDistanceM>
</Extensions>
</Trackpoint>
<Trackpoint>
<Time>2026-05-29T21:15:36.873Z</Time>
<DistanceMeters>19424.5</DistanceMeters>
<HeartRateBpm><Value>138</Value></HeartRateBpm>
<Cadence>79</Cadence>
<Extensions>
<ns3:TPX>
<ns3:Speed>7.928</ns3:Speed>
<ns3:Watts>211</ns3:Watts>
</ns3:TPX>
<bikeapp:Resistance01>16</bikeapp:Resistance01>
<bikeapp:BikeTotalDistanceM>19738.0</bikeapp:BikeTotalDistanceM>
</Extensions>
</Trackpoint>
<Trackpoint>
<Time>2026-05-29T21:15:37.873Z</Time>
<DistanceMeters>19432.4</DistanceMeters>
<HeartRateBpm><Value>139</Value></HeartRateBpm>
<Cadence>78</Cadence>
<Extensions>
<ns3:TPX>
<ns3:Speed>7.917</ns3:Speed>
<ns3:Watts>207</ns3:Watts>
</ns3:TPX>
<bikeapp:Resistance01>16</bikeapp:Resistance01>
<bikeapp:BikeTotalDistanceM>19746.0</bikeapp:BikeTotalDistanceM>
</Extensions>
</Trackpoint>
<Trackpoint>
<Time>2026-05-29T21:15:38.877Z</Time>
<DistanceMeters>19440.3</DistanceMeters>
<HeartRateBpm><Value>138</Value></HeartRateBpm>
<Cadence>78</Cadence>
<Extensions>
<ns3:TPX>
<ns3:Speed>7.910</ns3:Speed>
<ns3:Watts>207</ns3:Watts>
</ns3:TPX>
<bikeapp:Resistance01>16</bikeapp:Resistance01>
<bikeapp:BikeTotalDistanceM>19754.0</bikeapp:BikeTotalDistanceM>
</Extensions>
</Trackpoint>
<Trackpoint>
<Time>2026-05-29T21:15:40.374Z</Time>
<DistanceMeters>19452.4</DistanceMeters>
<HeartRateBpm><Value>137</Value></HeartRateBpm>
<Cadence>84</Cadence>
<Extensions>
<ns3:TPX>
<ns3:Speed>8.093</ns3:Speed>
<ns3:Watts>236</ns3:Watts>
</ns3:TPX>
<bikeapp:Resistance01>16</bikeapp:Resistance01>
<bikeapp:BikeTotalDistanceM>19771.0</bikeapp:BikeTotalDistanceM>
</Extensions>
</Trackpoint>
<Trackpoint>
<Time>2026-05-29T21:15:41.874Z</Time>
<DistanceMeters>19464.6</DistanceMeters>
<HeartRateBpm><Value>136</Value></HeartRateBpm>
<Cadence>83</Cadence>
<Extensions>
<ns3:TPX>
<ns3:Speed>8.174</ns3:Speed>
<ns3:Watts>230</ns3:Watts>
</ns3:TPX>
<bikeapp:Resistance01>16</bikeapp:Resistance01>
<bikeapp:BikeTotalDistanceM>19780.0</bikeapp:BikeTotalDistanceM>
</Extensions>
</Trackpoint>
<Trackpoint>
<Time>2026-05-29T21:15:43.373Z</Time>
<DistanceMeters>19476.9</DistanceMeters>
<HeartRateBpm><Value>136</Value></HeartRateBpm>
<Cadence>83</Cadence>
<Extensions>
<ns3:TPX>
<ns3:Speed>8.181</ns3:Speed>
<ns3:Watts>230</ns3:Watts>
</ns3:TPX>
<bikeapp:Resistance01>16</bikeapp:Resistance01>
<bikeapp:BikeTotalDistanceM>19797.0</bikeapp:BikeTotalDistanceM>
</Extensions>
</Trackpoint>
<Trackpoint>
<Time>2026-05-29T21:15:44.374Z</Time>
<DistanceMeters>19485.1</DistanceMeters>
<HeartRateBpm><Value>135</Value></HeartRateBpm>
<Cadence>87</Cadence>
<Extensions>
<ns3:TPX>
<ns3:Speed>8.263</ns3:Speed>
<ns3:Watts>252</ns3:Watts>
</ns3:TPX>
<bikeapp:Resistance01>16</bikeapp:Resistance01>
<bikeapp:BikeTotalDistanceM>19806.0</bikeapp:BikeTotalDistanceM>
</Extensions>
</Trackpoint>
<Trackpoint>
<Time>2026-05-29T21:15:45.873Z</Time>
<DistanceMeters>19497.6</DistanceMeters>
<HeartRateBpm><Value>135</Value></HeartRateBpm>
<Cadence>86</Cadence>
<Extensions>
<ns3:TPX>
<ns3:Speed>8.367</ns3:Speed>
<ns3:Watts>246</ns3:Watts>
</ns3:TPX>
<bikeapp:Resistance01>16</bikeapp:Resistance01>
<bikeapp:BikeTotalDistanceM>19815.0</bikeapp:BikeTotalDistanceM>
</Extensions>
</Trackpoint>
<Trackpoint>
<Time>2026-05-29T21:15:46.873Z</Time>
<DistanceMeters>19506.0</DistanceMeters>
<HeartRateBpm><Value>136</Value></HeartRateBpm>
<Cadence>84</Cadence>
<Extensions>
<ns3:TPX>
<ns3:Speed>8.345</ns3:Speed>
<ns3:Watts>236</ns3:Watts>
</ns3:TPX>
<bikeapp:Resistance01>16</bikeapp:Resistance01>
<bikeapp:BikeTotalDistanceM>19824.0</bikeapp:BikeTotalDistanceM>
</Extensions>
</Trackpoint>
<Trackpoint>
<Time>2026-05-29T21:15:48.373Z</Time>
<DistanceMeters>19518.4</DistanceMeters>
<HeartRateBpm><Value>136</Value></HeartRateBpm>
<Cadence>81</Cadence>
<Extensions>
<ns3:TPX>
<ns3:Speed>8.233</ns3:Speed>
<ns3:Watts>220</ns3:Watts>
</ns3:TPX>
<bikeapp:Resistance01>16</bikeapp:Resistance01>
<bikeapp:BikeTotalDistanceM>19840.0</bikeapp:BikeTotalDistanceM>
</Extensions>
</Trackpoint>
<Trackpoint>
<Time>2026-05-29T21:15:49.373Z</Time>
<DistanceMeters>19526.6</DistanceMeters>
<HeartRateBpm><Value>136</Value></HeartRateBpm>
<Cadence>85</Cadence>
<Extensions>
<ns3:TPX>
<ns3:Speed>8.239</ns3:Speed>
<ns3:Watts>241</ns3:Watts>
</ns3:TPX>
<bikeapp:Resistance01>16</bikeapp:Resistance01>
<bikeapp:BikeTotalDistanceM>19849.0</bikeapp:BikeTotalDistanceM>
</Extensions>
</Trackpoint>
<Trackpoint>
<Time>2026-05-29T21:15:50.873Z</Time>
<DistanceMeters>19539.0</DistanceMeters>
<HeartRateBpm><Value>136</Value></HeartRateBpm>
<Cadence>86</Cadence>
<Extensions>
<ns3:TPX>
<ns3:Speed>8.336</ns3:Speed>
<ns3:Watts>246</ns3:Watts>
</ns3:TPX>
<bikeapp:Resistance01>16</bikeapp:Resistance01>
<bikeapp:BikeTotalDistanceM>19858.0</bikeapp:BikeTotalDistanceM>
</Extensions>
</Trackpoint>
<Trackpoint>
<Time>2026-05-29T21:15:51.873Z</Time>
<DistanceMeters>19547.5</DistanceMeters>
<HeartRateBpm><Value>136</Value></HeartRateBpm>
<Cadence>90</Cadence>
<Extensions>
<ns3:TPX>
<ns3:Speed>8.486</ns3:Speed>
<ns3:Watts>268</ns3:Watts>
</ns3:TPX>
<bikeapp:Resistance01>16</bikeapp:Resistance01>
<bikeapp:BikeTotalDistanceM>19868.0</bikeapp:BikeTotalDistanceM>
</Extensions>
</Trackpoint>
<Trackpoint>
<Time>2026-05-29T21:15:52.873Z</Time>
<DistanceMeters>19556.0</DistanceMeters>
<HeartRateBpm><Value>136</Value></HeartRateBpm>
<Cadence>90</Cadence>
<Extensions>
<ns3:TPX>
<ns3:Speed>8.578</ns3:Speed>
<ns3:Watts>268</ns3:Watts>
</ns3:TPX>
<bikeapp:Resistance01>16</bikeapp:Resistance01>
<bikeapp:BikeTotalDistanceM>19877.0</bikeapp:BikeTotalDistanceM>
</Extensions>
</Trackpoint>
<Trackpoint>
<Time>2026-05-29T21:15:54.373Z</Time>
<DistanceMeters>19568.9</DistanceMeters>
<HeartRateBpm><Value>137</Value></HeartRateBpm>
<Cadence>87</Cadence>
<Extensions>
<ns3:TPX>
<ns3:Speed>8.548</ns3:Speed>
<ns3:Watts>252</ns3:Watts>
</ns3:TPX>
<bikeapp:Resistance01>16</bikeapp:Resistance01>
<bikeapp:BikeTotalDistanceM>19895.0</bikeapp:BikeTotalDistanceM>
</Extensions>
</Trackpoint>
<Trackpoint>
<Time>2026-05-29T21:15:55.375Z</Time>
<DistanceMeters>19577.4</DistanceMeters>
<HeartRateBpm><Value>137</Value></HeartRateBpm>
<Cadence>86</Cadence>
<Extensions>
<ns3:TPX>
<ns3:Speed>8.521</ns3:Speed>
<ns3:Watts>246</ns3:Watts>
</ns3:TPX>
<bikeapp:Resistance01>16</bikeapp:Resistance01>
<bikeapp:BikeTotalDistanceM>19904.0</bikeapp:BikeTotalDistanceM>
</Extensions>
</Trackpoint>
<Trackpoint>
<Time>2026-05-29T21:15:56.874Z</Time>
<DistanceMeters>19590.1</DistanceMeters>
<HeartRateBpm><Value>137</Value></HeartRateBpm>
<Cadence>85</Cadence>
<Extensions>
<ns3:TPX>
<ns3:Speed>8.455</ns3:Speed>
<ns3:Watts>241</ns3:Watts>
</ns3:TPX>
<bikeapp:Resistance01>16</bikeapp:Resistance01>
<bikeapp:BikeTotalDistanceM>19913.0</bikeapp:BikeTotalDistanceM>
</Extensions>
</Trackpoint>
<Trackpoint>
<Time>2026-05-29T21:15:58.386Z</Time>
<DistanceMeters>19602.9</DistanceMeters>
<HeartRateBpm><Value>136</Value></HeartRateBpm>
<Cadence>85</Cadence>
<Extensions>
<ns3:TPX>
<ns3:Speed>8.414</ns3:Speed>
<ns3:Watts>241</ns3:Watts>
</ns3:TPX>
<bikeapp:Resistance01>16</bikeapp:Resistance01>
<bikeapp:BikeTotalDistanceM>19930.0</bikeapp:BikeTotalDistanceM>
</Extensions>
</Trackpoint>
<Trackpoint>
<Time>2026-05-29T21:15:59.873Z</Time>
<DistanceMeters>19615.4</DistanceMeters>
<HeartRateBpm><Value>136</Value></HeartRateBpm>
<Cadence>86</Cadence>
<Extensions>
<ns3:TPX>
<ns3:Speed>8.420</ns3:Speed>
<ns3:Watts>246</ns3:Watts>
</ns3:TPX>
<bikeapp:Resistance01>16</bikeapp:Resistance01>
<bikeapp:BikeTotalDistanceM>19939.0</bikeapp:BikeTotalDistanceM>
</Extensions>
</Trackpoint>
<Trackpoint>
<Time>2026-05-29T21:16:00.886Z</Time>
<DistanceMeters>19623.9</DistanceMeters>
<HeartRateBpm><Value>136</Value></HeartRateBpm>
<Cadence>85</Cadence>
<Extensions>
<ns3:TPX>
<ns3:Speed>8.403</ns3:Speed>
<ns3:Watts>241</ns3:Watts>
</ns3:TPX>
<bikeapp:Resistance01>16</bikeapp:Resistance01>
<bikeapp:BikeTotalDistanceM>19948.0</bikeapp:BikeTotalDistanceM>
</Extensions>
</Trackpoint>
<Trackpoint>
<Time>2026-05-29T21:16:02.374Z</Time>
<DistanceMeters>19636.4</DistanceMeters>
<HeartRateBpm><Value>136</Value></HeartRateBpm>
<Cadence>85</Cadence>
<Extensions>
<ns3:TPX>
<ns3:Speed>8.409</ns3:Speed>
<ns3:Watts>241</ns3:Watts>
</ns3:TPX>
<bikeapp:Resistance01>16</bikeapp:Resistance01>
<bikeapp:BikeTotalDistanceM>19966.0</bikeapp:BikeTotalDistanceM>
</Extensions>
</Trackpoint>
<Trackpoint>
<Time>2026-05-29T21:16:03.874Z</Time>
<DistanceMeters>19649.0</DistanceMeters>
<HeartRateBpm><Value>136</Value></HeartRateBpm>
<Cadence>84</Cadence>
<Extensions>
<ns3:TPX>
<ns3:Speed>8.366</ns3:Speed>
<ns3:Watts>236</ns3:Watts>
</ns3:TPX>
<bikeapp:Resistance01>16</bikeapp:Resistance01>
<bikeapp:BikeTotalDistanceM>19974.0</bikeapp:BikeTotalDistanceM>
</Extensions>
</Trackpoint>
<Trackpoint>
<Time>2026-05-29T21:16:05.374Z</Time>
<DistanceMeters>19661.5</DistanceMeters>
<HeartRateBpm><Value>136</Value></HeartRateBpm>
<Cadence>84</Cadence>
<Extensions>
<ns3:TPX>
<ns3:Speed>8.337</ns3:Speed>
<ns3:Watts>236</ns3:Watts>
</ns3:TPX>
<bikeapp:Resistance01>16</bikeapp:Resistance01>
<bikeapp:BikeTotalDistanceM>19992.0</bikeapp:BikeTotalDistanceM>
</Extensions>
</Trackpoint>
<Trackpoint>
<Time>2026-05-29T21:16:06.873Z</Time>
<DistanceMeters>19674.0</DistanceMeters>
<HeartRateBpm><Value>136</Value></HeartRateBpm>
<Cadence>85</Cadence>
<Extensions>
<ns3:TPX>
<ns3:Speed>8.349</ns3:Speed>
<ns3:Watts>241</ns3:Watts>
</ns3:TPX>
<bikeapp:Resistance01>16</bikeapp:Resistance01>
<bikeapp:BikeTotalDistanceM>20001.0</bikeapp:BikeTotalDistanceM>
</Extensions>
</Trackpoint>
<Trackpoint>
<Time>2026-05-29T21:16:08.374Z</Time>
<DistanceMeters>19686.6</DistanceMeters>
<HeartRateBpm><Value>136</Value></HeartRateBpm>
<Cadence>86</Cadence>
<Extensions>
<ns3:TPX>
<ns3:Speed>8.398</ns3:Speed>
<ns3:Watts>246</ns3:Watts>
</ns3:TPX>
<bikeapp:Resistance01>16</bikeapp:Resistance01>
<bikeapp:BikeTotalDistanceM>20018.0</bikeapp:BikeTotalDistanceM>
</Extensions>
</Trackpoint>
<Trackpoint>
<Time>2026-05-29T21:16:09.375Z</Time>
<DistanceMeters>19695.0</DistanceMeters>
<HeartRateBpm><Value>136</Value></HeartRateBpm>
<Cadence>88</Cadence>
<Extensions>
<ns3:TPX>
<ns3:Speed>8.446</ns3:Speed>
<ns3:Watts>257</ns3:Watts>
</ns3:TPX>
<bikeapp:Resistance01>16</bikeapp:Resistance01>
<bikeapp:BikeTotalDistanceM>20027.0</bikeapp:BikeTotalDistanceM>
</Extensions>
</Trackpoint>
<Trackpoint>
<Time>2026-05-29T21:16:10.878Z</Time>
<DistanceMeters>19707.7</DistanceMeters>
<HeartRateBpm><Value>136</Value></HeartRateBpm>
<Cadence>84</Cadence>
<Extensions>
<ns3:TPX>
<ns3:Speed>8.412</ns3:Speed>
<ns3:Watts>236</ns3:Watts>
</ns3:TPX>
<bikeapp:Resistance01>16</bikeapp:Resistance01>
<bikeapp:BikeTotalDistanceM>20036.0</bikeapp:BikeTotalDistanceM>
</Extensions>
</Trackpoint>
<Trackpoint>
<Time>2026-05-29T21:16:12.374Z</Time>
<DistanceMeters>19720.3</DistanceMeters>
<HeartRateBpm><Value>137</Value></HeartRateBpm>
<Cadence>87</Cadence>
<Extensions>
<ns3:TPX>
<ns3:Speed>8.445</ns3:Speed>
<ns3:Watts>252</ns3:Watts>
</ns3:TPX>
<bikeapp:Resistance01>16</bikeapp:Resistance01>
<bikeapp:BikeTotalDistanceM>20054.0</bikeapp:BikeTotalDistanceM>
</Extensions>
</Trackpoint>
<Trackpoint>
<Time>2026-05-29T21:16:13.374Z</Time>
<DistanceMeters>19728.8</DistanceMeters>
<HeartRateBpm><Value>137</Value></HeartRateBpm>
<Cadence>87</Cadence>
<Extensions>
<ns3:TPX>
<ns3:Speed>8.474</ns3:Speed>
<ns3:Watts>252</ns3:Watts>
</ns3:TPX>
<bikeapp:Resistance01>16</bikeapp:Resistance01>
<bikeapp:BikeTotalDistanceM>20063.0</bikeapp:BikeTotalDistanceM>
</Extensions>
</Trackpoint>
<Trackpoint>
<Time>2026-05-29T21:16:14.873Z</Time>
<DistanceMeters>19741.6</DistanceMeters>
<HeartRateBpm><Value>138</Value></HeartRateBpm>
<Cadence>88</Cadence>
<Extensions>
<ns3:TPX>
<ns3:Speed>8.523</ns3:Speed>
<ns3:Watts>257</ns3:Watts>
</ns3:TPX>
<bikeapp:Resistance01>16</bikeapp:Resistance01>
<bikeapp:BikeTotalDistanceM>20072.0</bikeapp:BikeTotalDistanceM>
</Extensions>
</Trackpoint>
<Trackpoint>
<Time>2026-05-29T21:16:15.886Z</Time>
<DistanceMeters>19750.2</DistanceMeters>
<HeartRateBpm><Value>138</Value></HeartRateBpm>
<Cadence>86</Cadence>
<Extensions>
<ns3:TPX>
<ns3:Speed>8.492</ns3:Speed>
<ns3:Watts>246</ns3:Watts>
</ns3:TPX>
<bikeapp:Resistance01>16</bikeapp:Resistance01>
<bikeapp:BikeTotalDistanceM>20081.0</bikeapp:BikeTotalDistanceM>
</Extensions>
</Trackpoint>
<Trackpoint>
<Time>2026-05-29T21:16:17.374Z</Time>
<DistanceMeters>19762.8</DistanceMeters>
<HeartRateBpm><Value>139</Value></HeartRateBpm>
<Cadence>87</Cadence>
<Extensions>
<ns3:TPX>
<ns3:Speed>8.484</ns3:Speed>
<ns3:Watts>252</ns3:Watts>
</ns3:TPX>
<bikeapp:Resistance01>16</bikeapp:Resistance01>
<bikeapp:BikeTotalDistanceM>20099.0</bikeapp:BikeTotalDistanceM>
</Extensions>
</Trackpoint>
<Trackpoint>
<Time>2026-05-29T21:16:18.374Z</Time>
<DistanceMeters>19771.3</DistanceMeters>
<HeartRateBpm><Value>139</Value></HeartRateBpm>
<Cadence>87</Cadence>
<Extensions>
<ns3:TPX>
<ns3:Speed>8.498</ns3:Speed>
<ns3:Watts>252</ns3:Watts>
</ns3:TPX>
<bikeapp:Resistance01>16</bikeapp:Resistance01>
<bikeapp:BikeTotalDistanceM>20108.0</bikeapp:BikeTotalDistanceM>
</Extensions>
</Trackpoint>
<Trackpoint>
<Time>2026-05-29T21:16:19.873Z</Time>
<DistanceMeters>19784.0</DistanceMeters>
<HeartRateBpm><Value>139</Value></HeartRateBpm>
<Cadence>85</Cadence>
<Extensions>
<ns3:TPX>
<ns3:Speed>8.454</ns3:Speed>
<ns3:Watts>241</ns3:Watts>
</ns3:TPX>
<bikeapp:Resistance01>16</bikeapp:Resistance01>
<bikeapp:BikeTotalDistanceM>20117.0</bikeapp:BikeTotalDistanceM>
</Extensions>
</Trackpoint>
<Trackpoint>
<Time>2026-05-29T21:16:20.873Z</Time>
<DistanceMeters>19792.4</DistanceMeters>
<HeartRateBpm><Value>139</Value></HeartRateBpm>
<Cadence>85</Cadence>
<Extensions>
<ns3:TPX>
<ns3:Speed>8.424</ns3:Speed>
<ns3:Watts>241</ns3:Watts>
</ns3:TPX>
<bikeapp:Resistance01>16</bikeapp:Resistance01>
<bikeapp:BikeTotalDistanceM>20126.0</bikeapp:BikeTotalDistanceM>
</Extensions>
</Trackpoint>
<Trackpoint>
<Time>2026-05-29T21:16:21.873Z</Time>
<DistanceMeters>19800.8</DistanceMeters>
<HeartRateBpm><Value>140</Value></HeartRateBpm>
<Cadence>86</Cadence>
<Extensions>
<ns3:TPX>
<ns3:Speed>8.431</ns3:Speed>
<ns3:Watts>246</ns3:Watts>
</ns3:TPX>
<bikeapp:Resistance01>16</bikeapp:Resistance01>
<bikeapp:BikeTotalDistanceM>20135.0</bikeapp:BikeTotalDistanceM>
</Extensions>
</Trackpoint>
<Trackpoint>
<Time>2026-05-29T21:16:22.874Z</Time>
<DistanceMeters>19809.2</DistanceMeters>
<HeartRateBpm><Value>140</Value></HeartRateBpm>
<Cadence>84</Cadence>
<Extensions>
<ns3:TPX>
<ns3:Speed>8.384</ns3:Speed>
<ns3:Watts>236</ns3:Watts>
</ns3:TPX>
<bikeapp:Resistance01>16</bikeapp:Resistance01>
<bikeapp:BikeTotalDistanceM>20143.0</bikeapp:BikeTotalDistanceM>
</Extensions>
</Trackpoint>
<Trackpoint>
<Time>2026-05-29T21:16:24.378Z</Time>
<DistanceMeters>19821.8</DistanceMeters>
<HeartRateBpm><Value>139</Value></HeartRateBpm>
<Cadence>84</Cadence>
<Extensions>
<ns3:TPX>
<ns3:Speed>8.345</ns3:Speed>
<ns3:Watts>236</ns3:Watts>
</ns3:TPX>
<bikeapp:Resistance01>16</bikeapp:Resistance01>
<bikeapp:BikeTotalDistanceM>20161.0</bikeapp:BikeTotalDistanceM>
</Extensions>
</Trackpoint>
<Trackpoint>
<Time>2026-05-29T21:16:25.878Z</Time>
<DistanceMeters>19834.3</DistanceMeters>
<HeartRateBpm><Value>138</Value></HeartRateBpm>
<Cadence>84</Cadence>
<Extensions>
<ns3:TPX>
<ns3:Speed>8.327</ns3:Speed>
<ns3:Watts>236</ns3:Watts>
</ns3:TPX>
<bikeapp:Resistance01>16</bikeapp:Resistance01>
<bikeapp:BikeTotalDistanceM>20169.0</bikeapp:BikeTotalDistanceM>
</Extensions>
</Trackpoint>
<Trackpoint>
<Time>2026-05-29T21:16:27.374Z</Time>
<DistanceMeters>19846.8</DistanceMeters>
<HeartRateBpm><Value>138</Value></HeartRateBpm>
<Cadence>84</Cadence>
<Extensions>
<ns3:TPX>
<ns3:Speed>8.318</ns3:Speed>
<ns3:Watts>236</ns3:Watts>
</ns3:TPX>
<bikeapp:Resistance01>16</bikeapp:Resistance01>
<bikeapp:BikeTotalDistanceM>20187.0</bikeapp:BikeTotalDistanceM>
</Extensions>
</Trackpoint>
<Trackpoint>
<Time>2026-05-29T21:16:28.886Z</Time>
<DistanceMeters>19859.3</DistanceMeters>
<HeartRateBpm><Value>137</Value></HeartRateBpm>
<Cadence>84</Cadence>
<Extensions>
<ns3:TPX>
<ns3:Speed>8.314</ns3:Speed>
<ns3:Watts>236</ns3:Watts>
</ns3:TPX>
<bikeapp:Resistance01>16</bikeapp:Resistance01>
<bikeapp:BikeTotalDistanceM>20195.0</bikeapp:BikeTotalDistanceM>
</Extensions>
</Trackpoint>
<Trackpoint>
<Time>2026-05-29T21:16:30.373Z</Time>
<DistanceMeters>19871.7</DistanceMeters>
<HeartRateBpm><Value>137</Value></HeartRateBpm>
<Cadence>83</Cadence>
<Extensions>
<ns3:TPX>
<ns3:Speed>8.314</ns3:Speed>
<ns3:Watts>230</ns3:Watts>
</ns3:TPX>
<bikeapp:Resistance01>16</bikeapp:Resistance01>
<bikeapp:BikeTotalDistanceM>20213.0</bikeapp:BikeTotalDistanceM>
</Extensions>
</Trackpoint>
<Trackpoint>
<Time>2026-05-29T21:16:31.374Z</Time>
<DistanceMeters>19880.0</DistanceMeters>
<HeartRateBpm><Value>137</Value></HeartRateBpm>
<Cadence>82</Cadence>
<Extensions>
<ns3:TPX>
<ns3:Speed>8.266</ns3:Speed>
<ns3:Watts>225</ns3:Watts>
</ns3:TPX>
<bikeapp:Resistance01>16</bikeapp:Resistance01>
<bikeapp:BikeTotalDistanceM>20221.0</bikeapp:BikeTotalDistanceM>
</Extensions>
</Trackpoint>
<Trackpoint>
<Time>2026-05-29T21:16:32.374Z</Time>
<DistanceMeters>19888.2</DistanceMeters>
<HeartRateBpm><Value>137</Value></HeartRateBpm>
<Cadence>83</Cadence>
<Extensions>
<ns3:TPX>
<ns3:Speed>8.239</ns3:Speed>
<ns3:Watts>230</ns3:Watts>
</ns3:TPX>
<bikeapp:Resistance01>16</bikeapp:Resistance01>
<bikeapp:BikeTotalDistanceM>20230.0</bikeapp:BikeTotalDistanceM>
</Extensions>
</Trackpoint>
<Trackpoint>
<Time>2026-05-29T21:16:33.886Z</Time>
<DistanceMeters>19900.7</DistanceMeters>
<HeartRateBpm><Value>139</Value></HeartRateBpm>
<Cadence>82</Cadence>
<Extensions>
<ns3:TPX>
<ns3:Speed>8.206</ns3:Speed>
<ns3:Watts>225</ns3:Watts>
</ns3:TPX>
<bikeapp:Resistance01>16</bikeapp:Resistance01>
<bikeapp:BikeTotalDistanceM>20238.0</bikeapp:BikeTotalDistanceM>
</Extensions>
</Trackpoint>
<Trackpoint>
<Time>2026-05-29T21:16:35.386Z</Time>
<DistanceMeters>19913.3</DistanceMeters>
<HeartRateBpm><Value>139</Value></HeartRateBpm>
<Cadence>91</Cadence>
<Extensions>
<ns3:TPX>
<ns3:Speed>8.489</ns3:Speed>
<ns3:Watts>273</ns3:Watts>
</ns3:TPX>
<bikeapp:Resistance01>16</bikeapp:Resistance01>
<bikeapp:BikeTotalDistanceM>20257.0</bikeapp:BikeTotalDistanceM>
</Extensions>
</Trackpoint>
<Trackpoint>
<Time>2026-05-29T21:16:36.399Z</Time>
<DistanceMeters>19921.9</DistanceMeters>
<HeartRateBpm><Value>139</Value></HeartRateBpm>
<Cadence>88</Cadence>
<Extensions>
<ns3:TPX>
<ns3:Speed>8.560</ns3:Speed>
<ns3:Watts>257</ns3:Watts>
</ns3:TPX>
<bikeapp:Resistance01>16</bikeapp:Resistance01>
<bikeapp:BikeTotalDistanceM>20266.0</bikeapp:BikeTotalDistanceM>
</Extensions>
</Trackpoint>
<Trackpoint>
<Time>2026-05-29T21:16:37.878Z</Time>
<DistanceMeters>19934.6</DistanceMeters>
<HeartRateBpm><Value>140</Value></HeartRateBpm>
<Cadence>85</Cadence>
<Extensions>
<ns3:TPX>
<ns3:Speed>8.493</ns3:Speed>
<ns3:Watts>241</ns3:Watts>
</ns3:TPX>
<bikeapp:Resistance01>16</bikeapp:Resistance01>
<bikeapp:BikeTotalDistanceM>20275.0</bikeapp:BikeTotalDistanceM>
</Extensions>
</Trackpoint>
<Trackpoint>
<Time>2026-05-29T21:16:39.376Z</Time>
<DistanceMeters>19947.2</DistanceMeters>
<HeartRateBpm><Value>140</Value></HeartRateBpm>
<Cadence>86</Cadence>
<Extensions>
<ns3:TPX>
<ns3:Speed>8.402</ns3:Speed>
<ns3:Watts>246</ns3:Watts>
</ns3:TPX>
<bikeapp:Resistance01>16</bikeapp:Resistance01>
<bikeapp:BikeTotalDistanceM>20293.0</bikeapp:BikeTotalDistanceM>
</Extensions>
</Trackpoint>
<Trackpoint>
<Time>2026-05-29T21:16:40.874Z</Time>
<DistanceMeters>19959.8</DistanceMeters>
<HeartRateBpm><Value>141</Value></HeartRateBpm>
<Cadence>86</Cadence>
<Extensions>
<ns3:TPX>
<ns3:Speed>8.423</ns3:Speed>
<ns3:Watts>246</ns3:Watts>
</ns3:TPX>
<bikeapp:Resistance01>16</bikeapp:Resistance01>
<bikeapp:BikeTotalDistanceM>20301.0</bikeapp:BikeTotalDistanceM>
</Extensions>
</Trackpoint>
<Trackpoint>
<Time>2026-05-29T21:16:42.374Z</Time>
<DistanceMeters>19972.4</DistanceMeters>
<HeartRateBpm><Value>141</Value></HeartRateBpm>
<Cadence>86</Cadence>
<Extensions>
<ns3:TPX>
<ns3:Speed>8.434</ns3:Speed>
<ns3:Watts>246</ns3:Watts>
</ns3:TPX>
<bikeapp:Resistance01>16</bikeapp:Resistance01>
<bikeapp:BikeTotalDistanceM>20319.0</bikeapp:BikeTotalDistanceM>
</Extensions>
</Trackpoint>
<Trackpoint>
<Time>2026-05-29T21:16:43.374Z</Time>
<DistanceMeters>19980.9</DistanceMeters>
<HeartRateBpm><Value>141</Value></HeartRateBpm>
<Cadence>87</Cadence>
<Extensions>
<ns3:TPX>
<ns3:Speed>8.454</ns3:Speed>
<ns3:Watts>252</ns3:Watts>
</ns3:TPX>
<bikeapp:Resistance01>16</bikeapp:Resistance01>
<bikeapp:BikeTotalDistanceM>20328.0</bikeapp:BikeTotalDistanceM>
</Extensions>
</Trackpoint>
<Trackpoint>
<Time>2026-05-29T21:16:44.874Z</Time>
<DistanceMeters>19993.6</DistanceMeters>
<HeartRateBpm><Value>142</Value></HeartRateBpm>
<Cadence>87</Cadence>
<Extensions>
<ns3:TPX>
<ns3:Speed>8.489</ns3:Speed>
<ns3:Watts>252</ns3:Watts>
</ns3:TPX>
<bikeapp:Resistance01>16</bikeapp:Resistance01>
<bikeapp:BikeTotalDistanceM>20337.0</bikeapp:BikeTotalDistanceM>
</Extensions>
</Trackpoint>
<Trackpoint>
<Time>2026-05-29T21:16:45.874Z</Time>
<DistanceMeters>20002.1</DistanceMeters>
<HeartRateBpm><Value>142</Value></HeartRateBpm>
<Cadence>88</Cadence>
<Extensions>
<ns3:TPX>
<ns3:Speed>8.526</ns3:Speed>
<ns3:Watts>257</ns3:Watts>
</ns3:TPX>
<bikeapp:Resistance01>16</bikeapp:Resistance01>
<bikeapp:BikeTotalDistanceM>20346.0</bikeapp:BikeTotalDistanceM>
</Extensions>
</Trackpoint>
<Trackpoint>
<Time>2026-05-29T21:16:46.874Z</Time>
<DistanceMeters>20010.6</DistanceMeters>
<HeartRateBpm><Value>143</Value></HeartRateBpm>
<Cadence>87</Cadence>
<Extensions>
<ns3:TPX>
<ns3:Speed>8.524</ns3:Speed>
<ns3:Watts>252</ns3:Watts>
</ns3:TPX>
<bikeapp:Resistance01>16</bikeapp:Resistance01>
<bikeapp:BikeTotalDistanceM>20355.0</bikeapp:BikeTotalDistanceM>
</Extensions>
</Trackpoint>
<Trackpoint>
<Time>2026-05-29T21:16:48.386Z</Time>
<DistanceMeters>20023.5</DistanceMeters>
<HeartRateBpm><Value>143</Value></HeartRateBpm>
<Cadence>86</Cadence>
<Extensions>
<ns3:TPX>
<ns3:Speed>8.482</ns3:Speed>
<ns3:Watts>246</ns3:Watts>
</ns3:TPX>
<bikeapp:Resistance01>16</bikeapp:Resistance01>
<bikeapp:BikeTotalDistanceM>20373.0</bikeapp:BikeTotalDistanceM>
</Extensions>
</Trackpoint>
<Trackpoint>
<Time>2026-05-29T21:16:49.398Z</Time>
<DistanceMeters>20032.0</DistanceMeters>
<HeartRateBpm><Value>143</Value></HeartRateBpm>
<Cadence>87</Cadence>
<Extensions>
<ns3:TPX>
<ns3:Speed>8.484</ns3:Speed>
<ns3:Watts>252</ns3:Watts>
</ns3:TPX>
<bikeapp:Resistance01>16</bikeapp:Resistance01>
<bikeapp:BikeTotalDistanceM>20382.0</bikeapp:BikeTotalDistanceM>
</Extensions>
</Trackpoint>
<Trackpoint>
<Time>2026-05-29T21:16:50.874Z</Time>
<DistanceMeters>20044.6</DistanceMeters>
<HeartRateBpm><Value>143</Value></HeartRateBpm>
<Cadence>89</Cadence>
<Extensions>
<ns3:TPX>
<ns3:Speed>8.553</ns3:Speed>
<ns3:Watts>262</ns3:Watts>
</ns3:TPX>
<bikeapp:Resistance01>16</bikeapp:Resistance01>
<bikeapp:BikeTotalDistanceM>20391.0</bikeapp:BikeTotalDistanceM>
</Extensions>
</Trackpoint>
<Trackpoint>
<Time>2026-05-29T21:16:51.875Z</Time>
<DistanceMeters>20053.2</DistanceMeters>
<HeartRateBpm><Value>143</Value></HeartRateBpm>
<Cadence>86</Cadence>
<Extensions>
<ns3:TPX>
<ns3:Speed>8.510</ns3:Speed>
<ns3:Watts>246</ns3:Watts>
</ns3:TPX>
<bikeapp:Resistance01>16</bikeapp:Resistance01>
<bikeapp:BikeTotalDistanceM>20400.0</bikeapp:BikeTotalDistanceM>
</Extensions>
</Trackpoint>
<Trackpoint>
<Time>2026-05-29T21:16:53.388Z</Time>
<DistanceMeters>20065.9</DistanceMeters>
<HeartRateBpm><Value>142</Value></HeartRateBpm>
<Cadence>83</Cadence>
<Extensions>
<ns3:TPX>
<ns3:Speed>8.407</ns3:Speed>
<ns3:Watts>230</ns3:Watts>
</ns3:TPX>
<bikeapp:Resistance01>16</bikeapp:Resistance01>
<bikeapp:BikeTotalDistanceM>20418.0</bikeapp:BikeTotalDistanceM>
</Extensions>
</Trackpoint>
<Trackpoint>
<Time>2026-05-29T21:16:54.874Z</Time>
<DistanceMeters>20078.3</DistanceMeters>
<HeartRateBpm><Value>142</Value></HeartRateBpm>
<Cadence>83</Cadence>
<Extensions>
<ns3:TPX>
<ns3:Speed>8.314</ns3:Speed>
<ns3:Watts>230</ns3:Watts>
</ns3:TPX>
<bikeapp:Resistance01>16</bikeapp:Resistance01>
<bikeapp:BikeTotalDistanceM>20426.0</bikeapp:BikeTotalDistanceM>
</Extensions>
</Trackpoint>
<Trackpoint>
<Time>2026-05-29T21:16:56.386Z</Time>
<DistanceMeters>20090.8</DistanceMeters>
<HeartRateBpm><Value>141</Value></HeartRateBpm>
<Cadence>83</Cadence>
<Extensions>
<ns3:TPX>
<ns3:Speed>8.269</ns3:Speed>
<ns3:Watts>230</ns3:Watts>
</ns3:TPX>
<bikeapp:Resistance01>16</bikeapp:Resistance01>
<bikeapp:BikeTotalDistanceM>20444.0</bikeapp:BikeTotalDistanceM>
</Extensions>
</Trackpoint>
<Trackpoint>
<Time>2026-05-29T21:16:57.386Z</Time>
<DistanceMeters>20099.1</DistanceMeters>
<HeartRateBpm><Value>141</Value></HeartRateBpm>
<Cadence>84</Cadence>
<Extensions>
<ns3:TPX>
<ns3:Speed>8.271</ns3:Speed>
<ns3:Watts>236</ns3:Watts>
</ns3:TPX>
<bikeapp:Resistance01>16</bikeapp:Resistance01>
<bikeapp:BikeTotalDistanceM>20452.0</bikeapp:BikeTotalDistanceM>
</Extensions>
</Trackpoint>
<Trackpoint>
<Time>2026-05-29T21:16:58.874Z</Time>
<DistanceMeters>20111.4</DistanceMeters>
<HeartRateBpm><Value>141</Value></HeartRateBpm>
<Cadence>84</Cadence>
<Extensions>
<ns3:TPX>
<ns3:Speed>8.291</ns3:Speed>
<ns3:Watts>236</ns3:Watts>
</ns3:TPX>
<bikeapp:Resistance01>16</bikeapp:Resistance01>
<bikeapp:BikeTotalDistanceM>20461.0</bikeapp:BikeTotalDistanceM>
</Extensions>
</Trackpoint>
<Trackpoint>
<Time>2026-05-29T21:17:00.386Z</Time>
<DistanceMeters>20124.0</DistanceMeters>
<HeartRateBpm><Value>140</Value></HeartRateBpm>
<Cadence>84</Cadence>
<Extensions>
<ns3:TPX>
<ns3:Speed>8.301</ns3:Speed>
<ns3:Watts>236</ns3:Watts>
</ns3:TPX>
<bikeapp:Resistance01>16</bikeapp:Resistance01>
<bikeapp:BikeTotalDistanceM>20478.0</bikeapp:BikeTotalDistanceM>
</Extensions>
</Trackpoint>
<Trackpoint>
<Time>2026-05-29T21:17:01.386Z</Time>
<DistanceMeters>20132.3</DistanceMeters>
<HeartRateBpm><Value>140</Value></HeartRateBpm>
<Cadence>84</Cadence>
<Extensions>
<ns3:TPX>
<ns3:Speed>8.304</ns3:Speed>
<ns3:Watts>236</ns3:Watts>
</ns3:TPX>
<bikeapp:Resistance01>16</bikeapp:Resistance01>
<bikeapp:BikeTotalDistanceM>20487.0</bikeapp:BikeTotalDistanceM>
</Extensions>
</Trackpoint>
<Trackpoint>
<Time>2026-05-29T21:17:02.386Z</Time>
<DistanceMeters>20140.6</DistanceMeters>
<HeartRateBpm><Value>140</Value></HeartRateBpm>
<Cadence>83</Cadence>
<Extensions>
<ns3:TPX>
<ns3:Speed>8.288</ns3:Speed>
<ns3:Watts>230</ns3:Watts>
</ns3:TPX>
<bikeapp:Resistance01>16</bikeapp:Resistance01>
<bikeapp:BikeTotalDistanceM>20496.0</bikeapp:BikeTotalDistanceM>
</Extensions>
</Trackpoint>
<Trackpoint>
<Time>2026-05-29T21:17:03.400Z</Time>
<DistanceMeters>20149.0</DistanceMeters>
<HeartRateBpm><Value>140</Value></HeartRateBpm>
<Cadence>81</Cadence>
<Extensions>
<ns3:TPX>
<ns3:Speed>8.233</ns3:Speed>
<ns3:Watts>220</ns3:Watts>
</ns3:TPX>
<bikeapp:Resistance01>16</bikeapp:Resistance01>
<bikeapp:BikeTotalDistanceM>20504.0</bikeapp:BikeTotalDistanceM>
</Extensions>
</Trackpoint>
<Trackpoint>
<Time>2026-05-29T21:17:04.874Z</Time>
<DistanceMeters>20161.0</DistanceMeters>
<HeartRateBpm><Value>139</Value></HeartRateBpm>
<Cadence>81</Cadence>
<Extensions>
<ns3:TPX>
<ns3:Speed>8.158</ns3:Speed>
<ns3:Watts>220</ns3:Watts>
</ns3:TPX>
<bikeapp:Resistance01>16</bikeapp:Resistance01>
<bikeapp:BikeTotalDistanceM>20512.0</bikeapp:BikeTotalDistanceM>
</Extensions>
</Trackpoint>
<Trackpoint>
<Time>2026-05-29T21:17:06.399Z</Time>
<DistanceMeters>20173.5</DistanceMeters>
<HeartRateBpm><Value>139</Value></HeartRateBpm>
<Cadence>83</Cadence>
<Extensions>
<ns3:TPX>
<ns3:Speed>8.195</ns3:Speed>
<ns3:Watts>230</ns3:Watts>
</ns3:TPX>
<bikeapp:Resistance01>16</bikeapp:Resistance01>
<bikeapp:BikeTotalDistanceM>20529.0</bikeapp:BikeTotalDistanceM>
</Extensions>
</Trackpoint>
<Trackpoint>
<Time>2026-05-29T21:17:07.399Z</Time>
<DistanceMeters>20181.7</DistanceMeters>
<HeartRateBpm><Value>139</Value></HeartRateBpm>
<Cadence>83</Cadence>
<Extensions>
<ns3:TPX>
<ns3:Speed>8.208</ns3:Speed>
<ns3:Watts>230</ns3:Watts>
</ns3:TPX>
<bikeapp:Resistance01>16</bikeapp:Resistance01>
<bikeapp:BikeTotalDistanceM>20538.0</bikeapp:BikeTotalDistanceM>
</Extensions>
</Trackpoint>
<Trackpoint>
<Time>2026-05-29T21:17:08.874Z</Time>
<DistanceMeters>20193.9</DistanceMeters>
<HeartRateBpm><Value>140</Value></HeartRateBpm>
<Cadence>86</Cadence>
<Extensions>
<ns3:TPX>
<ns3:Speed>8.301</ns3:Speed>
<ns3:Watts>246</ns3:Watts>
</ns3:TPX>
<bikeapp:Resistance01>16</bikeapp:Resistance01>
<bikeapp:BikeTotalDistanceM>20547.0</bikeapp:BikeTotalDistanceM>
</Extensions>
</Trackpoint>
<Trackpoint>
<Time>2026-05-29T21:17:09.874Z</Time>
<DistanceMeters>20202.2</DistanceMeters>
<HeartRateBpm><Value>140</Value></HeartRateBpm>
<Cadence>86</Cadence>
<Extensions>
<ns3:TPX>
<ns3:Speed>8.356</ns3:Speed>
<ns3:Watts>246</ns3:Watts>
</ns3:TPX>
<bikeapp:Resistance01>16</bikeapp:Resistance01>
<bikeapp:BikeTotalDistanceM>20556.0</bikeapp:BikeTotalDistanceM>
</Extensions>
</Trackpoint>
<Trackpoint>
<Time>2026-05-29T21:17:11.387Z</Time>
<DistanceMeters>20214.8</DistanceMeters>
<HeartRateBpm><Value>140</Value></HeartRateBpm>
<Cadence>83</Cadence>
<Extensions>
<ns3:TPX>
<ns3:Speed>8.268</ns3:Speed>
<ns3:Watts>230</ns3:Watts>
</ns3:TPX>
<bikeapp:Resistance01>16</bikeapp:Resistance01>
<bikeapp:BikeTotalDistanceM>20573.0</bikeapp:BikeTotalDistanceM>
</Extensions>
</Trackpoint>
<Trackpoint>
<Time>2026-05-29T21:17:12.399Z</Time>
<DistanceMeters>20223.1</DistanceMeters>
<HeartRateBpm><Value>141</Value></HeartRateBpm>
<Cadence>84</Cadence>
<Extensions>
<ns3:TPX>
<ns3:Speed>8.271</ns3:Speed>
<ns3:Watts>236</ns3:Watts>
</ns3:TPX>
<bikeapp:Resistance01>16</bikeapp:Resistance01>
<bikeapp:BikeTotalDistanceM>20582.0</bikeapp:BikeTotalDistanceM>
</Extensions>
</Trackpoint>
<Trackpoint>
<Time>2026-05-29T21:17:13.874Z</Time>
<DistanceMeters>20235.4</DistanceMeters>
<HeartRateBpm><Value>141</Value></HeartRateBpm>
<Cadence>85</Cadence>
<Extensions>
<ns3:TPX>
<ns3:Speed>8.317</ns3:Speed>
<ns3:Watts>241</ns3:Watts>
</ns3:TPX>
<bikeapp:Resistance01>16</bikeapp:Resistance01>
<bikeapp:BikeTotalDistanceM>20590.0</bikeapp:BikeTotalDistanceM>
</Extensions>
</Trackpoint>
<Trackpoint>
<Time>2026-05-29T21:17:15.400Z</Time>
<DistanceMeters>20248.1</DistanceMeters>
<HeartRateBpm><Value>140</Value></HeartRateBpm>
<Cadence>83</Cadence>
<Extensions>
<ns3:TPX>
<ns3:Speed>8.314</ns3:Speed>
<ns3:Watts>230</ns3:Watts>
</ns3:TPX>
<bikeapp:Resistance01>16</bikeapp:Resistance01>
<bikeapp:BikeTotalDistanceM>20608.0</bikeapp:BikeTotalDistanceM>
</Extensions>
</Trackpoint>
<Trackpoint>
<Time>2026-05-29T21:17:16.874Z</Time>
<DistanceMeters>20260.3</DistanceMeters>
<HeartRateBpm><Value>140</Value></HeartRateBpm>
<Cadence>82</Cadence>
<Extensions>
<ns3:TPX>
<ns3:Speed>8.243</ns3:Speed>
<ns3:Watts>225</ns3:Watts>
</ns3:TPX>
<bikeapp:Resistance01>16</bikeapp:Resistance01>
<bikeapp:BikeTotalDistanceM>20616.0</bikeapp:BikeTotalDistanceM>
</Extensions>
</Trackpoint>
<Trackpoint>
<Time>2026-05-29T21:17:17.874Z</Time>
<DistanceMeters>20268.5</DistanceMeters>
<HeartRateBpm><Value>140</Value></HeartRateBpm>
<Cadence>82</Cadence>
<Extensions>
<ns3:TPX>
<ns3:Speed>8.210</ns3:Speed>
<ns3:Watts>225</ns3:Watts>
</ns3:TPX>
<bikeapp:Resistance01>16</bikeapp:Resistance01>
<bikeapp:BikeTotalDistanceM>20625.0</bikeapp:BikeTotalDistanceM>
</Extensions>
</Trackpoint>
<Trackpoint>
<Time>2026-05-29T21:17:18.874Z</Time>
<DistanceMeters>20276.6</DistanceMeters>
<HeartRateBpm><Value>140</Value></HeartRateBpm>
<Cadence>80</Cadence>
<Extensions>
<ns3:TPX>
<ns3:Speed>8.135</ns3:Speed>
<ns3:Watts>215</ns3:Watts>
</ns3:TPX>
<bikeapp:Resistance01>16</bikeapp:Resistance01>
<bikeapp:BikeTotalDistanceM>20633.0</bikeapp:BikeTotalDistanceM>
</Extensions>
</Trackpoint>
<Trackpoint>
<Time>2026-05-29T21:17:20.386Z</Time>
<DistanceMeters>20289.0</DistanceMeters>
<HeartRateBpm><Value>140</Value></HeartRateBpm>
<Cadence>87</Cadence>
<Extensions>
<ns3:TPX>
<ns3:Speed>8.207</ns3:Speed>
<ns3:Watts>252</ns3:Watts>
</ns3:TPX>
<bikeapp:Resistance01>16</bikeapp:Resistance01>
<bikeapp:BikeTotalDistanceM>20651.0</bikeapp:BikeTotalDistanceM>
</Extensions>
</Trackpoint>
<Trackpoint>
<Time>2026-05-29T21:17:21.411Z</Time>
<DistanceMeters>20297.5</DistanceMeters>
<HeartRateBpm><Value>141</Value></HeartRateBpm>
<Cadence>86</Cadence>
<Extensions>
<ns3:TPX>
<ns3:Speed>8.313</ns3:Speed>
<ns3:Watts>246</ns3:Watts>
</ns3:TPX>
<bikeapp:Resistance01>16</bikeapp:Resistance01>
<bikeapp:BikeTotalDistanceM>20659.0</bikeapp:BikeTotalDistanceM>
</Extensions>
</Trackpoint>
<Trackpoint>
<Time>2026-05-29T21:17:22.876Z</Time>
<DistanceMeters>20309.7</DistanceMeters>
<HeartRateBpm><Value>141</Value></HeartRateBpm>
<Cadence>86</Cadence>
<Extensions>
<ns3:TPX>
<ns3:Speed>8.380</ns3:Speed>
<ns3:Watts>246</ns3:Watts>
</ns3:TPX>
<bikeapp:Resistance01>16</bikeapp:Resistance01>
<bikeapp:BikeTotalDistanceM>20668.0</bikeapp:BikeTotalDistanceM>
</Extensions>
</Trackpoint>
<Trackpoint>
<Time>2026-05-29T21:17:24.412Z</Time>
<DistanceMeters>20322.7</DistanceMeters>
<HeartRateBpm><Value>141</Value></HeartRateBpm>
<Cadence>87</Cadence>
<Extensions>
<ns3:TPX>
<ns3:Speed>8.474</ns3:Speed>
<ns3:Watts>252</ns3:Watts>
</ns3:TPX>
<bikeapp:Resistance01>16</bikeapp:Resistance01>
<bikeapp:BikeTotalDistanceM>20686.0</bikeapp:BikeTotalDistanceM>
</Extensions>
</Trackpoint>
<Trackpoint>
<Time>2026-05-29T21:17:25.874Z</Time>
<DistanceMeters>20335.1</DistanceMeters>
<HeartRateBpm><Value>141</Value></HeartRateBpm>
<Cadence>85</Cadence>
<Extensions>
<ns3:TPX>
<ns3:Speed>8.442</ns3:Speed>
<ns3:Watts>241</ns3:Watts>
</ns3:TPX>
<bikeapp:Resistance01>16</bikeapp:Resistance01>
<bikeapp:BikeTotalDistanceM>20695.0</bikeapp:BikeTotalDistanceM>
</Extensions>
</Trackpoint>
<Trackpoint>
<Time>2026-05-29T21:17:26.875Z</Time>
<DistanceMeters>20343.5</DistanceMeters>
<HeartRateBpm><Value>141</Value></HeartRateBpm>
<Cadence>86</Cadence>
<Extensions>
<ns3:TPX>
<ns3:Speed>8.442</ns3:Speed>
<ns3:Watts>246</ns3:Watts>
</ns3:TPX>
<bikeapp:Resistance01>16</bikeapp:Resistance01>
<bikeapp:BikeTotalDistanceM>20704.0</bikeapp:BikeTotalDistanceM>
</Extensions>
</Trackpoint>
<Trackpoint>
<Time>2026-05-29T21:17:28.400Z</Time>
<DistanceMeters>20356.4</DistanceMeters>
<HeartRateBpm><Value>141</Value></HeartRateBpm>
<Cadence>85</Cadence>
<Extensions>
<ns3:TPX>
<ns3:Speed>8.428</ns3:Speed>
<ns3:Watts>241</ns3:Watts>
</ns3:TPX>
<bikeapp:Resistance01>16</bikeapp:Resistance01>
<bikeapp:BikeTotalDistanceM>20722.0</bikeapp:BikeTotalDistanceM>
</Extensions>
</Trackpoint>
<Trackpoint>
<Time>2026-05-29T21:17:29.874Z</Time>
<DistanceMeters>20368.8</DistanceMeters>
<HeartRateBpm><Value>141</Value></HeartRateBpm>
<Cadence>84</Cadence>
<Extensions>
<ns3:TPX>
<ns3:Speed>8.376</ns3:Speed>
<ns3:Watts>236</ns3:Watts>
</ns3:TPX>
<bikeapp:Resistance01>16</bikeapp:Resistance01>
<bikeapp:BikeTotalDistanceM>20731.0</bikeapp:BikeTotalDistanceM>
</Extensions>
</Trackpoint>
<Trackpoint>
<Time>2026-05-29T21:17:31.399Z</Time>
<DistanceMeters>20381.4</DistanceMeters>
<HeartRateBpm><Value>142</Value></HeartRateBpm>
<Cadence>81</Cadence>
<Extensions>
<ns3:TPX>
<ns3:Speed>8.224</ns3:Speed>
<ns3:Watts>220</ns3:Watts>
</ns3:TPX>
<bikeapp:Resistance01>16</bikeapp:Resistance01>
<bikeapp:BikeTotalDistanceM>20747.0</bikeapp:BikeTotalDistanceM>
</Extensions>
</Trackpoint>
<Trackpoint>
<Time>2026-05-29T21:17:32.888Z</Time>
<DistanceMeters>20393.6</DistanceMeters>
<HeartRateBpm><Value>142</Value></HeartRateBpm>
<Cadence>82</Cadence>
<Extensions>
<ns3:TPX>
<ns3:Speed>8.181</ns3:Speed>
<ns3:Watts>225</ns3:Watts>
</ns3:TPX>
<bikeapp:Resistance01>16</bikeapp:Resistance01>
<bikeapp:BikeTotalDistanceM>20756.0</bikeapp:BikeTotalDistanceM>
</Extensions>
</Trackpoint>
<Trackpoint>
<Time>2026-05-29T21:17:34.399Z</Time>
<DistanceMeters>20406.0</DistanceMeters>
<HeartRateBpm><Value>142</Value></HeartRateBpm>
<Cadence>85</Cadence>
<Extensions>
<ns3:TPX>
<ns3:Speed>8.264</ns3:Speed>
<ns3:Watts>241</ns3:Watts>
</ns3:TPX>
<bikeapp:Resistance01>16</bikeapp:Resistance01>
<bikeapp:BikeTotalDistanceM>20773.0</bikeapp:BikeTotalDistanceM>
</Extensions>
</Trackpoint>
<Trackpoint>
<Time>2026-05-29T21:17:35.874Z</Time>
<DistanceMeters>20418.2</DistanceMeters>
<HeartRateBpm><Value>141</Value></HeartRateBpm>
<Cadence>82</Cadence>
<Extensions>
<ns3:TPX>
<ns3:Speed>8.238</ns3:Speed>
<ns3:Watts>225</ns3:Watts>
</ns3:TPX>
<bikeapp:Resistance01>16</bikeapp:Resistance01>
<bikeapp:BikeTotalDistanceM>20782.0</bikeapp:BikeTotalDistanceM>
</Extensions>
</Trackpoint>
<Trackpoint>
<Time>2026-05-29T21:17:36.887Z</Time>
<DistanceMeters>20426.5</DistanceMeters>
<HeartRateBpm><Value>141</Value></HeartRateBpm>
<Cadence>82</Cadence>
<Extensions>
<ns3:TPX>
<ns3:Speed>8.207</ns3:Speed>
<ns3:Watts>225</ns3:Watts>
</ns3:TPX>
<bikeapp:Resistance01>16</bikeapp:Resistance01>
<bikeapp:BikeTotalDistanceM>20790.0</bikeapp:BikeTotalDistanceM>
</Extensions>
</Trackpoint>
<Trackpoint>
<Time>2026-05-29T21:17:38.387Z</Time>
<DistanceMeters>20438.8</DistanceMeters>
<HeartRateBpm><Value>140</Value></HeartRateBpm>
<Cadence>83</Cadence>
<Extensions>
<ns3:TPX>
<ns3:Speed>8.197</ns3:Speed>
<ns3:Watts>230</ns3:Watts>
</ns3:TPX>
<bikeapp:Resistance01>16</bikeapp:Resistance01>
<bikeapp:BikeTotalDistanceM>20807.0</bikeapp:BikeTotalDistanceM>
</Extensions>
</Trackpoint>
<Trackpoint>
<Time>2026-05-29T21:17:39.412Z</Time>
<DistanceMeters>20447.2</DistanceMeters>
<HeartRateBpm><Value>139</Value></HeartRateBpm>
<Cadence>83</Cadence>
<Extensions>
<ns3:TPX>
<ns3:Speed>8.209</ns3:Speed>
<ns3:Watts>230</ns3:Watts>
</ns3:TPX>
<bikeapp:Resistance01>16</bikeapp:Resistance01>
<bikeapp:BikeTotalDistanceM>20816.0</bikeapp:BikeTotalDistanceM>
</Extensions>
</Trackpoint>
<Trackpoint>
<Time>2026-05-29T21:17:40.887Z</Time>
<DistanceMeters>20459.4</DistanceMeters>
<HeartRateBpm><Value>139</Value></HeartRateBpm>
<Cadence>85</Cadence>
<Extensions>
<ns3:TPX>
<ns3:Speed>8.276</ns3:Speed>
<ns3:Watts>241</ns3:Watts>
</ns3:TPX>
<bikeapp:Resistance01>16</bikeapp:Resistance01>
<bikeapp:BikeTotalDistanceM>20825.0</bikeapp:BikeTotalDistanceM>
</Extensions>
</Trackpoint>
<Trackpoint>
<Time>2026-05-29T21:17:41.887Z</Time>
<DistanceMeters>20467.7</DistanceMeters>
<HeartRateBpm><Value>139</Value></HeartRateBpm>
<Cadence>85</Cadence>
<Extensions>
<ns3:TPX>
<ns3:Speed>8.315</ns3:Speed>
<ns3:Watts>241</ns3:Watts>
</ns3:TPX>
<bikeapp:Resistance01>16</bikeapp:Resistance01>
<bikeapp:BikeTotalDistanceM>20834.0</bikeapp:BikeTotalDistanceM>
</Extensions>
</Trackpoint>
<Trackpoint>
<Time>2026-05-29T21:17:42.887Z</Time>
<DistanceMeters>20476.1</DistanceMeters>
<HeartRateBpm><Value>139</Value></HeartRateBpm>
<Cadence>87</Cadence>
<Extensions>
<ns3:TPX>
<ns3:Speed>8.395</ns3:Speed>
<ns3:Watts>252</ns3:Watts>
</ns3:TPX>
<bikeapp:Resistance01>16</bikeapp:Resistance01>
<bikeapp:BikeTotalDistanceM>20843.0</bikeapp:BikeTotalDistanceM>
</Extensions>
</Trackpoint>
<Trackpoint>
<Time>2026-05-29T21:17:44.387Z</Time>
<DistanceMeters>20488.6</DistanceMeters>
<HeartRateBpm><Value>139</Value></HeartRateBpm>
<Cadence>83</Cadence>
<Extensions>
<ns3:TPX>
<ns3:Speed>8.333</ns3:Speed>
<ns3:Watts>230</ns3:Watts>
</ns3:TPX>
<bikeapp:Resistance01>16</bikeapp:Resistance01>
<bikeapp:BikeTotalDistanceM>20860.0</bikeapp:BikeTotalDistanceM>
</Extensions>
</Trackpoint>
<Trackpoint>
<Time>2026-05-29T21:17:45.399Z</Time>
<DistanceMeters>20497.0</DistanceMeters>
<HeartRateBpm><Value>140</Value></HeartRateBpm>
<Cadence>82</Cadence>
<Extensions>
<ns3:TPX>
<ns3:Speed>8.276</ns3:Speed>
<ns3:Watts>225</ns3:Watts>
</ns3:TPX>
<bikeapp:Resistance01>16</bikeapp:Resistance01>
<bikeapp:BikeTotalDistanceM>20868.0</bikeapp:BikeTotalDistanceM>
</Extensions>
</Trackpoint>
<Trackpoint>
<Time>2026-05-29T21:17:46.399Z</Time>
<DistanceMeters>20505.2</DistanceMeters>
<HeartRateBpm><Value>140</Value></HeartRateBpm>
<Cadence>83</Cadence>
<Extensions>
<ns3:TPX>
<ns3:Speed>8.246</ns3:Speed>
<ns3:Watts>230</ns3:Watts>
</ns3:TPX>
<bikeapp:Resistance01>16</bikeapp:Resistance01>
<bikeapp:BikeTotalDistanceM>20877.0</bikeapp:BikeTotalDistanceM>
</Extensions>
</Trackpoint>
<Trackpoint>
<Time>2026-05-29T21:17:47.911Z</Time>
<DistanceMeters>20517.7</DistanceMeters>
<HeartRateBpm><Value>139</Value></HeartRateBpm>
<Cadence>84</Cadence>
<Extensions>
<ns3:TPX>
<ns3:Speed>8.269</ns3:Speed>
<ns3:Watts>236</ns3:Watts>
</ns3:TPX>
<bikeapp:Resistance01>16</bikeapp:Resistance01>
<bikeapp:BikeTotalDistanceM>20886.0</bikeapp:BikeTotalDistanceM>
</Extensions>
</Trackpoint>
<Trackpoint>
<Time>2026-05-29T21:17:49.400Z</Time>
<DistanceMeters>20530.1</DistanceMeters>
<HeartRateBpm><Value>139</Value></HeartRateBpm>
<Cadence>86</Cadence>
<Extensions>
<ns3:TPX>
<ns3:Speed>8.359</ns3:Speed>
<ns3:Watts>246</ns3:Watts>
</ns3:TPX>
<bikeapp:Resistance01>16</bikeapp:Resistance01>
<bikeapp:BikeTotalDistanceM>20904.0</bikeapp:BikeTotalDistanceM>
</Extensions>
</Trackpoint>
<Trackpoint>
<Time>2026-05-29T21:17:50.900Z</Time>
<DistanceMeters>20542.7</DistanceMeters>
<HeartRateBpm><Value>139</Value></HeartRateBpm>
<Cadence>86</Cadence>
<Extensions>
<ns3:TPX>
<ns3:Speed>8.403</ns3:Speed>
<ns3:Watts>246</ns3:Watts>
</ns3:TPX>
<bikeapp:Resistance01>16</bikeapp:Resistance01>
<bikeapp:BikeTotalDistanceM>20912.0</bikeapp:BikeTotalDistanceM>
</Extensions>
</Trackpoint>
<Trackpoint>
<Time>2026-05-29T21:17:52.399Z</Time>
<DistanceMeters>20555.3</DistanceMeters>
<HeartRateBpm><Value>140</Value></HeartRateBpm>
<Cadence>86</Cadence>
<Extensions>
<ns3:TPX>
<ns3:Speed>8.404</ns3:Speed>
<ns3:Watts>246</ns3:Watts>
</ns3:TPX>
<bikeapp:Resistance01>16</bikeapp:Resistance01>
<bikeapp:BikeTotalDistanceM>20930.0</bikeapp:BikeTotalDistanceM>
</Extensions>
</Trackpoint>
<Trackpoint>
<Time>2026-05-29T21:17:53.887Z</Time>
<DistanceMeters>20567.8</DistanceMeters>
<HeartRateBpm><Value>141</Value></HeartRateBpm>
<Cadence>86</Cadence>
<Extensions>
<ns3:TPX>
<ns3:Speed>8.424</ns3:Speed>
<ns3:Watts>246</ns3:Watts>
</ns3:TPX>
<bikeapp:Resistance01>16</bikeapp:Resistance01>
<bikeapp:BikeTotalDistanceM>20939.0</bikeapp:BikeTotalDistanceM>
</Extensions>
</Trackpoint>
<Trackpoint>
<Time>2026-05-29T21:17:54.887Z</Time>
<DistanceMeters>20576.3</DistanceMeters>
<HeartRateBpm><Value>141</Value></HeartRateBpm>
<Cadence>86</Cadence>
<Extensions>
<ns3:TPX>
<ns3:Speed>8.431</ns3:Speed>
<ns3:Watts>246</ns3:Watts>
</ns3:TPX>
<bikeapp:Resistance01>16</bikeapp:Resistance01>
<bikeapp:BikeTotalDistanceM>20948.0</bikeapp:BikeTotalDistanceM>
</Extensions>
</Trackpoint>
<Trackpoint>
<Time>2026-05-29T21:17:55.899Z</Time>
<DistanceMeters>20584.8</DistanceMeters>
<HeartRateBpm><Value>142</Value></HeartRateBpm>
<Cadence>86</Cadence>
<Extensions>
<ns3:TPX>
<ns3:Speed>8.436</ns3:Speed>
<ns3:Watts>246</ns3:Watts>
</ns3:TPX>
<bikeapp:Resistance01>16</bikeapp:Resistance01>
<bikeapp:BikeTotalDistanceM>20957.0</bikeapp:BikeTotalDistanceM>
</Extensions>
</Trackpoint>
<Trackpoint>
<Time>2026-05-29T21:17:56.899Z</Time>
<DistanceMeters>20593.3</DistanceMeters>
<HeartRateBpm><Value>142</Value></HeartRateBpm>
<Cadence>88</Cadence>
<Extensions>
<ns3:TPX>
<ns3:Speed>8.494</ns3:Speed>
<ns3:Watts>257</ns3:Watts>
</ns3:TPX>
<bikeapp:Resistance01>16</bikeapp:Resistance01>
<bikeapp:BikeTotalDistanceM>20966.0</bikeapp:BikeTotalDistanceM>
</Extensions>
</Trackpoint>
<Trackpoint>
<Time>2026-05-29T21:17:58.401Z</Time>
<DistanceMeters>20606.1</DistanceMeters>
<HeartRateBpm><Value>142</Value></HeartRateBpm>
<Cadence>88</Cadence>
<Extensions>
<ns3:TPX>
<ns3:Speed>8.541</ns3:Speed>
<ns3:Watts>257</ns3:Watts>
</ns3:TPX>
<bikeapp:Resistance01>16</bikeapp:Resistance01>
<bikeapp:BikeTotalDistanceM>20984.0</bikeapp:BikeTotalDistanceM>
</Extensions>
</Trackpoint>
<Trackpoint>
<Time>2026-05-29T21:17:59.900Z</Time>
<DistanceMeters>20618.9</DistanceMeters>
<HeartRateBpm><Value>142</Value></HeartRateBpm>
<Cadence>87</Cadence>
<Extensions>
<ns3:TPX>
<ns3:Speed>8.539</ns3:Speed>
<ns3:Watts>252</ns3:Watts>
</ns3:TPX>
<bikeapp:Resistance01>16</bikeapp:Resistance01>
<bikeapp:BikeTotalDistanceM>20993.0</bikeapp:BikeTotalDistanceM>
</Extensions>
</Trackpoint>
<Trackpoint>
<Time>2026-05-29T21:18:01.400Z</Time>
<DistanceMeters>20631.7</DistanceMeters>
<HeartRateBpm><Value>142</Value></HeartRateBpm>
<Cadence>90</Cadence>
<Extensions>
<ns3:TPX>
<ns3:Speed>8.594</ns3:Speed>
<ns3:Watts>268</ns3:Watts>
</ns3:TPX>
<bikeapp:Resistance01>16</bikeapp:Resistance01>
<bikeapp:BikeTotalDistanceM>21012.0</bikeapp:BikeTotalDistanceM>
</Extensions>
</Trackpoint>
<Trackpoint>
<Time>2026-05-29T21:18:02.900Z</Time>
<DistanceMeters>20644.7</DistanceMeters>
<HeartRateBpm><Value>142</Value></HeartRateBpm>
<Cadence>91</Cadence>
<Extensions>
<ns3:TPX>
<ns3:Speed>8.685</ns3:Speed>
<ns3:Watts>273</ns3:Watts>
</ns3:TPX>
<bikeapp:Resistance01>16</bikeapp:Resistance01>
<bikeapp:BikeTotalDistanceM>21021.0</bikeapp:BikeTotalDistanceM>
</Extensions>
</Trackpoint>
<Trackpoint>
<Time>2026-05-29T21:18:04.411Z</Time>
<DistanceMeters>20657.8</DistanceMeters>
<HeartRateBpm><Value>141</Value></HeartRateBpm>
<Cadence>87</Cadence>
<Extensions>
<ns3:TPX>
<ns3:Speed>8.599</ns3:Speed>
<ns3:Watts>252</ns3:Watts>
</ns3:TPX>
<bikeapp:Resistance01>16</bikeapp:Resistance01>
<bikeapp:BikeTotalDistanceM>21039.0</bikeapp:BikeTotalDistanceM>
</Extensions>
</Trackpoint>
<Trackpoint>
<Time>2026-05-29T21:18:05.899Z</Time>
<DistanceMeters>20670.5</DistanceMeters>
<HeartRateBpm><Value>141</Value></HeartRateBpm>
<Cadence>87</Cadence>
<Extensions>
<ns3:TPX>
<ns3:Speed>8.559</ns3:Speed>
<ns3:Watts>252</ns3:Watts>
</ns3:TPX>
<bikeapp:Resistance01>16</bikeapp:Resistance01>
<bikeapp:BikeTotalDistanceM>21048.0</bikeapp:BikeTotalDistanceM>
</Extensions>
</Trackpoint>
<Trackpoint>
<Time>2026-05-29T21:18:07.412Z</Time>
<DistanceMeters>20683.4</DistanceMeters>
<HeartRateBpm><Value>141</Value></HeartRateBpm>
<Cadence>85</Cadence>
<Extensions>
<ns3:TPX>
<ns3:Speed>8.506</ns3:Speed>
<ns3:Watts>241</ns3:Watts>
</ns3:TPX>
<bikeapp:Resistance01>16</bikeapp:Resistance01>
<bikeapp:BikeTotalDistanceM>21066.0</bikeapp:BikeTotalDistanceM>
</Extensions>
</Trackpoint>
<Trackpoint>
<Time>2026-05-29T21:18:08.900Z</Time>
<DistanceMeters>20696.0</DistanceMeters>
<HeartRateBpm><Value>142</Value></HeartRateBpm>
<Cadence>84</Cadence>
<Extensions>
<ns3:TPX>
<ns3:Speed>8.413</ns3:Speed>
<ns3:Watts>236</ns3:Watts>
</ns3:TPX>
<bikeapp:Resistance01>16</bikeapp:Resistance01>
<bikeapp:BikeTotalDistanceM>21075.0</bikeapp:BikeTotalDistanceM>
</Extensions>
</Trackpoint>
<Trackpoint>
<Time>2026-05-29T21:18:10.399Z</Time>
<DistanceMeters>20708.6</DistanceMeters>
<HeartRateBpm><Value>142</Value></HeartRateBpm>
<Cadence>82</Cadence>
<Extensions>
<ns3:TPX>
<ns3:Speed>8.346</ns3:Speed>
<ns3:Watts>225</ns3:Watts>
</ns3:TPX>
<bikeapp:Resistance01>16</bikeapp:Resistance01>
<bikeapp:BikeTotalDistanceM>21092.0</bikeapp:BikeTotalDistanceM>
</Extensions>
</Trackpoint>
<Trackpoint>
<Time>2026-05-29T21:18:11.900Z</Time>
<DistanceMeters>20721.0</DistanceMeters>
<HeartRateBpm><Value>142</Value></HeartRateBpm>
<Cadence>84</Cadence>
<Extensions>
<ns3:TPX>
<ns3:Speed>8.307</ns3:Speed>
<ns3:Watts>236</ns3:Watts>
</ns3:TPX>
<bikeapp:Resistance01>16</bikeapp:Resistance01>
<bikeapp:BikeTotalDistanceM>21101.0</bikeapp:BikeTotalDistanceM>
</Extensions>
</Trackpoint>
<Trackpoint>
<Time>2026-05-29T21:18:13.400Z</Time>
<DistanceMeters>20733.4</DistanceMeters>
<HeartRateBpm><Value>142</Value></HeartRateBpm>
<Cadence>85</Cadence>
<Extensions>
<ns3:TPX>
<ns3:Speed>8.299</ns3:Speed>
<ns3:Watts>241</ns3:Watts>
</ns3:TPX>
<bikeapp:Resistance01>16</bikeapp:Resistance01>
<bikeapp:BikeTotalDistanceM>21118.0</bikeapp:BikeTotalDistanceM>
</Extensions>
</Trackpoint>
<Trackpoint>
<Time>2026-05-29T21:18:14.900Z</Time>
<DistanceMeters>20746.0</DistanceMeters>
<HeartRateBpm><Value>142</Value></HeartRateBpm>
<Cadence>86</Cadence>
<Extensions>
<ns3:TPX>
<ns3:Speed>8.365</ns3:Speed>
<ns3:Watts>246</ns3:Watts>
</ns3:TPX>
<bikeapp:Resistance01>16</bikeapp:Resistance01>
<bikeapp:BikeTotalDistanceM>21127.0</bikeapp:BikeTotalDistanceM>
</Extensions>
</Trackpoint>
<Trackpoint>
<Time>2026-05-29T21:18:16.399Z</Time>
<DistanceMeters>20758.5</DistanceMeters>
<HeartRateBpm><Value>142</Value></HeartRateBpm>
<Cadence>84</Cadence>
<Extensions>
<ns3:TPX>
<ns3:Speed>8.336</ns3:Speed>
<ns3:Watts>236</ns3:Watts>
</ns3:TPX>
<bikeapp:Resistance01>16</bikeapp:Resistance01>
<bikeapp:BikeTotalDistanceM>21144.0</bikeapp:BikeTotalDistanceM>
</Extensions>
</Trackpoint>
<Trackpoint>
<Time>2026-05-29T21:18:17.900Z</Time>
<DistanceMeters>20770.9</DistanceMeters>
<HeartRateBpm><Value>142</Value></HeartRateBpm>
<Cadence>83</Cadence>
<Extensions>
<ns3:TPX>
<ns3:Speed>8.291</ns3:Speed>
<ns3:Watts>230</ns3:Watts>
</ns3:TPX>
<bikeapp:Resistance01>16</bikeapp:Resistance01>
<bikeapp:BikeTotalDistanceM>21153.0</bikeapp:BikeTotalDistanceM>
</Extensions>
</Trackpoint>
<Trackpoint>
<Time>2026-05-29T21:18:19.405Z</Time>
<DistanceMeters>20783.2</DistanceMeters>
<HeartRateBpm><Value>141</Value></HeartRateBpm>
<Cadence>81</Cadence>
<Extensions>
<ns3:TPX>
<ns3:Speed>8.146</ns3:Speed>
<ns3:Watts>220</ns3:Watts>
</ns3:TPX>
<bikeapp:Resistance01>16</bikeapp:Resistance01>
<bikeapp:BikeTotalDistanceM>21169.0</bikeapp:BikeTotalDistanceM>
</Extensions>
</Trackpoint>
<Trackpoint>
<Time>2026-05-29T21:18:20.900Z</Time>
<DistanceMeters>20795.4</DistanceMeters>
<HeartRateBpm><Value>141</Value></HeartRateBpm>
<Cadence>83</Cadence>
<Extensions>
<ns3:TPX>
<ns3:Speed>8.170</ns3:Speed>
<ns3:Watts>230</ns3:Watts>
</ns3:TPX>
<bikeapp:Resistance01>16</bikeapp:Resistance01>
<bikeapp:BikeTotalDistanceM>21178.0</bikeapp:BikeTotalDistanceM>
</Extensions>
</Trackpoint>
<Trackpoint>
<Time>2026-05-29T21:18:22.413Z</Time>
<DistanceMeters>20807.9</DistanceMeters>
<HeartRateBpm><Value>140</Value></HeartRateBpm>
<Cadence>86</Cadence>
<Extensions>
<ns3:TPX>
<ns3:Speed>8.294</ns3:Speed>
<ns3:Watts>246</ns3:Watts>
</ns3:TPX>
<bikeapp:Resistance01>16</bikeapp:Resistance01>
<bikeapp:BikeTotalDistanceM>21196.0</bikeapp:BikeTotalDistanceM>
</Extensions>
</Trackpoint>
<Trackpoint>
<Time>2026-05-29T21:18:23.899Z</Time>
<DistanceMeters>20820.3</DistanceMeters>
<HeartRateBpm><Value>139</Value></HeartRateBpm>
<Cadence>84</Cadence>
<Extensions>
<ns3:TPX>
<ns3:Speed>8.319</ns3:Speed>
<ns3:Watts>236</ns3:Watts>
</ns3:TPX>
<bikeapp:Resistance01>16</bikeapp:Resistance01>
<bikeapp:BikeTotalDistanceM>21204.0</bikeapp:BikeTotalDistanceM>
</Extensions>
</Trackpoint>
<Trackpoint>
<Time>2026-05-29T21:18:25.400Z</Time>
<DistanceMeters>20832.8</DistanceMeters>
<HeartRateBpm><Value>139</Value></HeartRateBpm>
<Cadence>83</Cadence>
<Extensions>
<ns3:TPX>
<ns3:Speed>8.296</ns3:Speed>
<ns3:Watts>230</ns3:Watts>
</ns3:TPX>
<bikeapp:Resistance01>16</bikeapp:Resistance01>
<bikeapp:BikeTotalDistanceM>21222.0</bikeapp:BikeTotalDistanceM>
</Extensions>
</Trackpoint>
<Trackpoint>
<Time>2026-05-29T21:18:26.900Z</Time>
<DistanceMeters>20845.1</DistanceMeters>
<HeartRateBpm><Value>139</Value></HeartRateBpm>
<Cadence>81</Cadence>
<Extensions>
<ns3:TPX>
<ns3:Speed>8.206</ns3:Speed>
<ns3:Watts>220</ns3:Watts>
</ns3:TPX>
<bikeapp:Resistance01>16</bikeapp:Resistance01>
<bikeapp:BikeTotalDistanceM>21230.0</bikeapp:BikeTotalDistanceM>
</Extensions>
</Trackpoint>
<Trackpoint>
<Time>2026-05-29T21:18:28.400Z</Time>
<DistanceMeters>20857.4</DistanceMeters>
<HeartRateBpm><Value>138</Value></HeartRateBpm>
<Cadence>82</Cadence>
<Extensions>
<ns3:TPX>
<ns3:Speed>8.161</ns3:Speed>
<ns3:Watts>225</ns3:Watts>
</ns3:TPX>
<bikeapp:Resistance01>16</bikeapp:Resistance01>
<bikeapp:BikeTotalDistanceM>21247.0</bikeapp:BikeTotalDistanceM>
</Extensions>
</Trackpoint>
<Trackpoint>
<Time>2026-05-29T21:18:29.899Z</Time>
<DistanceMeters>20869.6</DistanceMeters>
<HeartRateBpm><Value>137</Value></HeartRateBpm>
<Cadence>82</Cadence>
<Extensions>
<ns3:TPX>
<ns3:Speed>8.159</ns3:Speed>
<ns3:Watts>225</ns3:Watts>
</ns3:TPX>
<bikeapp:Resistance01>16</bikeapp:Resistance01>
<bikeapp:BikeTotalDistanceM>21256.0</bikeapp:BikeTotalDistanceM>
</Extensions>
</Trackpoint>
<Trackpoint>
<Time>2026-05-29T21:18:31.400Z</Time>
<DistanceMeters>20881.9</DistanceMeters>
<HeartRateBpm><Value>137</Value></HeartRateBpm>
<Cadence>83</Cadence>
<Extensions>
<ns3:TPX>
<ns3:Speed>8.195</ns3:Speed>
<ns3:Watts>230</ns3:Watts>
</ns3:TPX>
<bikeapp:Resistance01>16</bikeapp:Resistance01>
<bikeapp:BikeTotalDistanceM>21273.0</bikeapp:BikeTotalDistanceM>
</Extensions>
</Trackpoint>
<Trackpoint>
<Time>2026-05-29T21:18:32.911Z</Time>
<DistanceMeters>20894.3</DistanceMeters>
<HeartRateBpm><Value>137</Value></HeartRateBpm>
<Cadence>84</Cadence>
<Extensions>
<ns3:TPX>
<ns3:Speed>8.244</ns3:Speed>
<ns3:Watts>236</ns3:Watts>
</ns3:TPX>
<bikeapp:Resistance01>16</bikeapp:Resistance01>
<bikeapp:BikeTotalDistanceM>21281.0</bikeapp:BikeTotalDistanceM>
</Extensions>
</Trackpoint>
<Trackpoint>
<Time>2026-05-29T21:18:34.414Z</Time>
<DistanceMeters>20906.7</DistanceMeters>
<HeartRateBpm><Value>137</Value></HeartRateBpm>
<Cadence>83</Cadence>
<Extensions>
<ns3:TPX>
<ns3:Speed>8.260</ns3:Speed>
<ns3:Watts>230</ns3:Watts>
</ns3:TPX>
<bikeapp:Resistance01>16</bikeapp:Resistance01>
<bikeapp:BikeTotalDistanceM>21299.0</bikeapp:BikeTotalDistanceM>
</Extensions>
</Trackpoint>
<Trackpoint>
<Time>2026-05-29T21:18:35.901Z</Time>
<DistanceMeters>20919.0</DistanceMeters>
<HeartRateBpm><Value>137</Value></HeartRateBpm>
<Cadence>83</Cadence>
<Extensions>
<ns3:TPX>
<ns3:Speed>8.243</ns3:Speed>
<ns3:Watts>230</ns3:Watts>
</ns3:TPX>
<bikeapp:Resistance01>16</bikeapp:Resistance01>
<bikeapp:BikeTotalDistanceM>21307.0</bikeapp:BikeTotalDistanceM>
</Extensions>
</Trackpoint>
<Trackpoint>
<Time>2026-05-29T21:18:37.400Z</Time>
<DistanceMeters>20931.4</DistanceMeters>
<HeartRateBpm><Value>137</Value></HeartRateBpm>
<Cadence>83</Cadence>
<Extensions>
<ns3:TPX>
<ns3:Speed>8.235</ns3:Speed>
<ns3:Watts>230</ns3:Watts>
</ns3:TPX>
<bikeapp:Resistance01>16</bikeapp:Resistance01>
<bikeapp:BikeTotalDistanceM>21324.0</bikeapp:BikeTotalDistanceM>
</Extensions>
</Trackpoint>
<Trackpoint>
<Time>2026-05-29T21:18:38.900Z</Time>
<DistanceMeters>20943.7</DistanceMeters>
<HeartRateBpm><Value>136</Value></HeartRateBpm>
<Cadence>82</Cadence>
<Extensions>
<ns3:TPX>
<ns3:Speed>8.205</ns3:Speed>
<ns3:Watts>225</ns3:Watts>
</ns3:TPX>
<bikeapp:Resistance01>16</bikeapp:Resistance01>
<bikeapp:BikeTotalDistanceM>21333.0</bikeapp:BikeTotalDistanceM>
</Extensions>
</Trackpoint>
<Trackpoint>
<Time>2026-05-29T21:18:40.401Z</Time>
<DistanceMeters>20955.9</DistanceMeters>
<HeartRateBpm><Value>136</Value></HeartRateBpm>
<Cadence>80</Cadence>
<Extensions>
<ns3:TPX>
<ns3:Speed>8.107</ns3:Speed>
<ns3:Watts>215</ns3:Watts>
</ns3:TPX>
<bikeapp:Resistance01>16</bikeapp:Resistance01>
<bikeapp:BikeTotalDistanceM>21349.0</bikeapp:BikeTotalDistanceM>
</Extensions>
</Trackpoint>
<Trackpoint>
<Time>2026-05-29T21:18:41.900Z</Time>
<DistanceMeters>20968.0</DistanceMeters>
<HeartRateBpm><Value>136</Value></HeartRateBpm>
<Cadence>81</Cadence>
<Extensions>
<ns3:TPX>
<ns3:Speed>8.087</ns3:Speed>
<ns3:Watts>220</ns3:Watts>
</ns3:TPX>
<bikeapp:Resistance01>16</bikeapp:Resistance01>
<bikeapp:BikeTotalDistanceM>21358.0</bikeapp:BikeTotalDistanceM>
</Extensions>
</Trackpoint>
<Trackpoint>
<Time>2026-05-29T21:18:43.387Z</Time>
<DistanceMeters>20980.0</DistanceMeters>
<HeartRateBpm><Value>136</Value></HeartRateBpm>
<Cadence>82</Cadence>
<Extensions>
<ns3:TPX>
<ns3:Speed>8.082</ns3:Speed>
<ns3:Watts>225</ns3:Watts>
</ns3:TPX>
<bikeapp:Resistance01>16</bikeapp:Resistance01>
<bikeapp:BikeTotalDistanceM>21375.0</bikeapp:BikeTotalDistanceM>
</Extensions>
</Trackpoint>
<Trackpoint>
<Time>2026-05-29T21:18:44.388Z</Time>
<DistanceMeters>20988.1</DistanceMeters>
<HeartRateBpm><Value>136</Value></HeartRateBpm>
<Cadence>82</Cadence>
<Extensions>
<ns3:TPX>
<ns3:Speed>8.111</ns3:Speed>
<ns3:Watts>225</ns3:Watts>
</ns3:TPX>
<bikeapp:Resistance01>16</bikeapp:Resistance01>
<bikeapp:BikeTotalDistanceM>21383.0</bikeapp:BikeTotalDistanceM>
</Extensions>
</Trackpoint>
<Trackpoint>
<Time>2026-05-29T21:18:45.400Z</Time>
<DistanceMeters>20996.3</DistanceMeters>
<HeartRateBpm><Value>136</Value></HeartRateBpm>
<Cadence>81</Cadence>
<Extensions>
<ns3:TPX>
<ns3:Speed>8.114</ns3:Speed>
<ns3:Watts>220</ns3:Watts>
</ns3:TPX>
<bikeapp:Resistance01>16</bikeapp:Resistance01>
<bikeapp:BikeTotalDistanceM>21392.0</bikeapp:BikeTotalDistanceM>
</Extensions>
</Trackpoint>
<Trackpoint>
<Time>2026-05-29T21:18:46.888Z</Time>
<DistanceMeters>21008.4</DistanceMeters>
<HeartRateBpm><Value>136</Value></HeartRateBpm>
<Cadence>83</Cadence>
<Extensions>
<ns3:TPX>
<ns3:Speed>8.155</ns3:Speed>
<ns3:Watts>230</ns3:Watts>
</ns3:TPX>
<bikeapp:Resistance01>16</bikeapp:Resistance01>
<bikeapp:BikeTotalDistanceM>21400.0</bikeapp:BikeTotalDistanceM>
</Extensions>
</Trackpoint>
<Trackpoint>
<Time>2026-05-29T21:18:48.387Z</Time>
<DistanceMeters>21020.8</DistanceMeters>
<HeartRateBpm><Value>136</Value></HeartRateBpm>
<Cadence>85</Cadence>
<Extensions>
<ns3:TPX>
<ns3:Speed>8.290</ns3:Speed>
<ns3:Watts>241</ns3:Watts>
</ns3:TPX>
<bikeapp:Resistance01>16</bikeapp:Resistance01>
<bikeapp:BikeTotalDistanceM>21418.0</bikeapp:BikeTotalDistanceM>
</Extensions>
</Trackpoint>
<Trackpoint>
<Time>2026-05-29T21:18:49.388Z</Time>
<DistanceMeters>21029.1</DistanceMeters>
<HeartRateBpm><Value>136</Value></HeartRateBpm>
<Cadence>84</Cadence>
<Extensions>
<ns3:TPX>
<ns3:Speed>8.309</ns3:Speed>
<ns3:Watts>236</ns3:Watts>
</ns3:TPX>
<bikeapp:Resistance01>16</bikeapp:Resistance01>
<bikeapp:BikeTotalDistanceM>21427.0</bikeapp:BikeTotalDistanceM>
</Extensions>
</Trackpoint>
<Trackpoint>
<Time>2026-05-29T21:18:50.887Z</Time>
<DistanceMeters>21041.7</DistanceMeters>
<HeartRateBpm><Value>137</Value></HeartRateBpm>
<Cadence>87</Cadence>
<Extensions>
<ns3:TPX>
<ns3:Speed>8.391</ns3:Speed>
<ns3:Watts>252</ns3:Watts>
</ns3:TPX>
<bikeapp:Resistance01>16</bikeapp:Resistance01>
<bikeapp:BikeTotalDistanceM>21436.0</bikeapp:BikeTotalDistanceM>
</Extensions>
</Trackpoint>
<Trackpoint>
<Time>2026-05-29T21:18:51.889Z</Time>
<DistanceMeters>21050.1</DistanceMeters>
<HeartRateBpm><Value>138</Value></HeartRateBpm>
<Cadence>86</Cadence>
<Extensions>
<ns3:TPX>
<ns3:Speed>8.411</ns3:Speed>
<ns3:Watts>246</ns3:Watts>
</ns3:TPX>
<bikeapp:Resistance01>16</bikeapp:Resistance01>
<bikeapp:BikeTotalDistanceM>21444.0</bikeapp:BikeTotalDistanceM>
</Extensions>
</Trackpoint>
<Trackpoint>
<Time>2026-05-29T21:18:53.387Z</Time>
<DistanceMeters>21062.7</DistanceMeters>
<HeartRateBpm><Value>139</Value></HeartRateBpm>
<Cadence>86</Cadence>
<Extensions>
<ns3:TPX>
<ns3:Speed>8.451</ns3:Speed>
<ns3:Watts>246</ns3:Watts>
</ns3:TPX>
<bikeapp:Resistance01>16</bikeapp:Resistance01>
<bikeapp:BikeTotalDistanceM>21462.0</bikeapp:BikeTotalDistanceM>
</Extensions>
</Trackpoint>
<Trackpoint>
<Time>2026-05-29T21:18:54.390Z</Time>
<DistanceMeters>21071.2</DistanceMeters>
<HeartRateBpm><Value>140</Value></HeartRateBpm>
<Cadence>86</Cadence>
<Extensions>
<ns3:TPX>
<ns3:Speed>8.448</ns3:Speed>
<ns3:Watts>246</ns3:Watts>
</ns3:TPX>
<bikeapp:Resistance01>16</bikeapp:Resistance01>
<bikeapp:BikeTotalDistanceM>21471.0</bikeapp:BikeTotalDistanceM>
</Extensions>
</Trackpoint>
<Trackpoint>
<Time>2026-05-29T21:18:55.392Z</Time>
<DistanceMeters>21079.7</DistanceMeters>
<HeartRateBpm><Value>141</Value></HeartRateBpm>
<Cadence>85</Cadence>
<Extensions>
<ns3:TPX>
<ns3:Speed>8.432</ns3:Speed>
<ns3:Watts>241</ns3:Watts>
</ns3:TPX>
<bikeapp:Resistance01>16</bikeapp:Resistance01>
<bikeapp:BikeTotalDistanceM>21480.0</bikeapp:BikeTotalDistanceM>
</Extensions>
</Trackpoint>
<Trackpoint>
<Time>2026-05-29T21:18:56.887Z</Time>
<DistanceMeters>21092.2</DistanceMeters>
<HeartRateBpm><Value>142</Value></HeartRateBpm>
<Cadence>85</Cadence>
<Extensions>
<ns3:TPX>
<ns3:Speed>8.403</ns3:Speed>
<ns3:Watts>241</ns3:Watts>
</ns3:TPX>
<bikeapp:Resistance01>16</bikeapp:Resistance01>
<bikeapp:BikeTotalDistanceM>21489.0</bikeapp:BikeTotalDistanceM>
</Extensions>
</Trackpoint>
<Trackpoint>
<Time>2026-05-29T21:18:58.388Z</Time>
<DistanceMeters>21104.7</DistanceMeters>
<HeartRateBpm><Value>143</Value></HeartRateBpm>
<Cadence>82</Cadence>
<Extensions>
<ns3:TPX>
<ns3:Speed>8.276</ns3:Speed>
<ns3:Watts>225</ns3:Watts>
</ns3:TPX>
<bikeapp:Resistance01>16</bikeapp:Resistance01>
<bikeapp:BikeTotalDistanceM>21506.0</bikeapp:BikeTotalDistanceM>
</Extensions>
</Trackpoint>
<Trackpoint>
<Time>2026-05-29T21:18:59.888Z</Time>
<DistanceMeters>21117.1</DistanceMeters>
<HeartRateBpm><Value>143</Value></HeartRateBpm>
<Cadence>83</Cadence>
<Extensions>
<ns3:TPX>
<ns3:Speed>8.242</ns3:Speed>
<ns3:Watts>230</ns3:Watts>
</ns3:TPX>
<bikeapp:Resistance01>16</bikeapp:Resistance01>
<bikeapp:BikeTotalDistanceM>21514.0</bikeapp:BikeTotalDistanceM>
</Extensions>
</Trackpoint>
<Trackpoint>
<Time>2026-05-29T21:19:01.400Z</Time>
<DistanceMeters>21129.6</DistanceMeters>
<HeartRateBpm><Value>144</Value></HeartRateBpm>
<Cadence>82</Cadence>
<Extensions>
<ns3:TPX>
<ns3:Speed>8.244</ns3:Speed>
<ns3:Watts>225</ns3:Watts>
</ns3:TPX>
<bikeapp:Resistance01>16</bikeapp:Resistance01>
<bikeapp:BikeTotalDistanceM>21532.0</bikeapp:BikeTotalDistanceM>
</Extensions>
</Trackpoint>
<Trackpoint>
<Time>2026-05-29T21:19:02.888Z</Time>
<DistanceMeters>21141.8</DistanceMeters>
<HeartRateBpm><Value>143</Value></HeartRateBpm>
<Cadence>83</Cadence>
<Extensions>
<ns3:TPX>
<ns3:Speed>8.226</ns3:Speed>
<ns3:Watts>230</ns3:Watts>
</ns3:TPX>
<bikeapp:Resistance01>16</bikeapp:Resistance01>
<bikeapp:BikeTotalDistanceM>21540.0</bikeapp:BikeTotalDistanceM>
</Extensions>
</Trackpoint>
<Trackpoint>
<Time>2026-05-29T21:19:03.888Z</Time>
<DistanceMeters>21150.1</DistanceMeters>
<HeartRateBpm><Value>143</Value></HeartRateBpm>
<Cadence>84</Cadence>
<Extensions>
<ns3:TPX>
<ns3:Speed>8.259</ns3:Speed>
<ns3:Watts>236</ns3:Watts>
</ns3:TPX>
<bikeapp:Resistance01>16</bikeapp:Resistance01>
<bikeapp:BikeTotalDistanceM>21549.0</bikeapp:BikeTotalDistanceM>
</Extensions>
</Trackpoint>
<Trackpoint>
<Time>2026-05-29T21:19:05.387Z</Time>
<DistanceMeters>21162.5</DistanceMeters>
<HeartRateBpm><Value>143</Value></HeartRateBpm>
<Cadence>82</Cadence>
<Extensions>
<ns3:TPX>
<ns3:Speed>8.252</ns3:Speed>
<ns3:Watts>225</ns3:Watts>
</ns3:TPX>
<bikeapp:Resistance01>16</bikeapp:Resistance01>
<bikeapp:BikeTotalDistanceM>21566.0</bikeapp:BikeTotalDistanceM>
</Extensions>
</Trackpoint>
<Trackpoint>
<Time>2026-05-29T21:19:06.387Z</Time>
<DistanceMeters>21170.7</DistanceMeters>
<HeartRateBpm><Value>143</Value></HeartRateBpm>
<Cadence>82</Cadence>
<Extensions>
<ns3:TPX>
<ns3:Speed>8.216</ns3:Speed>
<ns3:Watts>225</ns3:Watts>
</ns3:TPX>
<bikeapp:Resistance01>16</bikeapp:Resistance01>
<bikeapp:BikeTotalDistanceM>21575.0</bikeapp:BikeTotalDistanceM>
</Extensions>
</Trackpoint>
<Trackpoint>
<Time>2026-05-29T21:19:07.900Z</Time>
<DistanceMeters>21183.1</DistanceMeters>
<HeartRateBpm><Value>143</Value></HeartRateBpm>
<Cadence>82</Cadence>
<Extensions>
<ns3:TPX>
<ns3:Speed>8.186</ns3:Speed>
<ns3:Watts>225</ns3:Watts>
</ns3:TPX>
<bikeapp:Resistance01>16</bikeapp:Resistance01>
<bikeapp:BikeTotalDistanceM>21583.0</bikeapp:BikeTotalDistanceM>
</Extensions>
</Trackpoint>
<Trackpoint>
<Time>2026-05-29T21:19:09.387Z</Time>
<DistanceMeters>21195.2</DistanceMeters>
<HeartRateBpm><Value>143</Value></HeartRateBpm>
<Cadence>82</Cadence>
<Extensions>
<ns3:TPX>
<ns3:Speed>8.151</ns3:Speed>
<ns3:Watts>225</ns3:Watts>
</ns3:TPX>
<bikeapp:Resistance01>16</bikeapp:Resistance01>
<bikeapp:BikeTotalDistanceM>21600.0</bikeapp:BikeTotalDistanceM>
</Extensions>
</Trackpoint>
<Trackpoint>
<Time>2026-05-29T21:19:10.400Z</Time>
<DistanceMeters>21203.5</DistanceMeters>
<HeartRateBpm><Value>143</Value></HeartRateBpm>
<Cadence>83</Cadence>
<Extensions>
<ns3:TPX>
<ns3:Speed>8.169</ns3:Speed>
<ns3:Watts>230</ns3:Watts>
</ns3:TPX>
<bikeapp:Resistance01>16</bikeapp:Resistance01>
<bikeapp:BikeTotalDistanceM>21609.0</bikeapp:BikeTotalDistanceM>
</Extensions>
</Trackpoint>
<Trackpoint>
<Time>2026-05-29T21:19:11.402Z</Time>
<DistanceMeters>21211.7</DistanceMeters>
<HeartRateBpm><Value>143</Value></HeartRateBpm>
<Cadence>83</Cadence>
<Extensions>
<ns3:TPX>
<ns3:Speed>8.192</ns3:Speed>
<ns3:Watts>230</ns3:Watts>
</ns3:TPX>
<bikeapp:Resistance01>16</bikeapp:Resistance01>
<bikeapp:BikeTotalDistanceM>21617.0</bikeapp:BikeTotalDistanceM>
</Extensions>
</Trackpoint>
<Trackpoint>
<Time>2026-05-29T21:19:12.425Z</Time>
<DistanceMeters>21220.1</DistanceMeters>
<HeartRateBpm><Value>143</Value></HeartRateBpm>
<Cadence>82</Cadence>
<Extensions>
<ns3:TPX>
<ns3:Speed>8.190</ns3:Speed>
<ns3:Watts>225</ns3:Watts>
</ns3:TPX>
<bikeapp:Resistance01>16</bikeapp:Resistance01>
<bikeapp:BikeTotalDistanceM>21626.0</bikeapp:BikeTotalDistanceM>
</Extensions>
</Trackpoint>
<Trackpoint>
<Time>2026-05-29T21:19:13.918Z</Time>
<DistanceMeters>21232.3</DistanceMeters>
<HeartRateBpm><Value>142</Value></HeartRateBpm>
<Cadence>83</Cadence>
<Extensions>
<ns3:TPX>
<ns3:Speed>8.201</ns3:Speed>
<ns3:Watts>230</ns3:Watts>
</ns3:TPX>
<bikeapp:Resistance01>16</bikeapp:Resistance01>
<bikeapp:BikeTotalDistanceM>21634.0</bikeapp:BikeTotalDistanceM>
</Extensions>
</Trackpoint>
<Trackpoint>
<Time>2026-05-29T21:19:15.417Z</Time>
<DistanceMeters>21244.5</DistanceMeters>
<HeartRateBpm><Value>141</Value></HeartRateBpm>
<Cadence>80</Cadence>
<Extensions>
<ns3:TPX>
<ns3:Speed>8.148</ns3:Speed>
<ns3:Watts>215</ns3:Watts>
</ns3:TPX>
<bikeapp:Resistance01>16</bikeapp:Resistance01>
<bikeapp:BikeTotalDistanceM>21651.0</bikeapp:BikeTotalDistanceM>
</Extensions>
</Trackpoint>
<Trackpoint>
<Time>2026-05-29T21:19:16.913Z</Time>
<DistanceMeters>21256.7</DistanceMeters>
<HeartRateBpm><Value>140</Value></HeartRateBpm>
<Cadence>82</Cadence>
<Extensions>
<ns3:TPX>
<ns3:Speed>8.135</ns3:Speed>
<ns3:Watts>225</ns3:Watts>
</ns3:TPX>
<bikeapp:Resistance01>16</bikeapp:Resistance01>
<bikeapp:BikeTotalDistanceM>21660.0</bikeapp:BikeTotalDistanceM>
</Extensions>
</Trackpoint>
<Trackpoint>
<Time>2026-05-29T21:19:18.413Z</Time>
<DistanceMeters>21268.9</DistanceMeters>
<HeartRateBpm><Value>140</Value></HeartRateBpm>
<Cadence>82</Cadence>
<Extensions>
<ns3:TPX>
<ns3:Speed>8.147</ns3:Speed>
<ns3:Watts>225</ns3:Watts>
</ns3:TPX>
<bikeapp:Resistance01>16</bikeapp:Resistance01>
<bikeapp:BikeTotalDistanceM>21677.0</bikeapp:BikeTotalDistanceM>
</Extensions>
</Trackpoint>
<Trackpoint>
<Time>2026-05-29T21:19:19.413Z</Time>
<DistanceMeters>21277.1</DistanceMeters>
<HeartRateBpm><Value>140</Value></HeartRateBpm>
<Cadence>82</Cadence>
<Extensions>
<ns3:TPX>
<ns3:Speed>8.152</ns3:Speed>
<ns3:Watts>225</ns3:Watts>
</ns3:TPX>
<bikeapp:Resistance01>16</bikeapp:Resistance01>
<bikeapp:BikeTotalDistanceM>21685.0</bikeapp:BikeTotalDistanceM>
</Extensions>
</Trackpoint>
<Trackpoint>
<Time>2026-05-29T21:19:20.913Z</Time>
<DistanceMeters>21289.3</DistanceMeters>
<HeartRateBpm><Value>140</Value></HeartRateBpm>
<Cadence>81</Cadence>
<Extensions>
<ns3:TPX>
<ns3:Speed>8.128</ns3:Speed>
<ns3:Watts>220</ns3:Watts>
</ns3:TPX>
<bikeapp:Resistance01>16</bikeapp:Resistance01>
<bikeapp:BikeTotalDistanceM>21693.0</bikeapp:BikeTotalDistanceM>
</Extensions>
</Trackpoint>
<Trackpoint>
<Time>2026-05-29T21:19:22.412Z</Time>
<DistanceMeters>21301.4</DistanceMeters>
<HeartRateBpm><Value>140</Value></HeartRateBpm>
<Cadence>81</Cadence>
<Extensions>
<ns3:TPX>
<ns3:Speed>8.107</ns3:Speed>
<ns3:Watts>220</ns3:Watts>
</ns3:TPX>
<bikeapp:Resistance01>16</bikeapp:Resistance01>
<bikeapp:BikeTotalDistanceM>21710.0</bikeapp:BikeTotalDistanceM>
</Extensions>
</Trackpoint>
<Trackpoint>
<Time>2026-05-29T21:19:23.913Z</Time>
<DistanceMeters>21313.6</DistanceMeters>
<HeartRateBpm><Value>139</Value></HeartRateBpm>
<Cadence>82</Cadence>
<Extensions>
<ns3:TPX>
<ns3:Speed>8.124</ns3:Speed>
<ns3:Watts>225</ns3:Watts>
</ns3:TPX>
<bikeapp:Resistance01>16</bikeapp:Resistance01>
<bikeapp:BikeTotalDistanceM>21719.0</bikeapp:BikeTotalDistanceM>
</Extensions>
</Trackpoint>
<Trackpoint>
<Time>2026-05-29T21:19:25.413Z</Time>
<DistanceMeters>21325.8</DistanceMeters>
<HeartRateBpm><Value>138</Value></HeartRateBpm>
<Cadence>81</Cadence>
<Extensions>
<ns3:TPX>
<ns3:Speed>8.126</ns3:Speed>
<ns3:Watts>220</ns3:Watts>
</ns3:TPX>
<bikeapp:Resistance01>16</bikeapp:Resistance01>
<bikeapp:BikeTotalDistanceM>21736.0</bikeapp:BikeTotalDistanceM>
</Extensions>
</Trackpoint>
<Trackpoint>
<Time>2026-05-29T21:19:26.913Z</Time>
<DistanceMeters>21338.0</DistanceMeters>
<HeartRateBpm><Value>137</Value></HeartRateBpm>
<Cadence>83</Cadence>
<Extensions>
<ns3:TPX>
<ns3:Speed>8.161</ns3:Speed>
<ns3:Watts>230</ns3:Watts>
</ns3:TPX>
<bikeapp:Resistance01>16</bikeapp:Resistance01>
<bikeapp:BikeTotalDistanceM>21744.0</bikeapp:BikeTotalDistanceM>
</Extensions>
</Trackpoint>
<Trackpoint>
<Time>2026-05-29T21:19:28.414Z</Time>
<DistanceMeters>21350.3</DistanceMeters>
<HeartRateBpm><Value>137</Value></HeartRateBpm>
<Cadence>83</Cadence>
<Extensions>
<ns3:TPX>
<ns3:Speed>8.175</ns3:Speed>
<ns3:Watts>230</ns3:Watts>
</ns3:TPX>
<bikeapp:Resistance01>16</bikeapp:Resistance01>
<bikeapp:BikeTotalDistanceM>21761.0</bikeapp:BikeTotalDistanceM>
</Extensions>
</Trackpoint>
<Trackpoint>
<Time>2026-05-29T21:19:29.913Z</Time>
<DistanceMeters>21362.6</DistanceMeters>
<HeartRateBpm><Value>137</Value></HeartRateBpm>
<Cadence>85</Cadence>
<Extensions>
<ns3:TPX>
<ns3:Speed>8.260</ns3:Speed>
<ns3:Watts>241</ns3:Watts>
</ns3:TPX>
<bikeapp:Resistance01>16</bikeapp:Resistance01>
<bikeapp:BikeTotalDistanceM>21770.0</bikeapp:BikeTotalDistanceM>
</Extensions>
</Trackpoint>
<Trackpoint>
<Time>2026-05-29T21:19:31.413Z</Time>
<DistanceMeters>21375.1</DistanceMeters>
<HeartRateBpm><Value>138</Value></HeartRateBpm>
<Cadence>86</Cadence>
<Extensions>
<ns3:TPX>
<ns3:Speed>8.379</ns3:Speed>
<ns3:Watts>246</ns3:Watts>
</ns3:TPX>
<bikeapp:Resistance01>16</bikeapp:Resistance01>
<bikeapp:BikeTotalDistanceM>21788.0</bikeapp:BikeTotalDistanceM>
</Extensions>
</Trackpoint>
<Trackpoint>
<Time>2026-05-29T21:19:32.913Z</Time>
<DistanceMeters>21387.7</DistanceMeters>
<HeartRateBpm><Value>138</Value></HeartRateBpm>
<Cadence>85</Cadence>
<Extensions>
<ns3:TPX>
<ns3:Speed>8.386</ns3:Speed>
<ns3:Watts>241</ns3:Watts>
</ns3:TPX>
<bikeapp:Resistance01>16</bikeapp:Resistance01>
<bikeapp:BikeTotalDistanceM>21797.0</bikeapp:BikeTotalDistanceM>
</Extensions>
</Trackpoint>
<Trackpoint>
<Time>2026-05-29T21:19:34.413Z</Time>
<DistanceMeters>21400.3</DistanceMeters>
<HeartRateBpm><Value>138</Value></HeartRateBpm>
<Cadence>81</Cadence>
<Extensions>
<ns3:TPX>
<ns3:Speed>8.317</ns3:Speed>
<ns3:Watts>220</ns3:Watts>
</ns3:TPX>
<bikeapp:Resistance01>16</bikeapp:Resistance01>
<bikeapp:BikeTotalDistanceM>21814.0</bikeapp:BikeTotalDistanceM>
</Extensions>
</Trackpoint>
<Trackpoint>
<Time>2026-05-29T21:19:35.913Z</Time>
<DistanceMeters>21412.6</DistanceMeters>
<HeartRateBpm><Value>138</Value></HeartRateBpm>
<Cadence>81</Cadence>
<Extensions>
<ns3:TPX>
<ns3:Speed>8.198</ns3:Speed>
<ns3:Watts>220</ns3:Watts>
</ns3:TPX>
<bikeapp:Resistance01>16</bikeapp:Resistance01>
<bikeapp:BikeTotalDistanceM>21822.0</bikeapp:BikeTotalDistanceM>
</Extensions>
</Trackpoint>
<Trackpoint>
<Time>2026-05-29T21:19:37.413Z</Time>
<DistanceMeters>21424.9</DistanceMeters>
<HeartRateBpm><Value>138</Value></HeartRateBpm>
<Cadence>82</Cadence>
<Extensions>
<ns3:TPX>
<ns3:Speed>8.156</ns3:Speed>
<ns3:Watts>225</ns3:Watts>
</ns3:TPX>
<bikeapp:Resistance01>16</bikeapp:Resistance01>
<bikeapp:BikeTotalDistanceM>21839.0</bikeapp:BikeTotalDistanceM>
</Extensions>
</Trackpoint>
<Trackpoint>
<Time>2026-05-29T21:19:38.913Z</Time>
<DistanceMeters>21437.1</DistanceMeters>
<HeartRateBpm><Value>138</Value></HeartRateBpm>
<Cadence>83</Cadence>
<Extensions>
<ns3:TPX>
<ns3:Speed>8.184</ns3:Speed>
<ns3:Watts>230</ns3:Watts>
</ns3:TPX>
<bikeapp:Resistance01>16</bikeapp:Resistance01>
<bikeapp:BikeTotalDistanceM>21848.0</bikeapp:BikeTotalDistanceM>
</Extensions>
</Trackpoint>
<Trackpoint>
<Time>2026-05-29T21:19:40.413Z</Time>
<DistanceMeters>21449.4</DistanceMeters>
<HeartRateBpm><Value>137</Value></HeartRateBpm>
<Cadence>83</Cadence>
<Extensions>
<ns3:TPX>
<ns3:Speed>8.186</ns3:Speed>
<ns3:Watts>230</ns3:Watts>
</ns3:TPX>
<bikeapp:Resistance01>16</bikeapp:Resistance01>
<bikeapp:BikeTotalDistanceM>21865.0</bikeapp:BikeTotalDistanceM>
</Extensions>
</Trackpoint>
<Trackpoint>
<Time>2026-05-29T21:19:41.913Z</Time>
<DistanceMeters>21461.7</DistanceMeters>
<HeartRateBpm><Value>137</Value></HeartRateBpm>
<Cadence>82</Cadence>
<Extensions>
<ns3:TPX>
<ns3:Speed>8.181</ns3:Speed>
<ns3:Watts>225</ns3:Watts>
</ns3:TPX>
<bikeapp:Resistance01>16</bikeapp:Resistance01>
<bikeapp:BikeTotalDistanceM>21873.0</bikeapp:BikeTotalDistanceM>
</Extensions>
</Trackpoint>
<Trackpoint>
<Time>2026-05-29T21:19:43.413Z</Time>
<DistanceMeters>21473.9</DistanceMeters>
<HeartRateBpm><Value>137</Value></HeartRateBpm>
<Cadence>81</Cadence>
<Extensions>
<ns3:TPX>
<ns3:Speed>8.154</ns3:Speed>
<ns3:Watts>220</ns3:Watts>
</ns3:TPX>
<bikeapp:Resistance01>16</bikeapp:Resistance01>
<bikeapp:BikeTotalDistanceM>21890.0</bikeapp:BikeTotalDistanceM>
</Extensions>
</Trackpoint>
<Trackpoint>
<Time>2026-05-29T21:19:44.914Z</Time>
<DistanceMeters>21486.1</DistanceMeters>
<HeartRateBpm><Value>137</Value></HeartRateBpm>
<Cadence>81</Cadence>
<Extensions>
<ns3:TPX>
<ns3:Speed>8.119</ns3:Speed>
<ns3:Watts>220</ns3:Watts>
</ns3:TPX>
<bikeapp:Resistance01>16</bikeapp:Resistance01>
<bikeapp:BikeTotalDistanceM>21899.0</bikeapp:BikeTotalDistanceM>
</Extensions>
</Trackpoint>
<Trackpoint>
<Time>2026-05-29T21:19:46.414Z</Time>
<DistanceMeters>21498.4</DistanceMeters>
<HeartRateBpm><Value>138</Value></HeartRateBpm>
<Cadence>84</Cadence>
<Extensions>
<ns3:TPX>
<ns3:Speed>8.219</ns3:Speed>
<ns3:Watts>236</ns3:Watts>
</ns3:TPX>
<bikeapp:Resistance01>16</bikeapp:Resistance01>
<bikeapp:BikeTotalDistanceM>21916.0</bikeapp:BikeTotalDistanceM>
</Extensions>
</Trackpoint>
<Trackpoint>
<Time>2026-05-29T21:19:47.918Z</Time>
<DistanceMeters>21510.8</DistanceMeters>
<HeartRateBpm><Value>138</Value></HeartRateBpm>
<Cadence>85</Cadence>
<Extensions>
<ns3:TPX>
<ns3:Speed>8.292</ns3:Speed>
<ns3:Watts>241</ns3:Watts>
</ns3:TPX>
<bikeapp:Resistance01>16</bikeapp:Resistance01>
<bikeapp:BikeTotalDistanceM>21925.0</bikeapp:BikeTotalDistanceM>
</Extensions>
</Trackpoint>
<Trackpoint>
<Time>2026-05-29T21:19:49.413Z</Time>
<DistanceMeters>21523.2</DistanceMeters>
<HeartRateBpm><Value>138</Value></HeartRateBpm>
<Cadence>82</Cadence>
<Extensions>
<ns3:TPX>
<ns3:Speed>8.243</ns3:Speed>
<ns3:Watts>225</ns3:Watts>
</ns3:TPX>
<bikeapp:Resistance01>16</bikeapp:Resistance01>
<bikeapp:BikeTotalDistanceM>21942.0</bikeapp:BikeTotalDistanceM>
</Extensions>
</Trackpoint>
<Trackpoint>
<Time>2026-05-29T21:19:50.913Z</Time>
<DistanceMeters>21535.5</DistanceMeters>
<HeartRateBpm><Value>138</Value></HeartRateBpm>
<Cadence>82</Cadence>
<Extensions>
<ns3:TPX>
<ns3:Speed>8.199</ns3:Speed>
<ns3:Watts>225</ns3:Watts>
</ns3:TPX>
<bikeapp:Resistance01>16</bikeapp:Resistance01>
<bikeapp:BikeTotalDistanceM>21950.0</bikeapp:BikeTotalDistanceM>
</Extensions>
</Trackpoint>
<Trackpoint>
<Time>2026-05-29T21:19:52.413Z</Time>
<DistanceMeters>21547.8</DistanceMeters>
<HeartRateBpm><Value>137</Value></HeartRateBpm>
<Cadence>82</Cadence>
<Extensions>
<ns3:TPX>
<ns3:Speed>8.178</ns3:Speed>
<ns3:Watts>225</ns3:Watts>
</ns3:TPX>
<bikeapp:Resistance01>16</bikeapp:Resistance01>
<bikeapp:BikeTotalDistanceM>21967.0</bikeapp:BikeTotalDistanceM>
</Extensions>
</Trackpoint>
<Trackpoint>
<Time>2026-05-29T21:19:53.914Z</Time>
<DistanceMeters>21560.0</DistanceMeters>
<HeartRateBpm><Value>137</Value></HeartRateBpm>
<Cadence>82</Cadence>
<Extensions>
<ns3:TPX>
<ns3:Speed>8.168</ns3:Speed>
<ns3:Watts>225</ns3:Watts>
</ns3:TPX>
<bikeapp:Resistance01>16</bikeapp:Resistance01>
<bikeapp:BikeTotalDistanceM>21976.0</bikeapp:BikeTotalDistanceM>
</Extensions>
</Trackpoint>
<Trackpoint>
<Time>2026-05-29T21:19:55.426Z</Time>
<DistanceMeters>21572.4</DistanceMeters>
<HeartRateBpm><Value>138</Value></HeartRateBpm>
<Cadence>82</Cadence>
<Extensions>
<ns3:TPX>
<ns3:Speed>8.163</ns3:Speed>
<ns3:Watts>225</ns3:Watts>
</ns3:TPX>
<bikeapp:Resistance01>16</bikeapp:Resistance01>
<bikeapp:BikeTotalDistanceM>21993.0</bikeapp:BikeTotalDistanceM>
</Extensions>
</Trackpoint>
<Trackpoint>
<Time>2026-05-29T21:19:56.913Z</Time>
<DistanceMeters>21584.5</DistanceMeters>
<HeartRateBpm><Value>138</Value></HeartRateBpm>
<Cadence>81</Cadence>
<Extensions>
<ns3:TPX>
<ns3:Speed>8.133</ns3:Speed>
<ns3:Watts>220</ns3:Watts>
</ns3:TPX>
<bikeapp:Resistance01>16</bikeapp:Resistance01>
<bikeapp:BikeTotalDistanceM>22001.0</bikeapp:BikeTotalDistanceM>
</Extensions>
</Trackpoint>
<Trackpoint>
<Time>2026-05-29T21:19:58.413Z</Time>
<DistanceMeters>21596.8</DistanceMeters>
<HeartRateBpm><Value>138</Value></HeartRateBpm>
<Cadence>84</Cadence>
<Extensions>
<ns3:TPX>
<ns3:Speed>8.201</ns3:Speed>
<ns3:Watts>236</ns3:Watts>
</ns3:TPX>
<bikeapp:Resistance01>16</bikeapp:Resistance01>
<bikeapp:BikeTotalDistanceM>22019.0</bikeapp:BikeTotalDistanceM>
</Extensions>
</Trackpoint>
<Trackpoint>
<Time>2026-05-29T21:19:59.913Z</Time>
<DistanceMeters>21609.1</DistanceMeters>
<HeartRateBpm><Value>138</Value></HeartRateBpm>
<Cadence>84</Cadence>
<Extensions>
<ns3:TPX>
<ns3:Speed>8.258</ns3:Speed>
<ns3:Watts>236</ns3:Watts>
</ns3:TPX>
<bikeapp:Resistance01>16</bikeapp:Resistance01>
<bikeapp:BikeTotalDistanceM>22027.0</bikeapp:BikeTotalDistanceM>
</Extensions>
</Trackpoint>
<Trackpoint>
<Time>2026-05-29T21:20:01.413Z</Time>
<DistanceMeters>21621.6</DistanceMeters>
<HeartRateBpm><Value>138</Value></HeartRateBpm>
<Cadence>86</Cadence>
<Extensions>
<ns3:TPX>
<ns3:Speed>8.314</ns3:Speed>
<ns3:Watts>246</ns3:Watts>
</ns3:TPX>
<bikeapp:Resistance01>16</bikeapp:Resistance01>
<bikeapp:BikeTotalDistanceM>22045.0</bikeapp:BikeTotalDistanceM>
</Extensions>
</Trackpoint>
<Trackpoint>
<Time>2026-05-29T21:20:02.914Z</Time>
<DistanceMeters>21634.1</DistanceMeters>
<HeartRateBpm><Value>137</Value></HeartRateBpm>
<Cadence>85</Cadence>
<Extensions>
<ns3:TPX>
<ns3:Speed>8.356</ns3:Speed>
<ns3:Watts>241</ns3:Watts>
</ns3:TPX>
<bikeapp:Resistance01>16</bikeapp:Resistance01>
<bikeapp:BikeTotalDistanceM>22054.0</bikeapp:BikeTotalDistanceM>
</Extensions>
</Trackpoint>
<Trackpoint>
<Time>2026-05-29T21:20:04.414Z</Time>
<DistanceMeters>21646.7</DistanceMeters>
<HeartRateBpm><Value>137</Value></HeartRateBpm>
<Cadence>89</Cadence>
<Extensions>
<ns3:TPX>
<ns3:Speed>8.470</ns3:Speed>
<ns3:Watts>262</ns3:Watts>
</ns3:TPX>
<bikeapp:Resistance01>16</bikeapp:Resistance01>
<bikeapp:BikeTotalDistanceM>22072.0</bikeapp:BikeTotalDistanceM>
</Extensions>
</Trackpoint>
<Trackpoint>
<Time>2026-05-29T21:20:05.914Z</Time>
<DistanceMeters>21659.5</DistanceMeters>
<HeartRateBpm><Value>139</Value></HeartRateBpm>
<Cadence>87</Cadence>
<Extensions>
<ns3:TPX>
<ns3:Speed>8.514</ns3:Speed>
<ns3:Watts>252</ns3:Watts>
</ns3:TPX>
<bikeapp:Resistance01>16</bikeapp:Resistance01>
<bikeapp:BikeTotalDistanceM>22081.0</bikeapp:BikeTotalDistanceM>
</Extensions>
</Trackpoint>
<Trackpoint>
<Time>2026-05-29T21:20:07.413Z</Time>
<DistanceMeters>21672.1</DistanceMeters>
<HeartRateBpm><Value>140</Value></HeartRateBpm>
<Cadence>84</Cadence>
<Extensions>
<ns3:TPX>
<ns3:Speed>8.408</ns3:Speed>
<ns3:Watts>236</ns3:Watts>
</ns3:TPX>
<bikeapp:Resistance01>16</bikeapp:Resistance01>
<bikeapp:BikeTotalDistanceM>22098.0</bikeapp:BikeTotalDistanceM>
</Extensions>
</Trackpoint>
<Trackpoint>
<Time>2026-05-29T21:20:08.913Z</Time>
<DistanceMeters>21684.7</DistanceMeters>
<HeartRateBpm><Value>140</Value></HeartRateBpm>
<Cadence>86</Cadence>
<Extensions>
<ns3:TPX>
<ns3:Speed>8.408</ns3:Speed>
<ns3:Watts>246</ns3:Watts>
</ns3:TPX>
<bikeapp:Resistance01>16</bikeapp:Resistance01>
<bikeapp:BikeTotalDistanceM>22107.0</bikeapp:BikeTotalDistanceM>
</Extensions>
</Trackpoint>
<Trackpoint>
<Time>2026-05-29T21:20:10.413Z</Time>
<DistanceMeters>21697.2</DistanceMeters>
<HeartRateBpm><Value>140</Value></HeartRateBpm>
<Cadence>82</Cadence>
<Extensions>
<ns3:TPX>
<ns3:Speed>8.299</ns3:Speed>
<ns3:Watts>225</ns3:Watts>
</ns3:TPX>
<bikeapp:Resistance01>16</bikeapp:Resistance01>
<bikeapp:BikeTotalDistanceM>22124.0</bikeapp:BikeTotalDistanceM>
</Extensions>
</Trackpoint>
<Trackpoint>
<Time>2026-05-29T21:20:11.914Z</Time>
<DistanceMeters>21709.6</DistanceMeters>
<HeartRateBpm><Value>140</Value></HeartRateBpm>
<Cadence>82</Cadence>
<Extensions>
<ns3:TPX>
<ns3:Speed>8.226</ns3:Speed>
<ns3:Watts>225</ns3:Watts>
</ns3:TPX>
<bikeapp:Resistance01>16</bikeapp:Resistance01>
<bikeapp:BikeTotalDistanceM>22133.0</bikeapp:BikeTotalDistanceM>
</Extensions>
</Trackpoint>
<Trackpoint>
<Time>2026-05-29T21:20:13.413Z</Time>
<DistanceMeters>21721.8</DistanceMeters>
<HeartRateBpm><Value>140</Value></HeartRateBpm>
<Cadence>78</Cadence>
<Extensions>
<ns3:TPX>
<ns3:Speed>8.054</ns3:Speed>
<ns3:Watts>196</ns3:Watts>
</ns3:TPX>
<bikeapp:Resistance01>15</bikeapp:Resistance01>
<bikeapp:BikeTotalDistanceM>22149.0</bikeapp:BikeTotalDistanceM>
</Extensions>
</Trackpoint>
<Trackpoint>
<Time>2026-05-29T21:20:14.913Z</Time>
<DistanceMeters>21733.8</DistanceMeters>
<HeartRateBpm><Value>140</Value></HeartRateBpm>
<Cadence>84</Cadence>
<Extensions>
<ns3:TPX>
<ns3:Speed>7.985</ns3:Speed>
<ns3:Watts>213</ns3:Watts>
</ns3:TPX>
<bikeapp:Resistance01>14</bikeapp:Resistance01>
<bikeapp:BikeTotalDistanceM>22158.0</bikeapp:BikeTotalDistanceM>
</Extensions>
</Trackpoint>
<Trackpoint>
<Time>2026-05-29T21:20:16.414Z</Time>
<DistanceMeters>21745.8</DistanceMeters>
<HeartRateBpm><Value>140</Value></HeartRateBpm>
<Cadence>84</Cadence>
<Extensions>
<ns3:TPX>
<ns3:Speed>7.975</ns3:Speed>
<ns3:Watts>203</ns3:Watts>
</ns3:TPX>
<bikeapp:Resistance01>13</bikeapp:Resistance01>
<bikeapp:BikeTotalDistanceM>22175.0</bikeapp:BikeTotalDistanceM>
</Extensions>
</Trackpoint>
<Trackpoint>
<Time>2026-05-29T21:20:17.913Z</Time>
<DistanceMeters>21757.7</DistanceMeters>
<HeartRateBpm><Value>140</Value></HeartRateBpm>
<Cadence>85</Cadence>
<Extensions>
<ns3:TPX>
<ns3:Speed>7.933</ns3:Speed>
<ns3:Watts>208</ns3:Watts>
</ns3:TPX>
<bikeapp:Resistance01>13</bikeapp:Resistance01>
<bikeapp:BikeTotalDistanceM>22184.0</bikeapp:BikeTotalDistanceM>
</Extensions>
</Trackpoint>
<Trackpoint>
<Time>2026-05-29T21:20:19.416Z</Time>
<DistanceMeters>21769.6</DistanceMeters>
<HeartRateBpm><Value>140</Value></HeartRateBpm>
<Cadence>83</Cadence>
<Extensions>
<ns3:TPX>
<ns3:Speed>7.851</ns3:Speed>
<ns3:Watts>187</ns3:Watts>
</ns3:TPX>
<bikeapp:Resistance01>12</bikeapp:Resistance01>
<bikeapp:BikeTotalDistanceM>22202.0</bikeapp:BikeTotalDistanceM>
</Extensions>
</Trackpoint>
<Trackpoint>
<Time>2026-05-29T21:20:20.915Z</Time>
<DistanceMeters>21781.2</DistanceMeters>
<HeartRateBpm><Value>139</Value></HeartRateBpm>
<Cadence>85</Cadence>
<Extensions>
<ns3:TPX>
<ns3:Speed>7.770</ns3:Speed>
<ns3:Watts>196</ns3:Watts>
</ns3:TPX>
<bikeapp:Resistance01>12</bikeapp:Resistance01>
<bikeapp:BikeTotalDistanceM>22210.0</bikeapp:BikeTotalDistanceM>
</Extensions>
</Trackpoint>
<Trackpoint>
<Time>2026-05-29T21:20:22.413Z</Time>
<DistanceMeters>21792.8</DistanceMeters>
<HeartRateBpm><Value>139</Value></HeartRateBpm>
<Cadence>82</Cadence>
<Extensions>
<ns3:TPX>
<ns3:Speed>7.702</ns3:Speed>
<ns3:Watts>182</ns3:Watts>
</ns3:TPX>
<bikeapp:Resistance01>12</bikeapp:Resistance01>
<bikeapp:BikeTotalDistanceM>22228.0</bikeapp:BikeTotalDistanceM>
</Extensions>
</Trackpoint>
<Trackpoint>
<Time>2026-05-29T21:20:23.913Z</Time>
<DistanceMeters>21804.3</DistanceMeters>
<HeartRateBpm><Value>139</Value></HeartRateBpm>
<Cadence>83</Cadence>
<Extensions>
<ns3:TPX>
<ns3:Speed>7.633</ns3:Speed>
<ns3:Watts>187</ns3:Watts>
</ns3:TPX>
<bikeapp:Resistance01>12</bikeapp:Resistance01>
<bikeapp:BikeTotalDistanceM>22236.0</bikeapp:BikeTotalDistanceM>
</Extensions>
</Trackpoint>
<Trackpoint>
<Time>2026-05-29T21:20:25.439Z</Time>
<DistanceMeters>21816.0</DistanceMeters>
<HeartRateBpm><Value>139</Value></HeartRateBpm>
<Cadence>87</Cadence>
<Extensions>
<ns3:TPX>
<ns3:Speed>7.714</ns3:Speed>
<ns3:Watts>204</ns3:Watts>
</ns3:TPX>
<bikeapp:Resistance01>12</bikeapp:Resistance01>
<bikeapp:BikeTotalDistanceM>22254.0</bikeapp:BikeTotalDistanceM>
</Extensions>
</Trackpoint>
<Trackpoint>
<Time>2026-05-29T21:20:26.914Z</Time>
<DistanceMeters>21827.4</DistanceMeters>
<HeartRateBpm><Value>139</Value></HeartRateBpm>
<Cadence>84</Cadence>
<Extensions>
<ns3:TPX>
<ns3:Speed>7.710</ns3:Speed>
<ns3:Watts>191</ns3:Watts>
</ns3:TPX>
<bikeapp:Resistance01>12</bikeapp:Resistance01>
<bikeapp:BikeTotalDistanceM>22263.0</bikeapp:BikeTotalDistanceM>
</Extensions>
</Trackpoint>
<Trackpoint>
<Time>2026-05-29T21:20:28.413Z</Time>
<DistanceMeters>21838.9</DistanceMeters>
<HeartRateBpm><Value>139</Value></HeartRateBpm>
<Cadence>85</Cadence>
<Extensions>
<ns3:TPX>
<ns3:Speed>7.699</ns3:Speed>
<ns3:Watts>196</ns3:Watts>
</ns3:TPX>
<bikeapp:Resistance01>12</bikeapp:Resistance01>
<bikeapp:BikeTotalDistanceM>22280.0</bikeapp:BikeTotalDistanceM>
</Extensions>
</Trackpoint>
<Trackpoint>
<Time>2026-05-29T21:20:29.914Z</Time>
<DistanceMeters>21850.5</DistanceMeters>
<HeartRateBpm><Value>137</Value></HeartRateBpm>
<Cadence>86</Cadence>
<Extensions>
<ns3:TPX>
<ns3:Speed>7.740</ns3:Speed>
<ns3:Watts>200</ns3:Watts>
</ns3:TPX>
<bikeapp:Resistance01>12</bikeapp:Resistance01>
<bikeapp:BikeTotalDistanceM>22289.0</bikeapp:BikeTotalDistanceM>
</Extensions>
</Trackpoint>
<Trackpoint>
<Time>2026-05-29T21:20:31.414Z</Time>
<DistanceMeters>21862.2</DistanceMeters>
<HeartRateBpm><Value>136</Value></HeartRateBpm>
<Cadence>86</Cadence>
<Extensions>
<ns3:TPX>
<ns3:Speed>7.787</ns3:Speed>
<ns3:Watts>200</ns3:Watts>
</ns3:TPX>
<bikeapp:Resistance01>12</bikeapp:Resistance01>
<bikeapp:BikeTotalDistanceM>22307.0</bikeapp:BikeTotalDistanceM>
</Extensions>
</Trackpoint>
<Trackpoint>
<Time>2026-05-29T21:20:32.913Z</Time>
<DistanceMeters>21873.8</DistanceMeters>
<HeartRateBpm><Value>136</Value></HeartRateBpm>
<Cadence>84</Cadence>
<Extensions>
<ns3:TPX>
<ns3:Speed>7.737</ns3:Speed>
<ns3:Watts>191</ns3:Watts>
</ns3:TPX>
<bikeapp:Resistance01>12</bikeapp:Resistance01>
<bikeapp:BikeTotalDistanceM>22316.0</bikeapp:BikeTotalDistanceM>
</Extensions>
</Trackpoint>
<Trackpoint>
<Time>2026-05-29T21:20:34.414Z</Time>
<DistanceMeters>21885.3</DistanceMeters>
<HeartRateBpm><Value>135</Value></HeartRateBpm>
<Cadence>82</Cadence>
<Extensions>
<ns3:TPX>
<ns3:Speed>7.619</ns3:Speed>
<ns3:Watts>182</ns3:Watts>
</ns3:TPX>
<bikeapp:Resistance01>12</bikeapp:Resistance01>
<bikeapp:BikeTotalDistanceM>22333.0</bikeapp:BikeTotalDistanceM>
</Extensions>
</Trackpoint>
<Trackpoint>
<Time>2026-05-29T21:20:35.916Z</Time>
<DistanceMeters>21896.7</DistanceMeters>
<HeartRateBpm><Value>135</Value></HeartRateBpm>
<Cadence>84</Cadence>
<Extensions>
<ns3:TPX>
<ns3:Speed>7.619</ns3:Speed>
<ns3:Watts>191</ns3:Watts>
</ns3:TPX>
<bikeapp:Resistance01>12</bikeapp:Resistance01>
<bikeapp:BikeTotalDistanceM>22342.0</bikeapp:BikeTotalDistanceM>
</Extensions>
</Trackpoint>
<Trackpoint>
<Time>2026-05-29T21:20:37.414Z</Time>
<DistanceMeters>21908.2</DistanceMeters>
<HeartRateBpm><Value>135</Value></HeartRateBpm>
<Cadence>84</Cadence>
<Extensions>
<ns3:TPX>
<ns3:Speed>7.661</ns3:Speed>
<ns3:Watts>191</ns3:Watts>
</ns3:TPX>
<bikeapp:Resistance01>12</bikeapp:Resistance01>
<bikeapp:BikeTotalDistanceM>22359.0</bikeapp:BikeTotalDistanceM>
</Extensions>
</Trackpoint>
<Trackpoint>
<Time>2026-05-29T21:20:38.414Z</Time>
<DistanceMeters>21915.9</DistanceMeters>
<HeartRateBpm><Value>136</Value></HeartRateBpm>
<Cadence>85</Cadence>
<Extensions>
<ns3:TPX>
<ns3:Speed>7.676</ns3:Speed>
<ns3:Watts>196</ns3:Watts>
</ns3:TPX>
<bikeapp:Resistance01>12</bikeapp:Resistance01>
<bikeapp:BikeTotalDistanceM>22368.0</bikeapp:BikeTotalDistanceM>
</Extensions>
</Trackpoint>
<Trackpoint>
<Time>2026-05-29T21:20:39.901Z</Time>
<DistanceMeters>21927.3</DistanceMeters>
<HeartRateBpm><Value>136</Value></HeartRateBpm>
<Cadence>83</Cadence>
<Extensions>
<ns3:TPX>
<ns3:Speed>7.651</ns3:Speed>
<ns3:Watts>187</ns3:Watts>
</ns3:TPX>
<bikeapp:Resistance01>12</bikeapp:Resistance01>
<bikeapp:BikeTotalDistanceM>22376.0</bikeapp:BikeTotalDistanceM>
</Extensions>
</Trackpoint>
<Trackpoint>
<Time>2026-05-29T21:20:40.913Z</Time>
<DistanceMeters>21935.0</DistanceMeters>
<HeartRateBpm><Value>135</Value></HeartRateBpm>
<Cadence>83</Cadence>
<Extensions>
<ns3:TPX>
<ns3:Speed>7.628</ns3:Speed>
<ns3:Watts>187</ns3:Watts>
</ns3:TPX>
<bikeapp:Resistance01>12</bikeapp:Resistance01>
<bikeapp:BikeTotalDistanceM>22385.0</bikeapp:BikeTotalDistanceM>
</Extensions>
</Trackpoint>
<Trackpoint>
<Time>2026-05-29T21:20:41.913Z</Time>
<DistanceMeters>21942.6</DistanceMeters>
<HeartRateBpm><Value>135</Value></HeartRateBpm>
<Cadence>82</Cadence>
<Extensions>
<ns3:TPX>
<ns3:Speed>7.583</ns3:Speed>
<ns3:Watts>182</ns3:Watts>
</ns3:TPX>
<bikeapp:Resistance01>12</bikeapp:Resistance01>
<bikeapp:BikeTotalDistanceM>22393.0</bikeapp:BikeTotalDistanceM>
</Extensions>
</Trackpoint>
<Trackpoint>
<Time>2026-05-29T21:20:43.414Z</Time>
<DistanceMeters>21953.9</DistanceMeters>
<HeartRateBpm><Value>135</Value></HeartRateBpm>
<Cadence>81</Cadence>
<Extensions>
<ns3:TPX>
<ns3:Speed>7.531</ns3:Speed>
<ns3:Watts>178</ns3:Watts>
</ns3:TPX>
<bikeapp:Resistance01>12</bikeapp:Resistance01>
<bikeapp:BikeTotalDistanceM>22410.0</bikeapp:BikeTotalDistanceM>
</Extensions>
</Trackpoint>
<Trackpoint>
<Time>2026-05-29T21:20:44.914Z</Time>
<DistanceMeters>21965.2</DistanceMeters>
<HeartRateBpm><Value>135</Value></HeartRateBpm>
<Cadence>84</Cadence>
<Extensions>
<ns3:TPX>
<ns3:Speed>7.568</ns3:Speed>
<ns3:Watts>191</ns3:Watts>
</ns3:TPX>
<bikeapp:Resistance01>12</bikeapp:Resistance01>
<bikeapp:BikeTotalDistanceM>22419.0</bikeapp:BikeTotalDistanceM>
</Extensions>
</Trackpoint>
<Trackpoint>
<Time>2026-05-29T21:20:46.413Z</Time>
<DistanceMeters>21976.7</DistanceMeters>
<HeartRateBpm><Value>132</Value></HeartRateBpm>
<Cadence>84</Cadence>
<Extensions>
<ns3:TPX>
<ns3:Speed>7.636</ns3:Speed>
<ns3:Watts>191</ns3:Watts>
</ns3:TPX>
<bikeapp:Resistance01>12</bikeapp:Resistance01>
<bikeapp:BikeTotalDistanceM>22437.0</bikeapp:BikeTotalDistanceM>
</Extensions>
</Trackpoint>
<Trackpoint>
<Time>2026-05-29T21:20:47.926Z</Time>
<DistanceMeters>21988.2</DistanceMeters>
<HeartRateBpm><Value>132</Value></HeartRateBpm>
<Cadence>83</Cadence>
<Extensions>
<ns3:TPX>
<ns3:Speed>7.621</ns3:Speed>
<ns3:Watts>187</ns3:Watts>
</ns3:TPX>
<bikeapp:Resistance01>12</bikeapp:Resistance01>
<bikeapp:BikeTotalDistanceM>22445.0</bikeapp:BikeTotalDistanceM>
</Extensions>
</Trackpoint>
<Trackpoint>
<Time>2026-05-29T21:20:49.417Z</Time>
<DistanceMeters>21999.5</DistanceMeters>
<HeartRateBpm><Value>133</Value></HeartRateBpm>
<Cadence>84</Cadence>
<Extensions>
<ns3:TPX>
<ns3:Speed>7.596</ns3:Speed>
<ns3:Watts>191</ns3:Watts>
</ns3:TPX>
<bikeapp:Resistance01>12</bikeapp:Resistance01>
<bikeapp:BikeTotalDistanceM>22462.0</bikeapp:BikeTotalDistanceM>
</Extensions>
</Trackpoint>
<Trackpoint>
<Time>2026-05-29T21:20:50.915Z</Time>
<DistanceMeters>22011.0</DistanceMeters>
<HeartRateBpm><Value>134</Value></HeartRateBpm>
<Cadence>84</Cadence>
<Extensions>
<ns3:TPX>
<ns3:Speed>7.627</ns3:Speed>
<ns3:Watts>191</ns3:Watts>
</ns3:TPX>
<bikeapp:Resistance01>12</bikeapp:Resistance01>
<bikeapp:BikeTotalDistanceM>22471.0</bikeapp:BikeTotalDistanceM>
</Extensions>
</Trackpoint>
<Trackpoint>
<Time>2026-05-29T21:20:52.414Z</Time>
<DistanceMeters>22022.4</DistanceMeters>
<HeartRateBpm><Value>135</Value></HeartRateBpm>
<Cadence>85</Cadence>
<Extensions>
<ns3:TPX>
<ns3:Speed>7.682</ns3:Speed>
<ns3:Watts>196</ns3:Watts>
</ns3:TPX>
<bikeapp:Resistance01>12</bikeapp:Resistance01>
<bikeapp:BikeTotalDistanceM>22489.0</bikeapp:BikeTotalDistanceM>
</Extensions>
</Trackpoint>
<Trackpoint>
<Time>2026-05-29T21:20:53.914Z</Time>
<DistanceMeters>22034.0</DistanceMeters>
<HeartRateBpm><Value>137</Value></HeartRateBpm>
<Cadence>85</Cadence>
<Extensions>
<ns3:TPX>
<ns3:Speed>7.709</ns3:Speed>
<ns3:Watts>196</ns3:Watts>
</ns3:TPX>
<bikeapp:Resistance01>12</bikeapp:Resistance01>
<bikeapp:BikeTotalDistanceM>22497.0</bikeapp:BikeTotalDistanceM>
</Extensions>
</Trackpoint>
<Trackpoint>
<Time>2026-05-29T21:20:55.415Z</Time>
<DistanceMeters>22045.6</DistanceMeters>
<HeartRateBpm><Value>138</Value></HeartRateBpm>
<Cadence>86</Cadence>
<Extensions>
<ns3:TPX>
<ns3:Speed>7.753</ns3:Speed>
<ns3:Watts>200</ns3:Watts>
</ns3:TPX>
<bikeapp:Resistance01>12</bikeapp:Resistance01>
<bikeapp:BikeTotalDistanceM>22515.0</bikeapp:BikeTotalDistanceM>
</Extensions>
</Trackpoint>
<Trackpoint>
<Time>2026-05-29T21:20:56.914Z</Time>
<DistanceMeters>22057.3</DistanceMeters>
<HeartRateBpm><Value>138</Value></HeartRateBpm>
<Cadence>88</Cadence>
<Extensions>
<ns3:TPX>
<ns3:Speed>7.827</ns3:Speed>
<ns3:Watts>209</ns3:Watts>
</ns3:TPX>
<bikeapp:Resistance01>12</bikeapp:Resistance01>
<bikeapp:BikeTotalDistanceM>22524.0</bikeapp:BikeTotalDistanceM>
</Extensions>
</Trackpoint>
<Trackpoint>
<Time>2026-05-29T21:20:58.414Z</Time>
<DistanceMeters>22069.0</DistanceMeters>
<HeartRateBpm><Value>137</Value></HeartRateBpm>
<Cadence>82</Cadence>
<Extensions>
<ns3:TPX>
<ns3:Speed>7.728</ns3:Speed>
<ns3:Watts>182</ns3:Watts>
</ns3:TPX>
<bikeapp:Resistance01>12</bikeapp:Resistance01>
<bikeapp:BikeTotalDistanceM>22542.0</bikeapp:BikeTotalDistanceM>
</Extensions>
</Trackpoint>
<Trackpoint>
<Time>2026-05-29T21:20:59.913Z</Time>
<DistanceMeters>22080.5</DistanceMeters>
<HeartRateBpm><Value>136</Value></HeartRateBpm>
<Cadence>85</Cadence>
<Extensions>
<ns3:TPX>
<ns3:Speed>7.701</ns3:Speed>
<ns3:Watts>196</ns3:Watts>
</ns3:TPX>
<bikeapp:Resistance01>12</bikeapp:Resistance01>
<bikeapp:BikeTotalDistanceM>22551.0</bikeapp:BikeTotalDistanceM>
</Extensions>
</Trackpoint>
<Trackpoint>
<Time>2026-05-29T21:21:01.413Z</Time>
<DistanceMeters>22092.1</DistanceMeters>
<HeartRateBpm><Value>135</Value></HeartRateBpm>
<Cadence>85</Cadence>
<Extensions>
<ns3:TPX>
<ns3:Speed>7.736</ns3:Speed>
<ns3:Watts>196</ns3:Watts>
</ns3:TPX>
<bikeapp:Resistance01>12</bikeapp:Resistance01>
<bikeapp:BikeTotalDistanceM>22568.0</bikeapp:BikeTotalDistanceM>
</Extensions>
</Trackpoint>
<Trackpoint>
<Time>2026-05-29T21:21:02.913Z</Time>
<DistanceMeters>22103.7</DistanceMeters>
<HeartRateBpm><Value>135</Value></HeartRateBpm>
<Cadence>85</Cadence>
<Extensions>
<ns3:TPX>
<ns3:Speed>7.734</ns3:Speed>
<ns3:Watts>196</ns3:Watts>
</ns3:TPX>
<bikeapp:Resistance01>12</bikeapp:Resistance01>
<bikeapp:BikeTotalDistanceM>22577.0</bikeapp:BikeTotalDistanceM>
</Extensions>
</Trackpoint>
<Trackpoint>
<Time>2026-05-29T21:21:04.416Z</Time>
<DistanceMeters>22115.2</DistanceMeters>
<HeartRateBpm><Value>135</Value></HeartRateBpm>
<Cadence>82</Cadence>
<Extensions>
<ns3:TPX>
<ns3:Speed>7.642</ns3:Speed>
<ns3:Watts>182</ns3:Watts>
</ns3:TPX>
<bikeapp:Resistance01>12</bikeapp:Resistance01>
<bikeapp:BikeTotalDistanceM>22594.0</bikeapp:BikeTotalDistanceM>
</Extensions>
</Trackpoint>
<Trackpoint>
<Time>2026-05-29T21:21:05.914Z</Time>
<DistanceMeters>22126.6</DistanceMeters>
<HeartRateBpm><Value>136</Value></HeartRateBpm>
<Cadence>82</Cadence>
<Extensions>
<ns3:TPX>
<ns3:Speed>7.574</ns3:Speed>
<ns3:Watts>182</ns3:Watts>
</ns3:TPX>
<bikeapp:Resistance01>12</bikeapp:Resistance01>
<bikeapp:BikeTotalDistanceM>22603.0</bikeapp:BikeTotalDistanceM>
</Extensions>
</Trackpoint>
<Trackpoint>
<Time>2026-05-29T21:21:07.414Z</Time>
<DistanceMeters>22138.0</DistanceMeters>
<HeartRateBpm><Value>136</Value></HeartRateBpm>
<Cadence>83</Cadence>
<Extensions>
<ns3:TPX>
<ns3:Speed>7.602</ns3:Speed>
<ns3:Watts>187</ns3:Watts>
</ns3:TPX>
<bikeapp:Resistance01>12</bikeapp:Resistance01>
<bikeapp:BikeTotalDistanceM>22620.0</bikeapp:BikeTotalDistanceM>
</Extensions>
</Trackpoint>
<Trackpoint>
<Time>2026-05-29T21:21:08.928Z</Time>
<DistanceMeters>22149.5</DistanceMeters>
<HeartRateBpm><Value>136</Value></HeartRateBpm>
<Cadence>82</Cadence>
<Extensions>
<ns3:TPX>
<ns3:Speed>7.565</ns3:Speed>
<ns3:Watts>182</ns3:Watts>
</ns3:TPX>
<bikeapp:Resistance01>12</bikeapp:Resistance01>
<bikeapp:BikeTotalDistanceM>22628.0</bikeapp:BikeTotalDistanceM>
</Extensions>
</Trackpoint>
<Trackpoint>
<Time>2026-05-29T21:21:10.414Z</Time>
<DistanceMeters>22160.7</DistanceMeters>
<HeartRateBpm><Value>134</Value></HeartRateBpm>
<Cadence>83</Cadence>
<Extensions>
<ns3:TPX>
<ns3:Speed>7.579</ns3:Speed>
<ns3:Watts>187</ns3:Watts>
</ns3:TPX>
<bikeapp:Resistance01>12</bikeapp:Resistance01>
<bikeapp:BikeTotalDistanceM>22646.0</bikeapp:BikeTotalDistanceM>
</Extensions>
</Trackpoint>
<Trackpoint>
<Time>2026-05-29T21:21:11.914Z</Time>
<DistanceMeters>22172.2</DistanceMeters>
<HeartRateBpm><Value>133</Value></HeartRateBpm>
<Cadence>85</Cadence>
<Extensions>
<ns3:TPX>
<ns3:Speed>7.640</ns3:Speed>
<ns3:Watts>196</ns3:Watts>
</ns3:TPX>
<bikeapp:Resistance01>12</bikeapp:Resistance01>
<bikeapp:BikeTotalDistanceM>22654.0</bikeapp:BikeTotalDistanceM>
</Extensions>
</Trackpoint>
<Trackpoint>
<Time>2026-05-29T21:21:13.414Z</Time>
<DistanceMeters>22183.6</DistanceMeters>
<HeartRateBpm><Value>132</Value></HeartRateBpm>
<Cadence>86</Cadence>
<Extensions>
<ns3:TPX>
<ns3:Speed>7.678</ns3:Speed>
<ns3:Watts>200</ns3:Watts>
</ns3:TPX>
<bikeapp:Resistance01>12</bikeapp:Resistance01>
<bikeapp:BikeTotalDistanceM>22672.0</bikeapp:BikeTotalDistanceM>
</Extensions>
</Trackpoint>
<Trackpoint>
<Time>2026-05-29T21:21:14.913Z</Time>
<DistanceMeters>22195.2</DistanceMeters>
<HeartRateBpm><Value>132</Value></HeartRateBpm>
<Cadence>87</Cadence>
<Extensions>
<ns3:TPX>
<ns3:Speed>7.762</ns3:Speed>
<ns3:Watts>204</ns3:Watts>
</ns3:TPX>
<bikeapp:Resistance01>12</bikeapp:Resistance01>
<bikeapp:BikeTotalDistanceM>22681.0</bikeapp:BikeTotalDistanceM>
</Extensions>
</Trackpoint>
<Trackpoint>
<Time>2026-05-29T21:21:16.414Z</Time>
<DistanceMeters>22206.9</DistanceMeters>
<HeartRateBpm><Value>133</Value></HeartRateBpm>
<Cadence>85</Cadence>
<Extensions>
<ns3:TPX>
<ns3:Speed>7.765</ns3:Speed>
<ns3:Watts>196</ns3:Watts>
</ns3:TPX>
<bikeapp:Resistance01>12</bikeapp:Resistance01>
<bikeapp:BikeTotalDistanceM>22699.0</bikeapp:BikeTotalDistanceM>
</Extensions>
</Trackpoint>
<Trackpoint>
<Time>2026-05-29T21:21:17.914Z</Time>
<DistanceMeters>22218.5</DistanceMeters>
<HeartRateBpm><Value>133</Value></HeartRateBpm>
<Cadence>84</Cadence>
<Extensions>
<ns3:TPX>
<ns3:Speed>7.719</ns3:Speed>
<ns3:Watts>191</ns3:Watts>
</ns3:TPX>
<bikeapp:Resistance01>12</bikeapp:Resistance01>
<bikeapp:BikeTotalDistanceM>22707.0</bikeapp:BikeTotalDistanceM>
</Extensions>
</Trackpoint>
<Trackpoint>
<Time>2026-05-29T21:21:19.414Z</Time>
<DistanceMeters>22230.0</DistanceMeters>
<HeartRateBpm><Value>134</Value></HeartRateBpm>
<Cadence>85</Cadence>
<Extensions>
<ns3:TPX>
<ns3:Speed>7.660</ns3:Speed>
<ns3:Watts>196</ns3:Watts>
</ns3:TPX>
<bikeapp:Resistance01>12</bikeapp:Resistance01>
<bikeapp:BikeTotalDistanceM>22725.0</bikeapp:BikeTotalDistanceM>
</Extensions>
</Trackpoint>
<Trackpoint>
<Time>2026-05-29T21:21:20.916Z</Time>
<DistanceMeters>22241.5</DistanceMeters>
<HeartRateBpm><Value>134</Value></HeartRateBpm>
<Cadence>85</Cadence>
<Extensions>
<ns3:TPX>
<ns3:Speed>7.698</ns3:Speed>
<ns3:Watts>196</ns3:Watts>
</ns3:TPX>
<bikeapp:Resistance01>12</bikeapp:Resistance01>
<bikeapp:BikeTotalDistanceM>22734.0</bikeapp:BikeTotalDistanceM>
</Extensions>
</Trackpoint>
<Trackpoint>
<Time>2026-05-29T21:21:22.415Z</Time>
<DistanceMeters>22253.0</DistanceMeters>
<HeartRateBpm><Value>134</Value></HeartRateBpm>
<Cadence>82</Cadence>
<Extensions>
<ns3:TPX>
<ns3:Speed>7.625</ns3:Speed>
<ns3:Watts>182</ns3:Watts>
</ns3:TPX>
<bikeapp:Resistance01>12</bikeapp:Resistance01>
<bikeapp:BikeTotalDistanceM>22751.0</bikeapp:BikeTotalDistanceM>
</Extensions>
</Trackpoint>
<Trackpoint>
<Time>2026-05-29T21:21:23.915Z</Time>
<DistanceMeters>22264.4</DistanceMeters>
<HeartRateBpm><Value>135</Value></HeartRateBpm>
<Cadence>83</Cadence>
<Extensions>
<ns3:TPX>
<ns3:Speed>7.597</ns3:Speed>
<ns3:Watts>187</ns3:Watts>
</ns3:TPX>
<bikeapp:Resistance01>12</bikeapp:Resistance01>
<bikeapp:BikeTotalDistanceM>22759.0</bikeapp:BikeTotalDistanceM>
</Extensions>
</Trackpoint>
<Trackpoint>
<Time>2026-05-29T21:21:25.414Z</Time>
<DistanceMeters>22275.7</DistanceMeters>
<HeartRateBpm><Value>135</Value></HeartRateBpm>
<Cadence>78</Cadence>
<Extensions>
<ns3:TPX>
<ns3:Speed>7.457</ns3:Speed>
<ns3:Watts>167</ns3:Watts>
</ns3:TPX>
<bikeapp:Resistance01>12</bikeapp:Resistance01>
<bikeapp:BikeTotalDistanceM>22776.0</bikeapp:BikeTotalDistanceM>
</Extensions>
</Trackpoint>
<Trackpoint>
<Time>2026-05-29T21:21:26.914Z</Time>
<DistanceMeters>22286.7</DistanceMeters>
<HeartRateBpm><Value>136</Value></HeartRateBpm>
<Cadence>78</Cadence>
<Extensions>
<ns3:TPX>
<ns3:Speed>7.354</ns3:Speed>
<ns3:Watts>167</ns3:Watts>
</ns3:TPX>
<bikeapp:Resistance01>11</bikeapp:Resistance01>
<bikeapp:BikeTotalDistanceM>22784.0</bikeapp:BikeTotalDistanceM>
</Extensions>
</Trackpoint>
<Trackpoint>
<Time>2026-05-29T21:21:28.402Z</Time>
<DistanceMeters>22297.5</DistanceMeters>
<HeartRateBpm><Value>136</Value></HeartRateBpm>
<Cadence>82</Cadence>
<Extensions>
<ns3:TPX>
<ns3:Speed>7.208</ns3:Speed>
<ns3:Watts>157</ns3:Watts>
</ns3:TPX>
<bikeapp:Resistance01>10</bikeapp:Resistance01>
<bikeapp:BikeTotalDistanceM>22800.0</bikeapp:BikeTotalDistanceM>
</Extensions>
</Trackpoint>
<Trackpoint>
<Time>2026-05-29T21:21:29.915Z</Time>
<DistanceMeters>22308.4</DistanceMeters>
<HeartRateBpm><Value>136</Value></HeartRateBpm>
<Cadence>85</Cadence>
<Extensions>
<ns3:TPX>
<ns3:Speed>7.211</ns3:Speed>
<ns3:Watts>167</ns3:Watts>
</ns3:TPX>
<bikeapp:Resistance01>10</bikeapp:Resistance01>
<bikeapp:BikeTotalDistanceM>22809.0</bikeapp:BikeTotalDistanceM>
</Extensions>
</Trackpoint>
<Trackpoint>
<Time>2026-05-29T21:21:31.414Z</Time>
<DistanceMeters>22319.0</DistanceMeters>
<HeartRateBpm><Value>133</Value></HeartRateBpm>
<Cadence>81</Cadence>
<Extensions>
<ns3:TPX>
<ns3:Speed>7.008</ns3:Speed>
<ns3:Watts>143</ns3:Watts>
</ns3:TPX>
<bikeapp:Resistance01>9</bikeapp:Resistance01>
<bikeapp:BikeTotalDistanceM>22826.0</bikeapp:BikeTotalDistanceM>
</Extensions>
</Trackpoint>
<Trackpoint>
<Time>2026-05-29T21:21:32.914Z</Time>
<DistanceMeters>22329.4</DistanceMeters>
<HeartRateBpm><Value>132</Value></HeartRateBpm>
<Cadence>82</Cadence>
<Extensions>
<ns3:TPX>
<ns3:Speed>6.933</ns3:Speed>
<ns3:Watts>146</ns3:Watts>
</ns3:TPX>
<bikeapp:Resistance01>9</bikeapp:Resistance01>
<bikeapp:BikeTotalDistanceM>22834.0</bikeapp:BikeTotalDistanceM>
</Extensions>
</Trackpoint>
<Trackpoint>
<Time>2026-05-29T21:21:33.914Z</Time>
<DistanceMeters>22336.3</DistanceMeters>
<HeartRateBpm><Value>132</Value></HeartRateBpm>
<Cadence>82</Cadence>
<Extensions>
<ns3:TPX>
<ns3:Speed>6.912</ns3:Speed>
<ns3:Watts>146</ns3:Watts>
</ns3:TPX>
<bikeapp:Resistance01>9</bikeapp:Resistance01>
<bikeapp:BikeTotalDistanceM>22843.0</bikeapp:BikeTotalDistanceM>
</Extensions>
</Trackpoint>
<Trackpoint>
<Time>2026-05-29T21:21:34.914Z</Time>
<DistanceMeters>22343.3</DistanceMeters>
<HeartRateBpm><Value>131</Value></HeartRateBpm>
<Cadence>83</Cadence>
<Extensions>
<ns3:TPX>
<ns3:Speed>6.928</ns3:Speed>
<ns3:Watts>150</ns3:Watts>
</ns3:TPX>
<bikeapp:Resistance01>9</bikeapp:Resistance01>
<bikeapp:BikeTotalDistanceM>22851.0</bikeapp:BikeTotalDistanceM>
</Extensions>
</Trackpoint>
<Trackpoint>
<Time>2026-05-29T21:21:36.414Z</Time>
<DistanceMeters>22353.5</DistanceMeters>
<HeartRateBpm><Value>132</Value></HeartRateBpm>
<Cadence>79</Cadence>
<Extensions>
<ns3:TPX>
<ns3:Speed>6.775</ns3:Speed>
<ns3:Watts>125</ns3:Watts>
</ns3:TPX>
<bikeapp:Resistance01>8</bikeapp:Resistance01>
<bikeapp:BikeTotalDistanceM>22868.0</bikeapp:BikeTotalDistanceM>
</Extensions>
</Trackpoint>
<Trackpoint>
<Time>2026-05-29T21:21:37.414Z</Time>
<DistanceMeters>22360.2</DistanceMeters>
<HeartRateBpm><Value>132</Value></HeartRateBpm>
<Cadence>80</Cadence>
<Extensions>
<ns3:TPX>
<ns3:Speed>6.665</ns3:Speed>
<ns3:Watts>128</ns3:Watts>
</ns3:TPX>
<bikeapp:Resistance01>8</bikeapp:Resistance01>
<bikeapp:BikeTotalDistanceM>22876.0</bikeapp:BikeTotalDistanceM>
</Extensions>
</Trackpoint>
<Trackpoint>
<Time>2026-05-29T21:21:38.415Z</Time>
<DistanceMeters>22366.8</DistanceMeters>
<HeartRateBpm><Value>133</Value></HeartRateBpm>
<Cadence>80</Cadence>
<Extensions>
<ns3:TPX>
<ns3:Speed>6.609</ns3:Speed>
<ns3:Watts>128</ns3:Watts>
</ns3:TPX>
<bikeapp:Resistance01>8</bikeapp:Resistance01>
<bikeapp:BikeTotalDistanceM>22884.0</bikeapp:BikeTotalDistanceM>
</Extensions>
</Trackpoint>
<Trackpoint>
<Time>2026-05-29T21:21:39.914Z</Time>
<DistanceMeters>22376.7</DistanceMeters>
<HeartRateBpm><Value>133</Value></HeartRateBpm>
<Cadence>79</Cadence>
<Extensions>
<ns3:TPX>
<ns3:Speed>6.537</ns3:Speed>
<ns3:Watts>125</ns3:Watts>
</ns3:TPX>
<bikeapp:Resistance01>8</bikeapp:Resistance01>
<bikeapp:BikeTotalDistanceM>22893.0</bikeapp:BikeTotalDistanceM>
</Extensions>
</Trackpoint>
<Trackpoint>
<Time>2026-05-29T21:21:40.914Z</Time>
<DistanceMeters>22383.2</DistanceMeters>
<HeartRateBpm><Value>132</Value></HeartRateBpm>
<Cadence>80</Cadence>
<Extensions>
<ns3:TPX>
<ns3:Speed>6.530</ns3:Speed>
<ns3:Watts>128</ns3:Watts>
</ns3:TPX>
<bikeapp:Resistance01>8</bikeapp:Resistance01>
<bikeapp:BikeTotalDistanceM>22901.0</bikeapp:BikeTotalDistanceM>
</Extensions>
</Trackpoint>
<Trackpoint>
<Time>2026-05-29T21:21:41.932Z</Time>
<DistanceMeters>22389.8</DistanceMeters>
<HeartRateBpm><Value>131</Value></HeartRateBpm>
<Cadence>78</Cadence>
<Extensions>
<ns3:TPX>
<ns3:Speed>6.475</ns3:Speed>
<ns3:Watts>122</ns3:Watts>
</ns3:TPX>
<bikeapp:Resistance01>8</bikeapp:Resistance01>
<bikeapp:BikeTotalDistanceM>22909.0</bikeapp:BikeTotalDistanceM>
</Extensions>
</Trackpoint>
<Trackpoint>
<Time>2026-05-29T21:21:43.427Z</Time>
<DistanceMeters>22399.4</DistanceMeters>
<HeartRateBpm><Value>128</Value></HeartRateBpm>
<Cadence>79</Cadence>
<Extensions>
<ns3:TPX>
<ns3:Speed>6.446</ns3:Speed>
<ns3:Watts>125</ns3:Watts>
</ns3:TPX>
<bikeapp:Resistance01>8</bikeapp:Resistance01>
<bikeapp:BikeTotalDistanceM>22925.0</bikeapp:BikeTotalDistanceM>
</Extensions>
</Trackpoint>
<Trackpoint>
<Time>2026-05-29T21:21:44.940Z</Time>
<DistanceMeters>22409.2</DistanceMeters>
<HeartRateBpm><Value>127</Value></HeartRateBpm>
<Cadence>77</Cadence>
<Extensions>
<ns3:TPX>
<ns3:Speed>6.408</ns3:Speed>
<ns3:Watts>120</ns3:Watts>
</ns3:TPX>
<bikeapp:Resistance01>8</bikeapp:Resistance01>
<bikeapp:BikeTotalDistanceM>22933.0</bikeapp:BikeTotalDistanceM>
</Extensions>
</Trackpoint>
<Trackpoint>
<Time>2026-05-29T21:21:46.415Z</Time>
<DistanceMeters>22418.6</DistanceMeters>
<HeartRateBpm><Value>127</Value></HeartRateBpm>
<Cadence>78</Cadence>
<Extensions>
<ns3:TPX>
<ns3:Speed>6.399</ns3:Speed>
<ns3:Watts>122</ns3:Watts>
</ns3:TPX>
<bikeapp:Resistance01>8</bikeapp:Resistance01>
<bikeapp:BikeTotalDistanceM>22949.0</bikeapp:BikeTotalDistanceM>
</Extensions>
</Trackpoint>
<Trackpoint>
<Time>2026-05-29T21:21:47.914Z</Time>
<DistanceMeters>22428.2</DistanceMeters>
<HeartRateBpm><Value>127</Value></HeartRateBpm>
<Cadence>78</Cadence>
<Extensions>
<ns3:TPX>
<ns3:Speed>6.395</ns3:Speed>
<ns3:Watts>122</ns3:Watts>
</ns3:TPX>
<bikeapp:Resistance01>8</bikeapp:Resistance01>
<bikeapp:BikeTotalDistanceM>22957.0</bikeapp:BikeTotalDistanceM>
</Extensions>
</Trackpoint>
<Trackpoint>
<Time>2026-05-29T21:21:48.914Z</Time>
<DistanceMeters>22434.6</DistanceMeters>
<HeartRateBpm><Value>127</Value></HeartRateBpm>
<Cadence>79</Cadence>
<Extensions>
<ns3:TPX>
<ns3:Speed>6.418</ns3:Speed>
<ns3:Watts>125</ns3:Watts>
</ns3:TPX>
<bikeapp:Resistance01>8</bikeapp:Resistance01>
<bikeapp:BikeTotalDistanceM>22966.0</bikeapp:BikeTotalDistanceM>
</Extensions>
</Trackpoint>
<Trackpoint>
<Time>2026-05-29T21:21:49.915Z</Time>
<DistanceMeters>22441.1</DistanceMeters>
<HeartRateBpm><Value>127</Value></HeartRateBpm>
<Cadence>82</Cadence>
<Extensions>
<ns3:TPX>
<ns3:Speed>6.505</ns3:Speed>
<ns3:Watts>134</ns3:Watts>
</ns3:TPX>
<bikeapp:Resistance01>8</bikeapp:Resistance01>
<bikeapp:BikeTotalDistanceM>22974.0</bikeapp:BikeTotalDistanceM>
</Extensions>
</Trackpoint>
<Trackpoint>
<Time>2026-05-29T21:21:51.415Z</Time>
<DistanceMeters>22450.8</DistanceMeters>
<HeartRateBpm><Value>127</Value></HeartRateBpm>
<Cadence>75</Cadence>
<Extensions>
<ns3:TPX>
<ns3:Speed>6.451</ns3:Speed>
<ns3:Watts>115</ns3:Watts>
</ns3:TPX>
<bikeapp:Resistance01>8</bikeapp:Resistance01>
<bikeapp:BikeTotalDistanceM>22990.0</bikeapp:BikeTotalDistanceM>
</Extensions>
</Trackpoint>
</Track>
</Lap>
</Activity>
</Activities>
</TrainingCenterDatabase>